Datetime,Open,High,Low,Close,Volume
2025-01-31 09:30:00-05:00,247.0399932861328,247.19000244140625,240.5500030517578,240.943603515625,27334395.0
2025-01-31 10:30:00-05:00,240.90499877929688,241.42930603027344,238.58999633789062,238.94900512695312,10162823.0
2025-01-31 11:30:00-05:00,238.97000122070312,240.0500030517578,238.74000549316406,239.74000549316406,6222938.0
2025-01-31 12:30:00-05:00,239.75,239.80099487304688,236.22000122070312,236.4250030517578,7822078.0
2025-01-31 13:30:00-05:00,236.42999267578125,236.86000061035156,234.47000122070312,235.13499450683594,7380314.0
2025-01-31 14:30:00-05:00,235.15499877929688,235.2799072265625,233.44000244140625,234.2899932861328,7945570.0
2025-01-31 15:30:00-05:00,234.30999755859375,236.5,233.74000549316406,235.86000061035156,8379858.0
2025-02-03 09:30:00-05:00,229.44000244140625,231.8300018310547,226.63499450683594,229.25999450683594,21198249.0
2025-02-03 10:30:00-05:00,229.25999450683594,229.8199005126953,226.0800018310547,226.4199981689453,10347971.0
2025-02-03 11:30:00-05:00,226.41000366210938,227.1300048828125,225.7100067138672,226.36990356445312,7067637.0
2025-02-03 12:30:00-05:00,226.36000061035156,227.07000732421875,225.9499969482422,226.89999389648438,4952072.0
2025-02-03 13:30:00-05:00,226.91000366210938,228.8477020263672,226.88999938964844,228.47000122070312,5283668.0
2025-02-03 14:30:00-05:00,228.47999572753906,229.2100067138672,228.32000732421875,228.5500946044922,4499030.0
2025-02-03 15:30:00-05:00,228.57000732421875,228.9698944091797,227.6300048828125,227.97999572753906,5648751.0
2025-02-04 09:30:00-05:00,227.1999969482422,230.41180419921875,226.64999389648438,230.3699951171875,11635605.0
2025-02-04 10:30:00-05:00,230.3800048828125,231.54879760742188,230.13499450683594,231.0500030517578,5363016.0
2025-02-04 11:30:00-05:00,231.05999755859375,232.7899932861328,231.0500030517578,231.77999877929688,5207796.0
2025-02-04 12:30:00-05:00,231.7899932861328,232.3800048828125,231.38999938964844,232.22000122070312,3095970.0
2025-02-04 13:30:00-05:00,232.22569274902344,232.36000061035156,231.3800048828125,232.13999938964844,2286596.0
2025-02-04 14:30:00-05:00,232.13999938964844,232.9499969482422,232.13499450683594,232.3090057373047,3344618.0
2025-02-04 15:30:00-05:00,232.2899932861328,233.1300048828125,232.02999877929688,232.7899932861328,3490884.0
2025-02-05 09:30:00-05:00,228.49000549316406,230.6197052001953,228.3000030517578,229.5,9950114.0
2025-02-05 10:30:00-05:00,229.50999450683594,230.19749450683594,228.8513946533203,230.08999633789062,3447904.0
2025-02-05 11:30:00-05:00,230.08999633789062,231.27999877929688,229.99000549316406,230.69000244140625,2916112.0
2025-02-05 12:30:00-05:00,230.67999267578125,230.75,229.6300048828125,229.91000366210938,2376195.0
2025-02-05 13:30:00-05:00,229.89999389648438,231.52999877929688,229.7100067138672,230.64869689941406,3043271.0
2025-02-05 14:30:00-05:00,230.63999938964844,231.8699951171875,230.5,231.7949981689453,2871834.0
2025-02-05 15:30:00-05:00,231.77999877929688,232.6699981689453,231.110107421875,232.4600067138672,3443025.0
2025-02-06 09:30:00-05:00,231.33999633789062,233.8000030517578,230.779296875,231.5399932861328,6919081.0
2025-02-06 10:30:00-05:00,231.5850067138672,232.3256072998047,230.4250030517578,231.51499938964844,3599406.0
2025-02-06 11:30:00-05:00,231.50999450683594,231.63499450683594,230.89999389648438,231.3300018310547,2213517.0
2025-02-06 12:30:00-05:00,231.34500122070312,232.33999633789062,231.02999877929688,232.19000244140625,2393555.0
2025-02-06 13:30:00-05:00,232.19000244140625,233.11000061035156,232.0800018310547,232.8699951171875,1818718.0
2025-02-06 14:30:00-05:00,232.88999938964844,232.88999938964844,231.89500427246094,232.27999877929688,2205672.0
2025-02-06 15:30:00-05:00,232.2899932861328,233.27999877929688,231.92999267578125,233.22000122070312,3111368.0
2025-02-07 09:30:00-05:00,232.51499938964844,234.0,229.8800048828125,230.38999938964844,7814805.0
2025-02-07 10:30:00-05:00,230.33999633789062,231.26800537109375,228.89999389648438,229.05499267578125,5664232.0
2025-02-07 11:30:00-05:00,229.0850067138672,229.4199981689453,228.19500732421875,228.40060424804688,3763438.0
2025-02-07 12:30:00-05:00,228.38999938964844,229.44000244140625,228.36329650878906,229.2989044189453,3721234.0
2025-02-07 13:30:00-05:00,229.2899932861328,229.5,227.8300018310547,227.8800048828125,2602577.0
2025-02-07 14:30:00-05:00,227.88999938964844,228.5800018310547,227.7899932861328,228.0,2965606.0
2025-02-07 15:30:00-05:00,227.99000549316406,228.14999389648438,227.25999450683594,227.7100067138672,5030649.0
2025-02-10 09:30:00-05:00,229.57000732421875,230.5850067138672,228.8000030517578,229.86619567871094,6362641.0
2025-02-10 10:30:00-05:00,229.88999938964844,229.91160583496094,228.75999450683594,229.36000061035156,3755966.0
2025-02-10 11:30:00-05:00,229.3708038330078,229.38499450683594,228.23919677734375,228.470703125,2474012.0
2025-02-10 12:30:00-05:00,228.47000122070312,228.8800048828125,228.3699951171875,228.47000122070312,2457578.0
2025-02-10 13:30:00-05:00,228.48500061035156,229.03500366210938,228.40499877929688,228.6999053955078,1724663.0
2025-02-10 14:30:00-05:00,228.6999969482422,228.83999633789062,227.60000610351562,227.69000244140625,2971076.0
2025-02-10 15:30:00-05:00,227.69500732421875,227.8800048828125,227.1999969482422,227.63999938964844,3507517.0
2025-02-11 09:30:00-05:00,228.1999969482422,233.49000549316406,228.1300048828125,233.33999633789062,16450165.0
2025-02-11 10:30:00-05:00,233.32000732421875,234.7178955078125,232.82009887695312,234.64999389648438,7044159.0
2025-02-11 11:30:00-05:00,234.66000366210938,235.22999572753906,233.72169494628906,234.57229614257812,5739199.0
2025-02-11 12:30:00-05:00,234.58999633789062,234.625,233.25,233.5449981689453,3044227.0
2025-02-11 13:30:00-05:00,233.59609985351562,234.1898956298828,233.1300048828125,233.3699951171875,2813907.0
2025-02-11 14:30:00-05:00,233.3621063232422,233.9250030517578,232.89999389648438,233.1107940673828,3713179.0
2025-02-11 15:30:00-05:00,233.11000061035156,233.3000030517578,232.1699981689453,232.77000427246094,4614482.0
2025-02-12 09:30:00-05:00,231.27499389648438,234.0500030517578,230.67999267578125,233.60499572753906,11363398.0
2025-02-12 10:30:00-05:00,233.58120727539062,235.13999938964844,233.5800018310547,235.07000732421875,5460408.0
2025-02-12 11:30:00-05:00,235.07000732421875,235.66000366210938,234.72999572753906,235.2899932861328,3522413.0
2025-02-12 12:30:00-05:00,235.27330017089844,235.88999938964844,234.86000061035156,235.47999572753906,2818998.0
2025-02-12 13:30:00-05:00,235.47320556640625,236.4199981689453,235.32000732421875,236.2100067138672,3035921.0
2025-02-12 14:30:00-05:00,236.2100067138672,236.66000366210938,236.07000732421875,236.46499633789062,3343068.0
2025-02-12 15:30:00-05:00,236.4600067138672,236.9600067138672,235.91000366210938,236.88999938964844,4493778.0
2025-02-13 09:30:00-05:00,236.97500610351562,239.0,235.57000732421875,237.8800048828125,9839880.0
2025-02-13 10:30:00-05:00,237.89599609375,241.42999267578125,237.72999572753906,240.47999572753906,8943032.0
2025-02-13 11:30:00-05:00,240.49029541015625,240.83999633789062,239.82000732421875,240.34500122070312,3794251.0
2025-02-13 12:30:00-05:00,240.3498992919922,241.35000610351562,240.19000244140625,241.02999877929688,3188980.0
2025-02-13 13:30:00-05:00,241.0399932861328,242.07000732421875,240.52999877929688,241.7698974609375,3761997.0
2025-02-13 14:30:00-05:00,241.75010681152344,242.33990478515625,241.25999450683594,241.5449981689453,3704786.0
2025-02-13 15:30:00-05:00,241.5449981689453,241.7689971923828,241.00999450683594,241.52000427246094,4257382.0
2025-02-14 09:30:00-05:00,241.07000732421875,245.0500030517578,241.0,244.3800048828125,11286651.0
2025-02-14 10:30:00-05:00,244.3800048828125,244.3800048828125,243.16000366210938,243.94500732421875,4923421.0
2025-02-14 11:30:00-05:00,243.94000244140625,244.52999877929688,243.69000244140625,243.81520080566406,4178251.0
2025-02-14 12:30:00-05:00,243.8249969482422,244.30999755859375,243.33999633789062,243.99989318847656,2425988.0
2025-02-14 13:30:00-05:00,243.97999572753906,244.5399932861328,243.94000244140625,244.14999389648438,1978801.0
2025-02-14 14:30:00-05:00,244.139892578125,244.3699951171875,243.91009521484375,244.10000610351562,2427820.0
2025-02-14 15:30:00-05:00,244.0800018310547,245.41000366210938,243.91000366210938,244.57000732421875,4882408.0
2025-02-18 09:30:00-05:00,243.91000366210938,245.17999267578125,242.860107421875,244.0904998779297,10825110.0
2025-02-18 10:30:00-05:00,244.0800018310547,244.9698944091797,243.94000244140625,244.72999572753906,3159856.0
2025-02-18 11:30:00-05:00,244.72000122070312,245.0500030517578,244.17999267578125,244.42999267578125,3072601.0
2025-02-18 12:30:00-05:00,244.4499969482422,244.5,243.25,243.43499755859375,2653024.0
2025-02-18 13:30:00-05:00,243.42999267578125,243.48330688476562,241.83999633789062,243.05499267578125,3303217.0
2025-02-18 14:30:00-05:00,243.05499267578125,243.8350067138672,242.97999572753906,243.52000427246094,2923310.0
2025-02-18 15:30:00-05:00,243.52999877929688,244.60000610351562,243.14999389648438,244.47000122070312,4972578.0
2025-02-19 09:30:00-05:00,244.61000061035156,246.00999450683594,243.7899932861328,243.9398956298828,7953912.0
2025-02-19 10:30:00-05:00,243.92999267578125,244.49000549316406,243.160400390625,244.3957061767578,3875842.0
2025-02-19 11:30:00-05:00,244.38999938964844,245.65139770507812,244.02999877929688,245.14999389648438,3328518.0
2025-02-19 12:30:00-05:00,245.13999938964844,245.27999877929688,244.22999572753906,244.7100067138672,1965036.0
2025-02-19 13:30:00-05:00,244.71499633789062,245.1898956298828,244.22000122070312,244.9001007080078,2025071.0
2025-02-19 14:30:00-05:00,244.89999389648438,245.1699981689453,244.45010375976562,244.8800048828125,2676277.0
2025-02-19 15:30:00-05:00,244.8800048828125,245.089599609375,244.53500366210938,244.8800048828125,2963614.0
2025-02-20 09:30:00-05:00,244.97000122070312,246.77999877929688,244.2899932861328,244.7449951171875,7059474.0
2025-02-20 10:30:00-05:00,244.74000549316406,246.6999969482422,244.58999633789062,246.13059997558594,4286584.0
2025-02-20 11:30:00-05:00,246.125,246.4600067138672,245.02999877929688,246.3800048828125,4072175.0
2025-02-20 12:30:00-05:00,246.3699951171875,246.41000366210938,245.16000366210938,245.44500732421875,2248069.0
2025-02-20 13:30:00-05:00,245.44000244140625,245.5800018310547,245.02000427246094,245.2550048828125,1791583.0
2025-02-20 14:30:00-05:00,245.25,245.75,244.85000610351562,245.6199951171875,2339026.0
2025-02-20 15:30:00-05:00,245.61000061035156,246.0,245.36000061035156,245.86000061035156,3152476.0
2025-02-21 09:30:00-05:00,245.96499633789062,246.94000244140625,245.22000122070312,245.7899932861328,8207297.0
2025-02-21 10:30:00-05:00,245.77499389648438,247.4499969482422,245.22000122070312,247.1300048828125,5440754.0
2025-02-21 11:30:00-05:00,247.14500427246094,247.64999389648438,246.64999389648438,247.3699951171875,4700950.0
2025-02-21 12:30:00-05:00,247.3800048828125,248.69000244140625,247.10000610351562,247.44119262695312,6864397.0
2025-02-21 13:30:00-05:00,247.44509887695312,248.0767059326172,246.42999267578125,246.49000549316406,4986285.0
2025-02-21 14:30:00-05:00,246.5050048828125,246.82000732421875,245.39010620117188,245.8000030517578,7827784.0
2025-02-21 15:30:00-05:00,245.81500244140625,246.08999633789062,245.3300018310547,245.58999633789062,5597978.0
2025-02-24 09:30:00-05:00,244.80799865722656,248.86000061035156,244.58999633789062,247.85000610351562,13193734.0
2025-02-24 10:30:00-05:00,247.85000610351562,247.9541015625,246.00999450683594,247.11019897460938,6815696.0
2025-02-24 11:30:00-05:00,247.1199951171875,248.32000732421875,247.1199951171875,247.7949981689453,3637316.0
2025-02-24 12:30:00-05:00,247.82000732421875,248.13999938964844,247.22000122070312,248.0500030517578,2550281.0
2025-02-24 13:30:00-05:00,248.0500030517578,248.8000030517578,247.6699981689453,248.66000366210938,4364229.0
2025-02-24 14:30:00-05:00,248.66000366210938,248.75,247.42999267578125,247.61000061035156,3655325.0
2025-02-24 15:30:00-05:00,247.59500122070312,247.7899932861328,246.82000732421875,247.22999572753906,4975763.0
2025-02-25 09:30:00-05:00,248.0,249.52000427246094,244.91000366210938,245.11000061035156,12543414.0
2025-02-25 10:30:00-05:00,245.1300048828125,246.8699951171875,244.91000366210938,246.52499389648438,4912736.0
2025-02-25 11:30:00-05:00,246.53500366210938,249.97999572753906,246.4300994873047,249.5800018310547,6711698.0
2025-02-25 12:30:00-05:00,249.5800018310547,249.6199951171875,247.72999572753906,247.97999572753906,3191684.0
2025-02-25 13:30:00-05:00,247.97000122070312,248.6199951171875,247.16000366210938,247.66810607910156,3236285.0
2025-02-25 14:30:00-05:00,247.63999938964844,248.58999633789062,247.5500030517578,247.72000122070312,3408426.0
2025-02-25 15:30:00-05:00,247.72500610351562,247.77000427246094,246.0449981689453,247.0500030517578,4291190.0
2025-02-26 09:30:00-05:00,244.3300018310547,244.97999572753906,241.4199981689453,243.47999572753906,11922325.0
2025-02-26 10:30:00-05:00,243.4949951171875,243.72000122070312,241.5800018310547,241.80999755859375,4844532.0
2025-02-26 11:30:00-05:00,241.8000030517578,243.88999938964844,241.75,243.1300048828125,3260739.0
2025-02-26 12:30:00-05:00,243.13999938964844,243.2899932861328,240.24000549316406,240.34030151367188,4011307.0
2025-02-26 13:30:00-05:00,240.33999633789062,240.38999938964844,239.1300048828125,239.82000732421875,4096351.0
2025-02-26 14:30:00-05:00,239.80999755859375,240.4499969482422,239.52999877929688,239.9499969482422,3160834.0
2025-02-26 15:30:00-05:00,239.9600067138672,240.7100067138672,239.68499755859375,240.30999755859375,4066395.0
2025-02-27 09:30:00-05:00,239.41000366210938,242.27999877929688,238.47000122070312,241.375,11860928.0
2025-02-27 10:30:00-05:00,241.36000061035156,242.4600067138672,240.63999938964844,241.52000427246094,3314596.0
2025-02-27 11:30:00-05:00,241.52000427246094,241.78480529785156,239.5850067138672,241.05799865722656,2483584.0
2025-02-27 12:30:00-05:00,241.12969970703125,242.17999267578125,240.36000061035156,241.89999389648438,2123940.0
2025-02-27 13:30:00-05:00,241.92999267578125,242.0500030517578,240.52000427246094,240.6300048828125,2376630.0
2025-02-27 14:30:00-05:00,240.64500427246094,240.66000366210938,238.77029418945312,238.9199981689453,4411625.0
2025-02-27 15:30:00-05:00,238.9550018310547,239.3695068359375,237.10000610351562,237.3800048828125,5981830.0
2025-02-28 09:30:00-05:00,236.9499969482422,237.7816925048828,234.50999450683594,237.59500122070312,9707088.0
2025-02-28 10:30:00-05:00,237.5800018310547,237.8300018310547,236.49000549316406,236.9199981689453,3856963.0
2025-02-28 11:30:00-05:00,236.8699951171875,237.75,236.5500030517578,237.60499572753906,2652791.0
2025-02-28 12:30:00-05:00,237.69000244140625,237.89999389648438,236.22999572753906,237.41000366210938,3253563.0
2025-02-28 13:30:00-05:00,237.40499877929688,238.3083038330078,237.00999450683594,237.9199981689453,3040911.0
2025-02-28 14:30:00-05:00,237.8800048828125,239.77999877929688,237.7003936767578,239.7100067138672,4607390.0
2025-02-28 15:30:00-05:00,239.69000244140625,242.08999633789062,238.80999755859375,241.83999633789062,7654890.0
2025-03-03 09:30:00-05:00,241.7220001220703,244.02720642089844,239.8249969482422,241.48500061035156,10137001.0
2025-03-03 10:30:00-05:00,241.5,242.6300048828125,241.12669372558594,241.19000244140625,3962348.0
2025-03-03 11:30:00-05:00,241.22999572753906,242.5500030517578,240.6649932861328,242.5399932861328,2726862.0
2025-03-03 12:30:00-05:00,242.5399932861328,242.98680114746094,240.74000549316406,240.96499633789062,2892774.0
2025-03-03 13:30:00-05:00,241.02000427246094,241.8699951171875,240.44000244140625,241.15179443359375,3716220.0
2025-03-03 14:30:00-05:00,241.16000366210938,242.0,236.64999389648438,236.8892059326172,5255129.0
2025-03-03 15:30:00-05:00,236.8800048828125,238.55999755859375,236.11199951171875,238.13999938964844,6362960.0
2025-03-04 09:30:00-05:00,237.7050018310547,239.38999938964844,236.35000610351562,238.39999389648438,12574876.0
2025-03-04 10:30:00-05:00,238.39999389648438,239.80999755859375,237.64999389648438,238.6300048828125,6419558.0
2025-03-04 11:30:00-05:00,238.58999633789062,240.07000732421875,238.12890625,238.1649932861328,4617834.0
2025-03-04 12:30:00-05:00,238.11000061035156,238.17990112304688,236.16000366210938,236.75,4297681.0
2025-03-04 13:30:00-05:00,236.75,238.55999755859375,236.42999267578125,238.2888946533203,3524557.0
2025-03-04 14:30:00-05:00,238.2899932861328,239.24989318847656,237.9822998046875,238.69000244140625,4105168.0
2025-03-04 15:30:00-05:00,238.67999267578125,238.75,234.6999969482422,236.07000732421875,6470426.0
2025-03-05 09:30:00-05:00,235.4949951171875,235.9499969482422,230.5500030517578,230.9199981689453,11396281.0
2025-03-05 10:30:00-05:00,230.94000244140625,233.1999969482422,230.13999938964844,230.6490020751953,4757085.0
2025-03-05 11:30:00-05:00,230.6199951171875,234.64999389648438,229.22999572753906,234.53990173339844,5831367.0
2025-03-05 12:30:00-05:00,234.5399932861328,235.5399932861328,234.0,234.67999267578125,3887648.0
2025-03-05 13:30:00-05:00,234.66529846191406,236.5500030517578,234.10000610351562,235.74749755859375,2837195.0
2025-03-05 14:30:00-05:00,235.8000030517578,236.47999572753906,235.14999389648438,236.0399932861328,3103634.0
2025-03-05 15:30:00-05:00,236.00999450683594,236.35000610351562,235.05999755859375,235.77000427246094,3864004.0
2025-03-06 09:30:00-05:00,234.43499755859375,237.16000366210938,233.5399932861328,236.47000122070312,8965074.0
2025-03-06 10:30:00-05:00,236.47000122070312,237.86000061035156,236.2449951171875,236.77999877929688,4326344.0
2025-03-06 11:30:00-05:00,236.74000549316406,237.33999633789062,234.0404052734375,234.4149932861328,4246957.0
2025-03-06 12:30:00-05:00,234.39999389648438,235.42999267578125,234.05999755859375,234.2949981689453,3660287.0
2025-03-06 13:30:00-05:00,234.30499267578125,235.1699981689453,233.39999389648438,233.69000244140625,4333970.0
2025-03-06 14:30:00-05:00,233.65499877929688,236.00999450683594,233.3300018310547,235.17999267578125,4926584.0
2025-03-06 15:30:00-05:00,235.1699981689453,235.75999450683594,234.4499969482422,235.32000732421875,4800803.0
2025-03-07 09:30:00-05:00,235.10499572753906,239.42999267578125,235.05999755859375,238.30999755859375,8540305.0
2025-03-07 10:30:00-05:00,238.31500244140625,240.16000366210938,237.0301055908203,239.02000427246094,6445384.0
2025-03-07 11:30:00-05:00,239.0399932861328,239.69749450683594,237.86000061035156,239.2899932861328,6229746.0
2025-03-07 12:30:00-05:00,239.25999450683594,241.3699951171875,238.8000030517578,240.41439819335938,6264766.0
2025-03-07 13:30:00-05:00,240.4250030517578,240.91000366210938,238.57000732421875,239.64999389648438,4109056.0
2025-03-07 14:30:00-05:00,239.6649932861328,239.86000061035156,238.0800018310547,238.8114013671875,3265326.0
2025-03-07 15:30:00-05:00,238.8000030517578,239.77000427246094,237.94000244140625,239.07000732421875,4811911.0
2025-03-10 09:30:00-04:00,235.47999572753906,236.16000366210938,228.52000427246094,228.5500030517578,15210592.0
2025-03-10 10:30:00-04:00,228.55499267578125,229.5,225.2899932861328,226.50869750976562,11879291.0
2025-03-10 11:30:00-04:00,226.52999877929688,227.2899932861328,224.22000122070312,225.47999572753906,6728298.0
2025-03-10 12:30:00-04:00,225.5399932861328,226.69000244140625,224.3249969482422,225.2100067138672,5441202.0
2025-03-10 13:30:00-04:00,225.24000549316406,226.97999572753906,224.8699951171875,226.5800018310547,5343177.0
2025-03-10 14:30:00-04:00,226.58999633789062,227.51499938964844,224.4208984375,226.9761962890625,7127512.0
2025-03-10 15:30:00-04:00,226.99000549316406,228.64999389648438,226.5,227.54100036621094,8057482.0
2025-03-11 09:30:00-04:00,223.8000030517578,225.83990478515625,220.00999450683594,222.52000427246094,17705238.0
2025-03-11 10:30:00-04:00,222.49000549316406,222.9499969482422,220.58999633789062,221.00320434570312,7838273.0
2025-03-11 11:30:00-04:00,220.97999572753906,221.74000549316406,218.5,218.5500030517578,8314282.0
2025-03-11 12:30:00-04:00,218.5399932861328,219.8800048828125,217.4499969482422,217.7550048828125,7268661.0
2025-03-11 13:30:00-04:00,217.72999572753906,220.97999572753906,217.67999267578125,220.5449981689453,6404020.0
2025-03-11 14:30:00-04:00,220.5500030517578,223.27999877929688,220.09019470214844,221.82020568847656,7110964.0
2025-03-11 15:30:00-04:00,221.82000732421875,222.0500030517578,220.5800018310547,220.72999572753906,6574063.0
2025-03-12 09:30:00-04:00,220.17999267578125,221.75,218.8300018310547,218.9499969482422,13585830.0
2025-03-12 10:30:00-04:00,218.9499969482422,219.39999389648438,214.91000366210938,216.44500732421875,10732384.0
2025-03-12 11:30:00-04:00,216.47000122070312,218.61000061035156,216.3300018310547,218.3603973388672,5950460.0
2025-03-12 12:30:00-04:00,218.44500732421875,218.60000610351562,216.8800048828125,218.18980407714844,4501805.0
2025-03-12 13:30:00-04:00,218.1300048828125,218.22000122070312,215.92999267578125,216.11000061035156,5341362.0
2025-03-12 14:30:00-04:00,216.1199951171875,217.08990478515625,215.0500030517578,215.639892578125,6048770.0
2025-03-12 15:30:00-04:00,215.64999389648438,217.27000427246094,215.27999877929688,216.94000244140625,7314758.0
2025-03-13 09:30:00-04:00,215.94000244140625,216.8394012451172,214.22000122070312,214.27999877929688,11543428.0
2025-03-13 10:30:00-04:00,214.3000030517578,214.82000732421875,213.6300048828125,214.0402069091797,6000675.0
2025-03-13 11:30:00-04:00,214.0449981689453,214.35000610351562,211.63999938964844,211.94000244140625,8062598.0
2025-03-13 12:30:00-04:00,211.93380737304688,212.92999267578125,210.69000244140625,211.15499877929688,5949778.0
2025-03-13 13:30:00-04:00,211.13999938964844,212.47000122070312,210.50010681152344,212.2899932861328,5034049.0
2025-03-13 14:30:00-04:00,212.28599548339844,212.4698944091797,210.36000061035156,210.6300048828125,5897570.0
2025-03-13 15:30:00-04:00,210.6699981689453,210.7100067138672,208.4199981689453,209.7100067138672,9508816.0
2025-03-14 09:30:00-04:00,211.25,213.42999267578125,209.5800018310547,210.3780975341797,14448242.0
2025-03-14 10:30:00-04:00,210.3800048828125,212.3800048828125,209.97999572753906,211.92999267578125,7229106.0
2025-03-14 11:30:00-04:00,211.92999267578125,213.94000244140625,211.91000366210938,212.23069763183594,5804814.0
2025-03-14 12:30:00-04:00,212.23500061035156,213.5,212.07229614257812,212.31500244140625,3579047.0
2025-03-14 13:30:00-04:00,212.30259704589844,212.6898956298828,210.75999450683594,211.2449951171875,6007354.0
2025-03-14 14:30:00-04:00,211.25,213.41099548339844,211.25,212.90530395507812,4621820.0
2025-03-14 15:30:00-04:00,212.8946075439453,213.89999389648438,212.7100067138672,213.3800048828125,6350358.0
2025-03-17 09:30:00-04:00,213.36000061035156,214.97000122070312,212.1699981689453,213.22470092773438,9570854.0
2025-03-17 10:30:00-04:00,213.22500610351562,213.25999450683594,210.46969604492188,210.75469970703125,5939423.0
2025-03-17 11:30:00-04:00,210.7550048828125,211.8000030517578,209.97999572753906,211.1999969482422,4387530.0
2025-03-17 12:30:00-04:00,211.2100067138672,212.3699951171875,211.08999633789062,212.33030700683594,3083388.0
2025-03-17 13:30:00-04:00,212.35499572753906,214.73019409179688,212.27999877929688,214.4550018310547,4126373.0
2025-03-17 14:30:00-04:00,214.4499969482422,214.7967987060547,214.07000732421875,214.68499755859375,3623892.0
2025-03-17 15:30:00-04:00,214.67999267578125,215.22000122070312,213.6699981689453,214.19000244140625,6930829.0
2025-03-18 09:30:00-04:00,214.13999938964844,215.14999389648438,212.9499969482422,214.55140686035156,10203982.0
2025-03-18 10:30:00-04:00,214.5500030517578,214.88999938964844,212.64999389648438,213.3300018310547,4477342.0
2025-03-18 11:30:00-04:00,213.25,213.77499389648438,212.7899932861328,213.72000122070312,3176514.0
2025-03-18 12:30:00-04:00,213.6999969482422,213.7736053466797,211.49000549316406,212.2834014892578,4535545.0
2025-03-18 13:30:00-04:00,212.3000030517578,212.32000732421875,211.55979919433594,211.9949951171875,3006313.0
2025-03-18 14:30:00-04:00,212.0,212.65499877929688,211.810302734375,212.34500122070312,3435188.0
2025-03-18 15:30:00-04:00,212.34500122070312,213.25999450683594,212.30999755859375,212.7899932861328,4396249.0
2025-03-19 09:30:00-04:00,214.22000122070312,218.75999450683594,213.91009521484375,217.14500427246094,11385869.0
2025-03-19 10:30:00-04:00,217.2100067138672,217.2198028564453,214.9600067138672,215.66900634765625,5115267.0
2025-03-19 11:30:00-04:00,215.69000244140625,216.75,215.17999267578125,215.3000030517578,3249560.0
2025-03-19 12:30:00-04:00,215.2899932861328,215.3300018310547,214.2899932861328,214.3800048828125,2801294.0
2025-03-19 13:30:00-04:00,214.39199829101562,215.04969787597656,213.75,214.27000427246094,4823378.0
2025-03-19 14:30:00-04:00,214.27000427246094,217.0590057373047,214.25,215.50990295410156,6058928.0
2025-03-19 15:30:00-04:00,215.5,215.67999267578125,214.47999572753906,215.3000030517578,5255712.0
2025-03-20 09:30:00-04:00,213.99000549316406,217.48989868164062,212.89999389648438,216.9904022216797,7527757.0
2025-03-20 10:30:00-04:00,216.97999572753906,217.2949981689453,215.78759765625,216.0500030517578,4562273.0
2025-03-20 11:30:00-04:00,215.94000244140625,216.4600067138672,214.02000427246094,214.13999938964844,4420021.0
2025-03-20 12:30:00-04:00,214.13999938964844,214.50999450683594,213.0,213.22999572753906,5149763.0
2025-03-20 13:30:00-04:00,213.25999450683594,213.88999938964844,212.72999572753906,212.75999450683594,3180049.0
2025-03-20 14:30:00-04:00,212.77000427246094,213.39999389648438,212.22000122070312,212.68350219726562,4531064.0
2025-03-20 15:30:00-04:00,212.69000244140625,214.75999450683594,212.69000244140625,214.14999389648438,5352998.0
2025-03-21 09:30:00-04:00,211.51499938964844,214.41000366210938,211.47000122070312,213.74000549316406,21249328.0
2025-03-21 10:30:00-04:00,213.7100067138672,214.83999633789062,213.2606964111328,213.44349670410156,7372592.0
2025-03-21 11:30:00-04:00,213.44000244140625,215.39999389648438,212.63999938964844,214.65499877929688,3813985.0
2025-03-21 12:30:00-04:00,214.6699981689453,215.47999572753906,214.48480224609375,214.6199951171875,3366634.0
2025-03-21 13:30:00-04:00,214.61000061035156,215.03900146484375,214.26010131835938,214.6699981689453,3091390.0
2025-03-21 14:30:00-04:00,214.6699981689453,215.3699951171875,214.63999938964844,215.30999755859375,4189003.0
2025-03-21 15:30:00-04:00,215.30999755859375,218.83999633789062,215.00999450683594,218.36000061035156,10148885.0
2025-03-24 09:30:00-04:00,221.0,221.02099609375,218.5800018310547,219.77000427246094,9344812.0
2025-03-24 10:30:00-04:00,219.80999755859375,220.69000244140625,219.02920532226562,219.15750122070312,4668518.0
2025-03-24 11:30:00-04:00,219.15499877929688,220.0500030517578,218.9600067138672,219.0,3264720.0
2025-03-24 12:30:00-04:00,219.01499938964844,219.5,218.82000732421875,219.2899932861328,3057015.0
2025-03-24 13:30:00-04:00,219.32000732421875,219.85000610351562,219.08999633789062,219.75999450683594,2530901.0
2025-03-24 14:30:00-04:00,219.77499389648438,220.47000122070312,219.46580505371094,219.77000427246094,4139018.0
2025-03-24 15:30:00-04:00,219.7899932861328,221.00999450683594,219.66000366210938,220.42999267578125,6001386.0
2025-03-25 09:30:00-04:00,220.80999755859375,223.38999938964844,220.0800018310547,223.3699951171875,8242408.0
2025-03-25 10:30:00-04:00,223.3800048828125,223.89999389648438,222.3000030517578,223.52999877929688,4010970.0
2025-03-25 11:30:00-04:00,223.5399932861328,223.6999969482422,223.00999450683594,223.11000061035156,2236176.0
2025-03-25 12:30:00-04:00,223.10000610351562,223.6300048828125,220.72999572753906,222.80999755859375,2317900.0
2025-03-25 13:30:00-04:00,222.82699584960938,223.94900512695312,222.60000610351562,223.49000549316406,2529710.0
2025-03-25 14:30:00-04:00,223.5,223.7100067138672,222.78500366210938,223.4199981689453,3423322.0
2025-03-25 15:30:00-04:00,223.41000366210938,224.10000610351562,223.2899932861328,223.72999572753906,4310099.0
2025-03-26 09:30:00-04:00,223.50999450683594,225.02000427246094,222.83999633789062,224.07449340820312,8205828.0
2025-03-26 10:30:00-04:00,224.0850067138672,224.3155975341797,223.11000061035156,223.72000122070312,3253126.0
2025-03-26 11:30:00-04:00,223.7200927734375,223.89999389648438,222.1199951171875,223.6750030517578,3220107.0
2025-03-26 12:30:00-04:00,223.6750030517578,223.7899932861328,221.6300048828125,222.0800018310547,2855124.0
2025-03-26 13:30:00-04:00,222.0800018310547,222.22000122070312,221.4001007080078,221.8350067138672,2219567.0
2025-03-26 14:30:00-04:00,221.81500244140625,221.88499450683594,220.60000610351562,220.60000610351562,3054676.0
2025-03-26 15:30:00-04:00,220.61500549316406,221.8800048828125,220.47000122070312,221.39999389648438,4140037.0
2025-03-27 09:30:00-04:00,221.3300018310547,222.10000610351562,220.5601043701172,221.64999389648438,5508724.0
2025-03-27 10:30:00-04:00,221.64999389648438,223.24000549316406,221.39999389648438,222.8000946044922,3784484.0
2025-03-27 11:30:00-04:00,222.8000030517578,223.75999450683594,222.56500244140625,223.19500732421875,2866958.0
2025-03-27 12:30:00-04:00,223.17999267578125,223.97999572753906,222.72000122070312,223.10499572753906,3509193.0
2025-03-27 13:30:00-04:00,223.0800018310547,224.55999755859375,223.0500030517578,224.3699951171875,3521517.0
2025-03-27 14:30:00-04:00,224.35000610351562,224.99000549316406,223.94500732421875,224.7899932861328,3376619.0
2025-03-27 15:30:00-04:00,224.8000030517578,224.99000549316406,223.6999969482422,223.92999267578125,5491814.0
2025-03-28 09:30:00-04:00,221.6490020751953,223.8000030517578,219.69500732421875,219.91000366210938,8900229.0
2025-03-28 10:30:00-04:00,219.88999938964844,220.64999389648438,219.1699981689453,219.97999572753906,4819013.0
2025-03-28 11:30:00-04:00,219.89109802246094,220.22000122070312,218.35000610351562,218.69000244140625,3075097.0
2025-03-28 12:30:00-04:00,218.6699981689453,219.1199951171875,218.2100067138672,218.49000549316406,3059478.0
2025-03-28 13:30:00-04:00,218.5,219.16650390625,218.17999267578125,219.0500030517578,2307054.0
2025-03-28 14:30:00-04:00,219.0399932861328,219.14999389648438,218.1103973388672,218.50999450683594,3188030.0
2025-03-28 15:30:00-04:00,218.5,218.75,217.67999267578125,217.8800048828125,5319689.0
2025-03-31 09:30:00-04:00,217.22000122070312,219.30999755859375,216.24000549316406,218.57000732421875,13611371.0
2025-03-31 10:30:00-04:00,218.61000061035156,220.0800018310547,218.39999389648438,219.1300048828125,5127759.0
2025-03-31 11:30:00-04:00,219.10000610351562,220.92999267578125,218.88519287109375,220.9199981689453,3710448.0
2025-03-31 12:30:00-04:00,220.89999389648438,221.02000427246094,219.38999938964844,219.8699951171875,2845575.0
2025-03-31 13:30:00-04:00,219.85000610351562,220.8800048828125,219.24169921875,220.7949981689453,2764885.0
2025-03-31 14:30:00-04:00,220.8000030517578,221.73500061035156,220.38999938964844,221.22500610351562,4172283.0
2025-03-31 15:30:00-04:00,221.2100067138672,224.97000122070312,220.99009704589844,221.9949951171875,11487559.0
2025-04-01 09:30:00-04:00,219.80499267578125,223.38999938964844,218.89999389648438,221.5198974609375,9630525.0
2025-04-01 10:30:00-04:00,221.49000549316406,223.42999267578125,221.36000061035156,222.87989807128906,4197037.0
2025-04-01 11:30:00-04:00,222.86500549316406,223.13999938964844,222.14999389648438,222.52999877929688,2944555.0
2025-04-01 12:30:00-04:00,222.55499267578125,223.0800018310547,222.19000244140625,222.3385009765625,2079835.0
2025-04-01 13:30:00-04:00,222.3000030517578,222.77499389648438,221.4499969482422,221.5,2283252.0
2025-04-01 14:30:00-04:00,221.49000549316406,222.1199951171875,221.14999389648438,221.72999572753906,2520811.0
2025-04-01 15:30:00-04:00,221.7100067138672,223.49000549316406,221.57000732421875,223.13999938964844,4133846.0
2025-04-02 09:30:00-04:00,221.19000244140625,224.10850524902344,221.0500030517578,224.0399932861328,5984058.0
2025-04-02 10:30:00-04:00,224.02000427246094,224.71539306640625,223.4499969482422,224.47999572753906,3704510.0
2025-04-02 11:30:00-04:00,224.4499969482422,224.60000610351562,223.11000061035156,224.1300048828125,2694881.0
2025-04-02 12:30:00-04:00,224.1300048828125,225.19000244140625,223.19000244140625,224.72000122070312,3616264.0
2025-04-02 13:30:00-04:00,224.72000122070312,224.80999755859375,222.9199981689453,222.92999267578125,2445540.0
2025-04-02 14:30:00-04:00,222.9199981689453,223.9409942626953,222.8614044189453,223.66009521484375,2653899.0
2025-04-02 15:30:00-04:00,223.6699981689453,224.4600067138672,223.5,223.7899932861328,4054405.0
2025-04-03 09:30:00-04:00,205.52000427246094,207.48989868164062,202.52000427246094,205.63499450683594,32868028.0
2025-04-03 10:30:00-04:00,205.63499450683594,206.36000061035156,203.3699951171875,204.0500030517578,11492280.0
2025-04-03 11:30:00-04:00,204.0500030517578,207.0399932861328,203.7042999267578,206.05999755859375,8453124.0
2025-04-03 12:30:00-04:00,206.10000610351562,206.3000030517578,203.84010314941406,204.0050048828125,5727160.0
2025-04-03 13:30:00-04:00,203.99000549316406,204.6051025390625,202.6999969482422,203.0,6326946.0
2025-04-03 14:30:00-04:00,202.98280334472656,203.52000427246094,202.13999938964844,202.1999969482422,9806166.0
2025-04-03 15:30:00-04:00,202.1999969482422,203.86000061035156,201.25,203.47000122070312,11108905.0
2025-04-04 09:30:00-04:00,193.9250030517578,199.8800048828125,192.8000030517578,195.27999877929688,32115307.0
2025-04-04 10:30:00-04:00,195.2949981689453,197.0399932861328,191.05999755859375,194.49000549316406,19673653.0
2025-04-04 11:30:00-04:00,194.46499633789062,196.0,192.25999450683594,192.80999755859375,9394432.0
2025-04-04 12:30:00-04:00,192.77999877929688,193.9761962890625,190.89999389648438,190.99000549316406,8256831.0
2025-04-04 13:30:00-04:00,190.97999572753906,192.57000732421875,188.83099365234375,188.8800048828125,12240537.0
2025-04-04 14:30:00-04:00,188.89999389648438,190.86880493164062,187.34500122070312,190.22999572753906,13768216.0
2025-04-04 15:30:00-04:00,190.2100067138672,191.72999572753906,188.05999755859375,188.3800048828125,14314697.0
2025-04-07 09:30:00-04:00,177.24000549316406,194.13999938964844,174.6199951171875,182.39999389648438,60052232.0
2025-04-07 10:30:00-04:00,182.3800048828125,185.93980407714844,175.6999969482422,176.36000061035156,22301982.0
2025-04-07 11:30:00-04:00,176.41000366210938,180.16000366210938,175.75,178.13999938964844,12923106.0
2025-04-07 12:30:00-04:00,178.10000610351562,181.72000122070312,177.10000610351562,181.5399932861328,10820708.0
2025-04-07 13:30:00-04:00,181.55499267578125,183.88999938964844,179.5,180.3350067138672,12360402.0
2025-04-07 14:30:00-04:00,180.33999633789062,182.3000030517578,178.2801055908203,178.42129516601562,12053848.0
2025-04-07 15:30:00-04:00,178.44000244140625,182.0,178.43499755859375,181.58999633789062,11790019.0
2025-04-08 09:30:00-04:00,186.72999572753906,190.3350067138672,185.10000610351562,189.3300018310547,25336677.0
2025-04-08 10:30:00-04:00,189.32000732421875,189.92999267578125,184.05999755859375,184.08999633789062,11822751.0
2025-04-08 11:30:00-04:00,184.07000732421875,185.5399932861328,182.2899932861328,183.3300018310547,7825256.0
2025-04-08 12:30:00-04:00,183.32000732421875,183.51499938964844,175.0,175.02999877929688,15712598.0
2025-04-08 13:30:00-04:00,175.02000427246094,178.60989379882812,174.85000610351562,175.3300018310547,11562913.0
2025-04-08 14:30:00-04:00,175.31219482421875,177.22999572753906,171.6300048828125,172.88999938964844,15040705.0
2025-04-08 15:30:00-04:00,172.8699951171875,173.44000244140625,169.21009826660156,172.77000427246094,16156814.0
2025-04-09 09:30:00-04:00,172.1790008544922,179.4199981689453,171.88999938964844,178.41180419921875,32288949.0
2025-04-09 10:30:00-04:00,178.50999450683594,180.19000244140625,176.8300018310547,179.7550048828125,15996521.0
2025-04-09 11:30:00-04:00,179.75,181.07000732421875,177.75,179.58999633789062,11721052.0
2025-04-09 12:30:00-04:00,179.57989501953125,194.49000549316406,179.24000549316406,188.52499389648438,19036631.0
2025-04-09 13:30:00-04:00,188.50999450683594,194.86990356445312,188.1300048828125,190.8000030517578,27276269.0
2025-04-09 14:30:00-04:00,190.7899932861328,198.97999572753906,183.8699951171875,196.05999755859375,30349699.0
2025-04-09 15:30:00-04:00,196.0,200.61000061035156,195.91000366210938,198.85000610351562,20947383.0
2025-04-10 09:30:00-04:00,189.1649932861328,194.7799072265625,189.0,192.14500427246094,25783702.0
2025-04-10 10:30:00-04:00,192.22000122070312,193.57000732421875,188.69000244140625,188.8592071533203,10331960.0
2025-04-10 11:30:00-04:00,188.85499572753906,189.22999572753906,183.0,184.27000427246094,16399003.0
2025-04-10 12:30:00-04:00,184.26499938964844,189.89999389648438,184.1750030517578,188.00999450683594,13927222.0
2025-04-10 13:30:00-04:00,187.97000122070312,192.0,186.0,191.75999450683594,14336457.0
2025-04-10 14:30:00-04:00,191.75,192.8000030517578,189.02000427246094,189.98500061035156,10246898.0
2025-04-10 15:30:00-04:00,190.0,192.43499755859375,187.8300018310547,190.44000244140625,10417028.0
2025-04-11 09:30:00-04:00,186.17999267578125,193.25,186.05999755859375,189.92999267578125,17210427.0
2025-04-11 10:30:00-04:00,189.94000244140625,194.1999969482422,189.63999938964844,193.32000732421875,9778670.0
2025-04-11 11:30:00-04:00,193.2899932861328,197.6699981689453,192.87860107421875,195.80099487304688,11426289.0
2025-04-11 12:30:00-04:00,195.82000732421875,199.35000610351562,195.80999755859375,196.83070373535156,10272519.0
2025-04-11 13:30:00-04:00,196.8524932861328,199.5399932861328,196.03790283203125,197.5800018310547,8204023.0
2025-04-11 14:30:00-04:00,197.60000610351562,198.9438934326172,197.40179443359375,198.3419952392578,6229743.0
2025-04-11 15:30:00-04:00,198.35000610351562,199.0,197.54139709472656,198.02000427246094,9619486.0
2025-04-14 09:30:00-04:00,211.44000244140625,212.94000244140625,204.61000061035156,204.75,38852582.0
2025-04-14 10:30:00-04:00,204.8000030517578,206.1999053955078,203.41000366210938,203.60000610351562,11826668.0
2025-04-14 11:30:00-04:00,203.64999389648438,204.3800048828125,201.16209411621094,201.75,11801459.0
2025-04-14 12:30:00-04:00,201.72999572753906,204.97850036621094,201.5850067138672,203.86399841308594,8024983.0
2025-04-14 13:30:00-04:00,203.88499450683594,205.80999755859375,203.42999267578125,205.7899932861328,6209694.0
2025-04-14 14:30:00-04:00,205.7899932861328,206.66000366210938,205.38999938964844,205.7100067138672,6862210.0
2025-04-14 15:30:00-04:00,205.72000122070312,205.89999389648438,202.32000732421875,202.58999633789062,8409251.0
2025-04-15 09:30:00-04:00,201.85499572753906,203.5050048828125,199.82000732421875,200.8000030517578,13453371.0
2025-04-15 10:30:00-04:00,200.7899932861328,203.08999633789062,200.68600463867188,202.11500549316406,6103100.0
2025-04-15 11:30:00-04:00,202.13999938964844,203.35000610351562,201.9600067138672,203.0399932861328,3730153.0
2025-04-15 12:30:00-04:00,203.0500030517578,203.28399658203125,201.11500549316406,201.60440063476562,3893654.0
2025-04-15 13:30:00-04:00,201.5850067138672,202.7769012451172,201.30499267578125,201.76499938964844,4045655.0
2025-04-15 14:30:00-04:00,201.71499633789062,203.2899932861328,201.63999938964844,202.8000030517578,4048783.0
2025-04-15 15:30:00-04:00,202.8300018310547,202.95899963378906,201.9199981689453,202.1300048828125,4398627.0
2025-04-16 09:30:00-04:00,198.36000061035156,200.6999969482422,196.02000427246094,197.07000732421875,13937138.0
2025-04-16 10:30:00-04:00,197.05999755859375,198.98849487304688,196.80999755859375,198.35009765625,6372057.0
2025-04-16 11:30:00-04:00,198.375,198.39999389648438,196.3905029296875,196.91000366210938,4368116.0
2025-04-16 12:30:00-04:00,196.91000366210938,197.9199981689453,196.64999389648438,197.75999450683594,3351617.0
2025-04-16 13:30:00-04:00,197.75999450683594,197.80999755859375,193.9199981689453,194.55499267578125,7922500.0
2025-04-16 14:30:00-04:00,194.5399932861328,194.64370727539062,192.3699951171875,192.57000732421875,5831097.0
2025-04-16 15:30:00-04:00,192.5800018310547,194.86349487304688,192.57000732421875,194.3000030517578,7049437.0
2025-04-17 09:30:00-04:00,197.14999389648438,197.1999969482422,194.63999938964844,195.63999938964844,11995068.0
2025-04-17 10:30:00-04:00,195.69000244140625,197.09500122070312,194.4199981689453,196.0399932861328,6835084.0
2025-04-17 11:30:00-04:00,196.02999877929688,198.0500030517578,195.9886932373047,197.80499267578125,4703332.0
2025-04-17 12:30:00-04:00,197.8260040283203,198.57000732421875,196.67999267578125,196.6999969482422,4953563.0
2025-04-17 13:30:00-04:00,196.7100067138672,198.83349609375,196.6699981689453,198.27999877929688,3858649.0
2025-04-17 14:30:00-04:00,198.2899932861328,198.66000366210938,196.8699951171875,197.24220275878906,4857368.0
2025-04-17 15:30:00-04:00,197.25,197.6999969482422,195.82000732421875,196.8699951171875,4510991.0
2025-04-21 09:30:00-04:00,193.26499938964844,193.8000030517578,191.36000061035156,192.1199951171875,8862849.0
2025-04-21 10:30:00-04:00,192.11000061035156,192.49000549316406,190.60499572753906,190.73500061035156,4480370.0
2025-04-21 11:30:00-04:00,190.72000122070312,191.32000732421875,189.8112030029297,191.1300048828125,4469110.0
2025-04-21 12:30:00-04:00,191.1199951171875,191.75,190.13999938964844,190.61399841308594,3331629.0
2025-04-21 13:30:00-04:00,190.58999633789062,191.0,190.24000549316406,190.82000732421875,2848270.0
2025-04-21 14:30:00-04:00,190.81500244140625,191.3800048828125,190.1999969482422,191.10499572753906,3470291.0
2025-04-21 15:30:00-04:00,191.08999633789062,193.4199981689453,191.0500030517578,193.08999633789062,5337999.0
2025-04-22 09:30:00-04:00,196.07000732421875,198.94000244140625,196.0,198.01499938964844,8295438.0
2025-04-22 10:30:00-04:00,197.9499969482422,199.5500030517578,197.8699951171875,198.8300018310547,5248723.0
2025-04-22 11:30:00-04:00,198.8300018310547,201.5500030517578,197.86000061035156,201.3800048828125,6986542.0
2025-04-22 12:30:00-04:00,201.4001007080078,201.52999877929688,198.32029724121094,198.5399932861328,6210265.0
2025-04-22 13:30:00-04:00,198.51620483398438,200.00999450683594,198.10240173339844,199.8917999267578,3865378.0
2025-04-22 14:30:00-04:00,199.8800048828125,200.5,198.55999755859375,198.6201934814453,6982874.0
2025-04-22 15:30:00-04:00,198.625,199.88999938964844,198.0,199.66000366210938,5543168.0
2025-04-23 09:30:00-04:00,206.0,208.0,204.63009643554688,206.80499267578125,15154970.0
2025-04-23 10:30:00-04:00,206.80999755859375,207.9499969482422,204.05999755859375,204.6300048828125,7451699.0
2025-04-23 11:30:00-04:00,204.625,205.41000366210938,202.7989959716797,204.11000061035156,5789475.0
2025-04-23 12:30:00-04:00,204.13999938964844,205.44000244140625,203.51840209960938,204.9499969482422,3150358.0
2025-04-23 13:30:00-04:00,205.0,205.64999389648438,204.22000122070312,204.48240661621094,3056243.0
2025-04-23 14:30:00-04:00,204.47000122070312,205.1699981689453,203.6566925048828,204.00999450683594,3587154.0
2025-04-23 15:30:00-04:00,204.03089904785156,205.75,203.61000061035156,204.36000061035156,5424069.0
2025-04-24 09:30:00-04:00,204.88499450683594,206.35000610351562,202.94000244140625,206.32000732421875,8437662.0
2025-04-24 10:30:00-04:00,206.2899932861328,206.66000366210938,205.2200927734375,205.9250030517578,4262818.0
2025-04-24 11:30:00-04:00,205.88499450683594,206.75,205.58009338378906,206.2899932861328,4462199.0
2025-04-24 12:30:00-04:00,206.2899932861328,207.02999877929688,205.82000732421875,206.90499877929688,2541750.0
2025-04-24 13:30:00-04:00,206.9199981689453,207.7899932861328,206.5500030517578,207.28900146484375,2687289.0
2025-04-24 14:30:00-04:00,207.3000030517578,208.10000610351562,207.02999877929688,207.09010314941406,3837311.0
2025-04-24 15:30:00-04:00,207.11000061035156,208.82989501953125,207.08999633789062,208.1999969482422,5785557.0
2025-04-25 09:30:00-04:00,206.42999267578125,209.24989318847656,206.1999969482422,206.63479614257812,8557840.0
2025-04-25 10:30:00-04:00,206.63999938964844,207.7628936767578,206.51499938964844,207.10000610351562,3766130.0
2025-04-25 11:30:00-04:00,207.11000061035156,208.89999389648438,206.66000366210938,208.63560485839844,3769247.0
2025-04-25 12:30:00-04:00,208.52000427246094,209.41000366210938,208.2899932861328,209.3701934814453,3744945.0
2025-04-25 13:30:00-04:00,209.38999938964844,209.4149932861328,207.3699951171875,208.50450134277344,3053055.0
2025-04-25 14:30:00-04:00,208.50999450683594,208.8699951171875,208.13999938964844,208.22000122070312,2357459.0
2025-04-25 15:30:00-04:00,208.2100067138672,209.42999267578125,207.8699951171875,209.22999572753906,4418187.0
2025-04-28 09:30:00-04:00,210.05999755859375,211.5,208.74000549316406,208.92999267578125,9371395.0
2025-04-28 10:30:00-04:00,208.875,209.82000732421875,207.83999633789062,207.9499969482422,4027500.0
2025-04-28 11:30:00-04:00,207.98590087890625,208.39999389648438,207.4600067138672,207.86000061035156,2434302.0
2025-04-28 12:30:00-04:00,207.85000610351562,208.72999572753906,207.85000610351562,208.13999938964844,2227932.0
2025-04-28 13:30:00-04:00,208.13499450683594,210.0500030517578,208.0800018310547,209.8699951171875,3099461.0
2025-04-28 14:30:00-04:00,209.8699951171875,210.94000244140625,209.7613983154297,210.5399932861328,2610842.0
2025-04-28 15:30:00-04:00,210.52999877929688,211.4998016357422,210.0399932861328,210.08999633789062,3584738.0
2025-04-29 09:30:00-04:00,208.6929931640625,212.24000549316406,208.3699951171875,210.9499969482422,9190515.0
2025-04-29 10:30:00-04:00,210.9600067138672,212.07000732421875,210.6699981689453,211.0399932861328,3218454.0
2025-04-29 11:30:00-04:00,211.0399932861328,211.32530212402344,210.39999389648438,210.48800659179688,2669695.0
2025-04-29 12:30:00-04:00,210.49000549316406,210.69000244140625,209.35000610351562,210.36000061035156,2562388.0
2025-04-29 13:30:00-04:00,210.3699951171875,211.85000610351562,210.22000122070312,211.7227020263672,2467158.0
2025-04-29 14:30:00-04:00,211.72000122070312,211.96060180664062,211.10009765625,211.3000030517578,2519310.0
2025-04-29 15:30:00-04:00,211.30999755859375,211.77000427246094,210.9499969482422,211.24000549316406,3222132.0
2025-04-30 09:30:00-04:00,209.3000030517578,209.72000122070312,206.67050170898438,209.32119750976562,7770541.0
2025-04-30 10:30:00-04:00,209.34950256347656,210.86000061035156,208.71009826660156,210.5449981689453,3782710.0
2025-04-30 11:30:00-04:00,210.55999755859375,211.27999877929688,209.9499969482422,210.58999633789062,2740535.0
2025-04-30 12:30:00-04:00,210.58999633789062,211.36000061035156,209.8000030517578,211.0800018310547,2462208.0
2025-04-30 13:30:00-04:00,211.07000732421875,212.97000122070312,210.31500244140625,210.71499633789062,3447792.0
2025-04-30 14:30:00-04:00,210.6999969482422,211.30999755859375,210.27999877929688,210.3446044921875,2871370.0
2025-04-30 15:30:00-04:00,210.375,213.5399932861328,210.0500030517578,212.49000549316406,7076663.0
2025-05-01 09:30:00-04:00,209.00999450683594,212.5,208.89999389648438,211.74000549316406,11460361.0
2025-05-01 10:30:00-04:00,211.75,214.22000122070312,211.31500244140625,212.8966064453125,5794472.0
2025-05-01 11:30:00-04:00,212.89500427246094,213.1199951171875,211.4149932861328,212.77999877929688,4005190.0
2025-05-01 12:30:00-04:00,212.77999877929688,212.87759399414062,211.85000610351562,212.50999450683594,4133080.0
2025-05-01 13:30:00-04:00,212.50999450683594,213.0,212.06500244140625,212.77999877929688,2827555.0
2025-05-01 14:30:00-04:00,212.7899932861328,213.1999969482422,212.3000030517578,212.94000244140625,3941988.0
2025-05-01 15:30:00-04:00,212.94000244140625,214.5500030517578,212.47000122070312,212.8300018310547,7135104.0
2025-05-02 09:30:00-04:00,206.08999633789062,206.8199005126953,202.2100067138672,206.72000122070312,30704404.0
2025-05-02 10:30:00-04:00,206.72000122070312,206.99000549316406,204.60000610351562,204.9008026123047,9323215.0
2025-05-02 11:30:00-04:00,204.9199981689453,206.5800018310547,204.860595703125,205.0,8718007.0
2025-05-02 12:30:00-04:00,205.0,205.88999938964844,204.14999389648438,204.69900512695312,7635353.0
2025-05-02 13:30:00-04:00,204.6999969482422,205.8300018310547,204.6999969482422,204.8800048828125,7087245.0
2025-05-02 14:30:00-04:00,204.8699951171875,205.42999267578125,203.66000366210938,204.75999450683594,8882491.0
2025-05-02 15:30:00-04:00,204.75999450683594,205.5,203.88999938964844,205.3000030517578,9990065.0
2025-05-05 09:30:00-04:00,203.125,203.94000244140625,198.6199951171875,198.77999877929688,17363317.0
2025-05-05 10:30:00-04:00,198.78700256347656,199.64999389648438,198.2100067138672,199.19960021972656,8474385.0
2025-05-05 11:30:00-04:00,199.19000244140625,200.0399932861328,198.66000366210938,199.9739990234375,5978364.0
2025-05-05 12:30:00-04:00,199.9600067138672,200.63999938964844,199.67010498046875,200.41000366210938,4884446.0
2025-05-05 13:30:00-04:00,200.41000366210938,201.08999633789062,200.16000366210938,200.9600067138672,3841975.0
2025-05-05 14:30:00-04:00,200.9499969482422,201.16000366210938,199.39999389648438,199.39999389648438,5400812.0
2025-05-05 15:30:00-04:00,199.39999389648438,199.5998992919922,198.5196990966797,198.77000427246094,6786984.0
2025-05-06 09:30:00-04:00,198.125,199.8800048828125,197.02000427246094,198.91000366210938,16561562.0
2025-05-06 10:30:00-04:00,198.89999389648438,199.1300048828125,197.85000610351562,199.03500366210938,5182787.0
2025-05-06 11:30:00-04:00,199.03500366210938,200.6490020751953,198.66000366210938,198.97999572753906,4709429.0
2025-05-06 12:30:00-04:00,198.97500610351562,200.02000427246094,198.9600067138672,199.4250030517578,3055441.0
2025-05-06 13:30:00-04:00,199.4499969482422,199.82000732421875,198.69000244140625,199.30499267578125,2836848.0
2025-05-06 14:30:00-04:00,199.2949981689453,199.85000610351562,199.02000427246094,199.70840454101562,3342061.0
2025-05-06 15:30:00-04:00,199.72999572753906,200.1699981689453,198.3800048828125,198.41000366210938,4603113.0
2025-05-07 09:30:00-04:00,199.19500732421875,199.44000244140625,197.35000610351562,199.22000122070312,9871911.0
2025-05-07 10:30:00-04:00,199.2270050048828,199.39999389648438,193.80999755859375,194.35069274902344,11182870.0
2025-05-07 11:30:00-04:00,194.36000061035156,195.3699951171875,193.25,194.8699951171875,7971845.0
2025-05-07 12:30:00-04:00,194.85000610351562,195.77999877929688,194.5749969482422,195.3000030517578,4049885.0
2025-05-07 13:30:00-04:00,195.32000732421875,195.36000061035156,193.3000030517578,194.00999450683594,5113387.0
2025-05-07 14:30:00-04:00,193.9969940185547,195.7100067138672,193.83140563964844,194.32000732421875,4886414.0
2025-05-07 15:30:00-04:00,194.33999633789062,197.4698944091797,194.2899932861328,196.25,6299703.0
2025-05-08 09:30:00-04:00,197.74000549316406,198.1300048828125,194.67959594726562,195.82000732421875,10449699.0
2025-05-08 10:30:00-04:00,195.8300018310547,197.8300018310547,195.51499938964844,197.5399932861328,5629546.0
2025-05-08 11:30:00-04:00,197.52999877929688,200.0498046875,197.30999755859375,199.24000549316406,6698875.0
2025-05-08 12:30:00-04:00,199.23570251464844,199.99000549316406,199.01010131835938,199.13999938964844,3093141.0
2025-05-08 13:30:00-04:00,199.13999938964844,199.21200561523438,198.08999633789062,198.63999938964844,3307947.0
2025-05-08 14:30:00-04:00,198.63999938964844,199.68800354003906,198.4499969482422,199.55999755859375,3714346.0
2025-05-08 15:30:00-04:00,199.57000732421875,199.6199951171875,197.16400146484375,197.39999389648438,5279543.0
2025-05-09 09:30:00-04:00,199.0050048828125,200.53990173339844,198.1199951171875,198.360107421875,9737491.0
2025-05-09 10:30:00-04:00,198.38499450683594,199.17999267578125,197.53500366210938,198.42999267578125,4551929.0
2025-05-09 11:30:00-04:00,198.4199981689453,199.00999450683594,197.92999267578125,198.13499450683594,2891812.0
2025-05-09 12:30:00-04:00,198.1300048828125,198.4499969482422,197.60000610351562,198.13999938964844,3054224.0
2025-05-09 13:30:00-04:00,198.14500427246094,199.0998992919922,197.91000366210938,198.91000366210938,2470206.0
2025-05-09 14:30:00-04:00,198.94000244140625,199.42999267578125,198.7100067138672,198.77999877929688,2945367.0
2025-05-09 15:30:00-04:00,198.8000030517578,198.92990112304688,198.34010314941406,198.5399932861328,3474290.0
2025-05-12 09:30:00-04:00,210.97000122070312,211.26649475097656,206.75,209.16000366210938,23789646.0
2025-05-12 10:30:00-04:00,209.1699981689453,210.22999572753906,208.1199951171875,208.75999450683594,6318334.0
2025-05-12 11:30:00-04:00,208.77999877929688,208.9864959716797,208.25,208.72999572753906,3944326.0
2025-05-12 12:30:00-04:00,208.72999572753906,209.99000549316406,208.70919799804688,209.93499755859375,4323467.0
2025-05-12 13:30:00-04:00,209.94000244140625,210.9600067138672,209.93499755859375,210.77000427246094,4651025.0
2025-05-12 14:30:00-04:00,210.77999877929688,211.14999389648438,209.9199981689453,210.0500030517578,4909377.0
2025-05-12 15:30:00-04:00,210.05999755859375,210.85000610351562,209.9600067138672,210.8300018310547,5815190.0
2025-05-13 09:30:00-04:00,210.42999267578125,211.6656951904297,209.0800018310547,211.4499969482422,15261368.0
2025-05-13 10:30:00-04:00,211.44500732421875,211.8800048828125,211.0800018310547,211.38499450683594,4791824.0
2025-05-13 11:30:00-04:00,211.3975067138672,211.61000061035156,210.47999572753906,211.27999877929688,4186585.0
2025-05-13 12:30:00-04:00,211.27999877929688,211.94000244140625,210.90980529785156,211.7100067138672,3331068.0
2025-05-13 13:30:00-04:00,211.7100067138672,212.97000122070312,211.70989990234375,212.4600067138672,4232828.0
2025-05-13 14:30:00-04:00,212.47520446777344,213.39999389648438,212.0399932861328,213.22999572753906,4652431.0
2025-05-13 15:30:00-04:00,213.19000244140625,213.36000061035156,212.60499572753906,212.83999633789062,4596157.0
2025-05-14 09:30:00-04:00,212.4250030517578,213.94000244140625,211.8699951171875,213.2899932861328,12096435.0
2025-05-14 10:30:00-04:00,213.30499267578125,213.71640014648438,211.88980102539062,212.6199951171875,4921349.0
2025-05-14 11:30:00-04:00,212.6179962158203,212.8800048828125,211.99000549316406,212.2899932861328,3092741.0
2025-05-14 12:30:00-04:00,212.2949981689453,212.60000610351562,210.58009338378906,210.9600067138672,4235129.0
2025-05-14 13:30:00-04:00,210.97000122070312,211.94520568847656,210.9600067138672,211.3699951171875,3051755.0
2025-05-14 14:30:00-04:00,211.3800048828125,212.0500030517578,210.99000549316406,211.3594970703125,3801274.0
2025-05-14 15:30:00-04:00,211.33999633789062,212.60000610351562,211.24000549316406,212.41000366210938,6352084.0
2025-05-15 09:30:00-04:00,210.9949951171875,212.52999877929688,209.5399932861328,210.27499389648438,9925447.0
2025-05-15 10:30:00-04:00,210.32000732421875,212.8000030517578,210.19000244140625,212.49639892578125,5111525.0
2025-05-15 11:30:00-04:00,212.5,212.9600067138672,211.41009521484375,211.64169311523438,4296380.0
2025-05-15 12:30:00-04:00,211.6300048828125,212.27999877929688,211.2100067138672,212.12010192871094,2927204.0
2025-05-15 13:30:00-04:00,212.1300048828125,212.1300048828125,210.25999450683594,210.6300048828125,3649292.0
2025-05-15 14:30:00-04:00,210.6300048828125,211.2100067138672,210.3249969482422,210.36000061035156,3629914.0
2025-05-15 15:30:00-04:00,210.35000610351562,211.4600067138672,210.14999389648438,211.45799255371094,5877104.0
2025-05-16 09:30:00-04:00,212.32000732421875,212.57000732421875,210.55999755859375,210.60000610351562,15838181.0
2025-05-16 10:30:00-04:00,210.58999633789062,210.66000366210938,209.77000427246094,210.0800018310547,6777501.0
2025-05-16 11:30:00-04:00,210.08999633789062,211.14990234375,210.08999633789062,210.9550018310547,3654109.0
2025-05-16 12:30:00-04:00,210.9600067138672,211.4199981689453,210.6999969482422,211.11000061035156,3241029.0
2025-05-16 13:30:00-04:00,211.11000061035156,211.74000549316406,210.72999572753906,211.6199951171875,3898429.0
2025-05-16 14:30:00-04:00,211.6300048828125,211.92999267578125,211.42999267578125,211.72500610351562,3274956.0
2025-05-16 15:30:00-04:00,211.7100067138672,211.72999572753906,211.11000061035156,211.19000244140625,3920156.0
2025-05-19 09:30:00-04:00,207.13999938964844,207.47999572753906,204.25999450683594,206.61990356445312,15175611.0
2025-05-19 10:30:00-04:00,206.61000061035156,208.0399932861328,206.24000549316406,207.3300018310547,5318353.0
2025-05-19 11:30:00-04:00,207.32000732421875,208.5800018310547,207.27999877929688,208.48260498046875,3033717.0
2025-05-19 12:30:00-04:00,208.49000549316406,209.47999572753906,208.07000732421875,208.92999267578125,3363890.0
2025-05-19 13:30:00-04:00,208.92999267578125,209.1999969482422,207.77999877929688,208.02999877929688,3106651.0
2025-05-19 14:30:00-04:00,208.0500030517578,208.8000030517578,207.9600067138672,208.1273956298828,2702881.0
2025-05-19 15:30:00-04:00,208.1199951171875,208.92999267578125,208.10000610351562,208.75999450683594,4045825.0
2025-05-20 09:30:00-04:00,207.6699981689453,208.3000030517578,206.47000122070312,207.84500122070312,9911111.0
2025-05-20 10:30:00-04:00,207.8300018310547,208.47000122070312,207.22000122070312,207.63429260253906,3762244.0
2025-05-20 11:30:00-04:00,207.64999389648438,208.42999267578125,207.0500030517578,207.80999755859375,4102805.0
2025-05-20 12:30:00-04:00,207.80999755859375,208.01539611816406,207.11000061035156,207.3800048828125,2803301.0
2025-05-20 13:30:00-04:00,207.3699951171875,207.40499877929688,205.47000122070312,205.58999633789062,4199913.0
2025-05-20 14:30:00-04:00,205.5800018310547,206.41000366210938,205.02999877929688,206.27000427246094,4844502.0
2025-05-20 15:30:00-04:00,206.27000427246094,206.94000244140625,205.92999267578125,206.8699951171875,3731510.0
2025-05-21 09:30:00-04:00,205.1199951171875,206.61000061035156,204.05999755859375,205.80999755859375,8941675.0
2025-05-21 10:30:00-04:00,205.85000610351562,207.0399932861328,205.4761962890625,206.5800018310547,4273571.0
2025-05-21 11:30:00-04:00,206.57000732421875,206.8699951171875,205.5200958251953,205.63999938964844,3570453.0
2025-05-21 12:30:00-04:00,205.64999389648438,206.08999633789062,202.02000427246094,202.10000610351562,12405386.0
2025-05-21 13:30:00-04:00,202.08999633789062,203.34500122070312,201.75999450683594,202.3415069580078,7684596.0
2025-05-21 14:30:00-04:00,202.32000732421875,202.61000061035156,200.72000122070312,201.0301055908203,7028968.0
2025-05-21 15:30:00-04:00,201.05999755859375,202.49000549316406,201.0500030517578,202.05999755859375,6085411.0
2025-05-22 09:30:00-04:00,200.71499633789062,201.63999938964844,199.6999969482422,200.36000061035156,13339867.0
2025-05-22 10:30:00-04:00,200.3699951171875,201.36000061035156,200.35360717773438,200.9499969482422,5239551.0
2025-05-22 11:30:00-04:00,200.9499969482422,202.40989685058594,200.86000061035156,201.9499969482422,4473843.0
2025-05-22 12:30:00-04:00,201.94500732421875,202.0699005126953,201.16000366210938,201.88999938964844,3223269.0
2025-05-22 13:30:00-04:00,201.8800048828125,202.22000122070312,201.6699981689453,201.97000122070312,3552562.0
2025-05-22 14:30:00-04:00,201.9600067138672,202.72000122070312,201.64999389648438,202.61000061035156,5071372.0
2025-05-22 15:30:00-04:00,202.6199951171875,202.64999389648438,201.0,201.3699951171875,5705738.0
2025-05-23 09:30:00-04:00,193.6649932861328,197.6999969482422,193.4600067138672,197.1699981689453,27970489.0
2025-05-23 10:30:00-04:00,197.14999389648438,197.3699951171875,195.69000244140625,196.5850067138672,7789566.0
2025-05-23 11:30:00-04:00,196.58999633789062,197.1199951171875,195.71499633789062,196.05020141601562,6693085.0
2025-05-23 12:30:00-04:00,196.05079650878906,196.67239379882812,195.63499450683594,196.6199951171875,6093930.0
2025-05-23 13:30:00-04:00,196.60000610351562,196.60000610351562,195.08999633789062,195.75,7300789.0
2025-05-23 14:30:00-04:00,195.72000122070312,195.89999389648438,195.02999877929688,195.46240234375,6291505.0
2025-05-23 15:30:00-04:00,195.4600067138672,195.97000122070312,195.02999877929688,195.33999633789062,8128777.0
2025-05-27 09:30:00-04:00,198.3000030517578,199.1699981689453,197.42999267578125,198.35000610351562,13343197.0
2025-05-27 10:30:00-04:00,198.36000061035156,199.3699951171875,198.00999450683594,199.36500549316406,6877187.0
2025-05-27 11:30:00-04:00,199.36000061035156,200.5800018310547,199.0,199.9949951171875,6493372.0
2025-05-27 12:30:00-04:00,199.99000549316406,200.64999389648438,199.6699981689453,199.95989990234375,4788957.0
2025-05-27 13:30:00-04:00,199.9550018310547,200.74000549316406,199.80999755859375,200.3699951171875,4199118.0
2025-05-27 14:30:00-04:00,200.3800048828125,200.5500030517578,200.19000244140625,200.29440307617188,4344607.0
2025-05-27 15:30:00-04:00,200.3000030517578,200.47000122070312,199.92999267578125,200.1999969482422,6028688.0
2025-05-28 09:30:00-04:00,200.67999267578125,202.72999572753906,199.89999389648438,200.75,11384135.0
2025-05-28 10:30:00-04:00,200.74000549316406,201.30999755859375,200.2100067138672,201.0449981689453,4989502.0
2025-05-28 11:30:00-04:00,201.0500030517578,201.2899932861328,200.86199951171875,201.10000610351562,2681810.0
2025-05-28 12:30:00-04:00,201.08999633789062,201.52000427246094,200.8249969482422,201.11000061035156,2692955.0
2025-05-28 13:30:00-04:00,201.1199951171875,201.25,200.72999572753906,200.85000610351562,2564636.0
2025-05-28 14:30:00-04:00,200.83999633789062,201.52110290527344,200.32000732421875,201.12860107421875,3702217.0
2025-05-28 15:30:00-04:00,201.08999633789062,201.39500427246094,200.19500732421875,200.4199981689453,4638874.0
2025-05-29 09:30:00-04:00,203.5749969482422,203.77999877929688,200.75999450683594,201.13999938964844,13269413.0
2025-05-29 10:30:00-04:00,201.11000061035156,201.64999389648438,200.5500030517578,200.74000549316406,4965675.0
2025-05-29 11:30:00-04:00,200.74000549316406,200.8000030517578,198.50999450683594,199.4199981689453,6137020.0
2025-05-29 12:30:00-04:00,199.39999389648438,200.44960021972656,199.39999389648438,199.97500610351562,3935142.0
2025-05-29 13:30:00-04:00,199.9600067138672,200.1699981689453,199.0399932861328,199.0399932861328,3863280.0
2025-05-29 14:30:00-04:00,199.0399932861328,199.57000732421875,198.57000732421875,199.13929748535156,4850814.0
2025-05-29 15:30:00-04:00,199.125,200.2480010986328,199.0800018310547,199.9499969482422,5888522.0
2025-05-30 09:30:00-04:00,199.40499877929688,199.57000732421875,197.97000122070312,199.24000549316406,8945068.0
2025-05-30 10:30:00-04:00,199.22999572753906,199.48500061035156,198.80999755859375,199.30999755859375,3302545.0
2025-05-30 11:30:00-04:00,199.3000030517578,199.3699951171875,197.55039978027344,197.71499633789062,3638495.0
2025-05-30 12:30:00-04:00,197.72000122070312,198.1699981689453,196.77999877929688,198.0850067138672,5105841.0
2025-05-30 13:30:00-04:00,198.0800018310547,199.17999267578125,197.9499969482422,199.1199951171875,3188808.0
2025-05-30 14:30:00-04:00,199.1199951171875,200.22999572753906,198.9199981689453,200.05059814453125,4653738.0
2025-05-30 15:30:00-04:00,200.07000732421875,201.9499969482422,199.74009704589844,200.66000366210938,12325548.0
2025-06-02 09:30:00-04:00,200.14999389648438,202.1300048828125,200.1199951171875,200.52999877929688,8866907.0
2025-06-02 10:30:00-04:00,200.52000427246094,201.99000549316406,200.35000610351562,200.7100067138672,4886322.0
2025-06-02 11:30:00-04:00,200.72000122070312,201.1186981201172,200.3000030517578,201.02999877929688,3147865.0
2025-06-02 12:30:00-04:00,201.02999877929688,201.16799926757812,200.57000732421875,200.860107421875,2227466.0
2025-06-02 13:30:00-04:00,200.86000061035156,201.52999877929688,200.58009338378906,201.45399475097656,2804759.0
2025-06-02 14:30:00-04:00,201.4499969482422,201.7799072265625,201.13999938964844,201.66000366210938,2805599.0
2025-06-02 15:30:00-04:00,201.64999389648438,201.80990600585938,201.3000030517578,201.8000030517578,3972829.0
2025-06-03 09:30:00-04:00,201.35000610351562,203.24000549316406,200.9550018310547,201.74000549316406,10305758.0
2025-06-03 10:30:00-04:00,201.74000549316406,202.69000244140625,201.52020263671875,202.5,4748287.0
2025-06-03 11:30:00-04:00,202.52000427246094,203.33999633789062,202.05999755859375,203.05499267578125,4217975.0
2025-06-03 12:30:00-04:00,203.05999755859375,203.74000549316406,202.72000122070312,203.31460571289062,3820571.0
2025-06-03 13:30:00-04:00,203.3350067138672,203.77000427246094,202.5,203.09170532226562,3339508.0
2025-06-03 14:30:00-04:00,203.0800018310547,203.4398956298828,202.99000549316406,203.17999267578125,2991230.0
2025-06-03 15:30:00-04:00,203.17999267578125,203.4698944091797,202.97999572753906,203.33999633789062,4035108.0
2025-06-04 09:30:00-04:00,202.91000366210938,206.24000549316406,202.6508026123047,205.13999938964844,12614073.0
2025-06-04 10:30:00-04:00,205.1199951171875,205.17999267578125,203.99009704589844,204.08999633789062,4439145.0
2025-06-04 11:30:00-04:00,204.08999633789062,204.60000610351562,202.14999389648438,202.8300018310547,7130175.0
2025-06-04 12:30:00-04:00,202.82000732421875,203.58999633789062,202.61500549316406,203.4149932861328,2639222.0
2025-06-04 13:30:00-04:00,203.41200256347656,203.47000122070312,202.85000610351562,203.1199951171875,2609590.0
2025-06-04 14:30:00-04:00,203.11000061035156,203.25,202.75999450683594,203.19000244140625,3114173.0
2025-06-04 15:30:00-04:00,203.19000244140625,203.44769287109375,202.75999450683594,202.88699340820312,3543324.0
2025-06-05 09:30:00-04:00,203.59500122070312,203.83999633789062,201.27000427246094,202.4499969482422,9756368.0
2025-06-05 10:30:00-04:00,202.4499969482422,204.58999633789062,201.6772003173828,204.54379272460938,6631520.0
2025-06-05 11:30:00-04:00,204.53500366210938,204.75,202.47999572753906,203.13999938964844,4785035.0
2025-06-05 12:30:00-04:00,203.13999938964844,203.25,201.5500030517578,202.60009765625,3948935.0
2025-06-05 13:30:00-04:00,202.60000610351562,202.89999389648438,201.14999389648438,202.2104034423828,3145886.0
2025-06-05 14:30:00-04:00,202.2100067138672,202.72000122070312,200.1999969482422,200.72999572753906,4825395.0
2025-06-05 15:30:00-04:00,200.74000549316406,201.77000427246094,200.15960693359375,200.5500030517578,6191418.0
2025-06-06 09:30:00-04:00,202.9949951171875,205.6999969482422,202.98309326171875,203.66000366210938,11106322.0
2025-06-06 10:30:00-04:00,203.64999389648438,204.05999755859375,202.97999572753906,203.17990112304688,4956876.0
2025-06-06 11:30:00-04:00,203.0800018310547,203.60000610351562,202.61000061035156,202.625,3261392.0
2025-06-06 12:30:00-04:00,202.6199951171875,203.77999877929688,202.0500030517578,203.58999633789062,4406812.0
2025-06-06 13:30:00-04:00,203.60000610351562,205.2100067138672,203.58999633789062,204.98500061035156,4157003.0
2025-06-06 14:30:00-04:00,204.99000549316406,205.47000122070312,204.68499755859375,204.6999969482422,4253859.0
2025-06-06 15:30:00-04:00,204.69000244140625,205.22000122070312,203.89500427246094,203.92999267578125,5842274.0
2025-06-09 09:30:00-04:00,204.38999938964844,206.0,203.97999572753906,205.32000732421875,10204602.0
2025-06-09 10:30:00-04:00,205.3000030517578,205.74000549316406,204.50999450683594,204.52999877929688,4646532.0
2025-06-09 11:30:00-04:00,204.5301055908203,204.91000366210938,203.72999572753906,203.92880249023438,4660532.0
2025-06-09 12:30:00-04:00,203.92999267578125,205.29989624023438,200.02000427246094,200.72000122070312,14949524.0
2025-06-09 13:30:00-04:00,200.7100067138672,202.66769409179688,200.02999877929688,201.4600067138672,13053525.0
2025-06-09 14:30:00-04:00,201.42999267578125,201.6999969482422,200.6300048828125,201.25,8620350.0
2025-06-09 15:30:00-04:00,201.2100067138672,202.35499572753906,200.88999938964844,201.44000244140625,7398849.0
2025-06-10 09:30:00-04:00,200.60000610351562,203.35690307617188,200.57000732421875,202.8699951171875,13200692.0
2025-06-10 10:30:00-04:00,202.86000061035156,204.35000610351562,202.72999572753906,203.31500244140625,6624997.0
2025-06-10 11:30:00-04:00,203.32000732421875,203.32000732421875,202.3000946044922,202.53880310058594,4294134.0
2025-06-10 12:30:00-04:00,202.52999877929688,202.76300048828125,201.75,201.75999450683594,4163222.0
2025-06-10 13:30:00-04:00,201.77499389648438,202.10000610351562,201.30999755859375,201.6999969482422,5126577.0
2025-06-10 14:30:00-04:00,201.69000244140625,203.22500610351562,201.60000610351562,202.82000732421875,4955808.0
2025-06-10 15:30:00-04:00,202.82110595703125,202.97500610351562,202.3300018310547,202.75,4081286.0
2025-06-11 09:30:00-04:00,203.47000122070312,204.5,202.3300018310547,202.76010131835938,10386969.0
2025-06-11 10:30:00-04:00,202.75999450683594,202.77000427246094,200.91000366210938,200.94000244140625,7233304.0
2025-06-11 11:30:00-04:00,200.89500427246094,201.1699981689453,199.65960693359375,200.2071075439453,10232286.0
2025-06-11 12:30:00-04:00,200.19070434570312,201.2364959716797,200.18499755859375,200.91000366210938,5829259.0
2025-06-11 13:30:00-04:00,200.90499877929688,200.98500061035156,198.7100067138672,199.23919677734375,6328313.0
2025-06-11 14:30:00-04:00,199.22000122070312,199.60000610351562,198.6199951171875,198.97999572753906,6509313.0
2025-06-11 15:30:00-04:00,198.9499969482422,199.125,198.41000366210938,198.85000610351562,6085149.0
2025-06-12 09:30:00-04:00,199.0800018310547,199.38999938964844,197.360107421875,198.0666961669922,10588317.0
2025-06-12 10:30:00-04:00,198.0800018310547,198.9250030517578,197.86270141601562,198.14999389648438,5324558.0
2025-06-12 11:30:00-04:00,198.13369750976562,198.63999938964844,197.7550048828125,198.58999633789062,3767271.0
2025-06-12 12:30:00-04:00,198.5800018310547,199.44000244140625,198.2100067138672,199.25999450683594,4180542.0
2025-06-12 13:30:00-04:00,199.25999450683594,199.67990112304688,198.6696014404297,198.75,3327745.0
2025-06-12 14:30:00-04:00,198.75999450683594,199.06039428710938,198.5449981689453,198.88499450683594,3064478.0
2025-06-12 15:30:00-04:00,198.8800048828125,199.1999969482422,198.39999389648438,199.1999969482422,3810648.0
2025-06-13 09:30:00-04:00,199.72999572753906,200.3699951171875,195.91000366210938,196.15499877929688,14838318.0
2025-06-13 10:30:00-04:00,196.16000366210938,197.63999938964844,195.97999572753906,197.50999450683594,5870070.0
2025-06-13 11:30:00-04:00,197.52000427246094,198.04750061035156,197.2100067138672,197.27000427246094,4078021.0
2025-06-13 12:30:00-04:00,197.2899932861328,197.57000732421875,196.9199981689453,197.27000427246094,3611125.0
2025-06-13 13:30:00-04:00,197.25,197.7100067138672,196.22000122070312,196.2779998779297,4012087.0
2025-06-13 14:30:00-04:00,196.25999450683594,196.63999938964844,195.80999755859375,196.22000122070312,5166232.0
2025-06-13 15:30:00-04:00,196.24000549316406,196.69000244140625,195.77000427246094,196.4499969482422,5657582.0
2025-06-16 09:30:00-04:00,197.2899932861328,198.68499755859375,196.5635986328125,198.42999267578125,10592906.0
2025-06-16 10:30:00-04:00,198.43499755859375,198.66000366210938,197.1649932861328,197.31500244140625,5091014.0
2025-06-16 11:30:00-04:00,197.30999755859375,197.6300048828125,196.875,197.0800018310547,4269679.0
2025-06-16 12:30:00-04:00,197.0800018310547,197.9550018310547,197.02000427246094,197.875,2678380.0
2025-06-16 13:30:00-04:00,197.88499450683594,198.19000244140625,197.77000427246094,197.9886932373047,3200825.0
2025-06-16 14:30:00-04:00,197.99000549316406,198.39999389648438,197.66000366210938,198.2449951171875,3569146.0
2025-06-16 15:30:00-04:00,198.2449951171875,198.49000549316406,197.92999267578125,198.3699951171875,4718967.0
2025-06-17 09:30:00-04:00,197.1999969482422,197.92999267578125,196.2550048828125,197.5800018310547,7902396.0
2025-06-17 10:30:00-04:00,197.58299255371094,197.7899932861328,197.3249969482422,197.5800018310547,3367583.0
2025-06-17 11:30:00-04:00,197.58999633789062,198.38890075683594,197.4600067138672,197.61500549316406,3514424.0
2025-06-17 12:30:00-04:00,197.61000061035156,197.845703125,196.46499633789062,196.52000427246094,4473741.0
2025-06-17 13:30:00-04:00,196.50999450683594,196.82000732421875,195.2100067138672,195.4600067138672,4011630.0
2025-06-17 14:30:00-04:00,195.47999572753906,195.94000244140625,195.42030334472656,195.83999633789062,3616427.0
2025-06-17 15:30:00-04:00,195.85000610351562,195.88499450683594,195.4409942626953,195.63999938964844,4321581.0
2025-06-18 09:30:00-04:00,195.94500732421875,197.50999450683594,195.07000732421875,197.06019592285156,8663131.0
2025-06-18 10:30:00-04:00,197.11000061035156,197.57000732421875,196.63499450683594,196.94000244140625,3977500.0
2025-06-18 11:30:00-04:00,196.85000610351562,197.22999572753906,196.50030517578125,196.9508056640625,2676891.0
2025-06-18 12:30:00-04:00,196.94000244140625,197.02000427246094,196.0500030517578,196.05999755859375,2527979.0
2025-06-18 13:30:00-04:00,196.07000732421875,196.97999572753906,195.6300048828125,195.91000366210938,3683814.0
2025-06-18 14:30:00-04:00,195.91000366210938,196.4499969482422,195.11000061035156,195.63999938964844,5009904.0
2025-06-18 15:30:00-04:00,195.6300048828125,197.11000061035156,195.46600341796875,196.25,7662210.0
2025-06-20 09:30:00-04:00,198.23500061035156,200.94000244140625,197.52999877929688,198.67999267578125,26036367.0
2025-06-20 10:30:00-04:00,198.69000244140625,198.69000244140625,196.85960388183594,197.6699981689453,6560590.0
2025-06-20 11:30:00-04:00,197.7100067138672,198.86000061035156,197.6999969482422,198.49000549316406,4287672.0
2025-06-20 12:30:00-04:00,198.49000549316406,199.3699951171875,198.27000427246094,198.32000732421875,4286863.0
2025-06-20 13:30:00-04:00,198.32000732421875,200.19000244140625,198.07000732421875,199.80999755859375,5317209.0
2025-06-20 14:30:00-04:00,199.82000732421875,200.33670043945312,199.60009765625,199.92999267578125,7927637.0
2025-06-20 15:30:00-04:00,199.9199981689453,201.6999969482422,199.77000427246094,200.94000244140625,10755124.0
2025-06-23 09:30:00-04:00,201.53199768066406,202.3000030517578,199.94000244140625,201.37179565429688,12829209.0
2025-06-23 10:30:00-04:00,201.3800048828125,201.58999633789062,200.1999969482422,200.52999877929688,5321162.0
2025-06-23 11:30:00-04:00,200.3300018310547,200.52000427246094,199.50999450683594,200.1396026611328,4993482.0
2025-06-23 12:30:00-04:00,200.13999938964844,201.52000427246094,198.9600067138672,201.43899536132812,4894801.0
2025-06-23 13:30:00-04:00,201.4600067138672,202.24000549316406,201.0800018310547,201.69000244140625,6635454.0
2025-06-23 14:30:00-04:00,201.6699981689453,201.8968048095703,201.0507049560547,201.36019897460938,4184558.0
2025-06-23 15:30:00-04:00,201.35000610351562,201.83999633789062,201.13499450683594,201.5500030517578,3965279.0
2025-06-24 09:30:00-04:00,202.58999633789062,202.77999877929688,200.1999969482422,200.9822998046875,12508328.0
2025-06-24 10:30:00-04:00,200.99000549316406,201.5800018310547,200.7404022216797,201.3800048828125,4685578.0
2025-06-24 11:30:00-04:00,201.4600067138672,202.56500244140625,201.24000549316406,202.4499969482422,4724128.0
2025-06-24 12:30:00-04:00,202.45150756835938,203.44000244140625,201.94000244140625,201.9600067138672,6930517.0
2025-06-24 13:30:00-04:00,201.9600067138672,202.3300018310547,201.30999755859375,201.57000732421875,4599071.0
2025-06-24 14:30:00-04:00,201.5800018310547,202.01499938964844,201.30499267578125,201.52999877929688,5015277.0
2025-06-24 15:30:00-04:00,201.53500366210938,201.5998992919922,200.27000427246094,200.2899932861328,7488205.0
2025-06-25 09:30:00-04:00,201.4199981689453,203.66000366210938,201.1999969482422,202.44000244140625,10894360.0
2025-06-25 10:30:00-04:00,202.44000244140625,203.1750030517578,201.99000549316406,202.10000610351562,5914874.0
2025-06-25 11:30:00-04:00,202.10499572753906,202.1699981689453,201.39999389648438,201.8699951171875,3571019.0
2025-06-25 12:30:00-04:00,201.8800048828125,202.1999053955078,201.08999633789062,201.13999938964844,2830902.0
2025-06-25 13:30:00-04:00,201.13999938964844,201.27999877929688,200.62010192871094,201.01539611816406,3158873.0
2025-06-25 14:30:00-04:00,201.02000427246094,201.5,200.9499969482422,201.15980529785156,3073812.0
2025-06-25 15:30:00-04:00,201.13999938964844,201.6199951171875,200.88499450683594,201.60000610351562,4058748.0
2025-06-26 09:30:00-04:00,201.42999267578125,202.61500549316406,199.64999389648438,199.75,11861101.0
2025-06-26 10:30:00-04:00,199.74000549316406,200.50999450683594,199.6199951171875,199.69000244140625,6026822.0
2025-06-26 11:30:00-04:00,199.7100067138672,200.7899932861328,199.4600067138672,200.122802734375,4778323.0
2025-06-26 12:30:00-04:00,200.13780212402344,200.27000427246094,199.63499450683594,200.24000549316406,4568502.0
2025-06-26 13:30:00-04:00,200.25,201.36000061035156,199.97500610351562,200.97999572753906,5027751.0
2025-06-26 14:30:00-04:00,200.99000549316406,201.17869567871094,200.75,201.1750030517578,3971689.0
2025-06-26 15:30:00-04:00,201.17520141601562,201.55999755859375,200.7899932861328,200.94000244140625,5945620.0
2025-06-27 09:30:00-04:00,201.89500427246094,203.22000122070312,201.25999450683594,201.58009338378906,11392916.0
2025-06-27 10:30:00-04:00,201.58999633789062,201.9501953125,200.85499572753906,201.38180541992188,6069609.0
2025-06-27 11:30:00-04:00,201.39999389648438,202.0500030517578,201.38999938964844,201.99000549316406,4142671.0
2025-06-27 12:30:00-04:00,201.99000549316406,202.6999969482422,201.72999572753906,202.0800018310547,4499910.0
2025-06-27 13:30:00-04:00,202.10000610351562,202.1199951171875,200.92999267578125,201.44000244140625,5147746.0
2025-06-27 14:30:00-04:00,201.4499969482422,201.52000427246094,200.7899932861328,201.125,5338193.0
2025-06-27 15:30:00-04:00,201.1300048828125,201.27000427246094,200.22000122070312,201.10000610351562,6326536.0
2025-06-30 09:30:00-04:00,202.00999450683594,202.19000244140625,200.35240173339844,201.00990295410156,9942898.0
2025-06-30 10:30:00-04:00,201.0050048828125,201.32000732421875,199.59010314941406,199.97000122070312,7348749.0
2025-06-30 11:30:00-04:00,199.98919677734375,200.4199981689453,199.8000030517578,200.3249969482422,4709275.0
2025-06-30 12:30:00-04:00,200.30999755859375,200.47999572753906,199.84500122070312,200.15499877929688,4227066.0
2025-06-30 13:30:00-04:00,200.15499877929688,200.8300018310547,199.89999389648438,200.69500732421875,3674697.0
2025-06-30 14:30:00-04:00,200.69509887695312,207.08999633789062,199.2606964111328,206.58560180664062,26910135.0
2025-06-30 15:30:00-04:00,206.5500030517578,207.38999938964844,205.0500030517578,205.1199951171875,13956446.0
2025-07-01 09:30:00-04:00,206.6649932861328,209.8300018310547,206.14010620117188,209.54010009765625,26727051.0
2025-07-01 10:30:00-04:00,209.5500946044922,210.18649291992188,207.47000122070312,207.9499969482422,15475523.0
2025-07-01 11:30:00-04:00,207.9600067138672,208.18499755859375,206.7899932861328,207.875,7412772.0
2025-07-01 12:30:00-04:00,207.8699951171875,208.52999877929688,207.10000610351562,208.08999633789062,6089153.0
2025-07-01 13:30:00-04:00,208.08889770507812,208.4199981689453,207.61000061035156,208.2100067138672,4666140.0
2025-07-01 14:30:00-04:00,208.2100067138672,208.42990112304688,207.375,208.19000244140625,5033918.0
2025-07-01 15:30:00-04:00,208.18499755859375,208.22999572753906,207.51499938964844,207.86000061035156,5286012.0
2025-07-02 09:30:00-04:00,209.0800018310547,213.33999633789062,208.13999938964844,212.3000030517578,24809075.0
2025-07-02 10:30:00-04:00,212.27999877929688,212.85000610351562,211.4199981689453,211.47500610351562,8338925.0
2025-07-02 11:30:00-04:00,211.49000549316406,212.02000427246094,210.86000061035156,210.92030334472656,6059046.0
2025-07-02 12:30:00-04:00,210.9199981689453,211.35000610351562,210.22000122070312,210.81809997558594,5032781.0
2025-07-02 13:30:00-04:00,210.80999755859375,211.77000427246094,210.74000549316406,211.58999633789062,3704293.0
2025-07-02 14:30:00-04:00,211.5749969482422,212.9600067138672,211.3699951171875,211.94500732421875,6995805.0
2025-07-02 15:30:00-04:00,211.94000244140625,212.75,211.92999267578125,212.41000366210938,6287690.0
2025-07-03 09:30:00-04:00,212.14500427246094,213.85989379882812,211.8101043701172,213.73500061035156,11914855.0
2025-07-03 10:30:00-04:00,213.74000549316406,214.4600067138672,213.0399932861328,213.8800048828125,8989319.0
2025-07-03 11:30:00-04:00,213.889892578125,214.64999389648438,213.6699981689453,214.10000610351562,5268462.0
2025-07-07 09:30:00-04:00,212.67999267578125,215.8300018310547,211.80999755859375,212.36000061035156,13506133.0
2025-07-07 10:30:00-04:00,212.3699951171875,212.60000610351562,211.60000610351562,212.0399932861328,4497654.0
2025-07-07 11:30:00-04:00,212.03500366210938,212.22000122070312,210.3800048828125,210.8365020751953,4843940.0
2025-07-07 12:30:00-04:00,210.83900451660156,211.16990661621094,209.52000427246094,209.67039489746094,5039814.0
2025-07-07 13:30:00-04:00,209.6699981689453,210.5,208.91000366210938,208.94039916992188,4210639.0
2025-07-07 14:30:00-04:00,208.94000244140625,210.07000732421875,208.8000030517578,209.4499969482422,4388321.0
2025-07-07 15:30:00-04:00,209.4600067138672,210.25,209.19000244140625,209.94000244140625,4768433.0
2025-07-08 09:30:00-04:00,210.1300048828125,210.4600067138672,208.4499969482422,209.27999877929688,9381795.0
2025-07-08 10:30:00-04:00,209.28500366210938,211.42999267578125,209.25999450683594,209.87069702148438,5854284.0
2025-07-08 11:30:00-04:00,209.8800048828125,211.18499755859375,209.77999877929688,210.8300018310547,3759768.0
2025-07-08 12:30:00-04:00,210.83999633789062,210.88999938964844,209.5,209.8350067138672,3725509.0
2025-07-08 13:30:00-04:00,209.83999633789062,210.25999450683594,209.32000732421875,209.94500732421875,2881574.0
2025-07-08 14:30:00-04:00,209.9499969482422,210.0449981689453,209.40499877929688,209.60499572753906,2636682.0
2025-07-08 15:30:00-04:00,209.58999633789062,210.33999633789062,209.3000030517578,210.03500366210938,5121140.0
2025-07-09 09:30:00-04:00,209.52999877929688,210.89999389648438,209.35000610351562,209.91000366210938,8992949.0
2025-07-09 10:30:00-04:00,209.88999938964844,209.89999389648438,207.22000122070312,207.80499267578125,8309318.0
2025-07-09 11:30:00-04:00,207.80999755859375,208.22000122070312,207.26589965820312,207.8000030517578,4676493.0
2025-07-09 12:30:00-04:00,207.81039428710938,209.0449981689453,207.57139587402344,208.9156036376953,3964765.0
2025-07-09 13:30:00-04:00,208.9149932861328,209.97999572753906,208.72000122070312,209.7324981689453,4016622.0
2025-07-09 14:30:00-04:00,209.7449951171875,210.19000244140625,209.6199951171875,209.88999938964844,3710492.0
2025-07-09 15:30:00-04:00,209.8800048828125,211.3300018310547,209.72999572753906,211.11000061035156,6191235.0
2025-07-10 09:30:00-04:00,210.5050048828125,212.29989624023438,210.1199951171875,212.00999450683594,9591288.0
2025-07-10 10:30:00-04:00,212.02999877929688,213.47999572753906,211.89999389648438,212.97999572753906,8759012.0
2025-07-10 11:30:00-04:00,212.99000549316406,213.17999267578125,211.8300018310547,212.0800018310547,4598153.0
2025-07-10 12:30:00-04:00,212.07000732421875,212.77999877929688,211.85000610351562,212.6199951171875,3384939.0
2025-07-10 13:30:00-04:00,212.61000061035156,213.16000366210938,212.30999755859375,212.60000610351562,3025386.0
2025-07-10 14:30:00-04:00,212.5948944091797,213.4499969482422,212.57000732421875,212.5749969482422,3341074.0
2025-07-10 15:30:00-04:00,212.5800018310547,213.02000427246094,212.08999633789062,212.4199981689453,4470431.0
2025-07-11 09:30:00-04:00,210.56500244140625,212.1300048828125,209.86000061035156,211.7899932861328,8592173.0
2025-07-11 10:30:00-04:00,211.7899932861328,211.7899932861328,210.47999572753906,210.8249969482422,4031708.0
2025-07-11 11:30:00-04:00,210.8300018310547,211.2100067138672,210.4282989501953,210.63499450683594,3418923.0
2025-07-11 12:30:00-04:00,210.6199951171875,211.2899932861328,210.4499969482422,211.1649932861328,2805663.0
2025-07-11 13:30:00-04:00,211.15499877929688,211.65980529785156,210.95199584960938,211.40499877929688,2380669.0
2025-07-11 14:30:00-04:00,211.41000366210938,211.51699829101562,210.6199951171875,211.16000366210938,2371782.0
2025-07-11 15:30:00-04:00,211.1300048828125,211.39999389648438,211.029296875,211.0749969482422,4157903.0
2025-07-14 09:30:00-04:00,209.90899658203125,210.91000366210938,207.5399932861328,208.02999877929688,11410322.0
2025-07-14 10:30:00-04:00,208.02999877929688,208.89169311523438,207.8249969482422,208.76499938964844,4099030.0
2025-07-14 11:30:00-04:00,208.77000427246094,209.17999267578125,208.55999755859375,208.8406982421875,3442253.0
2025-07-14 12:30:00-04:00,208.85000610351562,209.3300018310547,208.76019287109375,209.0,2496708.0
2025-07-14 13:30:00-04:00,209.0133056640625,209.4499969482422,208.96080017089844,209.0,2387557.0
2025-07-14 14:30:00-04:00,209.0,209.4073028564453,208.87010192871094,209.1999053955078,3211653.0
2025-07-14 15:30:00-04:00,209.1699981689453,209.19000244140625,208.52000427246094,208.5399932861328,4180894.0
2025-07-15 09:30:00-04:00,209.14999389648438,211.1300048828125,208.9199981689453,210.1699981689453,9804649.0
2025-07-15 10:30:00-04:00,210.13999938964844,211.42999267578125,209.19769287109375,211.42999267578125,5300718.0
2025-07-15 11:30:00-04:00,211.42999267578125,211.88999938964844,210.36000061035156,210.67999267578125,4617922.0
2025-07-15 12:30:00-04:00,210.69500732421875,211.07000732421875,210.3800048828125,210.67269897460938,2111068.0
2025-07-15 13:30:00-04:00,210.68499755859375,211.6699981689453,210.66000366210938,211.375,2756121.0
2025-07-15 14:30:00-04:00,211.38890075683594,211.47999572753906,209.9600067138672,210.17999267578125,3943223.0
2025-07-15 15:30:00-04:00,210.2030029296875,210.2899932861328,208.99000549316406,209.00999450683594,3872873.0
2025-07-16 09:30:00-04:00,210.2899932861328,212.39999389648438,209.91050720214844,212.0850067138672,11863740.0
2025-07-16 10:30:00-04:00,212.11000061035156,212.1844940185547,209.2899932861328,210.1199951171875,6716190.0
2025-07-16 11:30:00-04:00,210.1488037109375,210.5,208.63999938964844,209.58999633789062,5283557.0
2025-07-16 12:30:00-04:00,209.60000610351562,210.947998046875,209.3699951171875,210.35000610351562,2958239.0
2025-07-16 13:30:00-04:00,210.33999633789062,210.63189697265625,209.87100219726562,210.0384979248047,2325549.0
2025-07-16 14:30:00-04:00,210.0399932861328,210.58509826660156,210.0399932861328,210.3249969482422,2064165.0
2025-07-16 15:30:00-04:00,210.32000732421875,210.6365966796875,209.97000122070312,210.22000122070312,4310071.0
2025-07-17 09:30:00-04:00,210.625,211.00999450683594,209.58999633789062,209.9499969482422,9963627.0
2025-07-17 10:30:00-04:00,209.94000244140625,210.8300018310547,209.77000427246094,210.44000244140625,4483480.0
2025-07-17 11:30:00-04:00,210.4499969482422,211.4499969482422,210.10499572753906,211.38999938964844,5714933.0
2025-07-17 12:30:00-04:00,211.38890075683594,211.50999450683594,210.7899932861328,210.9550018310547,3852173.0
2025-07-17 13:30:00-04:00,210.9499969482422,211.8000030517578,210.9001007080078,211.27999877929688,5287499.0
2025-07-17 14:30:00-04:00,211.27999877929688,211.27999877929688,210.77999877929688,210.9949951171875,4445454.0
2025-07-17 15:30:00-04:00,210.99989318847656,211.0500030517578,209.74000549316406,210.06100463867188,7016080.0
2025-07-18 09:30:00-04:00,210.7550048828125,211.00999450683594,209.70449829101562,209.9542999267578,15729684.0
2025-07-18 10:30:00-04:00,209.9600067138672,211.00999450683594,209.77000427246094,210.85000610351562,4957360.0
2025-07-18 11:30:00-04:00,210.85499572753906,211.1300048828125,210.67999267578125,211.00999450683594,3993353.0
2025-07-18 12:30:00-04:00,211.02000427246094,211.7899932861328,210.8800048828125,211.19000244140625,3840387.0
2025-07-18 13:30:00-04:00,211.17999267578125,211.5399932861328,210.75999450683594,210.93499755859375,3054294.0
2025-07-18 14:30:00-04:00,210.92999267578125,211.19500732421875,210.7899932861328,210.9499969482422,2639727.0
2025-07-18 15:30:00-04:00,210.94000244140625,211.34500122070312,210.8300018310547,211.22000122070312,4433304.0
2025-07-21 09:30:00-04:00,212.0500030517578,215.77999877929688,211.64089965820312,214.64500427246094,19931497.0
2025-07-21 10:30:00-04:00,214.63999938964844,214.7100067138672,212.8699951171875,213.47000122070312,7487806.0
2025-07-21 11:30:00-04:00,213.4600067138672,213.7100067138672,213.16000366210938,213.31959533691406,3139375.0
2025-07-21 12:30:00-04:00,213.31500244140625,213.86000061035156,213.13999938964844,213.67999267578125,2907043.0
2025-07-21 13:30:00-04:00,213.66000366210938,213.7100067138672,212.50999450683594,213.25999450683594,4055325.0
2025-07-21 14:30:00-04:00,213.268798828125,213.42999267578125,212.50999450683594,212.5800018310547,2890224.0
2025-07-21 15:30:00-04:00,212.5800018310547,212.71859741210938,212.07000732421875,212.5399932861328,3808451.0
2025-07-22 09:30:00-04:00,213.23500061035156,214.02999877929688,212.2301025390625,213.2655029296875,12377510.0
2025-07-22 10:30:00-04:00,213.25999450683594,213.69000244140625,212.72000122070312,213.477294921875,4721399.0
2025-07-22 11:30:00-04:00,213.47000122070312,213.82000732421875,212.75999450683594,213.27999877929688,5611485.0
2025-07-22 12:30:00-04:00,213.24000549316406,214.47999572753906,212.83999633789062,214.41119384765625,4068346.0
2025-07-22 13:30:00-04:00,214.39999389648438,214.42340087890625,213.44000244140625,213.7100067138672,3620984.0
2025-07-22 14:30:00-04:00,213.7100067138672,214.41990661621094,213.7100067138672,214.18499755859375,3749973.0
2025-07-22 15:30:00-04:00,214.17999267578125,214.64500427246094,213.92999267578125,214.38999938964844,4788294.0
2025-07-23 09:30:00-04:00,215.0449981689453,215.10000610351562,212.41000366210938,212.9351043701172,13479209.0
2025-07-23 10:30:00-04:00,212.9499053955078,213.1699981689453,212.5,213.14999389648438,4588657.0
2025-07-23 11:30:00-04:00,213.14999389648438,213.80999755859375,212.64999389648438,213.5,4465099.0
2025-07-23 12:30:00-04:00,213.5,214.22850036621094,213.36000061035156,214.125,2552446.0
2025-07-23 13:30:00-04:00,214.1199951171875,214.63499450683594,214.07000732421875,214.40499877929688,4350901.0
2025-07-23 14:30:00-04:00,214.40499877929688,214.69500732421875,213.94000244140625,214.13999938964844,3541364.0
2025-07-23 15:30:00-04:00,214.14500427246094,214.30999755859375,213.61000061035156,214.30999755859375,4190088.0
2025-07-24 09:30:00-04:00,214.05999755859375,215.69000244140625,213.52999877929688,214.4600067138672,11740713.0
2025-07-24 10:30:00-04:00,214.4499969482422,215.35000610351562,214.08999633789062,215.25999450683594,6108820.0
2025-07-24 11:30:00-04:00,215.2615966796875,215.49000549316406,214.1999969482422,214.33999633789062,4945138.0
2025-07-24 12:30:00-04:00,214.33999633789062,215.1999969482422,214.27999877929688,214.7899932861328,2987772.0
2025-07-24 13:30:00-04:00,214.7899932861328,215.1999969482422,214.55999755859375,214.73500061035156,2538966.0
2025-07-24 14:30:00-04:00,214.73890686035156,215.02000427246094,214.3300018310547,214.80999755859375,3138944.0
2025-07-24 15:30:00-04:00,214.81100463867188,214.94000244140625,213.72000122070312,213.75999450683594,5843431.0
2025-07-25 09:30:00-04:00,214.6999969482422,214.86000061035156,213.74000549316406,214.58529663085938,10049767.0
2025-07-25 10:30:00-04:00,214.58999633789062,215.24000549316406,214.2100067138672,214.50999450683594,5133351.0
2025-07-25 11:30:00-04:00,214.5,214.63999938964844,214.0500030517578,214.3896026611328,5205668.0
2025-07-25 12:30:00-04:00,214.38999938964844,214.58999633789062,214.0399932861328,214.1699981689453,2636543.0
2025-07-25 13:30:00-04:00,214.17039489746094,214.50999450683594,213.82000732421875,213.88999938964844,3060915.0
2025-07-25 14:30:00-04:00,213.91000366210938,214.00999450683594,213.39999389648438,213.5,2957957.0
2025-07-25 15:30:00-04:00,213.5050048828125,214.0,213.49000549316406,213.9600067138672,4400863.0
2025-07-28 09:30:00-04:00,214.02999877929688,214.74000549316406,213.5800018310547,214.52000427246094,7838862.0
2025-07-28 10:30:00-04:00,214.53500366210938,214.84500122070312,214.12229919433594,214.43499755859375,3872401.0
2025-07-28 11:30:00-04:00,214.44000244140625,214.75,214.2899932861328,214.5399932861328,2571343.0
2025-07-28 12:30:00-04:00,214.53500366210938,214.5749969482422,213.4149932861328,213.64500427246094,3975039.0
2025-07-28 13:30:00-04:00,213.63499450683594,214.02000427246094,213.6199951171875,213.8000030517578,2392173.0
2025-07-28 14:30:00-04:00,213.82000732421875,213.8300018310547,213.05999755859375,213.42999267578125,4397176.0
2025-07-28 15:30:00-04:00,213.4199981689453,214.0500030517578,213.32000732421875,214.0399932861328,3976187.0
2025-07-29 09:30:00-04:00,214.16000366210938,214.80999755859375,211.50999450683594,213.0500030517578,11789728.0
2025-07-29 10:30:00-04:00,213.0399932861328,213.24830627441406,211.88999938964844,211.89999389648438,5404192.0
2025-07-29 11:30:00-04:00,211.88099670410156,212.92999267578125,211.6999969482422,212.0,4842502.0
2025-07-29 12:30:00-04:00,211.99000549316406,212.38999938964844,210.8249969482422,212.1999969482422,4558639.0
2025-07-29 13:30:00-04:00,212.2100067138672,212.38999938964844,211.81500244140625,211.9600067138672,3024877.0
2025-07-29 14:30:00-04:00,211.96499633789062,212.44000244140625,211.60000610351562,211.88999938964844,3376083.0
2025-07-29 15:30:00-04:00,211.88999938964844,211.91000366210938,211.05450439453125,211.35000610351562,4836491.0
2025-07-30 09:30:00-04:00,211.89500427246094,212.38999938964844,210.02000427246094,210.61000061035156,7424119.0
2025-07-30 10:30:00-04:00,210.6199951171875,210.72000122070312,209.6199951171875,209.71499633789062,3733727.0
2025-07-30 11:30:00-04:00,209.72000122070312,210.4199981689453,209.57000732421875,210.1199951171875,2767617.0
2025-07-30 12:30:00-04:00,210.11000061035156,210.1699981689453,209.32000732421875,209.75650024414062,2841873.0
2025-07-30 13:30:00-04:00,209.75,210.14990234375,209.47999572753906,209.85499572753906,3212089.0
2025-07-30 14:30:00-04:00,209.85499572753906,210.13999938964844,207.72000122070312,208.52000427246094,5902392.0
2025-07-30 15:30:00-04:00,208.50999450683594,209.10989379882812,208.1300048828125,209.02000427246094,4190797.0
2025-07-31 09:30:00-04:00,208.3800048828125,209.68150329589844,207.8249969482422,208.8424072265625,11337524.0
2025-07-31 10:30:00-04:00,208.86000061035156,209.5500030517578,208.07000732421875,208.28280639648438,6709067.0
2025-07-31 11:30:00-04:00,208.27000427246094,209.0,208.1699981689453,208.95449829101562,4492059.0
2025-07-31 12:30:00-04:00,208.9499969482422,209.83999633789062,208.5,208.6649932861328,5149802.0
2025-07-31 13:30:00-04:00,208.6649932861328,208.9199981689453,207.58999633789062,208.61000061035156,5001721.0
2025-07-31 14:30:00-04:00,208.61000061035156,209.38429260253906,208.49000549316406,208.5699005126953,6029902.0
2025-07-31 15:30:00-04:00,208.57000732421875,208.85000610351562,207.16000366210938,207.61000061035156,8246453.0
2025-08-01 09:30:00-04:00,210.88999938964844,213.5800018310547,204.3699951171875,205.36000061035156,29330279.0
2025-08-01 10:30:00-04:00,205.3300018310547,205.72999572753906,203.07000732421875,203.44000244140625,11748154.0
2025-08-01 11:30:00-04:00,203.4199981689453,204.58999633789062,202.64999389648438,202.75,9260890.0
2025-08-01 12:30:00-04:00,202.75999450683594,203.2895050048828,201.5,201.9824981689453,8501358.0
2025-08-01 13:30:00-04:00,201.9801025390625,203.72999572753906,201.63009643554688,203.5500030517578,8026633.0
2025-08-01 14:30:00-04:00,203.5500030517578,204.32119750976562,202.89999389648438,203.19000244140625,7684390.0
2025-08-01 15:30:00-04:00,203.17999267578125,203.24000549316406,202.1699981689453,202.27000427246094,8416967.0
2025-08-04 09:30:00-04:00,204.5050048828125,206.83999633789062,204.19500732421875,206.75999450683594,13367550.0
2025-08-04 10:30:00-04:00,206.75999450683594,207.8800048828125,205.74000549316406,205.77000427246094,8818623.0
2025-08-04 11:30:00-04:00,205.75999450683594,205.8800048828125,203.92999267578125,203.93499755859375,5759426.0
2025-08-04 12:30:00-04:00,203.94000244140625,204.47999572753906,203.86500549316406,204.14999389648438,5046794.0
2025-08-04 13:30:00-04:00,204.13999938964844,204.22000122070312,203.41000366210938,203.42999267578125,4659225.0
2025-08-04 14:30:00-04:00,203.44000244140625,203.52999877929688,202.07000732421875,202.3249969482422,10594574.0
2025-08-04 15:30:00-04:00,202.3300018310547,203.4499969482422,201.6750030517578,203.33999633789062,8673869.0
2025-08-05 09:30:00-04:00,203.43499755859375,204.55499267578125,202.16000366210938,204.52999877929688,9812948.0
2025-08-05 10:30:00-04:00,204.53500366210938,205.33999633789062,203.90499877929688,204.6300048828125,6466189.0
2025-08-05 11:30:00-04:00,204.6199951171875,204.69000244140625,203.44000244140625,203.7100067138672,3782674.0
2025-08-05 12:30:00-04:00,203.7100067138672,204.1699981689453,203.08999633789062,204.03500366210938,3720976.0
2025-08-05 13:30:00-04:00,204.0500030517578,204.3000030517578,203.75999450683594,203.8699951171875,2677706.0
2025-08-05 14:30:00-04:00,203.86000061035156,203.97000122070312,203.19009399414062,203.3350067138672,3354757.0
2025-08-05 15:30:00-04:00,203.33999633789062,203.41000366210938,202.6699981689453,202.92999267578125,3784751.0
2025-08-06 09:30:00-04:00,205.60000610351562,211.14999389648438,205.58999633789062,210.75999450683594,23760541.0
2025-08-06 10:30:00-04:00,210.75999450683594,214.33999633789062,210.6300048828125,214.22500610351562,15618173.0
2025-08-06 11:30:00-04:00,214.22500610351562,214.99000549316406,213.6699981689453,214.49989318847656,15397308.0
2025-08-06 12:30:00-04:00,214.5196990966797,214.889892578125,213.86900329589844,214.5399932861328,7331995.0
2025-08-06 13:30:00-04:00,214.51499938964844,215.3800048828125,214.08999633789062,214.6024932861328,8218314.0
2025-08-06 14:30:00-04:00,214.61000061035156,214.7949981689453,213.75,213.875,7181809.0
2025-08-06 15:30:00-04:00,213.88499450683594,214.4199981689453,212.80999755859375,213.25,9553119.0
2025-08-07 09:30:00-04:00,218.875,220.3300018310547,216.5800018310547,218.27000427246094,30765656.0
2025-08-07 10:30:00-04:00,218.2863006591797,220.1300048828125,217.64999389648438,219.62899780273438,11957311.0
2025-08-07 11:30:00-04:00,219.6199951171875,220.33999633789062,219.4199981689453,219.9149932861328,9896825.0
2025-08-07 12:30:00-04:00,219.9199981689453,220.2100067138672,213.25,218.7100067138672,7182645.0
2025-08-07 13:30:00-04:00,218.72000122070312,219.72999572753906,218.71009826660156,219.5,4729353.0
2025-08-07 14:30:00-04:00,219.49000549316406,220.85000610351562,219.24349975585938,219.3000946044922,9312135.0
2025-08-07 15:30:00-04:00,219.30450439453125,220.1999969482422,219.25,220.1300048828125,6898669.0
2025-08-08 09:30:00-04:00,220.82000732421875,223.10000610351562,219.25,222.7816925048828,15552244.0
2025-08-08 10:30:00-04:00,222.77999877929688,224.6300048828125,222.6300048828125,224.36000061035156,10674558.0
2025-08-08 11:30:00-04:00,224.35499572753906,228.22500610351562,224.30999755859375,228.1999969482422,16989559.0
2025-08-08 12:30:00-04:00,228.2097930908203,230.91000366210938,227.943603515625,228.6750030517578,25554276.0
2025-08-08 13:30:00-04:00,228.6699981689453,230.99000549316406,228.5500030517578,229.2899932861328,12552865.0
2025-08-08 14:30:00-04:00,229.29159545898438,229.87989807128906,228.50999450683594,228.8300018310547,11212305.0
2025-08-08 15:30:00-04:00,228.82000732421875,229.69000244140625,228.4600067138672,229.3699951171875,11188500.0
2025-08-11 09:30:00-04:00,227.9199981689453,228.72999572753906,224.7624053955078,226.77499389648438,16158774.0
2025-08-11 10:30:00-04:00,226.7899932861328,227.88999938964844,226.10000610351562,227.47000122070312,7977854.0
2025-08-11 11:30:00-04:00,227.47000122070312,229.55999755859375,227.47000122070312,228.72999572753906,7420183.0
2025-08-11 12:30:00-04:00,228.73500061035156,229.0998992919922,228.0,228.10000610351562,4120877.0
2025-08-11 13:30:00-04:00,228.08999633789062,228.19500732421875,227.00999450683594,227.73500061035156,5313497.0
2025-08-11 14:30:00-04:00,227.75999450683594,227.9600067138672,227.10000610351562,227.64999389648438,7584927.0
2025-08-11 15:30:00-04:00,227.65919494628906,227.69500732421875,226.63999938964844,227.2050018310547,5849057.0
2025-08-12 09:30:00-04:00,228.0050048828125,229.9398956298828,227.10000610351562,228.57000732421875,12571415.0
2025-08-12 10:30:00-04:00,228.58999633789062,230.5865020751953,228.25999450683594,229.72999572753906,10092499.0
2025-08-12 11:30:00-04:00,229.7299041748047,230.11000061035156,228.32000732421875,229.77999877929688,4868374.0
2025-08-12 12:30:00-04:00,229.77999877929688,230.77999877929688,229.66000366210938,229.77499389648438,5072601.0
2025-08-12 13:30:00-04:00,229.7700958251953,230.5500030517578,229.4499969482422,229.57000732421875,3593400.0
2025-08-12 14:30:00-04:00,229.5800018310547,229.61000061035156,228.9199981689453,229.18299865722656,3327871.0
2025-08-12 15:30:00-04:00,229.1699981689453,230.10000610351562,229.05999755859375,229.64999389648438,4734707.0
2025-08-13 09:30:00-04:00,231.07000732421875,232.72000122070312,230.42999267578125,231.80999755859375,14738656.0
2025-08-13 10:30:00-04:00,231.80999755859375,234.5500030517578,231.67999267578125,232.2899932861328,11605576.0
2025-08-13 11:30:00-04:00,232.27999877929688,233.3972930908203,232.0301971435547,233.09500122070312,5966244.0
2025-08-13 12:30:00-04:00,233.07000732421875,233.36000061035156,231.5601043701172,232.4550018310547,5417224.0
2025-08-13 13:30:00-04:00,232.4499969482422,234.99000549316406,232.02000427246094,232.9250030517578,8137347.0
2025-08-13 14:30:00-04:00,232.94000244140625,233.91000366210938,230.8000030517578,233.5850067138672,9192848.0
2025-08-13 15:30:00-04:00,233.5850067138672,234.3300018310547,233.11000061035156,233.3300018310547,5738352.0
2025-08-14 09:30:00-04:00,234.05499267578125,235.11000061035156,231.67019653320312,232.2100067138672,16052941.0
2025-08-14 10:30:00-04:00,232.2050018310547,232.4600067138672,230.85000610351562,231.74020385742188,6624676.0
2025-08-14 11:30:00-04:00,231.75,232.2949981689453,230.91000366210938,232.00999450683594,4323697.0
2025-08-14 12:30:00-04:00,232.02000427246094,233.13999938964844,231.9687957763672,232.92730712890625,3209373.0
2025-08-14 13:30:00-04:00,232.92999267578125,233.1300048828125,232.32000732421875,232.72999572753906,3634219.0
2025-08-14 14:30:00-04:00,232.7100067138672,233.49000549316406,232.44000244140625,232.94500732421875,4523178.0
2025-08-14 15:30:00-04:00,232.92999267578125,233.50999450683594,232.69000244140625,232.8300018310547,4542543.0
2025-08-15 09:30:00-04:00,233.72999572753906,234.22140502929688,231.5500946044922,232.1699981689453,11603282.0
2025-08-15 10:30:00-04:00,232.16140747070312,232.2899932861328,230.47000122070312,231.07000732421875,5319424.0
2025-08-15 11:30:00-04:00,231.07000732421875,231.4550018310547,230.6197052001953,230.74000549316406,3957281.0
2025-08-15 12:30:00-04:00,230.74420166015625,231.22500610351562,230.22999572753906,230.57000732421875,6137966.0
2025-08-15 13:30:00-04:00,230.55999755859375,231.28990173339844,229.36000061035156,230.85000610351562,4535672.0
2025-08-15 14:30:00-04:00,230.86000061035156,231.5,230.47999572753906,231.36000061035156,6170754.0
2025-08-15 15:30:00-04:00,231.3699951171875,231.77000427246094,231.02000427246094,231.64999389648438,4696096.0
2025-08-18 09:30:00-04:00,231.77999877929688,233.1199951171875,230.61000061035156,230.66000366210938,9348530.0
2025-08-18 10:30:00-04:00,230.6199951171875,231.22000122070312,230.3699951171875,230.86000061035156,4699541.0
2025-08-18 11:30:00-04:00,230.86500549316406,231.10000610351562,230.5,230.67999267578125,2959031.0
2025-08-18 12:30:00-04:00,230.67999267578125,231.14999389648438,230.11000061035156,231.07000732421875,2944837.0
2025-08-18 13:30:00-04:00,231.0800018310547,231.6699981689453,230.89999389648438,231.14500427246094,3270491.0
2025-08-18 14:30:00-04:00,231.14999389648438,231.6750030517578,231.10000610351562,231.22500610351562,2886450.0
2025-08-18 15:30:00-04:00,231.22000122070312,231.5500030517578,230.8800048828125,230.8800048828125,2842575.0
2025-08-19 09:30:00-04:00,231.27499389648438,232.86500549316406,230.58999633789062,231.8300018310547,7589938.0
2025-08-19 10:30:00-04:00,231.82000732421875,232.27000427246094,230.47000122070312,231.32260131835938,5331365.0
2025-08-19 11:30:00-04:00,231.32000732421875,231.66000366210938,231.05499267578125,231.30990600585938,3317736.0
2025-08-19 12:30:00-04:00,231.27999877929688,231.3300018310547,230.05999755859375,230.625,3326154.0
2025-08-19 13:30:00-04:00,230.6199951171875,230.89999389648438,229.8699951171875,230.0500030517578,3163874.0
2025-08-19 14:30:00-04:00,230.02499389648438,230.19000244140625,229.35000610351562,230.18499755859375,3535859.0
2025-08-19 15:30:00-04:00,230.18499755859375,230.69000244140625,229.99000549316406,230.5399932861328,3980557.0
2025-08-20 09:30:00-04:00,229.97000122070312,230.4698944091797,226.5,226.7200927734375,10654146.0
2025-08-20 10:30:00-04:00,226.74000549316406,227.5500030517578,226.11000061035156,227.3350067138672,4855593.0
2025-08-20 11:30:00-04:00,227.3300018310547,227.3699951171875,226.41000366210938,227.1345977783203,3599979.0
2025-08-20 12:30:00-04:00,227.1300048828125,227.16000366210938,225.88999938964844,226.2949981689453,3171568.0
2025-08-20 13:30:00-04:00,226.3000030517578,226.8300018310547,225.77000427246094,225.99009704589844,2697011.0
2025-08-20 14:30:00-04:00,225.99000549316406,226.72999572753906,225.8699951171875,226.44500732421875,3388687.0
2025-08-20 15:30:00-04:00,226.44000244140625,227.0,225.92999267578125,225.9600067138672,4504957.0
2025-08-21 09:30:00-04:00,226.27999877929688,226.52000427246094,224.67999267578125,225.57989501953125,6246020.0
2025-08-21 10:30:00-04:00,225.5272979736328,225.5850067138672,224.51010131835938,225.1300048828125,3627965.0
2025-08-21 11:30:00-04:00,225.13499450683594,225.83999633789062,224.8000030517578,224.8300018310547,2756586.0
2025-08-21 12:30:00-04:00,224.8300018310547,225.00999450683594,223.7803955078125,224.1750030517578,3327885.0
2025-08-21 13:30:00-04:00,224.17080688476562,224.77850341796875,224.16000366210938,224.22999572753906,2428717.0
2025-08-21 14:30:00-04:00,224.22349548339844,225.05499267578125,224.0941925048828,224.8800048828125,2704582.0
2025-08-21 15:30:00-04:00,224.89999389648438,225.25,224.38839721679688,224.91000366210938,3977376.0
2025-08-22 09:30:00-04:00,226.1699981689453,228.19000244140625,225.41000366210938,227.9499969482422,8240998.0
2025-08-22 10:30:00-04:00,227.97000122070312,228.72000122070312,227.8000030517578,228.05999755859375,5233127.0
2025-08-22 11:30:00-04:00,228.0399932861328,228.43499755859375,226.9250030517578,227.16929626464844,3176741.0
2025-08-22 12:30:00-04:00,227.1699981689453,229.08999633789062,227.07000732421875,228.61000061035156,4947377.0
2025-08-22 13:30:00-04:00,228.6273956298828,228.6273956298828,227.77999877929688,227.8699951171875,4653621.0
2025-08-22 14:30:00-04:00,227.8800048828125,228.51980590820312,227.78500366210938,227.85000610351562,4051520.0
2025-08-22 15:30:00-04:00,227.83999633789062,228.30999755859375,227.44000244140625,227.75,4139072.0
2025-08-25 09:30:00-04:00,226.40499877929688,229.1199951171875,226.24000549316406,228.80999755859375,8000835.0
2025-08-25 10:30:00-04:00,228.77000427246094,229.24000549316406,228.2899932861328,228.56500244140625,4318256.0
2025-08-25 11:30:00-04:00,228.57000732421875,229.3000030517578,228.50010681152344,228.5399932861328,2427231.0
2025-08-25 12:30:00-04:00,228.5399932861328,228.75999450683594,228.32000732421875,228.43499755859375,2355527.0
2025-08-25 13:30:00-04:00,228.43499755859375,228.65499877929688,227.74000549316406,227.88499450683594,2684903.0
2025-08-25 14:30:00-04:00,227.875,227.90499877929688,227.44500732421875,227.59840393066406,2661985.0
2025-08-25 15:30:00-04:00,227.60000610351562,227.72000122070312,227.1199951171875,227.14999389648438,3262464.0
2025-08-26 09:30:00-04:00,226.8699951171875,227.0500030517578,224.69000244140625,226.5,7799571.0
2025-08-26 10:30:00-04:00,226.50999450683594,227.29989624023438,226.2899932861328,226.9615936279297,3785331.0
2025-08-26 11:30:00-04:00,226.96499633789062,227.6999969482422,226.5500030517578,227.57049560546875,4519154.0
2025-08-26 12:30:00-04:00,227.55999755859375,228.1699981689453,227.4199981689453,228.11160278320312,2684567.0
2025-08-26 13:30:00-04:00,228.11000061035156,228.50999450683594,227.73500061035156,228.3592071533203,2399616.0
2025-08-26 14:30:00-04:00,228.36000061035156,228.6199951171875,227.77000427246094,228.56820678710938,2604761.0
2025-08-26 15:30:00-04:00,228.57000732421875,229.49000549316406,227.72500610351562,229.3000030517578,5151468.0
2025-08-27 09:30:00-04:00,228.5800018310547,230.25,228.2949981689453,230.01499938964844,7840101.0
2025-08-27 10:30:00-04:00,230.02999877929688,230.6999969482422,229.47999572753906,229.5740966796875,4445165.0
2025-08-27 11:30:00-04:00,229.57000732421875,230.08799743652344,229.30999755859375,229.8699951171875,2490171.0
2025-08-27 12:30:00-04:00,229.88999938964844,230.08999633789062,229.60000610351562,229.83999633789062,1919036.0
2025-08-27 13:30:00-04:00,229.83999633789062,230.67999267578125,229.8000030517578,230.625,2268584.0
2025-08-27 14:30:00-04:00,230.6199951171875,230.63499450683594,229.72000122070312,230.13250732421875,2256272.0
2025-08-27 15:30:00-04:00,230.125,230.89999389648438,230.1199951171875,230.44000244140625,3801508.0
2025-08-28 09:30:00-04:00,230.80999755859375,230.89999389648438,229.3350067138672,230.41580200195312,7213423.0
2025-08-28 10:30:00-04:00,230.4300994873047,231.89999389648438,230.35000610351562,230.9499969482422,3919070.0
2025-08-28 11:30:00-04:00,230.9600067138672,232.35499572753906,230.9481964111328,232.2899932861328,3117170.0
2025-08-28 12:30:00-04:00,232.27999877929688,233.1199951171875,232.0800018310547,233.0,3773992.0
2025-08-28 13:30:00-04:00,233.00999450683594,233.41000366210938,232.83009338378906,232.91920471191406,3045856.0
2025-08-28 14:30:00-04:00,232.9199981689453,233.1699981689453,232.69000244140625,232.97500610351562,2740378.0
2025-08-28 15:30:00-04:00,232.97500610351562,233.3300018310547,232.47999572753906,232.49000549316406,4904323.0
2025-08-29 09:30:00-04:00,232.55999755859375,233.36129760742188,231.3699951171875,232.80960083007812,8795007.0
2025-08-29 10:30:00-04:00,232.80499267578125,233.16000366210938,232.5,232.9600067138672,3599986.0
2025-08-29 11:30:00-04:00,232.98500061035156,233.02999877929688,231.39999389648438,232.5,4414822.0
2025-08-29 12:30:00-04:00,232.50999450683594,232.9600067138672,231.97999572753906,232.02999877929688,2677553.0
2025-08-29 13:30:00-04:00,232.03250122070312,232.5749969482422,231.97000122070312,232.17999267578125,3415896.0
2025-08-29 14:30:00-04:00,232.19000244140625,232.75,232.0,232.3542938232422,2433703.0
2025-08-29 15:30:00-04:00,232.35000610351562,232.83770751953125,231.47999572753906,232.27000427246094,4673659.0
2025-09-02 09:30:00-04:00,229.6999969482422,230.77999877929688,227.69000244140625,230.60000610351562,9687341.0
2025-09-02 10:30:00-04:00,230.60000610351562,230.75,227.5283966064453,227.82899475097656,5124954.0
2025-09-02 11:30:00-04:00,227.82000732421875,228.1468963623047,227.1699981689453,227.85000610351562,3136378.0
2025-09-02 12:30:00-04:00,227.8437042236328,228.54539489746094,227.64999389648438,228.41000366210938,2530443.0
2025-09-02 13:30:00-04:00,228.4199981689453,229.33999633789062,228.3300018310547,228.39999389648438,2346892.0
2025-09-02 14:30:00-04:00,228.39999389648438,229.0800018310547,226.97000122070312,228.94000244140625,3504389.0
2025-09-02 15:30:00-04:00,228.92469787597656,230.0,228.89500427246094,229.7100067138672,4687318.0
2025-09-03 09:30:00-04:00,237.1999969482422,237.97000122070312,234.3699951171875,236.8300018310547,21171526.0
2025-09-03 10:30:00-04:00,236.81390380859375,237.60000610351562,235.99000549316406,236.01100158691406,8284903.0
2025-09-03 11:30:00-04:00,236.02000427246094,236.82000732421875,235.49000549316406,236.49000549316406,4830748.0
2025-09-03 12:30:00-04:00,236.4998016357422,237.89999389648438,236.44000244140625,237.4272003173828,4651843.0
2025-09-03 13:30:00-04:00,237.4250030517578,237.44000244140625,236.6300048828125,236.91000366210938,4344650.0
2025-09-03 14:30:00-04:00,236.89999389648438,237.4499969482422,236.77000427246094,237.15499877929688,4834362.0
2025-09-03 15:30:00-04:00,237.1558074951172,238.7100067138672,237.15040588378906,238.49000549316406,8891635.0
2025-09-04 09:30:00-04:00,238.4499969482422,239.89320373535156,237.0399932861328,237.69000244140625,12016131.0
2025-09-04 10:30:00-04:00,237.67999267578125,238.10000610351562,237.0749969482422,237.39999389648438,5223309.0
2025-09-04 11:30:00-04:00,237.38999938964844,237.6746063232422,236.74000549316406,237.16000366210938,3678939.0
2025-09-04 12:30:00-04:00,237.14999389648438,238.08999633789062,236.97000122070312,238.0399932861328,3071522.0
2025-09-04 13:30:00-04:00,238.04010009765625,238.38999938964844,237.50999450683594,238.05999755859375,5093419.0
2025-09-04 14:30:00-04:00,238.07000732421875,238.97999572753906,237.8800048828125,238.70449829101562,3814924.0
2025-09-04 15:30:00-04:00,238.6999969482422,239.89990234375,238.49000549316406,239.7100067138672,5942248.0
2025-09-05 09:30:00-04:00,239.99000549316406,241.32000732421875,239.1199951171875,239.28500366210938,17499270.0
2025-09-05 10:30:00-04:00,239.25,240.1699981689453,238.63999938964844,239.80499267578125,6538203.0
2025-09-05 11:30:00-04:00,239.82000732421875,240.31500244140625,238.52000427246094,238.77000427246094,4219870.0
2025-09-05 12:30:00-04:00,238.77999877929688,239.72500610351562,238.49009704589844,239.625,3993359.0
2025-09-05 13:30:00-04:00,239.64849853515625,239.64999389648438,238.72999572753906,239.1199951171875,2784543.0
2025-09-05 14:30:00-04:00,239.1199951171875,240.1300048828125,239.10000610351562,239.9250030517578,5197093.0
2025-09-05 15:30:00-04:00,239.92999267578125,240.01499938964844,239.05999755859375,239.6699981689453,4868520.0
2025-09-08 09:30:00-04:00,239.3000030517578,240.14999389648438,238.74000549316406,239.22999572753906,11286441.0
2025-09-08 10:30:00-04:00,239.22000122070312,239.57000732421875,238.61500549316406,238.6999969482422,5248756.0
2025-09-08 11:30:00-04:00,238.69500732421875,238.78829956054688,237.60000610351562,237.72999572753906,4448853.0
2025-09-08 12:30:00-04:00,237.72000122070312,237.87989807128906,236.33999633789062,237.80580139160156,4717107.0
2025-09-08 13:30:00-04:00,237.80990600585938,237.9550018310547,237.10499572753906,237.1649932861328,4114279.0
2025-09-08 14:30:00-04:00,237.15499877929688,237.24989318847656,236.61000061035156,237.11000061035156,3761415.0
2025-09-08 15:30:00-04:00,237.11500549316406,238.00999450683594,236.90420532226562,237.9199981689453,5177199.0
2025-09-09 09:30:00-04:00,237.0,238.0,236.0749969482422,236.3101043701172,7890752.0
2025-09-09 10:30:00-04:00,236.30999755859375,236.67999267578125,235.77999877929688,236.22500610351562,4277475.0
2025-09-09 11:30:00-04:00,236.22999572753906,236.25999450683594,235.5500030517578,236.0,4300130.0
2025-09-09 12:30:00-04:00,236.0,238.78050231933594,235.8249969482422,237.75,9674704.0
2025-09-09 13:30:00-04:00,237.75999450683594,238.10000610351562,233.6699981689453,234.52859497070312,16074676.0
2025-09-09 14:30:00-04:00,234.5500030517578,234.69000244140625,233.3699951171875,234.30999755859375,9544618.0
2025-09-09 15:30:00-04:00,234.30999755859375,234.63499450683594,233.51499938964844,234.35000610351562,6317179.0
2025-09-10 09:30:00-04:00,232.02499389648438,232.33999633789062,227.5500030517578,228.10800170898438,22167235.0
2025-09-10 10:30:00-04:00,228.11000061035156,228.34640502929688,227.02000427246094,227.0399932861328,11560546.0
2025-09-10 11:30:00-04:00,227.0399932861328,228.05499267578125,226.24009704589844,227.7386016845703,10156861.0
2025-09-10 12:30:00-04:00,227.7449951171875,227.78990173339844,226.6199951171875,226.80499267578125,6579251.0
2025-09-10 13:30:00-04:00,226.8000030517578,227.0850067138672,226.35000610351562,227.05999755859375,6214643.0
2025-09-10 14:30:00-04:00,227.05499267578125,227.35000610351562,226.17999267578125,226.18499755859375,6166050.0
2025-09-10 15:30:00-04:00,226.18499755859375,227.10000610351562,225.9521942138672,226.77999877929688,7727491.0
2025-09-11 09:30:00-04:00,226.875,229.18499755859375,226.64999389648438,228.94000244140625,13821091.0
2025-09-11 10:30:00-04:00,228.94000244140625,229.32000732421875,228.32020568847656,228.74000549316406,6721728.0
2025-09-11 11:30:00-04:00,228.75,228.77999877929688,228.02999877929688,228.61000061035156,3513968.0
2025-09-11 12:30:00-04:00,228.60000610351562,229.5399932861328,228.30999755859375,229.47250366210938,3516399.0
2025-09-11 13:30:00-04:00,229.47000122070312,230.16000366210938,229.17999267578125,229.4600067138672,4663505.0
2025-09-11 14:30:00-04:00,229.46499633789062,230.1508026123047,229.41000366210938,229.85000610351562,3884806.0
2025-09-11 15:30:00-04:00,229.83999633789062,230.4499969482422,229.8350067138672,230.02000427246094,5627999.0
2025-09-12 09:30:00-04:00,230.0,234.0780029296875,229.02000427246094,234.07000732421875,14988292.0
2025-09-12 10:30:00-04:00,234.0800018310547,234.50999450683594,233.36000061035156,234.09500122070312,8044876.0
2025-09-12 11:30:00-04:00,234.08999633789062,234.49000549316406,233.62100219726562,233.9694061279297,4710781.0
2025-09-12 12:30:00-04:00,233.9636993408203,233.96499633789062,233.0,233.23500061035156,4969404.0
2025-09-12 13:30:00-04:00,233.22000122070312,233.8699951171875,233.218505859375,233.5399932861328,3203879.0
2025-09-12 14:30:00-04:00,233.5399932861328,234.4499969482422,233.02999877929688,233.77549743652344,6970851.0
2025-09-12 15:30:00-04:00,233.77999877929688,234.2899932861328,233.50999450683594,234.05999755859375,5874733.0
2025-09-15 09:30:00-04:00,237.0,238.19000244140625,235.02999877929688,236.21499633789062,14134217.0
2025-09-15 10:30:00-04:00,236.2100067138672,237.02000427246094,235.66000366210938,236.82000732421875,4993166.0
2025-09-15 11:30:00-04:00,236.81500244140625,237.3000030517578,236.47000122070312,236.57000732421875,3686503.0
2025-09-15 12:30:00-04:00,236.5648956298828,236.5904998779297,235.6999969482422,235.75999450683594,2964448.0
2025-09-15 13:30:00-04:00,235.75,236.13999938964844,235.5800018310547,235.63999938964844,2953754.0
2025-09-15 14:30:00-04:00,235.63499450683594,236.33999633789062,235.27000427246094,235.97000122070312,3570486.0
2025-09-15 15:30:00-04:00,235.97000122070312,236.7899932861328,235.67999267578125,236.75999450683594,4732529.0
2025-09-16 09:30:00-04:00,237.0,241.22000122070312,236.32350158691406,239.52999877929688,14419277.0
2025-09-16 10:30:00-04:00,239.52999877929688,239.85000610351562,238.2449951171875,239.5928955078125,5338278.0
2025-09-16 11:30:00-04:00,239.58009338378906,239.58009338378906,238.46499633789062,239.19500732421875,3100557.0
2025-09-16 12:30:00-04:00,239.1999969482422,239.39999389648438,238.89999389648438,239.08560180664062,2224680.0
2025-09-16 13:30:00-04:00,239.10000610351562,239.11000061035156,238.1300048828125,238.92999267578125,2717104.0
2025-09-16 14:30:00-04:00,238.94000244140625,239.60000610351562,238.80999755859375,238.93829345703125,3145293.0
2025-09-16 15:30:00-04:00,238.94000244140625,239.4199981689453,238.08009338378906,238.13999938964844,20444664.0
2025-09-17 09:30:00-04:00,238.97000122070312,240.10000610351562,238.7899932861328,239.6300048828125,9926684.0
2025-09-17 10:30:00-04:00,239.63999938964844,240.00999450683594,239.1999969482422,239.47999572753906,4002310.0
2025-09-17 11:30:00-04:00,239.48500061035156,239.77999877929688,239.27999877929688,239.67430114746094,3170671.0
2025-09-17 12:30:00-04:00,239.67999267578125,239.77000427246094,239.35000610351562,239.52000427246094,2892623.0
2025-09-17 13:30:00-04:00,239.52000427246094,239.82000732421875,238.4499969482422,239.55999755859375,4570049.0
2025-09-17 14:30:00-04:00,239.5500030517578,239.6300048828125,237.7301025390625,239.2628936767578,5910219.0
2025-09-17 15:30:00-04:00,239.27000427246094,239.27999877929688,238.47999572753906,238.97000122070312,4226195.0
2025-09-18 09:30:00-04:00,239.9499969482422,241.1999969482422,236.64999389648438,237.55999755859375,11453464.0
2025-09-18 10:30:00-04:00,237.56500244140625,238.7949981689453,237.31500244140625,238.19000244140625,4587899.0
2025-09-18 11:30:00-04:00,238.2100067138672,238.5399932861328,237.35000610351562,237.94000244140625,3609143.0
2025-09-18 12:30:00-04:00,237.9499969482422,238.1999969482422,237.63999938964844,237.8800048828125,3556108.0
2025-09-18 13:30:00-04:00,237.8699951171875,238.10000610351562,237.210205078125,237.8018035888672,3010288.0
2025-09-18 14:30:00-04:00,237.80999755859375,237.94639587402344,237.25010681152344,237.4499969482422,3540701.0
2025-09-18 15:30:00-04:00,237.4550018310547,238.11000061035156,237.43499755859375,237.85000610351562,4049383.0
2025-09-19 09:30:00-04:00,241.1750030517578,242.6999969482422,240.21060180664062,241.14999389648438,26772067.0
2025-09-19 10:30:00-04:00,241.14999389648438,243.16000366210938,241.05999755859375,242.27999877929688,10143358.0
2025-09-19 11:30:00-04:00,242.27369689941406,244.56910705566406,242.0491943359375,244.52000427246094,9031105.0
2025-09-19 12:30:00-04:00,244.5124969482422,245.9199981689453,244.26870727539062,245.24380493164062,12269832.0
2025-09-19 13:30:00-04:00,245.24000549316406,246.2698974609375,244.89999389648438,245.48849487304688,9746967.0
2025-09-19 14:30:00-04:00,245.48500061035156,246.10000610351562,245.1909942626953,245.61000061035156,7490411.0
2025-09-19 15:30:00-04:00,245.60000610351562,246.3000030517578,244.74000549316406,245.2899932861328,12986528.0
2025-09-22 09:30:00-04:00,248.33999633789062,252.73500061035156,248.1699981689453,252.67160034179688,27825122.0
2025-09-22 10:30:00-04:00,252.66000366210938,256.0799865722656,252.0800018310547,255.789794921875,16983776.0
2025-09-22 11:30:00-04:00,255.77000427246094,256.6300048828125,253.5800018310547,253.72000122070312,16047694.0
2025-09-22 12:30:00-04:00,253.72999572753906,254.72999572753906,253.16000366210938,254.5928955078125,8453992.0
2025-09-22 13:30:00-04:00,254.5800018310547,255.25999450683594,253.89999389648438,255.24000549316406,5242129.0
2025-09-22 14:30:00-04:00,255.2449951171875,256.05999755859375,254.7346954345703,255.7899932861328,8214973.0
2025-09-22 15:30:00-04:00,255.80499267578125,256.260009765625,255.61500549316406,256.0899963378906,9091926.0
2025-09-23 09:30:00-04:00,256.5,257.3399963378906,255.27999877929688,256.6173095703125,11263642.0
2025-09-23 10:30:00-04:00,256.6099853515625,256.70001220703125,255.00999450683594,256.1000061035156,5490061.0
2025-09-23 11:30:00-04:00,256.1300048828125,256.2099914550781,255.35000610351562,255.72689819335938,3232527.0
2025-09-23 12:30:00-04:00,255.7200927734375,255.85000610351562,254.39999389648438,254.6699981689453,2847437.0
2025-09-23 13:30:00-04:00,254.66000366210938,254.96099853515625,253.92999267578125,254.63999938964844,16280935.0
2025-09-23 14:30:00-04:00,254.63999938964844,254.83999633789062,253.58999633789062,254.16990661621094,4692554.0
2025-09-23 15:30:00-04:00,254.16000366210938,254.52999877929688,253.6699981689453,254.52999877929688,5076635.0
2025-09-24 09:30:00-04:00,255.0,255.3699951171875,252.0800018310547,252.6219940185547,6502958.0
2025-09-24 10:30:00-04:00,252.625,252.99000549316406,251.5399932861328,252.1199951171875,3291728.0
2025-09-24 11:30:00-04:00,252.1199951171875,252.25999450683594,251.0399932861328,252.1649932861328,3045221.0
2025-09-24 12:30:00-04:00,252.17140197753906,252.25999450683594,251.33999633789062,251.49000549316406,1637321.0
2025-09-24 13:30:00-04:00,251.51499938964844,252.11000061035156,251.27999877929688,251.76499938964844,1622724.0
2025-09-24 14:30:00-04:00,251.75,251.7899932861328,251.24000549316406,251.38999938964844,1680916.0
2025-09-24 15:30:00-04:00,251.38999938964844,252.49000549316406,251.2899932861328,252.24000549316406,2697400.0
2025-09-25 09:30:00-04:00,253.0,254.1199951171875,251.71200561523438,254.0,8503081.0
2025-09-25 10:30:00-04:00,254.00010681152344,254.1387939453125,253.02999877929688,253.50010681152344,3154957.0
2025-09-25 11:30:00-04:00,253.50010681152344,253.91000366210938,252.3000030517578,252.53030395507812,2473004.0
2025-09-25 12:30:00-04:00,252.5399932861328,253.8800048828125,252.5,253.5,2502302.0
2025-09-25 13:30:00-04:00,253.49000549316406,254.58999633789062,252.85000610351562,254.55999755859375,2634795.0
2025-09-25 14:30:00-04:00,254.5500030517578,257.1700134277344,254.22999572753906,256.9599914550781,7107739.0
2025-09-25 15:30:00-04:00,256.95001220703125,257.1099853515625,255.4199981689453,256.94000244140625,4610669.0
2025-09-26 09:30:00-04:00,254.0,256.6000061035156,253.77999877929688,255.02000427246094,8034498.0
2025-09-26 10:30:00-04:00,255.02000427246094,255.99000549316406,254.57119750976562,255.9700927734375,3714841.0
2025-09-26 11:30:00-04:00,255.97000122070312,256.0400085449219,254.86000061035156,255.6649932861328,2276774.0
2025-09-26 12:30:00-04:00,255.66000366210938,256.9750061035156,255.47999572753906,256.5199890136719,2086042.0
2025-09-26 13:30:00-04:00,256.5199890136719,257.3599853515625,255.86000061035156,256.55499267578125,2653513.0
2025-09-26 14:30:00-04:00,256.56500244140625,256.7298889160156,255.49000549316406,255.64500427246094,2089315.0
2025-09-26 15:30:00-04:00,255.63999938964844,255.64979553222656,254.89999389648438,255.4600067138672,3021515.0
2025-09-29 09:30:00-04:00,254.0,254.5,253.00999450683594,254.2198944091797,6306062.0
2025-09-29 10:30:00-04:00,254.2050018310547,254.24000549316406,253.30999755859375,253.47000122070312,2834864.0
2025-09-29 11:30:00-04:00,253.4665069580078,254.07000732421875,253.1199951171875,253.66000366210938,2275242.0
2025-09-29 12:30:00-04:00,253.6699981689453,253.7799072265625,253.2100067138672,253.39999389648438,1744854.0
2025-09-29 13:30:00-04:00,253.38999938964844,254.61500549316406,253.1300048828125,254.57000732421875,2297052.0
2025-09-29 14:30:00-04:00,254.57000732421875,254.60000610351562,253.61000061035156,253.99000549316406,2057798.0
2025-09-29 15:30:00-04:00,253.99000549316406,254.8300018310547,253.94000244140625,254.35000610351562,2513071.0
2025-09-30 09:30:00-04:00,255.0,255.91900634765625,253.9600067138672,254.88619995117188,5093340.0
2025-09-30 10:30:00-04:00,254.91000366210938,255.6750030517578,253.82009887695312,254.22000122070312,2465164.0
2025-09-30 11:30:00-04:00,254.2100067138672,254.97000122070312,254.16009521484375,254.53509521484375,1531480.0
2025-09-30 12:30:00-04:00,254.55059814453125,254.6699981689453,253.31170654296875,253.73500061035156,1623333.0
2025-09-30 13:30:00-04:00,253.75999450683594,253.99000549316406,253.11000061035156,253.33999633789062,1664288.0
2025-09-30 14:30:00-04:00,253.33999633789062,254.24000549316406,253.27099609375,253.9499969482422,2061307.0
2025-09-30 15:30:00-04:00,253.9600067138672,255.17999267578125,253.80999755859375,254.55999755859375,3030681.0
2025-10-01 09:30:00-04:00,255.25,258.7900085449219,255.0500030517578,256.1614074707031,9677443.0
2025-10-01 10:30:00-04:00,256.17999267578125,256.2590026855469,255.10000610351562,255.52450561523438,2972074.0
2025-10-01 11:30:00-04:00,255.5301055908203,256.9200134277344,255.50999450683594,256.1600036621094,2338742.0
2025-10-01 12:30:00-04:00,256.1636047363281,256.8298034667969,255.85499572753906,256.1404113769531,1826687.0
2025-10-01 13:30:00-04:00,256.1650085449219,256.6859130859375,256.05999755859375,256.4849853515625,10115926.0
2025-10-01 14:30:00-04:00,256.4800109863281,256.94000244140625,255.8699951171875,255.94000244140625,2751615.0
2025-10-01 15:30:00-04:00,255.94000244140625,256.1400146484375,255.27999877929688,255.41000366210938,4879162.0
2025-10-02 09:30:00-04:00,256.5899963378906,257.29998779296875,254.14999389648438,256.2200927734375,11570169.0
2025-10-02 10:30:00-04:00,256.2300109863281,257.6400146484375,255.97000122070312,257.1650085449219,4800305.0
2025-10-02 11:30:00-04:00,257.1499938964844,258.17999267578125,256.72100830078125,257.3450012207031,4388406.0
2025-10-02 12:30:00-04:00,257.3450012207031,257.8226013183594,257.1138916015625,257.4100036621094,2290319.0
2025-10-02 13:30:00-04:00,257.3900146484375,257.9100036621094,257.0299987792969,257.8800048828125,2476632.0
2025-10-02 14:30:00-04:00,257.8699951171875,258.1600036621094,257.375,257.510009765625,4612702.0
2025-10-02 15:30:00-04:00,257.510009765625,257.875,256.8800048828125,257.1400146484375,5100991.0
2025-10-03 09:30:00-04:00,254.6649932861328,259.0400085449219,253.9600067138672,257.8500061035156,16311886.0
2025-10-03 10:30:00-04:00,257.8599853515625,258.739990234375,257.5199890136719,258.510009765625,4452948.0
2025-10-03 11:30:00-04:00,258.4930114746094,259.239990234375,258.2571105957031,258.5487060546875,4828730.0
2025-10-03 12:30:00-04:00,258.5400085449219,258.92999267578125,258.1199951171875,258.30999755859375,3408741.0
2025-10-03 13:30:00-04:00,258.29998779296875,258.5899963378906,256.9599914550781,258.3699951171875,5459239.0
2025-10-03 14:30:00-04:00,258.3699951171875,258.5849914550781,257.8500061035156,257.9200134277344,3050327.0
2025-10-03 15:30:00-04:00,257.9200134277344,258.260009765625,257.40350341796875,258.0150146484375,4468054.0
2025-10-06 09:30:00-04:00,257.94500732421875,259.07000732421875,255.0500030517578,257.7799987792969,11669158.0
2025-10-06 10:30:00-04:00,257.79998779296875,257.9800109863281,257.2799987792969,257.5513000488281,3447400.0
2025-10-06 11:30:00-04:00,257.56500244140625,257.6700134277344,256.7699890136719,257.1300048828125,3501833.0
2025-10-06 12:30:00-04:00,257.1300048828125,257.4800109863281,256.1304931640625,256.55999755859375,2877222.0
2025-10-06 13:30:00-04:00,256.54998779296875,256.68121337890625,255.5,256.18499755859375,5922536.0
2025-10-06 14:30:00-04:00,256.1802062988281,256.6600036621094,256.06500244140625,256.510009765625,2693724.0
2025-10-06 15:30:00-04:00,256.510009765625,257.25,256.4599914550781,256.6499938964844,3577742.0
2025-10-07 09:30:00-04:00,256.82000732421875,257.3999938964844,256.2799987792969,256.67999267578125,6425357.0
2025-10-07 10:30:00-04:00,256.6700134277344,257.10791015625,255.60000610351562,256.3789978027344,4531854.0
2025-10-07 11:30:00-04:00,256.3900146484375,256.84979248046875,255.88999938964844,256.3384094238281,3693772.0
2025-10-07 12:30:00-04:00,256.3299865722656,256.6600036621094,255.75430297851562,255.88999938964844,2335693.0
2025-10-07 13:30:00-04:00,255.86000061035156,256.1499938964844,255.42999267578125,256.06988525390625,2294433.0
2025-10-07 14:30:00-04:00,256.07000732421875,256.301513671875,255.91009521484375,256.0199890136719,2361474.0
2025-10-07 15:30:00-04:00,256.0199890136719,256.6199951171875,255.9199981689453,256.489990234375,3978516.0
2025-10-08 09:30:00-04:00,256.5299987792969,258.19000244140625,256.1099853515625,257.8399963378906,8459277.0
2025-10-08 10:30:00-04:00,257.8599853515625,258.4549865722656,257.20001220703125,258.0400085449219,4427277.0
2025-10-08 11:30:00-04:00,258.05499267578125,258.5199890136719,257.55999755859375,258.20001220703125,2832234.0
2025-10-08 12:30:00-04:00,258.19000244140625,258.32501220703125,257.625,257.92498779296875,2099955.0
2025-10-08 13:30:00-04:00,257.92498779296875,258.20001220703125,257.6499938964844,257.9150085449219,2280625.0
2025-10-08 14:30:00-04:00,257.8999938964844,258.42999267578125,257.739990234375,258.25,2564469.0
2025-10-08 15:30:00-04:00,258.239990234375,258.489990234375,257.8800048828125,258.0299987792969,4214118.0
2025-10-09 09:30:00-04:00,257.3299865722656,257.3599853515625,254.8090057373047,254.97999572753906,8612385.0
2025-10-09 10:30:00-04:00,254.5800018310547,255.1199951171875,254.57009887695312,254.89500427246094,4441161.0
2025-10-09 11:30:00-04:00,254.47000122070312,254.61000061035156,253.8260955810547,253.84500122070312,4409804.0
2025-10-09 12:30:00-04:00,253.8800048828125,254.00999450683594,253.2030029296875,253.4575958251953,2710789.0
2025-10-09 13:30:00-04:00,253.72999572753906,253.72999572753906,253.41009521484375,253.55999755859375,2363786.0
2025-10-09 14:30:00-04:00,253.44000244140625,254.08999633789062,253.41000366210938,253.89999389648438,3949781.0
2025-10-09 15:30:00-04:00,253.69000244140625,254.27000427246094,253.63999938964844,253.97999572753906,3200147.0
2025-10-10 09:30:00-04:00,255.32000732421875,256.29290771484375,254.8800048828125,255.17999267578125,7963458.0
2025-10-10 10:30:00-04:00,255.1999969482422,255.3000030517578,248.9499969482422,249.41000366210938,9992812.0
2025-10-10 11:30:00-04:00,249.0399932861328,249.6649932861328,247.75999450683594,248.61000061035156,6989327.0
2025-10-10 12:30:00-04:00,248.58999633789062,249.05999755859375,247.05999755859375,247.80999755859375,4394995.0
2025-10-10 13:30:00-04:00,247.77000427246094,248.57000732421875,247.0800018310547,247.16000366210938,4882982.0
2025-10-10 14:30:00-04:00,247.13710021972656,247.30999755859375,245.81500244140625,246.1649932861328,5426839.0
2025-10-10 15:30:00-04:00,246.1699981689453,246.99000549316406,244.57000732421875,245.27999877929688,8519891.0
2025-10-13 09:30:00-04:00,249.3800048828125,249.49000549316406,245.55999755859375,246.37600708007812,9359382.0
2025-10-13 10:30:00-04:00,246.3699951171875,248.65989685058594,246.22999572753906,248.59030151367188,5816790.0
2025-10-13 11:30:00-04:00,248.6199951171875,249.6199951171875,248.36000061035156,249.17999267578125,3115587.0
2025-10-13 12:30:00-04:00,249.1699981689453,249.68930053710938,248.5500030517578,249.1042022705078,2298264.0
2025-10-13 13:30:00-04:00,249.08999633789062,249.32000732421875,248.68800354003906,249.1461944580078,2175748.0
2025-10-13 14:30:00-04:00,249.13999938964844,249.24000549316406,248.1300048828125,248.32000732421875,2310709.0
2025-10-13 15:30:00-04:00,248.32000732421875,248.58999633789062,247.3300018310547,247.58999633789062,3786722.0
2025-10-14 09:30:00-04:00,246.61500549316406,247.22999572753906,244.6999969482422,247.02000427246094,6901149.0
2025-10-14 10:30:00-04:00,247.0,247.74989318847656,246.1199951171875,246.21400451660156,3292430.0
2025-10-14 11:30:00-04:00,246.22999572753906,247.75,246.1699981689453,247.38999938964844,2724013.0
2025-10-14 12:30:00-04:00,247.38999938964844,248.035400390625,247.38499450683594,247.79800415039062,2048766.0
2025-10-14 13:30:00-04:00,247.80999755859375,247.82000732421875,247.17999267578125,247.48500061035156,2132596.0
2025-10-14 14:30:00-04:00,247.49000549316406,248.75,247.14439392089844,248.4199981689453,3822730.0
2025-10-14 15:30:00-04:00,248.42999267578125,248.84500122070312,246.72999572753906,247.85000610351562,4482259.0
2025-10-15 09:30:00-04:00,249.3800048828125,251.82000732421875,248.63999938964844,250.85000610351562,8163531.0
2025-10-15 10:30:00-04:00,250.8699951171875,251.4691925048828,249.8000030517578,249.85989379882812,3430819.0
2025-10-15 11:30:00-04:00,249.82000732421875,250.04969787597656,248.72000122070312,249.77499389648438,2879510.0
2025-10-15 12:30:00-04:00,249.77999877929688,249.9499053955078,247.47999572753906,248.0904998779297,2290291.0
2025-10-15 13:30:00-04:00,248.10499572753906,249.8000030517578,248.0500030517578,249.64700317382812,1934212.0
2025-10-15 14:30:00-04:00,249.64999389648438,250.10000610351562,249.47999572753906,249.9199981689453,2139459.0
2025-10-15 15:30:00-04:00,249.92999267578125,250.07000732421875,248.1699981689453,249.42999267578125,4229173.0
2025-10-16 09:30:00-04:00,248.27000427246094,248.3800048828125,246.17999267578125,247.50999450683594,9564057.0
2025-10-16 10:30:00-04:00,247.49000549316406,249.0399932861328,247.48170471191406,248.23500061035156,4826932.0
2025-10-16 11:30:00-04:00,248.1699981689453,248.66310119628906,247.03500366210938,247.72000122070312,3305994.0
2025-10-16 12:30:00-04:00,247.70010375976562,247.7720947265625,246.0399932861328,247.22000122070312,4045208.0
2025-10-16 13:30:00-04:00,247.22000122070312,247.4199981689453,245.25999450683594,245.66000366210938,3995746.0
2025-10-16 14:30:00-04:00,245.63999938964844,247.02000427246094,245.1300048828125,246.5500030517578,3603265.0
2025-10-16 15:30:00-04:00,246.55999755859375,247.91000366210938,246.35000610351562,247.42999267578125,3734949.0
2025-10-17 09:30:00-04:00,248.02000427246094,250.32000732421875,247.27000427246094,249.5601043701172,11142993.0
2025-10-17 10:30:00-04:00,249.6439971923828,249.86000061035156,248.22999572753906,248.47999572753906,3459331.0
2025-10-17 11:30:00-04:00,248.47999572753906,250.35000610351562,248.09719848632812,250.29649353027344,4277714.0
2025-10-17 12:30:00-04:00,250.29330444335938,251.36000061035156,250.27520751953125,250.81500244140625,6063960.0
2025-10-17 13:30:00-04:00,250.8000030517578,252.53500366210938,250.2449951171875,252.3000030517578,3952984.0
2025-10-17 14:30:00-04:00,252.2823944091797,252.82000732421875,251.6999969482422,252.75999450683594,3982655.0
2025-10-17 15:30:00-04:00,252.75,253.3800048828125,252.1199951171875,252.3000030517578,7247788.0
2025-10-20 09:30:00-04:00,255.88499450683594,259.8699951171875,255.6300048828125,259.5050048828125,19526731.0
2025-10-20 10:30:00-04:00,259.489990234375,263.54998779296875,259.07000732421875,262.57000732421875,20690049.0
2025-10-20 11:30:00-04:00,262.54998779296875,264.375,262.4175109863281,263.489990234375,13764809.0
2025-10-20 12:30:00-04:00,263.4800109863281,264.2099914550781,262.6499938964844,263.1650085449219,8089517.0
2025-10-20 13:30:00-04:00,263.17999267578125,263.8299865722656,262.7900085449219,263.7300109863281,4756799.0
2025-10-20 14:30:00-04:00,263.739990234375,263.80999755859375,263.0400085449219,263.4200134277344,5423277.0
2025-10-20 15:30:00-04:00,263.44000244140625,263.8500061035156,261.92999267578125,262.2300109863281,8021467.0
2025-10-21 09:30:00-04:00,261.8800048828125,265.2900085449219,261.8800048828125,263.4999084472656,17003580.0
2025-10-21 10:30:00-04:00,263.4599914550781,263.8299865722656,262.510009765625,263.6619873046875,4721265.0
2025-10-21 11:30:00-04:00,263.6700134277344,264.5350036621094,263.0801086425781,263.1700134277344,5514253.0
2025-10-21 12:30:00-04:00,263.1600036621094,263.6799011230469,262.8475036621094,263.3265075683594,2671606.0
2025-10-21 13:30:00-04:00,263.3258056640625,264.04998779296875,262.1499938964844,263.44989013671875,3718095.0
2025-10-21 14:30:00-04:00,263.4495849609375,263.7381896972656,262.95001220703125,263.0849914550781,3430980.0
2025-10-21 15:30:00-04:00,263.0950012207031,263.2099914550781,262.4700012207031,262.8399963378906,3493018.0
2025-10-22 09:30:00-04:00,262.7900085449219,262.8500061035156,259.7200012207031,260.0498962402344,9155667.0
2025-10-22 10:30:00-04:00,260.0,261.1300048828125,257.6401062011719,258.4299011230469,5930214.0
2025-10-22 11:30:00-04:00,258.45001220703125,259.489990234375,258.04998779296875,258.54998779296875,3763921.0
2025-10-22 12:30:00-04:00,258.54998779296875,258.7699890136719,256.29998779296875,256.69140625,4679141.0
2025-10-22 13:30:00-04:00,256.6700134277344,257.0798034667969,255.42999267578125,256.5509948730469,4221043.0
2025-10-22 14:30:00-04:00,256.54998779296875,257.67999267578125,256.1400146484375,257.510009765625,3195141.0
2025-10-22 15:30:00-04:00,257.5199890136719,258.80999755859375,257.42999267578125,258.42999267578125,4263522.0
2025-10-23 09:30:00-04:00,259.8900146484375,260.1799011230469,258.0101013183594,259.4798889160156,6251007.0
2025-10-23 10:30:00-04:00,259.4200134277344,259.67999267578125,258.7300109863281,259.3999938964844,2852790.0
2025-10-23 11:30:00-04:00,259.3999938964844,260.6199035644531,259.0834045410156,260.0400085449219,3168121.0
2025-10-23 12:30:00-04:00,260.04998779296875,260.54998779296875,259.5199890136719,259.8599853515625,2574209.0
2025-10-23 13:30:00-04:00,259.8800048828125,260.42498779296875,259.8299865722656,259.9700012207031,3320192.0
2025-10-23 14:30:00-04:00,259.9700012207031,260.0199890136719,259.6199951171875,259.8999938964844,2237171.0
2025-10-23 15:30:00-04:00,259.9100036621094,260.04998779296875,259.0799865722656,259.5799865722656,3143856.0
2025-10-24 09:30:00-04:00,261.19000244140625,261.6199951171875,259.17999267578125,260.94140625,7287527.0
2025-10-24 10:30:00-04:00,260.94000244140625,263.3599853515625,260.7900085449219,263.2799987792969,5490920.0
2025-10-24 11:30:00-04:00,263.2900085449219,264.0299987792969,262.95001220703125,263.5799865722656,4458666.0
2025-10-24 12:30:00-04:00,263.5899963378906,263.7099914550781,262.8500061035156,263.6099853515625,2930456.0
2025-10-24 13:30:00-04:00,263.6099853515625,264.1300048828125,263.4100036621094,264.0199890136719,2843868.0
2025-10-24 14:30:00-04:00,264.0249938964844,264.1000061035156,263.1499938964844,263.5,3187549.0
2025-10-24 15:30:00-04:00,263.510009765625,263.6600036621094,262.1300048828125,262.739990234375,4742484.0
2025-10-27 09:30:00-04:00,264.8800048828125,267.04998779296875,264.65008544921875,265.7300109863281,9319511.0
2025-10-27 10:30:00-04:00,265.739990234375,266.4200134277344,265.19500732421875,265.7099914550781,4050852.0
2025-10-27 11:30:00-04:00,265.7099914550781,266.0899963378906,265.04998779296875,265.92999267578125,3517895.0
2025-10-27 12:30:00-04:00,265.94000244140625,266.125,265.510009765625,265.6199951171875,3331147.0
2025-10-27 13:30:00-04:00,265.6300048828125,266.0150146484375,265.510009765625,265.5950012207031,2171755.0
2025-10-27 14:30:00-04:00,265.5899963378906,267.3999938964844,265.4700012207031,267.2749938964844,4259189.0
2025-10-27 15:30:00-04:00,267.2699890136719,269.0799865722656,267.2099914550781,268.739990234375,6996092.0
2025-10-28 09:30:00-04:00,269.135009765625,269.8699951171875,268.25,268.6499938964844,11832766.0
2025-10-28 10:30:00-04:00,268.6423034667969,269.1400146484375,268.1499938964844,268.69720458984375,3550384.0
2025-10-28 11:30:00-04:00,268.69500732421875,269.0758056640625,268.3500061035156,268.9949951171875,2758052.0
2025-10-28 12:30:00-04:00,268.9800109863281,269.8699951171875,268.82000732421875,269.4949951171875,3503864.0
2025-10-28 13:30:00-04:00,269.4949951171875,269.4949951171875,268.79998779296875,269.0902099609375,3181670.0
2025-10-28 14:30:00-04:00,269.1050109863281,269.44000244140625,268.7799987792969,269.20001220703125,4120349.0
2025-10-28 15:30:00-04:00,269.20001220703125,269.3550109863281,268.6000061035156,269.0299987792969,5339653.0
2025-10-29 09:30:00-04:00,269.2749938964844,271.4100036621094,268.70001220703125,270.4200134277344,10209230.0
2025-10-29 10:30:00-04:00,270.4100036621094,270.44500732421875,267.51220703125,267.6300048828125,6247839.0
2025-10-29 11:30:00-04:00,267.6099853515625,268.8599853515625,267.1099853515625,268.6199951171875,4595121.0
2025-10-29 12:30:00-04:00,268.6029968261719,269.93011474609375,268.4700927734375,269.93011474609375,3066081.0
2025-10-29 13:30:00-04:00,269.8900146484375,270.8500061035156,269.7900085449219,270.80999755859375,4963178.0
2025-10-29 14:30:00-04:00,270.7850036621094,270.92999267578125,268.260009765625,268.30999755859375,5156103.0
2025-10-29 15:30:00-04:00,268.32000732421875,270.3800048828125,267.79998779296875,269.7300109863281,4325904.0
2025-10-30 09:30:00-04:00,271.989990234375,274.1400146484375,268.989990234375,269.0899963378906,8387840.0
2025-10-30 10:30:00-04:00,269.0899963378906,271.1700134277344,268.4800109863281,270.7900085449219,3886744.0
2025-10-30 11:30:00-04:00,270.7799987792969,272.3900146484375,270.2630920410156,272.010009765625,3869786.0
2025-10-30 12:30:00-04:00,272.0,272.06781005859375,271.0400085449219,271.95001220703125,2409548.0
2025-10-30 13:30:00-04:00,271.95001220703125,272.29998779296875,271.2799987792969,271.75,3435055.0
2025-10-30 14:30:00-04:00,271.760009765625,272.00799560546875,270.9949951171875,271.3399963378906,3831349.0
2025-10-30 15:30:00-04:00,271.3399963378906,271.6700134277344,271.04998779296875,271.2900085449219,5177440.0
2025-10-31 09:30:00-04:00,276.989990234375,277.32000732421875,269.1600036621094,270.3800048828125,17228178.0
2025-10-31 10:30:00-04:00,270.42999267578125,271.5599060058594,270.10009765625,271.29998779296875,4595066.0
2025-10-31 11:30:00-04:00,271.2998962402344,272.8584899902344,270.2200012207031,272.43499755859375,4301242.0
2025-10-31 12:30:00-04:00,272.42999267578125,273.1700134277344,270.1499938964844,270.3487854003906,4005527.0
2025-10-31 13:30:00-04:00,270.3299865722656,272.0599060058594,270.1099853515625,271.80999755859375,2396660.0
2025-10-31 14:30:00-04:00,271.7900085449219,272.17498779296875,271.2699890136719,272.1050109863281,2901733.0
2025-10-31 15:30:00-04:00,272.1300048828125,272.6499938964844,269.9599914550781,270.25,6601078.0
2025-11-03 09:30:00-05:00,270.4200134277344,270.7799987792969,266.25,267.6300048828125,10223517.0
2025-11-03 10:30:00-05:00,267.6400146484375,268.2799987792969,266.5,266.6400146484375,3102546.0
2025-11-03 11:30:00-05:00,266.659912109375,268.1499938964844,266.5223083496094,267.5350036621094,2821699.0
2025-11-03 12:30:00-05:00,267.5199890136719,268.0,267.25,267.6780090332031,2034109.0
2025-11-03 13:30:00-05:00,267.70989990234375,268.6199951171875,267.30999755859375,267.30999755859375,2075268.0
2025-11-03 14:30:00-05:00,267.32000732421875,267.7900085449219,266.9100036621094,267.6199951171875,2243434.0
2025-11-03 15:30:00-05:00,267.6300048828125,269.1099853515625,267.4599914550781,269.05999755859375,3383138.0
2025-11-04 09:30:00-05:00,268.24249267578125,269.5899963378906,267.614990234375,268.42999267578125,9645778.0
2025-11-04 10:30:00-05:00,268.42999267578125,271.0,267.7099914550781,270.6099853515625,3278354.0
2025-11-04 11:30:00-05:00,270.6400146484375,271.4859924316406,268.9800109863281,270.010009765625,3846826.0
2025-11-04 12:30:00-05:00,270.0050048828125,270.92999267578125,269.8900146484375,270.6383972167969,2072453.0
2025-11-04 13:30:00-05:00,270.6099853515625,270.82000732421875,269.8699951171875,270.5104064941406,2562532.0
2025-11-04 14:30:00-05:00,270.5299987792969,270.6099853515625,269.28271484375,270.09051513671875,2594188.0
2025-11-04 15:30:00-05:00,270.1000061035156,270.4049987792969,269.5,270.2099914550781,3522361.0
2025-11-05 09:30:00-05:00,268.5899963378906,269.58990478515625,266.92999267578125,269.0101013183594,7995553.0
2025-11-05 10:30:00-05:00,268.989990234375,270.3800048828125,268.760009765625,270.2900085449219,2169435.0
2025-11-05 11:30:00-05:00,270.2799987792969,270.4700012207031,269.5,269.9700012207031,1631841.0
2025-11-05 12:30:00-05:00,269.9700012207031,270.7900085449219,269.92999267578125,270.1199951171875,1426592.0
2025-11-05 13:30:00-05:00,270.1099853515625,271.70001220703125,269.7699890136719,270.42999267578125,2651761.0
2025-11-05 14:30:00-05:00,270.4100036621094,271.5,269.5299987792969,269.6000061035156,2282746.0
2025-11-05 15:30:00-05:00,269.6099853515625,270.3999938964844,268.9949951171875,270.1099853515625,3567904.0
2025-11-06 09:30:00-05:00,267.8900146484375,272.82000732421875,267.8900146484375,272.82000732421875,6762187.0
2025-11-06 10:30:00-05:00,272.8280029296875,273.3999938964844,271.55010986328125,272.1814880371094,5580072.0
2025-11-06 11:30:00-05:00,272.17999267578125,272.2200012207031,270.3900146484375,271.42498779296875,3198033.0
2025-11-06 12:30:00-05:00,271.4200134277344,272.56500244140625,270.9200134277344,271.3500061035156,2621839.0
2025-11-06 13:30:00-05:00,271.3699951171875,272.1600036621094,271.0203857421875,271.9901123046875,1783486.0
2025-11-06 14:30:00-05:00,272.0050048828125,272.20001220703125,270.7349853515625,271.2099914550781,2198935.0
2025-11-06 15:30:00-05:00,271.20001220703125,271.52020263671875,269.5950012207031,269.6600036621094,14262779.0
2025-11-07 09:30:00-05:00,269.7950134277344,272.2900085449219,267.2699890136719,271.5799865722656,7855390.0
2025-11-07 10:30:00-05:00,271.55999755859375,271.9700012207031,269.4800109863281,269.5299987792969,3991205.0
2025-11-07 11:30:00-05:00,269.5199890136719,269.8900146484375,268.32000732421875,269.1099853515625,3276263.0
2025-11-07 12:30:00-05:00,269.114990234375,269.1400146484375,268.0588073730469,268.45001220703125,2041690.0
2025-11-07 13:30:00-05:00,268.45001220703125,268.6600036621094,267.0950012207031,267.25,2217548.0
2025-11-07 14:30:00-05:00,267.260009765625,268.5,266.7799987792969,267.7598876953125,3921327.0
2025-11-07 15:30:00-05:00,267.760009765625,268.5799865722656,267.69000244140625,268.4200134277344,3276821.0
2025-11-10 09:30:00-05:00,268.95001220703125,273.7300109863281,268.95001220703125,271.85699462890625,7030981.0
2025-11-10 10:30:00-05:00,271.8299865722656,271.989990234375,269.04998779296875,269.06640625,3083676.0
2025-11-10 11:30:00-05:00,269.0400085449219,269.7587890625,268.489990234375,269.0799865722656,2346213.0
2025-11-10 12:30:00-05:00,269.07000732421875,270.2300109863281,269.010009765625,269.7300109863281,1807442.0
2025-11-10 13:30:00-05:00,269.7099914550781,270.3077087402344,267.4549865722656,269.6600036621094,3188667.0
2025-11-10 14:30:00-05:00,269.6300048828125,269.80999755859375,269.04998779296875,269.11859130859375,2248210.0
2025-11-10 15:30:00-05:00,269.1000061035156,269.6000061035156,268.760009765625,269.3599853515625,2892894.0
2025-11-11 09:30:00-05:00,269.80999755859375,274.739990234375,269.79998779296875,274.1000061035156,9244708.0
2025-11-11 10:30:00-05:00,274.1000061035156,274.3460998535156,272.42999267578125,272.5,3452496.0
2025-11-11 11:30:00-05:00,272.510009765625,273.614990234375,271.7799987792969,273.31500244140625,2525614.0
2025-11-11 12:30:00-05:00,273.3299865722656,274.70001220703125,273.0299987792969,274.4800109863281,2634766.0
2025-11-11 13:30:00-05:00,274.489990234375,275.6600036621094,274.1600036621094,275.32000732421875,3455305.0
2025-11-11 14:30:00-05:00,275.3299865722656,275.760009765625,275.04998779296875,275.25,2653431.0
2025-11-11 15:30:00-05:00,275.239990234375,275.8450012207031,274.79998779296875,275.29998779296875,4039713.0
2025-11-12 09:30:00-05:00,275.07501220703125,275.239990234375,271.8699951171875,272.94000244140625,10718425.0
2025-11-12 10:30:00-05:00,272.9100036621094,274.6099853515625,272.54998779296875,274.6000061035156,3328165.0
2025-11-12 11:30:00-05:00,274.5899963378906,274.8500061035156,273.7250061035156,274.3900146484375,2104341.0
2025-11-12 12:30:00-05:00,274.3800048828125,275.1400146484375,274.1199951171875,274.9800109863281,1642127.0
2025-11-12 13:30:00-05:00,274.989990234375,275.7300109863281,274.42999267578125,274.45001220703125,2013567.0
2025-11-12 14:30:00-05:00,274.45001220703125,274.69000244140625,273.5,274.04998779296875,2059500.0
2025-11-12 15:30:00-05:00,274.04998779296875,274.3999938964844,272.9700012207031,273.4700012207031,3569857.0
2025-11-13 09:30:00-05:00,274.2699890136719,276.6990051269531,273.2900085449219,273.7099914550781,10014720.0
2025-11-13 10:30:00-05:00,273.7001037597656,274.19000244140625,272.17999267578125,274.037109375,3931506.0
2025-11-13 11:30:00-05:00,274.0299987792969,274.4898986816406,272.4599914550781,272.8599853515625,2339844.0
2025-11-13 12:30:00-05:00,272.8399963378906,273.32000732421875,272.5,272.5700988769531,1922883.0
2025-11-13 13:30:00-05:00,272.55999755859375,273.8500061035156,272.1000061035156,273.5299987792969,3060900.0
2025-11-13 14:30:00-05:00,273.5350036621094,273.69000244140625,272.5450134277344,273.03961181640625,2603044.0
2025-11-13 15:30:00-05:00,273.0299987792969,273.6000061035156,272.5,273.0400085449219,3833536.0
2025-11-14 09:30:00-05:00,271.04998779296875,273.8900146484375,269.6000061035156,273.7591857910156,10617822.0
2025-11-14 10:30:00-05:00,273.7699890136719,274.6499938964844,273.20001220703125,274.6499938964844,3569903.0
2025-11-14 11:30:00-05:00,274.6449890136719,275.9200134277344,273.54998779296875,275.7049865722656,4251993.0
2025-11-14 12:30:00-05:00,275.7099914550781,275.95831298828125,274.2300109863281,274.5849914550781,1963757.0
2025-11-14 13:30:00-05:00,274.57000732421875,274.760009765625,273.8399963378906,273.9599914550781,1593851.0
2025-11-14 14:30:00-05:00,273.9700012207031,274.25,272.8900146484375,272.989990234375,2106336.0
2025-11-14 15:30:00-05:00,272.9700012207031,273.260009765625,272.1700134277344,272.4100036621094,3221940.0
2025-11-17 09:30:00-05:00,268.7200012207031,270.489990234375,267.0,269.2799987792969,8509806.0
2025-11-17 10:30:00-05:00,269.2300109863281,269.3900146484375,266.6499938964844,267.8799133300781,3379761.0
2025-11-17 11:30:00-05:00,267.8500061035156,269.54998779296875,267.82000732421875,268.9200134277344,2089997.0
2025-11-17 12:30:00-05:00,268.94000244140625,269.3500061035156,267.44000244140625,267.7799987792969,1923442.0
2025-11-17 13:30:00-05:00,267.7699890136719,268.3399963378906,266.8599853515625,267.2900085449219,2030991.0
2025-11-17 14:30:00-05:00,267.2950134277344,267.3800048828125,265.7300109863281,266.44000244140625,2737988.0
2025-11-17 15:30:00-05:00,266.44000244140625,267.5799865722656,266.19000244140625,267.4599914550781,3487816.0
2025-11-18 09:30:00-05:00,269.9150085449219,270.7049865722656,265.32000732421875,267.6499938964844,8219985.0
2025-11-18 10:30:00-05:00,267.6650085449219,268.1199951171875,266.02801513671875,267.8399963378906,3521812.0
2025-11-18 11:30:00-05:00,267.8399963378906,268.3380126953125,267.1400146484375,267.1650085449219,2742457.0
2025-11-18 12:30:00-05:00,267.1600036621094,268.92999267578125,266.42999267578125,268.45001220703125,2282519.0
2025-11-18 13:30:00-05:00,268.45001220703125,269.2200012207031,267.9599914550781,268.03448486328125,2176560.0
2025-11-18 14:30:00-05:00,268.04998779296875,268.92498779296875,267.67999267578125,268.28021240234375,2115137.0
2025-11-18 15:30:00-05:00,268.29998779296875,268.42999267578125,267.3299865722656,267.510009765625,3127789.0
2025-11-19 09:30:00-05:00,265.5249938964844,272.2099914550781,265.5,271.8500061035156,6778562.0
2025-11-19 10:30:00-05:00,271.85009765625,272.010009765625,269.3200988769531,269.7300109863281,2792346.0
2025-11-19 11:30:00-05:00,269.75,270.6549987792969,269.5299987792969,270.3999938964844,2001030.0
2025-11-19 12:30:00-05:00,270.4599914550781,271.30999755859375,269.6199951171875,270.0299987792969,2049762.0
2025-11-19 13:30:00-05:00,270.010009765625,271.010009765625,269.6300048828125,269.6700134277344,1644126.0
2025-11-19 14:30:00-05:00,269.6700134277344,270.7349853515625,269.1700134277344,270.0350036621094,2137859.0
2025-11-19 15:30:00-05:00,270.0,270.3299865722656,268.1400146484375,268.57000732421875,3516625.0
2025-11-20 09:30:00-05:00,270.80999755859375,275.42999267578125,270.80999755859375,273.9049987792969,7869887.0
2025-11-20 10:30:00-05:00,273.9100036621094,274.7300109863281,271.6199951171875,271.7799987792969,2856925.0
2025-11-20 11:30:00-05:00,271.7799987792969,271.7799987792969,268.04998779296875,268.94000244140625,4056106.0
2025-11-20 12:30:00-05:00,268.8699951171875,269.25,267.0201110839844,268.80999755859375,2981937.0
2025-11-20 13:30:00-05:00,268.7900085449219,268.92999267578125,266.3599853515625,267.7950134277344,2392389.0
2025-11-20 14:30:00-05:00,267.7799987792969,267.9100036621094,267.0,267.32000732421875,2094448.0
2025-11-20 15:30:00-05:00,267.32000732421875,267.5799865722656,265.9200134277344,266.3800048828125,3489586.0
2025-11-21 09:30:00-05:00,265.8800048828125,270.45001220703125,265.82000732421875,269.8500061035156,10658658.0
2025-11-21 10:30:00-05:00,269.7900085449219,271.4700012207031,269.2200012207031,270.8999938964844,4761138.0
2025-11-21 11:30:00-05:00,270.8900146484375,271.1199951171875,269.80999755859375,270.54998779296875,2949033.0
2025-11-21 12:30:00-05:00,270.6300048828125,271.6000061035156,270.20001220703125,270.9800109863281,2023820.0
2025-11-21 13:30:00-05:00,270.9800109863281,273.31500244140625,270.864990234375,272.6099853515625,3562846.0
2025-11-21 14:30:00-05:00,272.57501220703125,273.2799987792969,271.3500061035156,271.3699951171875,3135966.0
2025-11-21 15:30:00-05:00,271.3500061035156,272.1300048828125,270.5899963378906,271.489990234375,18794685.0
2025-11-24 09:30:00-05:00,270.8999938964844,275.9200134277344,270.8999938964844,273.0950012207031,7995693.0
2025-11-24 10:30:00-05:00,273.0799865722656,275.38958740234375,272.6499938964844,275.0,3612728.0
2025-11-24 11:30:00-05:00,274.9700012207031,275.2699890136719,274.44000244140625,274.8500061035156,2583089.0
2025-11-24 12:30:00-05:00,274.8500061035156,276.510009765625,274.75,276.1199951171875,3404232.0
2025-11-24 13:30:00-05:00,276.1199951171875,276.45001220703125,275.8500061035156,276.2195129394531,2440121.0
2025-11-24 14:30:00-05:00,276.2300109863281,276.6549987792969,275.3550109863281,276.4750061035156,2989562.0
2025-11-24 15:30:00-05:00,276.4700012207031,276.9800109863281,275.1099853515625,275.9800109863281,4904039.0
2025-11-25 09:30:00-05:00,275.29998779296875,280.3800048828125,275.2699890136719,278.9049987792969,9723608.0
2025-11-25 10:30:00-05:00,278.8900146484375,279.6300048828125,277.7799987792969,277.8299865722656,2840433.0
2025-11-25 11:30:00-05:00,277.82000732421875,279.30999755859375,277.5,279.0700988769531,2504679.0
2025-11-25 12:30:00-05:00,279.0899963378906,279.3699951171875,278.2300109863281,278.760009765625,1925113.0
2025-11-25 13:30:00-05:00,278.7650146484375,278.7799987792969,277.7900085449219,278.0350036621094,1727727.0
2025-11-25 14:30:00-05:00,278.0400085449219,278.1449890136719,277.49749755859375,277.56500244140625,1909795.0
2025-11-25 15:30:00-05:00,277.55999755859375,278.0,276.8599853515625,276.95001220703125,2448205.0
2025-11-26 09:30:00-05:00,276.9599914550781,279.0474853515625,276.6300048828125,277.80999755859375,5086107.0
2025-11-26 10:30:00-05:00,277.7900085449219,279.1400146484375,276.80999755859375,279.0101013183594,2510611.0
2025-11-26 11:30:00-05:00,279.0299987792969,279.5299987792969,278.8699951171875,279.0790100097656,2586354.0
2025-11-26 12:30:00-05:00,279.07000732421875,279.2900085449219,278.0950012207031,278.54998779296875,1871279.0
2025-11-26 13:30:00-05:00,278.55999755859375,278.581787109375,277.92498779296875,278.260009765625,1426945.0
2025-11-26 14:30:00-05:00,278.2601013183594,278.94000244140625,278.010009765625,278.0799865722656,1953254.0
2025-11-26 15:30:00-05:00,278.07000732421875,278.29998779296875,277.1499938964844,277.4700012207031,9116002.0
2025-11-28 09:30:00-05:00,277.260009765625,278.23919677734375,276.0199890136719,276.260009765625,4040463.0
2025-11-28 10:30:00-05:00,276.2900085449219,276.9198913574219,275.989990234375,276.25,1743837.0
2025-11-28 11:30:00-05:00,276.2449951171875,277.16009521484375,275.98651123046875,277.04998779296875,1791406.0
2025-12-01 09:30:00-05:00,278.1499938964844,278.7699890136719,276.1400146484375,278.14208984375,5114373.0
2025-12-01 10:30:00-05:00,278.1000061035156,278.4801025390625,277.30499267578125,277.9200134277344,1731132.0
2025-12-01 11:30:00-05:00,277.8999938964844,279.8900146484375,277.8900146484375,279.7705078125,2091919.0
2025-12-01 12:30:00-05:00,279.7749938964844,280.6400146484375,279.4599914550781,280.58819580078125,2222347.0
2025-12-01 13:30:00-05:00,280.590087890625,281.2200012207031,280.45001220703125,280.8900146484375,2919865.0
2025-12-01 14:30:00-05:00,280.8800048828125,281.94000244140625,280.7099914550781,281.9100036621094,2916696.0
2025-12-01 15:30:00-05:00,281.9200134277344,283.4100036621094,281.7300109863281,283.32000732421875,5357873.0
2025-12-02 09:30:00-05:00,283.0,285.3089904785156,282.7300109863281,284.57000732421875,7878173.0
2025-12-02 10:30:00-05:00,284.5400085449219,287.3999938964844,284.1499938964844,285.5400085449219,6214915.0
2025-12-02 11:30:00-05:00,285.5400085449219,285.9999084472656,284.8299865722656,285.8699951171875,2847056.0
2025-12-02 12:30:00-05:00,285.8800048828125,286.3399963378906,284.94000244140625,285.2149963378906,2725658.0
2025-12-02 13:30:00-05:00,285.20001220703125,286.1300048828125,285.0150146484375,285.625,2146948.0
2025-12-02 14:30:00-05:00,285.6000061035156,286.82000732421875,285.5801086425781,286.239990234375,2898388.0
2025-12-02 15:30:00-05:00,286.239990234375,286.6099853515625,285.7099914550781,286.2300109863281,3132652.0
2025-12-03 09:30:00-05:00,286.20001220703125,288.6099853515625,285.8999938964844,287.34051513671875,6627228.0
2025-12-03 10:30:00-05:00,287.32000732421875,287.5899963378906,285.75,286.4100036621094,3581593.0
2025-12-03 11:30:00-05:00,286.4200134277344,286.82000732421875,285.5,286.385009765625,2126959.0
2025-12-03 12:30:00-05:00,286.3500061035156,286.44000244140625,285.3399963378906,285.6792907714844,2127386.0
2025-12-03 13:30:00-05:00,285.67999267578125,285.94000244140625,284.8843078613281,285.2099914550781,1618603.0
2025-12-03 14:30:00-05:00,285.2300109863281,285.2499084472656,284.2749938964844,284.55499267578125,11158331.0
2025-12-03 15:30:00-05:00,284.54998779296875,284.70001220703125,283.5400085449219,284.1499938964844,0.0
2025-12-04 09:30:00-05:00,284.1099853515625,284.7300109863281,280.2699890136719,281.2250061035156,6410843.0
2025-12-04 10:30:00-05:00,281.2099914550781,281.6000061035156,279.80999755859375,280.2799987792969,2986361.0
2025-12-04 11:30:00-05:00,280.2850036621094,280.9335021972656,279.93780517578125,280.114990234375,2285394.0
2025-12-04 12:30:00-05:00,280.1300048828125,280.4866943359375,279.6400146484375,280.0050048828125,1806229.0
2025-12-04 13:30:00-05:00,279.989990234375,280.1000061035156,278.5899963378906,278.8599853515625,2574486.0
2025-12-04 14:30:00-05:00,278.8599853515625,280.7300109863281,278.82000732421875,280.125,2807996.0
2025-12-04 15:30:00-05:00,280.1199951171875,280.69000244140625,279.5799865722656,280.6499938964844,3165508.0
2025-12-05 09:30:00-05:00,280.5400085449219,281.1400146484375,279.2699890136719,280.4551086425781,4393145.0
2025-12-05 10:30:00-05:00,280.4599914550781,280.9800109863281,279.2900085449219,279.2950134277344,3579247.0
2025-12-05 11:30:00-05:00,279.29998779296875,279.3299865722656,278.114990234375,278.31500244140625,2319755.0
2025-12-05 12:30:00-05:00,278.31500244140625,279.4801025390625,278.04998779296875,279.44000244140625,1693305.0
2025-12-05 13:30:00-05:00,279.4800109863281,279.57000732421875,278.5849914550781,279.2337951660156,1553832.0
2025-12-05 14:30:00-05:00,279.2300109863281,279.29998779296875,278.5400085449219,278.8013916015625,1937238.0
2025-12-05 15:30:00-05:00,278.79998779296875,279.0249938964844,278.19000244140625,278.7900085449219,2719470.0
2025-12-08 09:30:00-05:00,278.1684875488281,279.6693115234375,277.45001220703125,277.55999755859375,6285926.0
2025-12-08 10:30:00-05:00,277.54998779296875,277.8800048828125,276.7049865722656,277.4599914550781,3326326.0
2025-12-08 11:30:00-05:00,277.4700012207031,277.8190002441406,277.0000915527344,277.2300109863281,1896481.0
2025-12-08 12:30:00-05:00,277.2099914550781,277.84991455078125,276.8699951171875,276.9700012207031,1999024.0
2025-12-08 13:30:00-05:00,276.9494934082031,276.9494934082031,276.20001220703125,276.3599853515625,1825108.0
2025-12-08 14:30:00-05:00,276.3699951171875,276.9700012207031,276.1499938964844,276.92498779296875,2861661.0
2025-12-08 15:30:00-05:00,276.92999267578125,277.9849853515625,276.6600036621094,277.9599914550781,2613900.0
2025-12-09 09:30:00-05:00,277.8900146484375,280.0299987792969,277.3500061035156,277.70001220703125,5341504.0
2025-12-09 10:30:00-05:00,277.70001220703125,278.0,277.0299987792969,277.4100036621094,2290151.0
2025-12-09 11:30:00-05:00,277.4100036621094,278.1199951171875,277.20001220703125,277.875,1696929.0
2025-12-09 12:30:00-05:00,277.875,278.739990234375,277.79998779296875,278.385009765625,1988455.0
2025-12-09 13:30:00-05:00,278.385009765625,278.8900146484375,278.1199951171875,278.69000244140625,1262893.0
2025-12-09 14:30:00-05:00,278.69000244140625,278.75,277.6499938964844,277.864990234375,1906538.0
2025-12-09 15:30:00-05:00,277.864990234375,278.25,276.9200134277344,277.2300109863281,2737573.0
2025-12-10 09:30:00-05:00,277.8699951171875,278.7929992675781,276.5849914550781,277.45001220703125,3868165.0
2025-12-10 10:30:00-05:00,277.4549865722656,278.2799987792969,276.44000244140625,278.2576904296875,1880040.0
2025-12-10 11:30:00-05:00,278.2300109863281,278.8900146484375,277.9750061035156,278.5264892578125,1611918.0
2025-12-10 12:30:00-05:00,278.5199890136719,279.2799987792969,278.0849914550781,278.1199951171875,1374275.0
2025-12-10 13:30:00-05:00,278.1199951171875,279.2200012207031,277.9100036621094,278.2200012207031,1631790.0
2025-12-10 14:30:00-05:00,278.2200012207031,279.75,277.70001220703125,278.9800109863281,2578278.0
2025-12-10 15:30:00-05:00,278.989990234375,279.3699951171875,278.5899963378906,278.7200012207031,2242651.0
2025-12-11 09:30:00-05:00,279.0950012207031,279.5799865722656,273.80999755859375,276.1199951171875,6887208.0
2025-12-11 10:30:00-05:00,276.114990234375,276.5899963378906,275.20001220703125,275.82501220703125,2343607.0
2025-12-11 11:30:00-05:00,275.82000732421875,278.17999267578125,275.80999755859375,277.9049987792969,2412367.0
2025-12-11 12:30:00-05:00,277.9200134277344,278.3500061035156,277.3800048828125,277.5226135253906,1473658.0
2025-12-11 13:30:00-05:00,277.5249938964844,278.2099914550781,277.510009765625,277.760009765625,1432317.0
2025-12-11 14:30:00-05:00,277.760009765625,278.2149963378906,277.59130859375,278.0950012207031,1817634.0
2025-12-11 15:30:00-05:00,278.0899963378906,278.2099914550781,277.4700012207031,278.05999755859375,1985352.0
2025-12-12 09:30:00-05:00,277.7950134277344,279.2200012207031,276.82000732421875,277.8699951171875,3907328.0
2025-12-12 10:30:00-05:00,277.8800048828125,278.8599853515625,277.44000244140625,277.739990234375,3485545.0
2025-12-12 11:30:00-05:00,277.7699890136719,278.44000244140625,277.2807922363281,277.8550109863281,2096132.0
2025-12-12 12:30:00-05:00,277.8349914550781,279.19000244140625,277.8349914550781,279.04998779296875,2564725.0
2025-12-12 13:30:00-05:00,279.0400085449219,279.04998779296875,277.7300109863281,277.95001220703125,2354465.0
2025-12-12 14:30:00-05:00,277.95001220703125,278.70001220703125,277.80999755859375,278.05499267578125,2391168.0
2025-12-12 15:30:00-05:00,278.04998779296875,278.5,276.94500732421875,278.3699951171875,2787871.0
2025-12-15 09:30:00-05:00,280.0,280.04998779296875,273.6199951171875,274.1449890136719,8113962.0
2025-12-15 10:30:00-05:00,274.1700134277344,275.6404113769531,273.7200012207031,275.510009765625,3495538.0
2025-12-15 11:30:00-05:00,275.5400085449219,275.69500732421875,274.1499938964844,274.9200134277344,2136284.0
2025-12-15 12:30:00-05:00,274.92498779296875,275.1000061035156,273.7300109863281,274.0400085449219,1992688.0
2025-12-15 13:30:00-05:00,274.0199890136719,274.25,273.0799865722656,273.3699951171875,2430153.0
2025-12-15 14:30:00-05:00,273.3800048828125,273.8424987792969,272.8399963378906,273.80499267578125,2804616.0
2025-12-15 15:30:00-05:00,273.80999755859375,274.7200012207031,273.5199890136719,274.114990234375,4104430.0
2025-12-16 09:30:00-05:00,272.82000732421875,274.0299987792969,271.7900085449219,273.1700134277344,4976091.0
2025-12-16 10:30:00-05:00,273.1700134277344,273.82000732421875,272.5,272.80999755859375,2282059.0
2025-12-16 11:30:00-05:00,272.79998779296875,274.2799987792969,272.69000244140625,273.20001220703125,1929804.0
2025-12-16 12:30:00-05:00,273.19989013671875,273.489990234375,271.79998779296875,272.1300048828125,2118531.0
2025-12-16 13:30:00-05:00,272.135009765625,273.9100036621094,272.135009765625,273.56500244140625,2008038.0
2025-12-16 14:30:00-05:00,273.56500244140625,274.79998779296875,273.5400085449219,274.55999755859375,1912589.0
2025-12-16 15:30:00-05:00,274.54998779296875,275.5,274.45001220703125,274.4700012207031,2361847.0
2025-12-17 09:30:00-05:00,275.010009765625,276.1600036621094,274.8299865722656,275.4949951171875,4574850.0
2025-12-17 10:30:00-05:00,275.4700012207031,275.7300109863281,273.0450134277344,273.489990234375,3354929.0
2025-12-17 11:30:00-05:00,273.489990234375,273.489990234375,272.2799987792969,272.8699951171875,2372809.0
2025-12-17 12:30:00-05:00,272.8800048828125,273.69000244140625,272.6499938964844,273.0199890136719,1699122.0
2025-12-17 13:30:00-05:00,272.9901123046875,273.9700012207031,272.44000244140625,273.7850036621094,2046363.0
2025-12-17 14:30:00-05:00,273.7699890136719,274.1099853515625,273.57000732421875,273.65008544921875,2167480.0
2025-12-17 15:30:00-05:00,273.6700134277344,273.8699951171875,271.69000244140625,271.8599853515625,5130736.0
2025-12-18 09:30:00-05:00,273.6050109863281,273.6199951171875,266.9599914550781,270.8999938964844,10127086.0
2025-12-18 10:30:00-05:00,270.86199951171875,272.7200012207031,270.80999755859375,272.29998779296875,3659235.0
2025-12-18 11:30:00-05:00,272.2900085449219,273.16400146484375,269.94000244140625,270.25,3692916.0
2025-12-18 12:30:00-05:00,270.20001220703125,272.75,270.1199951171875,272.6499938964844,1920512.0
2025-12-18 13:30:00-05:00,272.6700134277344,272.9599914550781,271.0899963378906,271.3699951171875,2108845.0
2025-12-18 14:30:00-05:00,271.3699951171875,271.96990966796875,270.5,271.8399963378906,2747038.0
2025-12-18 15:30:00-05:00,271.8500061035156,273.20001220703125,271.7850036621094,272.1600036621094,2956766.0
2025-12-19 09:30:00-05:00,272.1449890136719,272.9200134277344,270.95001220703125,271.7349853515625,18574766.0
2025-12-19 10:30:00-05:00,271.7200927734375,272.82000732421875,270.9949951171875,271.26080322265625,2919546.0
2025-12-19 11:30:00-05:00,271.2622985839844,271.4599914550781,270.2699890136719,270.6549987792969,2629565.0
2025-12-19 12:30:00-05:00,270.6600036621094,271.80950927734375,270.3399963378906,270.75,3085614.0
2025-12-19 13:30:00-05:00,270.760009765625,271.5098876953125,270.3999938964844,271.3699951171875,2544938.0
2025-12-19 14:30:00-05:00,271.3800048828125,271.739990234375,270.17498779296875,270.79998779296875,3108119.0
2025-12-19 15:30:00-05:00,270.80999755859375,274.5762939453125,269.8999938964844,273.6700134277344,8193309.0
2025-12-22 09:30:00-05:00,272.8599853515625,273.8800048828125,271.57000732421875,272.0150146484375,6084655.0
2025-12-22 10:30:00-05:00,272.0299987792969,272.79998779296875,271.510009765625,272.44000244140625,2467910.0
2025-12-22 11:30:00-05:00,272.4200134277344,272.510009765625,271.5199890136719,271.94000244140625,2114933.0
2025-12-22 12:30:00-05:00,271.9200134277344,272.1400146484375,270.739990234375,270.9399108886719,2226647.0
2025-12-22 13:30:00-05:00,270.93499755859375,271.1400146484375,270.510009765625,270.864990234375,1960079.0
2025-12-22 14:30:00-05:00,270.8699951171875,271.1099853515625,270.7149963378906,270.7200012207031,1999793.0
2025-12-22 15:30:00-05:00,270.7149963378906,271.19989013671875,270.5050048828125,270.82000732421875,2599971.0
2025-12-23 09:30:00-05:00,270.3599853515625,271.92999267578125,269.55999755859375,270.8399963378906,5104762.0
2025-12-23 10:30:00-05:00,270.8399963378906,271.95001220703125,270.70001220703125,271.7814025878906,2241209.0
2025-12-23 11:30:00-05:00,271.81500244140625,272.3111877441406,271.4729919433594,271.5299987792969,2086319.0
2025-12-23 12:30:00-05:00,271.5400085449219,271.80999755859375,271.1099853515625,271.70001220703125,1310733.0
2025-12-23 13:30:00-05:00,271.70001220703125,272.1199951171875,271.5,271.80999755859375,1442128.0
2025-12-23 14:30:00-05:00,271.80999755859375,272.44000244140625,271.760009765625,272.10699462890625,1857021.0
2025-12-23 15:30:00-05:00,272.1000061035156,272.45001220703125,271.8399963378906,272.239990234375,2287709.0
2025-12-24 09:30:00-05:00,273.25,274.739990234375,273.0899963378906,274.03509521484375,4589623.0
2025-12-24 10:30:00-05:00,274.0400085449219,275.04998779296875,273.9100036621094,274.85101318359375,2096233.0
2025-12-24 11:30:00-05:00,274.8599853515625,275.42999267578125,274.8299865722656,275.3599853515625,2055154.0
2025-12-26 09:30:00-05:00,274.25,275.3699951171875,274.05999755859375,274.8247985839844,2899986.0
2025-12-26 10:30:00-05:00,274.81500244140625,274.9800109863281,274.3699951171875,274.8800048828125,1434883.0
2025-12-26 11:30:00-05:00,274.8800048828125,274.93499755859375,274.4100036621094,274.6400146484375,1079100.0
2025-12-26 12:30:00-05:00,274.6300048828125,274.6499938964844,274.2250061035156,274.5199890136719,903247.0
2025-12-26 13:30:00-05:00,274.5249938964844,274.9849853515625,274.3800048828125,274.7601013183594,1447341.0
2025-12-26 14:30:00-05:00,274.7650146484375,274.8299865722656,273.8700866699219,273.9800109863281,1463547.0
2025-12-26 15:30:00-05:00,273.9800109863281,273.989990234375,272.8699951171875,273.25,2563251.0
2025-12-29 09:30:00-05:00,272.5,274.3599853515625,272.4049987792969,273.9543151855469,3705071.0
2025-12-29 10:30:00-05:00,273.95001220703125,274.0299987792969,272.989990234375,273.2200012207031,1533379.0
2025-12-29 11:30:00-05:00,273.21881103515625,273.2900085449219,272.8299865722656,273.0400085449219,1203367.0
2025-12-29 12:30:00-05:00,273.0400085449219,273.6700134277344,272.9502868652344,273.6400146484375,3234552.0
2025-12-29 13:30:00-05:00,273.6300048828125,274.0,273.44000244140625,273.67999267578125,0.0
2025-12-29 14:30:00-05:00,273.67999267578125,274.0,273.6700134277344,273.9028015136719,1410063.0
2025-12-29 15:30:00-05:00,273.9100036621094,273.94000244140625,273.4599914550781,273.79901123046875,1452813.0
2025-12-30 09:30:00-05:00,274.0,274.07000732421875,272.3948059082031,272.5899963378906,3335833.0
2025-12-30 10:30:00-05:00,272.5799865722656,273.32000732421875,272.4200134277344,272.85980224609375,1711221.0
2025-12-30 11:30:00-05:00,272.8299865722656,272.9200134277344,272.2799987792969,272.5899963378906,1582688.0
2025-12-30 12:30:00-05:00,272.5899963378906,273.19000244140625,272.55999755859375,273.1000061035156,1137372.0
2025-12-30 13:30:00-05:00,273.1000061035156,273.52178955078125,273.0101013183594,273.3900146484375,1396303.0
2025-12-30 14:30:00-05:00,273.3800048828125,273.4744873046875,273.0899963378906,273.1650085449219,1396305.0
2025-12-30 15:30:00-05:00,273.1600036621094,273.2550048828125,272.739990234375,272.989990234375,2121973.0
2025-12-31 09:30:00-05:00,273.3599853515625,273.67999267578125,272.2318115234375,272.489990234375,2706559.0
2025-12-31 10:30:00-05:00,272.4949951171875,272.5849914550781,271.760009765625,272.489990234375,1886713.0
2025-12-31 11:30:00-05:00,272.489990234375,272.79998779296875,272.2699890136719,272.6700134277344,1322310.0
2025-12-31 12:30:00-05:00,272.6600036621094,273.1000061035156,272.54998779296875,272.625,1445671.0
2025-12-31 13:30:00-05:00,272.625,273.42999267578125,272.5799865722656,272.9609069824219,1456290.0
2025-12-31 14:30:00-05:00,272.97021484375,273.0068054199219,271.9599914550781,272.0799865722656,1417798.0
2025-12-31 15:30:00-05:00,272.0899963378906,272.75,271.75,271.8399963378906,2509865.0
2026-01-02 09:30:00-05:00,272.0,277.8247985839844,272.0,273.3900146484375,7596139.0
2026-01-02 10:30:00-05:00,273.3699951171875,273.3900146484375,269.8299865722656,270.3245849609375,4078484.0
2026-01-02 11:30:00-05:00,270.29998779296875,270.9599914550781,269.1099853515625,270.1499938964844,2431873.0
2026-01-02 12:30:00-05:00,270.17999267578125,270.4800109863281,269.7300109863281,270.0799865722656,1780091.0
2026-01-02 13:30:00-05:00,270.0899963378906,270.2499084472656,269.0199890136719,270.1300048828125,2020830.0
2026-01-02 14:30:00-05:00,270.1400146484375,270.8399963378906,270.0899963378906,270.510009765625,2106622.0
2026-01-02 15:30:00-05:00,270.5299987792969,271.04998779296875,270.3500061035156,270.9800109863281,2650904.0
2026-01-05 09:30:00-05:00,270.7149963378906,271.3599853515625,267.8599853515625,269.80999755859375,7189336.0
2026-01-05 10:30:00-05:00,269.79998779296875,270.2200012207031,268.70001220703125,268.7900085449219,3119976.0
2026-01-05 11:30:00-05:00,268.7799987792969,268.8500061035156,266.9200134277344,266.9700012207031,3085098.0
2026-01-05 12:30:00-05:00,266.989990234375,267.8900146484375,266.7701110839844,267.4200134277344,2496455.0
2026-01-05 13:30:00-05:00,267.4100036621094,267.6650085449219,266.1400146484375,266.2698974609375,2514491.0
2026-01-05 14:30:00-05:00,266.2699890136719,267.0400085449219,266.20001220703125,267.0190124511719,2686552.0
2026-01-05 15:30:00-05:00,267.0299987792969,267.739990234375,266.45001220703125,267.260009765625,2894622.0
2026-01-06 09:30:00-05:00,267.00799560546875,267.00799560546875,263.0299987792969,264.0299987792969,8140729.0
2026-01-06 10:30:00-05:00,264.0299987792969,265.1000061035156,262.29998779296875,262.4198913574219,4820286.0
2026-01-06 11:30:00-05:00,262.4200134277344,263.0,262.2099914550781,262.8846130371094,3187699.0
2026-01-06 12:30:00-05:00,262.8900146484375,263.79998779296875,262.4901123046875,262.5400085449219,2583269.0
2026-01-06 13:30:00-05:00,262.92999267578125,263.07000732421875,262.5400085449219,262.87701416015625,2024107.0
2026-01-06 14:30:00-05:00,262.7799987792969,263.0150146484375,262.260009765625,262.82000732421875,3190757.0
2026-01-06 15:30:00-05:00,262.8299865722656,262.9601135253906,262.3999938964844,262.42498779296875,2355864.0
2026-01-07 09:30:00-05:00,263.2699890136719,263.67999267578125,261.2099914550781,262.0299987792969,7368698.0
2026-01-07 10:30:00-05:00,262.0199890136719,262.2900085449219,260.9100036621094,261.0837097167969,3565599.0
2026-01-07 11:30:00-05:00,261.0849914550781,262.57000732421875,261.07000732421875,262.3599853515625,3336015.0
2026-01-07 12:30:00-05:00,262.3699951171875,262.70001220703125,261.0799865722656,261.2200012207031,2890664.0
2026-01-07 13:30:00-05:00,261.2449951171875,262.20001220703125,261.1300048828125,261.5899963378906,2574362.0
2026-01-07 14:30:00-05:00,261.5899963378906,262.5199890136719,261.260009765625,261.3299865722656,2727906.0
2026-01-07 15:30:00-05:00,261.3299865722656,261.3299865722656,259.82000732421875,260.3599853515625,4547776.0
2026-01-08 09:30:00-05:00,256.375,257.7699890136719,255.6999969482422,256.7449951171875,10183679.0
2026-01-08 10:30:00-05:00,256.7200927734375,257.19000244140625,255.9499969482422,256.1099853515625,4167093.0
2026-01-08 11:30:00-05:00,256.1099853515625,258.6000061035156,255.97000122070312,256.7090148925781,3892484.0
2026-01-08 12:30:00-05:00,256.6900939941406,257.6300048828125,256.5979919433594,257.4800109863281,2448318.0
2026-01-08 13:30:00-05:00,257.510009765625,257.5199890136719,256.29998779296875,256.6000061035156,2399355.0
2026-01-08 14:30:00-05:00,256.6050109863281,258.3299865722656,256.3800048828125,258.2799987792969,3537960.0
2026-01-08 15:30:00-05:00,258.2799987792969,259.2799987792969,257.9601135253906,259.05999755859375,3213685.0
2026-01-09 09:30:00-05:00,259.07501220703125,260.0,256.2200927734375,258.4599914550781,7220053.0
2026-01-09 10:30:00-05:00,258.4599914550781,258.75,256.8800048828125,256.9599914550781,3212319.0
2026-01-09 11:30:00-05:00,256.9512939453125,259.05499267578125,256.7663879394531,258.92999267578125,3345096.0
2026-01-09 12:30:00-05:00,258.9100036621094,259.1600036621094,258.2401123046875,259.1199951171875,2173770.0
2026-01-09 13:30:00-05:00,259.1300048828125,259.95001220703125,259.010009765625,259.7300109863281,1971968.0
2026-01-09 14:30:00-05:00,259.7300109863281,260.2099914550781,259.67999267578125,259.9649963378906,2732054.0
2026-01-09 15:30:00-05:00,259.95001220703125,260.05499267578125,258.95001220703125,259.3500061035156,2303687.0
2026-01-12 09:30:00-05:00,259.4100036621094,261.29998779296875,256.79998779296875,260.3500061035156,8505619.0
2026-01-12 10:30:00-05:00,260.364990234375,260.45001220703125,259.04998779296875,260.2300109863281,3280015.0
2026-01-12 11:30:00-05:00,260.2300109863281,261.1099853515625,259.7099914550781,260.60931396484375,2709473.0
2026-01-12 12:30:00-05:00,260.6000061035156,261.29998779296875,260.3500061035156,260.8900146484375,2160352.0
2026-01-12 13:30:00-05:00,260.8909912109375,260.94000244140625,260.19000244140625,260.6400146484375,1974059.0
2026-01-12 14:30:00-05:00,260.6499938964844,261.19000244140625,260.48529052734375,260.9700012207031,2654547.0
2026-01-12 15:30:00-05:00,260.9599914550781,261.1300048828125,260.010009765625,260.2099914550781,2380012.0
2026-01-13 09:30:00-05:00,258.8999938964844,261.80999755859375,258.8999938964844,260.090087890625,8478567.0
2026-01-13 10:30:00-05:00,260.1400146484375,260.2799072265625,259.489990234375,259.9100036621094,2608808.0
2026-01-13 11:30:00-05:00,259.8999938964844,261.1600036621094,259.8500061035156,260.8399963378906,2483937.0
2026-01-13 12:30:00-05:00,260.8500061035156,261.44000244140625,259.989990234375,259.989990234375,2059870.0
2026-01-13 13:30:00-05:00,259.9800109863281,260.6736145019531,259.1499938964844,259.739990234375,2357708.0
2026-01-13 14:30:00-05:00,259.7398986816406,259.79998779296875,258.7601013183594,259.0199890136719,1960648.0
2026-01-13 15:30:00-05:00,259.010009765625,261.20001220703125,258.8399963378906,261.04998779296875,12843144.0
2026-01-14 09:30:00-05:00,259.489990234375,261.80999755859375,258.82000732421875,259.75,5147768.0
2026-01-14 10:30:00-05:00,259.7550048828125,260.0,257.8599853515625,258.739990234375,2978461.0
2026-01-14 11:30:00-05:00,258.739990234375,258.80999755859375,256.7099914550781,257.3800048828125,2333928.0
2026-01-14 12:30:00-05:00,257.3900146484375,257.7149963378906,256.9100036621094,257.5299987792969,1604961.0
2026-01-14 13:30:00-05:00,257.5299987792969,258.1000061035156,257.05499267578125,257.79998779296875,1777225.0
2026-01-14 14:30:00-05:00,257.79998779296875,259.9800109863281,257.7900085449219,259.9700012207031,2443932.0
2026-01-14 15:30:00-05:00,259.9800109863281,260.6000061035156,258.6841125488281,259.95001220703125,14485668.0
2026-01-15 09:30:00-05:00,260.6499938964844,261.0299987792969,259.6199951171875,260.10009765625,5046140.0
2026-01-15 10:30:00-05:00,260.1400146484375,260.78509521484375,259.19000244140625,260.4949951171875,2795244.0
2026-01-15 11:30:00-05:00,260.5,260.6300048828125,259.29998779296875,259.3299865722656,2122658.0
2026-01-15 12:30:00-05:00,259.3399963378906,259.56500244140625,258.0,259.5299987792969,2472715.0
2026-01-15 13:30:00-05:00,259.54998779296875,259.75,258.260009765625,258.32000732421875,2003848.0
2026-01-15 14:30:00-05:00,258.3434143066406,258.45001220703125,257.04998779296875,257.6700134277344,3158266.0
2026-01-15 15:30:00-05:00,257.6575012207031,258.3800048828125,257.1099853515625,258.3299865722656,2733911.0
2026-01-16 09:30:00-05:00,257.8800048828125,258.8999938964844,256.4601135253906,256.80999755859375,11278805.0
2026-01-16 10:30:00-05:00,256.80999755859375,256.9200134277344,256.05999755859375,256.4399108886719,2790833.0
2026-01-16 11:30:00-05:00,256.426513671875,256.6300048828125,255.82000732421875,255.8300018310547,2796717.0
2026-01-16 12:30:00-05:00,255.8300018310547,256.08990478515625,254.92999267578125,256.0299987792969,3606144.0
2026-01-16 13:30:00-05:00,256.0299987792969,257.1499938964844,255.9149932861328,256.0,2811980.0
2026-01-16 14:30:00-05:00,256.0,256.9700012207031,255.94000244140625,256.17999267578125,2648818.0
2026-01-16 15:30:00-05:00,256.1700134277344,256.4725036621094,255.1300048828125,255.47999572753906,3511559.0
2026-01-20 09:30:00-05:00,252.50999450683594,254.7899932861328,250.85000610351562,251.61570739746094,9087553.0
2026-01-20 10:30:00-05:00,251.63999938964844,252.1300048828125,250.69000244140625,251.30499267578125,3367134.0
2026-01-20 11:30:00-05:00,251.3000030517578,251.58999633789062,250.35000610351562,250.55999755859375,2677257.0
2026-01-20 12:30:00-05:00,250.52000427246094,250.6999969482422,249.0800018310547,249.19500732421875,2979236.0
2026-01-20 13:30:00-05:00,249.17999267578125,249.22999572753906,247.4199981689453,247.45249938964844,3351984.0
2026-01-20 14:30:00-05:00,247.4499969482422,248.17999267578125,245.0800018310547,245.4600067138672,5956327.0
2026-01-20 15:30:00-05:00,245.4600067138672,246.92999267578125,243.4199981689453,246.69000244140625,10059596.0
2026-01-21 09:30:00-05:00,248.7100067138672,248.75,246.0800018310547,247.57000732421875,7234453.0
2026-01-21 10:30:00-05:00,247.57000732421875,248.72000122070312,246.8300018310547,247.3000030517578,3802636.0
2026-01-21 11:30:00-05:00,247.30999755859375,247.36000061035156,245.19000244140625,245.8300018310547,3522106.0
2026-01-21 12:30:00-05:00,245.82009887695312,246.47000122070312,245.5800018310547,245.8800048828125,2014674.0
2026-01-21 13:30:00-05:00,245.8800048828125,247.33999633789062,245.5,247.1103057861328,2357430.0
2026-01-21 14:30:00-05:00,247.1300048828125,251.55999755859375,247.10000610351562,248.38279724121094,7875948.0
2026-01-21 15:30:00-05:00,248.38999938964844,248.5800018310547,246.83999633789062,247.6300048828125,4345116.0
2026-01-22 09:30:00-05:00,249.1999969482422,250.7799072265625,248.38499450683594,250.1300048828125,7300630.0
2026-01-22 10:30:00-05:00,250.14999389648438,250.16000366210938,249.0,249.6999053955078,3165743.0
2026-01-22 11:30:00-05:00,249.69500732421875,249.89999389648438,249.25999450683594,249.74000549316406,1884417.0
2026-01-22 12:30:00-05:00,249.75,250.82000732421875,249.72999572753906,250.67999267578125,1833609.0
2026-01-22 13:30:00-05:00,250.6699981689453,251.0,249.75010681152344,250.52000427246094,2047891.0
2026-01-22 14:30:00-05:00,250.50999450683594,250.625,248.26510620117188,248.3699951171875,3355208.0
2026-01-22 15:30:00-05:00,248.33999633789062,248.9199981689453,248.17999267578125,248.36000061035156,2791482.0
2026-01-23 09:30:00-05:00,245.75,247.24000549316406,244.67999267578125,247.01010131835938,7601136.0
2026-01-23 10:30:00-05:00,247.02000427246094,249.41000366210938,246.97000122070312,248.35000610351562,3278816.0
2026-01-23 11:30:00-05:00,248.3699951171875,248.8000030517578,247.8800048828125,248.73989868164062,2265060.0
2026-01-23 12:30:00-05:00,248.72000122070312,248.80990600585938,247.61000061035156,247.92999267578125,1917316.0
2026-01-23 13:30:00-05:00,247.9600067138672,248.0299072265625,246.97000122070312,247.47500610351562,2288867.0
2026-01-23 14:30:00-05:00,247.47000122070312,248.47000122070312,247.40499877929688,248.19000244140625,1941323.0
2026-01-23 15:30:00-05:00,248.19000244140625,248.85000610351562,247.7449951171875,247.97000122070312,2635794.0
2026-01-26 09:30:00-05:00,251.47999572753906,254.88999938964844,249.8000030517578,254.0399932861328,9810606.0
2026-01-26 10:30:00-05:00,254.0399932861328,255.5,253.9199981689453,255.0998992919922,4941159.0
2026-01-26 11:30:00-05:00,255.0850067138672,255.4199981689453,254.25999450683594,254.5,3015226.0
2026-01-26 12:30:00-05:00,254.47000122070312,254.75,254.0800018310547,254.64999389648438,1861533.0
2026-01-26 13:30:00-05:00,254.63999938964844,255.97000122070312,254.32000732421875,255.94000244140625,3013817.0
2026-01-26 14:30:00-05:00,255.92999267578125,256.55999755859375,255.47000122070312,255.72500610351562,3495145.0
2026-01-26 15:30:00-05:00,255.72999572753906,255.99000549316406,254.89999389648438,255.4199981689453,14219113.0
2026-01-27 09:30:00-05:00,259.1400146484375,261.95001220703125,258.6600036621094,259.8450012207031,10912773.0
2026-01-27 10:30:00-05:00,259.8599853515625,261.3900146484375,259.760009765625,260.7200012207031,3262895.0
2026-01-27 11:30:00-05:00,260.7200012207031,261.3599853515625,260.4700012207031,261.30999755859375,2175987.0
2026-01-27 12:30:00-05:00,261.30010986328125,261.3500061035156,260.2301025390625,260.2550048828125,1989091.0
2026-01-27 13:30:00-05:00,260.2699890136719,260.3599853515625,259.5199890136719,259.875,2504629.0
2026-01-27 14:30:00-05:00,259.875,260.0400085449219,259.1499938964844,259.3800048828125,2602286.0
2026-01-27 15:30:00-05:00,259.385009765625,259.67498779296875,258.2099914550781,258.2699890136719,2715605.0
2026-01-28 09:30:00-05:00,257.55999755859375,258.8550109863281,255.21499633789062,256.0899963378906,6604210.0
2026-01-28 10:30:00-05:00,256.05999755859375,256.7099914550781,255.25999450683594,255.49000549316406,2745774.0
2026-01-28 11:30:00-05:00,255.47000122070312,255.47999572753906,254.66000366210938,254.82000732421875,2230506.0
2026-01-28 12:30:00-05:00,254.8000030517578,255.38999938964844,254.50999450683594,255.2550048828125,1683148.0
2026-01-28 13:30:00-05:00,255.25999450683594,255.8800048828125,254.77999877929688,255.11000061035156,1899457.0
2026-01-28 14:30:00-05:00,255.0800018310547,256.6400146484375,255.0500030517578,256.4750061035156,3391568.0
2026-01-28 15:30:00-05:00,256.4599914550781,256.8999938964844,255.92999267578125,256.44000244140625,3092338.0
2026-01-29 09:30:00-05:00,258.07000732421875,259.6499938964844,255.49000549316406,256.8999938964844,7282171.0
2026-01-29 10:30:00-05:00,256.8900146484375,257.0400085449219,254.41000366210938,256.1700134277344,4801889.0
2026-01-29 11:30:00-05:00,256.1300048828125,257.4100036621094,255.1199951171875,257.2200012207031,3524580.0
2026-01-29 12:30:00-05:00,257.20001220703125,257.6700134277344,256.54998779296875,257.3800048828125,3232719.0
2026-01-29 13:30:00-05:00,257.364990234375,258.1816101074219,257.1600036621094,258.1449890136719,3079026.0
2026-01-29 14:30:00-05:00,258.1449890136719,258.5683898925781,257.7401123046875,258.2950134277344,4240841.0
2026-01-29 15:30:00-05:00,258.30999755859375,259.3500061035156,257.75,258.17498779296875,5837763.0
2026-01-30 09:30:00-05:00,255.1649932861328,258.70001220703125,252.17999267578125,254.0,18411294.0
2026-01-30 10:30:00-05:00,254.0800018310547,256.9049987792969,253.69500732421875,256.6875,5356000.0
2026-01-30 11:30:00-05:00,256.69000244140625,257.1400146484375,254.2834930419922,255.2100067138672,4040411.0
2026-01-30 12:30:00-05:00,255.16000366210938,256.07000732421875,254.5399932861328,256.05499267578125,3264119.0
2026-01-30 13:30:00-05:00,256.05499267578125,258.0799865722656,255.75,257.5849914550781,3652617.0
2026-01-30 14:30:00-05:00,257.6000061035156,259.9100036621094,257.4100036621094,259.9100036621094,4945206.0
2026-01-30 15:30:00-05:00,259.9200134277344,261.89990234375,258.0,259.4800109863281,9402318.0
