Datetime,Open,High,Low,Close,Volume
2025-01-31 00:00:00+00:00,0.9456800222396851,0.9459999799728394,0.9448500275611877,0.9454100131988525,13371.985889392301
2025-01-31 01:00:00+00:00,0.9454100131988525,0.9455100297927856,0.9445899724960327,0.9450899958610535,10015.717944902
2025-01-31 02:00:00+00:00,0.9451000094413757,0.9454600214958191,0.9446200132369995,0.9451000094413757,5407.163604303121
2025-01-31 03:00:00+00:00,0.945110023021698,0.9455000162124634,0.9445599913597107,0.9452499747276306,6944.463906473538
2025-01-31 04:00:00+00:00,0.9452499747276306,0.9452999830245972,0.9446399807929993,0.9451799988746643,4721.015423045755
2025-01-31 05:00:00+00:00,0.9451900124549866,0.945609986782074,0.9447199702262878,0.9454500079154968,5150.868010211617
2025-01-31 06:00:00+00:00,0.9454500079154968,0.9463000297546387,0.9450799822807312,0.9462500214576721,4909.880715397663
2025-01-31 07:00:00+00:00,0.9462400078773499,0.9465399980545044,0.945330023765564,0.9462299942970276,7087.311448026129
2025-01-31 08:00:00+00:00,0.9462199807167053,0.9467999935150146,0.9452099800109863,0.9458799958229065,9842.916518388425
2025-01-31 09:00:00+00:00,0.9458600282669067,0.9458900094032288,0.9442999958992004,0.9455999732017517,12467.560001003116
2025-01-31 10:00:00+00:00,0.945580005645752,0.9455900192260742,0.9447199702262878,0.9452700018882751,11671.37307660396
2025-01-31 11:00:00+00:00,0.9452499747276306,0.9453999996185303,0.944350004196167,0.9449800252914429,13138.101556550197
2025-01-31 12:00:00+00:00,0.9449899792671204,0.9455299973487854,0.9442399740219116,0.9446499943733215,11019.159245806242
2025-01-31 13:00:00+00:00,0.9446600079536438,0.9455000162124634,0.944159984588623,0.9446700215339661,12702.612260756046
2025-01-31 14:00:00+00:00,0.9446799755096436,0.9448999762535095,0.9432200193405151,0.9433599710464478,15003.687000646027
2025-01-31 15:00:00+00:00,0.94336998462677,0.9445599913597107,0.942330002784729,0.9440799951553345,17182.61834573965
2025-01-31 16:00:00+00:00,0.9440500140190125,0.9456400275230408,0.9439700245857239,0.9450799822807312,20858.580730502417
2025-01-31 17:00:00+00:00,0.9450700283050537,0.9465600252151489,0.9445300102233887,0.9460800290107727,24122.915618507897
2025-01-31 18:00:00+00:00,0.9460800290107727,0.9462199807167053,0.9436699748039246,0.9444100260734558,28387.878647328103
2025-01-31 19:00:00+00:00,0.944379985332489,0.9448400139808655,0.9436799883842468,0.9447600245475769,28552.07579982823
2025-01-31 20:00:00+00:00,0.9447600245475769,0.9448999762535095,0.9438499808311462,0.9446600079536438,27251.57453343227
2025-01-31 21:00:00+00:00,0.9446399807929993,0.9452400207519531,0.9430500268936157,0.9439399838447571,37304.8770407862
2025-01-31 22:00:00+00:00,0.9436299800872803,0.9436299800872803,0.9434300065040588,0.9434300065040588,29103.295027413147
2025-02-03 00:00:00+00:00,0.9376800060272217,0.9391899704933167,0.9360100030899048,0.9373900294303894,41867.05637219942
2025-02-03 01:00:00+00:00,0.9373700022697449,0.9383599758148193,0.9362199902534485,0.9376000165939331,43853.02688027623
2025-02-03 02:00:00+00:00,0.9376099705696106,0.9378600120544434,0.9359300136566162,0.9369300007820129,53279.78532305156
2025-02-03 03:00:00+00:00,0.9369400143623352,0.9373999834060669,0.9362000226974487,0.9372299909591675,57052.900284444244
2025-02-03 04:00:00+00:00,0.9371899962425232,0.9379299879074097,0.9366099834442139,0.9372699856758118,47753.90008926429
2025-02-03 05:00:00+00:00,0.937250018119812,0.9383999705314636,0.9368000030517578,0.9381200075149536,59643.9440197952
2025-02-03 06:00:00+00:00,0.9381399750709534,0.9387099742889404,0.9376400113105774,0.9381200075149536,51888.9235692281
2025-02-03 07:00:00+00:00,0.9381499886512756,0.9398099780082703,0.9377400279045105,0.9392600059509277,45767.16160589864
2025-02-03 08:00:00+00:00,0.9392499923706055,0.9401500225067139,0.9381700158119202,0.9387099742889404,40643.14800570144
2025-02-03 09:00:00+00:00,0.9386799931526184,0.9395700097084045,0.9380199909210205,0.9383800029754639,49242.6401214096
2025-02-03 10:00:00+00:00,0.9383599758148193,0.9397299885749817,0.9380699992179871,0.9396899938583374,53096.08473360392
2025-02-03 11:00:00+00:00,0.9397000074386597,0.9398900270462036,0.9383599758148193,0.9391999840736389,49135.88304477912
2025-02-03 12:00:00+00:00,0.9392099976539612,0.9394199848175049,0.9377999901771545,0.9381999969482422,50853.83405986293
2025-02-03 13:00:00+00:00,0.9381800293922424,0.9400799870491028,0.9378299713134766,0.9390000104904175,46426.94846872729
2025-02-03 14:00:00+00:00,0.9390199780464172,0.939769983291626,0.9371600151062012,0.9379500150680542,36411.84308673517
2025-02-03 15:00:00+00:00,0.9377700090408325,0.9412800073623657,0.9363399744033813,0.9404100179672241,49105.60867883942
2025-02-03 16:00:00+00:00,0.9404000043869019,0.9409800171852112,0.9388399720191956,0.9391400218009949,44588.72696799614
2025-02-03 17:00:00+00:00,0.9391300082206726,0.9400699734687805,0.9385200142860413,0.9393100142478943,57202.8549818501
2025-02-03 18:00:00+00:00,0.9393200278282166,0.9397199749946594,0.9385600090026855,0.9390699863433838,46158.96350510911
2025-02-03 19:00:00+00:00,0.939079999923706,0.940060019493103,0.9384199976921082,0.9388099908828735,49786.31743510055
2025-02-03 20:00:00+00:00,0.9387999773025513,0.939520001411438,0.938289999961853,0.9393100142478943,52606.71784116971
2025-02-03 21:00:00+00:00,0.93927001953125,0.9419999718666077,0.9385899901390076,0.9413300156593323,50052.81467681406
2025-02-03 22:00:00+00:00,0.9414499998092651,0.9421200156211853,0.9401000142097473,0.9413999915122986,54296.719128718054
2025-02-03 23:00:00+00:00,0.9412000179290771,0.9419999718666077,0.940850019454956,0.9413700103759766,52260.65342121327
2025-02-04 00:00:00+00:00,0.9414200186729431,0.941540002822876,0.9404799938201904,0.9409599900245667,56175.70508272605
2025-02-04 01:00:00+00:00,0.9409599900245667,0.9412000179290771,0.9401900172233582,0.9410899877548218,48788.826333019955
2025-02-04 02:00:00+00:00,0.9410399794578552,0.9411399960517883,0.9402999877929688,0.9408199787139893,45271.99816190503
2025-02-04 03:00:00+00:00,0.9408199787139893,0.9409000277519226,0.9398499727249146,0.940280020236969,44594.566250160016
2025-02-04 04:00:00+00:00,0.9402899742126465,0.9405999779701233,0.9396100044250488,0.9399999976158142,48187.4186106215
2025-02-04 05:00:00+00:00,0.9399899840354919,0.9399999976158142,0.9374300241470337,0.9394599795341492,33217.20994744124
2025-02-04 06:00:00+00:00,0.9394500255584717,0.9402099847793579,0.9387400150299072,0.9401000142097473,25522.490594469742
2025-02-04 07:00:00+00:00,0.9401100277900696,0.940500020980835,0.9392300248146057,0.9401800036430359,27334.688226286158
2025-02-04 08:00:00+00:00,0.9401800036430359,0.9408100247383118,0.939050018787384,0.9403899908065796,27370.75684776267
2025-02-04 09:00:00+00:00,0.9404000043869019,0.9406300187110901,0.9396499991416931,0.9404299855232239,30487.34802903614
2025-02-04 10:00:00+00:00,0.9404299855232239,0.9405999779701233,0.9382399916648865,0.9391000270843506,32732.86500415815
2025-02-04 11:00:00+00:00,0.9390900135040283,0.9392200112342834,0.9379400014877319,0.9390100240707397,24277.744327566113
2025-02-04 12:00:00+00:00,0.9390100240707397,0.9393100142478943,0.938319981098175,0.9391599893569946,20947.20522297366
2025-02-04 13:00:00+00:00,0.9391599893569946,0.9396499991416931,0.9386500120162964,0.9395800232887268,22288.003200241645
2025-02-04 14:00:00+00:00,0.9395899772644043,0.9401000142097473,0.9386699795722961,0.9397100210189819,22697.38840394776
2025-02-04 15:00:00+00:00,0.9397600293159485,0.9406999945640564,0.9389700293540955,0.9402300119400024,20764.168397754846
2025-02-04 16:00:00+00:00,0.9402099847793579,0.9403300285339355,0.9389200210571289,0.940060019493103,25391.00839568189
2025-02-04 17:00:00+00:00,0.940060019493103,0.9402999877929688,0.9387000203132629,0.9395400285720825,26604.865045370665
2025-02-04 18:00:00+00:00,0.9395400285720825,0.9397000074386597,0.9389700293540955,0.9395700097084045,25706.166086493333
2025-02-04 19:00:00+00:00,0.9395800232887268,0.9395999908447266,0.9386600255966187,0.9394299983978271,20828.087475707893
2025-02-04 20:00:00+00:00,0.9394400119781494,0.9397600293159485,0.9387400150299072,0.9397299885749817,23700.267248041593
2025-02-04 21:00:00+00:00,0.939769983291626,0.9398999810218811,0.9388499855995178,0.9389700293540955,18761.272423578255
2025-02-04 22:00:00+00:00,0.9389700293540955,0.9395999908447266,0.9380000233650208,0.9391800165176392,20321.004115339063
2025-02-04 23:00:00+00:00,0.9392499923706055,0.9395400285720825,0.9386199712753296,0.9390900135040283,19985.50943492661
2025-02-05 00:00:00+00:00,0.9390699863433838,0.9395999908447266,0.9385799765586853,0.939329981803894,16321.924572464999
2025-02-05 01:00:00+00:00,0.9393200278282166,0.9398999810218811,0.9387800097465515,0.9396700263023376,18593.10163325299
2025-02-05 02:00:00+00:00,0.9396700263023376,0.9398300051689148,0.939050018787384,0.9394999742507935,14906.09675389844
2025-02-05 03:00:00+00:00,0.939520001411438,0.9395999908447266,0.9387900233268738,0.9391899704933167,16445.305177917468
2025-02-05 04:00:00+00:00,0.9391800165176392,0.9395999908447266,0.938730001449585,0.93954998254776,12696.326738750493
2025-02-05 05:00:00+00:00,0.93954998254776,0.9398099780082703,0.9389500021934509,0.939769983291626,10633.067892683684
2025-02-05 06:00:00+00:00,0.9397799968719482,0.9401999711990356,0.9391199946403503,0.9395999908447266,11818.946250573264
2025-02-05 07:00:00+00:00,0.9396200180053711,0.9402599930763245,0.9387800097465515,0.9401800036430359,10610.96333027408
2025-02-05 08:00:00+00:00,0.9401800036430359,0.9406200051307678,0.9386699795722961,0.9391899704933167,13227.362071396481
2025-02-05 09:00:00+00:00,0.9391899704933167,0.9398300051689148,0.9382799863815308,0.9389500021934509,14984.184399569693
2025-02-05 10:00:00+00:00,0.9389500021934509,0.9396499991416931,0.9384099841117859,0.9391999840736389,15988.863800697034
2025-02-05 11:00:00+00:00,0.9391999840736389,0.9398000240325928,0.9386900067329407,0.9396499991416931,14637.36075795124
2025-02-05 12:00:00+00:00,0.9396600127220154,0.9397199749946594,0.9387199878692627,0.939300000667572,12358.822609116301
2025-02-05 13:00:00+00:00,0.939300000667572,0.9401100277900696,0.9387800097465515,0.9397299885749817,17485.572421460194
2025-02-05 14:00:00+00:00,0.9397100210189819,0.9402999877929688,0.9391400218009949,0.939740002155304,16174.404559649965
2025-02-05 15:00:00+00:00,0.9396399855613708,0.9401999711990356,0.9379799962043762,0.938480019569397,16808.229166635752
2025-02-05 16:00:00+00:00,0.938480019569397,0.9387400150299072,0.9377800226211548,0.938539981842041,19311.280940691235
2025-02-05 17:00:00+00:00,0.9385300278663635,0.9387000203132629,0.937690019607544,0.9384499788284302,25625.40575958782
2025-02-05 18:00:00+00:00,0.9384599924087524,0.9384999871253967,0.9373499751091003,0.9378299713134766,23495.642168523787
2025-02-05 19:00:00+00:00,0.9378200173377991,0.9379000067710876,0.9370399713516235,0.9376500248908997,18091.170739750563
2025-02-05 20:00:00+00:00,0.9376500248908997,0.9378499984741211,0.9370200037956238,0.9378399848937988,18899.16264673904
2025-02-05 21:00:00+00:00,0.9378399848937988,0.9380000233650208,0.9371100068092346,0.9378200173377991,15840.59934358829
2025-02-05 22:00:00+00:00,0.937749981880188,0.9379000067710876,0.9369999766349792,0.9375,15801.125301884365
2025-02-05 23:00:00+00:00,0.9376400113105774,0.9377999901771545,0.936959981918335,0.9373499751091003,11809.352783037875
2025-02-06 00:00:00+00:00,0.9373700022697449,0.9376599788665771,0.9369699954986572,0.937470018863678,10805.312312578204
2025-02-06 01:00:00+00:00,0.9374799728393555,0.9376000165939331,0.9367200136184692,0.9372400045394897,10747.476950088574
2025-02-06 02:00:00+00:00,0.9372599720954895,0.9379199743270874,0.9366700053215027,0.9378700256347656,11219.971771037055
2025-02-06 03:00:00+00:00,0.9378799796104431,0.9379199743270874,0.9371600151062012,0.9377599954605103,8388.147960141612
2025-02-06 04:00:00+00:00,0.9377400279045105,0.9379000067710876,0.9372199773788452,0.9378100037574768,8257.999335656896
2025-02-06 05:00:00+00:00,0.9378200173377991,0.9380000233650208,0.9373000264167786,0.9377800226211548,3786.0224598853906
2025-02-06 06:00:00+00:00,0.9377800226211548,0.9383000135421753,0.9372100234031677,0.9381600022315979,4696.59377225166
2025-02-06 07:00:00+00:00,0.9381999969482422,0.9383999705314636,0.9370800256729126,0.9377999901771545,5554.255540846177
2025-02-06 08:00:00+00:00,0.9377999901771545,0.9378100037574768,0.9363200068473816,0.9371100068092346,6267.812391398782
2025-02-06 09:00:00+00:00,0.9370999932289124,0.9381300210952759,0.936519980430603,0.9377400279045105,7541.962101982173
2025-02-06 10:00:00+00:00,0.9378200173377991,0.9381300210952759,0.937250018119812,0.9379100203514099,9979.176344320951
2025-02-06 11:00:00+00:00,0.9379400014877319,0.9383999705314636,0.9370499849319458,0.9377099871635437,9722.498814747
2025-02-06 12:00:00+00:00,0.9377099871635437,0.9383000135421753,0.9369800090789795,0.9382399916648865,10299.814010513881
2025-02-06 13:00:00+00:00,0.9382200241088867,0.938539981842041,0.9370599985122681,0.9378200173377991,12887.975008793996
2025-02-06 14:00:00+00:00,0.9378299713134766,0.9394999742507935,0.9373900294303894,0.9384400248527527,14394.393306495971
2025-02-06 15:00:00+00:00,0.9384300112724304,0.939300000667572,0.9378499984741211,0.9385600090026855,15672.728788830706
2025-02-06 16:00:00+00:00,0.9385499954223633,0.9388499855995178,0.9379900097846985,0.9387400150299072,13821.848012122424
2025-02-06 17:00:00+00:00,0.9387199878692627,0.9394999742507935,0.9382699728012085,0.9390900135040283,20547.46870660151
2025-02-06 18:00:00+00:00,0.9391000270843506,0.9398999810218811,0.9386799931526184,0.9396700263023376,21479.95830283543
2025-02-06 19:00:00+00:00,0.9396399855613708,0.940060019493103,0.9389399886131287,0.9399499893188477,22342.04446413812
2025-02-06 20:00:00+00:00,0.9399399757385254,0.9403300285339355,0.9392499923706055,0.9399099946022034,21122.3631722787
2025-02-06 21:00:00+00:00,0.9398599863052368,0.9399999976158142,0.9392099976539612,0.9394699931144714,20448.219918093506
2025-02-06 22:00:00+00:00,0.9394599795341492,0.9397799968719482,0.9388800263404846,0.9395300149917603,17193.399681252133
2025-02-06 23:00:00+00:00,0.9395300149917603,0.9401400089263916,0.9389899969100952,0.9399799704551697,18375.876746328886
2025-02-07 00:00:00+00:00,0.9399899840354919,0.9401999711990356,0.9393100142478943,0.939769983291626,16516.57999594606
2025-02-07 01:00:00+00:00,0.939740002155304,0.940500020980835,0.9390699863433838,0.940339982509613,17925.301668184016
2025-02-07 02:00:00+00:00,0.9403300285339355,0.9408699870109558,0.9399700164794922,0.9408299922943115,15272.68774323724
2025-02-07 03:00:00+00:00,0.9408100247383118,0.9409999847412109,0.9401199817657471,0.9406499862670898,14432.84050538408
2025-02-07 04:00:00+00:00,0.9406200051307678,0.940750002861023,0.9399799704551697,0.9406999945640564,11003.453991507244
2025-02-07 05:00:00+00:00,0.9406899809837341,0.9407200217247009,0.9397900104522705,0.9402300119400024,9366.608582055826
2025-02-07 06:00:00+00:00,0.9402099847793579,0.9407699704170227,0.9396200180053711,0.940750002861023,9575.189638775317
2025-02-07 07:00:00+00:00,0.940750002861023,0.9416700005531311,0.9400799870491028,0.9415000081062317,10861.315692499342
2025-02-07 08:00:00+00:00,0.941510021686554,0.9420999884605408,0.941070020198822,0.9417200088500977,10629.654230725033
2025-02-07 09:00:00+00:00,0.9417399764060974,0.941860020160675,0.9408599734306335,0.9413700103759766,10553.44786240507
2025-02-07 10:00:00+00:00,0.9413999915122986,0.9417999982833862,0.9408000111579895,0.9413999915122986,9539.478361133191
2025-02-07 11:00:00+00:00,0.9414100050926208,0.9415500164031982,0.9408699870109558,0.9414700269699097,9294.42738609647
2025-02-07 12:00:00+00:00,0.9414700269699097,0.9415000081062317,0.9401800036430359,0.9412400126457214,9482.052110413118
2025-02-07 13:00:00+00:00,0.9412500262260437,0.9427000284194946,0.9408900141716003,0.9422000050544739,10507.308421163605
2025-02-07 14:00:00+00:00,0.9422100186347961,0.9429000020027161,0.9414299726486206,0.9424700140953064,13641.608444229594
2025-02-07 15:00:00+00:00,0.9423499703407288,0.9429000020027161,0.9397299885749817,0.9414700269699097,18447.68737021773
2025-02-07 16:00:00+00:00,0.9414600133895874,0.941510021686554,0.9388499855995178,0.9398999810218811,25182.826546124546
2025-02-07 17:00:00+00:00,0.9398900270462036,0.9418100118637085,0.9379799962043762,0.9395800232887268,34512.689894712224
2025-02-07 18:00:00+00:00,0.9395899772644043,0.9401999711990356,0.9384899735450745,0.9392300248146057,38077.145115271
2025-02-07 19:00:00+00:00,0.9392300248146057,0.9395400285720825,0.9385499954223633,0.9393399953842163,43651.546129135226
2025-02-07 20:00:00+00:00,0.9393699765205383,0.9398000240325928,0.9387500286102295,0.9393500089645386,36778.14339588463
2025-02-07 21:00:00+00:00,0.9393500089645386,0.9399999976158142,0.9389200210571289,0.9392799735069275,38067.36935277476
2025-02-07 22:00:00+00:00,0.9392799735069275,0.9394500255584717,0.938730001449585,0.938730001449585,36275.352219754146
2025-02-10 00:00:00+00:00,0.9391400218009949,0.9393399953842163,0.9386100172996521,0.9392799735069275,39142.02902152828
2025-02-10 01:00:00+00:00,0.9392600059509277,0.9397000074386597,0.9382500052452087,0.9393500089645386,28833.834182534534
2025-02-10 02:00:00+00:00,0.9393399953842163,0.9395300149917603,0.9388499855995178,0.939490020275116,34946.18267255629
2025-02-10 03:00:00+00:00,0.9394999742507935,0.9397299885749817,0.9389200210571289,0.9393900036811829,28824.101180789105
2025-02-10 04:00:00+00:00,0.9394000172615051,0.9399099946022034,0.9392899870872498,0.9397900104522705,28693.10613457014
2025-02-10 05:00:00+00:00,0.9398000240325928,0.9401999711990356,0.93927001953125,0.9397900104522705,27366.412236648808
2025-02-10 06:00:00+00:00,0.9398099780082703,0.9400100111961365,0.9390599727630615,0.9399899840354919,26205.246671690013
2025-02-10 07:00:00+00:00,0.9399399757385254,0.940500020980835,0.938539981842041,0.939300000667572,20346.476982696415
2025-02-10 08:00:00+00:00,0.939300000667572,0.9397199749946594,0.9385799765586853,0.9396100044250488,10375.109991746867
2025-02-10 09:00:00+00:00,0.9396499991416931,0.940339982509613,0.9391599893569946,0.9398900270462036,8601.854504081122
2025-02-10 10:00:00+00:00,0.9399200081825256,0.9400500059127808,0.9391300082206726,0.9396899938583374,9919.564097901768
2025-02-10 11:00:00+00:00,0.9396799802780151,0.9401999711990356,0.9390699863433838,0.9394000172615051,8185.501627567516
2025-02-10 12:00:00+00:00,0.9393900036811829,0.9395999908447266,0.9387699961662292,0.9392799735069275,10174.117218255033
2025-02-10 13:00:00+00:00,0.93927001953125,0.9399600028991699,0.9388099908828735,0.9392099976539612,9494.40065623179
2025-02-10 14:00:00+00:00,0.9392099976539612,0.939300000667572,0.9377300143241882,0.9385200142860413,13160.392170617766
2025-02-10 15:00:00+00:00,0.9384999871253967,0.9392200112342834,0.9380999803543091,0.9389600157737732,13306.66607655435
2025-02-10 16:00:00+00:00,0.9389600157737732,0.9394500255584717,0.9384300112724304,0.9393799901008606,13163.45977504716
2025-02-10 17:00:00+00:00,0.9393799901008606,0.9398000240325928,0.9388899803161621,0.9396700263023376,12464.731804322122
2025-02-10 18:00:00+00:00,0.9396700263023376,0.9399399757385254,0.9389899969100952,0.9394099712371826,14894.296561485686
2025-02-10 19:00:00+00:00,0.9394000172615051,0.9394999742507935,0.9387000203132629,0.9393900036811829,13431.24549281881
2025-02-10 20:00:00+00:00,0.9393600225448608,0.9394400119781494,0.9388300180435181,0.9393399953842163,11386.857739828041
2025-02-10 21:00:00+00:00,0.939300000667572,0.9394999742507935,0.9387900233268738,0.9391199946403503,7509.980672085753
2025-02-10 22:00:00+00:00,0.9387400150299072,0.9393200278282166,0.9383000135421753,0.9387900233268738,9010.654712386446
2025-02-10 23:00:00+00:00,0.9388099908828735,0.9391999840736389,0.9382299780845642,0.9387500286102295,7544.218094315127
2025-02-11 00:00:00+00:00,0.9387699961662292,0.9391099810600281,0.9382500052452087,0.9389700293540955,5869.787876463362
2025-02-11 01:00:00+00:00,0.9389899969100952,0.939050018787384,0.9382799863815308,0.9387400150299072,5819.921532970484
2025-02-11 02:00:00+00:00,0.9387400150299072,0.9387999773025513,0.9378899931907654,0.9383699893951416,7935.238290428222
2025-02-11 03:00:00+00:00,0.9383800029754639,0.9388999938964844,0.9379100203514099,0.9387500286102295,6513.397094356756
2025-02-11 04:00:00+00:00,0.9387400150299072,0.9391999840736389,0.9383000135421753,0.9391300082206726,4576.347294784579
2025-02-11 05:00:00+00:00,0.9391999840736389,0.9394400119781494,0.9387099742889404,0.9394199848175049,3321.0861634883904
2025-02-11 06:00:00+00:00,0.9394099712371826,0.9397299885749817,0.938730001449585,0.9392600059509277,2644.3149567119726
2025-02-11 07:00:00+00:00,0.9392600059509277,0.939740002155304,0.9386600255966187,0.9394400119781494,3843.718826576144
2025-02-11 08:00:00+00:00,0.9394299983978271,0.9405999779701233,0.9388099908828735,0.9404199719429016,5844.243313750447
2025-02-11 09:00:00+00:00,0.9404100179672241,0.941100001335144,0.9398499727249146,0.9407200217247009,7668.799415079609
2025-02-11 10:00:00+00:00,0.9407299757003784,0.9412999749183655,0.9401500225067139,0.9409899711608887,8495.754297815885
2025-02-11 11:00:00+00:00,0.9409999847412109,0.9423999786376953,0.9405400156974792,0.9423199892044067,11770.201116356471
2025-02-11 12:00:00+00:00,0.9423199892044067,0.9430999755859375,0.9417799711227417,0.9426199793815613,12223.099314971556
2025-02-11 13:00:00+00:00,0.9426100254058838,0.9430500268936157,0.9417700171470642,0.9427599906921387,16430.81153549251
2025-02-11 14:00:00+00:00,0.9427400231361389,0.9442800283432007,0.9422900080680847,0.9439200162887573,17032.27546279985
2025-02-11 15:00:00+00:00,0.9439399838447571,0.9448400139808655,0.9432799816131592,0.9442600011825562,19741.949711137942
2025-02-11 16:00:00+00:00,0.9442700147628784,0.944920003414154,0.9436699748039246,0.944819986820221,22440.04278574578
2025-02-11 17:00:00+00:00,0.9448300004005432,0.9449700117111206,0.9440900087356567,0.9446499943733215,17616.55390161247
2025-02-11 18:00:00+00:00,0.9446399807929993,0.9453999996185303,0.9442399740219116,0.9452800154685974,22653.92918225219
2025-02-11 19:00:00+00:00,0.9452700018882751,0.9470499753952026,0.9447799921035767,0.9458799958229065,24774.73638008049
2025-02-11 20:00:00+00:00,0.9458799958229065,0.9466400146484375,0.945389986038208,0.9463800191879272,30105.484265697094
2025-02-11 21:00:00+00:00,0.9464100003242493,0.9465399980545044,0.9457299709320068,0.9460099935531616,23108.838784405936
2025-02-11 22:00:00+00:00,0.9460499882698059,0.9460999965667725,0.9445599913597107,0.9458799958229065,26290.18182378989
2025-02-11 23:00:00+00:00,0.9460099935531616,0.9465000033378601,0.9456300139427185,0.9462699890136719,22582.629785108296
2025-02-12 00:00:00+00:00,0.9462000131607056,0.946340024471283,0.9452000260353088,0.9458199739456177,21466.87359340402
2025-02-12 01:00:00+00:00,0.9458000063896179,0.9459999799728394,0.9451000094413757,0.9458000063896179,21700.16149890105
2025-02-12 02:00:00+00:00,0.9458100199699402,0.9464200139045715,0.9452800154685974,0.9461600184440613,19782.28365476025
2025-02-12 03:00:00+00:00,0.9461600184440613,0.9464600086212158,0.9455999732017517,0.9463899731636047,19088.179643596333
2025-02-12 04:00:00+00:00,0.9463899731636047,0.9465000033378601,0.9456700086593628,0.9460800290107727,15730.605116692119
2025-02-12 05:00:00+00:00,0.9460800290107727,0.946120023727417,0.9453200101852417,0.9457700252532959,14934.962917978657
2025-02-12 06:00:00+00:00,0.9457700252532959,0.9459999799728394,0.9451000094413757,0.9456700086593628,11904.8971017959
2025-02-12 07:00:00+00:00,0.9456700086593628,0.9466999769210815,0.9449800252914429,0.9464899897575378,13977.545887408525
2025-02-12 08:00:00+00:00,0.9464799761772156,0.9466300010681152,0.9448099732398987,0.9452599883079529,16009.313495322715
2025-02-12 09:00:00+00:00,0.9452800154685974,0.9452999830245972,0.9437199831008911,0.9445000290870667,16560.234745943846
2025-02-12 10:00:00+00:00,0.9445000290870667,0.9456700086593628,0.9440400004386902,0.9452000260353088,18620.240832449505
2025-02-12 11:00:00+00:00,0.9452000260353088,0.9458600282669067,0.9445000290870667,0.9450600147247314,18392.622713933168
2025-02-12 12:00:00+00:00,0.9450700283050537,0.9457100033760071,0.9444699883460999,0.9455500245094299,14210.433706357526
2025-02-12 13:00:00+00:00,0.9455500245094299,0.9457700252532959,0.9438899755477905,0.9448800086975098,20547.16058141181
2025-02-12 14:00:00+00:00,0.944890022277832,0.9465699791908264,0.9442300200462341,0.9465299844741821,24520.12871975224
2025-02-12 15:00:00+00:00,0.9465399980545044,0.9478200078010559,0.9449800252914429,0.9475399851799011,27016.77018083049
2025-02-12 16:00:00+00:00,0.9475499987602234,0.9490900039672852,0.9458400011062622,0.9486700296401978,25911.05089068346
2025-02-12 17:00:00+00:00,0.9486799836158752,0.9506000280380249,0.9483100175857544,0.9505299925804138,34820.579832636286
2025-02-12 18:00:00+00:00,0.9505299925804138,0.9507399797439575,0.9480699896812439,0.9486299753189087,41048.81761733337
2025-02-12 19:00:00+00:00,0.9486200213432312,0.9491999745368958,0.9481899738311768,0.9489799737930298,40401.87523618337
2025-02-12 20:00:00+00:00,0.9489700198173523,0.9491999745368958,0.948390007019043,0.9490000009536743,47571.00749904108
2025-02-12 21:00:00+00:00,0.9489700198173523,0.9491299986839294,0.9479699730873108,0.948390007019043,47732.17169797009
2025-02-12 22:00:00+00:00,0.9482399821281433,0.9487599730491638,0.9473900198936462,0.9480599761009216,41763.445147797676
2025-02-12 23:00:00+00:00,0.9480400085449219,0.9492499828338623,0.9478600025177002,0.9492300152778625,45862.09335635871
2025-02-13 00:00:00+00:00,0.9492300152778625,0.9496999979019165,0.9486899971961975,0.9494199752807617,39096.84701438218
2025-02-13 01:00:00+00:00,0.949429988861084,0.9498000144958496,0.9488999843597412,0.9496200084686279,41493.31910135257
2025-02-13 02:00:00+00:00,0.9496399760246277,0.9496999979019165,0.948989987373352,0.9494500160217285,39199.8408528507
2025-02-13 03:00:00+00:00,0.9494699835777283,0.950219988822937,0.9490600228309631,0.9502000212669373,29022.31782686199
2025-02-13 04:00:00+00:00,0.9502000212669373,0.951229989528656,0.9499099850654602,0.9508900046348572,30919.883672303644
2025-02-13 05:00:00+00:00,0.9508900046348572,0.9511100053787231,0.9501199722290039,0.9509400129318237,26316.1378168936
2025-02-13 06:00:00+00:00,0.9509299993515015,0.9513000249862671,0.9499300122261047,0.9503999948501587,21798.769546659816
2025-02-13 07:00:00+00:00,0.950410008430481,0.9508299827575684,0.9470400214195251,0.9478999972343445,19705.601989406292
2025-02-13 08:00:00+00:00,0.9478899836540222,0.9480000138282776,0.9448699951171875,0.9452400207519531,29713.088662984737
2025-02-13 09:00:00+00:00,0.9453399777412415,0.9464200139045715,0.9445199966430664,0.9462699890136719,29407.26517829035
2025-02-13 10:00:00+00:00,0.9462500214576721,0.9465500116348267,0.9440799951553345,0.9444800019264221,34754.41080453038
2025-02-13 11:00:00+00:00,0.9444800019264221,0.9453200101852417,0.9431599974632263,0.944130003452301,40589.72155184892
2025-02-13 12:00:00+00:00,0.9441499710083008,0.9442999958992004,0.9420599937438965,0.9426599740982056,35458.16625650215
2025-02-13 13:00:00+00:00,0.9426299929618835,0.9437100291252136,0.9416800141334534,0.9431700110435486,49099.1425810338
2025-02-13 14:00:00+00:00,0.9431700110435486,0.9440299868583679,0.9424399733543396,0.9437100291252136,46767.13808237039
2025-02-13 15:00:00+00:00,0.9437100291252136,0.9461299777030945,0.9431899785995483,0.944350004196167,51109.35285866191
2025-02-13 16:00:00+00:00,0.9443399906158447,0.9448000192642212,0.9430199861526489,0.9434499740600586,53335.803314240664
2025-02-13 17:00:00+00:00,0.9434499740600586,0.9437000155448914,0.9423800110816956,0.942799985408783,51970.03088221958
2025-02-13 18:00:00+00:00,0.9427899718284607,0.9435999989509583,0.9400299787521362,0.9419199824333191,67034.02505890747
2025-02-13 19:00:00+00:00,0.9419100284576416,0.9437000155448914,0.9415500164031982,0.9433199763298035,63469.53465178558
2025-02-13 20:00:00+00:00,0.943340003490448,0.9450500011444092,0.9429000020027161,0.9446799755096436,62738.32235593881
2025-02-13 21:00:00+00:00,0.9446899890899658,0.9451500177383423,0.9440299868583679,0.9447799921035767,55749.87304060919
2025-02-13 22:00:00+00:00,0.9447699785232544,0.9456999897956848,0.9444599747657776,0.9454399943351746,54092.78617455409
2025-02-13 23:00:00+00:00,0.9454399943351746,0.9455199837684631,0.9441699981689453,0.944890022277832,47061.941376929426
2025-02-14 00:00:00+00:00,0.9449300169944763,0.9450299739837646,0.9437699913978577,0.9442800283432007,53355.86556071526
2025-02-14 01:00:00+00:00,0.9442899823188782,0.9447000026702881,0.9437000155448914,0.9444500207901001,45222.13893055996
2025-02-14 02:00:00+00:00,0.9444800019264221,0.9449999928474426,0.9440000057220459,0.9448800086975098,35287.209300268856
2025-02-14 03:00:00+00:00,0.9448800086975098,0.9455999732017517,0.9444199800491333,0.9454600214958191,38982.74640741451
2025-02-14 04:00:00+00:00,0.9454600214958191,0.9458299875259399,0.9447900056838989,0.9452700018882751,39638.526191165045
2025-02-14 05:00:00+00:00,0.9452900290489197,0.9453999996185303,0.9445099830627441,0.9452900290489197,30027.357757403766
2025-02-14 06:00:00+00:00,0.9452900290489197,0.9455999732017517,0.944819986820221,0.9453799724578857,21520.762319692607
2025-02-14 07:00:00+00:00,0.945360004901886,0.94691002368927,0.9449999928474426,0.946690022945404,28943.113371673382
2025-02-14 08:00:00+00:00,0.9466999769210815,0.9472200274467468,0.9457799792289734,0.9463300108909607,21422.74921763996
2025-02-14 09:00:00+00:00,0.9463300108909607,0.946399986743927,0.944320023059845,0.9451599717140198,20514.570837380143
2025-02-14 10:00:00+00:00,0.94514000415802,0.9453999996185303,0.9434000253677368,0.9438999891281128,22665.29670171034
2025-02-14 11:00:00+00:00,0.9438700079917908,0.9440400004386902,0.9429600238800049,0.9435499906539917,21055.585110352604
2025-02-14 12:00:00+00:00,0.9435499906539917,0.9436900019645691,0.9421200156211853,0.9436799883842468,25500.859427803895
2025-02-14 13:00:00+00:00,0.9436799883842468,0.9446200132369995,0.942300021648407,0.9427899718284607,21846.745072707436
2025-02-14 14:00:00+00:00,0.9427899718284607,0.943809986114502,0.942359983921051,0.9434499740600586,24130.657797991385
2025-02-14 15:00:00+00:00,0.9434400200843811,0.9438499808311462,0.9426400065422058,0.9435300230979919,27215.705936421768
2025-02-14 16:00:00+00:00,0.9435300230979919,0.9438899755477905,0.9424499869346619,0.9429399967193604,27397.02854124047
2025-02-14 17:00:00+00:00,0.9429500102996826,0.9437000155448914,0.9423400163650513,0.9435499906539917,30836.079617001607
2025-02-14 18:00:00+00:00,0.943560004234314,0.9439100027084351,0.9430000185966492,0.9434999823570251,32112.3052873236
2025-02-14 19:00:00+00:00,0.9434999823570251,0.9437000155448914,0.9429399967193604,0.9434000253677368,25267.311420570706
2025-02-14 20:00:00+00:00,0.9434199929237366,0.9441199898719788,0.9430199861526489,0.9439200162887573,30208.283310089864
2025-02-14 21:00:00+00:00,0.9439299702644348,0.9439499974250793,0.9430199861526489,0.9433900117874146,25856.32534414712
2025-02-14 22:00:00+00:00,0.9438999891281128,0.9438999891281128,0.9438999891281128,0.9438999891281128,23375.315858716716
2025-02-17 00:00:00+00:00,0.9438199996948242,0.9444000124931335,0.943310022354126,0.9442800283432007,18624.124539206743
2025-02-17 01:00:00+00:00,0.9443100094795227,0.9448000192642212,0.9436200261116028,0.9446700215339661,19099.250105658102
2025-02-17 02:00:00+00:00,0.9446600079536438,0.9447600245475769,0.9439499974250793,0.9446899890899658,16771.10662431843
2025-02-17 03:00:00+00:00,0.9447000026702881,0.9450100064277649,0.9441699981689453,0.9448500275611877,13915.048816288285
2025-02-17 04:00:00+00:00,0.9448500275611877,0.9448999762535095,0.9434599876403809,0.9440299868583679,12128.972398908349
2025-02-17 05:00:00+00:00,0.9440400004386902,0.9446099996566772,0.9433900117874146,0.9444100260734558,12102.905995477635
2025-02-17 06:00:00+00:00,0.944379985332489,0.9446300268173218,0.9436699748039246,0.9442600011825562,9760.74638363805
2025-02-17 07:00:00+00:00,0.9442600011825562,0.9447199702262878,0.9429200291633606,0.9433199763298035,13135.677338649237
2025-02-17 08:00:00+00:00,0.9433599710464478,0.9436699748039246,0.9424700140953064,0.9430299997329712,9993.248964370296
2025-02-17 09:00:00+00:00,0.9430400133132935,0.9433000087738037,0.9422600269317627,0.9430500268936157,10931.86180133666
2025-02-17 10:00:00+00:00,0.9430400133132935,0.9449399709701538,0.942550003528595,0.9448800086975098,14374.483847048004
2025-02-17 11:00:00+00:00,0.944890022277832,0.9449300169944763,0.9434199929237366,0.9443899989128113,19878.234923490392
2025-02-17 12:00:00+00:00,0.9444000124931335,0.9446300268173218,0.9434900283813477,0.9440199732780457,15091.359240563375
2025-02-17 13:00:00+00:00,0.9440199732780457,0.9441099762916565,0.942870020866394,0.9436299800872803,20487.42285549915
2025-02-17 14:00:00+00:00,0.9436399936676025,0.9442999958992004,0.9432100057601929,0.9439700245857239,21043.911349252783
2025-02-17 15:00:00+00:00,0.9439600110054016,0.944320023059845,0.943310022354126,0.9441999793052673,19806.790909450843
2025-02-17 16:00:00+00:00,0.9442099928855896,0.9442999958992004,0.9433599710464478,0.9439600110054016,19685.74957800879
2025-02-17 17:00:00+00:00,0.9439499974250793,0.9441199898719788,0.9433199763298035,0.944100022315979,19001.76623216233
2025-02-17 18:00:00+00:00,0.9440699815750122,0.9443299770355225,0.9434900283813477,0.9442300200462341,13076.596056871127
2025-02-17 19:00:00+00:00,0.9441999793052673,0.9444100260734558,0.9437199831008911,0.9442800283432007,17991.179480444025
2025-02-17 20:00:00+00:00,0.9442600011825562,0.9444000124931335,0.9437699913978577,0.944379985332489,13387.177887285392
2025-02-17 21:00:00+00:00,0.9443699717521667,0.9445000290870667,0.9437999725341797,0.9440900087356567,13490.672012772911
2025-02-17 22:00:00+00:00,0.9439899921417236,0.9445000290870667,0.9431899785995483,0.9441800117492676,12693.436329977443
2025-02-17 23:00:00+00:00,0.9441800117492676,0.9444199800491333,0.9436299800872803,0.9443699717521667,14320.048575198956
2025-02-18 00:00:00+00:00,0.944379985332489,0.944599986076355,0.9435700178146362,0.944159984588623,7758.300917254938
2025-02-18 01:00:00+00:00,0.944159984588623,0.9442300200462341,0.9433500170707703,0.9437900185585022,4729.37214224468
2025-02-18 02:00:00+00:00,0.9437900185585022,0.944100022315979,0.9433199763298035,0.9438300132751465,4373.741863412822
2025-02-18 03:00:00+00:00,0.9438400268554688,0.9442099928855896,0.9433199763298035,0.9440400004386902,4336.0522920273825
2025-02-18 04:00:00+00:00,0.9440199732780457,0.9442999958992004,0.9432600140571594,0.9441499710083008,4017.785339347282
2025-02-18 05:00:00+00:00,0.9441099762916565,0.9443299770355225,0.9436799883842468,0.9442300200462341,2251.0302727074313
2025-02-18 06:00:00+00:00,0.9442399740219116,0.9442999958992004,0.9434800148010254,0.9441499710083008,1998.3989665388008
2025-02-18 07:00:00+00:00,0.9441400170326233,0.9442999958992004,0.9425699710845947,0.9432500004768372,5110.458259815577
2025-02-18 08:00:00+00:00,0.9432299733161926,0.9435300230979919,0.9411299824714661,0.941540002822876,10262.423596755541
2025-02-18 09:00:00+00:00,0.9415500164031982,0.942300021648407,0.9411100149154663,0.9420999884605408,12039.70439952416
2025-02-18 10:00:00+00:00,0.9420999884605408,0.9431300163269043,0.9417700171470642,0.9430199861526489,14477.81497769869
2025-02-18 11:00:00+00:00,0.9430299997329712,0.9435099959373474,0.942579984664917,0.9433500170707703,15173.58712495586
2025-02-18 12:00:00+00:00,0.9433500170707703,0.9435999989509583,0.9419299960136414,0.9425600171089172,16468.025403044154
2025-02-18 13:00:00+00:00,0.9426000118255615,0.9427400231361389,0.9413800239562988,0.9419000148773193,14020.91060407122
2025-02-18 14:00:00+00:00,0.9419000148773193,0.9426000118255615,0.9413899779319763,0.9422699809074402,13577.89803714439
2025-02-18 15:00:00+00:00,0.9422699809074402,0.9436900019645691,0.9417099952697754,0.9435999989509583,21711.7015147534
2025-02-18 16:00:00+00:00,0.9435999989509583,0.9437100291252136,0.9428799748420715,0.9434499740600586,19352.226952542558
2025-02-18 17:00:00+00:00,0.9434599876403809,0.9436399936676025,0.9426100254058838,0.943589985370636,20135.849552266907
2025-02-18 18:00:00+00:00,0.9436200261116028,0.9438999891281128,0.9427099823951721,0.9438300132751465,21179.445597017704
2025-02-18 19:00:00+00:00,0.9438400268554688,0.944100022315979,0.9432399868965149,0.943809986114502,22024.85443580303
2025-02-18 20:00:00+00:00,0.9437500238418579,0.9440199732780457,0.9431999921798706,0.9438499808311462,22570.6304957536
2025-02-18 21:00:00+00:00,0.9438599944114685,0.9440199732780457,0.943120002746582,0.9434099793434143,16949.83410736846
2025-02-18 22:00:00+00:00,0.9431399703025818,0.944599986076355,0.9426500201225281,0.9438599944114685,15879.430793769838
2025-02-18 23:00:00+00:00,0.9438999891281128,0.9445599913597107,0.9435200095176697,0.9441199898719788,19202.73435544154
2025-02-19 00:00:00+00:00,0.944130003452301,0.9446099996566772,0.9434900283813477,0.9445300102233887,16647.53059347856
2025-02-19 01:00:00+00:00,0.9444900155067444,0.9447000026702881,0.9435099959373474,0.9441900253295898,18982.19566485035
2025-02-19 02:00:00+00:00,0.9441699981689453,0.9444000124931335,0.9435799717903137,0.9441699981689453,15580.263709287401
2025-02-19 03:00:00+00:00,0.9441800117492676,0.9443100094795227,0.9434599876403809,0.9440600275993347,14385.547141334922
2025-02-19 04:00:00+00:00,0.9440699815750122,0.9441999793052673,0.9433900117874146,0.9439499974250793,10738.169055742635
2025-02-19 05:00:00+00:00,0.9439399838447571,0.9441999793052673,0.9434499740600586,0.9440699815750122,8531.518522246784
2025-02-19 06:00:00+00:00,0.9440699815750122,0.9442099928855896,0.9434000253677368,0.9438599944114685,7736.308888649901
2025-02-19 07:00:00+00:00,0.9438599944114685,0.9447199702262878,0.9434900283813477,0.9445400238037109,9823.10588172844
2025-02-19 08:00:00+00:00,0.9445300102233887,0.9455000162124634,0.9440500140190125,0.9445800185203552,9777.160655904709
2025-02-19 09:00:00+00:00,0.9445800185203552,0.9448999762535095,0.9427700042724609,0.9432500004768372,13601.887098607225
2025-02-19 10:00:00+00:00,0.9432500004768372,0.9435999989509583,0.9415500164031982,0.9421200156211853,15077.211567221093
2025-02-19 11:00:00+00:00,0.9421300292015076,0.9426199793815613,0.9415900111198425,0.9423800110816956,17491.186595363273
2025-02-19 12:00:00+00:00,0.942359983921051,0.9436299800872803,0.9418799877166748,0.9431899785995483,16478.29539467516
2025-02-19 13:00:00+00:00,0.9431599974632263,0.9434999823570251,0.9416700005531311,0.9426699876785278,25406.79454314528
2025-02-19 14:00:00+00:00,0.9426699876785278,0.9427199959754944,0.9409499764442444,0.9419900178909302,21746.07133101852
2025-02-19 15:00:00+00:00,0.9419900178909302,0.9426000118255615,0.9413599967956543,0.9420099854469299,22820.875554755126
2025-02-19 16:00:00+00:00,0.9420199990272522,0.942330002784729,0.9412199854850769,0.9419999718666077,22580.621877506535
2025-02-19 17:00:00+00:00,0.9419800043106079,0.9420700073242188,0.9411799907684326,0.9419000148773193,24555.26929849224
2025-02-19 18:00:00+00:00,0.9419000148773193,0.9421399831771851,0.94132000207901,0.9418299794197083,24515.597231342534
2025-02-19 19:00:00+00:00,0.9419400095939636,0.9423999786376953,0.9413899779319763,0.9422500133514404,21598.353742922773
2025-02-19 20:00:00+00:00,0.9422600269317627,0.9426500201225281,0.9416400194168091,0.9426400065422058,26739.784590313415
2025-02-19 21:00:00+00:00,0.9425899982452393,0.9430000185966492,0.9420199990272522,0.9426000118255615,24328.97097614148
2025-02-19 22:00:00+00:00,0.9426599740982056,0.9429000020027161,0.94132000207901,0.9424700140953064,20884.225862250907
2025-02-19 23:00:00+00:00,0.9426500201225281,0.9427099823951721,0.9418399930000305,0.9426000118255615,21398.46267667276
2025-02-20 00:00:00+00:00,0.9426400065422058,0.9427400231361389,0.9417300224304199,0.942359983921051,18170.274732193437
2025-02-20 01:00:00+00:00,0.9423499703407288,0.9423999786376953,0.941290020942688,0.9416800141334534,20093.118464949242
2025-02-20 02:00:00+00:00,0.9416900277137756,0.9422199726104736,0.9411399960517883,0.9422000050544739,15200.55224363932
2025-02-20 03:00:00+00:00,0.9421700239181519,0.9422399997711182,0.9412500262260437,0.9418500065803528,14805.35252467473
2025-02-20 04:00:00+00:00,0.9418399930000305,0.9419000148773193,0.940850019454956,0.941540002822876,11562.729270227062
2025-02-20 05:00:00+00:00,0.9415500164031982,0.9417099952697754,0.940779983997345,0.9411900043487549,8227.829853380565
2025-02-20 06:00:00+00:00,0.9412000179290771,0.9413999915122986,0.9404900074005127,0.9409400224685669,9572.6314769736
2025-02-20 07:00:00+00:00,0.9409199953079224,0.9416999816894531,0.9404500126838684,0.941569983959198,8275.944023575692
2025-02-20 08:00:00+00:00,0.941540002822876,0.942110002040863,0.9409000277519226,0.9413700103759766,11595.82529699587
2025-02-20 09:00:00+00:00,0.9413800239562988,0.9417300224304199,0.9406800270080566,0.9414399862289429,11304.35585893079
2025-02-20 10:00:00+00:00,0.9414299726486206,0.9419999718666077,0.9408299922943115,0.9417600035667419,13141.059424904643
2025-02-20 11:00:00+00:00,0.9417700171470642,0.9422299861907959,0.9413599967956543,0.9418799877166748,11634.692879269754
2025-02-20 12:00:00+00:00,0.9418699741363525,0.9421899914741516,0.9410899877548218,0.9421200156211853,11563.700926220657
2025-02-20 13:00:00+00:00,0.9421300292015076,0.9424999952316284,0.9413300156593323,0.9424200057983398,11499.778302045215
2025-02-20 14:00:00+00:00,0.9424399733543396,0.9434700012207031,0.9413300156593323,0.9416800141334534,14916.808860944277
2025-02-20 15:00:00+00:00,0.9416999816894531,0.9433500170707703,0.9410600066184998,0.9422900080680847,16106.48780002174
2025-02-20 16:00:00+00:00,0.942300021648407,0.9424300193786621,0.9413899779319763,0.9419500231742859,18675.924058037974
2025-02-20 17:00:00+00:00,0.9419299960136414,0.9425399899482727,0.941349983215332,0.9422799944877625,21440.887683447
2025-02-20 18:00:00+00:00,0.9422500133514404,0.9425299763679504,0.9415500164031982,0.9424999952316284,17607.491378417828
2025-02-20 19:00:00+00:00,0.9424800276756287,0.942799985408783,0.9417799711227417,0.9426299929618835,16694.808478950097
2025-02-20 20:00:00+00:00,0.9426599740982056,0.9429399967193604,0.9420999884605408,0.9428600072860718,14749.319421233138
2025-02-20 21:00:00+00:00,0.9428499937057495,0.9430099725723267,0.9422900080680847,0.9428099989891052,17131.232121985988
2025-02-20 22:00:00+00:00,0.9427499771118164,0.9430000185966492,0.942110002040863,0.9426199793815613,14593.699894973553
2025-02-20 23:00:00+00:00,0.9426199793815613,0.943120002746582,0.942330002784729,0.943120002746582,15607.234382224102
2025-02-21 00:00:00+00:00,0.94309002161026,0.9431300163269043,0.9421300292015076,0.9426400065422058,15297.571422687734
2025-02-21 01:00:00+00:00,0.9426299929618835,0.9431599974632263,0.9422000050544739,0.9430000185966492,15821.500544356724
2025-02-21 02:00:00+00:00,0.9430000185966492,0.9434999823570251,0.942550003528595,0.943340003490448,17901.079606041847
2025-02-21 03:00:00+00:00,0.9433299899101257,0.9434000253677368,0.9426500201225281,0.9432299733161926,13271.848777682999
2025-02-21 04:00:00+00:00,0.9432399868965149,0.9433000087738037,0.9425100088119507,0.9429399967193604,9367.736352642023
2025-02-21 05:00:00+00:00,0.9429299831390381,0.9432200193405151,0.942300021648407,0.9430599808692932,4820.032291145494
2025-02-21 06:00:00+00:00,0.9430400133132935,0.9434999823570251,0.9426100254058838,0.943120002746582,4904.653080285401
2025-02-21 07:00:00+00:00,0.9431099891662598,0.9433500170707703,0.9418900012969971,0.9422699809074402,5156.920332571624
2025-02-21 08:00:00+00:00,0.9422500133514404,0.9427000284194946,0.9404199719429016,0.9408400058746338,11187.871556100354
2025-02-21 09:00:00+00:00,0.9407899975776672,0.9412000179290771,0.9397000074386597,0.941100001335144,11185.122614913878
2025-02-21 10:00:00+00:00,0.9410799741744995,0.9412500262260437,0.9399600028991699,0.9407699704170227,13608.096269178619
2025-02-21 11:00:00+00:00,0.9407699704170227,0.9409999847412109,0.9401699900627136,0.9408299922943115,12786.818005989784
2025-02-21 12:00:00+00:00,0.9408199787139893,0.9416800141334534,0.9404100179672241,0.9414600133895874,16198.790023315345
2025-02-21 13:00:00+00:00,0.9414399862289429,0.9426000118255615,0.9410200119018555,0.9422799944877625,16311.790417345064
2025-02-21 14:00:00+00:00,0.942300021648407,0.9427300095558167,0.9409300088882446,0.9413999915122986,17805.346032889287
2025-02-21 15:00:00+00:00,0.9413999915122986,0.9416000247001648,0.9399499893188477,0.9404299855232239,21395.414425203297
2025-02-21 16:00:00+00:00,0.9404199719429016,0.9407299757003784,0.9390599727630615,0.9398599863052368,26485.038511007133
2025-02-21 17:00:00+00:00,0.9398499727249146,0.9399499893188477,0.9385700225830078,0.9391199946403503,26452.47811776258
2025-02-21 18:00:00+00:00,0.9391000270843506,0.9391400218009949,0.9376099705696106,0.9391199946403503,25916.374723169105
2025-02-21 19:00:00+00:00,0.9390699863433838,0.9392200112342834,0.9380300045013428,0.9387099742889404,30842.346692237246
2025-02-21 20:00:00+00:00,0.9387000203132629,0.9388399720191956,0.9379799962043762,0.9384599924087524,26517.885028167697
2025-02-21 21:00:00+00:00,0.9384300112724304,0.9394099712371826,0.9378499984741211,0.9389299750328064,28659.89294646337
2025-02-21 22:00:00+00:00,0.9383900165557861,0.9383900165557861,0.9383900165557861,0.9383900165557861,22583.059752166493
2025-02-24 00:00:00+00:00,0.9410399794578552,0.9419400095939636,0.9401500225067139,0.9417399764060974,23347.20839922663
2025-02-24 01:00:00+00:00,0.9417499899864197,0.9427599906921387,0.9414299726486206,0.9422699809074402,31152.5629994173
2025-02-24 02:00:00+00:00,0.9422699809074402,0.942799985408783,0.9418399930000305,0.942520022392273,25974.941887142762
2025-02-24 03:00:00+00:00,0.9424999952316284,0.9426100254058838,0.9414899945259094,0.9420599937438965,30457.987259096775
2025-02-24 04:00:00+00:00,0.9420899748802185,0.9422199726104736,0.9415299892425537,0.9420599937438965,28338.54774272864
2025-02-24 05:00:00+00:00,0.9420599937438965,0.9425299763679504,0.9414899945259094,0.9424099922180176,23952.0515392484
2025-02-24 06:00:00+00:00,0.9424200057983398,0.9425299763679504,0.9414600133895874,0.9423499703407288,22832.1084352704
2025-02-24 07:00:00+00:00,0.942330002784729,0.942550003528595,0.9398900270462036,0.9410899877548218,24878.055933730408
2025-02-24 08:00:00+00:00,0.941100001335144,0.9412400126457214,0.9396200180053711,0.9407100081443787,21169.409701671088
2025-02-24 09:00:00+00:00,0.9406999945640564,0.9416999816894531,0.9401000142097473,0.9415500164031982,22825.100582314557
2025-02-24 10:00:00+00:00,0.9415799975395203,0.9419000148773193,0.9407399892807007,0.9416999816894531,23632.3796140007
2025-02-24 11:00:00+00:00,0.9416800141334534,0.9419999718666077,0.9409899711608887,0.9417099952697754,24737.498228122924
2025-02-24 12:00:00+00:00,0.9416999816894531,0.9417999982833862,0.9404500126838684,0.941290020942688,25077.897159215616
2025-02-24 13:00:00+00:00,0.9413099884986877,0.9416300058364868,0.9401299953460693,0.9405800104141235,26394.486020041768
2025-02-24 14:00:00+00:00,0.9405699968338013,0.9406999945640564,0.9387999773025513,0.9392499923706055,23167.641526000767
2025-02-24 15:00:00+00:00,0.9392600059509277,0.9398199915885925,0.9378799796104431,0.9389399886131287,22896.70088984059
2025-02-24 16:00:00+00:00,0.9389399886131287,0.9398300051689148,0.9384499788284302,0.9394699931144714,28688.83861123076
2025-02-24 17:00:00+00:00,0.9394599795341492,0.9399999976158142,0.938759982585907,0.9392799735069275,28134.906611104383
2025-02-24 18:00:00+00:00,0.93927001953125,0.9396499991416931,0.9387500286102295,0.9393200278282166,31516.917470494103
2025-02-24 19:00:00+00:00,0.939329981803894,0.9394299983978271,0.9383999705314636,0.9391800165176392,25792.581234368314
2025-02-24 20:00:00+00:00,0.9391800165176392,0.9394999742507935,0.9381399750709534,0.9388800263404846,31331.60119198654
2025-02-24 21:00:00+00:00,0.9388899803161621,0.9392200112342834,0.9383000135421753,0.9389500021934509,25910.418104740387
2025-02-24 22:00:00+00:00,0.9389399886131287,0.9396499991416931,0.9381300210952759,0.9388499855995178,22972.52967871098
2025-02-24 23:00:00+00:00,0.9389600157737732,0.939300000667572,0.938260018825531,0.9387099742889404,22007.91668560986
2025-02-25 00:00:00+00:00,0.9387099742889404,0.939300000667572,0.9382699728012085,0.9390199780464172,20583.96304977849
2025-02-25 01:00:00+00:00,0.9390100240707397,0.939300000667572,0.9384400248527527,0.9391700029373169,19456.296023277082
2025-02-25 02:00:00+00:00,0.9391700029373169,0.9396100044250488,0.9387699961662292,0.93954998254776,14044.167039360154
2025-02-25 03:00:00+00:00,0.93954998254776,0.9397000074386597,0.9389700293540955,0.9395400285720825,15976.619378227631
2025-02-25 04:00:00+00:00,0.93954998254776,0.9398300051689148,0.9390000104904175,0.9395300149917603,16970.762882945906
2025-02-25 05:00:00+00:00,0.939520001411438,0.9399999976158142,0.9389700293540955,0.9398499727249146,10032.36115514511
2025-02-25 06:00:00+00:00,0.9398499727249146,0.9399999976158142,0.9390400052070618,0.9398699998855591,8952.538679695574
2025-02-25 07:00:00+00:00,0.9398300051689148,0.9399300217628479,0.9380000233650208,0.9383400082588196,9449.114323823991
2025-02-25 08:00:00+00:00,0.9383100271224976,0.9399200081825256,0.9375900030136108,0.938539981842041,15978.180386167202
2025-02-25 09:00:00+00:00,0.9385600090026855,0.9395400285720825,0.9379799962043762,0.9386299848556519,18064.119488460383
2025-02-25 10:00:00+00:00,0.9386199712753296,0.9389299750328064,0.937749981880188,0.9386100172996521,17556.516638800476
2025-02-25 11:00:00+00:00,0.9386000037193298,0.9391499757766724,0.9377300143241882,0.9388999938964844,21613.663576059134
2025-02-25 12:00:00+00:00,0.9388999938964844,0.9391000270843506,0.9373499751091003,0.9380900263786316,20389.594005650633
2025-02-25 13:00:00+00:00,0.9380999803543091,0.9390299916267395,0.9376400113105774,0.9383699893951416,19689.46419285225
2025-02-25 14:00:00+00:00,0.9383599758148193,0.9387099742889404,0.9374300241470337,0.9384899735450745,21566.366558304973
2025-02-25 15:00:00+00:00,0.9384099841117859,0.9387999773025513,0.936739981174469,0.937969982624054,20493.65525954595
2025-02-25 16:00:00+00:00,0.9379600286483765,0.9379799962043762,0.9363800287246704,0.9372599720954895,24361.44234769124
2025-02-25 17:00:00+00:00,0.937250018119812,0.9373999834060669,0.9362800121307373,0.9372599720954895,25829.359113513965
2025-02-25 18:00:00+00:00,0.9372699856758118,0.9385799765586853,0.936519980430603,0.9381700158119202,36743.32182037484
2025-02-25 19:00:00+00:00,0.9381800293922424,0.9383000135421753,0.9371299743652344,0.9380999803543091,29052.139889742575
2025-02-25 20:00:00+00:00,0.9380999803543091,0.9389200210571289,0.9376000165939331,0.9385799765586853,31292.605639919264
2025-02-25 21:00:00+00:00,0.9386000037193298,0.9388999938964844,0.9379500150680542,0.9386199712753296,31113.34995201361
2025-02-25 22:00:00+00:00,0.9384899735450745,0.9392399787902832,0.9378899931907654,0.9381800293922424,24857.241119282942
2025-02-25 23:00:00+00:00,0.9381899833679199,0.9391499757766724,0.9380499720573425,0.9388099908828735,25677.547325150445
2025-02-26 00:00:00+00:00,0.9388300180435181,0.9388999938964844,0.9379299879074097,0.9384300112724304,29817.214291190347
2025-02-26 01:00:00+00:00,0.9384300112724304,0.9387000203132629,0.9377800226211548,0.9385600090026855,22639.240793938032
2025-02-26 02:00:00+00:00,0.9385600090026855,0.9388499855995178,0.9379299879074097,0.9387500286102295,18407.499802436767
2025-02-26 03:00:00+00:00,0.9387999773025513,0.9387999773025513,0.9377999901771545,0.9385700225830078,19166.30333258818
2025-02-26 04:00:00+00:00,0.9385700225830078,0.9387000203132629,0.937969982624054,0.9384099841117859,19123.71764267975
2025-02-26 05:00:00+00:00,0.9384099841117859,0.9387099742889404,0.9379799962043762,0.9385799765586853,12162.153492693038
2025-02-26 06:00:00+00:00,0.9385799765586853,0.9393200278282166,0.938040018081665,0.9392600059509277,15933.274189602242
2025-02-26 07:00:00+00:00,0.9392799735069275,0.939329981803894,0.9379799962043762,0.9385200142860413,13298.818326441418
2025-02-26 08:00:00+00:00,0.938539981842041,0.9395700097084045,0.9379600286483765,0.9390900135040283,10370.906266435046
2025-02-26 09:00:00+00:00,0.9391099810600281,0.939740002155304,0.9385200142860413,0.9391000270843506,12725.673183655961
2025-02-26 10:00:00+00:00,0.9391000270843506,0.9399099946022034,0.9384499788284302,0.9398699998855591,12371.26497031329
2025-02-26 11:00:00+00:00,0.9398599863052368,0.9400299787521362,0.9389700293540955,0.9397900104522705,14107.438371499886
2025-02-26 12:00:00+00:00,0.9397799968719482,0.9398099780082703,0.9383900165557861,0.939050018787384,14721.356578879706
2025-02-26 13:00:00+00:00,0.9390599727630615,0.9394500255584717,0.9374899864196777,0.9381600022315979,16084.505926783339
2025-02-26 14:00:00+00:00,0.9381499886512756,0.9387000203132629,0.9371799826622009,0.9383100271224976,14411.024122095369
2025-02-26 15:00:00+00:00,0.938289999961853,0.9398499727249146,0.9376000165939331,0.9388300180435181,20139.004850913298
2025-02-26 16:00:00+00:00,0.9388300180435181,0.9395300149917603,0.9382799863815308,0.9389100074768066,23598.11710980894
2025-02-26 17:00:00+00:00,0.9389100074768066,0.9396499991416931,0.9373800158500671,0.9381300210952759,27278.679405224662
2025-02-26 18:00:00+00:00,0.9381499886512756,0.9383999705314636,0.9366999864578247,0.9373199939727783,28303.25535848893
2025-02-26 19:00:00+00:00,0.9373599886894226,0.9378299713134766,0.9366199970245361,0.9376699924468994,28085.28239028348
2025-02-26 20:00:00+00:00,0.9376699924468994,0.9377999901771545,0.9368100166320801,0.9375500082969666,27969.508951607364
2025-02-26 21:00:00+00:00,0.9375500082969666,0.9380000233650208,0.9369999766349792,0.9379000067710876,28614.743948287898
2025-02-26 22:00:00+00:00,0.9378600120544434,0.9380999803543091,0.9369900226593018,0.9379000067710876,24818.302462430584
2025-02-26 23:00:00+00:00,0.9379600286483765,0.9380999803543091,0.9373700022697449,0.9380000233650208,26212.822669525878
2025-02-27 00:00:00+00:00,0.9380699992179871,0.9382100105285645,0.9372599720954895,0.9376800060272217,23770.647882931236
2025-02-27 01:00:00+00:00,0.937690019607544,0.9381099939346313,0.9371299743652344,0.9379000067710876,21272.993245440408
2025-02-27 02:00:00+00:00,0.9379000067710876,0.9381999969482422,0.9373000264167786,0.9381499886512756,19797.14751808289
2025-02-27 03:00:00+00:00,0.9381399750709534,0.9386299848556519,0.9378499984741211,0.9382500052452087,21445.874837429164
2025-02-27 04:00:00+00:00,0.9382699728012085,0.9387099742889404,0.937749981880188,0.9383299946784973,16520.80141654482
2025-02-27 05:00:00+00:00,0.9383400082588196,0.9387000203132629,0.9378899931907654,0.9386900067329407,14239.16042399125
2025-02-27 06:00:00+00:00,0.9387000203132629,0.9387999773025513,0.9379799962043762,0.9383900165557861,9369.635719247863
2025-02-27 07:00:00+00:00,0.9383900165557861,0.9394000172615051,0.9375799894332886,0.9389399886131287,11880.28321852947
2025-02-27 08:00:00+00:00,0.9389200210571289,0.9401000142097473,0.9383599758148193,0.9399999976158142,10711.543731000611
2025-02-27 09:00:00+00:00,0.9399899840354919,0.9411600232124329,0.9389299750328064,0.9409499764442444,14085.726796826233
2025-02-27 10:00:00+00:00,0.9409099817276001,0.9415000081062317,0.9402199983596802,0.9412500262260437,12850.5565887396
2025-02-27 11:00:00+00:00,0.9412400126457214,0.9415299892425537,0.9402599930763245,0.9414399862289429,15302.987947621583
2025-02-27 12:00:00+00:00,0.9414399862289429,0.9416000247001648,0.9397600293159485,0.9405500292778015,18444.405802870926
2025-02-27 13:00:00+00:00,0.940530002117157,0.9406999945640564,0.9376099705696106,0.9380900263786316,23395.732342154184
2025-02-27 14:00:00+00:00,0.9380599856376648,0.9391400218009949,0.9365800023078918,0.9370800256729126,31150.84943656338
2025-02-27 15:00:00+00:00,0.9370899796485901,0.9376699924468994,0.9348199963569641,0.9364799857139587,34053.580244444165
2025-02-27 16:00:00+00:00,0.9364500045776367,0.9364799857139587,0.9345899820327759,0.9353200197219849,32806.69450158546
2025-02-27 17:00:00+00:00,0.9352899789810181,0.9361500144004822,0.9349499940872192,0.9358699917793274,35086.290251768194
2025-02-27 18:00:00+00:00,0.9358599781990051,0.9369699954986572,0.9354199767112732,0.9368199706077576,47477.21528147387
2025-02-27 19:00:00+00:00,0.9368100166320801,0.9368299841880798,0.935259997844696,0.9359899759292603,42373.07919583207
2025-02-27 20:00:00+00:00,0.9359899759292603,0.9361699819564819,0.9349300265312195,0.9356200098991394,38428.624483464555
2025-02-27 21:00:00+00:00,0.9356300234794617,0.935699999332428,0.9348800182342529,0.9353299736976624,49212.82241642179
2025-02-27 22:00:00+00:00,0.9353299736976624,0.9357799887657166,0.9345800280570984,0.9351099729537964,47009.644797404246
2025-02-27 23:00:00+00:00,0.935259997844696,0.9356300234794617,0.9347400069236755,0.9355000257492065,36854.62466898154
2025-02-28 00:00:00+00:00,0.9355000257492065,0.9355999827384949,0.9341999888420105,0.9346100091934204,38007.94361018875
2025-02-28 01:00:00+00:00,0.9346200227737427,0.9347000122070312,0.9331300258636475,0.933459997177124,38005.75058367046
2025-02-28 02:00:00+00:00,0.933459997177124,0.934149980545044,0.9328399896621704,0.9336299896240234,39489.05789503049
2025-02-28 03:00:00+00:00,0.9336299896240234,0.9340999722480774,0.9331300258636475,0.9338499903678894,34324.316287281414
2025-02-28 04:00:00+00:00,0.9338499903678894,0.9343199729919434,0.9333000183105469,0.9338600039482117,24650.05346660665
2025-02-28 05:00:00+00:00,0.9338799715042114,0.9344000220298767,0.933430016040802,0.9342300295829773,18437.27346318965
2025-02-28 06:00:00+00:00,0.9342100024223328,0.9346100091934204,0.9335399866104126,0.9345800280570984,16337.689308941563
2025-02-28 07:00:00+00:00,0.9345899820327759,0.9376999735832214,0.9342600107192993,0.9373400211334229,22774.570647356577
2025-02-28 08:00:00+00:00,0.9373400211334229,0.9379900097846985,0.9363800287246704,0.9373300075531006,19778.18269586305
2025-02-28 09:00:00+00:00,0.9373700022697449,0.9380000233650208,0.9366899728775024,0.9374899864196777,19168.66732995452
2025-02-28 10:00:00+00:00,0.9374899864196777,0.9389399886131287,0.9370399713516235,0.9388200044631958,18370.987369811493
2025-02-28 11:00:00+00:00,0.9388099908828735,0.9390000104904175,0.9380000233650208,0.9386699795722961,26735.097560116716
2025-02-28 12:00:00+00:00,0.9386600255966187,0.9387099742889404,0.937279999256134,0.9383000135421753,24256.08350227498
2025-02-28 13:00:00+00:00,0.938260018825531,0.9395599961280823,0.9380900263786316,0.9387000203132629,30265.1506152618
2025-02-28 14:00:00+00:00,0.9387000203132629,0.9398199915885925,0.9381700158119202,0.9393799901008606,29026.8665262541
2025-02-28 15:00:00+00:00,0.9393799901008606,0.9403700232505798,0.9378700256347656,0.938319981098175,30018.428350647773
2025-02-28 16:00:00+00:00,0.9383400082588196,0.9389500021934509,0.9373300075531006,0.9381099939346313,27491.659865522146
2025-02-28 17:00:00+00:00,0.9381099939346313,0.9383599758148193,0.9369999766349792,0.9376299977302551,31130.216825495416
2025-02-28 18:00:00+00:00,0.9376000165939331,0.9379100203514099,0.9348700046539307,0.935949981212616,35396.94403578035
2025-02-28 19:00:00+00:00,0.9359300136566162,0.9368000030517578,0.9352899789810181,0.9366599917411804,41473.37945403281
2025-02-28 20:00:00+00:00,0.9366700053215027,0.9368900060653687,0.9355900287628174,0.9365400075912476,44181.0461268291
2025-02-28 21:00:00+00:00,0.9365400075912476,0.9372000098228455,0.9360299706459045,0.9368399977684021,23647.71531656459
2025-02-28 22:00:00+00:00,0.9367700219154358,0.9369000196456909,0.9364299774169922,0.9364299774169922,34310.96452470201
2025-03-03 00:00:00+00:00,0.9398099780082703,0.9402199983596802,0.9386100172996521,0.9391400218009949,38414.77434057682
2025-03-03 01:00:00+00:00,0.9391400218009949,0.9404399991035461,0.9389200210571289,0.9399099946022034,34499.518335876295
2025-03-03 02:00:00+00:00,0.9398800134658813,0.9399600028991699,0.9389100074768066,0.9394599795341492,48464.39522335798
2025-03-03 03:00:00+00:00,0.9394599795341492,0.9394999742507935,0.9383800029754639,0.939329981803894,35238.93018668275
2025-03-03 04:00:00+00:00,0.9393200278282166,0.9394999742507935,0.9387999773025513,0.9392399787902832,39382.24053671509
2025-03-03 05:00:00+00:00,0.9392300248146057,0.9395999908447266,0.9387699961662292,0.9394099712371826,36126.884730713595
2025-03-03 06:00:00+00:00,0.9394000172615051,0.9395999908447266,0.9386900067329407,0.9391599893569946,33563.1471643145
2025-03-03 07:00:00+00:00,0.9391499757766724,0.9394999742507935,0.9377599954605103,0.9381700158119202,31769.380529786467
2025-03-03 08:00:00+00:00,0.9381800293922424,0.938319981098175,0.9361100196838379,0.9373700022697449,28281.676670082124
2025-03-03 09:00:00+00:00,0.9373700022697449,0.9395999908447266,0.9369800090789795,0.93927001953125,30748.237488561936
2025-03-03 10:00:00+00:00,0.9391800165176392,0.9415500164031982,0.938979983329773,0.941510021686554,26629.342236000288
2025-03-03 11:00:00+00:00,0.9415000081062317,0.9424200057983398,0.9410600066184998,0.9423699975013733,27807.0330922502
2025-03-03 12:00:00+00:00,0.9423199892044067,0.9435300230979919,0.9421300292015076,0.9430199861526489,37724.76288007461
2025-03-03 13:00:00+00:00,0.9430199861526489,0.9433199763298035,0.9414100050926208,0.9422600269317627,35753.59940019551
2025-03-03 14:00:00+00:00,0.942300021648407,0.9424300193786621,0.9411900043487549,0.9416700005531311,36203.498748538375
2025-03-03 15:00:00+00:00,0.9415199756622314,0.942359983921051,0.9409099817276001,0.9418500065803528,29832.432045265385
2025-03-03 16:00:00+00:00,0.9418500065803528,0.9426599740982056,0.9410300254821777,0.9416800141334534,26759.22854715317
2025-03-03 17:00:00+00:00,0.9416900277137756,0.9416900277137756,0.9401400089263916,0.940750002861023,34973.402484310915
2025-03-03 18:00:00+00:00,0.940779983997345,0.9412599802017212,0.9397900104522705,0.9409000277519226,32631.522388675825
2025-03-03 19:00:00+00:00,0.9408900141716003,0.9414100050926208,0.9395400285720825,0.9398999810218811,28612.528358096366
2025-03-03 20:00:00+00:00,0.9398999810218811,0.9400799870491028,0.938040018081665,0.9396700263023376,39079.282912657894
2025-03-03 21:00:00+00:00,0.9396399855613708,0.9406099915504456,0.9394299983978271,0.9402199983596802,39490.691385089434
2025-03-03 22:00:00+00:00,0.9402099847793579,0.9407299757003784,0.9397000074386597,0.9402199983596802,29956.429008647287
2025-03-03 23:00:00+00:00,0.940310001373291,0.9408599734306335,0.9395099878311157,0.9402300119400024,33454.95259894849
2025-03-04 00:00:00+00:00,0.940339982509613,0.9405999779701233,0.9391800165176392,0.9399899840354919,24339.42800351748
2025-03-04 01:00:00+00:00,0.9399899840354919,0.9400299787521362,0.938260018825531,0.939520001411438,25853.175820426757
2025-03-04 02:00:00+00:00,0.9395400285720825,0.9399600028991699,0.9389299750328064,0.939520001411438,30449.407907325494
2025-03-04 03:00:00+00:00,0.939520001411438,0.9395599961280823,0.9384400248527527,0.9393699765205383,25967.268527491342
2025-03-04 04:00:00+00:00,0.9393600225448608,0.9394000172615051,0.9381999969482422,0.9386799931526184,24072.83706813172
2025-03-04 05:00:00+00:00,0.9386699795722961,0.9393399953842163,0.9381600022315979,0.9392499923706055,28519.045206038933
2025-03-04 06:00:00+00:00,0.9392499923706055,0.9394000172615051,0.9383900165557861,0.9390599727630615,23798.240869809575
2025-03-04 07:00:00+00:00,0.939079999923706,0.9399700164794922,0.9376599788665771,0.9392300248146057,27707.54488756146
2025-03-04 08:00:00+00:00,0.9392099976539612,0.9394599795341492,0.9375100135803223,0.9385899901390076,23426.15940693736
2025-03-04 09:00:00+00:00,0.9386000037193298,0.9388999938964844,0.9365699887275696,0.9370599985122681,23609.8250158194
2025-03-04 10:00:00+00:00,0.9370599985122681,0.9376000165939331,0.9358500242233276,0.9371299743652344,33676.820108697735
2025-03-04 11:00:00+00:00,0.9371500015258789,0.9383100271224976,0.9363700151443481,0.938040018081665,28061.384865879983
2025-03-04 12:00:00+00:00,0.9380300045013428,0.938040018081665,0.9358500242233276,0.936519980430603,34434.826527074154
2025-03-04 13:00:00+00:00,0.936519980430603,0.9381499886512756,0.9358900189399719,0.9369099736213684,37884.27834422704
2025-03-04 14:00:00+00:00,0.9369199872016907,0.9381999969482422,0.9357900023460388,0.9362099766731262,46747.28829622782
2025-03-04 15:00:00+00:00,0.9361900091171265,0.9375600218772888,0.9345300197601318,0.9372000098228455,45673.37213432347
2025-03-04 16:00:00+00:00,0.9372100234031677,0.9378100037574768,0.9357500076293945,0.9375,39759.03335007017
2025-03-04 17:00:00+00:00,0.9375100135803223,0.9383400082588196,0.9363999962806702,0.937969982624054,44646.078052586454
2025-03-04 18:00:00+00:00,0.937969982624054,0.9414499998092651,0.9375200271606445,0.9412099719047546,56721.79864697796
2025-03-04 19:00:00+00:00,0.9412299990653992,0.9425600171089172,0.9404399991035461,0.9424600005149841,54872.829684625096
2025-03-04 20:00:00+00:00,0.9424600005149841,0.9445199966430664,0.9419599771499634,0.9426000118255615,63157.555021538596
2025-03-04 21:00:00+00:00,0.9426100254058838,0.945330023765564,0.942080020904541,0.9452499747276306,67894.62748510599
2025-03-04 22:00:00+00:00,0.9445499777793884,0.9448099732398987,0.943809986114502,0.9441999793052673,67369.70082333169
2025-03-04 23:00:00+00:00,0.944350004196167,0.9468100070953369,0.9440699815750122,0.9451500177383423,65233.86445447618
2025-03-05 00:00:00+00:00,0.945389986038208,0.9456499814987183,0.9441900253295898,0.9453700184822083,72610.36758979791
2025-03-05 01:00:00+00:00,0.945360004901886,0.9462500214576721,0.9447000026702881,0.9453999996185303,59529.570094947536
2025-03-05 02:00:00+00:00,0.9454200267791748,0.9455599784851074,0.9443699717521667,0.9449300169944763,66167.16513171652
2025-03-05 03:00:00+00:00,0.9449300169944763,0.9461600184440613,0.9442499876022339,0.9458600282669067,56401.24123789263
2025-03-05 04:00:00+00:00,0.9458699822425842,0.9461399912834167,0.9451900124549866,0.9458799958229065,56041.87851565984
2025-03-05 05:00:00+00:00,0.9458699822425842,0.9459999799728394,0.9447699785232544,0.9456899762153625,57579.39521491232
2025-03-05 06:00:00+00:00,0.9456599950790405,0.9460200071334839,0.9445800185203552,0.9452400207519531,54223.62879634461
2025-03-05 07:00:00+00:00,0.9452599883079529,0.9478099942207336,0.9450299739837646,0.9475499987602234,52370.18725513884
2025-03-05 08:00:00+00:00,0.9475299715995789,0.9495199918746948,0.9462800025939941,0.9485700130462646,58744.19469589839
2025-03-05 09:00:00+00:00,0.9485899806022644,0.9501000046730042,0.9475399851799011,0.9487500190734863,45897.340116653584
2025-03-05 10:00:00+00:00,0.9487599730491638,0.9493499994277954,0.9469900131225586,0.948639988899231,52691.772185839036
2025-03-05 11:00:00+00:00,0.9486700296401978,0.9498500227928162,0.9480299949645996,0.9494500160217285,49755.86569365238
2025-03-05 12:00:00+00:00,0.9494600296020508,0.9518300294876099,0.9491999745368958,0.9514600038528442,52581.041511587006
2025-03-05 13:00:00+00:00,0.9514600038528442,0.951960027217865,0.9498900175094604,0.9516900181770325,48429.49033465584
2025-03-05 14:00:00+00:00,0.9516800045967102,0.9567099809646606,0.9512199759483337,0.9556000232696533,57109.321568557876
2025-03-05 15:00:00+00:00,0.9554600119590759,0.9578099846839905,0.9543300271034241,0.9564599990844727,67506.80253292496
2025-03-05 16:00:00+00:00,0.9564499855041504,0.9585199952125549,0.9552800059318542,0.9582200050354004,60841.267276884384
2025-03-05 17:00:00+00:00,0.9582200050354004,0.9611999988555908,0.9579799771308899,0.9606299996376038,70573.87701361223
2025-03-05 18:00:00+00:00,0.960640013217926,0.960669994354248,0.9581999778747559,0.9594299793243408,96092.29984740648
2025-03-05 19:00:00+00:00,0.9594200253486633,0.9609000086784363,0.9589999914169312,0.9607399702072144,82772.94991863961
2025-03-05 20:00:00+00:00,0.9607300162315369,0.9622799754142761,0.9604899883270264,0.9612200260162354,82192.2529874051
2025-03-05 21:00:00+00:00,0.9612200260162354,0.9617499709129333,0.960349977016449,0.9608299732208252,62983.91941718734
2025-03-05 22:00:00+00:00,0.9610599875450134,0.9612399935722351,0.9595299959182739,0.960860013961792,77505.45412707566
2025-03-05 23:00:00+00:00,0.9610900282859802,0.9614999890327454,0.9605699777603149,0.9614700078964233,72296.18670920502
2025-03-06 00:00:00+00:00,0.9614599943161011,0.9621700048446655,0.9609599709510803,0.961430013179779,80335.19362339792
2025-03-06 01:00:00+00:00,0.9614199995994568,0.9630100131034851,0.9610199928283691,0.9628599882125854,59005.29417155543
2025-03-06 02:00:00+00:00,0.9628599882125854,0.9634000062942505,0.962119996547699,0.9632999897003174,73201.26994666095
2025-03-06 03:00:00+00:00,0.9633100032806396,0.9635499715805054,0.9623399972915649,0.9628000259399414,61126.305266418945
2025-03-06 04:00:00+00:00,0.9628099799156189,0.9629999995231628,0.9618800282478333,0.9623399972915649,41513.489483666795
2025-03-06 05:00:00+00:00,0.9623200297355652,0.9633600115776062,0.9620699882507324,0.962939977645874,39624.86249968096
2025-03-06 06:00:00+00:00,0.962939977645874,0.9632300138473511,0.9610000252723694,0.9614700078964233,28361.13613603581
2025-03-06 07:00:00+00:00,0.9614800214767456,0.9623299837112427,0.9596499800682068,0.9601100087165833,38700.73597150859
2025-03-06 08:00:00+00:00,0.9601100087165833,0.9612799882888794,0.9580100178718567,0.9592900276184082,40605.123937473836
2025-03-06 09:00:00+00:00,0.9593200087547302,0.9593300223350525,0.956309974193573,0.9569000005722046,43087.47722568156
2025-03-06 10:00:00+00:00,0.9569000005722046,0.9584400057792664,0.955560028553009,0.9569799900054932,44313.831609225526
2025-03-06 11:00:00+00:00,0.9569900035858154,0.9573000073432922,0.9554600119590759,0.9560199975967407,39342.39240932933
2025-03-06 12:00:00+00:00,0.956030011177063,0.9580299854278564,0.9554399847984314,0.9576900005340576,46142.98426033575
2025-03-06 13:00:00+00:00,0.9576699733734131,0.9600800275802612,0.955810010433197,0.957889974117279,62885.91193554535
2025-03-06 14:00:00+00:00,0.957859992980957,0.9587100148200989,0.9558799862861633,0.9568300247192383,71345.5145444668
2025-03-06 15:00:00+00:00,0.9568099975585938,0.9598000049591064,0.9567999839782715,0.9584000110626221,63156.314800059474
2025-03-06 16:00:00+00:00,0.9584000110626221,0.9589700102806091,0.9559400081634521,0.9563800096511841,84954.76946229239
2025-03-06 17:00:00+00:00,0.9563500285148621,0.9566599726676941,0.9533900022506714,0.9549599885940552,75414.81800417951
2025-03-06 18:00:00+00:00,0.9549499750137329,0.955020010471344,0.9513000249862671,0.9528200030326843,89181.61167675056
2025-03-06 19:00:00+00:00,0.9527900218963623,0.9544100165367126,0.9520000219345093,0.9533699750900269,84310.92946522219
2025-03-06 20:00:00+00:00,0.9533699750900269,0.9537400007247925,0.9520599842071533,0.9527199864387512,96456.19776627423
2025-03-06 21:00:00+00:00,0.9527300000190735,0.9533399939537048,0.9521300196647644,0.9527699947357178,71123.17906260409
2025-03-06 22:00:00+00:00,0.9529399871826172,0.9536200165748596,0.9521600008010864,0.9531099796295166,87764.77969820934
2025-03-06 23:00:00+00:00,0.9531099796295166,0.953499972820282,0.9522799849510193,0.9528599977493286,72028.32169579498
2025-03-07 00:00:00+00:00,0.9528800249099731,0.9530400037765503,0.9514700174331665,0.9519100189208984,61249.36070506856
2025-03-07 01:00:00+00:00,0.9518899917602539,0.9525200128555298,0.9513099789619446,0.9524400234222412,65819.99205778324
2025-03-07 02:00:00+00:00,0.9524400234222412,0.9529500007629395,0.9519299864768982,0.9528800249099731,56912.47506874128
2025-03-07 03:00:00+00:00,0.9529299736022949,0.9534400105476379,0.952180027961731,0.953279972076416,53373.7657969903
2025-03-07 04:00:00+00:00,0.9532899856567383,0.9538999795913696,0.9527699947357178,0.9538999795913696,44184.28726960551
2025-03-07 05:00:00+00:00,0.9538699984550476,0.9540600180625916,0.9526200294494629,0.95305997133255,35985.207955381724
2025-03-07 06:00:00+00:00,0.95305997133255,0.9541400074958801,0.952180027961731,0.9538599848747253,41016.2120589516
2025-03-07 07:00:00+00:00,0.9538400173187256,0.9541299939155579,0.9525899887084961,0.9534800052642822,38632.1653954347
2025-03-07 08:00:00+00:00,0.95346999168396,0.9539899826049805,0.9516800045967102,0.952489972114563,32352.85815581264
2025-03-07 09:00:00+00:00,0.952489972114563,0.9545999765396118,0.9517499804496765,0.9542099833488464,29175.153831512922
2025-03-07 10:00:00+00:00,0.9542099833488464,0.9546200037002563,0.9529399871826172,0.9536200165748596,33541.21007201697
2025-03-07 11:00:00+00:00,0.9536200165748596,0.9545000195503235,0.9529299736022949,0.9541599750518799,30226.369815054302
2025-03-07 12:00:00+00:00,0.9541699886322021,0.9552599787712097,0.9534400105476379,0.9551299810409546,27069.03738084112
2025-03-07 13:00:00+00:00,0.9551399946212769,0.9573100209236145,0.9531599879264832,0.9534599781036377,42296.109691766826
2025-03-07 14:00:00+00:00,0.9534599781036377,0.9556000232696533,0.9517199993133545,0.9542700052261353,47451.953025341594
2025-03-07 15:00:00+00:00,0.954259991645813,0.9573699831962585,0.9516199827194214,0.9552800059318542,66234.38903247738
2025-03-07 16:00:00+00:00,0.955269992351532,0.95551997423172,0.951200008392334,0.9526299834251404,75716.09494229437
2025-03-07 17:00:00+00:00,0.9526399970054626,0.9535099864006042,0.951170027256012,0.9531099796295166,92642.27060737387
2025-03-07 18:00:00+00:00,0.9531000256538391,0.9541800022125244,0.9527900218963623,0.9540299773216248,72473.18888496191
2025-03-07 19:00:00+00:00,0.9540200233459473,0.9546700119972229,0.9531700015068054,0.9541000127792358,79109.27764787624
2025-03-07 20:00:00+00:00,0.9541100263595581,0.9546999931335449,0.953279972076416,0.9543399810791016,68986.8794150662
2025-03-07 21:00:00+00:00,0.9543600082397461,0.9544000029563904,0.9526200294494629,0.9528899788856506,73279.5792711839
2025-03-07 22:00:00+00:00,0.9528099894523621,0.9528099894523621,0.9526900053024292,0.9526900053024292,62513.629207467646
2025-03-10 00:00:00+00:00,0.952750027179718,0.9528999924659729,0.9516900181770325,0.9526000022888184,71097.44075418563
2025-03-10 01:00:00+00:00,0.9526299834251404,0.9531199932098389,0.952049970626831,0.9530400037765503,60940.624204948814
2025-03-10 02:00:00+00:00,0.953029990196228,0.9531999826431274,0.9518200159072876,0.9522500038146973,59322.976733993455
2025-03-10 03:00:00+00:00,0.9522600173950195,0.9524099826812744,0.9512900114059448,0.9517800211906433,57772.36801219072
2025-03-10 04:00:00+00:00,0.9517599940299988,0.9520999789237976,0.9512799978256226,0.9517599940299988,48926.21465611023
2025-03-10 05:00:00+00:00,0.951770007610321,0.9521099925041199,0.951170027256012,0.9516100287437439,30236.78600712411
2025-03-10 06:00:00+00:00,0.9516400098800659,0.9524999856948853,0.9509900212287903,0.9521600008010864,26708.297082774443
2025-03-10 07:00:00+00:00,0.9522299766540527,0.952709972858429,0.9509099721908569,0.9520699977874756,21764.072288854888
2025-03-10 08:00:00+00:00,0.9520900249481201,0.9526500105857849,0.9488599896430969,0.9498699903488159,25990.313179958408
2025-03-10 09:00:00+00:00,0.9498699903488159,0.9526000022888184,0.9489200115203857,0.9517499804496765,40053.17557698801
2025-03-10 10:00:00+00:00,0.9517499804496765,0.9531999826431274,0.9509900212287903,0.9523199796676636,29462.413819921356
2025-03-10 11:00:00+00:00,0.9523100256919861,0.952970027923584,0.9492300152778625,0.951259970664978,35958.152575703345
2025-03-10 12:00:00+00:00,0.9512699842453003,0.95169997215271,0.9500799775123596,0.9511100053787231,41274.01655128711
2025-03-10 13:00:00+00:00,0.9510899782180786,0.9523800015449524,0.9503899812698364,0.9520000219345093,47872.1030117569
2025-03-10 14:00:00+00:00,0.951990008354187,0.9524700045585632,0.9509299993515015,0.9520400166511536,45959.926004209876
2025-03-10 15:00:00+00:00,0.9520300030708313,0.9551600217819214,0.9514399766921997,0.954990029335022,51506.45357351857
2025-03-10 16:00:00+00:00,0.9549700021743774,0.9556099772453308,0.9537400007247925,0.9548100233078003,65901.75624108146
2025-03-10 17:00:00+00:00,0.9548100233078003,0.9554700255393982,0.9537299871444702,0.9544399976730347,62621.488421646645
2025-03-10 18:00:00+00:00,0.9544500112533569,0.9549099802970886,0.9536200165748596,0.9543399810791016,65831.68098394189
2025-03-10 19:00:00+00:00,0.9543200135231018,0.9547200202941895,0.9526799917221069,0.9546499848365784,54271.9088527171
2025-03-10 20:00:00+00:00,0.9546599984169006,0.9549000263214111,0.9536100029945374,0.9541400074958801,62624.03919238152
2025-03-10 21:00:00+00:00,0.9542700052261353,0.9545900225639343,0.953000009059906,0.954039990901947,57099.575895733215
2025-03-10 22:00:00+00:00,0.954039990901947,0.95455002784729,0.953790009021759,0.9541199803352356,51370.62747815219
2025-03-10 23:00:00+00:00,0.9541800022125244,0.9544000029563904,0.9533699750900269,0.9538300037384033,40326.33281332847
2025-03-11 00:00:00+00:00,0.9538499712944031,0.954069972038269,0.9519500136375427,0.9529100060462952,44471.027785148
2025-03-11 01:00:00+00:00,0.9529100060462952,0.9531000256538391,0.9515500068664551,0.9527400135993958,35397.66376688817
2025-03-11 02:00:00+00:00,0.9527300000190735,0.954259991645813,0.952210009098053,0.9537000060081482,39174.52590047685
2025-03-11 03:00:00+00:00,0.9537100195884705,0.9546200037002563,0.9533600211143494,0.954289972782135,39131.461894379776
2025-03-11 04:00:00+00:00,0.9542800188064575,0.9545999765396118,0.9535199999809265,0.9540299773216248,36484.67067425837
2025-03-11 05:00:00+00:00,0.9540200233459473,0.9541500210762024,0.9531099796295166,0.9537100195884705,25894.108920606348
2025-03-11 06:00:00+00:00,0.9536899924278259,0.9570500254631042,0.9531000256538391,0.9553099870681763,38790.657190008125
2025-03-11 07:00:00+00:00,0.9553200006484985,0.9576900005340576,0.9549499750137329,0.957069993019104,38903.714786055505
2025-03-11 08:00:00+00:00,0.957069993019104,0.9613000154495239,0.9568300247192383,0.9611999988555908,40071.78951993947
2025-03-11 09:00:00+00:00,0.9611600041389465,0.9618399739265442,0.9597700238227844,0.9611799716949463,40586.282860191895
2025-03-11 10:00:00+00:00,0.9611700177192688,0.9613000154495239,0.9596899747848511,0.9605600237846375,53890.56394920178
2025-03-11 11:00:00+00:00,0.9605500102043152,0.9617000222206116,0.9592499732971191,0.9616199731826782,54290.25880195436
2025-03-11 12:00:00+00:00,0.9616100192070007,0.962090015411377,0.9602400064468384,0.9612900018692017,51847.040193162866
2025-03-11 13:00:00+00:00,0.9612699747085571,0.9617499709129333,0.9601899981498718,0.9609400033950806,49916.090565259474
2025-03-11 14:00:00+00:00,0.9606800079345703,0.9615499973297119,0.9577100276947021,0.960070013999939,58819.423109896255
2025-03-11 15:00:00+00:00,0.960070013999939,0.9617800116539001,0.9593999981880188,0.9615899920463562,65552.12333820996
2025-03-11 16:00:00+00:00,0.9615799784660339,0.9629999995231628,0.9605399966239929,0.9624999761581421,73153.41666833668
2025-03-11 17:00:00+00:00,0.9624800086021423,0.9628999829292297,0.9612500071525574,0.9622399806976318,51252.76394452394
2025-03-11 18:00:00+00:00,0.9622300267219543,0.9649400115013123,0.9621800184249878,0.9644100069999695,71351.13324303592
2025-03-11 19:00:00+00:00,0.9644399881362915,0.9646499752998352,0.962939977645874,0.9632099866867065,82044.46223414749
2025-03-11 20:00:00+00:00,0.9632300138473511,0.9639999866485596,0.9627199769020081,0.9636399745941162,78732.25511159009
2025-03-11 21:00:00+00:00,0.9635599851608276,0.963699996471405,0.962660014629364,0.9631100296974182,57492.90318179136
2025-03-11 22:00:00+00:00,0.9631999731063843,0.963919997215271,0.9628099799156189,0.963729977607727,46782.56834827202
2025-03-11 23:00:00+00:00,0.9638299942016602,0.9643999934196472,0.9631100296974182,0.9641900062561035,42499.95452085757
2025-03-12 00:00:00+00:00,0.9641299843788147,0.9643999934196472,0.9631100296974182,0.9638500213623047,50602.238853718314
2025-03-12 01:00:00+00:00,0.9638400077819824,0.9639000296592712,0.9629200100898743,0.9634199738502502,39828.261505449984
2025-03-12 02:00:00+00:00,0.9634100198745728,0.9635999798774719,0.9628300070762634,0.9634000062942505,45253.94040702532
2025-03-12 03:00:00+00:00,0.9634000062942505,0.9635099768638611,0.9623200297355652,0.9629799723625183,41689.535700167864
2025-03-12 04:00:00+00:00,0.9629799723625183,0.9634000062942505,0.9625099897384644,0.9630500078201294,29527.25446567036
2025-03-12 05:00:00+00:00,0.9630600214004517,0.9634000062942505,0.9625599980354309,0.9632400274276733,23718.39337661006
2025-03-12 06:00:00+00:00,0.9632499814033508,0.9633100032806396,0.961650013923645,0.9619699716567993,21085.372729741044
2025-03-12 07:00:00+00:00,0.9619699716567993,0.9624599814414978,0.9606099724769592,0.9623299837112427,22318.745027247467
2025-03-12 08:00:00+00:00,0.9623200297355652,0.9633499979972839,0.960860013961792,0.9628999829292297,19799.164058026203
2025-03-12 09:00:00+00:00,0.9628999829292297,0.9649400115013123,0.9621800184249878,0.9643599987030029,25746.37578699248
2025-03-12 10:00:00+00:00,0.9643599987030029,0.9646300077438354,0.9617099761962891,0.962119996547699,29333.50856464519
2025-03-12 11:00:00+00:00,0.9621400237083435,0.9628400206565857,0.9612799882888794,0.9620199799537659,29225.821893662385
2025-03-12 12:00:00+00:00,0.9620100259780884,0.9625800251960754,0.9602900147438049,0.9612399935722351,37435.896522651485
2025-03-12 13:00:00+00:00,0.9612299799919128,0.9630200266838074,0.9606999754905701,0.961359977722168,38756.256644192945
2025-03-12 14:00:00+00:00,0.961359977722168,0.9638500213623047,0.9609000086784363,0.9632200002670288,44829.27024721871
2025-03-12 15:00:00+00:00,0.9632200002670288,0.9646499752998352,0.962660014629364,0.9642999768257141,42539.992566566914
2025-03-12 16:00:00+00:00,0.9643099904060364,0.9644399881362915,0.9623399972915649,0.9627599716186523,37809.871034743264
2025-03-12 17:00:00+00:00,0.9627699851989746,0.9628499746322632,0.9614599943161011,0.9619399905204773,55623.70288032116
2025-03-12 18:00:00+00:00,0.9619500041007996,0.9623000025749207,0.9595500230789185,0.9602900147438049,55815.12779818468
2025-03-12 19:00:00+00:00,0.9602699875831604,0.9611200094223022,0.9597600102424622,0.9604600071907043,57965.67847679091
2025-03-12 20:00:00+00:00,0.9604600071907043,0.9606000185012817,0.9595299959182739,0.9599800109863281,59753.545411176565
2025-03-12 21:00:00+00:00,0.9603099822998047,0.9609500169754028,0.9592199921607971,0.9596700072288513,48336.20895082386
2025-03-12 22:00:00+00:00,0.959630012512207,0.9600099921226501,0.9591500163078308,0.9598299860954285,44971.36344056046
2025-03-12 23:00:00+00:00,0.9598199725151062,0.9599999785423279,0.9593899846076965,0.9598900079727173,49911.739477683455
2025-03-13 00:00:00+00:00,0.959879994392395,0.9599999785423279,0.9592499732971191,0.9597200155258179,38025.11243268465
2025-03-13 01:00:00+00:00,0.9597399830818176,0.9599999785423279,0.9591400027275085,0.9598600268363953,35943.52358324958
2025-03-13 02:00:00+00:00,0.9598699808120728,0.9603999853134155,0.9593899846076965,0.9602400064468384,32299.24526278058
2025-03-13 03:00:00+00:00,0.9602400064468384,0.9603000283241272,0.9590100049972534,0.9595400094985962,27677.943363654154
2025-03-13 04:00:00+00:00,0.9595500230789185,0.9602100253105164,0.9590700268745422,0.9600800275802612,22323.518020875003
2025-03-13 05:00:00+00:00,0.960070013999939,0.9602000117301941,0.9585899710655212,0.9595400094985962,22917.175437853835
2025-03-13 06:00:00+00:00,0.9595299959182739,0.9595999717712402,0.9568600058555603,0.9595400094985962,22429.610545902193
2025-03-13 07:00:00+00:00,0.9595400094985962,0.960349977016449,0.9573000073432922,0.9577599763870239,24940.79810196373
2025-03-13 08:00:00+00:00,0.9577800035476685,0.9592700004577637,0.9571700096130371,0.9584500193595886,29003.189715782246
2025-03-13 09:00:00+00:00,0.9584599733352661,0.9599300026893616,0.9579799771308899,0.9596700072288513,31154.77317441722
2025-03-13 10:00:00+00:00,0.959659993648529,0.9599999785423279,0.9584599733352661,0.9595199823379517,28111.58324003804
2025-03-13 11:00:00+00:00,0.9595000147819519,0.9596700072288513,0.9571899771690369,0.9582599997520447,29969.12538424849
2025-03-13 12:00:00+00:00,0.9582599997520447,0.9583399891853333,0.9563300013542175,0.957610011100769,30111.494368261716
2025-03-13 13:00:00+00:00,0.9576200246810913,0.9589099884033203,0.9569200277328491,0.9587600231170654,32691.79630038285
2025-03-13 14:00:00+00:00,0.9587699770927429,0.960640013217926,0.9582599997520447,0.9604499936103821,42765.87417628531
2025-03-13 15:00:00+00:00,0.9604600071907043,0.9621599912643433,0.9595800042152405,0.9608399868011475,55397.196605932855
2025-03-13 16:00:00+00:00,0.9608399868011475,0.9619500041007996,0.9600800275802612,0.9616600275039673,52893.12920272319
2025-03-13 17:00:00+00:00,0.9617000222206116,0.9617999792098999,0.9588900208473206,0.9593899846076965,53996.26729736635
2025-03-13 18:00:00+00:00,0.9593799710273743,0.9594500064849854,0.9580000042915344,0.9584500193595886,59143.46453905005
2025-03-13 19:00:00+00:00,0.9584299921989441,0.9587000012397766,0.9575799703598022,0.9582599997520447,49907.27948829845
2025-03-13 20:00:00+00:00,0.9582300186157227,0.9585000276565552,0.9567000269889832,0.9575200080871582,65653.92065683758
2025-03-13 21:00:00+00:00,0.9575099945068359,0.9580100178718567,0.9563300013542175,0.9567599892616272,48449.899936598595
2025-03-13 22:00:00+00:00,0.9571099877357483,0.958079993724823,0.9566100239753723,0.9579600095748901,37781.15422152657
2025-03-13 23:00:00+00:00,0.9579200148582458,0.9581999778747559,0.9574599862098694,0.958079993724823,41342.14088500714
2025-03-14 00:00:00+00:00,0.9581000208854675,0.958549976348877,0.9574599862098694,0.9581999778747559,40874.13626079685
2025-03-14 01:00:00+00:00,0.9581999778747559,0.9585000276565552,0.9574999809265137,0.9581199884414673,36513.44119889643
2025-03-14 02:00:00+00:00,0.9581199884414673,0.9585000276565552,0.9576500058174133,0.9584400057792664,31743.71543555873
2025-03-14 03:00:00+00:00,0.9584699869155884,0.958840012550354,0.9577800035476685,0.9587500095367432,32056.359510857703
2025-03-14 04:00:00+00:00,0.9587299823760986,0.9587500095367432,0.9578800201416016,0.9583500027656555,32156.174474255567
2025-03-14 05:00:00+00:00,0.9583200216293335,0.9588000178337097,0.9578400254249573,0.9586499929428101,22826.258179268767
2025-03-14 06:00:00+00:00,0.9586499929428101,0.9586799740791321,0.9574499726295471,0.9582899808883667,20664.141829072854
2025-03-14 07:00:00+00:00,0.9582800269126892,0.9591500163078308,0.9571899771690369,0.9582599997520447,17303.364328094365
2025-03-14 08:00:00+00:00,0.9582599997520447,0.9592000246047974,0.9574800133705139,0.9589899778366089,18658.77563563677
2025-03-14 09:00:00+00:00,0.9589999914169312,0.9607099890708923,0.9589099884033203,0.959909975528717,19379.88228128767
2025-03-14 10:00:00+00:00,0.9599000215530396,0.9645900130271912,0.9596099853515625,0.9631699919700623,26989.15436597347
2025-03-14 11:00:00+00:00,0.9631400108337402,0.9648500084877014,0.9625399708747864,0.9643399715423584,35249.601249262414
2025-03-14 12:00:00+00:00,0.9643300175666809,0.9661999940872192,0.9639400243759155,0.9644200205802917,32225.412743592
2025-03-14 13:00:00+00:00,0.9644299745559692,0.9649099707603455,0.9625899791717529,0.9630399942398071,36970.836840575015
2025-03-14 14:00:00+00:00,0.9630200266838074,0.9639599919319153,0.9613800048828125,0.9631500244140625,43639.9818411333
2025-03-14 15:00:00+00:00,0.9631400108337402,0.9641000032424927,0.9617900252342224,0.9626200199127197,53980.367404295495
2025-03-14 16:00:00+00:00,0.9626200199127197,0.963129997253418,0.9618099927902222,0.962689995765686,46238.492827173875
2025-03-14 17:00:00+00:00,0.962689995765686,0.9632300138473511,0.9618600010871887,0.9629799723625183,58237.39344599391
2025-03-14 18:00:00+00:00,0.9629999995231628,0.9632999897003174,0.9620599746704102,0.9630399942398071,53850.13654693376
2025-03-14 19:00:00+00:00,0.9630200266838074,0.9633100032806396,0.9623399972915649,0.9631699919700623,58244.54306042197
2025-03-14 20:00:00+00:00,0.9631699919700623,0.9633299708366394,0.9621000289916992,0.9627199769020081,58857.58172315775
2025-03-14 21:00:00+00:00,0.9622399806976318,0.9622399806976318,0.9622399806976318,0.9622399806976318,38306.95980034508
2025-03-17 00:00:00+00:00,0.9618899822235107,0.9623299837112427,0.9612600207328796,0.9622700214385986,45207.62871490995
2025-03-17 01:00:00+00:00,0.9622499942779541,0.9626700282096863,0.9612699747085571,0.9623200297355652,39545.977220245535
2025-03-17 02:00:00+00:00,0.9623000025749207,0.962440013885498,0.9615399837493896,0.9619699716567993,32512.97289059342
2025-03-17 03:00:00+00:00,0.9619699716567993,0.9623399972915649,0.9612600207328796,0.9622700214385986,22941.206512694498
2025-03-17 04:00:00+00:00,0.9622600078582764,0.9630399942398071,0.9616100192070007,0.9625300168991089,27439.559981314982
2025-03-17 05:00:00+00:00,0.9625399708747864,0.9625999927520752,0.9613900184631348,0.961899995803833,23366.603224529634
2025-03-17 06:00:00+00:00,0.961870014667511,0.9623000025749207,0.9613400101661682,0.9621700048446655,20115.285084598272
2025-03-17 07:00:00+00:00,0.9621700048446655,0.9623299837112427,0.9606900215148926,0.961329996585846,13911.794601375059
2025-03-17 08:00:00+00:00,0.9613400101661682,0.9621999859809875,0.9605900049209595,0.9614199995994568,17053.214146872335
2025-03-17 09:00:00+00:00,0.9614099860191345,0.9622499942779541,0.9603300094604492,0.9620199799537659,16516.710190902195
2025-03-17 10:00:00+00:00,0.9620199799537659,0.9628700017929077,0.9614099860191345,0.9628000259399414,17904.03130598141
2025-03-17 11:00:00+00:00,0.9627900123596191,0.9632099866867065,0.9613699913024902,0.9622099995613098,19652.835888476726
2025-03-17 12:00:00+00:00,0.9621800184249878,0.9622200131416321,0.9608100056648254,0.9617000222206116,21145.52661613387
2025-03-17 13:00:00+00:00,0.9616900086402893,0.962440013885498,0.9603099822998047,0.9616900086402893,22292.741733920917
2025-03-17 14:00:00+00:00,0.9616699814796448,0.9621999859809875,0.9606999754905701,0.9615700244903564,25987.671353744434
2025-03-17 15:00:00+00:00,0.9615600109100342,0.9626100063323975,0.9608200192451477,0.9623799920082092,29681.510231844466
2025-03-17 16:00:00+00:00,0.9623900055885315,0.9624000191688538,0.9609100222587585,0.9614700078964233,32278.794076958595
2025-03-17 17:00:00+00:00,0.9614899754524231,0.9617999792098999,0.9605699777603149,0.9611600041389465,37667.28962665842
2025-03-17 18:00:00+00:00,0.9611499905586243,0.9621000289916992,0.960669994354248,0.9619600176811218,29744.419713866177
2025-03-17 19:00:00+00:00,0.9619699716567993,0.9621000289916992,0.960919976234436,0.9614400267601013,31547.204617512678
2025-03-17 20:00:00+00:00,0.9614400267601013,0.9624000191688538,0.9609100222587585,0.9619899988174438,32158.03321911764
2025-03-17 21:00:00+00:00,0.9619899988174438,0.9620000123977661,0.960640013217926,0.9614999890327454,31836.638859344424
2025-03-17 22:00:00+00:00,0.9614400267601013,0.962440013885498,0.9613400101661682,0.962149977684021,36768.39417371994
2025-03-17 23:00:00+00:00,0.9621400237083435,0.9624000191688538,0.9615100026130676,0.9623000025749207,25609.39376836313
2025-03-18 00:00:00+00:00,0.9622300267219543,0.9623000025749207,0.961359977722168,0.9620000123977661,27838.59489341869
2025-03-18 01:00:00+00:00,0.9620000123977661,0.9623000025749207,0.9615300297737122,0.9620000123977661,23604.813771233396
2025-03-18 02:00:00+00:00,0.9619500041007996,0.9621000289916992,0.9610199928283691,0.9614999890327454,24680.28007922673
2025-03-18 03:00:00+00:00,0.9614700078964233,0.9616000056266785,0.9605500102043152,0.9611600041389465,15997.478451444209
2025-03-18 04:00:00+00:00,0.961139976978302,0.9613999724388123,0.9606999754905701,0.9613000154495239,15819.894023317396
2025-03-18 05:00:00+00:00,0.9612200260162354,0.9616000056266785,0.9606000185012817,0.9612299799919128,12419.277783044174
2025-03-18 06:00:00+00:00,0.9612200260162354,0.9621999859809875,0.9608200192451477,0.9620800018310547,13324.429081379101
2025-03-18 07:00:00+00:00,0.9620800018310547,0.9634600281715393,0.9613000154495239,0.9632999897003174,17305.800074891333
2025-03-18 08:00:00+00:00,0.9633200168609619,0.963699996471405,0.9621800184249878,0.9632499814033508,16980.560408109846
2025-03-18 09:00:00+00:00,0.9632599949836731,0.9635099768638611,0.9620299935340881,0.9630399942398071,15373.479576466438
2025-03-18 10:00:00+00:00,0.9630600214004517,0.9631999731063843,0.9606900215148926,0.9614800214767456,20690.171545429108
2025-03-18 11:00:00+00:00,0.9614800214767456,0.9617000222206116,0.9600099921226501,0.9603800177574158,21516.169974811957
2025-03-18 12:00:00+00:00,0.9603999853134155,0.9608500003814697,0.9587699770927429,0.9600200057029724,27275.062834963854
2025-03-18 13:00:00+00:00,0.9600499868392944,0.9605000019073486,0.958869993686676,0.9594699740409851,23729.807994416155
2025-03-18 14:00:00+00:00,0.9595100283622742,0.9599000215530396,0.9579600095748901,0.9594100117683411,36050.68414962385
2025-03-18 15:00:00+00:00,0.9594399929046631,0.9599499702453613,0.9573699831962585,0.9585400223731995,35477.01744603554
2025-03-18 16:00:00+00:00,0.958549976348877,0.9593200087547302,0.9579499959945679,0.9592800140380859,35990.49093400135
2025-03-18 17:00:00+00:00,0.9592700004577637,0.9595699906349182,0.9583799839019775,0.9594100117683411,31776.104340702972
2025-03-18 18:00:00+00:00,0.9594600200653076,0.9595100283622742,0.9584699869155884,0.9591900110244751,47578.374415978
2025-03-18 19:00:00+00:00,0.9592000246047974,0.9597399830818176,0.9586600065231323,0.9594100117683411,29964.26892540908
2025-03-18 20:00:00+00:00,0.9594100117683411,0.9598000049591064,0.9588599801063538,0.9593600034713745,38432.71029802548
2025-03-18 21:00:00+00:00,0.9593200087547302,0.9607899785041809,0.9585000276565552,0.9594799876213074,30732.78023539429
2025-03-18 22:00:00+00:00,0.9594500064849854,0.9594500064849854,0.9586799740791321,0.9593200087547302,37324.73508908583
2025-03-18 23:00:00+00:00,0.9592800140380859,0.9595999717712402,0.9585300087928772,0.9590799808502197,28965.98467687902
2025-03-19 00:00:00+00:00,0.9591000080108643,0.9596999883651733,0.9584699869155884,0.9594699740409851,30608.52836807908
2025-03-19 01:00:00+00:00,0.9594799876213074,0.9596999883651733,0.9587299823760986,0.9594299793243408,30897.771571116755
2025-03-19 02:00:00+00:00,0.9595000147819519,0.9598000049591064,0.9588199853897095,0.959559977054596,25547.947008610867
2025-03-19 03:00:00+00:00,0.9595699906349182,0.9597100019454956,0.9586899876594543,0.9592000246047974,21059.978924427614
2025-03-19 04:00:00+00:00,0.9591900110244751,0.9592000246047974,0.958329975605011,0.958840012550354,21230.994763098635
2025-03-19 05:00:00+00:00,0.9588299989700317,0.9594600200653076,0.9582899808883667,0.9587200284004211,12963.366135045542
2025-03-19 06:00:00+00:00,0.9587299823760986,0.9589200019836426,0.9575999975204468,0.9577400088310242,15342.38732329038
2025-03-19 07:00:00+00:00,0.9577299952507019,0.9577599763870239,0.9540500044822693,0.955560028553009,18201.82626951385
2025-03-19 08:00:00+00:00,0.9555799961090088,0.9573000073432922,0.9555100202560425,0.9565799832344055,23108.559714412706
2025-03-19 09:00:00+00:00,0.9565799832344055,0.9579399824142456,0.955269992351532,0.957610011100769,30640.415571993584
2025-03-19 10:00:00+00:00,0.957610011100769,0.9582800269126892,0.9563000202178955,0.9572100043296814,28573.697379702513
2025-03-19 11:00:00+00:00,0.9571999907493591,0.9592300057411194,0.956820011138916,0.9586499929428101,32860.33583287724
2025-03-19 12:00:00+00:00,0.9586700201034546,0.9592000246047974,0.9574000239372253,0.9583799839019775,30259.246048725858
2025-03-19 13:00:00+00:00,0.9583799839019775,0.959119975566864,0.9577599763870239,0.9587299823760986,33766.128832744485
2025-03-19 14:00:00+00:00,0.9587100148200989,0.9593600034713745,0.9577500224113464,0.9583100080490112,34359.992306852626
2025-03-19 15:00:00+00:00,0.9583200216293335,0.9588000178337097,0.9566699862480164,0.9571400284767151,41000.991509909414
2025-03-19 16:00:00+00:00,0.9571400284767151,0.9577999711036682,0.9564899802207947,0.9575600028038025,40655.23679780009
2025-03-19 17:00:00+00:00,0.957539975643158,0.9575999975204468,0.9560099840164185,0.9567199945449829,41636.486578795535
2025-03-19 18:00:00+00:00,0.9567300081253052,0.9576500058174133,0.9561300277709961,0.9572399854660034,41004.54213520241
2025-03-19 19:00:00+00:00,0.9572200179100037,0.9579300284385681,0.9560999870300293,0.9568399786949158,47733.009892231865
2025-03-19 20:00:00+00:00,0.9568600058555603,0.957099974155426,0.9561700224876404,0.9566500186920166,52354.27087852782
2025-03-19 21:00:00+00:00,0.9564499855041504,0.9573000073432922,0.9561100006103516,0.9567300081253052,42438.65380271162
2025-03-19 22:00:00+00:00,0.9567099809646606,0.9569299817085266,0.9557499885559082,0.9562100172042847,37942.444521252175
2025-03-19 23:00:00+00:00,0.9562000036239624,0.9564999938011169,0.9557899832725525,0.9564099907875061,28201.65661840356
2025-03-20 00:00:00+00:00,0.9563699960708618,0.9564200043678284,0.9556199908256531,0.9562600255012512,33589.930263484515
2025-03-20 01:00:00+00:00,0.9562699794769287,0.9564399719238281,0.9553400278091431,0.9558299779891968,23275.70240541846
2025-03-20 02:00:00+00:00,0.9558500051498413,0.9563999772071838,0.9553999900817871,0.9559699892997742,24199.970925921487
2025-03-20 03:00:00+00:00,0.9559699892997742,0.9559999704360962,0.955020010471344,0.9557099938392639,21135.819335429704
2025-03-20 04:00:00+00:00,0.9556900262832642,0.9562000036239624,0.955079972743988,0.9560400247573853,19353.60538878147
2025-03-20 05:00:00+00:00,0.9560400247573853,0.9561200141906738,0.9542800188064575,0.9549400210380554,16973.473136583954
2025-03-20 06:00:00+00:00,0.9549300074577332,0.9553099870681763,0.9543099999427795,0.9547200202941895,17685.490155038486
2025-03-20 07:00:00+00:00,0.9547200202941895,0.9549000263214111,0.9528700113296509,0.9544399976730347,16929.404193660328
2025-03-20 08:00:00+00:00,0.9544199705123901,0.9582399725914001,0.9526200294494629,0.9569500088691711,35042.411365617554
2025-03-20 09:00:00+00:00,0.9569600224494934,0.9579799771308899,0.9557499885559082,0.9571999907493591,26496.201704441897
2025-03-20 10:00:00+00:00,0.9572299718856812,0.9572299718856812,0.953760027885437,0.9568300247192383,39168.63682015028
2025-03-20 11:00:00+00:00,0.9568099975585938,0.9571300148963928,0.9551100134849548,0.9570000171661377,37649.36047596968
2025-03-20 12:00:00+00:00,0.9570099711418152,0.9579300284385681,0.9559000134468079,0.9564099907875061,41485.375781773066
2025-03-20 13:00:00+00:00,0.9563999772071838,0.9568300247192383,0.9551799893379211,0.9564300179481506,49006.109608410006
2025-03-20 14:00:00+00:00,0.9564200043678284,0.9577299952507019,0.9558699727058411,0.9568700194358826,50741.16155456734
2025-03-20 15:00:00+00:00,0.9568799734115601,0.958079993724823,0.9563500285148621,0.9574199914932251,50658.56972440964
2025-03-20 16:00:00+00:00,0.9574300050735474,0.9579799771308899,0.9560099840164185,0.95660001039505,57365.594607098115
2025-03-20 17:00:00+00:00,0.9566100239753723,0.9570199847221375,0.9556499719619751,0.9566100239753723,63976.812127484685
2025-03-20 18:00:00+00:00,0.9566100239753723,0.9571099877357483,0.9556000232696533,0.9567199945449829,66832.0189989152
2025-03-20 19:00:00+00:00,0.9567199945449829,0.9573000073432922,0.956250011920929,0.9572700262069702,51789.33392807346
2025-03-20 20:00:00+00:00,0.9572700262069702,0.9575999975204468,0.9561899900436401,0.9566900134086609,55522.057470748936
2025-03-20 21:00:00+00:00,0.957830011844635,0.9578499794006348,0.956089973449707,0.9570800065994263,57983.3279210806
2025-03-20 22:00:00+00:00,0.9567700028419495,0.9573299884796143,0.9563699960708618,0.9569299817085266,41063.760162870676
2025-03-20 23:00:00+00:00,0.9569299817085266,0.9571300148963928,0.9564099907875061,0.9569200277328491,31456.80245442034
2025-03-21 00:00:00+00:00,0.9569000005722046,0.9575999975204468,0.9564999938011169,0.9572499990463257,30656.766921529612
2025-03-21 01:00:00+00:00,0.9572399854660034,0.9578199982643127,0.9566500186920166,0.9575600028038025,25059.247918906436
2025-03-21 02:00:00+00:00,0.957539975643158,0.9577000141143799,0.9566900134086609,0.9572700262069702,21273.51407930561
2025-03-21 03:00:00+00:00,0.9572700262069702,0.9573299884796143,0.95660001039505,0.9571599960327148,20871.152838789178
2025-03-21 04:00:00+00:00,0.9571700096130371,0.9572299718856812,0.9563900232315063,0.956849992275238,21346.812561441446
2025-03-21 05:00:00+00:00,0.9568600058555603,0.9569600224494934,0.9559800028800964,0.9568799734115601,16648.821575127553
2025-03-21 06:00:00+00:00,0.9568899869918823,0.9573000073432922,0.956089973449707,0.9572299718856812,16151.297013860582
2025-03-21 07:00:00+00:00,0.9572399854660034,0.9575300216674805,0.9564999938011169,0.9574599862098694,14125.143909909559
2025-03-21 08:00:00+00:00,0.9574199914932251,0.9578499794006348,0.9559299945831299,0.9573900103569031,13275.941286900368
2025-03-21 09:00:00+00:00,0.9574000239372253,0.9575999975204468,0.9557200074195862,0.956059992313385,18256.810126284603
2025-03-21 10:00:00+00:00,0.9560499787330627,0.9567199945449829,0.9541699886322021,0.9547399878501892,15939.18994894994
2025-03-21 11:00:00+00:00,0.9547200202941895,0.9554600119590759,0.9543200135231018,0.9551600217819214,19322.965610542098
2025-03-21 12:00:00+00:00,0.9551699757575989,0.9556099772453308,0.9539499878883362,0.9544000029563904,17944.780244447546
2025-03-21 13:00:00+00:00,0.9543799757957458,0.955299973487854,0.9538099765777588,0.9551600217819214,20607.72261322014
2025-03-21 14:00:00+00:00,0.9551699757575989,0.9553499817848206,0.9537100195884705,0.9546999931335449,24962.084701227555
2025-03-21 15:00:00+00:00,0.9546999931335449,0.9557099938392639,0.9538099765777588,0.9545699954032898,25266.19489676057
2025-03-21 16:00:00+00:00,0.9545599818229675,0.9557999968528748,0.954200029373169,0.9556099772453308,29674.54559139299
2025-03-21 17:00:00+00:00,0.9555699825286865,0.9556999802589417,0.9541900157928467,0.9554499983787537,28425.644479193612
2025-03-21 18:00:00+00:00,0.9554499983787537,0.9558799862861633,0.9549199938774109,0.9554499983787537,33642.786602682856
2025-03-21 19:00:00+00:00,0.9554399847984314,0.95551997423172,0.9545699954032898,0.9554499983787537,33363.799876798155
2025-03-21 20:00:00+00:00,0.9554399847984314,0.9554700255393982,0.954259991645813,0.9548299908638,26303.666322255373
2025-03-21 21:00:00+00:00,0.9543600082397461,0.9543600082397461,0.9543600082397461,0.9543600082397461,33948.436612996564
2025-03-24 00:00:00+00:00,0.9566599726676941,0.9571999907493591,0.9561799764633179,0.9569799900054932,29480.698191364172
2025-03-24 01:00:00+00:00,0.9569900035858154,0.957099974155426,0.9559800028800964,0.9565399885177612,26787.824982020502
2025-03-24 02:00:00+00:00,0.9565399885177612,0.9570000171661377,0.9561300277709961,0.9566199779510498,22999.53301259911
2025-03-24 03:00:00+00:00,0.95660001039505,0.9567999839782715,0.9558200240135193,0.956279993057251,21656.312406978097
2025-03-24 04:00:00+00:00,0.9562600255012512,0.9564200043678284,0.9556000232696533,0.9562699794769287,22460.858703115773
2025-03-24 05:00:00+00:00,0.9562699794769287,0.957040011882782,0.9556999802589417,0.9568799734115601,20238.13842170266
2025-03-24 06:00:00+00:00,0.9568700194358826,0.9571999907493591,0.9561899900436401,0.9569600224494934,18619.05498616542
2025-03-24 07:00:00+00:00,0.9569699764251709,0.9574999809265137,0.9559400081634521,0.956250011920929,20470.773750849323
2025-03-24 08:00:00+00:00,0.956279993057251,0.9577100276947021,0.9556400179862976,0.9566100239753723,18755.96318427053
2025-03-24 09:00:00+00:00,0.9566799998283386,0.9567099809646606,0.95455002784729,0.9557700157165527,22493.714446716207
2025-03-24 10:00:00+00:00,0.955780029296875,0.955839991569519,0.9545999765396118,0.9554499983787537,22000.522897267427
2025-03-24 11:00:00+00:00,0.9554499983787537,0.9557399749755859,0.9543799757957458,0.9547200202941895,23522.493347488704
2025-03-24 12:00:00+00:00,0.9547399878501892,0.9550999999046326,0.9538000226020813,0.9547600150108337,23616.121835819176
2025-03-24 13:00:00+00:00,0.9547799825668335,0.9548299908638,0.9529200196266174,0.953279972076416,29769.484434992613
2025-03-24 14:00:00+00:00,0.9532600045204163,0.954509973526001,0.9525200128555298,0.9539999961853027,22618.301536288298
2025-03-24 15:00:00+00:00,0.953980028629303,0.9550300240516663,0.9534500241279602,0.9543700218200684,22428.275610127366
2025-03-24 16:00:00+00:00,0.9543499946594238,0.9549000263214111,0.952709972858429,0.9532999992370605,32255.2313643734
2025-03-24 17:00:00+00:00,0.9533399939537048,0.9537100195884705,0.9527199864387512,0.9531700015068054,31569.57716610857
2025-03-24 18:00:00+00:00,0.9531599879264832,0.9548500180244446,0.9524499773979187,0.9543600082397461,35289.48841914429
2025-03-24 19:00:00+00:00,0.9543700218200684,0.9544199705123901,0.9533100128173828,0.9538800120353699,39359.16177953504
2025-03-24 20:00:00+00:00,0.9538499712944031,0.9539200067520142,0.95305997133255,0.9537000060081482,31507.065922663227
2025-03-24 21:00:00+00:00,0.9536600112915039,0.9544900059700012,0.9528399705886841,0.9535099864006042,33866.925423629786
2025-03-24 22:00:00+00:00,0.953499972820282,0.9539399743080139,0.9528899788856506,0.9534800052642822,34799.72901994491
2025-03-24 23:00:00+00:00,0.95346999168396,0.9537000060081482,0.9530199766159058,0.9535999894142151,31636.753575019244
2025-03-25 00:00:00+00:00,0.9535999894142151,0.9537299871444702,0.9529399871826172,0.9536399841308594,29357.947155528702
2025-03-25 01:00:00+00:00,0.9537000060081482,0.9540200233459473,0.9532300233840942,0.9537799954414368,24673.826548038407
2025-03-25 02:00:00+00:00,0.9538000226020813,0.9539999961853027,0.953220009803772,0.9537000060081482,23265.861125394993
2025-03-25 03:00:00+00:00,0.953719973564148,0.9539999961853027,0.9531800150871277,0.9538699984550476,21052.376168736333
2025-03-25 04:00:00+00:00,0.9538800120353699,0.9542400240898132,0.9532700181007385,0.9536700248718262,14569.48181685873
2025-03-25 05:00:00+00:00,0.9536899924278259,0.9539099931716919,0.9531700015068054,0.9536200165748596,16281.906932531834
2025-03-25 06:00:00+00:00,0.9536200165748596,0.9538999795913696,0.9531000256538391,0.9537699818611145,9926.899521176883
2025-03-25 07:00:00+00:00,0.9537699818611145,0.9546599984169006,0.9534800052642822,0.9542999863624573,10757.130675319735
2025-03-25 08:00:00+00:00,0.9542999863624573,0.9544900059700012,0.9524000287055969,0.9538599848747253,8957.957907054213
2025-03-25 09:00:00+00:00,0.9538599848747253,0.9548299908638,0.953249990940094,0.9543300271034241,10644.060697726245
2025-03-25 10:00:00+00:00,0.9543200135231018,0.9553999900817871,0.9539300203323364,0.9543899893760681,11413.149915791406
2025-03-25 11:00:00+00:00,0.9544000029563904,0.9546200037002563,0.9532600045204163,0.9542199969291687,14326.424611438732
2025-03-25 12:00:00+00:00,0.9542099833488464,0.9543300271034241,0.953000009059906,0.9536299705505371,13165.462082614182
2025-03-25 13:00:00+00:00,0.9536299705505371,0.9539399743080139,0.9521899819374084,0.9526399970054626,17068.60049494809
2025-03-25 14:00:00+00:00,0.9526600241661072,0.9529200196266174,0.9509199857711792,0.9525899887084961,20920.10431449016
2025-03-25 15:00:00+00:00,0.9525899887084961,0.9531499743461609,0.9516599774360657,0.9527400135993958,19152.465021575925
2025-03-25 16:00:00+00:00,0.952750027179718,0.9532399773597717,0.9520400166511536,0.9525700211524963,24075.889449987437
2025-03-25 17:00:00+00:00,0.9525799751281738,0.9530400037765503,0.9519199728965759,0.9527300000190735,20509.153972533873
2025-03-25 18:00:00+00:00,0.952709972858429,0.9531000256538391,0.9521099925041199,0.9529100060462952,21967.775561668375
2025-03-25 19:00:00+00:00,0.9529100060462952,0.9531499743461609,0.9520599842071533,0.9525200128555298,27544.762198982135
2025-03-25 20:00:00+00:00,0.9525200128555298,0.9525600075721741,0.9518899917602539,0.952459990978241,27525.898906300106
2025-03-25 21:00:00+00:00,0.952489972114563,0.952489972114563,0.9508000016212463,0.9523000121116638,25085.27807732989
2025-03-25 22:00:00+00:00,0.9523599743843079,0.9524999856948853,0.9517499804496765,0.9522500038146973,17214.8149160325
2025-03-25 23:00:00+00:00,0.9522500038146973,0.9523299932479858,0.9515900015830994,0.9521099925041199,17742.10538733648
2025-03-26 00:00:00+00:00,0.952210009098053,0.9527000188827515,0.9516800045967102,0.9524199962615967,17225.624852774225
2025-03-26 01:00:00+00:00,0.9524099826812744,0.9528099894523621,0.9517199993133545,0.9526699781417847,15552.151212674724
2025-03-26 02:00:00+00:00,0.9526699781417847,0.9533399939537048,0.9522299766540527,0.9532399773597717,18662.35356972483
2025-03-26 03:00:00+00:00,0.9532399773597717,0.9535999894142151,0.9524700045585632,0.9528599977493286,15678.999450737449
2025-03-26 04:00:00+00:00,0.9528899788856506,0.9531999826431274,0.9523900151252747,0.953029990196228,11512.817940154711
2025-03-26 05:00:00+00:00,0.9530400037765503,0.9531999826431274,0.9524499773979187,0.9529399871826172,9130.131246022447
2025-03-26 06:00:00+00:00,0.9529299736022949,0.9534500241279602,0.952459990978241,0.9533399939537048,7350.657760664194
2025-03-26 07:00:00+00:00,0.9533600211143494,0.9535199999809265,0.9525399804115295,0.9530500173568726,8115.400411128328
2025-03-26 08:00:00+00:00,0.9530500173568726,0.9541000127792358,0.9525499939918518,0.9540500044822693,10240.592040618678
2025-03-26 09:00:00+00:00,0.9540500044822693,0.9545999765396118,0.95305997133255,0.9539300203323364,11018.676821842235
2025-03-26 10:00:00+00:00,0.9539300203323364,0.9540899991989136,0.9527199864387512,0.9535999894142151,11773.38814717653
2025-03-26 11:00:00+00:00,0.9535999894142151,0.9541000127792358,0.952530026435852,0.9539999961853027,10702.14670722866
2025-03-26 12:00:00+00:00,0.9539600014686584,0.9540799856185913,0.952530026435852,0.9532899856567383,16945.518684939594
2025-03-26 13:00:00+00:00,0.9532899856567383,0.953499972820282,0.951990008354187,0.9525099992752075,12753.728158881153
2025-03-26 14:00:00+00:00,0.9524999856948853,0.9538300037384033,0.9521099925041199,0.9532899856567383,17197.220560867103
2025-03-26 15:00:00+00:00,0.9533100128173828,0.9537400007247925,0.9513300061225891,0.9528499841690063,22599.455062765133
2025-03-26 16:00:00+00:00,0.9528599977493286,0.9534000158309937,0.9518499970436096,0.9531800150871277,24257.811201608834
2025-03-26 17:00:00+00:00,0.9531800150871277,0.9534000158309937,0.9506000280380249,0.9515299797058105,27248.179599388262
2025-03-26 18:00:00+00:00,0.9515399932861328,0.9518100023269653,0.9509099721908569,0.9514200091362,25767.828999255857
2025-03-26 19:00:00+00:00,0.951449990272522,0.9516000151634216,0.9501100182533264,0.9509299993515015,37298.05126031553
2025-03-26 20:00:00+00:00,0.9509199857711792,0.9510999917984009,0.9498100280761719,0.9501799941062927,33275.829581585276
2025-03-26 21:00:00+00:00,0.9500499963760376,0.9506999850273132,0.948989987373352,0.9496099948883057,40885.85181226296
2025-03-26 22:00:00+00:00,0.9499199986457825,0.9502699971199036,0.9485099911689758,0.9490299820899963,33963.08985621086
2025-03-26 23:00:00+00:00,0.9490200281143188,0.9498999714851379,0.9485599994659424,0.949679970741272,34087.424806169656
2025-03-27 00:00:00+00:00,0.9497399926185608,0.9502999782562256,0.9492599964141846,0.950190007686615,31033.246762015177
2025-03-27 01:00:00+00:00,0.9502000212669373,0.9509000182151794,0.9496600031852722,0.95073002576828,32477.671424936787
2025-03-27 02:00:00+00:00,0.9507200121879578,0.9514999985694885,0.9502699971199036,0.9510499835014343,30369.011126075333
2025-03-27 03:00:00+00:00,0.9510499835014343,0.951200008392334,0.9503700137138367,0.9511600136756897,28364.43031456393
2025-03-27 04:00:00+00:00,0.9511600136756897,0.9515200257301331,0.9507099986076355,0.9513300061225891,21828.298462227714
2025-03-27 05:00:00+00:00,0.9513400197029114,0.9516299962997437,0.9502599835395813,0.9509000182151794,24778.56148091171
2025-03-27 06:00:00+00:00,0.9508900046348572,0.9521600008010864,0.9505000114440918,0.9517800211906433,28521.786387645818
2025-03-27 07:00:00+00:00,0.9517800211906433,0.9523000121116638,0.9509900212287903,0.9515799880027771,22529.578794040997
2025-03-27 08:00:00+00:00,0.9516199827194214,0.9523199796676636,0.950439989566803,0.952239990234375,20100.973001628226
2025-03-27 09:00:00+00:00,0.952239990234375,0.9531000256538391,0.9513300061225891,0.9524499773979187,21886.128307079645
2025-03-27 10:00:00+00:00,0.952459990978241,0.9533500075340271,0.9516199827194214,0.95319002866745,22141.02205299878
2025-03-27 11:00:00+00:00,0.95319002866745,0.9541699886322021,0.9525399804115295,0.953220009803772,25447.019872528188
2025-03-27 12:00:00+00:00,0.9532099962234497,0.9533500075340271,0.9520000219345093,0.9523199796676636,22217.17777392279
2025-03-27 13:00:00+00:00,0.9523299932479858,0.9527199864387512,0.9513800144195557,0.9519199728965759,20002.91440365462
2025-03-27 14:00:00+00:00,0.9519100189208984,0.9529100060462952,0.9514999985694885,0.9526100158691406,24209.19242182265
2025-03-27 15:00:00+00:00,0.9526100158691406,0.9531000256538391,0.9515600204467773,0.9522799849510193,27792.30006272325
2025-03-27 16:00:00+00:00,0.9522500038146973,0.9526000022888184,0.9511500000953674,0.9522500038146973,25935.799530386408
2025-03-27 17:00:00+00:00,0.9522299766540527,0.9528099894523621,0.9514700174331665,0.9518499970436096,28886.583385260652
2025-03-27 18:00:00+00:00,0.9518600106239319,0.9524400234222412,0.9513900279998779,0.952180027961731,28017.209160643848
2025-03-27 19:00:00+00:00,0.9521600008010864,0.9524400234222412,0.9513400197029114,0.9518600106239319,27723.20366192299
2025-03-27 20:00:00+00:00,0.9518600106239319,0.9524000287055969,0.9513999819755554,0.9519000053405762,25134.06746819627
2025-03-27 21:00:00+00:00,0.9518700242042542,0.9529100060462952,0.9509400129318237,0.9519000053405762,27791.8702764751
2025-03-27 22:00:00+00:00,0.9518799781799316,0.9521899819374084,0.9512500166893005,0.9516599774360657,25696.70911323499
2025-03-27 23:00:00+00:00,0.9516500234603882,0.9521999955177307,0.9512500166893005,0.9520800113677979,24297.966581905916
2025-03-28 00:00:00+00:00,0.9521899819374084,0.9523000121116638,0.9515100121498108,0.9521700143814087,22240.15211801962
2025-03-28 01:00:00+00:00,0.952180027961731,0.9524999856948853,0.9516299962997437,0.9520999789237976,17706.522810184844
2025-03-28 02:00:00+00:00,0.9520999789237976,0.9523500204086304,0.9516500234603882,0.9523000121116638,16667.342940743154
2025-03-28 03:00:00+00:00,0.9522899985313416,0.9524999856948853,0.9518100023269653,0.9523500204086304,11507.251487081965
2025-03-28 04:00:00+00:00,0.9523400068283081,0.9524000287055969,0.9515299797058105,0.9520000219345093,9482.979340365568
2025-03-28 05:00:00+00:00,0.9520000219345093,0.952239990234375,0.9513300061225891,0.9518600106239319,10793.33296480714
2025-03-28 06:00:00+00:00,0.9518700242042542,0.9520999789237976,0.9507399797439575,0.9511799812316895,11683.454075936004
2025-03-28 07:00:00+00:00,0.9511799812316895,0.9520999789237976,0.9504500031471252,0.9510499835014343,10940.636634703265
2025-03-28 08:00:00+00:00,0.9510999917984009,0.9516199827194214,0.9498999714851379,0.9509000182151794,13323.102860991456
2025-03-28 09:00:00+00:00,0.9508900046348572,0.9514399766921997,0.9501299858093262,0.9508200287818909,12832.967100311753
2025-03-28 10:00:00+00:00,0.9508399963378906,0.9514200091362,0.9504600167274475,0.950760006904602,13619.495784116887
2025-03-28 11:00:00+00:00,0.950760006904602,0.9514099955558777,0.9501000046730042,0.9511799812316895,10147.976249910647
2025-03-28 12:00:00+00:00,0.951170027256012,0.9520000219345093,0.9500200152397156,0.9517899751663208,12807.28171370852
2025-03-28 13:00:00+00:00,0.9517999887466431,0.9539499878883362,0.9510800242424011,0.9534400105476379,18717.23662445803
2025-03-28 14:00:00+00:00,0.9533100128173828,0.9539700150489807,0.9523800015449524,0.9536899924278259,23086.157822431018
2025-03-28 15:00:00+00:00,0.9536899924278259,0.9550099968910217,0.9526200294494629,0.9535099864006042,25426.44387166971
2025-03-28 16:00:00+00:00,0.953540027141571,0.9544199705123901,0.9530699849128723,0.9536200165748596,28172.457624947834
2025-03-28 17:00:00+00:00,0.9536200165748596,0.954479992389679,0.9529799818992615,0.9541500210762024,32508.761631309277
2025-03-28 18:00:00+00:00,0.9541800022125244,0.9547500014305115,0.9535199999809265,0.9545400142669678,36645.64808581075
2025-03-28 19:00:00+00:00,0.9545199871063232,0.9548199772834778,0.953790009021759,0.9543200135231018,26757.267670493846
2025-03-28 20:00:00+00:00,0.9543399810791016,0.95455002784729,0.9534000158309937,0.9535700082778931,31043.80266807651
2025-03-28 21:00:00+00:00,0.9531400203704834,0.9531400203704834,0.9531400203704834,0.9531400203704834,23791.71127204935
2025-03-31 00:00:00+01:00,0.9528800249099731,0.953499972820282,0.9520400166511536,0.9534199833869934,27762.174504284478
2025-03-31 01:00:00+01:00,0.9534199833869934,0.9534500241279602,0.9519400000572205,0.9528700113296509,34544.17376402522
2025-03-31 02:00:00+01:00,0.9528800249099731,0.9531999826431274,0.9519400000572205,0.9525700211524963,33061.173727136294
2025-03-31 03:00:00+01:00,0.9525499939918518,0.9528200030326843,0.9518499970436096,0.9523299932479858,30775.987137834058
2025-03-31 04:00:00+01:00,0.9523100256919861,0.9524000287055969,0.9515500068664551,0.9521099925041199,25178.728832828758
2025-03-31 05:00:00+01:00,0.9520900249481201,0.9524999856948853,0.9515200257301331,0.9523599743843079,22429.258564977616
2025-03-31 06:00:00+01:00,0.9523699879646301,0.953029990196228,0.9518399834632874,0.953000009059906,13346.717189975874
2025-03-31 07:00:00+01:00,0.952970027923584,0.9533699750900269,0.9516199827194214,0.952750027179718,15891.774057590901
2025-03-31 08:00:00+01:00,0.9527400135993958,0.9541699886322021,0.9519100189208984,0.9540500044822693,18101.965005698046
2025-03-31 09:00:00+01:00,0.9540600180625916,0.9543399810791016,0.9526500105857849,0.9535499811172485,20101.08888419911
2025-03-31 10:00:00+01:00,0.9535499811172485,0.954200029373169,0.9528200030326843,0.953279972076416,17906.6290942978
2025-03-31 11:00:00+01:00,0.9532899856567383,0.953760027885437,0.9522299766540527,0.9536899924278259,24897.997928839803
2025-03-31 12:00:00+01:00,0.9537000060081482,0.9538000226020813,0.952430009841919,0.953220009803772,24370.43959236044
2025-03-31 13:00:00+01:00,0.9533100128173828,0.9535499811172485,0.952180027961731,0.9529799818992615,29095.71128824252
2025-03-31 14:00:00+01:00,0.9529799818992615,0.9542099833488464,0.9525899887084961,0.9536600112915039,26861.288816732922
2025-03-31 15:00:00+01:00,0.9536299705505371,0.9562900066375732,0.9531999826431274,0.9555400013923645,32968.1047295231
2025-03-31 16:00:00+01:00,0.9555500149726868,0.956529974937439,0.9542099833488464,0.9545699954032898,34379.76150503007
2025-03-31 17:00:00+01:00,0.9545699954032898,0.9563300013542175,0.9542999863624573,0.9561700224876404,33838.07303969432
2025-03-31 18:00:00+01:00,0.9561700224876404,0.9570199847221375,0.9558500051498413,0.9568899869918823,38193.844444098926
2025-03-31 19:00:00+01:00,0.9569200277328491,0.9572399854660034,0.9562600255012512,0.9567700028419495,33689.64924048266
2025-03-31 20:00:00+01:00,0.9567599892616272,0.9568600058555603,0.9558899998664856,0.9564999938011169,36199.96448701408
2025-03-31 21:00:00+01:00,0.9564800262451172,0.9567099809646606,0.9559100270271301,0.9559900164604187,31434.439651670546
2025-03-31 22:00:00+01:00,0.9560999870300293,0.9567400217056274,0.9556999802589417,0.9561600089073181,33046.09680312654
2025-03-31 23:00:00+01:00,0.9561700224876404,0.9566799998283386,0.9558299779891968,0.9563800096511841,26956.04083399677
2025-04-01 00:00:00+01:00,0.9563400149345398,0.9565100073814392,0.9556199908256531,0.9561399817466736,23302.358522641716
2025-04-01 01:00:00+01:00,0.9561399817466736,0.9563999772071838,0.9554399847984314,0.956279993057251,24131.914738179155
2025-04-01 02:00:00+01:00,0.9563000202178955,0.9563000202178955,0.9553099870681763,0.9559400081634521,20635.53446613711
2025-04-01 03:00:00+01:00,0.9559400081634521,0.9563999772071838,0.9555299878120422,0.9561499953269958,23082.317833682624
2025-04-01 04:00:00+01:00,0.9561600089073181,0.9563000202178955,0.9554299712181091,0.9559199810028076,20095.931072549894
2025-04-01 05:00:00+01:00,0.9559199810028076,0.9561300277709961,0.9553099870681763,0.9557200074195862,11108.684199537767
2025-04-01 06:00:00+01:00,0.9557399749755859,0.9557399749755859,0.9540200233459473,0.9544600248336792,10356.855337589013
2025-04-01 07:00:00+01:00,0.9544699788093567,0.9553200006484985,0.9538800120353699,0.955079972743988,7925.640486373213
2025-04-01 08:00:00+01:00,0.9550899863243103,0.9550899863243103,0.9531199932098389,0.9537799954414368,11178.627232905432
2025-04-01 09:00:00+01:00,0.9537699818611145,0.954800009727478,0.9532999992370605,0.9546499848365784,15314.945878384122
2025-04-01 10:00:00+01:00,0.9546700119972229,0.9549400210380554,0.9536700248718262,0.9542199969291687,15240.523155156505
2025-04-01 11:00:00+01:00,0.9542199969291687,0.9543200135231018,0.9519500136375427,0.9525099992752075,22488.620874158714
2025-04-01 12:00:00+01:00,0.9525200128555298,0.9526500105857849,0.9508100152015686,0.9515500068664551,20316.06426010152
2025-04-01 13:00:00+01:00,0.9515699744224548,0.9528099894523621,0.9509900212287903,0.9526900053024292,24827.822065526936
2025-04-01 14:00:00+01:00,0.9526900053024292,0.9537799954414368,0.9517499804496765,0.9525700211524963,27998.640900509457
2025-04-01 15:00:00+01:00,0.9527900218963623,0.9542999863624573,0.9523599743843079,0.9539099931716919,29298.81136747113
2025-04-01 16:00:00+01:00,0.9538999795913696,0.954200029373169,0.9525799751281738,0.953220009803772,32276.133073350575
2025-04-01 17:00:00+01:00,0.9532099962234497,0.9539600014686584,0.9526600241661072,0.953790009021759,34087.343478226525
2025-04-01 18:00:00+01:00,0.953790009021759,0.9543499946594238,0.953540027141571,0.953980028629303,36896.420828550545
2025-04-01 19:00:00+01:00,0.9539899826049805,0.954039990901947,0.9529899954795837,0.953540027141571,32953.266185496526
2025-04-01 20:00:00+01:00,0.9535300135612488,0.9538000226020813,0.9527900218963623,0.9536600112915039,34045.69682342777
2025-04-01 21:00:00+01:00,0.9536499977111816,0.9542499780654907,0.9528899788856506,0.9535099864006042,27980.927195858225
2025-04-01 22:00:00+01:00,0.9533500075340271,0.9538000226020813,0.951960027217865,0.9532099962234497,30151.68575931417
2025-04-01 23:00:00+01:00,0.9533200263977051,0.9549099802970886,0.952970027923584,0.9543499946594238,33583.4439993938
2025-04-02 00:00:00+01:00,0.9543300271034241,0.9544000029563904,0.9535199999809265,0.9538900256156921,32827.27359865967
2025-04-02 01:00:00+01:00,0.9538999795913696,0.9539300203323364,0.9530500173568726,0.9534800052642822,28698.731734017736
2025-04-02 02:00:00+01:00,0.9534800052642822,0.9539300203323364,0.952970027923584,0.9539099931716919,20905.967324739548
2025-04-02 03:00:00+01:00,0.9539099931716919,0.9541000127792358,0.9531000256538391,0.9535700082778931,22127.553617969657
2025-04-02 04:00:00+01:00,0.9535599946975708,0.9538999795913696,0.9531000256538391,0.9536700248718262,18109.78486184138
2025-04-02 05:00:00+01:00,0.9536700248718262,0.9539999961853027,0.9531700015068054,0.9537500143051147,13347.580142869781
2025-04-02 06:00:00+01:00,0.9537400007247925,0.9538000226020813,0.9529200196266174,0.9535199999809265,11487.607469978384
2025-04-02 07:00:00+01:00,0.953499972820282,0.9546200037002563,0.9529899954795837,0.9543200135231018,14169.852068180244
2025-04-02 08:00:00+01:00,0.9542999863624573,0.9546599984169006,0.9531199932098389,0.9545699954032898,17850.307209144346
2025-04-02 09:00:00+01:00,0.9545699954032898,0.9553300142288208,0.9540200233459473,0.9549199938774109,17263.239509605966
2025-04-02 10:00:00+01:00,0.9549099802970886,0.9556000232696533,0.9545800089836121,0.9552099704742432,17698.67830063041
2025-04-02 11:00:00+01:00,0.9551900029182434,0.955299973487854,0.9537100195884705,0.9543399810791016,16459.364443990242
2025-04-02 12:00:00+01:00,0.9543499946594238,0.9546999931335449,0.9535599946975708,0.9541599750518799,15468.089969957638
2025-04-02 13:00:00+01:00,0.9541299939155579,0.9552099704742432,0.9536499977111816,0.9551799893379211,16335.941149309661
2025-04-02 14:00:00+01:00,0.9551900029182434,0.9559599757194519,0.9542499780654907,0.9556999802589417,17574.495918528075
2025-04-02 15:00:00+01:00,0.9557200074195862,0.9580199718475342,0.9550399780273438,0.9579799771308899,22470.50028929674
2025-04-02 16:00:00+01:00,0.9579600095748901,0.958620011806488,0.9569900035858154,0.9583600163459778,29205.391567865918
2025-04-02 17:00:00+01:00,0.9583399891853333,0.9589700102806091,0.9576500058174133,0.9587799906730652,25218.50225556393
2025-04-02 18:00:00+01:00,0.9587900042533875,0.9589400291442871,0.9577000141143799,0.958109974861145,26716.98533308413
2025-04-02 19:00:00+01:00,0.958079993724823,0.958299994468689,0.95728999376297,0.9577400088310242,28122.28193699026
2025-04-02 20:00:00+01:00,0.9577400088310242,0.9581000208854675,0.9571300148963928,0.9577000141143799,27742.38198469062
2025-04-02 21:00:00+01:00,0.9577000141143799,0.9632400274276733,0.9548699855804443,0.957099974155426,41341.3053446852
2025-04-02 22:00:00+01:00,0.9569600224494934,0.9574900269508362,0.9542499780654907,0.9549099802970886,49817.58893496489
2025-04-02 23:00:00+01:00,0.9549700021743774,0.9552599787712097,0.9516599774360657,0.9533299803733826,55362.41056251776
2025-04-03 00:00:00+01:00,0.9536100029945374,0.957319974899292,0.9527599811553955,0.9561399817466736,70941.37053081275
2025-04-03 01:00:00+01:00,0.9561499953269958,0.9567999839782715,0.9552800059318542,0.9563400149345398,79256.33925932262
2025-04-03 02:00:00+01:00,0.9563400149345398,0.9577000141143799,0.9557600021362305,0.957069993019104,80210.9232984977
2025-04-03 03:00:00+01:00,0.9570800065994263,0.9574999809265137,0.955839991569519,0.9562600255012512,82999.6788502596
2025-04-03 04:00:00+01:00,0.956279993057251,0.9563000202178955,0.9548900127410889,0.955810010433197,75945.07032703307
2025-04-03 05:00:00+01:00,0.955810010433197,0.9559000134468079,0.9546499848365784,0.9554499983787537,54784.86972149263
2025-04-03 06:00:00+01:00,0.9554499983787537,0.9556999802589417,0.953249990940094,0.9544900059700012,71735.34295917541
2025-04-03 07:00:00+01:00,0.954479992389679,0.9564599990844727,0.9527199864387512,0.9549099802970886,85296.45377332144
2025-04-03 08:00:00+01:00,0.9549400210380554,0.9550399780273438,0.951770007610321,0.9526699781417847,78277.53743646952
2025-04-03 09:00:00+01:00,0.9526500105857849,0.9542499780654907,0.9523000121116638,0.9534599781036377,84445.166534771
2025-04-03 10:00:00+01:00,0.95346999168396,0.9548100233078003,0.9520699977874756,0.9525099992752075,92505.67828012664
2025-04-03 11:00:00+01:00,0.9525200128555298,0.9579100012779236,0.9520400166511536,0.9540600180625916,66244.05103762852
2025-04-03 12:00:00+01:00,0.9541100263595581,0.9547100067138672,0.9528999924659729,0.9538099765777588,78917.84279938531
2025-04-03 13:00:00+01:00,0.9538099765777588,0.9545000195503235,0.9516800045967102,0.9521999955177307,85629.27273201296
2025-04-03 14:00:00+01:00,0.9521999955177307,0.9541699886322021,0.9494400024414062,0.9500100016593933,71858.47382463157
2025-04-03 15:00:00+01:00,0.9501299858093262,0.9519799947738647,0.9494500160217285,0.9515799880027771,82082.60303322799
2025-04-03 16:00:00+01:00,0.9515699744224548,0.9516400098800659,0.9485800266265869,0.9492400288581848,89247.62107617312
2025-04-03 17:00:00+01:00,0.9492499828338623,0.9504299759864807,0.9487500190734863,0.9493200182914734,80024.63546729326
2025-04-03 18:00:00+01:00,0.9493100047111511,0.9502699971199036,0.9483699798583984,0.9493600130081177,81986.14655383171
2025-04-03 19:00:00+01:00,0.9493600130081177,0.9508000016212463,0.9490399956703186,0.9503200054168701,79229.76269660324
2025-04-03 20:00:00+01:00,0.9503200054168701,0.9503499865531921,0.9463099837303162,0.9469799995422363,89894.7254601035
2025-04-03 21:00:00+01:00,0.9474400281906128,0.9496399760246277,0.9468600153923035,0.9492999911308289,98206.95792317289
2025-04-03 22:00:00+01:00,0.9492700099945068,0.9496700167655945,0.9478200078010559,0.9485800266265869,77895.9753923991
2025-04-03 23:00:00+01:00,0.9485099911689758,0.9495999813079834,0.9483399987220764,0.9495099782943726,88591.0173106015
2025-04-04 00:00:00+01:00,0.9492800235748291,0.9495099782943726,0.9482700228691101,0.9489399790763855,73934.28148176662
2025-04-04 01:00:00+01:00,0.9490000009536743,0.9492300152778625,0.9472399950027466,0.9484400153160095,68713.37947381545
2025-04-04 02:00:00+01:00,0.9484999775886536,0.9492300152778625,0.9471200108528137,0.9475799798965454,65148.33626083274
2025-04-04 03:00:00+01:00,0.9475899934768677,0.9482300281524658,0.9466699957847595,0.9471799731254578,62851.29727447145
2025-04-04 04:00:00+01:00,0.9472000002861023,0.9474200010299683,0.9457499980926514,0.9464600086212158,49303.62176260277
2025-04-04 05:00:00+01:00,0.9464300274848938,0.9470300078392029,0.9451799988746643,0.9458400011062622,50816.65467199492
2025-04-04 06:00:00+01:00,0.9458400011062622,0.9474400281906128,0.9452499747276306,0.9468600153923035,42658.29747515603
2025-04-04 07:00:00+01:00,0.9468600153923035,0.9469699859619141,0.9452199935913086,0.9456700086593628,53533.89786807871
2025-04-04 08:00:00+01:00,0.9456300139427185,0.9458000063896179,0.9403799772262573,0.9409199953079224,64074.283167287394
2025-04-04 09:00:00+01:00,0.9410200119018555,0.9420499801635742,0.9385700225830078,0.9408299922943115,53563.35552795378
2025-04-04 10:00:00+01:00,0.940779983997345,0.9408599734306335,0.9378799796104431,0.9391099810600281,62692.118540698786
2025-04-04 11:00:00+01:00,0.9391300082206726,0.9413899779319763,0.9374499917030334,0.9378200173377991,67336.846698904
2025-04-04 12:00:00+01:00,0.9378100037574768,0.9409400224685669,0.9362999796867371,0.9408199787139893,78706.84855330733
2025-04-04 13:00:00+01:00,0.9408400058746338,0.9428899884223938,0.938040018081665,0.9397600293159485,70724.72525141679
2025-04-04 14:00:00+01:00,0.9397799968719482,0.9410399794578552,0.9369199872016907,0.9384599924087524,100000.0
2025-04-04 15:00:00+01:00,0.9384499788284302,0.9410399794578552,0.9362599849700928,0.9405400156974792,100000.0
2025-04-04 16:00:00+01:00,0.940530002117157,0.9427300095558167,0.9395300149917603,0.941290020942688,91285.73148347094
2025-04-04 17:00:00+01:00,0.9412999749183655,0.9428600072860718,0.9402400255203247,0.9419000148773193,100000.0
2025-04-04 18:00:00+01:00,0.9418900012969971,0.9422299861907959,0.9394699931144714,0.9420400261878967,87352.56705196362
2025-04-04 19:00:00+01:00,0.9420599937438965,0.9437299966812134,0.9410799741744995,0.9417600035667419,97172.25325647101
2025-04-04 20:00:00+01:00,0.9417099952697754,0.9444299936294556,0.9411699771881104,0.9430699944496155,84937.67184590398
2025-04-04 21:00:00+01:00,0.9430699944496155,0.9436299800872803,0.9420999884605408,0.9428899884223938,96119.81315137536
2025-04-04 22:00:00+01:00,0.94309002161026,0.94309002161026,0.94309002161026,0.94309002161026,100000.0
2025-04-07 00:00:00+01:00,0.935479998588562,0.9365000128746033,0.9331799745559692,0.9353600144386292,100000.0
2025-04-07 01:00:00+01:00,0.9353600144386292,0.9364500045776367,0.9333199858665466,0.9363999962806702,79898.15682544203
2025-04-07 02:00:00+01:00,0.9364299774169922,0.9386500120162964,0.9356099963188171,0.9380000233650208,100000.0
2025-04-07 03:00:00+01:00,0.9380099773406982,0.9387000203132629,0.9363300204277039,0.9378100037574768,100000.0
2025-04-07 04:00:00+01:00,0.9377800226211548,0.9381099939346313,0.9365500211715698,0.9371399879455566,78926.99646740542
2025-04-07 05:00:00+01:00,0.9371600151062012,0.9376999735832214,0.9357699751853943,0.9367799758911133,100000.0
2025-04-07 06:00:00+01:00,0.9367700219154358,0.9388200044631958,0.9355700016021729,0.9375100135803223,99250.45103640565
2025-04-07 07:00:00+01:00,0.9374399781227112,0.9389200210571289,0.933929979801178,0.934249997138977,93676.69814751155
2025-04-07 08:00:00+01:00,0.9342300295829773,0.9353500008583069,0.9312400221824646,0.9329100251197815,87942.91996885037
2025-04-07 09:00:00+01:00,0.932919979095459,0.9370999932289124,0.9328399896621704,0.935479998588562,97754.39805491958
2025-04-07 10:00:00+01:00,0.9355300068855286,0.9368699789047241,0.9328699707984924,0.9345200061798096,100000.0
2025-04-07 11:00:00+01:00,0.9344300031661987,0.9383000135421753,0.9339399933815002,0.9356200098991394,95349.85964581574
2025-04-07 12:00:00+01:00,0.9356099963188171,0.9383400082588196,0.9340800046920776,0.938289999961853,88900.98218716419
2025-04-07 13:00:00+01:00,0.9383100271224976,0.9412500262260437,0.9362000226974487,0.9397199749946594,96501.12054655877
2025-04-07 14:00:00+01:00,0.9396899938583374,0.9397799968719482,0.9361299872398376,0.9388499855995178,100000.0
2025-04-07 15:00:00+01:00,0.9388599991798401,0.9500600099563599,0.9378399848937988,0.9401500225067139,100000.0
2025-04-07 16:00:00+01:00,0.9401199817657471,0.9412099719047546,0.9360799789428711,0.9381999969482422,100000.0
2025-04-07 17:00:00+01:00,0.9381999969482422,0.939740002155304,0.937279999256134,0.9385200142860413,100000.0
2025-04-07 18:00:00+01:00,0.9384999871253967,0.9397000074386597,0.9364399909973145,0.937470018863678,89551.41571447282
2025-04-07 19:00:00+01:00,0.937470018863678,0.9380599856376648,0.9361199736595154,0.9368000030517578,100000.0
2025-04-07 20:00:00+01:00,0.9368100166320801,0.9374799728393555,0.9360399842262268,0.9365400075912476,100000.0
2025-04-07 21:00:00+01:00,0.9365699887275696,0.938289999961853,0.9365100264549255,0.9367499947547913,89611.80850536554
2025-04-07 22:00:00+01:00,0.9374099969863892,0.9388899803161621,0.9362000226974487,0.9373599886894226,98878.34964342607
2025-04-07 23:00:00+01:00,0.9378899931907654,0.9391000270843506,0.9376400113105774,0.9382100105285645,92724.93007708748
2025-04-08 00:00:00+01:00,0.9382299780845642,0.9386900067329407,0.9375799894332886,0.9382799863815308,100000.0
2025-04-08 01:00:00+01:00,0.9383699893951416,0.9395099878311157,0.9371399879455566,0.9380999803543091,100000.0
2025-04-08 02:00:00+01:00,0.9380999803543091,0.9395099878311157,0.9376400113105774,0.9393699765205383,100000.0
2025-04-08 03:00:00+01:00,0.9393600225448608,0.9403600096702576,0.9385600090026855,0.9397000074386597,81907.93232921668
2025-04-08 04:00:00+01:00,0.9397000074386597,0.9398999810218811,0.9386299848556519,0.9393799901008606,82447.20980059363
2025-04-08 05:00:00+01:00,0.9393500089645386,0.9404299855232239,0.9388399720191956,0.9404299855232239,66127.82732120885
2025-04-08 06:00:00+01:00,0.9403899908065796,0.9408000111579895,0.9393399953842163,0.9407100081443787,38821.322891978154
2025-04-08 07:00:00+01:00,0.9407200217247009,0.9407299757003784,0.9383299946784973,0.9388499855995178,51951.47092364567
2025-04-08 08:00:00+01:00,0.9388700127601624,0.9409599900245667,0.9375399947166443,0.9393799901008606,47762.85606337765
2025-04-08 09:00:00+01:00,0.9394199848175049,0.9409099817276001,0.9384700059890747,0.9396200180053711,47184.42790316861
2025-04-08 10:00:00+01:00,0.9396100044250488,0.9397900104522705,0.9357900023460388,0.9361500144004822,61731.50059516274
2025-04-08 11:00:00+01:00,0.9361500144004822,0.9367499947547913,0.9340100288391113,0.9350299835205078,61536.0951530582
2025-04-08 12:00:00+01:00,0.9350399971008301,0.9358100295066833,0.9338600039482117,0.9343199729919434,47972.68830810456
2025-04-08 13:00:00+01:00,0.9343000054359436,0.9353700280189514,0.932919979095459,0.9337499737739563,57892.88487682488
2025-04-08 14:00:00+01:00,0.9337400197982788,0.9352099895477295,0.9329100251197815,0.9351900219917297,53564.5190274257
2025-04-08 15:00:00+01:00,0.935230016708374,0.9366599917411804,0.9336699843406677,0.9366499781608582,63423.23667726868
2025-04-08 16:00:00+01:00,0.9366199970245361,0.9367200136184692,0.9335799813270569,0.9341300129890442,69514.9239223424
2025-04-08 17:00:00+01:00,0.9341099858283997,0.9346399903297424,0.9319599866867065,0.9319800138473511,67750.76178991469
2025-04-08 18:00:00+01:00,0.9320499897003174,0.9325199723243713,0.9290300011634827,0.9296000003814697,68990.00495831817
2025-04-08 19:00:00+01:00,0.9295600056648254,0.9313700199127197,0.928309977054596,0.9286900162696838,61009.61752531757
2025-04-08 20:00:00+01:00,0.9286800026893616,0.9291200041770935,0.9274200201034546,0.928879976272583,88491.75203476896
2025-04-08 21:00:00+01:00,0.9289100170135498,0.9297299981117249,0.9280099868774414,0.9288600087165833,71119.73715362187
2025-04-08 22:00:00+01:00,0.9287499785423279,0.9293100237846375,0.9270700216293335,0.9285600185394287,62588.413804235664
2025-04-08 23:00:00+01:00,0.9284499883651733,0.9295300245285034,0.9275500178337097,0.9283000230789185,78138.05929213081
2025-04-09 00:00:00+01:00,0.9283300042152405,0.9287599921226501,0.9275199770927429,0.9286500215530396,67412.91862463261
2025-04-09 01:00:00+01:00,0.9287099838256836,0.9290000200271606,0.9267200231552124,0.9289500117301941,72733.10891774658
2025-04-09 02:00:00+01:00,0.9289000034332275,0.9309999942779541,0.9284700155258179,0.9305099844932556,63426.11715015372
2025-04-09 03:00:00+01:00,0.9304999709129333,0.9322999715805054,0.9300600290298462,0.9307199716567993,47833.633717732686
2025-04-09 04:00:00+01:00,0.9307199716567993,0.9307799935340881,0.928849995136261,0.9298400282859802,66329.38808080934
2025-04-09 05:00:00+01:00,0.9298499822616577,0.9305800199508667,0.9270300269126892,0.9301599860191345,70255.61051630275
2025-04-09 06:00:00+01:00,0.9302099943161011,0.9308000206947327,0.9291700124740601,0.9305499792098999,55238.583011861956
2025-04-09 07:00:00+01:00,0.9305400252342224,0.9338899850845337,0.9302700161933899,0.9335500001907349,60579.709299133945
2025-04-09 08:00:00+01:00,0.9336199760437012,0.9348499774932861,0.930679976940155,0.9314500093460083,71030.62983131119
2025-04-09 09:00:00+01:00,0.9314000010490417,0.9315599799156189,0.9286900162696838,0.929390013217926,68050.22074067072
2025-04-09 10:00:00+01:00,0.929419994354248,0.9300199747085571,0.9275799989700317,0.9299499988555908,71562.76027659957
2025-04-09 11:00:00+01:00,0.9299799799919128,0.9301300048828125,0.9264600276947021,0.927839994430542,71838.78942988724
2025-04-09 12:00:00+01:00,0.927869975566864,0.92808997631073,0.9258300065994263,0.9275000095367432,63132.103712725395
2025-04-09 13:00:00+01:00,0.9274799823760986,0.9284999966621399,0.926289975643158,0.9266899824142456,78441.54369823668
2025-04-09 14:00:00+01:00,0.9266600012779236,0.9297999739646912,0.9261999726295471,0.9266700148582458,80268.44702827469
2025-04-09 15:00:00+01:00,0.9266700148582458,0.9279099702835083,0.9251300096511841,0.9278600215911865,87116.02882761008
2025-04-09 16:00:00+01:00,0.927869975566864,0.93190997838974,0.9276000261306763,0.9286999702453613,94966.03755362779
2025-04-09 17:00:00+01:00,0.9287099838256836,0.9295399785041809,0.9273899793624878,0.9276099801063538,75748.63351663652
2025-04-09 18:00:00+01:00,0.927619993686676,0.938730001449585,0.926580011844635,0.9381800293922424,97523.926792687
2025-04-09 19:00:00+01:00,0.9382200241088867,0.9388700127601624,0.9352899789810181,0.9372400045394897,99871.09446258146
2025-04-09 20:00:00+01:00,0.9372400045394897,0.93927001953125,0.9362900257110596,0.9371399879455566,95943.16355549109
2025-04-09 21:00:00+01:00,0.9371100068092346,0.9392399787902832,0.9354299902915955,0.9380599856376648,94416.12215600496
2025-04-09 22:00:00+01:00,0.9380000233650208,0.9387199878692627,0.9367300271987915,0.937470018863678,100000.0
2025-04-09 23:00:00+01:00,0.9381099939346313,0.9383699893951416,0.935949981212616,0.936519980430603,89614.74235138991
2025-04-10 00:00:00+01:00,0.9368000030517578,0.9376500248908997,0.9359899759292603,0.9368699789047241,100000.0
2025-04-10 01:00:00+01:00,0.9368600249290466,0.9374600052833557,0.9347599744796753,0.9362900257110596,91506.52560772342
2025-04-10 02:00:00+01:00,0.936269998550415,0.9369500279426575,0.9349600076675415,0.9355700016021729,97723.88671295276
2025-04-10 03:00:00+01:00,0.9356300234794617,0.9358500242233276,0.934440016746521,0.9353700280189514,91967.60887149248
2025-04-10 04:00:00+01:00,0.9353899955749512,0.9363800287246704,0.9348899722099304,0.935670018196106,82774.46921317697
2025-04-10 05:00:00+01:00,0.9356799721717834,0.9364100098609924,0.9350699782371521,0.9361500144004822,88409.1746391973
2025-04-10 06:00:00+01:00,0.9361900091171265,0.937529981136322,0.9359400272369385,0.9372400045394897,100000.0
2025-04-10 07:00:00+01:00,0.9372400045394897,0.9408900141716003,0.9365400075912476,0.9408199787139893,80168.91410315187
2025-04-10 08:00:00+01:00,0.9408299922943115,0.9409099817276001,0.9361600279808044,0.9370599985122681,79713.60663228782
2025-04-10 09:00:00+01:00,0.9370499849319458,0.9374600052833557,0.9334700107574463,0.9338799715042114,88355.3204659258
2025-04-10 10:00:00+01:00,0.9339100122451782,0.9344199895858765,0.9310200214385986,0.9324700236320496,76875.66059528023
2025-04-10 11:00:00+01:00,0.9326099753379822,0.9329000115394592,0.9290500283241272,0.9322299957275391,70004.10230439442
2025-04-10 12:00:00+01:00,0.9322699904441833,0.9333599805831909,0.9288700222969055,0.9296500086784363,80479.69551696685
2025-04-10 13:00:00+01:00,0.9295899868011475,0.9324399828910828,0.9284399747848511,0.9314600229263306,88698.47832286269
2025-04-10 14:00:00+01:00,0.9314600229263306,0.9333500266075134,0.9307199716567993,0.9312899708747864,75654.00178099664
2025-04-10 15:00:00+01:00,0.9313499927520752,0.9329900145530701,0.9292700290679932,0.9322999715805054,90490.78223326693
2025-04-10 16:00:00+01:00,0.9322699904441833,0.9322900176048279,0.9254400134086609,0.926829993724823,100000.0
2025-04-10 17:00:00+01:00,0.9268699884414673,0.9271299839019775,0.924589991569519,0.9254099726676941,100000.0
2025-04-10 18:00:00+01:00,0.9254500269889832,0.9266300201416016,0.9241999983787537,0.9254500269889832,100000.0
2025-04-10 19:00:00+01:00,0.9254599809646606,0.9263399839401245,0.9240099787712097,0.9243599772453308,94994.41232097498
2025-04-10 20:00:00+01:00,0.9243599772453308,0.924809992313385,0.9222099781036377,0.924019992351532,100000.0
2025-04-10 21:00:00+01:00,0.9240099787712097,0.9240300059318542,0.921970009803772,0.9224500060081482,91061.54757534305
2025-04-10 22:00:00+01:00,0.9232000112533569,0.9241499900817871,0.9215800166130066,0.9235000014305115,86909.69897166952
2025-04-10 23:00:00+01:00,0.9231399893760681,0.9246100187301636,0.9223099946975708,0.9237300157546997,95626.57893659218
2025-04-11 00:00:00+01:00,0.9241499900817871,0.9242299795150757,0.9225800037384033,0.9241200089454651,95374.12707630581
2025-04-11 01:00:00+01:00,0.9241099953651428,0.929390013217926,0.922980010509491,0.9255399703979492,100000.0
2025-04-11 02:00:00+01:00,0.9255300164222717,0.9279900193214417,0.9245799779891968,0.9268699884414673,100000.0
2025-04-11 03:00:00+01:00,0.926859974861145,0.9281799793243408,0.925819993019104,0.9272800087928772,100000.0
2025-04-11 04:00:00+01:00,0.9272800087928772,0.9287400245666504,0.9265400171279907,0.9266899824142456,93096.18579242233
2025-04-11 05:00:00+01:00,0.9266800284385681,0.9281299710273743,0.9254500269889832,0.92603999376297,92114.85027236622
2025-04-11 06:00:00+01:00,0.9260600209236145,0.9278299808502197,0.9257599711418152,0.9273499846458435,61493.29880738131
2025-04-11 07:00:00+01:00,0.9274600148200989,0.9296200275421143,0.9263399839401245,0.9279999732971191,76642.418264135
2025-04-11 08:00:00+01:00,0.9279500246047974,0.9289500117301941,0.9256799817085266,0.9273200035095215,72735.85652795565
2025-04-11 09:00:00+01:00,0.9273200035095215,0.9311100244522095,0.9259600043296814,0.9289900064468384,92841.85553978266
2025-04-11 10:00:00+01:00,0.9294700026512146,0.9320300221443176,0.9286500215530396,0.9315099716186523,92392.54662093145
2025-04-11 11:00:00+01:00,0.9315099716186523,0.9317499995231628,0.9284300208091736,0.9297800064086914,85349.87463924331
2025-04-11 12:00:00+01:00,0.9297800064086914,0.9300100207328796,0.9233499765396118,0.9239799976348877,100000.0
2025-04-11 13:00:00+01:00,0.9240300059318542,0.9258999824523926,0.922980010509491,0.9246399998664856,99983.07122730442
2025-04-11 14:00:00+01:00,0.9246699810028076,0.9265999794006348,0.9235100150108337,0.9251300096511841,92732.18708380312
2025-04-11 15:00:00+01:00,0.92535001039505,0.9258800148963928,0.92221999168396,0.9239299893379211,89770.1852718829
2025-04-11 16:00:00+01:00,0.9239500164985657,0.925029993057251,0.9225199818611145,0.9233999848365784,100000.0
2025-04-11 17:00:00+01:00,0.9233899712562561,0.9247699975967407,0.9220100045204163,0.9238100051879883,100000.0
2025-04-11 18:00:00+01:00,0.923799991607666,0.9253900051116943,0.92194002866745,0.9242200255393982,100000.0
2025-04-11 19:00:00+01:00,0.9241899847984314,0.9248499870300293,0.9229699969291687,0.9241999983787537,100000.0
2025-04-11 20:00:00+01:00,0.924239993095398,0.9259399771690369,0.9241099953651428,0.9250500202178955,87127.67867854852
2025-04-11 21:00:00+01:00,0.9250699877738953,0.9260500073432922,0.9241600036621094,0.9255099892616272,85819.21365214333
2025-04-11 22:00:00+01:00,0.9258800148963928,0.9258800148963928,0.9258800148963928,0.9258800148963928,98409.50494844229
2025-04-14 00:00:00+01:00,0.926829993724823,0.9280999898910522,0.9258400201797485,0.9278900027275085,76562.77016448612
2025-04-14 01:00:00+01:00,0.9279000163078308,0.9290000200271606,0.9271100163459778,0.9279299974441528,62015.72156571105
2025-04-14 02:00:00+01:00,0.9279099702835083,0.9293199777603149,0.9270600080490112,0.928879976272583,86393.08841120193
2025-04-14 03:00:00+01:00,0.9288700222969055,0.9307100176811218,0.9279900193214417,0.9295300245285034,59978.65123465012
2025-04-14 04:00:00+01:00,0.9295399785041809,0.9302200078964233,0.9284899830818176,0.9291899800300598,64521.202110214486
2025-04-14 05:00:00+01:00,0.9291899800300598,0.9294999837875366,0.9282799959182739,0.929099977016449,62101.834465197695
2025-04-14 06:00:00+01:00,0.9291599988937378,0.9299399852752686,0.9286199808120728,0.9297099709510803,38719.21001661702
2025-04-14 07:00:00+01:00,0.9296900033950806,0.9298999905586243,0.9280300140380859,0.9289799928665161,53835.892676024385
2025-04-14 08:00:00+01:00,0.9289500117301941,0.9324100017547607,0.9273499846458435,0.9316499829292297,58647.725785374794
2025-04-14 09:00:00+01:00,0.931659996509552,0.9322699904441833,0.9291899800300598,0.9303299784660339,52988.537266595304
2025-04-14 10:00:00+01:00,0.9303399920463562,0.9326300024986267,0.929639995098114,0.931689977645874,62675.72044011084
2025-04-14 11:00:00+01:00,0.9316700100898743,0.9327200055122375,0.9303100109100342,0.9325399994850159,49229.23010722309
2025-04-14 12:00:00+01:00,0.9325399994850159,0.9337599873542786,0.9312400221824646,0.9329500198364258,57447.758662466644
2025-04-14 13:00:00+01:00,0.9329299926757812,0.9353200197219849,0.932200014591217,0.9344199895858765,70516.12940426863
2025-04-14 14:00:00+01:00,0.934440016746521,0.9345999956130981,0.9319900274276733,0.9336699843406677,78367.07477252495
2025-04-14 15:00:00+01:00,0.9336599707603455,0.9351500272750854,0.9282699823379517,0.9288100004196167,84480.55969398777
2025-04-14 16:00:00+01:00,0.9288300275802612,0.9294899702072144,0.9235799908638,0.9244700074195862,85411.58036285357
2025-04-14 17:00:00+01:00,0.9244700074195862,0.9265000224113464,0.9236400127410889,0.9242900013923645,100000.0
2025-04-14 18:00:00+01:00,0.9243000149726868,0.9252399802207947,0.922950029373169,0.9233199954032898,93343.3178473154
2025-04-14 19:00:00+01:00,0.9233199954032898,0.9245700240135193,0.9228500127792358,0.9240400195121765,93842.46532214964
2025-04-14 20:00:00+01:00,0.924049973487854,0.9246000051498413,0.9229599833488464,0.9237499833106995,100000.0
2025-04-14 21:00:00+01:00,0.9237200021743774,0.925059974193573,0.9231399893760681,0.9241999983787537,87649.38961537892
2025-04-14 22:00:00+01:00,0.9241999983787537,0.9254099726676941,0.923799991607666,0.9247599840164185,95019.42312742218
2025-04-14 23:00:00+01:00,0.9248200058937073,0.9251499772071838,0.9236699938774109,0.9247599840164185,84227.55820701084
2025-04-15 00:00:00+01:00,0.9248700141906738,0.925599992275238,0.9243299961090088,0.9253399968147278,76359.46911390216
2025-04-15 01:00:00+01:00,0.92535001039505,0.9264900088310242,0.9243199825286865,0.9264500141143799,86166.18086715713
2025-04-15 02:00:00+01:00,0.9264500141143799,0.9266700148582458,0.9248700141906738,0.9258800148963928,77329.84328121394
2025-04-15 03:00:00+01:00,0.9258599877357483,0.9268400073051453,0.9253799915313721,0.9264799952507019,79797.78013860296
2025-04-15 04:00:00+01:00,0.9264900088310242,0.9273399710655212,0.925849974155426,0.9270200133323669,69676.55844764302
2025-04-15 05:00:00+01:00,0.927049994468689,0.9275400042533875,0.925570011138916,0.9265900254249573,53681.799270081414
2025-04-15 06:00:00+01:00,0.926609992980957,0.9277399778366089,0.9261999726295471,0.9271399974822998,45295.68159547888
2025-04-15 07:00:00+01:00,0.9271299839019775,0.9274700284004211,0.9250900149345398,0.9256799817085266,38372.889578846894
2025-04-15 08:00:00+01:00,0.9257199764251709,0.9284200072288513,0.924589991569519,0.9264799952507019,46769.83132309714
2025-04-15 09:00:00+01:00,0.9264400005340576,0.9266499876976013,0.9234499931335449,0.9243900179862976,45074.81962715691
2025-04-15 10:00:00+01:00,0.9243900179862976,0.9252300262451172,0.9225999712944031,0.9251099824905396,54683.81019684904
2025-04-15 11:00:00+01:00,0.9251099824905396,0.9252600073814392,0.9231200218200684,0.9243000149726868,56241.16501166533
2025-04-15 12:00:00+01:00,0.9243299961090088,0.925000011920929,0.9224100112915039,0.9235100150108337,53024.879680317594
2025-04-15 13:00:00+01:00,0.9235000014305115,0.9259999990463257,0.9232000112533569,0.9251400232315063,61595.355199541955
2025-04-15 14:00:00+01:00,0.9251800179481506,0.9263299703598022,0.9240900278091431,0.9259200096130371,70023.94900241695
2025-04-15 15:00:00+01:00,0.9258999824523926,0.9262300133705139,0.9237200021743774,0.9261900186538696,64840.03169689786
2025-04-15 16:00:00+01:00,0.9261800050735474,0.9270300269126892,0.9255599975585938,0.9266999959945679,63144.82725226428
2025-04-15 17:00:00+01:00,0.9266999959945679,0.9269999861717224,0.9251499772071838,0.9255399703979492,67593.59391842318
2025-04-15 18:00:00+01:00,0.9255499839782715,0.927299976348877,0.9252099990844727,0.9266300201416016,66016.30122149794
2025-04-15 19:00:00+01:00,0.926639974117279,0.9270399808883667,0.9258900284767151,0.9269499778747559,56596.50086602525
2025-04-15 20:00:00+01:00,0.9269099831581116,0.9284999966621399,0.9265999794006348,0.928409993648529,54179.98378887774
2025-04-15 21:00:00+01:00,0.9284399747848511,0.9296000003814697,0.9281600117683411,0.9287899732589722,69054.87130154489
2025-04-15 22:00:00+01:00,0.9287199974060059,0.9289399981498718,0.9274100065231323,0.9284999966621399,51822.05039375559
2025-04-15 23:00:00+01:00,0.9283199906349182,0.9289299845695496,0.926829993724823,0.9273399710655212,52068.12049860032
2025-04-16 00:00:00+01:00,0.9274299740791321,0.9275299906730652,0.925790011882782,0.9266999959945679,47002.39686390344
2025-04-16 01:00:00+01:00,0.9266600012779236,0.9269899725914001,0.9251199960708618,0.9260500073432922,50415.908807881795
2025-04-16 02:00:00+01:00,0.9260500073432922,0.926609992980957,0.9255099892616272,0.9265699982643127,45591.30399756245
2025-04-16 03:00:00+01:00,0.926580011844635,0.9270300269126892,0.9253900051116943,0.9265400171279907,40514.16378943077
2025-04-16 04:00:00+01:00,0.9265699982643127,0.927049994468689,0.9244899749755859,0.9249600172042847,40725.30668059098
2025-04-16 05:00:00+01:00,0.9249699711799622,0.9268800020217896,0.9247000217437744,0.9263799786567688,40177.77997493129
2025-04-16 06:00:00+01:00,0.926360011100769,0.9264299869537354,0.923520028591156,0.9253299832344055,45134.53479972187
2025-04-16 07:00:00+01:00,0.9252600073814392,0.9272800087928772,0.9252399802207947,0.9265099763870239,43045.112352919
2025-04-16 08:00:00+01:00,0.9265099763870239,0.926800012588501,0.9253100156784058,0.9264900088310242,44638.23436903417
2025-04-16 09:00:00+01:00,0.9264900088310242,0.9300299882888794,0.9256299734115601,0.9289199709892273,52556.284047979745
2025-04-16 10:00:00+01:00,0.9290099740028381,0.9295799732208252,0.9274500012397766,0.9284300208091736,51977.922739561494
2025-04-16 11:00:00+01:00,0.9285200238227844,0.9292399883270264,0.9271299839019775,0.9289799928665161,49162.225163426694
2025-04-16 12:00:00+01:00,0.9289699792861938,0.9296299815177917,0.9264299869537354,0.926859974861145,52500.73674964681
2025-04-16 13:00:00+01:00,0.9268699884414673,0.9269499778747559,0.9247699975967407,0.9258300065994263,62253.59437383367
2025-04-16 14:00:00+01:00,0.9258300065994263,0.9263899922370911,0.9246399998664856,0.9251899719238281,64208.57851909255
2025-04-16 15:00:00+01:00,0.9251899719238281,0.9281899929046631,0.9249299764633179,0.9281799793243408,69036.37450180366
2025-04-16 16:00:00+01:00,0.9281600117683411,0.9287499785423279,0.9261800050735474,0.9266899824142456,74866.87940733021
2025-04-16 17:00:00+01:00,0.9266999959945679,0.9280400276184082,0.9255499839782715,0.9277200102806091,73666.27425687024
2025-04-16 18:00:00+01:00,0.9277099967002869,0.928409993648529,0.9269400238990784,0.9274299740791321,67812.08476417008
2025-04-16 19:00:00+01:00,0.9273999929428101,0.9278200268745422,0.9262199997901917,0.9269899725914001,68720.41814676326
2025-04-16 20:00:00+01:00,0.9269999861717224,0.927619993686676,0.9260200262069702,0.9264799952507019,47345.67203876417
2025-04-16 21:00:00+01:00,0.9264600276947021,0.9274100065231323,0.9255599975585938,0.9266300201416016,66123.78293704435
2025-04-16 22:00:00+01:00,0.9253600239753723,0.9272400140762329,0.924809992313385,0.9265599846839905,67387.67809988093
2025-04-16 23:00:00+01:00,0.9263700246810913,0.9276099801063538,0.9259700179100037,0.9274799823760986,68138.07095118497
2025-04-17 00:00:00+01:00,0.9276000261306763,0.9276999831199646,0.9267699718475342,0.927370011806488,42123.09254137867
2025-04-17 01:00:00+01:00,0.9274200201034546,0.9278900027275085,0.9268199801445007,0.9277399778366089,52443.69808000334
2025-04-17 02:00:00+01:00,0.9277399778366089,0.9297099709510803,0.9267699718475342,0.9295300245285034,47754.66866622005
2025-04-17 03:00:00+01:00,0.9295899868011475,0.9297699928283691,0.9283499717712402,0.9290099740028381,40175.11189212698
2025-04-17 04:00:00+01:00,0.9290099740028381,0.9291099905967712,0.9277099967002869,0.9284600019454956,50243.304428325144
2025-04-17 05:00:00+01:00,0.9284700155258179,0.9289299845695496,0.9276900291442871,0.9285600185394287,41368.31918196569
2025-04-17 06:00:00+01:00,0.9285899996757507,0.9291200041770935,0.9275199770927429,0.9289399981498718,38344.409573484634
2025-04-17 07:00:00+01:00,0.9289299845695496,0.9301900267601013,0.9276099801063538,0.9295300245285034,45447.55004268619
2025-04-17 08:00:00+01:00,0.9295300245285034,0.9316400289535522,0.9287400245666504,0.9303799867630005,36159.33194828429
2025-04-17 09:00:00+01:00,0.9304100275039673,0.930899977684021,0.9284300208091736,0.9292299747467041,50079.830648065996
2025-04-17 10:00:00+01:00,0.9292100071907043,0.9297299981117249,0.9288399815559387,0.929390013217926,45636.28216613958
2025-04-17 11:00:00+01:00,0.929390013217926,0.9295200109481812,0.9275400042533875,0.9284999966621399,36643.65224748096
2025-04-17 12:00:00+01:00,0.9285299777984619,0.9292100071907043,0.9276099801063538,0.9279500246047974,43663.36485446687
2025-04-17 13:00:00+01:00,0.9279299974441528,0.9295200109481812,0.9275299906730652,0.928849995136261,43148.99401748378
2025-04-17 14:00:00+01:00,0.9287999868392944,0.92985999584198,0.9279900193214417,0.9287499785423279,36447.818497063316
2025-04-17 15:00:00+01:00,0.9287499785423279,0.9307100176811218,0.9279900193214417,0.9304699897766113,52541.144359284044
2025-04-17 16:00:00+01:00,0.9304900169372559,0.9325100183486938,0.9303200244903564,0.9321900010108948,46188.95545462708
2025-04-17 17:00:00+01:00,0.9321900010108948,0.9338099956512451,0.9315999746322632,0.9319499731063843,41917.61057174433
2025-04-17 18:00:00+01:00,0.9319300055503845,0.9325199723243713,0.9307600259780884,0.9321799874305725,51653.295448159035
2025-04-17 19:00:00+01:00,0.9321699738502502,0.9326599836349487,0.9306600093841553,0.9311699867248535,54542.82496102449
2025-04-17 20:00:00+01:00,0.9312000274658203,0.931659996509552,0.9301999807357788,0.9316099882125854,44537.96982285695
2025-04-17 21:00:00+01:00,0.9316099882125854,0.9317499995231628,0.9303699731826782,0.9312400221824646,53191.59208107616
2025-04-17 22:00:00+01:00,0.9312499761581421,0.9314500093460083,0.9301000237464905,0.9309499859809875,50516.52548544561
2025-04-17 23:00:00+01:00,0.9309200048446655,0.9311599731445312,0.930400013923645,0.9305099844932556,36524.862343918845
2025-04-18 00:00:00+01:00,0.9309999942779541,0.9312999844551086,0.9302300214767456,0.930869996547699,37017.20071820479
2025-04-18 01:00:00+01:00,0.9311000108718872,0.9315999746322632,0.92985999584198,0.9309200048446655,44358.40734747612
2025-04-18 02:00:00+01:00,0.9309200048446655,0.9312800168991089,0.9301199913024902,0.9304500222206116,36855.232508255554
2025-04-18 03:00:00+01:00,0.9305300116539001,0.930899977684021,0.9298700094223022,0.9302700161933899,35431.33907950647
2025-04-18 04:00:00+01:00,0.9301999807357788,0.9304400086402893,0.9294400215148926,0.9302800297737122,34462.84113099985
2025-04-18 05:00:00+01:00,0.9303500056266785,0.9309999942779541,0.9297299981117249,0.9305899739265442,28796.227356741852
2025-04-18 06:00:00+01:00,0.9305700063705444,0.9310600161552429,0.9299399852752686,0.9308500289916992,22521.880770696294
2025-04-18 07:00:00+01:00,0.930840015411377,0.9315599799156189,0.9303100109100342,0.930869996547699,18366.737480444717
2025-04-18 08:00:00+01:00,0.9309300184249878,0.9314000010490417,0.9296600222587585,0.9301599860191345,20521.998150588115
2025-04-18 09:00:00+01:00,0.9301599860191345,0.9314600229263306,0.9296600222587585,0.931190013885498,20266.36963064086
2025-04-18 10:00:00+01:00,0.9311699867248535,0.9315599799156189,0.9303100109100342,0.930869996547699,19331.823986442465
2025-04-18 11:00:00+01:00,0.9308300018310547,0.9313399791717529,0.9301199913024902,0.9311699867248535,21905.55444182354
2025-04-18 12:00:00+01:00,0.931190013885498,0.9318299889564514,0.9300600290298462,0.9307500123977661,19329.174906419605
2025-04-18 13:00:00+01:00,0.9307600259780884,0.9312999844551086,0.9303200244903564,0.9309399724006653,22310.687026511398
2025-04-18 14:00:00+01:00,0.9309399724006653,0.9311800003051758,0.9295499920845032,0.9307000041007996,21856.228228275813
2025-04-18 15:00:00+01:00,0.9306899905204773,0.9320600032806396,0.9303500056266785,0.9313600063323975,20253.486014086873
2025-04-18 16:00:00+01:00,0.9313300251960754,0.9315699934959412,0.9302399754524231,0.931119978427887,22492.54488427411
2025-04-18 17:00:00+01:00,0.9310700297355652,0.9312700033187866,0.9303799867630005,0.9312400221824646,25999.67209681694
2025-04-18 18:00:00+01:00,0.9312499761581421,0.9314000010490417,0.9302700161933899,0.9307000041007996,20636.431523351766
2025-04-18 19:00:00+01:00,0.9308099746704102,0.930899977684021,0.9295499920845032,0.9300500154495239,25855.59664392003
2025-04-18 20:00:00+01:00,0.9304800033569336,0.9309200048446655,0.9297000169754028,0.9304100275039673,27020.81715397131
2025-04-18 21:00:00+01:00,0.9305700063705444,0.9306899905204773,0.9293000102043152,0.9298400282859802,24180.86739498993
2025-04-18 22:00:00+01:00,0.9298400282859802,0.9298400282859802,0.9298400282859802,0.9298400282859802,22582.187773966998
2025-04-21 00:00:00+01:00,0.9302300214767456,0.9306399822235107,0.9294800162315369,0.9302800297737122,18976.33986946355
2025-04-21 01:00:00+01:00,0.9302099943161011,0.9315599799156189,0.9294400215148926,0.9309800267219543,18284.38967994697
2025-04-21 02:00:00+01:00,0.9309800267219543,0.9312000274658203,0.9299600124359131,0.9309200048446655,19711.170231527263
2025-04-21 03:00:00+01:00,0.9309200048446655,0.9318000078201294,0.928879976272583,0.9303200244903564,22888.730974463357
2025-04-21 04:00:00+01:00,0.9303399920463562,0.9314200282096863,0.9298700094223022,0.9312000274658203,23190.94493385165
2025-04-21 05:00:00+01:00,0.9311800003051758,0.9315999746322632,0.9302399754524231,0.930679976940155,25149.218045381822
2025-04-21 06:00:00+01:00,0.9307199716567993,0.9320200085639954,0.930109977722168,0.9316200017929077,23759.477679940323
2025-04-21 07:00:00+01:00,0.9317200183868408,0.9322199821472168,0.930869996547699,0.9320999979972839,24386.16875048923
2025-04-21 08:00:00+01:00,0.9320799708366394,0.9321399927139282,0.9290099740028381,0.9296000003814697,33203.758269672995
2025-04-21 09:00:00+01:00,0.9295700192451477,0.9310799837112427,0.9294499754905701,0.9305899739265442,36902.309066895796
2025-04-21 10:00:00+01:00,0.9306100010871887,0.9312800168991089,0.9295099973678589,0.9300199747085571,34036.94804253651
2025-04-21 11:00:00+01:00,0.9300400018692017,0.9305099844932556,0.9294000267982483,0.930079996585846,33857.63504253087
2025-04-21 12:00:00+01:00,0.9301000237464905,0.9308900237083435,0.9289699792861938,0.9298200011253357,31102.075619140607
2025-04-21 13:00:00+01:00,0.9298400282859802,0.9302999973297119,0.9285299777984619,0.9290300011634827,39618.37701208472
2025-04-21 14:00:00+01:00,0.9290199875831604,0.9292100071907043,0.9274200201034546,0.9280099868774414,37376.220201993085
2025-04-21 15:00:00+01:00,0.9279900193214417,0.9289900064468384,0.9271399974822998,0.9286500215530396,39979.27538084659
2025-04-21 16:00:00+01:00,0.9286500215530396,0.9286900162696838,0.9273800253868103,0.9284499883651733,49516.851319651505
2025-04-21 17:00:00+01:00,0.9284499883651733,0.9294899702072144,0.9280200004577637,0.928879976272583,38319.263898601406
2025-04-21 18:00:00+01:00,0.9288899898529053,0.9298499822616577,0.9276999831199646,0.9296600222587585,37685.886827015725
2025-04-21 19:00:00+01:00,0.9296799898147583,0.9305999875068665,0.9293199777603149,0.9301000237464905,37829.57036150619
2025-04-21 20:00:00+01:00,0.9301000237464905,0.9309999942779541,0.9297699928283691,0.9307500123977661,42223.4649596493
2025-04-21 21:00:00+01:00,0.9307600259780884,0.9315000176429749,0.9304500222206116,0.9313600063323975,35083.611692594095
2025-04-21 22:00:00+01:00,0.9310200214385986,0.931689977645874,0.9294400215148926,0.9303299784660339,32341.116690857725
2025-04-21 23:00:00+01:00,0.930899977684021,0.9315500259399414,0.9302499890327454,0.9313899874687195,31600.292365269925
2025-04-22 00:00:00+01:00,0.9314200282096863,0.9315999746322632,0.930649995803833,0.9315900206565857,29303.014172172505
2025-04-22 01:00:00+01:00,0.9315800070762634,0.9322999715805054,0.9309399724006653,0.9319700002670288,27507.694204167812
2025-04-22 02:00:00+01:00,0.9319900274276733,0.9335399866104126,0.9315199851989746,0.932889997959137,31959.56218424726
2025-04-22 03:00:00+01:00,0.9329000115394592,0.9332000017166138,0.9320200085639954,0.9325000047683716,29645.43490389974
2025-04-22 04:00:00+01:00,0.9324700236320496,0.9331499934196472,0.9309800267219543,0.9314900040626526,28548.665593878944
2025-04-22 05:00:00+01:00,0.9315000176429749,0.9320499897003174,0.9309999942779541,0.931879997253418,28303.67639358069
2025-04-22 06:00:00+01:00,0.9319300055503845,0.9324100017547607,0.9310500025749207,0.9321200251579285,27291.607232976596
2025-04-22 07:00:00+01:00,0.9321200251579285,0.9336199760437012,0.9313099980354309,0.9328699707984924,34349.80688415891
2025-04-22 08:00:00+01:00,0.9328600168228149,0.9330199956893921,0.9313799738883972,0.9326000213623047,29222.301769966358
2025-04-22 09:00:00+01:00,0.9325799942016602,0.9327700138092041,0.9307699799537659,0.9320600032806396,30840.827483209305
2025-04-22 10:00:00+01:00,0.9320600032806396,0.9324399828910828,0.9303399920463562,0.9320799708366394,29524.400950881187
2025-04-22 11:00:00+01:00,0.9320799708366394,0.9336699843406677,0.9311000108718872,0.9334200024604797,32209.354566098635
2025-04-22 12:00:00+01:00,0.9333999752998352,0.9337300062179565,0.9311599731445312,0.9316099882125854,50443.07253585664
2025-04-22 13:00:00+01:00,0.9315900206565857,0.9328500032424927,0.9310200214385986,0.9320399761199951,42271.84169971572
2025-04-22 14:00:00+01:00,0.9320499897003174,0.9347400069236755,0.9315299987792969,0.9331899881362915,50272.9947356709
2025-04-22 15:00:00+01:00,0.9331700205802917,0.9343699812889099,0.9320099949836731,0.9342399835586548,56068.43470970371
2025-04-22 16:00:00+01:00,0.934220016002655,0.934469997882843,0.9322999715805054,0.9344199895858765,47298.47783790737
2025-04-22 17:00:00+01:00,0.934440016746521,0.93545001745224,0.9331499934196472,0.9350000023841858,41982.85784479322
2025-04-22 18:00:00+01:00,0.9350699782371521,0.9354400038719177,0.9336599707603455,0.9348400235176086,38852.69981488446
2025-04-22 19:00:00+01:00,0.9348199963569641,0.9361900091171265,0.9347400069236755,0.9355700016021729,57316.16075032516
2025-04-22 20:00:00+01:00,0.9355700016021729,0.9358599781990051,0.9343100190162659,0.9348300099372864,50187.31666695184
2025-04-22 21:00:00+01:00,0.9348499774932861,0.9353899955749512,0.9343600273132324,0.9346799850463867,45687.21939410564
2025-04-22 22:00:00+01:00,0.9348700046539307,0.9364100098609924,0.9328399896621704,0.9361199736595154,62184.56045927346
2025-04-22 23:00:00+01:00,0.9361799955368042,0.9380800127983093,0.9357100129127502,0.9376400113105774,47370.86010992359
2025-04-23 00:00:00+01:00,0.937720000743866,0.9380199909210205,0.9368799924850464,0.937720000743866,51294.209214533155
2025-04-23 01:00:00+01:00,0.937720000743866,0.9379199743270874,0.9364699721336365,0.9376800060272217,47272.7087874104
2025-04-23 02:00:00+01:00,0.9376599788665771,0.9380199909210205,0.936269998550415,0.9370599985122681,55583.78294617145
2025-04-23 03:00:00+01:00,0.9369999766349792,0.937749981880188,0.9362199902534485,0.9374399781227112,57142.68918542776
2025-04-23 04:00:00+01:00,0.9374499917030334,0.9376099705696106,0.9364200234413147,0.9375500082969666,38999.510056957995
2025-04-23 05:00:00+01:00,0.9375699758529663,0.9377400279045105,0.9362199902534485,0.9371100068092346,38530.52271519033
2025-04-23 06:00:00+01:00,0.9370999932289124,0.9374399781227112,0.9361299872398376,0.9370800256729126,30408.800368281358
2025-04-23 07:00:00+01:00,0.937030017375946,0.9374600052833557,0.9350399971008301,0.9357500076293945,35042.79743004889
2025-04-23 08:00:00+01:00,0.935699999332428,0.9370800256729126,0.9348800182342529,0.9363999962806702,36818.99506255196
2025-04-23 09:00:00+01:00,0.9364299774169922,0.9375399947166443,0.935509979724884,0.9374899864196777,43586.79956702001
2025-04-23 10:00:00+01:00,0.9375,0.9390299916267395,0.9371200203895569,0.9385200142860413,36958.65611784649
2025-04-23 11:00:00+01:00,0.938510000705719,0.9399799704551697,0.937529981136322,0.9392499923706055,51153.34876866297
2025-04-23 12:00:00+01:00,0.9392799735069275,0.9395400285720825,0.9375799894332886,0.9383699893951416,38599.08122457119
2025-04-23 13:00:00+01:00,0.9383999705314636,0.938539981842041,0.9363099932670593,0.938260018825531,42705.33294323202
2025-04-23 14:00:00+01:00,0.9382500052452087,0.9389200210571289,0.9369999766349792,0.9377899765968323,49262.88116974562
2025-04-23 15:00:00+01:00,0.9377400279045105,0.9402999877929688,0.9365800023078918,0.9400399923324585,50142.5271837263
2025-04-23 16:00:00+01:00,0.9400399923324585,0.9401900172233582,0.9378899931907654,0.9386600255966187,54252.48662845676
2025-04-23 17:00:00+01:00,0.9386600255966187,0.9410399794578552,0.9383999705314636,0.9406200051307678,61552.35477875477
2025-04-23 18:00:00+01:00,0.9406300187110901,0.9406300187110901,0.9390000104904175,0.9397100210189819,56214.09642155505
2025-04-23 19:00:00+01:00,0.9397199749946594,0.9398999810218811,0.9385499954223633,0.9395099878311157,58953.651755807616
2025-04-23 20:00:00+01:00,0.939490020275116,0.9402199983596802,0.9387900233268738,0.9401599764823914,48714.373536936604
2025-04-23 21:00:00+01:00,0.9401500225067139,0.9403899908065796,0.9390599727630615,0.939079999923706,58422.30515839171
2025-04-23 22:00:00+01:00,0.9391199946403503,0.9404000043869019,0.9389600157737732,0.9396200180053711,49329.82254547221
2025-04-23 23:00:00+01:00,0.9395700097084045,0.9404500126838684,0.9387999773025513,0.9402099847793579,45118.99012089498
2025-04-24 00:00:00+01:00,0.940310001373291,0.9404000043869019,0.9393600225448608,0.9398900270462036,44860.832373942736
2025-04-24 01:00:00+01:00,0.9399200081825256,0.9404000043869019,0.9391999840736389,0.9402599930763245,45872.17101052559
2025-04-24 02:00:00+01:00,0.9402499794960022,0.9406200051307678,0.9393100142478943,0.939769983291626,42885.75354034803
2025-04-24 03:00:00+01:00,0.9398000240325928,0.9401999711990356,0.9390900135040283,0.9399200081825256,42840.38061429658
2025-04-24 04:00:00+01:00,0.9398999810218811,0.9401999711990356,0.938979983329773,0.9397199749946594,30276.75990537861
2025-04-24 05:00:00+01:00,0.939740002155304,0.9398999810218811,0.9389700293540955,0.9396600127220154,28241.043725057207
2025-04-24 06:00:00+01:00,0.9396399855613708,0.9399300217628479,0.9388399720191956,0.9391700029373169,21662.908050945738
2025-04-24 07:00:00+01:00,0.9391899704933167,0.9398900270462036,0.9383999705314636,0.9389700293540955,22933.648718702363
2025-04-24 08:00:00+01:00,0.938979983329773,0.9410200119018555,0.9384599924087524,0.9407600164413452,21361.498612952022
2025-04-24 09:00:00+01:00,0.9408299922943115,0.9414399862289429,0.9395999908447266,0.9407200217247009,23660.61717005287
2025-04-24 10:00:00+01:00,0.9406599998474121,0.9410499930381775,0.9386199712753296,0.9393699765205383,30967.050880500963
2025-04-24 11:00:00+01:00,0.9393900036811829,0.9398900270462036,0.9381399750709534,0.9398900270462036,30404.208301945557
2025-04-24 12:00:00+01:00,0.9398699998855591,0.9402199983596802,0.9385200142860413,0.9391700029373169,36182.02370092288
2025-04-24 13:00:00+01:00,0.9391700029373169,0.9396299719810486,0.9380699992179871,0.9391899704933167,29790.39788419771
2025-04-24 14:00:00+01:00,0.9391899704933167,0.9402499794960022,0.9388300180435181,0.9398900270462036,30712.50355002594
2025-04-24 15:00:00+01:00,0.9398900270462036,0.9404900074005127,0.9389399886131287,0.9402700066566467,33430.98300152683
2025-04-24 16:00:00+01:00,0.9402599930763245,0.9406700134277344,0.9391899704933167,0.9397900104522705,28542.694389035765
2025-04-24 17:00:00+01:00,0.9398000240325928,0.9415299892425537,0.9392099976539612,0.9411900043487549,32647.44112886525
2025-04-24 18:00:00+01:00,0.9412000179290771,0.9420999884605408,0.9405099749565125,0.9418200254440308,30084.87692706488
2025-04-24 19:00:00+01:00,0.9418200254440308,0.942300021648407,0.9412400126457214,0.9421200156211853,34763.30000084782
2025-04-24 20:00:00+01:00,0.9421399831771851,0.9422000050544739,0.9413999915122986,0.9418799877166748,43573.728218549295
2025-04-24 21:00:00+01:00,0.9419000148773193,0.9426199793815613,0.9412800073623657,0.941349983215332,31298.783623504598
2025-04-24 22:00:00+01:00,0.9414600133895874,0.9418799877166748,0.9402499794960022,0.9408599734306335,33267.24268678007
2025-04-24 23:00:00+01:00,0.941349983215332,0.9422799944877625,0.9410600066184998,0.9420499801635742,35110.29359403053
2025-04-25 00:00:00+01:00,0.9420400261878967,0.9424899816513062,0.9413599967956543,0.9422600269317627,20805.939880567228
2025-04-25 01:00:00+01:00,0.9422399997711182,0.9429900050163269,0.9415199756622314,0.9426400065422058,27599.03770066598
2025-04-25 02:00:00+01:00,0.9425899982452393,0.9430999755859375,0.9420899748802185,0.9424999952316284,20262.70910811892
2025-04-25 03:00:00+01:00,0.9424899816513062,0.9426000118255615,0.9413899779319763,0.9419999718666077,20998.523717798602
2025-04-25 04:00:00+01:00,0.9419900178909302,0.9428899884223938,0.9414600133895874,0.9424499869346619,22659.76989976052
2025-04-25 05:00:00+01:00,0.9424600005149841,0.9429699778556824,0.9419699907302856,0.9426199793815613,21239.833293709173
2025-04-25 06:00:00+01:00,0.9426100254058838,0.9433500170707703,0.9420199990272522,0.9429000020027161,22318.867582814408
2025-04-25 07:00:00+01:00,0.9428600072860718,0.9445300102233887,0.9424999952316284,0.9436200261116028,20362.448587194554
2025-04-25 08:00:00+01:00,0.9435999989509583,0.9446799755096436,0.9424899816513062,0.9437100291252136,26808.403239898766
2025-04-25 09:00:00+01:00,0.9437000155448914,0.9441699981689453,0.9421200156211853,0.9427199959754944,19786.407274203353
2025-04-25 10:00:00+01:00,0.9427099823951721,0.9429299831390381,0.9413700103759766,0.942799985408783,35111.037554372335
2025-04-25 11:00:00+01:00,0.9428099989891052,0.9428899884223938,0.9406999945640564,0.9410799741744995,33777.01489624567
2025-04-25 12:00:00+01:00,0.9410899877548218,0.9418500065803528,0.9406099915504456,0.9416499733924866,32625.67032307195
2025-04-25 13:00:00+01:00,0.9416800141334534,0.9430199861526489,0.9411299824714661,0.9429100155830383,28906.683692570532
2025-04-25 14:00:00+01:00,0.9429200291633606,0.943149983882904,0.9410099983215332,0.9423699975013733,32275.355621244784
2025-04-25 15:00:00+01:00,0.9423800110816956,0.9437699913978577,0.9420099854469299,0.9430800080299377,31395.999323831984
2025-04-25 16:00:00+01:00,0.94309002161026,0.9436200261116028,0.9423199892044067,0.942870020866394,39072.274210961164
2025-04-25 17:00:00+01:00,0.9429000020027161,0.9430500268936157,0.9417700171470642,0.9425399899482727,37667.78304352566
2025-04-25 18:00:00+01:00,0.9425399899482727,0.9426900148391724,0.9406899809837341,0.9414499998092651,45332.520011979184
2025-04-25 19:00:00+01:00,0.9414399862289429,0.9417499899864197,0.9406399726867676,0.941100001335144,31394.40393224506
2025-04-25 20:00:00+01:00,0.941100001335144,0.9412400126457214,0.9400500059127808,0.9404699802398682,36771.833524225425
2025-04-25 21:00:00+01:00,0.9404799938201904,0.9410300254821777,0.939740002155304,0.9401900172233582,34620.261404271056
2025-04-25 22:00:00+01:00,0.940090000629425,0.9401999711990356,0.940090000629425,0.9401999711990356,29560.08305132099
2025-04-28 00:00:00+01:00,0.9403499960899353,0.940500020980835,0.9393100142478943,0.9398900270462036,25334.681114629384
2025-04-28 01:00:00+01:00,0.9399099946022034,0.9404199719429016,0.9395700097084045,0.9403600096702576,24867.65341734366
2025-04-28 02:00:00+01:00,0.9404000043869019,0.9407200217247009,0.9397500157356262,0.9401999711990356,17803.048302928382
2025-04-28 03:00:00+01:00,0.9401800036430359,0.9409000277519226,0.9397500157356262,0.9407600164413452,20118.828106257784
2025-04-28 04:00:00+01:00,0.9407600164413452,0.9408199787139893,0.9397299885749817,0.9405800104141235,18703.701782647204
2025-04-28 05:00:00+01:00,0.9405800104141235,0.9409000277519226,0.9400100111961365,0.9404399991035461,12515.4954198033
2025-04-28 06:00:00+01:00,0.9404500126838684,0.9413300156593323,0.9401699900627136,0.9413099884986877,14516.001303581706
2025-04-28 07:00:00+01:00,0.94132000207901,0.9424899816513062,0.940850019454956,0.9412400126457214,13836.925699855037
2025-04-28 08:00:00+01:00,0.9412400126457214,0.9437299966812134,0.9409000277519226,0.9434400200843811,17702.5582560455
2025-04-28 09:00:00+01:00,0.9434599876403809,0.9435999989509583,0.9416700005531311,0.9422199726104736,16839.436072851222
2025-04-28 10:00:00+01:00,0.9422100186347961,0.9423999786376953,0.9404299855232239,0.941569983959198,22484.70266675981
2025-04-28 11:00:00+01:00,0.9415500164031982,0.942330002784729,0.9406200051307678,0.9419199824333191,22225.4682776062
2025-04-28 12:00:00+01:00,0.9419100284576416,0.942520022392273,0.941100001335144,0.9418500065803528,19402.176167295464
2025-04-28 13:00:00+01:00,0.9418799877166748,0.9430099725723267,0.9411500096321106,0.9423999786376953,28601.973022417926
2025-04-28 14:00:00+01:00,0.9423900246620178,0.9425600171089172,0.9405199885368347,0.941540002822876,30737.36697840258
2025-04-28 15:00:00+01:00,0.9415500164031982,0.9416800141334534,0.9386600255966187,0.939079999923706,38417.06442242483
2025-04-28 16:00:00+01:00,0.9390900135040283,0.9399999976158142,0.9386199712753296,0.9399099946022034,40152.6905292659
2025-04-28 17:00:00+01:00,0.9398699998855591,0.9399099946022034,0.9365100264549255,0.9369099736213684,41642.107784875916
2025-04-28 18:00:00+01:00,0.9369199872016907,0.9372100234031677,0.9357900023460388,0.937030017375946,55104.8857301415
2025-04-28 19:00:00+01:00,0.9370099902153015,0.9373999834060669,0.9364200234413147,0.9368199706077576,45679.883306300755
2025-04-28 20:00:00+01:00,0.9368199706077576,0.9374300241470337,0.9365000128746033,0.9372900128364563,39183.37744042261
2025-04-28 21:00:00+01:00,0.9372699856758118,0.937470018863678,0.9359800219535828,0.9363300204277039,49426.430111401256
2025-04-28 22:00:00+01:00,0.9364399909973145,0.9369900226593018,0.9359300136566162,0.9363800287246704,38071.35817645503
2025-04-28 23:00:00+01:00,0.936680018901825,0.936959981918335,0.9360799789428711,0.9367600083351135,33625.78188071882
2025-04-29 00:00:00+01:00,0.9368199706077576,0.9370999932289124,0.9363499879837036,0.9369099736213684,32310.627266851978
2025-04-29 01:00:00+01:00,0.9369099736213684,0.9373999834060669,0.9363999962806702,0.9369199872016907,33604.218021166525
2025-04-29 02:00:00+01:00,0.9369300007820129,0.9379600286483765,0.9363999962806702,0.9378600120544434,35206.37444599402
2025-04-29 03:00:00+01:00,0.9378700256347656,0.9385899901390076,0.9374300241470337,0.9380199909210205,27592.926700044376
2025-04-29 04:00:00+01:00,0.9380800127983093,0.9383500218391418,0.9374099969863892,0.9383299946784973,25423.87507821533
2025-04-29 05:00:00+01:00,0.9383299946784973,0.9387999773025513,0.9373199939727783,0.937969982624054,23378.10357462645
2025-04-29 06:00:00+01:00,0.937969982624054,0.9381200075149536,0.9369999766349792,0.9376999735832214,20412.351454177453
2025-04-29 07:00:00+01:00,0.9376999735832214,0.9383599758148193,0.9365299940109253,0.9375600218772888,17639.9860014822
2025-04-29 08:00:00+01:00,0.9376400113105774,0.9390599727630615,0.9373800158500671,0.9388899803161621,17082.380871565514
2025-04-29 09:00:00+01:00,0.9388999938964844,0.939740002155304,0.9383900165557861,0.9391199946403503,16242.982153664763
2025-04-29 10:00:00+01:00,0.9391499757766724,0.9406999945640564,0.9387900233268738,0.9398300051689148,21241.7873046966
2025-04-29 11:00:00+01:00,0.9398300051689148,0.9403200149536133,0.9391000270843506,0.9395700097084045,23375.784734128738
2025-04-29 12:00:00+01:00,0.9395999908447266,0.9397600293159485,0.9383800029754639,0.9391599893569946,23299.395574167786
2025-04-29 13:00:00+01:00,0.9391800165176392,0.9394199848175049,0.9378399848937988,0.938759982585907,19865.56803339924
2025-04-29 14:00:00+01:00,0.9387400150299072,0.939329981803894,0.9374499917030334,0.9380000233650208,27960.702841206086
2025-04-29 15:00:00+01:00,0.937969982624054,0.9388800263404846,0.9373599886894226,0.9381399750709534,32785.49987043561
2025-04-29 16:00:00+01:00,0.9381300210952759,0.9394099712371826,0.9377999901771545,0.9391199946403503,30603.352135979025
2025-04-29 17:00:00+01:00,0.9391099810600281,0.939769983291626,0.9381899833679199,0.938759982585907,31094.996073706192
2025-04-29 18:00:00+01:00,0.9387400150299072,0.9389500021934509,0.937470018863678,0.9384199976921082,30057.06596572286
2025-04-29 19:00:00+01:00,0.9384499788284302,0.9387000203132629,0.9376699924468994,0.9380999803543091,33079.94061921134
2025-04-29 20:00:00+01:00,0.9380999803543091,0.9384300112724304,0.937279999256134,0.9379500150680542,29981.292402891522
2025-04-29 21:00:00+01:00,0.9379199743270874,0.9383000135421753,0.9373700022697449,0.9379199743270874,25924.8199806016
2025-04-29 22:00:00+01:00,0.9386500120162964,0.9391099810600281,0.9373000264167786,0.9378200173377991,29867.546076464474
2025-04-29 23:00:00+01:00,0.9377099871635437,0.9383999705314636,0.9370599985122681,0.9380800127983093,30434.06655047149
2025-04-30 00:00:00+01:00,0.9381399750709534,0.9383999705314636,0.9373199939727783,0.937749981880188,24665.930852230722
2025-04-30 01:00:00+01:00,0.9377300143241882,0.9381999969482422,0.9369500279426575,0.9374399781227112,23939.69091388688
2025-04-30 02:00:00+01:00,0.9374200105667114,0.9375100135803223,0.935699999332428,0.9360799789428711,27349.959828911942
2025-04-30 03:00:00+01:00,0.9360899925231934,0.9368500113487244,0.9357500076293945,0.936489999294281,23063.139240051467
2025-04-30 04:00:00+01:00,0.936489999294281,0.9367499947547913,0.9359400272369385,0.9366899728775024,25612.654144007407
2025-04-30 05:00:00+01:00,0.936680018901825,0.9369999766349792,0.9359800219535828,0.9366700053215027,22747.2876336448
2025-04-30 06:00:00+01:00,0.9366700053215027,0.9372000098228455,0.9362199902534485,0.9371399879455566,18445.893960531273
2025-04-30 07:00:00+01:00,0.9372100234031677,0.9389299750328064,0.9366300106048584,0.9386399984359741,17320.871761673647
2025-04-30 08:00:00+01:00,0.9386299848556519,0.9394500255584717,0.9380099773406982,0.9385600090026855,19342.932735106984
2025-04-30 09:00:00+01:00,0.9385300278663635,0.9390299916267395,0.9379000067710876,0.938759982585907,19174.155671711134
2025-04-30 10:00:00+01:00,0.9387800097465515,0.9389899969100952,0.9376299977302551,0.9381499886512756,19963.496344366285
2025-04-30 11:00:00+01:00,0.9381499886512756,0.9382100105285645,0.9365900158882141,0.937470018863678,22337.937647474446
2025-04-30 12:00:00+01:00,0.937470018863678,0.9388399720191956,0.9370099902153015,0.9386699795722961,26994.85024772168
2025-04-30 13:00:00+01:00,0.9386699795722961,0.9390699863433838,0.9355900287628174,0.936489999294281,33806.75067041961
2025-04-30 14:00:00+01:00,0.9365100264549255,0.9366999864578247,0.9343500137329102,0.9348800182342529,35196.649049448875
2025-04-30 15:00:00+01:00,0.9348700046539307,0.9359999895095825,0.9331799745559692,0.9340299963951111,40546.45614804211
2025-04-30 16:00:00+01:00,0.9340299963951111,0.9350000023841858,0.9325299859046936,0.933650016784668,47597.97140397116
2025-04-30 17:00:00+01:00,0.933650016784668,0.9349300265312195,0.9328299760818481,0.93367999792099,40340.74670137978
2025-04-30 18:00:00+01:00,0.9336699843406677,0.9341999888420105,0.9331799745559692,0.9336400032043457,45664.48336361333
2025-04-30 19:00:00+01:00,0.9336400032043457,0.934469997882843,0.9330199956893921,0.9338700175285339,44518.984860586126
2025-04-30 20:00:00+01:00,0.9338600039482117,0.9350699782371521,0.9333400130271912,0.9349499940872192,41020.42151827506
2025-04-30 21:00:00+01:00,0.9349799752235413,0.9367200136184692,0.9344099760055542,0.9357600212097168,35447.577994412386
2025-04-30 22:00:00+01:00,0.9354900121688843,0.9362900257110596,0.9342899918556213,0.9352499842643738,40162.20534869417
2025-04-30 23:00:00+01:00,0.9355700016021729,0.9366700053215027,0.9352499842643738,0.935699999332428,39600.970263953306
2025-05-01 00:00:00+01:00,0.9356899857521057,0.93572998046875,0.9347800016403198,0.9352999925613403,45205.17919185012
2025-05-01 01:00:00+01:00,0.9352999925613403,0.9356499910354614,0.9345600008964539,0.9353200197219849,49336.63410038614
2025-05-01 02:00:00+01:00,0.9353299736976624,0.9355599880218506,0.9343500137329102,0.9350100159645081,51950.42769823823
2025-05-01 03:00:00+01:00,0.9350200295448303,0.9350399971008301,0.9341899752616882,0.9346699714660645,33419.93862869362
2025-05-01 04:00:00+01:00,0.9346500039100647,0.9355400204658508,0.9342899918556213,0.935259997844696,30919.96747301412
2025-05-01 05:00:00+01:00,0.9352700114250183,0.9354000091552734,0.9346100091934204,0.9352399706840515,25618.71016943145
2025-05-01 06:00:00+01:00,0.9352399706840515,0.935699999332428,0.9347100257873535,0.9355999827384949,23486.162890234635
2025-05-01 07:00:00+01:00,0.9355900287628174,0.9359999895095825,0.9348300099372864,0.935259997844696,24021.39565968806
2025-05-01 08:00:00+01:00,0.9352700114250183,0.9359999895095825,0.9341400265693665,0.9355400204658508,21075.96517748326
2025-05-01 09:00:00+01:00,0.9355300068855286,0.9359400272369385,0.9349300265312195,0.9357799887657166,20869.55917370463
2025-05-01 10:00:00+01:00,0.9357600212097168,0.9364500045776367,0.9351099729537964,0.9363899827003479,18955.82963203896
2025-05-01 11:00:00+01:00,0.9367899894714355,0.9368299841880798,0.9356200098991394,0.936489999294281,20616.955697644968
2025-05-01 12:00:00+01:00,0.936489999294281,0.9373999834060669,0.9359599947929382,0.9372199773788452,18222.93710608087
2025-05-01 13:00:00+01:00,0.9372100234031677,0.938260018825531,0.9365900158882141,0.9379299879074097,17819.549407005987
2025-05-01 14:00:00+01:00,0.9379299879074097,0.9381999969482422,0.9368500113487244,0.9369300007820129,20803.845636786777
2025-05-01 15:00:00+01:00,0.9369500279426575,0.9392899870872498,0.9369500279426575,0.9388999938964844,14817.535988660144
2025-05-01 16:00:00+01:00,0.9388999938964844,0.9395099878311157,0.9378799796104431,0.9384099841117859,22867.827645549176
2025-05-01 17:00:00+01:00,0.9384999871253967,0.9386500120162964,0.9377899765968323,0.938319981098175,21236.037372177616
2025-05-01 18:00:00+01:00,0.9383100271224976,0.9384999871253967,0.937529981136322,0.9380000233650208,24553.119485702067
2025-05-01 19:00:00+01:00,0.9380000233650208,0.9387000203132629,0.9376599788665771,0.9385200142860413,20421.075660919432
2025-05-01 20:00:00+01:00,0.9385200142860413,0.9385700225830078,0.9357900023460388,0.9365100264549255,25367.23173892793
2025-05-01 21:00:00+01:00,0.9364799857139587,0.9368000030517578,0.9356600046157837,0.9361000061035156,25580.009584842704
2025-05-01 22:00:00+01:00,0.9360499978065491,0.9372199773788452,0.9355300068855286,0.9363600015640259,30369.73690404186
2025-05-01 23:00:00+01:00,0.936460018157959,0.936680018901825,0.93572998046875,0.9361100196838379,26450.740243409426
2025-05-02 00:00:00+01:00,0.9360899925231934,0.9366999864578247,0.9356799721717834,0.9364200234413147,28478.981043768657
2025-05-02 01:00:00+01:00,0.9364100098609924,0.9380499720573425,0.9360499978065491,0.9379400014877319,23539.322974138402
2025-05-02 02:00:00+01:00,0.9379500150680542,0.9380599856376648,0.936710000038147,0.9375799894332886,33558.95848042021
2025-05-02 03:00:00+01:00,0.9375900030136108,0.9380499720573425,0.9368100166320801,0.9377099871635437,30029.25001081011
2025-05-02 04:00:00+01:00,0.9377099871635437,0.9377999901771545,0.9366700053215027,0.9370999932289124,23965.59756256006
2025-05-02 05:00:00+01:00,0.9371700286865234,0.937720000743866,0.9366700053215027,0.937470018863678,19232.28276108605
2025-05-02 06:00:00+01:00,0.9374300241470337,0.9375,0.9358000159263611,0.9366999864578247,28433.399567468292
2025-05-02 07:00:00+01:00,0.936680018901825,0.9376500248908997,0.9359700083732605,0.9369199872016907,22340.747460126237
2025-05-02 08:00:00+01:00,0.9369199872016907,0.9383000135421753,0.9364200234413147,0.9371500015258789,23765.362488132614
2025-05-02 09:00:00+01:00,0.9371299743652344,0.9373000264167786,0.93572998046875,0.9361799955368042,32002.652757559008
2025-05-02 10:00:00+01:00,0.9362999796867371,0.9364299774169922,0.9311100244522095,0.9339200258255005,43026.590064505
2025-05-02 11:00:00+01:00,0.9338700175285339,0.9348999857902527,0.933210015296936,0.9341700077056885,40752.697010892116
2025-05-02 12:00:00+01:00,0.9341599941253662,0.934499979019165,0.9333599805831909,0.9343400001525879,43595.88541414463
2025-05-02 13:00:00+01:00,0.9343100190162659,0.9365000128746033,0.9337000250816345,0.9362900257110596,35573.42807318574
2025-05-02 14:00:00+01:00,0.9362999796867371,0.937030017375946,0.935699999332428,0.9368399977684021,40402.57694435712
2025-05-02 15:00:00+01:00,0.9369000196456909,0.9376800060272217,0.9355599880218506,0.9360499978065491,44549.12924060249
2025-05-02 16:00:00+01:00,0.9360299706459045,0.9368500113487244,0.9356099963188171,0.9360499978065491,39417.910149430536
2025-05-02 17:00:00+01:00,0.9360399842262268,0.9376999735832214,0.935920000076294,0.9366599917411804,44536.95467228088
2025-05-02 18:00:00+01:00,0.9366700053215027,0.9368100166320801,0.9344300031661987,0.9348800182342529,49134.29425691724
2025-05-02 19:00:00+01:00,0.9348999857902527,0.9356399774551392,0.9341700077056885,0.9346100091934204,62379.283536408
2025-05-02 20:00:00+01:00,0.9346100091934204,0.9347299933433533,0.9336100220680237,0.9342600107192993,46412.621186973476
2025-05-02 21:00:00+01:00,0.934249997138977,0.9345399737358093,0.9330400228500366,0.9337900280952454,44750.580989968636
2025-05-02 22:00:00+01:00,0.9337300062179565,0.9337300062179565,0.9334700107574463,0.9334700107574463,47383.410122824076
2025-05-05 00:00:00+01:00,0.9330999851226807,0.9335100054740906,0.9325600266456604,0.9330899715423584,46414.16289014911
2025-05-05 01:00:00+01:00,0.9330800175666809,0.9333000183105469,0.9325699806213379,0.9330999851226807,27677.479792518443
2025-05-05 02:00:00+01:00,0.9331200122833252,0.9332399964332581,0.9319000244140625,0.9325000047683716,28527.22017237284
2025-05-05 03:00:00+01:00,0.9324700236320496,0.9329100251197815,0.9320700168609619,0.9329000115394592,26112.118527251132
2025-05-05 04:00:00+01:00,0.9328799843788147,0.9333000183105469,0.9323899745941162,0.9332000017166138,22026.438132378356
2025-05-05 05:00:00+01:00,0.9331899881362915,0.9333099722862244,0.9325199723243713,0.9332699775695801,18579.798370347995
2025-05-05 06:00:00+01:00,0.9332699775695801,0.9351000189781189,0.9329100251197815,0.9350100159645081,17501.232548715183
2025-05-05 07:00:00+01:00,0.9351000189781189,0.936959981918335,0.9341599941253662,0.9357699751853943,22973.698945880104
2025-05-05 08:00:00+01:00,0.9357900023460388,0.9363300204277039,0.9345899820327759,0.9349899888038635,20069.891578342664
2025-05-05 09:00:00+01:00,0.9349899888038635,0.9355300068855286,0.9339200258255005,0.9343500137329102,18958.215467519625
2025-05-05 10:00:00+01:00,0.9343400001525879,0.9346100091934204,0.9334700107574463,0.9340299963951111,19760.617018870278
2025-05-05 11:00:00+01:00,0.9340299963951111,0.934220016002655,0.9330000281333923,0.9339600205421448,22055.803907308335
2025-05-05 12:00:00+01:00,0.9339500069618225,0.9343699812889099,0.9333299994468689,0.9337700009346008,22904.2051888429
2025-05-05 13:00:00+01:00,0.9337499737739563,0.9347000122070312,0.9330800175666809,0.934660017490387,24505.78122643052
2025-05-05 14:00:00+01:00,0.934660017490387,0.9350699782371521,0.9328699707984924,0.9333099722862244,26091.32710408427
2025-05-05 15:00:00+01:00,0.9331700205802917,0.9337199926376343,0.9309499859809875,0.9320499897003174,32984.27462162157
2025-05-05 16:00:00+01:00,0.9320200085639954,0.932420015335083,0.9311000108718872,0.9321900010108948,29388.64429691933
2025-05-05 17:00:00+01:00,0.9321799874305725,0.9323400259017944,0.9309300184249878,0.9313300251960754,37130.90385551379
2025-05-05 18:00:00+01:00,0.9313600063323975,0.9315000176429749,0.930079996585846,0.9304999709129333,33129.9388617012
2025-05-05 19:00:00+01:00,0.9304999709129333,0.9315299987792969,0.9302200078964233,0.930899977684021,34473.397928201164
2025-05-05 20:00:00+01:00,0.9309099912643433,0.9312499761581421,0.9300500154495239,0.9304999709129333,38031.547922923906
2025-05-05 21:00:00+01:00,0.9305099844932556,0.9306100010871887,0.9295799732208252,0.9299799799919128,32721.18156564886
2025-05-05 22:00:00+01:00,0.9299399852752686,0.9312300086021423,0.9286800026893616,0.9308199882507324,31734.32445434958
2025-05-05 23:00:00+01:00,0.9302399754524231,0.930679976940155,0.9296500086784363,0.9302800297737122,28233.040545112148
2025-05-06 00:00:00+01:00,0.930180013179779,0.9303500056266785,0.9294499754905701,0.9300400018692017,30328.398937326114
2025-05-06 01:00:00+01:00,0.9300000071525574,0.9305400252342224,0.9294300079345703,0.9304699897766113,29685.836711637403
2025-05-06 02:00:00+01:00,0.9304999709129333,0.9312999844551086,0.9299399852752686,0.9312199950218201,32372.27873363023
2025-05-06 03:00:00+01:00,0.9312199950218201,0.9313499927520752,0.9300500154495239,0.9305999875068665,25169.581452470393
2025-05-06 04:00:00+01:00,0.9305999875068665,0.9315000176429749,0.930079996585846,0.9313200116157532,28100.74087813596
2025-05-06 05:00:00+01:00,0.9313200116157532,0.9317600131034851,0.9307199716567993,0.9317399859428406,21361.55679100132
2025-05-06 06:00:00+01:00,0.9317299723625183,0.9318000078201294,0.9306600093841553,0.9311599731445312,25339.809106748937
2025-05-06 07:00:00+01:00,0.9312000274658203,0.932640016078949,0.9307199716567993,0.9326000213623047,20028.519127565247
2025-05-06 08:00:00+01:00,0.9326099753379822,0.9347400069236755,0.9323999881744385,0.9342600107192993,25070.73072748354
2025-05-06 09:00:00+01:00,0.9342799782752991,0.9350600242614746,0.9327600002288818,0.9334499835968018,26698.321881764856
2025-05-06 10:00:00+01:00,0.933459997177124,0.9347000122070312,0.9321399927139282,0.9345600008964539,30484.961434750443
2025-05-06 11:00:00+01:00,0.9345600008964539,0.934719979763031,0.933709979057312,0.934149980545044,39529.091883332585
2025-05-06 12:00:00+01:00,0.9342700242996216,0.9345399737358093,0.9335899949073792,0.9340100288391113,27322.78487044231
2025-05-06 13:00:00+01:00,0.9340500235557556,0.9348300099372864,0.9332900047302246,0.9346200227737427,23719.578488766885
2025-05-06 14:00:00+01:00,0.9346299767494202,0.9350000023841858,0.9335100054740906,0.9341899752616882,27644.079875107585
2025-05-06 15:00:00+01:00,0.9341999888420105,0.9358699917793274,0.9336599707603455,0.934440016746521,35765.31910292724
2025-05-06 16:00:00+01:00,0.934440016746521,0.9356600046157837,0.9338399767875671,0.9349600076675415,38063.74196648705
2025-05-06 17:00:00+01:00,0.9349499940872192,0.9354000091552734,0.9341599941253662,0.934660017490387,37851.403697053196
2025-05-06 18:00:00+01:00,0.9346799850463867,0.9351400136947632,0.9335299730300903,0.9341599941253662,37412.04968684119
2025-05-06 19:00:00+01:00,0.9341800212860107,0.9344499707221985,0.9332799911499023,0.9343000054359436,40717.65932278595
2025-05-06 20:00:00+01:00,0.9343199729919434,0.9347299933433533,0.9337300062179565,0.9342899918556213,34996.68988266672
2025-05-06 21:00:00+01:00,0.9342700242996216,0.9352999925613403,0.933899998664856,0.9342899918556213,34757.00393077345
2025-05-06 22:00:00+01:00,0.9350900053977966,0.9350900053977966,0.9336900115013123,0.9345399737358093,31299.831549601822
2025-05-06 23:00:00+01:00,0.9344099760055542,0.9369500279426575,0.9340999722480774,0.9365699887275696,39193.1811014469
2025-05-07 00:00:00+01:00,0.9369500279426575,0.9369699954986572,0.9357699751853943,0.9365900158882141,32949.69858761894
2025-05-07 01:00:00+01:00,0.9365800023078918,0.9374399781227112,0.9355300068855286,0.9371500015258789,32062.25751710226
2025-05-07 02:00:00+01:00,0.9371600151062012,0.9372100234031677,0.9362099766731262,0.937030017375946,32393.943160685245
2025-05-07 03:00:00+01:00,0.937030017375946,0.9372000098228455,0.9356899857521057,0.9360299706459045,32631.38810954251
2025-05-07 04:00:00+01:00,0.9360600113868713,0.9366499781608582,0.9355499744415283,0.9365000128746033,30062.34237720113
2025-05-07 05:00:00+01:00,0.9364500045776367,0.9366000294685364,0.9358100295066833,0.9364500045776367,23952.92113782968
2025-05-07 06:00:00+01:00,0.9364299774169922,0.9368399977684021,0.9358199834823608,0.936710000038147,21951.842061784457
2025-05-07 07:00:00+01:00,0.936739981174469,0.9373999834060669,0.9357900023460388,0.9363600015640259,21997.973233373606
2025-05-07 08:00:00+01:00,0.9363700151443481,0.9380599856376648,0.9356300234794617,0.9379100203514099,27955.25797015033
2025-05-07 09:00:00+01:00,0.9379100203514099,0.9387999773025513,0.937309980392456,0.9376599788665771,24420.176279453037
2025-05-07 10:00:00+01:00,0.9376199841499329,0.9381999969482422,0.9355199933052063,0.9359999895095825,34630.021756455695
2025-05-07 11:00:00+01:00,0.9359899759292603,0.9365800023078918,0.9343299865722656,0.9357200264930725,38220.9984279267
2025-05-07 12:00:00+01:00,0.9357399940490723,0.9369999766349792,0.9352800250053406,0.9368600249290466,43168.10248146428
2025-05-07 13:00:00+01:00,0.9368600249290466,0.9369099736213684,0.9330099821090698,0.9336299896240234,38052.991705481276
2025-05-07 14:00:00+01:00,0.9336100220680237,0.9341599941253662,0.9326500296592712,0.9332399964332581,39313.767000256594
2025-05-07 15:00:00+01:00,0.9332600235939026,0.9340000152587891,0.9313200116157532,0.9324399828910828,41566.95720462643
2025-05-07 16:00:00+01:00,0.9324700236320496,0.9329100251197815,0.9313499927520752,0.9320600032806396,45787.133696827164
2025-05-07 17:00:00+01:00,0.9320600032806396,0.9321200251579285,0.9297099709510803,0.9308800101280212,47922.511250737065
2025-05-07 18:00:00+01:00,0.9308800101280212,0.9316800236701965,0.9304699897766113,0.9310600161552429,50867.52932903927
2025-05-07 19:00:00+01:00,0.9310600161552429,0.9313600063323975,0.9297199845314026,0.9305199980735779,51128.166361184274
2025-05-07 20:00:00+01:00,0.9304800033569336,0.9314600229263306,0.9301999807357788,0.9309099912643433,49176.12784630192
2025-05-07 21:00:00+01:00,0.9309099912643433,0.931190013885498,0.9300100207328796,0.930620014667511,46754.5179332458
2025-05-07 22:00:00+01:00,0.9307600259780884,0.9314200282096863,0.9305300116539001,0.9314200282096863,49299.42740806269
2025-05-07 23:00:00+01:00,0.9304900169372559,0.9312000274658203,0.9302300214767456,0.9310600161552429,48163.742080259755
2025-05-08 00:00:00+01:00,0.9311000108718872,0.9315500259399414,0.9305099844932556,0.9315000176429749,35393.69128377081
2025-05-08 01:00:00+01:00,0.9315000176429749,0.9319999814033508,0.9309800267219543,0.9318299889564514,34112.90176725552
2025-05-08 02:00:00+01:00,0.9319000244140625,0.9322999715805054,0.931410014629364,0.9319499731063843,33148.03202379719
2025-05-08 03:00:00+01:00,0.9319999814033508,0.9325000047683716,0.9315299987792969,0.9319599866867065,21698.110186721286
2025-05-08 04:00:00+01:00,0.9319999814033508,0.9325100183486938,0.9315099716186523,0.932449996471405,17576.75108267418
2025-05-08 05:00:00+01:00,0.9325000047683716,0.9328299760818481,0.9319599866867065,0.932699978351593,21213.612681605762
2025-05-08 06:00:00+01:00,0.932699978351593,0.9329500198364258,0.9316499829292297,0.9322400093078613,19945.78024879995
2025-05-08 07:00:00+01:00,0.9322299957275391,0.933899998664856,0.9317200183868408,0.9332399964332581,16001.277167577395
2025-05-08 08:00:00+01:00,0.9332500100135803,0.9347699880599976,0.9327800273895264,0.9346100091934204,18374.297948089323
2025-05-08 09:00:00+01:00,0.9345999956130981,0.9347100257873535,0.9318000078201294,0.9333500266075134,26132.61906890806
2025-05-08 10:00:00+01:00,0.9333400130271912,0.9335299730300903,0.9316800236701965,0.9321399927139282,26129.688760690147
2025-05-08 11:00:00+01:00,0.9321799874305725,0.9327399730682373,0.9313399791717529,0.9323999881744385,24084.194375530595
2025-05-08 12:00:00+01:00,0.9323800206184387,0.932889997959137,0.9314500093460083,0.9319700002670288,27931.435306398613
2025-05-08 13:00:00+01:00,0.9319599866867065,0.933210015296936,0.9311000108718872,0.9314799904823303,26557.84204468682
2025-05-08 14:00:00+01:00,0.9314799904823303,0.9336000084877014,0.9308900237083435,0.9331700205802917,31851.849395125406
2025-05-08 15:00:00+01:00,0.9331899881362915,0.9337000250816345,0.9319599866867065,0.9328299760818481,35076.5841148248
2025-05-08 16:00:00+01:00,0.9328399896621704,0.9330599904060364,0.931439995765686,0.932669997215271,37921.61943063276
2025-05-08 17:00:00+01:00,0.932699978351593,0.933430016040802,0.931659996509552,0.9326599836349487,38757.89212880763
2025-05-08 18:00:00+01:00,0.932669997215271,0.9330999851226807,0.9319800138473511,0.9328100085258484,46487.269060626204
2025-05-08 19:00:00+01:00,0.9327999949455261,0.9333999752998352,0.9322500228881836,0.9329599738121033,45155.28594536701
2025-05-08 20:00:00+01:00,0.9329599738121033,0.9345499873161316,0.9325399994850159,0.9330800175666809,41968.63683112166
2025-05-08 21:00:00+01:00,0.9330300092697144,0.9340299963951111,0.9328799843788147,0.9332900047302246,38750.69768984714
2025-05-08 22:00:00+01:00,0.933430016040802,0.9335700273513794,0.9315400123596191,0.9327999949455261,42990.09720059946
2025-05-08 23:00:00+01:00,0.9329400062561035,0.9333999752998352,0.9325500130653381,0.9331899881362915,34132.43325575974
2025-05-09 00:00:00+01:00,0.9332600235939026,0.9337999820709229,0.9328500032424927,0.9337000250816345,30066.087978518703
2025-05-09 01:00:00+01:00,0.933709979057312,0.9338200092315674,0.9323599934577942,0.9327899813652039,32458.90965824552
2025-05-09 02:00:00+01:00,0.9327899813652039,0.9338399767875671,0.9323099851608276,0.9336299896240234,34944.65736076811
2025-05-09 03:00:00+01:00,0.9336299896240234,0.9342399835586548,0.9327099919319153,0.9331799745559692,27634.937325537903
2025-05-09 04:00:00+01:00,0.9331799745559692,0.9337499737739563,0.9326800107955933,0.9332799911499023,20329.222075140435
2025-05-09 05:00:00+01:00,0.9332600235939026,0.9334099888801575,0.932640016078949,0.9333099722862244,24601.13789182337
2025-05-09 06:00:00+01:00,0.9333000183105469,0.9337499737739563,0.9325299859046936,0.9335799813270569,23246.477188780584
2025-05-09 07:00:00+01:00,0.9335700273513794,0.9342899918556213,0.9329900145530701,0.9336100220680237,22978.719131212125
2025-05-09 08:00:00+01:00,0.9336000084877014,0.9345800280570984,0.9329800009727478,0.9344499707221985,23512.89642636353
2025-05-09 09:00:00+01:00,0.9344499707221985,0.9349300265312195,0.933709979057312,0.9345099925994873,21995.693680347587
2025-05-09 10:00:00+01:00,0.934499979019165,0.9355700016021729,0.9340400099754333,0.9354900121688843,19809.194371493995
2025-05-09 11:00:00+01:00,0.9354900121688843,0.935949981212616,0.9344300031661987,0.9349499940872192,23451.228113354016
2025-05-09 12:00:00+01:00,0.9349600076675415,0.9352999925613403,0.9337499737739563,0.9347699880599976,19403.31698797751
2025-05-09 13:00:00+01:00,0.9347699880599976,0.9355999827384949,0.9337800145149231,0.9343500137329102,23921.03542057359
2025-05-09 14:00:00+01:00,0.9344000220298767,0.9351099729537964,0.933709979057312,0.9342399835586548,27158.48897956097
2025-05-09 15:00:00+01:00,0.9342300295829773,0.9350000023841858,0.9333199858665466,0.9340400099754333,27881.697398292625
2025-05-09 16:00:00+01:00,0.9340500235557556,0.9352099895477295,0.9336000084877014,0.9351500272750854,29660.134190439727
2025-05-09 17:00:00+01:00,0.9351400136947632,0.936020016670227,0.9343600273132324,0.9359300136566162,25166.946027711172
2025-05-09 18:00:00+01:00,0.9359400272369385,0.9360299706459045,0.9350100159645081,0.93572998046875,25924.085035941254
2025-05-09 19:00:00+01:00,0.93572998046875,0.9358999729156494,0.9349799752235413,0.9356499910354614,23914.00713297401
2025-05-09 20:00:00+01:00,0.9356399774551392,0.9357399940490723,0.9348099827766418,0.9353600144386292,24412.559145398824
2025-05-09 21:00:00+01:00,0.9353600144386292,0.9355999827384949,0.9345899820327759,0.9350299835205078,23363.602105322814
2025-05-09 22:00:00+01:00,0.9346399903297424,0.9346399903297424,0.9346399903297424,0.9346399903297424,22410.25533543172
2025-05-12 00:00:00+01:00,0.9363999962806702,0.9366199970245361,0.9358000159263611,0.9363300204277039,23440.338138266525
2025-05-12 01:00:00+01:00,0.9363899827003479,0.9373700022697449,0.9357500076293945,0.9370599985122681,23214.67244246483
2025-05-12 02:00:00+01:00,0.9370999932289124,0.9375,0.936240017414093,0.9366700053215027,24136.68575674664
2025-05-12 03:00:00+01:00,0.9366999864578247,0.9366999864578247,0.9356499910354614,0.936269998550415,23114.200185275684
2025-05-12 04:00:00+01:00,0.9362999796867371,0.9365299940109253,0.9355000257492065,0.9361100196838379,16655.415495395988
2025-05-12 05:00:00+01:00,0.9361100196838379,0.9366000294685364,0.935670018196106,0.9363399744033813,16196.644618632163
2025-05-12 06:00:00+01:00,0.9363600015640259,0.9366400241851807,0.9352700114250183,0.9362000226974487,18150.77762037813
2025-05-12 07:00:00+01:00,0.936240017414093,0.9370099902153015,0.9356899857521057,0.9365900158882141,17795.334889773785
2025-05-12 08:00:00+01:00,0.9365900158882141,0.9391300082206726,0.9360799789428711,0.938759982585907,20339.448023752717
2025-05-12 09:00:00+01:00,0.9387699961662292,0.9394299983978271,0.9365800023078918,0.9372699856758118,28531.238540034148
2025-05-12 10:00:00+01:00,0.937250018119812,0.9390900135040283,0.9367700219154358,0.9387000203132629,31470.421378483676
2025-05-12 11:00:00+01:00,0.9386900067329407,0.9389100074768066,0.9374799728393555,0.9378799796104431,32330.3576906611
2025-05-12 12:00:00+01:00,0.9379299879074097,0.9379500150680542,0.9356899857521057,0.935699999332428,35752.57800545632
2025-05-12 13:00:00+01:00,0.93572998046875,0.9372000098228455,0.9352700114250183,0.9365900158882141,39311.08737659177
2025-05-12 14:00:00+01:00,0.9366000294685364,0.9376000165939331,0.9353700280189514,0.936460018157959,44146.95571604419
2025-05-12 15:00:00+01:00,0.936460018157959,0.9380999803543091,0.9362099766731262,0.9372000098228455,53308.81931067491
2025-05-12 16:00:00+01:00,0.9371700286865234,0.9372299909591675,0.9351500272750854,0.9358299970626831,40809.30483018506
2025-05-12 17:00:00+01:00,0.9358299970626831,0.9369099736213684,0.9352800250053406,0.9367300271987915,49145.475057959484
2025-05-12 18:00:00+01:00,0.9367200136184692,0.9377599954605103,0.9359899759292603,0.9372699856758118,58444.5408855951
2025-05-12 19:00:00+01:00,0.9372699856758118,0.9382299780845642,0.9366499781608582,0.9378399848937988,55602.26499854845
2025-05-12 20:00:00+01:00,0.9378200173377991,0.9379400014877319,0.9369500279426575,0.9375500082969666,57772.80481833361
2025-05-12 21:00:00+01:00,0.9375699758529663,0.9378299713134766,0.9369999766349792,0.9372299909591675,48795.5241575907
2025-05-12 22:00:00+01:00,0.9373400211334229,0.9381999969482422,0.9366599917411804,0.9380000233650208,43227.887822542594
2025-05-12 23:00:00+01:00,0.9379799962043762,0.9379799962043762,0.9371799826622009,0.9376800060272217,34783.58907772212
2025-05-13 00:00:00+01:00,0.937690019607544,0.9379500150680542,0.9369500279426575,0.9374200105667114,34250.477383209385
2025-05-13 01:00:00+01:00,0.9374300241470337,0.9375200271606445,0.9363300204277039,0.9369099736213684,27948.536749415885
2025-05-13 02:00:00+01:00,0.9368699789047241,0.937250018119812,0.9363800287246704,0.9368600249290466,24385.650345543298
2025-05-13 03:00:00+01:00,0.9368900060653687,0.9372199773788452,0.9363700151443481,0.9371500015258789,22073.306938432208
2025-05-13 04:00:00+01:00,0.9371700286865234,0.9373199939727783,0.9363600015640259,0.9368100166320801,18364.216738990046
2025-05-13 05:00:00+01:00,0.9369099736213684,0.9371100068092346,0.9362999796867371,0.9368799924850464,19577.350696023965
2025-05-13 06:00:00+01:00,0.9369000196456909,0.9370099902153015,0.9361199736595154,0.9366199970245361,14032.584728224332
2025-05-13 07:00:00+01:00,0.9365500211715698,0.9372100234031677,0.9355400204658508,0.9361900091171265,14007.548440839379
2025-05-13 08:00:00+01:00,0.9361699819564819,0.9363899827003479,0.934149980545044,0.9344099760055542,13277.982158534562
2025-05-13 09:00:00+01:00,0.9344099760055542,0.9344800114631653,0.9328600168228149,0.9330999851226807,15981.415446612582
2025-05-13 10:00:00+01:00,0.9331899881362915,0.9348199963569641,0.9328500032424927,0.934660017490387,14826.041918822495
2025-05-13 11:00:00+01:00,0.9346399903297424,0.9351999759674072,0.9337599873542786,0.9348000288009644,21270.236062298187
2025-05-13 12:00:00+01:00,0.9347900152206421,0.9355000257492065,0.934220016002655,0.9351000189781189,19806.699797859477
2025-05-13 13:00:00+01:00,0.9351099729537964,0.9371600151062012,0.9347500205039978,0.9369500279426575,25860.697177024696
2025-05-13 14:00:00+01:00,0.9369500279426575,0.9377400279045105,0.9363999962806702,0.9375699758529663,24155.581786349783
2025-05-13 15:00:00+01:00,0.9375600218772888,0.9393100142478943,0.9373199939727783,0.93927001953125,32297.615861246006
2025-05-13 16:00:00+01:00,0.9392600059509277,0.9401299953460693,0.9383999705314636,0.9399899840354919,33791.89117802852
2025-05-13 17:00:00+01:00,0.9399899840354919,0.940850019454956,0.9394699931144714,0.940339982509613,30176.634804858397
2025-05-13 18:00:00+01:00,0.9403499960899353,0.9405999779701233,0.9394099712371826,0.9398900270462036,33411.446100405505
2025-05-13 19:00:00+01:00,0.9399200081825256,0.9402400255203247,0.9394400119781494,0.9401199817657471,34296.78747503189
2025-05-13 20:00:00+01:00,0.9401299953460693,0.9402599930763245,0.9389100074768066,0.9394000172615051,34117.62181519471
2025-05-13 21:00:00+01:00,0.9393799901008606,0.93954998254776,0.9383299946784973,0.938759982585907,39404.53446416467
2025-05-13 22:00:00+01:00,0.9385799765586853,0.9397600293159485,0.9379900097846985,0.938539981842041,35676.69592396277
2025-05-13 23:00:00+01:00,0.9385300278663635,0.9391300082206726,0.9381399750709534,0.9390900135040283,27665.698618906932
2025-05-14 00:00:00+01:00,0.9390699863433838,0.9391800165176392,0.9384400248527527,0.9390000104904175,26369.6276681391
2025-05-14 01:00:00+01:00,0.9389899969100952,0.9397000074386597,0.9385499954223633,0.9391300082206726,19764.465870532276
2025-05-14 02:00:00+01:00,0.9391099810600281,0.9391999840736389,0.9377700090408325,0.9383999705314636,28322.367492746773
2025-05-14 03:00:00+01:00,0.9383699893951416,0.9390299916267395,0.9378700256347656,0.938539981842041,23510.26286895482
2025-05-14 04:00:00+01:00,0.938539981842041,0.938759982585907,0.9378499984741211,0.9386699795722961,18229.926868779174
2025-05-14 05:00:00+01:00,0.9387000203132629,0.9389700293540955,0.9378200173377991,0.9383100271224976,16441.930329477495
2025-05-14 06:00:00+01:00,0.9382799863815308,0.9391000270843506,0.9376800060272217,0.9389500021934509,19035.959108467523
2025-05-14 07:00:00+01:00,0.9389600157737732,0.9396499991416931,0.9384199976921082,0.9389600157737732,17928.35907321871
2025-05-14 08:00:00+01:00,0.9389700293540955,0.9400399923324585,0.938510000705719,0.9400100111961365,17374.830187498763
2025-05-14 09:00:00+01:00,0.9400100111961365,0.9401800036430359,0.9382699728012085,0.9391099810600281,16879.172448302397
2025-05-14 10:00:00+01:00,0.9391199946403503,0.9394099712371826,0.9370899796485901,0.9384199976921082,23042.38071609919
2025-05-14 11:00:00+01:00,0.9384099841117859,0.9386600255966187,0.936959981918335,0.9379900097846985,23015.1399344149
2025-05-14 12:00:00+01:00,0.9379900097846985,0.9388499855995178,0.9374099969863892,0.9387900233268738,22034.270394785948
2025-05-14 13:00:00+01:00,0.9388200044631958,0.9401999711990356,0.9380000233650208,0.9401100277900696,24345.248080739253
2025-05-14 14:00:00+01:00,0.9401199817657471,0.9405999779701233,0.9390199780464172,0.9402300119400024,29770.890600876253
2025-05-14 15:00:00+01:00,0.9402199983596802,0.9419000148773193,0.9393799901008606,0.9410200119018555,39310.969964285716
2025-05-14 16:00:00+01:00,0.9410200119018555,0.9416000247001648,0.9403600096702576,0.9409099817276001,32767.195780752623
2025-05-14 17:00:00+01:00,0.9409199953079224,0.9415299892425537,0.9404000043869019,0.9409300088882446,31157.02373705393
2025-05-14 18:00:00+01:00,0.9409499764442444,0.941540002822876,0.940280020236969,0.9412599802017212,32345.126693927716
2025-05-14 19:00:00+01:00,0.9412400126457214,0.9419299960136414,0.9406999945640564,0.941789984703064,35130.20573411098
2025-05-14 20:00:00+01:00,0.9417799711227417,0.9420999884605408,0.9411100149154663,0.9415299892425537,25129.01985691056
2025-05-14 21:00:00+01:00,0.9415299892425537,0.9416999816894531,0.9404799938201904,0.9410799741744995,31985.264190020996
2025-05-14 22:00:00+01:00,0.9406399726867676,0.9412999749183655,0.9394800066947937,0.9406800270080566,31219.92230282794
2025-05-14 23:00:00+01:00,0.9406599998474121,0.9411100149154663,0.9401400089263916,0.9408699870109558,28910.92856873906
2025-05-15 00:00:00+01:00,0.9409300088882446,0.941100001335144,0.9401999711990356,0.9406899809837341,31363.10194601422
2025-05-15 01:00:00+01:00,0.9407100081443787,0.9409300088882446,0.9397100210189819,0.9402099847793579,26862.53549679004
2025-05-15 02:00:00+01:00,0.9401800036430359,0.9404000043869019,0.9394599795341492,0.9399999976158142,19245.804899665553
2025-05-15 03:00:00+01:00,0.9400299787521362,0.9401199817657471,0.93927001953125,0.939740002155304,18292.08611671186
2025-05-15 04:00:00+01:00,0.9397299885749817,0.9398499727249146,0.9390400052070618,0.9398000240325928,17925.48784304394
2025-05-15 05:00:00+01:00,0.9398099780082703,0.9406999945640564,0.9393799901008606,0.9406099915504456,13836.975684811394
2025-05-15 06:00:00+01:00,0.9406099915504456,0.9408000111579895,0.9392600059509277,0.9399499893188477,15569.030576720594
2025-05-15 07:00:00+01:00,0.9399999976158142,0.9403499960899353,0.939300000667572,0.9398000240325928,15692.199932742502
2025-05-15 08:00:00+01:00,0.9398400187492371,0.9399600028991699,0.9377800226211548,0.9382500052452087,17365.36411464919
2025-05-15 09:00:00+01:00,0.9382399916648865,0.9383999705314636,0.9366999864578247,0.9377800226211548,18593.12376077989
2025-05-15 10:00:00+01:00,0.9377599954605103,0.9386000037193298,0.9370800256729126,0.9381800293922424,19579.272347008136
2025-05-15 11:00:00+01:00,0.9381800293922424,0.9387199878692627,0.9374099969863892,0.9384400248527527,19266.5926700805
2025-05-15 12:00:00+01:00,0.9384300112724304,0.9387099742889404,0.9375900030136108,0.9380999803543091,20890.87662542417
2025-05-15 13:00:00+01:00,0.9381099939346313,0.9381999969482422,0.9366099834442139,0.9375399947166443,25111.020560284105
2025-05-15 14:00:00+01:00,0.9375500082969666,0.9377099871635437,0.9355700016021729,0.9358900189399719,26724.530894128784
2025-05-15 15:00:00+01:00,0.9358699917793274,0.9365599751472473,0.9350399971008301,0.936269998550415,24841.716818386623
2025-05-15 16:00:00+01:00,0.9362900257110596,0.9365299940109253,0.9348599910736084,0.9352700114250183,27824.2278660776
2025-05-15 17:00:00+01:00,0.935259997844696,0.9356499910354614,0.9342600107192993,0.9353600144386292,29891.443944230046
2025-05-15 18:00:00+01:00,0.9353100061416626,0.9355000257492065,0.9345300197601318,0.9350600242614746,30671.878372512165
2025-05-15 19:00:00+01:00,0.9350500106811523,0.9352999925613403,0.9340999722480774,0.9346299767494202,27072.748009779236
2025-05-15 20:00:00+01:00,0.9346299767494202,0.9348499774932861,0.9335299730300903,0.9343600273132324,26036.029138734248
2025-05-15 21:00:00+01:00,0.9342899918556213,0.9348499774932861,0.9336400032043457,0.9346100091934204,26331.151985768047
2025-05-15 22:00:00+01:00,0.9356600046157837,0.9358699917793274,0.9339799880981445,0.9352399706840515,29787.857531953177
2025-05-15 23:00:00+01:00,0.9352399706840515,0.9353399872779846,0.9341099858283997,0.9345800280570984,27587.028443587038
2025-05-16 00:00:00+01:00,0.9344800114631653,0.934719979763031,0.9339399933815002,0.9343299865722656,25034.220014942104
2025-05-16 01:00:00+01:00,0.9343299865722656,0.9343299865722656,0.9331099987030029,0.9335600137710571,24419.55894355639
2025-05-16 02:00:00+01:00,0.9335500001907349,0.9337199926376343,0.9329800009727478,0.9335200190544128,27521.4179405339
2025-05-16 03:00:00+01:00,0.9335200190544128,0.934499979019165,0.9329599738121033,0.9344199895858765,26482.51753463389
2025-05-16 04:00:00+01:00,0.9344199895858765,0.9345999956130981,0.9336000084877014,0.9342600107192993,16674.478102167264
2025-05-16 05:00:00+01:00,0.9342399835586548,0.9349600076675415,0.9337800145149231,0.934939980506897,14721.825500473806
2025-05-16 06:00:00+01:00,0.9349200129508972,0.9351599812507629,0.9341099858283997,0.9349300265312195,17207.76821256153
2025-05-16 07:00:00+01:00,0.9349300265312195,0.935259997844696,0.9341300129890442,0.9348800182342529,18227.127585596656
2025-05-16 08:00:00+01:00,0.9348400235176086,0.9350399971008301,0.9331899881362915,0.9338300228118896,19449.743960630327
2025-05-16 09:00:00+01:00,0.9338499903678894,0.9358100295066833,0.9338300228118896,0.9355800151824951,17769.071591427462
2025-05-16 10:00:00+01:00,0.9355700016021729,0.9367200136184692,0.9351000189781189,0.9360799789428711,22358.396382052615
2025-05-16 11:00:00+01:00,0.9361100196838379,0.9373800158500671,0.9355599880218506,0.9371500015258789,25852.59138108592
2025-05-16 12:00:00+01:00,0.9371500015258789,0.9379199743270874,0.9365400075912476,0.9378399848937988,23153.198877051247
2025-05-16 13:00:00+01:00,0.9378799796104431,0.9382200241088867,0.9368100166320801,0.9374399781227112,24475.38242619061
2025-05-16 14:00:00+01:00,0.9374499917030334,0.937969982624054,0.9366400241851807,0.9370899796485901,23461.278452365812
2025-05-16 15:00:00+01:00,0.9370800256729126,0.9374600052833557,0.9356300234794617,0.9361400008201599,29281.06627517883
2025-05-16 16:00:00+01:00,0.9361400008201599,0.9365900158882141,0.9349799752235413,0.9353700280189514,23255.564719398528
2025-05-16 17:00:00+01:00,0.9353600144386292,0.9355199933052063,0.9345499873161316,0.9351199865341187,27496.574074959546
2025-05-16 18:00:00+01:00,0.9351000189781189,0.9353100061416626,0.9343900084495544,0.9350200295448303,26254.731535715997
2025-05-16 19:00:00+01:00,0.9350100159645081,0.9358299970626831,0.9344499707221985,0.9355599880218506,28420.510136747405
2025-05-16 20:00:00+01:00,0.9356300234794617,0.9358000159263611,0.9350100159645081,0.935509979724884,26336.888986121616
2025-05-16 21:00:00+01:00,0.9355000257492065,0.9356499910354614,0.9339100122451782,0.9346500039100647,28923.2978852323
2025-05-16 22:00:00+01:00,0.9348700046539307,0.9348700046539307,0.9348700046539307,0.9348700046539307,21988.603828441024
2025-05-19 00:00:00+01:00,0.9340500235557556,0.9348000288009644,0.9335500001907349,0.9345700144767761,23572.14686405861
2025-05-19 01:00:00+01:00,0.9345600008964539,0.9348000288009644,0.9335399866104126,0.9347000122070312,17654.29438001374
2025-05-19 02:00:00+01:00,0.9347400069236755,0.9350000023841858,0.9340800046920776,0.9347299933433533,21134.345955099558
2025-05-19 03:00:00+01:00,0.9347100257873535,0.9348800182342529,0.933650016784668,0.9341700077056885,18968.95750691339
2025-05-19 04:00:00+01:00,0.9341999888420105,0.934909999370575,0.9336900115013123,0.934689998626709,14724.998799286854
2025-05-19 05:00:00+01:00,0.9347000122070312,0.9354199767112732,0.9341199994087219,0.9352800250053406,17850.357588341874
2025-05-19 06:00:00+01:00,0.9352899789810181,0.9354000091552734,0.9343100190162659,0.9350100159645081,13772.356819586414
2025-05-19 07:00:00+01:00,0.9350100159645081,0.9362300038337708,0.9344599843025208,0.9350399971008301,14398.582540124868
2025-05-19 08:00:00+01:00,0.9350399971008301,0.9371200203895569,0.9344300031661987,0.9367700219154358,20428.644092296803
2025-05-19 09:00:00+01:00,0.9368600249290466,0.938289999961853,0.9362999796867371,0.9380199909210205,20239.915001106685
2025-05-19 10:00:00+01:00,0.938040018081665,0.9393600225448608,0.9374899864196777,0.939079999923706,27525.93025741077
2025-05-19 11:00:00+01:00,0.9391000270843506,0.939520001411438,0.9377300143241882,0.9391199946403503,26074.26489188705
2025-05-19 12:00:00+01:00,0.9391099810600281,0.9395400285720825,0.9383000135421753,0.9395300149917603,23542.00708063124
2025-05-19 13:00:00+01:00,0.9395300149917603,0.9396200180053711,0.9383800029754639,0.9391400218009949,28588.859798417645
2025-05-19 14:00:00+01:00,0.9391499757766724,0.9392300248146057,0.9369000196456909,0.9379000067710876,29297.47571149145
2025-05-19 15:00:00+01:00,0.9379199743270874,0.9382799863815308,0.9362000226974487,0.936739981174469,30891.870283561253
2025-05-19 16:00:00+01:00,0.936710000038147,0.937749981880188,0.9362199902534485,0.937309980392456,31112.254679031274
2025-05-19 17:00:00+01:00,0.9372900128364563,0.9380000233650208,0.9368699789047241,0.9375699758529663,38560.52998836863
2025-05-19 18:00:00+01:00,0.9375699758529663,0.9377999901771545,0.9368799924850464,0.9377099871635437,34497.48244925869
2025-05-19 19:00:00+01:00,0.937720000743866,0.9379000067710876,0.9371200203895569,0.9378899931907654,35368.61835995334
2025-05-19 20:00:00+01:00,0.9378899931907654,0.9381399750709534,0.9372000098228455,0.9377400279045105,29478.043824248754
2025-05-19 21:00:00+01:00,0.9377400279045105,0.9385499954223633,0.9373599886894226,0.9376299977302551,28584.819460298382
2025-05-19 22:00:00+01:00,0.9375399947166443,0.9383800029754639,0.9370899796485901,0.9379100203514099,25270.41983580286
2025-05-19 23:00:00+01:00,0.9380800127983093,0.9383100271224976,0.937470018863678,0.9378600120544434,20283.548007651345
2025-05-20 00:00:00+01:00,0.9379299879074097,0.9382200241088867,0.9375,0.9379199743270874,23315.61314952629
2025-05-20 01:00:00+01:00,0.9379400014877319,0.9382399916648865,0.937309980392456,0.9377999901771545,19185.39213101235
2025-05-20 02:00:00+01:00,0.9378100037574768,0.9380000233650208,0.9369500279426575,0.9379299879074097,18471.07868311758
2025-05-20 03:00:00+01:00,0.9379799962043762,0.9384999871253967,0.9375,0.9382100105285645,13325.865472252195
2025-05-20 04:00:00+01:00,0.9382200241088867,0.9382399916648865,0.9375200271606445,0.9380499720573425,12086.454803169225
2025-05-20 05:00:00+01:00,0.9380599856376648,0.9383299946784973,0.9375500082969666,0.938040018081665,7335.841597296901
2025-05-20 06:00:00+01:00,0.9380499720573425,0.9384199976921082,0.936959981918335,0.9374899864196777,6431.040015676924
2025-05-20 07:00:00+01:00,0.9375,0.9385200142860413,0.9369099736213684,0.9384599924087524,9206.7357231639
2025-05-20 08:00:00+01:00,0.9384700059890747,0.938510000705719,0.936519980430603,0.9376599788665771,13694.45242897548
2025-05-20 09:00:00+01:00,0.9376699924468994,0.9379000067710876,0.935920000076294,0.9365100264549255,15037.105749401851
2025-05-20 10:00:00+01:00,0.9365100264549255,0.9376099705696106,0.9359800219535828,0.937529981136322,16327.059098007618
2025-05-20 11:00:00+01:00,0.9375699758529663,0.9378499984741211,0.9368699789047241,0.9376400113105774,17465.467070446335
2025-05-20 12:00:00+01:00,0.9376599788665771,0.937749981880188,0.9362199902534485,0.9366899728775024,16276.09725984144
2025-05-20 13:00:00+01:00,0.9366899728775024,0.9370899796485901,0.9357799887657166,0.9369300007820129,21135.151009851146
2025-05-20 14:00:00+01:00,0.9369500279426575,0.9377999901771545,0.9361299872398376,0.9375799894332886,20514.71966967138
2025-05-20 15:00:00+01:00,0.9375799894332886,0.9376000165939331,0.9356099963188171,0.9365699887275696,25673.510714965756
2025-05-20 16:00:00+01:00,0.9365400075912476,0.9368000030517578,0.9354000091552734,0.9363600015640259,30736.667005733205
2025-05-20 17:00:00+01:00,0.9363700151443481,0.9368000030517578,0.9354900121688843,0.936680018901825,28019.225323617386
2025-05-20 18:00:00+01:00,0.9366700053215027,0.9369500279426575,0.9355499744415283,0.9360299706459045,27882.598895623098
2025-05-20 19:00:00+01:00,0.9360299706459045,0.9361000061035156,0.9347599744796753,0.9353700280189514,22437.641339660673
2025-05-20 20:00:00+01:00,0.9353700280189514,0.935920000076294,0.9349300265312195,0.9358199834823608,32416.732567584106
2025-05-20 21:00:00+01:00,0.9357900023460388,0.9358400106430054,0.9341999888420105,0.9341999888420105,33115.04348540245
2025-05-20 22:00:00+01:00,0.9341999888420105,0.9348000288009644,0.9338700175285339,0.9345399737358093,26517.370039209214
2025-05-20 23:00:00+01:00,0.934469997882843,0.9349600076675415,0.9318299889564514,0.9338799715042114,30379.825427182463
2025-05-21 00:00:00+01:00,0.9338799715042114,0.9339500069618225,0.9327300190925598,0.9331700205802917,26655.20589238313
2025-05-21 01:00:00+01:00,0.9332000017166138,0.9333999752998352,0.9323599934577942,0.933139979839325,25844.828210874522
2025-05-21 02:00:00+01:00,0.9331499934196472,0.9333299994468689,0.9320999979972839,0.9328799843788147,26386.478126191192
2025-05-21 03:00:00+01:00,0.9328699707984924,0.932889997959137,0.9312000274658203,0.9319300055503845,33561.18119430632
2025-05-21 04:00:00+01:00,0.93190997838974,0.9324399828910828,0.9314799904823303,0.9323300123214722,24580.486747659113
2025-05-21 05:00:00+01:00,0.9323099851608276,0.9326000213623047,0.9309599995613098,0.9314900040626526,28848.39847012556
2025-05-21 06:00:00+01:00,0.9315099716186523,0.9322599768638611,0.9310700297355652,0.9319900274276733,22860.623118728858
2025-05-21 07:00:00+01:00,0.9319900274276733,0.9325199723243713,0.9311500191688538,0.9320099949836731,27205.23640843423
2025-05-21 08:00:00+01:00,0.9320099949836731,0.9338899850845337,0.9315699934959412,0.933210015296936,24130.04663359234
2025-05-21 09:00:00+01:00,0.9332299828529358,0.9349799752235413,0.9327700138092041,0.9346100091934204,32056.713385729807
2025-05-21 10:00:00+01:00,0.9346100091934204,0.9351999759674072,0.9338899850845337,0.934499979019165,33637.36858228757
2025-05-21 11:00:00+01:00,0.934469997882843,0.9349600076675415,0.9333900213241577,0.9343000054359436,29596.650543827618
2025-05-21 12:00:00+01:00,0.9343000054359436,0.9348300099372864,0.9337800145149231,0.9348300099372864,28857.29517938363
2025-05-21 13:00:00+01:00,0.9348199963569641,0.9355499744415283,0.9336599707603455,0.9346500039100647,26511.19121939785
2025-05-21 14:00:00+01:00,0.9346299767494202,0.9354699850082397,0.9338700175285339,0.9354299902915955,27744.545659505944
2025-05-21 15:00:00+01:00,0.9354400038719177,0.9361699819564819,0.9341899752616882,0.9349200129508972,31410.61100363513
2025-05-21 16:00:00+01:00,0.934909999370575,0.9359899759292603,0.9345099925994873,0.9358299970626831,34295.857844205355
2025-05-21 17:00:00+01:00,0.9358299970626831,0.9363399744033813,0.9352999925613403,0.9357399940490723,28169.28302972523
2025-05-21 18:00:00+01:00,0.9357500076293945,0.9361500144004822,0.9339399933815002,0.9349300265312195,31675.246947070766
2025-05-21 19:00:00+01:00,0.934939980506897,0.9351599812507629,0.9340400099754333,0.9351099729537964,35896.15518530988
2025-05-21 20:00:00+01:00,0.9351099729537964,0.9352700114250183,0.934220016002655,0.9347100257873535,33268.69778901587
2025-05-21 21:00:00+01:00,0.934689998626709,0.9352200031280518,0.9340100288391113,0.9346799850463867,31832.62755488095
2025-05-21 22:00:00+01:00,0.9348800182342529,0.9352700114250183,0.9335299730300903,0.9342600107192993,34599.179322809774
2025-05-21 23:00:00+01:00,0.934149980545044,0.9353500008583069,0.934149980545044,0.934939980506897,27220.712445735946
2025-05-22 00:00:00+01:00,0.9350500106811523,0.9351199865341187,0.9343299865722656,0.9347500205039978,24131.61382502639
2025-05-22 01:00:00+01:00,0.9347000122070312,0.9350000023841858,0.9337800145149231,0.9344199895858765,23094.56749940969
2025-05-22 02:00:00+01:00,0.9344000220298767,0.9346399903297424,0.9337199926376343,0.9345800280570984,22265.26973162506
2025-05-22 03:00:00+01:00,0.9345499873161316,0.9348000288009644,0.9335899949073792,0.9340999722480774,20588.66405975947
2025-05-22 04:00:00+01:00,0.9341300129890442,0.9347000122070312,0.933709979057312,0.934440016746521,18496.513616711083
2025-05-22 05:00:00+01:00,0.9344199895858765,0.9345499873161316,0.9338300228118896,0.9344900250434875,16012.043558831965
2025-05-22 06:00:00+01:00,0.934499979019165,0.9350200295448303,0.933709979057312,0.9348599910736084,17584.25343108014
2025-05-22 07:00:00+01:00,0.9348700046539307,0.9351400136947632,0.9338300228118896,0.9346100091934204,18469.852295825174
2025-05-22 08:00:00+01:00,0.9346100091934204,0.9348599910736084,0.9326599836349487,0.9333699941635132,16659.84598227115
2025-05-22 09:00:00+01:00,0.9334700107574463,0.9344000220298767,0.9330999851226807,0.9337800145149231,16713.020085403343
2025-05-22 10:00:00+01:00,0.9337800145149231,0.9338200092315674,0.932640016078949,0.9335100054740906,18700.48852378251
2025-05-22 11:00:00+01:00,0.933489978313446,0.9341199994087219,0.932889997959137,0.9338200092315674,19271.480400969256
2025-05-22 12:00:00+01:00,0.9338399767875671,0.9347699880599976,0.9333999752998352,0.9339900016784668,13541.480624455187
2025-05-22 13:00:00+01:00,0.9339900016784668,0.9346799850463867,0.9331600069999695,0.9344000220298767,16100.482921712008
2025-05-22 14:00:00+01:00,0.9344099760055542,0.9350900053977966,0.9338499903678894,0.9345700144767761,17941.04090598561
2025-05-22 15:00:00+01:00,0.9345899820327759,0.9352999925613403,0.9338200092315674,0.9346500039100647,22471.322390834426
2025-05-22 16:00:00+01:00,0.934660017490387,0.9354299902915955,0.9340699911117554,0.9353399872779846,19213.40471940387
2025-05-22 17:00:00+01:00,0.9353299736976624,0.9355000257492065,0.9340599775314331,0.934440016746521,23890.876000353604
2025-05-22 18:00:00+01:00,0.9344599843025208,0.9351699948310852,0.9339500069618225,0.9350100159645081,19618.312551583218
2025-05-22 19:00:00+01:00,0.9350100159645081,0.9352999925613403,0.9344199895858765,0.9351199865341187,22121.829443025963
2025-05-22 20:00:00+01:00,0.9351099729537964,0.9354000091552734,0.9340299963951111,0.9346299767494202,20321.42397974854
2025-05-22 21:00:00+01:00,0.9346299767494202,0.9351000189781189,0.9340000152587891,0.9346299767494202,24657.017594028042
2025-05-22 22:00:00+01:00,0.9354900121688843,0.9356399774551392,0.9339699745178223,0.934499979019165,18128.858490971106
2025-05-22 23:00:00+01:00,0.9345099925994873,0.9351599812507629,0.9341700077056885,0.9345999956130981,21398.02256377824
2025-05-23 00:00:00+01:00,0.9346200227737427,0.9347500205039978,0.9339900016784668,0.9345499873161316,22168.68236449097
2025-05-23 01:00:00+01:00,0.9345600008964539,0.9352999925613403,0.9341099858283997,0.9352399706840515,17426.36812001143
2025-05-23 02:00:00+01:00,0.9352700114250183,0.9356300234794617,0.9347800016403198,0.9353100061416626,19360.758305934953
2025-05-23 03:00:00+01:00,0.9353399872779846,0.9354000091552734,0.9345999956130981,0.9350699782371521,14269.116831054833
2025-05-23 04:00:00+01:00,0.9350799918174744,0.9354000091552734,0.9344199895858765,0.9349799752235413,14342.62920322886
2025-05-23 05:00:00+01:00,0.9350000023841858,0.9354400038719177,0.9344599843025208,0.9352700114250183,12950.480144331299
2025-05-23 06:00:00+01:00,0.9352700114250183,0.9355999827384949,0.9345899820327759,0.9352899789810181,15186.16638997039
2025-05-23 07:00:00+01:00,0.9353299736976624,0.9358199834823608,0.9347500205039978,0.9351199865341187,10546.212868483515
2025-05-23 08:00:00+01:00,0.9351099729537964,0.9365400075912476,0.9346299767494202,0.9364100098609924,13559.363966673222
2025-05-23 09:00:00+01:00,0.9363899827003479,0.9373999834060669,0.9358400106430054,0.9370899796485901,18495.1960979123
2025-05-23 10:00:00+01:00,0.9371100068092346,0.9379000067710876,0.9362900257110596,0.9376800060272217,14304.779066099205
2025-05-23 11:00:00+01:00,0.9376800060272217,0.9379500150680542,0.9368799924850464,0.9378899931907654,15064.77413442127
2025-05-23 12:00:00+01:00,0.9379000067710876,0.938040018081665,0.929069995880127,0.9315699934959412,32831.7308470962
2025-05-23 13:00:00+01:00,0.9315699934959412,0.9337999820709229,0.9296600222587585,0.9329900145530701,46952.39105843723
2025-05-23 14:00:00+01:00,0.9330499768257141,0.9331799745559692,0.9312700033187866,0.9318100214004517,49301.7288432587
2025-05-23 15:00:00+01:00,0.9317700266838074,0.9329299926757812,0.9309499859809875,0.93163001537323,49170.65358911974
2025-05-23 16:00:00+01:00,0.9316200017929077,0.9329000115394592,0.930869996547699,0.9322699904441833,47954.08351381643
2025-05-23 17:00:00+01:00,0.9322500228881836,0.9327999949455261,0.9318400025367737,0.9323800206184387,58941.609971978214
2025-05-23 18:00:00+01:00,0.9323599934577942,0.932919979095459,0.9318000078201294,0.9327399730682373,56401.08344911221
2025-05-23 19:00:00+01:00,0.9327499866485596,0.9330999851226807,0.9320999979972839,0.9324399828910828,54483.29378967283
2025-05-23 20:00:00+01:00,0.9324399828910828,0.9328100085258484,0.9319700002670288,0.932699978351593,52861.59901700683
2025-05-23 21:00:00+01:00,0.9326900243759155,0.9333800077438354,0.9319999814033508,0.9327899813652039,46429.02940240514
2025-05-23 22:00:00+01:00,0.9327399730682373,0.9327399730682373,0.9327399730682373,0.9327399730682373,54625.95530321743
2025-05-26 00:00:00+01:00,0.934689998626709,0.9355000257492065,0.9342700242996216,0.9354000091552734,52571.14826364233
2025-05-26 01:00:00+01:00,0.9353700280189514,0.9367600083351135,0.9349499940872192,0.936460018157959,54457.251667453624
2025-05-26 02:00:00+01:00,0.936460018157959,0.936460018157959,0.9351400136947632,0.9359099864959717,54847.69992817027
2025-05-26 03:00:00+01:00,0.935920000076294,0.9359300136566162,0.9348199963569641,0.9354900121688843,34430.38475571521
2025-05-26 04:00:00+01:00,0.9355000257492065,0.9360399842262268,0.9350299835205078,0.9359700083732605,21531.103834594196
2025-05-26 05:00:00+01:00,0.9359800219535828,0.9359999895095825,0.9351999759674072,0.9359099864959717,23338.17546939599
2025-05-26 06:00:00+01:00,0.9359400272369385,0.9365000128746033,0.935509979724884,0.9361199736595154,18502.907027098023
2025-05-26 07:00:00+01:00,0.9361400008201599,0.936489999294281,0.9354299902915955,0.9358800053596497,15136.503067282125
2025-05-26 08:00:00+01:00,0.9358599781990051,0.9359400272369385,0.9343100190162659,0.9354699850082397,16075.827806732294
2025-05-26 09:00:00+01:00,0.9354699850082397,0.9357900023460388,0.9348499774932861,0.9353299736976624,18597.054656594053
2025-05-26 10:00:00+01:00,0.9353200197219849,0.9358000159263611,0.9338700175285339,0.9343299865722656,17431.36647302762
2025-05-26 11:00:00+01:00,0.9343100190162659,0.935259997844696,0.9338399767875671,0.9351599812507629,18497.71556763227
2025-05-26 12:00:00+01:00,0.9351400136947632,0.9358000159263611,0.934469997882843,0.9356200098991394,18818.509755478284
2025-05-26 13:00:00+01:00,0.9356399774551392,0.9361100196838379,0.9350500106811523,0.9359599947929382,24710.32125798043
2025-05-26 14:00:00+01:00,0.9359800219535828,0.9365000128746033,0.9339200258255005,0.9343600273132324,26788.75297049933
2025-05-26 15:00:00+01:00,0.9342700242996216,0.9344599843025208,0.9329599738121033,0.9336400032043457,24366.612816102115
2025-05-26 16:00:00+01:00,0.9336400032043457,0.933899998664856,0.9329299926757812,0.9338600039482117,20133.260195336585
2025-05-26 17:00:00+01:00,0.9338700175285339,0.9341199994087219,0.9330899715423584,0.9336900115013123,22820.31508643866
2025-05-26 18:00:00+01:00,0.9336699843406677,0.9340999722480774,0.9332299828529358,0.9339900016784668,19974.57421245349
2025-05-26 19:00:00+01:00,0.9340400099754333,0.9343000054359436,0.9335600137710571,0.9340699911117554,18674.23326159372
2025-05-26 20:00:00+01:00,0.9340500235557556,0.9344099760055542,0.9336400032043457,0.9343799948692322,17598.874520376517
2025-05-26 21:00:00+01:00,0.9344000220298767,0.9348599910736084,0.9338399767875671,0.9341300129890442,17694.000784210166
2025-05-26 22:00:00+01:00,0.9344099760055542,0.9348999857902527,0.933210015296936,0.9341400265693665,20802.724055479157
2025-05-26 23:00:00+01:00,0.9341199994087219,0.9348499774932861,0.9335899949073792,0.9345899820327759,20702.82433632152
2025-05-27 00:00:00+01:00,0.9346200227737427,0.9348000288009644,0.9338399767875671,0.9343299865722656,14815.836199000381
2025-05-27 01:00:00+01:00,0.9343100190162659,0.9345600008964539,0.9335200190544128,0.934469997882843,16862.100560922958
2025-05-27 02:00:00+01:00,0.9344599843025208,0.934469997882843,0.9334400296211243,0.9340599775314331,15806.73745619998
2025-05-27 03:00:00+01:00,0.9340800046920776,0.9343500137329102,0.9331499934196472,0.9342399835586548,16739.474642823825
2025-05-27 04:00:00+01:00,0.9342600107192993,0.9347400069236755,0.9336900115013123,0.9347100257873535,14348.517878858676
2025-05-27 05:00:00+01:00,0.9347100257873535,0.9350600242614746,0.9341599941253662,0.9348700046539307,10669.727181074859
2025-05-27 06:00:00+01:00,0.9348700046539307,0.935230016708374,0.9340900182723999,0.9349499940872192,11703.377901565018
2025-05-27 07:00:00+01:00,0.9349499940872192,0.9355000257492065,0.9338499903678894,0.9348000288009644,11454.43199781048
2025-05-27 08:00:00+01:00,0.9348000288009644,0.9358400106430054,0.9339600205421448,0.9356600046157837,15047.951186435559
2025-05-27 09:00:00+01:00,0.935670018196106,0.9369199872016907,0.9350699782371521,0.9362099766731262,19152.297373026588
2025-05-27 10:00:00+01:00,0.9362499713897705,0.9376299977302551,0.9356799721717834,0.9374200105667114,24179.421816126178
2025-05-27 11:00:00+01:00,0.9373999834060669,0.9385300278663635,0.9368799924850464,0.9384700059890747,24202.573707687538
2025-05-27 12:00:00+01:00,0.9384400248527527,0.9386600255966187,0.9373000264167786,0.9381899833679199,21686.283913323885
2025-05-27 13:00:00+01:00,0.9381800293922424,0.9390900135040283,0.9376099705696106,0.9381200075149536,21762.97801081726
2025-05-27 14:00:00+01:00,0.9381600022315979,0.9382299780845642,0.9369199872016907,0.9373999834060669,23370.24165297661
2025-05-27 15:00:00+01:00,0.9374600052833557,0.9382100105285645,0.9369099736213684,0.9376699924468994,21343.74542151717
2025-05-27 16:00:00+01:00,0.9376699924468994,0.9380599856376648,0.9366300106048584,0.9375500082969666,22107.41125706576
2025-05-27 17:00:00+01:00,0.9375600218772888,0.9377099871635437,0.9364799857139587,0.9371299743652344,25937.489660628627
2025-05-27 18:00:00+01:00,0.9371399879455566,0.9377300143241882,0.9364799857139587,0.9376299977302551,24575.083835068428
2025-05-27 19:00:00+01:00,0.9376400113105774,0.9378399848937988,0.9368000030517578,0.9377599954605103,29170.922069729215
2025-05-27 20:00:00+01:00,0.9377700090408325,0.9380300045013428,0.9370499849319458,0.9376099705696106,31615.94669278864
2025-05-27 21:00:00+01:00,0.9376299977302551,0.9376500248908997,0.936739981174469,0.9372000098228455,29236.171626746065
2025-05-27 22:00:00+01:00,0.9373800158500671,0.9375,0.9359599947929382,0.9373199939727783,23021.457944382164
2025-05-27 23:00:00+01:00,0.9372000098228455,0.9376299977302551,0.9366300106048584,0.9375500082969666,20516.949962438095
2025-05-28 00:00:00+01:00,0.9375200271606445,0.9380300045013428,0.9368699789047241,0.9379299879074097,16266.614446696813
2025-05-28 01:00:00+01:00,0.9379100203514099,0.9380999803543091,0.9371100068092346,0.9377300143241882,16400.965207734047
2025-05-28 02:00:00+01:00,0.9376999735832214,0.9383800029754639,0.9363499879837036,0.9370800256729126,20136.959200016077
2025-05-28 03:00:00+01:00,0.9370599985122681,0.9373999834060669,0.9362599849700928,0.9370099902153015,18997.327086009995
2025-05-28 04:00:00+01:00,0.9369999766349792,0.9370999932289124,0.9357200264930725,0.9363399744033813,20356.949621706128
2025-05-28 05:00:00+01:00,0.9362800121307373,0.9366999864578247,0.9356399774551392,0.9366300106048584,20084.01296867257
2025-05-28 06:00:00+01:00,0.9366199970245361,0.936739981174469,0.9355999827384949,0.936739981174469,16308.078858909448
2025-05-28 07:00:00+01:00,0.936739981174469,0.9368000030517578,0.9352700114250183,0.9361000061035156,16881.27007187129
2025-05-28 08:00:00+01:00,0.9360899925231934,0.936240017414093,0.934719979763031,0.9356200098991394,19173.969762261935
2025-05-28 09:00:00+01:00,0.9356300234794617,0.9372000098228455,0.9352200031280518,0.9367799758911133,18011.578660720574
2025-05-28 10:00:00+01:00,0.9367899894714355,0.9376999735832214,0.9357100129127502,0.9373400211334229,21502.022518896065
2025-05-28 11:00:00+01:00,0.9373400211334229,0.9380000233650208,0.9366700053215027,0.9377700090408325,25898.371431833617
2025-05-28 12:00:00+01:00,0.937749981880188,0.9379199743270874,0.9357600212097168,0.9363300204277039,26980.376911477233
2025-05-28 13:00:00+01:00,0.9363300204277039,0.9365800023078918,0.9345999956130981,0.935949981212616,34902.66129372836
2025-05-28 14:00:00+01:00,0.935949981212616,0.9369000196456909,0.9350799918174744,0.936240017414093,32773.011113428896
2025-05-28 15:00:00+01:00,0.9362000226974487,0.936460018157959,0.9330400228500366,0.9339100122451782,40318.57414817956
2025-05-28 16:00:00+01:00,0.933899998664856,0.9345499873161316,0.9330800175666809,0.9341800212860107,42037.00769931224
2025-05-28 17:00:00+01:00,0.9341599941253662,0.9348000288009644,0.9333999752998352,0.9340599775314331,33895.71972112303
2025-05-28 18:00:00+01:00,0.9340599775314331,0.9344000220298767,0.9333000183105469,0.9338300228118896,35079.99855732838
2025-05-28 19:00:00+01:00,0.9337499737739563,0.9341999888420105,0.9331700205802917,0.9341099858283997,34232.85819736271
2025-05-28 20:00:00+01:00,0.9341099858283997,0.9343400001525879,0.9333299994468689,0.9339399933815002,41948.460730171886
2025-05-28 21:00:00+01:00,0.9339100122451782,0.9343000054359436,0.9332000017166138,0.933650016784668,38401.21718771238
2025-05-28 22:00:00+01:00,0.9336699843406677,0.9341999888420105,0.9333000183105469,0.9339200258255005,38830.87508440086
2025-05-28 23:00:00+01:00,0.9340800046920776,0.9345899820327759,0.9336400032043457,0.9345600008964539,22605.500095699917
2025-05-29 00:00:00+01:00,0.9345399737358093,0.9365599751472473,0.9342300295829773,0.9350600242614746,34791.79329938522
2025-05-29 01:00:00+01:00,0.9350600242614746,0.9372000098228455,0.9348300099372864,0.936680018901825,38589.41567062232
2025-05-29 02:00:00+01:00,0.9366899728775024,0.9370399713516235,0.9359400272369385,0.9364100098609924,35044.548505697465
2025-05-29 03:00:00+01:00,0.9363999962806702,0.9366999864578247,0.9358699917793274,0.936519980430603,23782.46419430763
2025-05-29 04:00:00+01:00,0.9365299940109253,0.9366400241851807,0.9356200098991394,0.9361299872398376,24292.106814594317
2025-05-29 05:00:00+01:00,0.9361500144004822,0.936739981174469,0.9352399706840515,0.9359899759292603,19852.224697568174
2025-05-29 06:00:00+01:00,0.9359999895095825,0.9366999864578247,0.9354299902915955,0.9363999962806702,19567.365098558275
2025-05-29 07:00:00+01:00,0.9363999962806702,0.9370999932289124,0.9359999895095825,0.9366499781608582,18544.311550785682
2025-05-29 08:00:00+01:00,0.9366899728775024,0.9367300271987915,0.9348599910736084,0.9356200098991394,21383.51809577787
2025-05-29 09:00:00+01:00,0.9356300234794617,0.9357200264930725,0.9346699714660645,0.935230016708374,24483.913849973218
2025-05-29 10:00:00+01:00,0.9352700114250183,0.935509979724884,0.9345499873161316,0.9353399872779846,23026.953715550888
2025-05-29 11:00:00+01:00,0.9353399872779846,0.9354299902915955,0.9336199760437012,0.9342700242996216,21564.229170349256
2025-05-29 12:00:00+01:00,0.9342700242996216,0.9345999956130981,0.933430016040802,0.9337700009346008,19818.201112809522
2025-05-29 13:00:00+01:00,0.9337800145149231,0.935670018196106,0.9331300258636475,0.9355900287628174,31220.70531983698
2025-05-29 14:00:00+01:00,0.9356499910354614,0.9358100295066833,0.9345399737358093,0.9354699850082397,26973.97589988032
2025-05-29 15:00:00+01:00,0.935479998588562,0.9362000226974487,0.9348800182342529,0.9357200264930725,25178.590696405478
2025-05-29 16:00:00+01:00,0.9357200264930725,0.9360100030899048,0.934660017490387,0.935479998588562,19246.469544949938
2025-05-29 17:00:00+01:00,0.9354699850082397,0.9364299774169922,0.9349300265312195,0.9358800053596497,25527.494816482376
2025-05-29 18:00:00+01:00,0.9359099864959717,0.9363999962806702,0.9351000189781189,0.9355900287628174,28390.832782421578
2025-05-29 19:00:00+01:00,0.9355900287628174,0.9358999729156494,0.934939980506897,0.9354299902915955,28055.237725483308
2025-05-29 20:00:00+01:00,0.9354299902915955,0.9357200264930725,0.9349600076675415,0.9354699850082397,19673.776052755165
2025-05-29 21:00:00+01:00,0.935479998588562,0.935699999332428,0.934660017490387,0.934689998626709,24405.025589006804
2025-05-29 22:00:00+01:00,0.9356600046157837,0.9357500076293945,0.9347299933433533,0.9349600076675415,19347.28964383566
2025-05-29 23:00:00+01:00,0.9347800016403198,0.9355199933052063,0.9345600008964539,0.9352099895477295,21766.852639469773
2025-05-30 00:00:00+01:00,0.9352499842643738,0.9354599714279175,0.9347599744796753,0.9351800084114075,20080.871167357687
2025-05-30 01:00:00+01:00,0.9351900219917297,0.93572998046875,0.934220016002655,0.9347699880599976,21045.0470838671
2025-05-30 02:00:00+01:00,0.9347699880599976,0.9348400235176086,0.9333900213241577,0.9339399933815002,20688.271868974254
2025-05-30 03:00:00+01:00,0.9339399933815002,0.9344000220298767,0.9335399866104126,0.9342899918556213,13005.354984649792
2025-05-30 04:00:00+01:00,0.9342899918556213,0.934499979019165,0.9337000250816345,0.9341400265693665,13708.47526985219
2025-05-30 05:00:00+01:00,0.9341300129890442,0.9342300295829773,0.9331600069999695,0.9337499737739563,10802.019358471609
2025-05-30 06:00:00+01:00,0.9337300062179565,0.9343000054359436,0.9332900047302246,0.9338799715042114,10546.28672379339
2025-05-30 07:00:00+01:00,0.9340100288391113,0.9345399737358093,0.9334700107574463,0.9341099858283997,9871.161570813532
2025-05-30 08:00:00+01:00,0.9341300129890442,0.9345899820327759,0.9334999918937683,0.9341800212860107,9402.750793923713
2025-05-30 09:00:00+01:00,0.9341800212860107,0.9347100257873535,0.9326500296592712,0.9329900145530701,9567.276510635149
2025-05-30 10:00:00+01:00,0.9329900145530701,0.9335500001907349,0.9323999881744385,0.9331899881362915,14793.130533449295
2025-05-30 11:00:00+01:00,0.9332200288772583,0.9340199828147888,0.9326300024986267,0.9339900016784668,15173.743186767755
2025-05-30 12:00:00+01:00,0.9339900016784668,0.9344499707221985,0.9334700107574463,0.9342300295829773,15026.821516687656
2025-05-30 13:00:00+01:00,0.9342300295829773,0.9343600273132324,0.9322800040245056,0.9333000183105469,18721.076897394803
2025-05-30 14:00:00+01:00,0.9332399964332581,0.9334999918937683,0.9319599866867065,0.9322500228881836,20666.305874632522
2025-05-30 15:00:00+01:00,0.9323499798774719,0.9337700009346008,0.931659996509552,0.9325299859046936,22123.331279436712
2025-05-30 16:00:00+01:00,0.9325399994850159,0.9340800046920776,0.9324100017547607,0.9337999820709229,20217.880425279593
2025-05-30 17:00:00+01:00,0.9337700009346008,0.933899998664856,0.9324100017547607,0.9332200288772583,24766.699834991774
2025-05-30 18:00:00+01:00,0.9332000017166138,0.9337499737739563,0.9327099919319153,0.9332299828529358,24302.625976972213
2025-05-30 19:00:00+01:00,0.9332399964332581,0.9340999722480774,0.9328299760818481,0.9340500235557556,23194.949494587767
2025-05-30 20:00:00+01:00,0.9340599775314331,0.9344000220298767,0.9335399866104126,0.934220016002655,22717.854353918236
2025-05-30 21:00:00+01:00,0.934249997138977,0.9343600273132324,0.9328799843788147,0.9329900145530701,27345.549909681227
2025-05-30 22:00:00+01:00,0.9328799843788147,0.9328799843788147,0.9328799843788147,0.9328799843788147,27297.423682904304
2025-06-02 00:00:00+01:00,0.933459997177124,0.9337400197982788,0.9329000115394592,0.9334999918937683,20767.534332056162
2025-06-02 01:00:00+01:00,0.9334800243377686,0.9343000054359436,0.9329900145530701,0.9341800212860107,21077.77760184286
2025-06-02 02:00:00+01:00,0.9341800212860107,0.9348000288009644,0.93367999792099,0.9343000054359436,21480.534933939543
2025-06-02 03:00:00+01:00,0.9343100190162659,0.9348499774932861,0.9338799715042114,0.9345800280570984,21214.26427269229
2025-06-02 04:00:00+01:00,0.9345399737358093,0.9346100091934204,0.9339200258255005,0.9343400001525879,18278.228170260896
2025-06-02 05:00:00+01:00,0.9343199729919434,0.9348000288009644,0.9339399933815002,0.9346799850463867,14071.153145673361
2025-06-02 06:00:00+01:00,0.9347000122070312,0.9348000288009644,0.933430016040802,0.9337800145149231,13751.906919474786
2025-06-02 07:00:00+01:00,0.9338200092315674,0.9349600076675415,0.9336000084877014,0.9349200129508972,11948.265765512035
2025-06-02 08:00:00+01:00,0.9348400235176086,0.9353799819946289,0.9338399767875671,0.9343699812889099,11704.123469717288
2025-06-02 09:00:00+01:00,0.9343500137329102,0.9349600076675415,0.9333699941635132,0.9338300228118896,14453.455768293163
2025-06-02 10:00:00+01:00,0.9338099956512451,0.9340299963951111,0.9322400093078613,0.9332299828529358,14771.856698914415
2025-06-02 11:00:00+01:00,0.9332399964332581,0.9340999722480774,0.9327399730682373,0.9339699745178223,16399.988105843444
2025-06-02 12:00:00+01:00,0.9339699745178223,0.9343500137329102,0.9329400062561035,0.9335299730300903,16679.626643827887
2025-06-02 13:00:00+01:00,0.9335500001907349,0.9343000054359436,0.9329800009727478,0.9340500235557556,19114.038697839922
2025-06-02 14:00:00+01:00,0.9340599775314331,0.9343299865722656,0.933139979839325,0.9338499903678894,15235.201738896803
2025-06-02 15:00:00+01:00,0.9340199828147888,0.9350600242614746,0.9330000281333923,0.9338200092315674,22212.490842535706
2025-06-02 16:00:00+01:00,0.9338200092315674,0.9345700144767761,0.9333699941635132,0.9343400001525879,21956.503545937536
2025-06-02 17:00:00+01:00,0.9343500137329102,0.9344099760055542,0.9333000183105469,0.9340299963951111,24639.198978041175
2025-06-02 18:00:00+01:00,0.9340400099754333,0.9346500039100647,0.9336400032043457,0.9345200061798096,23090.75352763941
2025-06-02 19:00:00+01:00,0.9344900250434875,0.9348499774932861,0.9338300228118896,0.9346699714660645,23375.41898654113
2025-06-02 20:00:00+01:00,0.9347000122070312,0.9348199963569641,0.9340100288391113,0.9347100257873535,24377.735037039227
2025-06-02 21:00:00+01:00,0.9347100257873535,0.9350000023841858,0.9341599941253662,0.9342799782752991,21667.0272415504
2025-06-02 22:00:00+01:00,0.9342700242996216,0.9359400272369385,0.9337999820709229,0.9345700144767761,23311.034767614874
2025-06-02 23:00:00+01:00,0.9344599843025208,0.9348300099372864,0.9340100288391113,0.9345200061798096,22709.313733244508
2025-06-03 00:00:00+01:00,0.9344499707221985,0.9348300099372864,0.9339699745178223,0.934499979019165,16979.857642265422
2025-06-03 01:00:00+01:00,0.9344800114631653,0.9350000023841858,0.9340400099754333,0.9348899722099304,18347.043984249645
2025-06-03 02:00:00+01:00,0.9348599910736084,0.9353500008583069,0.9341999888420105,0.9350299835205078,17236.67449462771
2025-06-03 03:00:00+01:00,0.9350399971008301,0.9351999759674072,0.9342799782752991,0.9350100159645081,14942.131450045916
2025-06-03 04:00:00+01:00,0.9350200295448303,0.9351999759674072,0.934220016002655,0.9347599744796753,13402.294687602787
2025-06-03 05:00:00+01:00,0.9347500205039978,0.9348000288009644,0.9339399933815002,0.9344199895858765,12363.206611884103
2025-06-03 06:00:00+01:00,0.9344099760055542,0.9345499873161316,0.933650016784668,0.9341899752616882,7943.68019043684
2025-06-03 07:00:00+01:00,0.9341800212860107,0.9351999759674072,0.9335799813270569,0.9350500106811523,11086.331182939652
2025-06-03 08:00:00+01:00,0.9350500106811523,0.9351099729537964,0.9329900145530701,0.9335899949073792,15334.682637075928
2025-06-03 09:00:00+01:00,0.9336000084877014,0.9345999956130981,0.9328500032424927,0.934469997882843,17892.077824698586
2025-06-03 10:00:00+01:00,0.9343799948692322,0.9346399903297424,0.9336900115013123,0.9341400265693665,18718.660634760017
2025-06-03 11:00:00+01:00,0.9341099858283997,0.9350000023841858,0.9335500001907349,0.9348099827766418,16675.01213077078
2025-06-03 12:00:00+01:00,0.9348000288009644,0.9356200098991394,0.9342399835586548,0.9353200197219849,15919.468713054152
2025-06-03 13:00:00+01:00,0.9353100061416626,0.9369800090789795,0.9348400235176086,0.9368500113487244,23134.547521496526
2025-06-03 14:00:00+01:00,0.9368500113487244,0.9375,0.9353799819946289,0.9370399713516235,22125.589871449905
2025-06-03 15:00:00+01:00,0.9374200105667114,0.9381600022315979,0.9365900158882141,0.9376999735832214,29827.787738018145
2025-06-03 16:00:00+01:00,0.9376999735832214,0.937749981880188,0.936489999294281,0.9373700022697449,26211.76439445969
2025-06-03 17:00:00+01:00,0.9373700022697449,0.9374300241470337,0.9365500211715698,0.937030017375946,28006.893895159526
2025-06-03 18:00:00+01:00,0.9370499849319458,0.9373000264167786,0.9365000128746033,0.9368500113487244,26261.900406738172
2025-06-03 19:00:00+01:00,0.9368500113487244,0.9369699954986572,0.9361600279808044,0.9369400143623352,29522.297751949394
2025-06-03 20:00:00+01:00,0.936959981918335,0.9370999932289124,0.9363200068473816,0.9369500279426575,21688.192064241917
2025-06-03 21:00:00+01:00,0.9369500279426575,0.9371299743652344,0.9362999796867371,0.9362999796867371,24442.72539110605
2025-06-03 22:00:00+01:00,0.9363099932670593,0.9369999766349792,0.9358599781990051,0.9365800023078918,20070.4175507956
2025-06-03 23:00:00+01:00,0.936489999294281,0.9369999766349792,0.9362999796867371,0.9368900060653687,17560.20019961274
2025-06-04 00:00:00+01:00,0.9369000196456909,0.9369999766349792,0.9362900257110596,0.9368399977684021,16821.86936106338
2025-06-04 01:00:00+01:00,0.9368399977684021,0.9373499751091003,0.9363099932670593,0.9372599720954895,14413.397033967583
2025-06-04 02:00:00+01:00,0.9372599720954895,0.937529981136322,0.9364799857139587,0.9369900226593018,12800.496134640223
2025-06-04 03:00:00+01:00,0.9370099902153015,0.9370499849319458,0.9362199902534485,0.9366599917411804,11502.744285038381
2025-06-04 04:00:00+01:00,0.9366599917411804,0.9370200037956238,0.9360700249671936,0.9369400143623352,8304.738497181803
2025-06-04 05:00:00+01:00,0.9369400143623352,0.9373000264167786,0.9364500045776367,0.9369900226593018,4325.2940144198865
2025-06-04 06:00:00+01:00,0.9369900226593018,0.9372000098228455,0.9361799955368042,0.936460018157959,3394.1619936381676
2025-06-04 07:00:00+01:00,0.9364699721336365,0.9366199970245361,0.9357500076293945,0.9364200234413147,3532.5598227688406
2025-06-04 08:00:00+01:00,0.9364200234413147,0.937969982624054,0.9358299970626831,0.9373000264167786,7881.940044767502
2025-06-04 09:00:00+01:00,0.9373199939727783,0.9376999735832214,0.936739981174469,0.9372199773788452,8118.912550781654
2025-06-04 10:00:00+01:00,0.9372299909591675,0.9380000233650208,0.9367700219154358,0.937720000743866,10138.048018156007
2025-06-04 11:00:00+01:00,0.9377400279045105,0.9380199909210205,0.9366099834442139,0.9375900030136108,11294.678810986361
2025-06-04 12:00:00+01:00,0.9376000165939331,0.9377999901771545,0.9364799857139587,0.9371899962425232,11524.378710121113
2025-06-04 13:00:00+01:00,0.9372100234031677,0.9373999834060669,0.9359999895095825,0.9369000196456909,11032.129392758634
2025-06-04 14:00:00+01:00,0.9369099736213684,0.9373000264167786,0.9360499978065491,0.9364799857139587,16789.582935497456
2025-06-04 15:00:00+01:00,0.9364399909973145,0.9370099902153015,0.9346100091934204,0.9355599880218506,20455.717353371256
2025-06-04 16:00:00+01:00,0.9355499744415283,0.9359300136566162,0.9342600107192993,0.9348300099372864,18587.842865306342
2025-06-04 17:00:00+01:00,0.9348400235176086,0.9348400235176086,0.9334999918937683,0.9341599941253662,20452.005643538283
2025-06-04 18:00:00+01:00,0.9341700077056885,0.9345399737358093,0.9336000084877014,0.9343299865722656,20527.67528559894
2025-06-04 19:00:00+01:00,0.9343400001525879,0.9344199895858765,0.9333599805831909,0.9338899850845337,20866.840534667594
2025-06-04 20:00:00+01:00,0.933899998664856,0.9348700046539307,0.9333900213241577,0.9343699812889099,24933.65320632141
2025-06-04 21:00:00+01:00,0.9343699812889099,0.9348000288009644,0.9338700175285339,0.9338700175285339,24826.898866742238
2025-06-04 22:00:00+01:00,0.9339399933815002,0.9346200227737427,0.9331799745559692,0.9340100288391113,22709.29677945528
2025-06-04 23:00:00+01:00,0.9340500235557556,0.934909999370575,0.9336900115013123,0.9345099925994873,23271.57447803917
2025-06-05 00:00:00+01:00,0.9344099760055542,0.9347000122070312,0.9337300062179565,0.934469997882843,24047.560355413218
2025-06-05 01:00:00+01:00,0.9344599843025208,0.9347900152206421,0.9338600039482117,0.934499979019165,20352.09667696949
2025-06-05 02:00:00+01:00,0.934499979019165,0.9348999857902527,0.9340400099754333,0.9347500205039978,23499.004486496677
2025-06-05 03:00:00+01:00,0.9347500205039978,0.9348000288009644,0.9339900016784668,0.934499979019165,19533.23439493853
2025-06-05 04:00:00+01:00,0.9345300197601318,0.9350000023841858,0.9338600039482117,0.9348300099372864,17670.06059787631
2025-06-05 05:00:00+01:00,0.9348499774932861,0.9348999857902527,0.933929979801178,0.9346100091934204,13674.891052603352
2025-06-05 06:00:00+01:00,0.9346200227737427,0.934939980506897,0.9340599775314331,0.9346200227737427,10637.248416862858
2025-06-05 07:00:00+01:00,0.9345899820327759,0.9352099895477295,0.9339699745178223,0.9350200295448303,11820.278936584566
2025-06-05 08:00:00+01:00,0.9350299835205078,0.9362000226974487,0.9344900250434875,0.936020016670227,16065.755906225853
2025-06-05 09:00:00+01:00,0.9360299706459045,0.9368000030517578,0.9353899955749512,0.9362999796867371,13664.73228508927
2025-06-05 10:00:00+01:00,0.9363099932670593,0.9366000294685364,0.9352999925613403,0.9360600113868713,15351.115450740725
2025-06-05 11:00:00+01:00,0.9360299706459045,0.9364299774169922,0.9352700114250183,0.9357900023460388,15615.793157549619
2025-06-05 12:00:00+01:00,0.9357900023460388,0.9365699887275696,0.9352700114250183,0.9364399909973145,13617.038854995757
2025-06-05 13:00:00+01:00,0.9363999962806702,0.9386799931526184,0.9356099963188171,0.9376000165939331,20830.7599475548
2025-06-05 14:00:00+01:00,0.9376500248908997,0.9399399757385254,0.9371299743652344,0.9385300278663635,27163.50543171952
2025-06-05 15:00:00+01:00,0.9385300278663635,0.9396700263023376,0.9375399947166443,0.9393699765205383,27746.42313714386
2025-06-05 16:00:00+01:00,0.9393699765205383,0.939520001411438,0.9381899833679199,0.9392200112342834,28561.897948446232
2025-06-05 17:00:00+01:00,0.9392399787902832,0.9395899772644043,0.9370999932289124,0.9377700090408325,29986.577712627062
2025-06-05 18:00:00+01:00,0.9377999901771545,0.9388300180435181,0.9373999834060669,0.9384199976921082,34443.775204297424
2025-06-05 19:00:00+01:00,0.9383999705314636,0.9388999938964844,0.9376000165939331,0.9387800097465515,40788.48984770109
2025-06-05 20:00:00+01:00,0.9387800097465515,0.9391000270843506,0.9375500082969666,0.9381600022315979,36545.22418794689
2025-06-05 21:00:00+01:00,0.9381700158119202,0.9383000135421753,0.9372100234031677,0.9378700256347656,42154.81795150553
2025-06-05 22:00:00+01:00,0.9379799962043762,0.9387999773025513,0.9372100234031677,0.9373999834060669,36086.648944152876
2025-06-05 23:00:00+01:00,0.9374099969863892,0.9383000135421753,0.9372699856758118,0.938260018825531,35263.101612264654
2025-06-06 00:00:00+01:00,0.9383599758148193,0.9385300278663635,0.937690019607544,0.9384599924087524,38743.555956889926
2025-06-06 01:00:00+01:00,0.9384400248527527,0.9392200112342834,0.9381200075149536,0.9391000270843506,37185.66276270309
2025-06-06 02:00:00+01:00,0.9391000270843506,0.9392499923706055,0.9382100105285645,0.9387699961662292,39470.11920812138
2025-06-06 03:00:00+01:00,0.9387699961662292,0.9388200044631958,0.9379000067710876,0.938510000705719,26619.61504803432
2025-06-06 04:00:00+01:00,0.9384999871253967,0.9385200142860413,0.9377400279045105,0.9383000135421753,22096.441636607782
2025-06-06 05:00:00+01:00,0.9383100271224976,0.9386100172996521,0.9377899765968323,0.9384599924087524,18331.884076193848
2025-06-06 06:00:00+01:00,0.9384400248527527,0.9387999773025513,0.9378499984741211,0.9386399984359741,19071.08286357876
2025-06-06 07:00:00+01:00,0.9386500120162964,0.9396499991416931,0.9379799962043762,0.9394699931144714,15608.47106264352
2025-06-06 08:00:00+01:00,0.9394699931144714,0.9397000074386597,0.9372000098228455,0.9378600120544434,16733.080283540334
2025-06-06 09:00:00+01:00,0.9378700256347656,0.9387000203132629,0.9373300075531006,0.938319981098175,16436.337163523316
2025-06-06 10:00:00+01:00,0.9382799863815308,0.938510000705719,0.937250018119812,0.9380999803543091,14782.05449683807
2025-06-06 11:00:00+01:00,0.9380800127983093,0.9383999705314636,0.9373000264167786,0.9382299780845642,15729.601617235083
2025-06-06 12:00:00+01:00,0.9382399916648865,0.9388099908828735,0.9374300241470337,0.9386900067329407,15578.526459798886
2025-06-06 13:00:00+01:00,0.9387000203132629,0.9391599893569946,0.9373499751091003,0.9388099908828735,18614.42534555744
2025-06-06 14:00:00+01:00,0.9388399720191956,0.9391199946403503,0.9373700022697449,0.9384899735450745,23879.865876061136
2025-06-06 15:00:00+01:00,0.9384899735450745,0.939300000667572,0.9372299909591675,0.9377400279045105,27694.62138674045
2025-06-06 16:00:00+01:00,0.937720000743866,0.9383999705314636,0.9364799857139587,0.9368799924850464,27609.328770079162
2025-06-06 17:00:00+01:00,0.9368799924850464,0.9375500082969666,0.9361900091171265,0.9372900128364563,27459.250882652606
2025-06-06 18:00:00+01:00,0.937279999256134,0.9374200105667114,0.9365299940109253,0.936959981918335,26075.366216499264
2025-06-06 19:00:00+01:00,0.9369699954986572,0.9371500015258789,0.9360299706459045,0.9370700120925903,31371.13642917233
2025-06-06 20:00:00+01:00,0.9370999932289124,0.9370999932289124,0.9362099766731262,0.9366000294685364,27430.477046341453
2025-06-06 21:00:00+01:00,0.9365500211715698,0.9371200203895569,0.9361699819564819,0.9365500211715698,22511.121383231733
2025-06-06 22:00:00+01:00,0.9364399909973145,0.9364399909973145,0.9363200068473816,0.9363200068473816,21530.34497234532
2025-06-09 00:00:00+01:00,0.9367499947547913,0.9369999766349792,0.9361299872398376,0.9368600249290466,17522.086154359262
2025-06-09 01:00:00+01:00,0.9368600249290466,0.9372000098228455,0.9362599849700928,0.9371399879455566,17331.899274077256
2025-06-09 02:00:00+01:00,0.9371500015258789,0.9373300075531006,0.9366599917411804,0.937309980392456,16706.563575698725
2025-06-09 03:00:00+01:00,0.9372900128364563,0.9376000165939331,0.9368500113487244,0.9375,14391.838486014358
2025-06-09 04:00:00+01:00,0.9374899864196777,0.9376299977302551,0.9367300271987915,0.9371600151062012,12281.600210131299
2025-06-09 05:00:00+01:00,0.9371600151062012,0.937309980392456,0.9366400241851807,0.937279999256134,9974.04341032545
2025-06-09 06:00:00+01:00,0.9372599720954895,0.9374300241470337,0.9367200136184692,0.9373599886894226,6157.272751329214
2025-06-09 07:00:00+01:00,0.9373599886894226,0.9376000165939331,0.9365400075912476,0.9374600052833557,2989.7869589018633
2025-06-09 08:00:00+01:00,0.9374600052833557,0.9376400113105774,0.9359300136566162,0.936489999294281,3826.9365334228596
2025-06-09 09:00:00+01:00,0.9365000128746033,0.9374600052833557,0.9356499910354614,0.9373599886894226,5891.508984842768
2025-06-09 10:00:00+01:00,0.9373499751091003,0.9375,0.9366099834442139,0.9372599720954895,5914.929361207872
2025-06-09 11:00:00+01:00,0.9372599720954895,0.9373800158500671,0.9364799857139587,0.9370999932289124,5779.398802453752
2025-06-09 12:00:00+01:00,0.9371200203895569,0.9375399947166443,0.9363999962806702,0.9372199773788452,5501.599704694167
2025-06-09 13:00:00+01:00,0.9372299909591675,0.937309980392456,0.9361699819564819,0.9370999932289124,9672.257450715773
2025-06-09 14:00:00+01:00,0.9370999932289124,0.9372199773788452,0.9359599947929382,0.9366400241851807,10052.491439132978
2025-06-09 15:00:00+01:00,0.9366599917411804,0.9375,0.9363300204277039,0.9373599886894226,10380.164886623063
2025-06-09 16:00:00+01:00,0.9373599886894226,0.9375200271606445,0.9365500211715698,0.9373599886894226,10190.69971070099
2025-06-09 17:00:00+01:00,0.9373300075531006,0.9380000233650208,0.9367600083351135,0.9379299879074097,11511.504857311334
2025-06-09 18:00:00+01:00,0.9379400014877319,0.9380999803543091,0.9373199939727783,0.9379199743270874,13823.881822046851
2025-06-09 19:00:00+01:00,0.9379199743270874,0.9385600090026855,0.9374200105667114,0.9385600090026855,13414.241974585155
2025-06-09 20:00:00+01:00,0.9385300278663635,0.9386299848556519,0.9378299713134766,0.9383299946784973,14901.760197381616
2025-06-09 21:00:00+01:00,0.9383800029754639,0.9386000037193298,0.937690019607544,0.9382500052452087,14882.999923771435
2025-06-09 22:00:00+01:00,0.9382299780845642,0.9392499923706055,0.9377899765968323,0.938260018825531,15363.171375480757
2025-06-09 23:00:00+01:00,0.9379199743270874,0.9384999871253967,0.937749981880188,0.9383400082588196,8653.022283215474
2025-06-10 00:00:00+01:00,0.9383999705314636,0.9384999871253967,0.9378899931907654,0.9384400248527527,9189.070371884798
2025-06-10 01:00:00+01:00,0.9384199976921082,0.9388999938964844,0.9380000233650208,0.9383800029754639,9704.131675211585
2025-06-10 02:00:00+01:00,0.9383900165557861,0.9386399984359741,0.9378100037574768,0.9385300278663635,9186.404249194735
2025-06-10 03:00:00+01:00,0.9385300278663635,0.9386600255966187,0.9375500082969666,0.9380099773406982,7505.411061080777
2025-06-10 04:00:00+01:00,0.9380199909210205,0.9380999803543091,0.9372400045394897,0.9376800060272217,7311.320296677823
2025-06-10 05:00:00+01:00,0.9377300143241882,0.937749981880188,0.9369500279426575,0.9376500248908997,5754.185409965809
2025-06-10 06:00:00+01:00,0.9376400113105774,0.9376500248908997,0.9364799857139587,0.9372699856758118,5946.514276590744
2025-06-10 07:00:00+01:00,0.9372599720954895,0.9375699758529663,0.9362599849700928,0.9370899796485901,7102.229646100893
2025-06-10 08:00:00+01:00,0.9370499849319458,0.9373599886894226,0.9359999895095825,0.9364500045776367,8311.98786953562
2025-06-10 09:00:00+01:00,0.9364399909973145,0.9370999932289124,0.9358999729156494,0.936680018901825,7591.765362688205
2025-06-10 10:00:00+01:00,0.9366899728775024,0.9379400014877319,0.936240017414093,0.937470018863678,11838.97701431357
2025-06-10 11:00:00+01:00,0.9374399781227112,0.9382200241088867,0.9368199706077576,0.9381399750709534,11674.174766897086
2025-06-10 12:00:00+01:00,0.9381600022315979,0.9387099742889404,0.937279999256134,0.9386799931526184,12960.50612914071
2025-06-10 13:00:00+01:00,0.9386799931526184,0.9394999742507935,0.9380999803543091,0.9393699765205383,14770.903555233004
2025-06-10 14:00:00+01:00,0.9393799901008606,0.9397500157356262,0.9383800029754639,0.9391499757766724,19673.16914286129
2025-06-10 15:00:00+01:00,0.9391400218009949,0.939490020275116,0.9383000135421753,0.9390400052070618,18486.010542874865
2025-06-10 16:00:00+01:00,0.9390199780464172,0.9397900104522705,0.9383400082588196,0.9388899803161621,19580.20573602347
2025-06-10 17:00:00+01:00,0.9388700127601624,0.9394999742507935,0.9384400248527527,0.9392899870872498,16252.077070604128
2025-06-10 18:00:00+01:00,0.93927001953125,0.9399300217628479,0.9387800097465515,0.939740002155304,18348.326964987205
2025-06-10 19:00:00+01:00,0.9397500157356262,0.9400100111961365,0.9391199946403503,0.9398599863052368,19602.20618386704
2025-06-10 20:00:00+01:00,0.9398400187492371,0.9404000043869019,0.9392799735069275,0.940090000629425,21003.31144024378
2025-06-10 21:00:00+01:00,0.940090000629425,0.9403700232505798,0.9391999840736389,0.9394199848175049,20593.61713380962
2025-06-10 22:00:00+01:00,0.9394000172615051,0.940339982509613,0.9391800165176392,0.9397600293159485,18083.77660216341
2025-06-10 23:00:00+01:00,0.9397600293159485,0.9402700066566467,0.9393900036811829,0.9401299953460693,17543.447354959066
2025-06-11 00:00:00+01:00,0.9401900172233582,0.9403600096702576,0.9394500255584717,0.9401999711990356,15017.122707678545
2025-06-11 01:00:00+01:00,0.9401800036430359,0.9402099847793579,0.9384499788284302,0.9389700293540955,14161.229006159489
2025-06-11 02:00:00+01:00,0.9389700293540955,0.9394500255584717,0.938319981098175,0.9388399720191956,16432.300574288536
2025-06-11 03:00:00+01:00,0.9388300180435181,0.9392099976539612,0.9383999705314636,0.9391099810600281,17065.974980414525
2025-06-11 04:00:00+01:00,0.9390900135040283,0.939300000667572,0.9385700225830078,0.9391300082206726,11713.295120609771
2025-06-11 05:00:00+01:00,0.9391400218009949,0.939300000667572,0.9386299848556519,0.9390900135040283,11609.754703028228
2025-06-11 06:00:00+01:00,0.9391000270843506,0.9395999908447266,0.9386500120162964,0.9394800066947937,9517.03953331843
2025-06-11 07:00:00+01:00,0.9394999742507935,0.9398199915885925,0.9386600255966187,0.9391599893569946,10560.381226999878
2025-06-11 08:00:00+01:00,0.9391599893569946,0.9394999742507935,0.9385499954223633,0.9392799735069275,8472.448273980728
2025-06-11 09:00:00+01:00,0.9392899870872498,0.9398000240325928,0.9387400150299072,0.9395899772644043,10944.473871047503
2025-06-11 10:00:00+01:00,0.9396100044250488,0.9401999711990356,0.9391499757766724,0.9399799704551697,10616.04322261845
2025-06-11 11:00:00+01:00,0.9399999976158142,0.9405400156974792,0.939490020275116,0.9402700066566467,9636.620601616887
2025-06-11 12:00:00+01:00,0.9402400255203247,0.9403499960899353,0.9393900036811829,0.9403300285339355,8996.253442149131
2025-06-11 13:00:00+01:00,0.9403300285339355,0.9409999847412109,0.9394299983978271,0.9404399991035461,10927.147955391652
2025-06-11 14:00:00+01:00,0.9404600262641907,0.9410899877548218,0.939490020275116,0.9410499930381775,12486.417889689943
2025-06-11 15:00:00+01:00,0.9410200119018555,0.9413800239562988,0.940339982509613,0.9411500096321106,11190.74630113291
2025-06-11 16:00:00+01:00,0.9410799741744995,0.9419100284576416,0.9406099915504456,0.9415500164031982,10063.939228880914
2025-06-11 17:00:00+01:00,0.9415299892425537,0.9427300095558167,0.9408299922943115,0.9426299929618835,13973.539403061928
2025-06-11 18:00:00+01:00,0.9426500201225281,0.9429000020027161,0.9420300126075745,0.9426299929618835,14992.459753702826
2025-06-11 19:00:00+01:00,0.9426299929618835,0.9427000284194946,0.9414899945259094,0.9423900246620178,15195.06065547031
2025-06-11 20:00:00+01:00,0.9423999786376953,0.9424999952316284,0.9416199922561646,0.9421200156211853,15771.729352001821
2025-06-11 21:00:00+01:00,0.9421399831771851,0.9425299763679504,0.9417099952697754,0.9418299794197083,13558.518764673197
2025-06-11 22:00:00+01:00,0.9423900246620178,0.9424300193786621,0.9411799907684326,0.9418900012969971,16808.16814204958
2025-06-11 23:00:00+01:00,0.9420599937438965,0.9423400163650513,0.9412099719047546,0.942110002040863,14324.79121299251
2025-06-12 00:00:00+01:00,0.9421399831771851,0.9422299861907959,0.9414899945259094,0.9420400261878967,17033.685114950575
2025-06-12 01:00:00+01:00,0.9420499801635742,0.9423499703407288,0.9412599802017212,0.9419400095939636,15530.088256083349
2025-06-12 02:00:00+01:00,0.9419500231742859,0.9419900178909302,0.9399899840354919,0.9408199787139893,21642.283976092873
2025-06-12 03:00:00+01:00,0.9408400058746338,0.9412000179290771,0.9400299787521362,0.940500020980835,16303.238736604006
2025-06-12 04:00:00+01:00,0.940500020980835,0.9408400058746338,0.9401199817657471,0.9406099915504456,12383.265029385657
2025-06-12 05:00:00+01:00,0.9405900239944458,0.9409000277519226,0.9401000142097473,0.9406999945640564,13877.835214685478
2025-06-12 06:00:00+01:00,0.9406999945640564,0.9412299990653992,0.9401199817657471,0.9404000043869019,12098.46852294064
2025-06-12 07:00:00+01:00,0.9404299855232239,0.941349983215332,0.9399499893188477,0.940559983253479,13577.872943814653
2025-06-12 08:00:00+01:00,0.9405900239944458,0.940850019454956,0.939300000667572,0.9393799901008606,15213.7192924346
2025-06-12 09:00:00+01:00,0.9394099712371826,0.940530002117157,0.9387699961662292,0.9403600096702576,16094.361659969923
2025-06-12 10:00:00+01:00,0.9403499960899353,0.9418399930000305,0.9398900270462036,0.9416300058364868,20528.9287845019
2025-06-12 11:00:00+01:00,0.9416099786758423,0.9425399899482727,0.9407699704170227,0.9416499733924866,20929.97935268651
2025-06-12 12:00:00+01:00,0.9416599869728088,0.9421700239181519,0.9410499930381775,0.9417499899864197,21923.35232224881
2025-06-12 13:00:00+01:00,0.9417499899864197,0.9429100155830383,0.9412699937820435,0.9417499899864197,18570.596536172747
2025-06-12 14:00:00+01:00,0.9417399764060974,0.9420099854469299,0.9402999877929688,0.9412599802017212,27183.99808542773
2025-06-12 15:00:00+01:00,0.9412500262260437,0.9420999884605408,0.9407699704170227,0.9417099952697754,32321.54651119137
2025-06-12 16:00:00+01:00,0.9416999816894531,0.9421899914741516,0.9402400255203247,0.9406700134277344,26708.655521664918
2025-06-12 17:00:00+01:00,0.9406700134277344,0.9408400058746338,0.939329981803894,0.9401900172233582,23923.234125532417
2025-06-12 18:00:00+01:00,0.9401999711990356,0.9402199983596802,0.9391499757766724,0.9395700097084045,27606.71295708363
2025-06-12 19:00:00+01:00,0.9395800232887268,0.9397000074386597,0.9387800097465515,0.9395400285720825,25558.119499529843
2025-06-12 20:00:00+01:00,0.939520001411438,0.9396499991416931,0.9384999871253967,0.9390400052070618,22787.401499675652
2025-06-12 21:00:00+01:00,0.9390199780464172,0.9394199848175049,0.9381200075149536,0.9386399984359741,28306.859717575946
2025-06-12 22:00:00+01:00,0.9384499788284302,0.9394199848175049,0.9371700286865234,0.9390599727630615,30917.370204356863
2025-06-12 23:00:00+01:00,0.9389399886131287,0.9394000172615051,0.9384700059890747,0.9389600157737732,22444.022632974204
2025-06-13 00:00:00+01:00,0.9390699863433838,0.9391400218009949,0.9375900030136108,0.9376099705696106,18881.457286460467
2025-06-13 01:00:00+01:00,0.9375699758529663,0.9379500150680542,0.9315299987792969,0.9327399730682373,45120.19151593109
2025-06-13 02:00:00+01:00,0.9327099919319153,0.9328399896621704,0.9304900169372559,0.932669997215271,39223.93035820602
2025-06-13 03:00:00+01:00,0.9326500296592712,0.9331600069999695,0.9306700229644775,0.9314299821853638,43780.470281884656
2025-06-13 04:00:00+01:00,0.9314699769020081,0.9334999918937683,0.9305099844932556,0.9334400296211243,40745.940178515746
2025-06-13 05:00:00+01:00,0.933430016040802,0.9335500001907349,0.932129979133606,0.9330199956893921,46406.32908828569
2025-06-13 06:00:00+01:00,0.9330199956893921,0.934660017490387,0.9325900077819824,0.9337499737739563,51164.506384266955
2025-06-13 07:00:00+01:00,0.9338300228118896,0.9359999895095825,0.9335100054740906,0.9358299970626831,51445.91772777364
2025-06-13 08:00:00+01:00,0.9358800053596497,0.9371700286865234,0.9353600144386292,0.9365500211715698,47581.354653227325
2025-06-13 09:00:00+01:00,0.9365400075912476,0.9370999932289124,0.935920000076294,0.9365699887275696,67450.58291141731
2025-06-13 10:00:00+01:00,0.9365599751472473,0.937529981136322,0.9362000226974487,0.9370200037956238,54697.09710177898
2025-06-13 11:00:00+01:00,0.937030017375946,0.9373000264167786,0.9356099963188171,0.9363700151443481,53592.68273136759
2025-06-13 12:00:00+01:00,0.9363600015640259,0.9365599751472473,0.9351300001144409,0.9356200098991394,49735.3585542863
2025-06-13 13:00:00+01:00,0.9355999827384949,0.9363999962806702,0.9351199865341187,0.9362199902534485,60871.37145499563
2025-06-13 14:00:00+01:00,0.9362000226974487,0.9369199872016907,0.9355900287628174,0.9366499781608582,59494.99807692463
2025-06-13 15:00:00+01:00,0.9365400075912476,0.9373499751091003,0.9359800219535828,0.9373000264167786,48393.81363000412
2025-06-13 16:00:00+01:00,0.937279999256134,0.9387099742889404,0.936739981174469,0.9378899931907654,40988.050289246625
2025-06-13 17:00:00+01:00,0.9378899931907654,0.938260018825531,0.9368199706077576,0.9374499917030334,33979.70028343069
2025-06-13 18:00:00+01:00,0.9374399781227112,0.9374399781227112,0.9364399909973145,0.9369999766349792,38822.19812801374
2025-06-13 19:00:00+01:00,0.9369800090789795,0.9370700120925903,0.9356200098991394,0.9365500211715698,32020.02344990755
2025-06-13 20:00:00+01:00,0.9365400075912476,0.9366999864578247,0.9359300136566162,0.9365599751472473,24964.675957273394
2025-06-13 21:00:00+01:00,0.9365599751472473,0.9371200203895569,0.9357399940490723,0.9367300271987915,25504.207310679816
2025-06-13 22:00:00+01:00,0.9361100196838379,0.9361100196838379,0.9361100196838379,0.9361100196838379,20405.61933930586
2025-06-16 00:00:00+01:00,0.9361900091171265,0.9368000030517578,0.9356499910354614,0.936710000038147,20038.561005047828
2025-06-16 01:00:00+01:00,0.9366899728775024,0.9369099736213684,0.9360399842262268,0.9364399909973145,20250.323300246586
2025-06-16 02:00:00+01:00,0.936460018157959,0.9365000128746033,0.9352899789810181,0.9361900091171265,19066.00957043871
2025-06-16 03:00:00+01:00,0.9362099766731262,0.937030017375946,0.9358699917793274,0.9367700219154358,16503.704221873966
2025-06-16 04:00:00+01:00,0.9367700219154358,0.9373000264167786,0.9362000226974487,0.9372000098228455,18431.335312695835
2025-06-16 05:00:00+01:00,0.9372100234031677,0.9376999735832214,0.9368199706077576,0.9374300241470337,17635.675471439317
2025-06-16 06:00:00+01:00,0.9374300241470337,0.9378299713134766,0.9368399977684021,0.937279999256134,15824.954196507188
2025-06-16 07:00:00+01:00,0.9372900128364563,0.9396499991416931,0.9370499849319458,0.9394199848175049,16029.296974010183
2025-06-16 08:00:00+01:00,0.9394099712371826,0.9419000148773193,0.9388099908828735,0.9399799704551697,21976.831113210003
2025-06-16 09:00:00+01:00,0.9399399757385254,0.9409300088882446,0.9393699765205383,0.9402199983596802,22774.684006749867
2025-06-16 10:00:00+01:00,0.9402099847793579,0.9404799938201904,0.9389299750328064,0.9393399953842163,21378.482965563624
2025-06-16 11:00:00+01:00,0.9393600225448608,0.9394000172615051,0.9377300143241882,0.9381899833679199,26814.097470071574
2025-06-16 12:00:00+01:00,0.9381600022315979,0.9391999840736389,0.9376500248908997,0.9387000203132629,27698.966510331677
2025-06-16 13:00:00+01:00,0.9386799931526184,0.9397100210189819,0.9384899735450745,0.93954998254776,29309.253245407515
2025-06-16 14:00:00+01:00,0.9395400285720825,0.9401100277900696,0.9381600022315979,0.9393500089645386,23113.94738789401
2025-06-16 15:00:00+01:00,0.9393699765205383,0.9405999779701233,0.9388099908828735,0.9397600293159485,37040.88833645921
2025-06-16 16:00:00+01:00,0.939740002155304,0.9401400089263916,0.9391099810600281,0.939740002155304,27974.33201828006
2025-06-16 17:00:00+01:00,0.9397600293159485,0.9403600096702576,0.9392300248146057,0.9402300119400024,31419.69256303061
2025-06-16 18:00:00+01:00,0.9402599930763245,0.9405999779701233,0.9395700097084045,0.940339982509613,34449.26426143708
2025-06-16 19:00:00+01:00,0.9403300285339355,0.9412500262260437,0.9397500157356262,0.9411299824714661,35678.34283251967
2025-06-16 20:00:00+01:00,0.9411299824714661,0.9414499998092651,0.9405699968338013,0.9413099884986877,35337.53311409414
2025-06-16 21:00:00+01:00,0.9413300156593323,0.9417999982833862,0.9402999877929688,0.9406300187110901,30734.015744393517
2025-06-16 22:00:00+01:00,0.9410399794578552,0.9416199922561646,0.9400500059127808,0.9405500292778015,26149.1106763953
2025-06-16 23:00:00+01:00,0.9405699968338013,0.9413099884986877,0.9396200180053711,0.940090000629425,28160.765548541942
2025-06-17 00:00:00+01:00,0.9400399923324585,0.9405999779701233,0.9395099878311157,0.9399200081825256,22647.198765372923
2025-06-17 01:00:00+01:00,0.9399499893188477,0.9407899975776672,0.939329981803894,0.9407100081443787,26054.398617637045
2025-06-17 02:00:00+01:00,0.9406999945640564,0.940779983997345,0.9398599863052368,0.9404699802398682,21899.643848169446
2025-06-17 03:00:00+01:00,0.9404600262641907,0.94132000207901,0.9395300149917603,0.9412000179290771,29452.149746920306
2025-06-17 04:00:00+01:00,0.9411900043487549,0.9411900043487549,0.9402400255203247,0.9408400058746338,24630.256691958562
2025-06-17 05:00:00+01:00,0.9408199787139893,0.9409000277519226,0.9396499991416931,0.9405199885368347,16579.11612364655
2025-06-17 06:00:00+01:00,0.9405099749565125,0.9408000111579895,0.939329981803894,0.9398300051689148,19826.389196359396
2025-06-17 07:00:00+01:00,0.9398599863052368,0.9410200119018555,0.9389700293540955,0.9394500255584717,28927.730021076222
2025-06-17 08:00:00+01:00,0.9394599795341492,0.9400100111961365,0.9385300278663635,0.9391499757766724,22036.20646114754
2025-06-17 09:00:00+01:00,0.9391300082206726,0.939329981803894,0.9382100105285645,0.9389100074768066,20910.09603197306
2025-06-17 10:00:00+01:00,0.9388700127601624,0.9396600127220154,0.938539981842041,0.9391400218009949,26869.600912186965
2025-06-17 11:00:00+01:00,0.9391300082206726,0.9397000074386597,0.9386799931526184,0.9396700263023376,21327.59375186985
2025-06-17 12:00:00+01:00,0.9396799802780151,0.9401999711990356,0.9389100074768066,0.9400200247764587,23038.404953161113
2025-06-17 13:00:00+01:00,0.9400500059127808,0.9408800005912781,0.9397500157356262,0.9404699802398682,21491.065431921597
2025-06-17 14:00:00+01:00,0.9404600262641907,0.9417999982833862,0.9402599930763245,0.9412400126457214,19778.713545496586
2025-06-17 15:00:00+01:00,0.9412199854850769,0.9418399930000305,0.9387500286102295,0.9401699900627136,30977.40142859397
2025-06-17 16:00:00+01:00,0.9401500225067139,0.9402300119400024,0.9376599788665771,0.939050018787384,33403.66584193205
2025-06-17 17:00:00+01:00,0.9390299916267395,0.9391700029373169,0.9370700120925903,0.9376400113105774,30665.05607488004
2025-06-17 18:00:00+01:00,0.9376299977302551,0.9377800226211548,0.9355400204658508,0.9369300007820129,34568.32273800809
2025-06-17 19:00:00+01:00,0.9369099736213684,0.9380000233650208,0.9364399909973145,0.9379000067710876,37182.03372552057
2025-06-17 20:00:00+01:00,0.9378600120544434,0.9380000233650208,0.937250018119812,0.9376000165939331,34222.7080438319
2025-06-17 21:00:00+01:00,0.9376299977302551,0.9379000067710876,0.9367600083351135,0.9367600083351135,31945.60302510306
2025-06-17 22:00:00+01:00,0.9367700219154358,0.937250018119812,0.9361199736595154,0.9370700120925903,30265.320362069157
2025-06-17 23:00:00+01:00,0.9369900226593018,0.9379000067710876,0.9368900060653687,0.9375799894332886,30384.04573779297
2025-06-18 00:00:00+01:00,0.9376000165939331,0.9380199909210205,0.9370899796485901,0.9379100203514099,33944.997581143296
2025-06-18 01:00:00+01:00,0.9380699992179871,0.9388399720191956,0.9376999735832214,0.9387500286102295,31802.58122233147
2025-06-18 02:00:00+01:00,0.9387500286102295,0.9391099810600281,0.9381399750709534,0.9386000037193298,31176.64103609098
2025-06-18 03:00:00+01:00,0.9386100172996521,0.9388999938964844,0.9381399750709534,0.9386199712753296,28304.77421946743
2025-06-18 04:00:00+01:00,0.9385899901390076,0.9391700029373169,0.9381600022315979,0.9388499855995178,30523.90625758975
2025-06-18 05:00:00+01:00,0.9388599991798401,0.9394000172615051,0.9383400082588196,0.9393600225448608,20436.410397588126
2025-06-18 06:00:00+01:00,0.9393699765205383,0.9394000172615051,0.9386000037193298,0.9390900135040283,16990.076534090145
2025-06-18 07:00:00+01:00,0.9391099810600281,0.9398000240325928,0.9380300045013428,0.9385899901390076,13831.262620766682
2025-06-18 08:00:00+01:00,0.9386000037193298,0.9412999749183655,0.9385600090026855,0.9401100277900696,16901.314037302975
2025-06-18 09:00:00+01:00,0.9401000142097473,0.9405999779701233,0.9391099810600281,0.9398499727249146,14686.322844522772
2025-06-18 10:00:00+01:00,0.9398699998855591,0.9409199953079224,0.9395800232887268,0.9407100081443787,17662.828811620828
2025-06-18 11:00:00+01:00,0.9407200217247009,0.9409400224685669,0.9386799931526184,0.9390699863433838,17478.832381508957
2025-06-18 12:00:00+01:00,0.9390599727630615,0.9408000111579895,0.9390199780464172,0.9404699802398682,23766.881546812776
2025-06-18 13:00:00+01:00,0.9405099749565125,0.9407299757003784,0.9391400218009949,0.9396299719810486,22110.90836865855
2025-06-18 14:00:00+01:00,0.9396200180053711,0.9401000142097473,0.938730001449585,0.9391499757766724,25616.195374467436
2025-06-18 15:00:00+01:00,0.9391400218009949,0.941349983215332,0.9388300180435181,0.9410799741744995,32650.709281040432
2025-06-18 16:00:00+01:00,0.9410899877548218,0.9422199726104736,0.9405699968338013,0.9416300058364868,33046.048939295855
2025-06-18 17:00:00+01:00,0.9416400194168091,0.9416999816894531,0.9399600028991699,0.9405800104141235,32820.62456858509
2025-06-18 18:00:00+01:00,0.9405900239944458,0.9406999945640564,0.9396100044250488,0.940060019493103,41359.33569759974
2025-06-18 19:00:00+01:00,0.9398699998855591,0.9409099817276001,0.9393799901008606,0.9398499727249146,38146.43063371878
2025-06-18 20:00:00+01:00,0.9398900270462036,0.9405999779701233,0.9391000270843506,0.9399799704551697,47936.71967130491
2025-06-18 21:00:00+01:00,0.9399999976158142,0.9402999877929688,0.9392899870872498,0.9398499727249146,43347.46822469102
2025-06-18 22:00:00+01:00,0.9398699998855591,0.9402599930763245,0.9390699863433838,0.9394999742507935,35644.91579075386
2025-06-18 23:00:00+01:00,0.9394999742507935,0.9400500059127808,0.9391000270843506,0.9397500157356262,30906.27409545499
2025-06-19 00:00:00+01:00,0.9397100210189819,0.9400799870491028,0.939079999923706,0.940060019493103,33415.563309057885
2025-06-19 01:00:00+01:00,0.9400500059127808,0.9403499960899353,0.9392499923706055,0.9402400255203247,27165.64826382301
2025-06-19 02:00:00+01:00,0.940280020236969,0.9402899742126465,0.938979983329773,0.9394299983978271,25797.23940051973
2025-06-19 03:00:00+01:00,0.9394199848175049,0.9395400285720825,0.9386500120162964,0.9393900036811829,21878.833058692533
2025-06-19 04:00:00+01:00,0.9393900036811829,0.9400699734687805,0.9390000104904175,0.9398599863052368,23377.095560459977
2025-06-19 05:00:00+01:00,0.9398699998855591,0.9401000142097473,0.9392300248146057,0.940060019493103,16518.32880252604
2025-06-19 06:00:00+01:00,0.940060019493103,0.9401000142097473,0.9392099976539612,0.939740002155304,14801.858301235883
2025-06-19 07:00:00+01:00,0.939740002155304,0.9412000179290771,0.9394999742507935,0.9411600232124329,14698.548245956883
2025-06-19 08:00:00+01:00,0.9411699771881104,0.9418399930000305,0.9379000067710876,0.9383299946784973,20978.444197621462
2025-06-19 09:00:00+01:00,0.9383400082588196,0.9393500089645386,0.9360299706459045,0.936489999294281,31461.510868475896
2025-06-19 10:00:00+01:00,0.9365100264549255,0.9377999901771545,0.9358400106430054,0.9377599954605103,32980.24109737507
2025-06-19 11:00:00+01:00,0.9377700090408325,0.9389700293540955,0.9371899962425232,0.938289999961853,34360.265645824904
2025-06-19 12:00:00+01:00,0.9383400082588196,0.939050018787384,0.9378899931907654,0.9384999871253967,30754.567785728294
2025-06-19 13:00:00+01:00,0.9384999871253967,0.9390000104904175,0.9375600218772888,0.938289999961853,38143.09746681307
2025-06-19 14:00:00+01:00,0.938289999961853,0.9384300112724304,0.9375500082969666,0.9382200241088867,32543.87777966651
2025-06-19 15:00:00+01:00,0.9382200241088867,0.9395599961280823,0.9379199743270874,0.9391999840736389,32344.505878318283
2025-06-19 16:00:00+01:00,0.9392200112342834,0.9396100044250488,0.9380999803543091,0.9385300278663635,32253.91309975373
2025-06-19 17:00:00+01:00,0.938539981842041,0.9387000203132629,0.9376199841499329,0.9380599856376648,35909.133582706396
2025-06-19 18:00:00+01:00,0.9380699992179871,0.9391400218009949,0.9375799894332886,0.9389500021934509,44762.03085888653
2025-06-19 19:00:00+01:00,0.9389500021934509,0.9394000172615051,0.9383999705314636,0.9389200210571289,38456.94254296485
2025-06-19 20:00:00+01:00,0.9389100074768066,0.9390299916267395,0.9376000165939331,0.9383299946784973,37673.39591568346
2025-06-19 21:00:00+01:00,0.9383999705314636,0.9388300180435181,0.9378799796104431,0.9384899735450745,31886.90318885886
2025-06-19 22:00:00+01:00,0.9385499954223633,0.9387099742889404,0.9377300143241882,0.9383400082588196,27800.773387830417
2025-06-19 23:00:00+01:00,0.938260018825531,0.9393200278282166,0.9377700090408325,0.9391499757766724,23776.71143679862
2025-06-20 00:00:00+01:00,0.9391800165176392,0.9398099780082703,0.9388700127601624,0.9397900104522705,18979.222955520185
2025-06-20 01:00:00+01:00,0.9397799968719482,0.9403499960899353,0.9392899870872498,0.9401999711990356,21038.93332896458
2025-06-20 02:00:00+01:00,0.9401699900627136,0.9406999945640564,0.9393699765205383,0.9398999810218811,19510.121967237006
2025-06-20 03:00:00+01:00,0.9399099946022034,0.9411399960517883,0.939329981803894,0.9409199953079224,20939.89045675549
2025-06-20 04:00:00+01:00,0.9409000277519226,0.9412000179290771,0.9399200081825256,0.9409099817276001,21689.220655622008
2025-06-20 05:00:00+01:00,0.9409199953079224,0.9413999915122986,0.940090000629425,0.9413099884986877,19406.883794299294
2025-06-20 06:00:00+01:00,0.94132000207901,0.9414200186729431,0.9396499991416931,0.9405699968338013,19852.79446548615
2025-06-20 07:00:00+01:00,0.9405699968338013,0.9409700036048889,0.9386699795722961,0.9395099878311157,20256.868479172528
2025-06-20 08:00:00+01:00,0.939520001411438,0.9401000142097473,0.9387999773025513,0.9398199915885925,25468.273087300553
2025-06-20 09:00:00+01:00,0.9398099780082703,0.940310001373291,0.939329981803894,0.9401800036430359,19432.952084345336
2025-06-20 10:00:00+01:00,0.9401900172233582,0.9413099884986877,0.9398000240325928,0.9412099719047546,22255.906545402104
2025-06-20 11:00:00+01:00,0.9411799907684326,0.9417399764060974,0.9403499960899353,0.941290020942688,26986.582292888274
2025-06-20 12:00:00+01:00,0.9412999749183655,0.9419199824333191,0.9405699968338013,0.9412800073623657,33128.43468602052
2025-06-20 13:00:00+01:00,0.9412800073623657,0.9416999816894531,0.9400699734687805,0.9407200217247009,21826.39112665071
2025-06-20 14:00:00+01:00,0.9407100081443787,0.9418299794197083,0.9398400187492371,0.9413599967956543,32147.9591787491
2025-06-20 15:00:00+01:00,0.9413700103759766,0.9418200254440308,0.9399399757385254,0.9414600133895874,30236.553967301876
2025-06-20 16:00:00+01:00,0.9414499998092651,0.9417600035667419,0.9407100081443787,0.9417300224304199,27154.396204330984
2025-06-20 17:00:00+01:00,0.9417399764060974,0.942300021648407,0.9412299990653992,0.942080020904541,31122.406458148736
2025-06-20 18:00:00+01:00,0.942080020904541,0.9424300193786621,0.9414799809455872,0.9420300126075745,27757.401251332103
2025-06-20 19:00:00+01:00,0.9420099854469299,0.9421499967575073,0.9414899945259094,0.9420899748802185,30719.047228049236
2025-06-20 20:00:00+01:00,0.942080020904541,0.9424600005149841,0.941349983215332,0.942080020904541,22406.930320008163
2025-06-20 21:00:00+01:00,0.9420999884605408,0.9426400065422058,0.9417099952697754,0.9422799944877625,25393.650642492616
2025-06-20 22:00:00+01:00,0.9423999786376953,0.9423999786376953,0.9421700239181519,0.9421700239181519,15798.513404120224
2025-06-23 00:00:00+01:00,0.9399799704551697,0.9405999779701233,0.9395099878311157,0.9403899908065796,26982.131801594503
2025-06-23 01:00:00+01:00,0.9404000043869019,0.9410200119018555,0.9399200081825256,0.9405500292778015,17055.804927681904
2025-06-23 02:00:00+01:00,0.940500020980835,0.9408000111579895,0.9396100044250488,0.9407200217247009,19056.607177078542
2025-06-23 03:00:00+01:00,0.9407699704170227,0.9409400224685669,0.9396700263023376,0.9401800036430359,21580.416640952302
2025-06-23 04:00:00+01:00,0.9401699900627136,0.9405099749565125,0.9391999840736389,0.9398599863052368,19308.15368727863
2025-06-23 05:00:00+01:00,0.9398400187492371,0.9404000043869019,0.9393699765205383,0.9401199817657471,15372.611618142424
2025-06-23 06:00:00+01:00,0.9401299953460693,0.9409999847412109,0.9398099780082703,0.940850019454956,16462.768312096065
2025-06-23 07:00:00+01:00,0.9408400058746338,0.9409999847412109,0.9391300082206726,0.9396100044250488,19196.552767824753
2025-06-23 08:00:00+01:00,0.9396200180053711,0.9400200247764587,0.9383900165557861,0.9391700029373169,19902.870925294563
2025-06-23 09:00:00+01:00,0.9390900135040283,0.9396399855613708,0.9383800029754639,0.939079999923706,16702.414020728032
2025-06-23 10:00:00+01:00,0.9391000270843506,0.9395300149917603,0.9374899864196777,0.9385600090026855,24340.144061120543
2025-06-23 11:00:00+01:00,0.9385899901390076,0.9390000104904175,0.9377300143241882,0.9383000135421753,21259.68596868923
2025-06-23 12:00:00+01:00,0.9383100271224976,0.9387900233268738,0.937250018119812,0.9379600286483765,23471.1617909733
2025-06-23 13:00:00+01:00,0.9379799962043762,0.9393200278282166,0.9375699758529663,0.9383100271224976,32577.69679139469
2025-06-23 14:00:00+01:00,0.9383100271224976,0.9391999840736389,0.9375799894332886,0.9390400052070618,30655.670439897105
2025-06-23 15:00:00+01:00,0.9390100240707397,0.9405999779701233,0.937279999256134,0.9382799863815308,34461.82931451476
2025-06-23 16:00:00+01:00,0.9382799863815308,0.9390000104904175,0.9375600218772888,0.9383800029754639,29532.36550879365
2025-06-23 17:00:00+01:00,0.9383699893951416,0.9391099810600281,0.937529981136322,0.9386900067329407,31299.723114523626
2025-06-23 18:00:00+01:00,0.9387000203132629,0.9398999810218811,0.9382799863815308,0.939769983291626,37747.435216636346
2025-06-23 19:00:00+01:00,0.9397799968719482,0.9403700232505798,0.9389100074768066,0.940280020236969,37485.591075967306
2025-06-23 20:00:00+01:00,0.9402599930763245,0.940280020236969,0.9392499923706055,0.9399499893188477,35735.15667218494
2025-06-23 21:00:00+01:00,0.9399700164794922,0.9409499764442444,0.9392600059509277,0.9400399923324585,36258.059794484005
2025-06-23 22:00:00+01:00,0.9411200284957886,0.9411200284957886,0.9396299719810486,0.9402400255203247,38800.931200261984
2025-06-23 23:00:00+01:00,0.940339982509613,0.9420199990272522,0.9398800134658813,0.9417099952697754,38045.912946585406
2025-06-24 00:00:00+01:00,0.9416599869728088,0.9427800178527832,0.94132000207901,0.9425399899482727,34890.43814058223
2025-06-24 01:00:00+01:00,0.9425299763679504,0.9426500201225281,0.941349983215332,0.9420099854469299,38589.61120849202
2025-06-24 02:00:00+01:00,0.9420099854469299,0.942520022392273,0.9412800073623657,0.9422799944877625,36046.41344013457
2025-06-24 03:00:00+01:00,0.9422699809074402,0.942330002784729,0.9413599967956543,0.9419900178909302,32711.94995057388
2025-06-24 04:00:00+01:00,0.9419999718666077,0.9422399997711182,0.9411600232124329,0.9419699907302856,36347.39986256162
2025-06-24 05:00:00+01:00,0.9419599771499634,0.942330002784729,0.9415199756622314,0.9421700239181519,19865.27810714832
2025-06-24 06:00:00+01:00,0.9421899914741516,0.9426000118255615,0.9414899945259094,0.9418200254440308,24757.420169476693
2025-06-24 07:00:00+01:00,0.9418299794197083,0.9424999952316284,0.9408299922943115,0.9419400095939636,23531.078109243306
2025-06-24 08:00:00+01:00,0.9419299960136414,0.9421399831771851,0.940280020236969,0.9410099983215332,23613.663569101882
2025-06-24 09:00:00+01:00,0.9410499930381775,0.9412500262260437,0.9400500059127808,0.9405500292778015,22225.93780051633
2025-06-24 10:00:00+01:00,0.940530002117157,0.9409199953079224,0.9400699734687805,0.9406099915504456,25478.637270197618
2025-06-24 11:00:00+01:00,0.9406399726867676,0.9406999945640564,0.9390000104904175,0.9395700097084045,24081.589720207146
2025-06-24 12:00:00+01:00,0.9395599961280823,0.9398499727249146,0.9380499720573425,0.9385899901390076,25916.759790753094
2025-06-24 13:00:00+01:00,0.9385700225830078,0.9389200210571289,0.9368000030517578,0.9375799894332886,21900.89934578684
2025-06-24 14:00:00+01:00,0.9375600218772888,0.9379100203514099,0.9361600279808044,0.9367200136184692,27251.929612692868
2025-06-24 15:00:00+01:00,0.936680018901825,0.9369500279426575,0.9345999956130981,0.9354699850082397,28083.707211223194
2025-06-24 16:00:00+01:00,0.9354699850082397,0.9355900287628174,0.9337000250816345,0.9343100190162659,32740.057987972763
2025-06-24 17:00:00+01:00,0.9343199729919434,0.9357500076293945,0.9339900016784668,0.9347299933433533,29194.98733696822
2025-06-24 18:00:00+01:00,0.934719979763031,0.9353299736976624,0.9341300129890442,0.9350399971008301,27928.773526389778
2025-06-24 19:00:00+01:00,0.9350200295448303,0.9352999925613403,0.9340800046920776,0.9349600076675415,33028.216456428396
2025-06-24 20:00:00+01:00,0.9349499940872192,0.9353299736976624,0.9344499707221985,0.9350000023841858,35956.77579286766
2025-06-24 21:00:00+01:00,0.9349899888038635,0.9351999759674072,0.9343000054359436,0.9345499873161316,29933.900963596076
2025-06-24 22:00:00+01:00,0.9348000288009644,0.9350100159645081,0.9341800212860107,0.9345700144767761,32348.664621796546
2025-06-24 23:00:00+01:00,0.9345800280570984,0.9350100159645081,0.9340999722480774,0.9347000122070312,27445.19116328234
2025-06-25 00:00:00+01:00,0.9346299767494202,0.9350000023841858,0.9340999722480774,0.9348700046539307,23663.17240668772
2025-06-25 01:00:00+01:00,0.9349899888038635,0.9355400204658508,0.9345200061798096,0.9352800250053406,25083.694520485737
2025-06-25 02:00:00+01:00,0.9353100061416626,0.9357399940490723,0.9347900152206421,0.9356399774551392,20097.791960495502
2025-06-25 03:00:00+01:00,0.9356499910354614,0.935949981212616,0.9349600076675415,0.9355199933052063,20692.322116232295
2025-06-25 04:00:00+01:00,0.935509979724884,0.9359599947929382,0.9349499940872192,0.9353799819946289,14624.952247969053
2025-06-25 05:00:00+01:00,0.9353399872779846,0.9355999827384949,0.9345300197601318,0.9350200295448303,14575.179349141015
2025-06-25 06:00:00+01:00,0.9350100159645081,0.9352099895477295,0.9342899918556213,0.9350299835205078,9116.449967612998
2025-06-25 07:00:00+01:00,0.9350299835205078,0.9351999759674072,0.9341999888420105,0.9349700212478638,7285.333839810843
2025-06-25 08:00:00+01:00,0.9349600076675415,0.9350500106811523,0.9328799843788147,0.9340599775314331,9511.270637376081
2025-06-25 09:00:00+01:00,0.9340699911117554,0.9352899789810181,0.9330999851226807,0.9350600242614746,13816.156014970738
2025-06-25 10:00:00+01:00,0.9350699782371521,0.9368000030517578,0.9347000122070312,0.9355999827384949,15933.81651735867
2025-06-25 11:00:00+01:00,0.9356200098991394,0.9362000226974487,0.9345800280570984,0.935920000076294,18356.16458395851
2025-06-25 12:00:00+01:00,0.9359599947929382,0.9363600015640259,0.9349300265312195,0.9355400204658508,22595.326622330216
2025-06-25 13:00:00+01:00,0.9356099963188171,0.9362000226974487,0.9350299835205078,0.9356899857521057,20903.14400878114
2025-06-25 14:00:00+01:00,0.935670018196106,0.9362999796867371,0.9350100159645081,0.9359999895095825,22912.0175946402
2025-06-25 15:00:00+01:00,0.9359400272369385,0.9366400241851807,0.9353200197219849,0.936460018157959,19338.801369485318
2025-06-25 16:00:00+01:00,0.9364799857139587,0.9370200037956238,0.9355400204658508,0.9362099766731262,27299.485633923647
2025-06-25 17:00:00+01:00,0.9362000226974487,0.9368000030517578,0.93572998046875,0.9364799857139587,19909.6800810407
2025-06-25 18:00:00+01:00,0.9364699721336365,0.9373999834060669,0.9359999895095825,0.9372699856758118,24344.24575745299
2025-06-25 19:00:00+01:00,0.9372599720954895,0.9377999901771545,0.9367300271987915,0.937720000743866,28905.886308294466
2025-06-25 20:00:00+01:00,0.937690019607544,0.9381499886512756,0.9371700286865234,0.9381300210952759,26366.978919458885
2025-06-25 21:00:00+01:00,0.9381099939346313,0.9384999871253967,0.9373999834060669,0.9377099871635437,30465.37886814962
2025-06-25 22:00:00+01:00,0.9377800226211548,0.9381399750709534,0.9373800158500671,0.9376800060272217,26530.46393523892
2025-06-25 23:00:00+01:00,0.9378899931907654,0.9383000135421753,0.9374099969863892,0.9380900263786316,20635.55808992488
2025-06-26 00:00:00+01:00,0.9381099939346313,0.9391199946403503,0.9376599788665771,0.9390900135040283,19093.98091622279
2025-06-26 01:00:00+01:00,0.9390699863433838,0.9391999840736389,0.9382299780845642,0.9387000203132629,15879.872630389991
2025-06-26 02:00:00+01:00,0.9387000203132629,0.9391199946403503,0.9379100203514099,0.938979983329773,16773.99161643794
2025-06-26 03:00:00+01:00,0.9390100240707397,0.9394500255584717,0.9386100172996521,0.9393100142478943,13038.820561646588
2025-06-26 04:00:00+01:00,0.939300000667572,0.9401400089263916,0.9384400248527527,0.9393699765205383,14390.11181587575
2025-06-26 05:00:00+01:00,0.9393600225448608,0.9394500255584717,0.9381600022315979,0.9386399984359741,16321.311009012898
2025-06-26 06:00:00+01:00,0.9386199712753296,0.939050018787384,0.937969982624054,0.9386299848556519,14796.108194262297
2025-06-26 07:00:00+01:00,0.9386399984359741,0.9387999773025513,0.9375600218772888,0.9385499954223633,15444.74064795108
2025-06-26 08:00:00+01:00,0.9385499954223633,0.9385799765586853,0.9370800256729126,0.9383999705314636,15366.05276465488
2025-06-26 09:00:00+01:00,0.9383999705314636,0.9390000104904175,0.9365800023078918,0.9376000165939331,18032.41926055454
2025-06-26 10:00:00+01:00,0.9375600218772888,0.9383999705314636,0.9369400143623352,0.938260018825531,20083.4417527427
2025-06-26 11:00:00+01:00,0.9382500052452087,0.9384199976921082,0.9373599886894226,0.9379400014877319,20472.17321924319
2025-06-26 12:00:00+01:00,0.9379600286483765,0.9383400082588196,0.9369800090789795,0.937720000743866,19815.007992984327
2025-06-26 13:00:00+01:00,0.937720000743866,0.9379299879074097,0.9359300136566162,0.9367499947547913,26736.26803461487
2025-06-26 14:00:00+01:00,0.9367899894714355,0.9372000098228455,0.935259997844696,0.936489999294281,27487.417403925305
2025-06-26 15:00:00+01:00,0.9364399909973145,0.9373800158500671,0.9357799887657166,0.9364500045776367,29588.429635629207
2025-06-26 16:00:00+01:00,0.9364399909973145,0.9369099736213684,0.9355999827384949,0.9361699819564819,29585.038999626966
2025-06-26 17:00:00+01:00,0.9361900091171265,0.9371500015258789,0.9355999827384949,0.9370899796485901,29141.63548755115
2025-06-26 18:00:00+01:00,0.9370999932289124,0.9373000264167786,0.9362199902534485,0.9370099902153015,28324.13964327062
2025-06-26 19:00:00+01:00,0.9369999766349792,0.9372000098228455,0.9361400008201599,0.9365800023078918,30063.55288969983
2025-06-26 20:00:00+01:00,0.9366099834442139,0.9366099834442139,0.935670018196106,0.9362300038337708,28264.69504152735
2025-06-26 21:00:00+01:00,0.9362099766731262,0.9366000294685364,0.9356099963188171,0.936269998550415,28505.95769028443
2025-06-26 22:00:00+01:00,0.935699999332428,0.935949981212616,0.9348400235176086,0.9354299902915955,26786.386850196384
2025-06-26 23:00:00+01:00,0.9356799721717834,0.9363999962806702,0.9353899955749512,0.9362599849700928,22819.3625646301
2025-06-27 00:00:00+01:00,0.9361699819564819,0.9365900158882141,0.9357600212097168,0.9364100098609924,23389.971564573316
2025-06-27 01:00:00+01:00,0.9363899827003479,0.9369999766349792,0.9360299706459045,0.936710000038147,24183.990698466518
2025-06-27 02:00:00+01:00,0.9366999864578247,0.9368399977684021,0.9360499978065491,0.9367600083351135,21099.255791054224
2025-06-27 03:00:00+01:00,0.9367700219154358,0.9369000196456909,0.9356499910354614,0.9367700219154358,15924.806655241078
2025-06-27 04:00:00+01:00,0.9368000030517578,0.9369999766349792,0.9360299706459045,0.9364399909973145,13682.326491975855
2025-06-27 05:00:00+01:00,0.9364500045776367,0.9366999864578247,0.935949981212616,0.9363499879837036,11368.843883118383
2025-06-27 06:00:00+01:00,0.9363700151443481,0.9370200037956238,0.9358400106430054,0.9362800121307373,11644.032443488328
2025-06-27 07:00:00+01:00,0.9362800121307373,0.9370999932289124,0.9358999729156494,0.9370999932289124,10414.652676194964
2025-06-27 08:00:00+01:00,0.9370700120925903,0.9376500248908997,0.9360499978065491,0.936460018157959,10608.314790153525
2025-06-27 09:00:00+01:00,0.9364399909973145,0.9369000196456909,0.9344099760055542,0.9348700046539307,14773.949741090506
2025-06-27 10:00:00+01:00,0.9348499774932861,0.9348999857902527,0.9337199926376343,0.9347000122070312,19668.928806526557
2025-06-27 11:00:00+01:00,0.934719979763031,0.9352999925613403,0.933899998664856,0.9351999759674072,16984.033368190332
2025-06-27 12:00:00+01:00,0.9352399706840515,0.9361600279808044,0.9345600008964539,0.935670018196106,19596.03969733927
2025-06-27 13:00:00+01:00,0.935670018196106,0.9364500045776367,0.9346699714660645,0.9354400038719177,19953.769919165672
2025-06-27 14:00:00+01:00,0.9354400038719177,0.937749981880188,0.9348099827766418,0.9367600083351135,29740.821628062316
2025-06-27 15:00:00+01:00,0.9368399977684021,0.9380599856376648,0.9362900257110596,0.9369300007820129,27386.93075260368
2025-06-27 16:00:00+01:00,0.9369300007820129,0.9369999766349792,0.9353700280189514,0.9366400241851807,27215.68167896574
2025-06-27 17:00:00+01:00,0.9366400241851807,0.9371299743652344,0.9358299970626831,0.9368600249290466,35506.33051529502
2025-06-27 18:00:00+01:00,0.9368600249290466,0.9374200105667114,0.9355999827384949,0.9362099766731262,31460.48993838545
2025-06-27 19:00:00+01:00,0.9362000226974487,0.9362300038337708,0.934909999370575,0.9356600046157837,40165.232959018205
2025-06-27 20:00:00+01:00,0.9356600046157837,0.9362999796867371,0.9353399872779846,0.9362099766731262,36623.0445657924
2025-06-27 21:00:00+01:00,0.9362000226974487,0.9366099834442139,0.935509979724884,0.9360499978065491,43445.564894308234
2025-06-27 22:00:00+01:00,0.9357399940490723,0.9357399940490723,0.9357399940490723,0.9357399940490723,24561.566053384726
2025-06-30 00:00:00+01:00,0.936710000038147,0.9370999932289124,0.9357100129127502,0.9361000061035156,26049.637592720155
2025-06-30 01:00:00+01:00,0.9362000226974487,0.9368000030517578,0.9357200264930725,0.9362999796867371,29867.142001109547
2025-06-30 02:00:00+01:00,0.9362800121307373,0.9368000030517578,0.9356300234794617,0.9360600113868713,19193.949273506612
2025-06-30 03:00:00+01:00,0.9361000061035156,0.9365299940109253,0.9355499744415283,0.9361600279808044,24570.806215662837
2025-06-30 04:00:00+01:00,0.9361500144004822,0.9364399909973145,0.9356200098991394,0.9361000061035156,21178.8853543365
2025-06-30 05:00:00+01:00,0.9360799789428711,0.9366999864578247,0.9355900287628174,0.9364699721336365,15728.996700041938
2025-06-30 06:00:00+01:00,0.9364399909973145,0.936460018157959,0.9351999759674072,0.935949981212616,11314.721747907517
2025-06-30 07:00:00+01:00,0.9360299706459045,0.9369099736213684,0.9355800151824951,0.9367200136184692,14703.358306014043
2025-06-30 08:00:00+01:00,0.9367200136184692,0.9373300075531006,0.935259997844696,0.9368199706077576,17023.924767755707
2025-06-30 09:00:00+01:00,0.9368399977684021,0.9368399977684021,0.9349700212478638,0.935479998588562,17015.92434222516
2025-06-30 10:00:00+01:00,0.9355199933052063,0.9355199933052063,0.9335500001907349,0.9345600008964539,18381.497790105223
2025-06-30 11:00:00+01:00,0.9345499873161316,0.9348999857902527,0.9335200190544128,0.9343600273132324,18282.133998227004
2025-06-30 12:00:00+01:00,0.9343500137329102,0.9348199963569641,0.9336599707603455,0.934660017490387,21165.10658535158
2025-06-30 13:00:00+01:00,0.9346399903297424,0.9349200129508972,0.9338099956512451,0.9347400069236755,20964.518544171
2025-06-30 14:00:00+01:00,0.9347900152206421,0.9351999759674072,0.9337199926376343,0.9344900250434875,24877.78364937868
2025-06-30 15:00:00+01:00,0.934469997882843,0.935670018196106,0.9335799813270569,0.9343600273132324,31314.842134048744
2025-06-30 16:00:00+01:00,0.9343500137329102,0.9345600008964539,0.9333599805831909,0.9343799948692322,27443.058862156653
2025-06-30 17:00:00+01:00,0.9343699812889099,0.9348700046539307,0.9336299896240234,0.9341599941253662,21844.221358929575
2025-06-30 18:00:00+01:00,0.934149980545044,0.9341999888420105,0.9331200122833252,0.9337800145149231,26889.624511434064
2025-06-30 19:00:00+01:00,0.9337900280952454,0.9344000220298767,0.9332299828529358,0.9342100024223328,30514.351653212576
2025-06-30 20:00:00+01:00,0.9341899752616882,0.9347900152206421,0.93367999792099,0.9345800280570984,25846.823014855312
2025-06-30 21:00:00+01:00,0.9345300197601318,0.9348700046539307,0.9339399933815002,0.9346200227737427,24307.70402744234
2025-06-30 22:00:00+01:00,0.9345700144767761,0.9346200227737427,0.9337999820709229,0.9343400001525879,23043.75246889489
2025-06-30 23:00:00+01:00,0.9343400001525879,0.9347400069236755,0.9340199828147888,0.9346399903297424,20281.21804217592
2025-07-01 00:00:00+01:00,0.9346299767494202,0.9348000288009644,0.9339500069618225,0.934440016746521,14871.96316142446
2025-07-01 01:00:00+01:00,0.9344300031661987,0.934499979019165,0.9333099722862244,0.9342100024223328,14444.54514190741
2025-07-01 02:00:00+01:00,0.9342300295829773,0.9346200227737427,0.9335600137710571,0.9340800046920776,14619.212633547157
2025-07-01 03:00:00+01:00,0.9340900182723999,0.9343000054359436,0.9332299828529358,0.9341800212860107,12543.35876653808
2025-07-01 04:00:00+01:00,0.9341800212860107,0.934220016002655,0.9334200024604797,0.9340500235557556,11874.156125913949
2025-07-01 05:00:00+01:00,0.9340599775314331,0.9344300031661987,0.9333400130271912,0.9339600205421448,8843.643975111128
2025-07-01 06:00:00+01:00,0.9339500069618225,0.9339699745178223,0.9330199956893921,0.933489978313446,7881.459606990417
2025-07-01 07:00:00+01:00,0.9334700107574463,0.9334800243377686,0.9325100183486938,0.9329599738121033,8465.038786505125
2025-07-01 08:00:00+01:00,0.9329699873924255,0.9330999851226807,0.930899977684021,0.9314900040626526,12573.197279854008
2025-07-01 09:00:00+01:00,0.9314900040626526,0.9325299859046936,0.9305099844932556,0.932200014591217,13557.876177125709
2025-07-01 10:00:00+01:00,0.9321799874305725,0.9322699904441833,0.9306399822235107,0.9310700297355652,12851.933009342763
2025-07-01 11:00:00+01:00,0.9310600161552429,0.9316999912261963,0.9303799867630005,0.9315199851989746,13743.797282758158
2025-07-01 12:00:00+01:00,0.9314900040626526,0.9323300123214722,0.9306700229644775,0.931410014629364,20397.7811594194
2025-07-01 13:00:00+01:00,0.931410014629364,0.9331499934196472,0.9312099814414978,0.9326599836349487,22611.539940877745
2025-07-01 14:00:00+01:00,0.932640016078949,0.9327499866485596,0.9309300184249878,0.9317899942398071,23113.483272921185
2025-07-01 15:00:00+01:00,0.9317899942398071,0.9337900280952454,0.9305899739265442,0.9325799942016602,27106.90625858502
2025-07-01 16:00:00+01:00,0.9325799942016602,0.934220016002655,0.9322299957275391,0.9336900115013123,34352.53607085343
2025-07-01 17:00:00+01:00,0.9337000250816345,0.9345700144767761,0.932889997959137,0.9336299896240234,35428.77094947299
2025-07-01 18:00:00+01:00,0.9336299896240234,0.9343100190162659,0.9333199858665466,0.9338300228118896,39788.41819680538
2025-07-01 19:00:00+01:00,0.9338499903678894,0.9340000152587891,0.933139979839325,0.9337900280952454,38413.848215757935
2025-07-01 20:00:00+01:00,0.9337999820709229,0.9343400001525879,0.9331099987030029,0.9342300295829773,40699.01611400752
2025-07-01 21:00:00+01:00,0.9342100024223328,0.934499979019165,0.9332900047302246,0.9337599873542786,40550.0081456537
2025-07-01 22:00:00+01:00,0.9334999918937683,0.933899998664856,0.9327999949455261,0.9335899949073792,38813.1882028918
2025-07-01 23:00:00+01:00,0.933430016040802,0.9340000152587891,0.9333000183105469,0.9337999820709229,27905.900203416702
2025-07-02 00:00:00+01:00,0.9338200092315674,0.933899998664856,0.9329100251197815,0.933430016040802,32676.582508670548
2025-07-02 01:00:00+01:00,0.933430016040802,0.933430016040802,0.9326000213623047,0.9332600235939026,25631.017663664526
2025-07-02 02:00:00+01:00,0.9332600235939026,0.9337000250816345,0.932669997215271,0.9332799911499023,25996.54495541588
2025-07-02 03:00:00+01:00,0.9332600235939026,0.9335200190544128,0.9325699806213379,0.9331700205802917,26674.026499140728
2025-07-02 04:00:00+01:00,0.9331899881362915,0.9334999918937683,0.9327099919319153,0.9332799911499023,18237.90360951369
2025-07-02 05:00:00+01:00,0.9332799911499023,0.9336100220680237,0.9327800273895264,0.9335299730300903,10616.533498723973
2025-07-02 06:00:00+01:00,0.9335299730300903,0.933899998664856,0.9330400228500366,0.9335500001907349,9379.405973767545
2025-07-02 07:00:00+01:00,0.9335399866104126,0.933899998664856,0.9327399730682373,0.9333299994468689,7740.155748856825
2025-07-02 08:00:00+01:00,0.9333299994468689,0.9343900084495544,0.9329400062561035,0.9334099888801575,9067.217106807397
2025-07-02 09:00:00+01:00,0.9334099888801575,0.9335399866104126,0.9323199987411499,0.9331499934196472,9144.798756152664
2025-07-02 10:00:00+01:00,0.9331799745559692,0.9336599707603455,0.9326000213623047,0.9330999851226807,9627.091066115752
2025-07-02 11:00:00+01:00,0.9330800175666809,0.9334999918937683,0.9319000244140625,0.9325299859046936,12275.084694443216
2025-07-02 12:00:00+01:00,0.9325399994850159,0.9329000115394592,0.9316400289535522,0.9321699738502502,9891.964037513739
2025-07-02 13:00:00+01:00,0.932129979133606,0.9330400228500366,0.9310799837112427,0.9320600032806396,17481.612822059447
2025-07-02 14:00:00+01:00,0.9320499897003174,0.9331499934196472,0.9315199851989746,0.9326099753379822,17756.472684662258
2025-07-02 15:00:00+01:00,0.9325699806213379,0.9336699843406677,0.9319400191307068,0.9336699843406677,20522.67957178995
2025-07-02 16:00:00+01:00,0.9336599707603455,0.9344000220298767,0.9330700039863586,0.9339100122451782,17855.902035323157
2025-07-02 17:00:00+01:00,0.933899998664856,0.9340100288391113,0.9327399730682373,0.9334700107574463,24879.531944149883
2025-07-02 18:00:00+01:00,0.9334800243377686,0.9343100190162659,0.9330599904060364,0.9338499903678894,22129.369778017164
2025-07-02 19:00:00+01:00,0.9338399767875671,0.933929979801178,0.9331099987030029,0.9338300228118896,25515.866944650643
2025-07-02 20:00:00+01:00,0.9338099956512451,0.9340000152587891,0.9332699775695801,0.9338600039482117,20419.33906143821
2025-07-02 21:00:00+01:00,0.9338700175285339,0.9344499707221985,0.9333299994468689,0.9342899918556213,21907.809980378293
2025-07-02 22:00:00+01:00,0.9337199926376343,0.9342600107192993,0.9330800175666809,0.9337000250816345,20953.473880507012
2025-07-02 23:00:00+01:00,0.933709979057312,0.9343100190162659,0.9335799813270569,0.9342300295829773,19324.060487331153
2025-07-03 00:00:00+01:00,0.9341899752616882,0.9343400001525879,0.9336699843406677,0.9340900182723999,20136.34941938398
2025-07-03 01:00:00+01:00,0.9340999722480774,0.9343299865722656,0.9335500001907349,0.9342399835586548,16945.29469951588
2025-07-03 02:00:00+01:00,0.9342300295829773,0.9343500137329102,0.9332799911499023,0.9337700009346008,15331.2226815719
2025-07-03 03:00:00+01:00,0.9337700009346008,0.9340000152587891,0.9330499768257141,0.93367999792099,14133.801961269399
2025-07-03 04:00:00+01:00,0.9336699843406677,0.933899998664856,0.9330599904060364,0.9330800175666809,10060.49541390784
2025-07-03 05:00:00+01:00,0.9335100054740906,0.9336000084877014,0.9329500198364258,0.9335200190544128,6941.573983650019
2025-07-03 06:00:00+01:00,0.9335200190544128,0.9340999722480774,0.9330700039863586,0.9340199828147888,5949.394066581638
2025-07-03 07:00:00+01:00,0.9340100288391113,0.9340999722480774,0.9320700168609619,0.9326000213623047,7205.616253419478
2025-07-03 08:00:00+01:00,0.9325900077819824,0.9341199994087219,0.9317799806594849,0.933929979801178,10376.419870230377
2025-07-03 09:00:00+01:00,0.9338899850845337,0.934440016746521,0.9333099722862244,0.9342300295829773,12203.910546897085
2025-07-03 10:00:00+01:00,0.9342399835586548,0.9348499774932861,0.9334800243377686,0.9347599744796753,13878.441564757233
2025-07-03 11:00:00+01:00,0.9347400069236755,0.9348000288009644,0.9338899850845337,0.934719979763031,15298.64997996004
2025-07-03 12:00:00+01:00,0.9347299933433533,0.9356600046157837,0.9343199729919434,0.9349700212478638,13525.009007973464
2025-07-03 13:00:00+01:00,0.9350100159645081,0.9364299774169922,0.9340800046920776,0.9360600113868713,17404.157624772342
2025-07-03 14:00:00+01:00,0.9360700249671936,0.9363999962806702,0.9348099827766418,0.935230016708374,24466.26279174067
2025-07-03 15:00:00+01:00,0.9354299902915955,0.9363999962806702,0.9347699880599976,0.9355400204658508,20841.285842366127
2025-07-03 16:00:00+01:00,0.9355000257492065,0.9359300136566162,0.9344300031661987,0.9348700046539307,24125.364651919957
2025-07-03 17:00:00+01:00,0.9348800182342529,0.9350299835205078,0.9338700175285339,0.9348099827766418,24820.29524763878
2025-07-03 18:00:00+01:00,0.9348099827766418,0.935230016708374,0.9341899752616882,0.9351900219917297,23878.92435957173
2025-07-03 19:00:00+01:00,0.9351900219917297,0.9353500008583069,0.9345700144767761,0.9352999925613403,22242.751969520963
2025-07-03 20:00:00+01:00,0.9352999925613403,0.9352999925613403,0.9342700242996216,0.9347299933433533,28317.35180131397
2025-07-03 21:00:00+01:00,0.9347400069236755,0.9353100061416626,0.9342600107192993,0.9343100190162659,24043.391336800723
2025-07-03 22:00:00+01:00,0.9336599707603455,0.9354299902915955,0.9336000084877014,0.9348099827766418,24598.381954761535
2025-07-03 23:00:00+01:00,0.9347500205039978,0.9351999759674072,0.9343000054359436,0.9348400235176086,20193.697902553948
2025-07-04 00:00:00+01:00,0.9348700046539307,0.9350200295448303,0.9343299865722656,0.9347500205039978,21025.33477319415
2025-07-04 01:00:00+01:00,0.9348099827766418,0.9349200129508972,0.9340699911117554,0.9346299767494202,16199.112640033454
2025-07-04 02:00:00+01:00,0.9346200227737427,0.9348099827766418,0.9340599775314331,0.9345300197601318,17258.373062490693
2025-07-04 03:00:00+01:00,0.9345399737358093,0.9348599910736084,0.9340299963951111,0.9345200061798096,13557.458504112436
2025-07-04 04:00:00+01:00,0.9345200061798096,0.9347000122070312,0.9335799813270569,0.934220016002655,12764.58073321372
2025-07-04 05:00:00+01:00,0.9342100024223328,0.934499979019165,0.9336199760437012,0.9342700242996216,9565.785598994038
2025-07-04 06:00:00+01:00,0.9342799782752991,0.9343000054359436,0.9336100220680237,0.9340800046920776,4961.7389911949185
2025-07-04 07:00:00+01:00,0.9340699911117554,0.9340999722480774,0.9330800175666809,0.9337900280952454,6658.85141449043
2025-07-04 08:00:00+01:00,0.9337800145149231,0.9347000122070312,0.9335200190544128,0.9343799948692322,6749.225929427306
2025-07-04 09:00:00+01:00,0.9343699812889099,0.9348999857902527,0.9337199926376343,0.9341599941253662,8976.638744758558
2025-07-04 10:00:00+01:00,0.934149980545044,0.934499979019165,0.9335399866104126,0.9343500137329102,9124.842798051344
2025-07-04 11:00:00+01:00,0.9343500137329102,0.934939980506897,0.9339200258255005,0.9348000288009644,7201.117802153347
2025-07-04 12:00:00+01:00,0.9347800016403198,0.9350000023841858,0.9339200258255005,0.9343699812889099,5451.8554067214745
2025-07-04 13:00:00+01:00,0.9343900084495544,0.9347000122070312,0.9338600039482117,0.9345899820327759,5996.754601113543
2025-07-04 14:00:00+01:00,0.9345800280570984,0.934909999370575,0.9336699843406677,0.9342600107192993,7328.422747319387
2025-07-04 15:00:00+01:00,0.9342700242996216,0.9345999956130981,0.933709979057312,0.9345399737358093,7424.029367413535
2025-07-04 16:00:00+01:00,0.9345300197601318,0.9348000288009644,0.933929979801178,0.9343600273132324,9017.232817721006
2025-07-04 17:00:00+01:00,0.9343500137329102,0.9347000122070312,0.9336599707603455,0.9340800046920776,7268.474132594089
2025-07-04 18:00:00+01:00,0.9340699911117554,0.9345200061798096,0.9335899949073792,0.9341700077056885,9765.10223097573
2025-07-04 19:00:00+01:00,0.9341599941253662,0.9345999956130981,0.9336199760437012,0.9345600008964539,9753.33026385418
2025-07-04 20:00:00+01:00,0.9345700144767761,0.9362000226974487,0.9341800212860107,0.9361199736595154,12916.856269032549
2025-07-04 21:00:00+01:00,0.9360899925231934,0.9362800121307373,0.9344000220298767,0.9348300099372864,15694.49893326723
2025-07-04 22:00:00+01:00,0.9351099729537964,0.9351099729537964,0.9351099729537964,0.9351099729537964,13868.283072984092
2025-07-07 00:00:00+01:00,0.9353299736976624,0.9357399940490723,0.9349499940872192,0.9355199933052063,10211.814931454875
2025-07-07 01:00:00+01:00,0.9355199933052063,0.9357699751853943,0.9347500205039978,0.9351500272750854,11739.439732610615
2025-07-07 02:00:00+01:00,0.9351699948310852,0.9351999759674072,0.9342799782752991,0.934689998626709,11033.542114097248
2025-07-07 03:00:00+01:00,0.934719979763031,0.9353500008583069,0.9341400265693665,0.9350699782371521,9612.300283364191
2025-07-07 04:00:00+01:00,0.9350799918174744,0.9354000091552734,0.9346399903297424,0.9353500008583069,10916.927902433745
2025-07-07 05:00:00+01:00,0.9353299736976624,0.935509979724884,0.934689998626709,0.935259997844696,7979.651004764692
2025-07-07 06:00:00+01:00,0.9352499842643738,0.9355999827384949,0.9348099827766418,0.9354599714279175,8647.679652781255
2025-07-07 07:00:00+01:00,0.93545001745224,0.9355300068855286,0.9338799715042114,0.9347900152206421,13172.789973323965
2025-07-07 08:00:00+01:00,0.9347800016403198,0.9354000091552734,0.9341300129890442,0.9353600144386292,11476.155231654502
2025-07-07 09:00:00+01:00,0.9353899955749512,0.9355000257492065,0.9341899752616882,0.9345800280570984,14057.60377722135
2025-07-07 10:00:00+01:00,0.9345600008964539,0.9355700016021729,0.9340299963951111,0.9354900121688843,16538.88954500596
2025-07-07 11:00:00+01:00,0.9354900121688843,0.9355999827384949,0.9341899752616882,0.934939980506897,11816.50288114476
2025-07-07 12:00:00+01:00,0.9349300265312195,0.9355000257492065,0.9342600107192993,0.9352800250053406,10303.689861215578
2025-07-07 13:00:00+01:00,0.9352800250053406,0.9358999729156494,0.9345200061798096,0.9353799819946289,13757.67051943882
2025-07-07 14:00:00+01:00,0.93545001745224,0.9357399940490723,0.934719979763031,0.9353299736976624,16374.125645315475
2025-07-07 15:00:00+01:00,0.9353500008583069,0.93572998046875,0.9345800280570984,0.9353899955749512,15455.85548632797
2025-07-07 16:00:00+01:00,0.9354000091552734,0.9355000257492065,0.9341099858283997,0.9350299835205078,17876.18308405629
2025-07-07 17:00:00+01:00,0.9350299835205078,0.9355599880218506,0.9331799745559692,0.9338099956512451,24318.699367922905
2025-07-07 18:00:00+01:00,0.9337999820709229,0.9350000023841858,0.9332900047302246,0.9349200129508972,26236.26960718674
2025-07-07 19:00:00+01:00,0.9348999857902527,0.9355599880218506,0.9343299865722656,0.935479998588562,25780.619570260216
2025-07-07 20:00:00+01:00,0.9354599714279175,0.9355999827384949,0.9346699714660645,0.9352499842643738,26996.46638057891
2025-07-07 21:00:00+01:00,0.935259997844696,0.9352999925613403,0.934149980545044,0.9345899820327759,25645.948506616576
2025-07-07 22:00:00+01:00,0.9348499774932861,0.9348499774932861,0.9335500001907349,0.9347100257873535,23792.473612032256
2025-07-07 23:00:00+01:00,0.9344499707221985,0.9355000257492065,0.9341400265693665,0.9353399872779846,23794.366053793878
2025-07-08 00:00:00+01:00,0.9354699850082397,0.9357399940490723,0.9348999857902527,0.9355800151824951,20124.694057936005
2025-07-08 01:00:00+01:00,0.9356300234794617,0.935920000076294,0.9350799918174744,0.9358699917793274,19354.56683803054
2025-07-08 02:00:00+01:00,0.9358400106430054,0.9359099864959717,0.9349700212478638,0.9356600046157837,17690.163477914895
2025-07-08 03:00:00+01:00,0.9356399774551392,0.9358199834823608,0.9348099827766418,0.9352899789810181,19415.02983450038
2025-07-08 04:00:00+01:00,0.9352899789810181,0.9358999729156494,0.9348599910736084,0.9354000091552734,21738.17001722244
2025-07-08 05:00:00+01:00,0.9353899955749512,0.9354000091552734,0.934440016746521,0.9350399971008301,19649.02183104424
2025-07-08 06:00:00+01:00,0.9350200295448303,0.9355000257492065,0.9345600008964539,0.9351800084114075,15930.75944558995
2025-07-08 07:00:00+01:00,0.9351699948310852,0.9359099864959717,0.934909999370575,0.9355900287628174,12117.52530827389
2025-07-08 08:00:00+01:00,0.9355900287628174,0.9364100098609924,0.9350000023841858,0.9360399842262268,10045.224486817764
2025-07-08 09:00:00+01:00,0.9360899925231934,0.936680018901825,0.9352800250053406,0.93572998046875,12751.76777795205
2025-07-08 10:00:00+01:00,0.9357200264930725,0.9358699917793274,0.9347000122070312,0.9352899789810181,12048.057666490726
2025-07-08 11:00:00+01:00,0.9352899789810181,0.9354299902915955,0.9344099760055542,0.9354199767112732,11127.353198895305
2025-07-08 12:00:00+01:00,0.9354100227355957,0.9355999827384949,0.9345800280570984,0.9350399971008301,10487.023263209005
2025-07-08 13:00:00+01:00,0.9350299835205078,0.9355300068855286,0.9344499707221985,0.9354400038719177,8804.474571282437
2025-07-08 14:00:00+01:00,0.93545001745224,0.9358000159263611,0.933929979801178,0.9345700144767761,12905.416315362561
2025-07-08 15:00:00+01:00,0.9345600008964539,0.9346399903297424,0.9321699738502502,0.9329699873924255,17222.00277447963
2025-07-08 16:00:00+01:00,0.9329699873924255,0.9336699843406677,0.9324600100517273,0.9331600069999695,20565.360151860554
2025-07-08 17:00:00+01:00,0.9331700205802917,0.9335399866104126,0.9323300123214722,0.9330800175666809,14596.899399055335
2025-07-08 18:00:00+01:00,0.9330700039863586,0.9336100220680237,0.9320700168609619,0.9329800009727478,21292.697278084346
2025-07-08 19:00:00+01:00,0.9329699873924255,0.9333199858665466,0.932129979133606,0.9330800175666809,30524.951190643093
2025-07-08 20:00:00+01:00,0.9330800175666809,0.9334999918937683,0.9326300024986267,0.933430016040802,22908.447782592426
2025-07-08 21:00:00+01:00,0.9334099888801575,0.9334499835968018,0.9325000047683716,0.9331300258636475,21571.469065920814
2025-07-08 22:00:00+01:00,0.9330499768257141,0.9340800046920776,0.9326300024986267,0.9328200221061707,20797.405778034485
2025-07-08 23:00:00+01:00,0.9328799843788147,0.9333000183105469,0.9325699806213379,0.9332000017166138,19242.475924467464
2025-07-09 00:00:00+01:00,0.9332600235939026,0.9333400130271912,0.9325900077819824,0.9330999851226807,17075.96878405677
2025-07-09 01:00:00+01:00,0.9331300258636475,0.9336199760437012,0.9326599836349487,0.9335299730300903,18185.71818004424
2025-07-09 02:00:00+01:00,0.9335500001907349,0.9337000250816345,0.9327300190925598,0.9333500266075134,20483.620754541593
2025-07-09 03:00:00+01:00,0.9333599805831909,0.9335700273513794,0.9327899813652039,0.9333800077438354,17933.422461719627
2025-07-09 04:00:00+01:00,0.9333800077438354,0.9336599707603455,0.9327200055122375,0.9336000084877014,14519.529531336886
2025-07-09 05:00:00+01:00,0.9335899949073792,0.9337999820709229,0.933139979839325,0.933650016784668,9900.741794022826
2025-07-09 06:00:00+01:00,0.9336299896240234,0.9340199828147888,0.933139979839325,0.9336900115013123,8235.78667209903
2025-07-09 07:00:00+01:00,0.9337000250816345,0.933929979801178,0.9330000281333923,0.9336299896240234,7766.416667722578
2025-07-09 08:00:00+01:00,0.9336299896240234,0.9340900182723999,0.9327600002288818,0.9332799911499023,6249.055460676884
2025-07-09 09:00:00+01:00,0.9332500100135803,0.9334999918937683,0.9322100281715393,0.9327600002288818,6248.392915297409
2025-07-09 10:00:00+01:00,0.9327999949455261,0.9329599738121033,0.931410014629364,0.9321799874305725,9049.772891444225
2025-07-09 11:00:00+01:00,0.9321799874305725,0.9323999881744385,0.9312499761581421,0.9317100048065186,9364.22504009348
2025-07-09 12:00:00+01:00,0.9317100048065186,0.9325199723243713,0.9312199950218201,0.932200014591217,9503.678176825715
2025-07-09 13:00:00+01:00,0.932200014591217,0.9326000213623047,0.9312999844551086,0.9321600198745728,11007.964520202902
2025-07-09 14:00:00+01:00,0.9321799874305725,0.9322500228881836,0.9301199913024902,0.9307100176811218,16005.012713328482
2025-07-09 15:00:00+01:00,0.9307100176811218,0.9315999746322632,0.9300299882888794,0.931190013885498,15431.288277335152
2025-07-09 16:00:00+01:00,0.9311699867248535,0.9319000244140625,0.9307900071144104,0.9314000010490417,18278.76746720755
2025-07-09 17:00:00+01:00,0.9313899874687195,0.9315000176429749,0.9305499792098999,0.9310100078582764,18285.213678582786
2025-07-09 18:00:00+01:00,0.9310100078582764,0.9312400221824646,0.9303699731826782,0.9311000108718872,13428.513490397778
2025-07-09 19:00:00+01:00,0.931119978427887,0.9312999844551086,0.9303399920463562,0.9310500025749207,21478.472431593927
2025-07-09 20:00:00+01:00,0.9310500025749207,0.9312999844551086,0.9305999875068665,0.9311000108718872,18057.416995131847
2025-07-09 21:00:00+01:00,0.9311100244522095,0.9312999844551086,0.9304500222206116,0.9307299852371216,20332.76202746432
2025-07-09 22:00:00+01:00,0.9304999709129333,0.9314200282096863,0.9296799898147583,0.9305099844932556,18909.451099539274
2025-07-09 23:00:00+01:00,0.9305499792098999,0.9309099912643433,0.9299799799919128,0.9304999709129333,17367.530225406976
2025-07-10 00:00:00+01:00,0.930429995059967,0.9305999875068665,0.9297599792480469,0.9304100275039673,16757.717185197507
2025-07-10 01:00:00+01:00,0.9303799867630005,0.9307100176811218,0.9297400116920471,0.9305300116539001,16465.404049436598
2025-07-10 02:00:00+01:00,0.9305199980735779,0.9309200048446655,0.9301599860191345,0.9307500123977661,13021.779030340611
2025-07-10 03:00:00+01:00,0.9307500123977661,0.9316999912261963,0.9303799867630005,0.931659996509552,15649.695593523365
2025-07-10 04:00:00+01:00,0.93163001537323,0.9320499897003174,0.9312099814414978,0.9316999912261963,10483.74281338008
2025-07-10 05:00:00+01:00,0.9317100048065186,0.9319999814033508,0.9312700033187866,0.9318000078201294,7359.433422878163
2025-07-10 06:00:00+01:00,0.9318100214004517,0.9321100115776062,0.9314500093460083,0.9319900274276733,6195.135796862616
2025-07-10 07:00:00+01:00,0.9319599866867065,0.9326099753379822,0.9314699769020081,0.9321699738502502,6792.672920241977
2025-07-10 08:00:00+01:00,0.9321900010108948,0.9327399730682373,0.9313399791717529,0.9317499995231628,8236.306155125416
2025-07-10 09:00:00+01:00,0.9317399859428406,0.9327499866485596,0.9307699799537659,0.9324700236320496,10923.309421944246
2025-07-10 10:00:00+01:00,0.932420015335083,0.9325399994850159,0.9312800168991089,0.9316800236701965,12572.350828185627
2025-07-10 11:00:00+01:00,0.9317100048065186,0.9322100281715393,0.9312400221824646,0.9318100214004517,14820.683877334206
2025-07-10 12:00:00+01:00,0.9318000078201294,0.9321200251579285,0.9311100244522095,0.9317200183868408,11644.23775493944
2025-07-10 13:00:00+01:00,0.9317399859428406,0.9325299859046936,0.9312099814414978,0.9322699904441833,11853.643455152824
2025-07-10 14:00:00+01:00,0.9322599768638611,0.9327600002288818,0.9316200017929077,0.9323999881744385,13010.902708665764
2025-07-10 15:00:00+01:00,0.9323899745941162,0.9326000213623047,0.9305999875068665,0.9313799738883972,12715.809574731991
2025-07-10 16:00:00+01:00,0.9313899874687195,0.9318000078201294,0.9306100010871887,0.9315900206565857,17100.858042375112
2025-07-10 17:00:00+01:00,0.9315900206565857,0.9322800040245056,0.931190013885498,0.9321100115776062,18322.909920524715
2025-07-10 18:00:00+01:00,0.9320999979972839,0.932129979133606,0.9312599897384644,0.9320200085639954,16483.13281171252
2025-07-10 19:00:00+01:00,0.9320099949836731,0.932200014591217,0.9313700199127197,0.9319400191307068,16613.88878712768
2025-07-10 20:00:00+01:00,0.9319599866867065,0.9320200085639954,0.9308500289916992,0.9316800236701965,16419.25677084281
2025-07-10 21:00:00+01:00,0.9316800236701965,0.9325199723243713,0.9308300018310547,0.9322900176048279,21407.376225788004
2025-07-10 22:00:00+01:00,0.932200014591217,0.9325299859046936,0.9313300251960754,0.9323800206184387,18563.475110595995
2025-07-10 23:00:00+01:00,0.9325000047683716,0.9325699806213379,0.9317399859428406,0.9322100281715393,15145.66721264089
2025-07-11 00:00:00+01:00,0.9322199821472168,0.9323999881744385,0.9317100048065186,0.9322800040245056,15528.20088568021
2025-07-11 01:00:00+01:00,0.9322800040245056,0.9326199889183044,0.9300100207328796,0.9310500025749207,17642.10230419227
2025-07-11 02:00:00+01:00,0.9310399889945984,0.93163001537323,0.9304400086402893,0.9313099980354309,17961.119125829973
2025-07-11 03:00:00+01:00,0.9313200116157532,0.9315500259399414,0.9306700229644775,0.9312099814414978,18775.14046858328
2025-07-11 04:00:00+01:00,0.9312300086021423,0.9315999746322632,0.9306899905204773,0.9314500093460083,15103.16428667912
2025-07-11 05:00:00+01:00,0.9314600229263306,0.9315000176429749,0.9305999875068665,0.9311699867248535,15103.999648275952
2025-07-11 06:00:00+01:00,0.9311699867248535,0.9314500093460083,0.9305499792098999,0.9309200048446655,13878.417975669925
2025-07-11 07:00:00+01:00,0.9309099912643433,0.931439995765686,0.930400013923645,0.9313499927520752,16300.670068971162
2025-07-11 08:00:00+01:00,0.9313300251960754,0.9317299723625183,0.9306600093841553,0.9311599731445312,18083.29748625723
2025-07-11 09:00:00+01:00,0.9311699867248535,0.9316999912261963,0.9303600192070007,0.9313799738883972,14525.492738933292
2025-07-11 10:00:00+01:00,0.9313899874687195,0.9315299987792969,0.9301499724388123,0.9306700229644775,17796.079101399802
2025-07-11 11:00:00+01:00,0.9306700229644775,0.9309999942779541,0.9298200011253357,0.9303100109100342,14290.563660267793
2025-07-11 12:00:00+01:00,0.9303100109100342,0.9315000176429749,0.9297900199890137,0.9306899905204773,14122.474715643277
2025-07-11 13:00:00+01:00,0.9306700229644775,0.9314000010490417,0.9302099943161011,0.9308300018310547,20208.44711856808
2025-07-11 14:00:00+01:00,0.9308199882507324,0.9318000078201294,0.9303299784660339,0.930679976940155,17071.964702764326
2025-07-11 15:00:00+01:00,0.9307299852371216,0.9318000078201294,0.9300100207328796,0.9311400055885315,15884.308504546887
2025-07-11 16:00:00+01:00,0.9311699867248535,0.9317600131034851,0.9307000041007996,0.9312099814414978,15762.079116754809
2025-07-11 17:00:00+01:00,0.9312099814414978,0.9315599799156189,0.930400013923645,0.9308500289916992,18250.585599998587
2025-07-11 18:00:00+01:00,0.930840015411377,0.9316099882125854,0.930429995059967,0.9315500259399414,17947.565861581665
2025-07-11 19:00:00+01:00,0.9315699934959412,0.9318600296974182,0.9307299852371216,0.9317100048065186,18894.09826905541
2025-07-11 20:00:00+01:00,0.9317200183868408,0.9317600131034851,0.9308599829673767,0.9313700199127197,15417.617846379975
2025-07-11 21:00:00+01:00,0.9313799738883972,0.9315999746322632,0.9302399754524231,0.9306100010871887,19123.307155165665
2025-07-11 22:00:00+01:00,0.930869996547699,0.930869996547699,0.930869996547699,0.930869996547699,19420.20181099464
2025-07-14 00:00:00+01:00,0.9301499724388123,0.930899977684021,0.9297299981117249,0.9308000206947327,19949.512969540265
2025-07-14 01:00:00+01:00,0.9308099746704102,0.9309200048446655,0.9299899935722351,0.9307900071144104,17837.62267765132
2025-07-14 02:00:00+01:00,0.9307799935340881,0.9309999942779541,0.9302700161933899,0.9307000041007996,11131.484336899106
2025-07-14 03:00:00+01:00,0.9307199716567993,0.9309300184249878,0.930180013179779,0.9307600259780884,12358.02981639553
2025-07-14 04:00:00+01:00,0.9307500123977661,0.9310299754142761,0.9302300214767456,0.9308099746704102,11304.092969864312
2025-07-14 05:00:00+01:00,0.9308300018310547,0.9310200214385986,0.9303500056266785,0.9308300018310547,8867.371599374972
2025-07-14 06:00:00+01:00,0.930840015411377,0.930899977684021,0.92985999584198,0.9304400086402893,5650.177696798126
2025-07-14 07:00:00+01:00,0.9304199814796448,0.9309399724006653,0.9299100041389465,0.9306300282478333,6094.011814055145
2025-07-14 08:00:00+01:00,0.930649995803833,0.9320300221443176,0.9302200078964233,0.9320300221443176,6110.545127939714
2025-07-14 09:00:00+01:00,0.9320200085639954,0.9320999979972839,0.9305800199508667,0.9312000274658203,8161.188062496543
2025-07-14 10:00:00+01:00,0.9312000274658203,0.9317299723625183,0.9305099844932556,0.9317100048065186,9055.417586237847
2025-07-14 11:00:00+01:00,0.9316999912261963,0.9318100214004517,0.9305099844932556,0.9311500191688538,9118.382994572301
2025-07-14 12:00:00+01:00,0.9312000274658203,0.9315099716186523,0.9300699830055237,0.9305099844932556,10567.20691245233
2025-07-14 13:00:00+01:00,0.9305099844932556,0.9307000041007996,0.9295300245285034,0.9302300214767456,10983.972281742052
2025-07-14 14:00:00+01:00,0.9302700161933899,0.9307399988174438,0.9291700124740601,0.9300400018692017,14782.13724269666
2025-07-14 15:00:00+01:00,0.9300600290298462,0.9310600161552429,0.9295600056648254,0.9307600259780884,16633.100066233033
2025-07-14 16:00:00+01:00,0.9307500123977661,0.9315000176429749,0.9303799867630005,0.9310100078582764,17867.25793274856
2025-07-14 17:00:00+01:00,0.9309999942779541,0.931119978427887,0.9300400018692017,0.9305099844932556,15915.499530554485
2025-07-14 18:00:00+01:00,0.9305099844932556,0.930899977684021,0.9299299716949463,0.9308500289916992,16513.281597551773
2025-07-14 19:00:00+01:00,0.930840015411377,0.9312599897384644,0.9303699731826782,0.9311299920082092,21671.535123996226
2025-07-14 20:00:00+01:00,0.931119978427887,0.9312099814414978,0.9304699897766113,0.9311599731445312,20509.12645728146
2025-07-14 21:00:00+01:00,0.931190013885498,0.9312999844551086,0.9301599860191345,0.9303200244903564,18878.475959749656
2025-07-14 22:00:00+01:00,0.9302800297737122,0.9309300184249878,0.9296900033950806,0.9300900101661682,17783.35880514039
2025-07-14 23:00:00+01:00,0.9304199814796448,0.9309200048446655,0.930079996585846,0.9308599829673767,14400.121181058264
2025-07-15 00:00:00+01:00,0.9308099746704102,0.9310100078582764,0.9301699995994568,0.9309599995613098,13745.3105856913
2025-07-15 01:00:00+01:00,0.9309899806976318,0.9309999942779541,0.9299100041389465,0.9303699731826782,14296.50343510775
2025-07-15 02:00:00+01:00,0.9303699731826782,0.9311400055885315,0.929830014705658,0.9309300184249878,14810.287290398941
2025-07-15 03:00:00+01:00,0.9309300184249878,0.9309999942779541,0.9299399852752686,0.9304500222206116,12221.360684085364
2025-07-15 04:00:00+01:00,0.9304400086402893,0.9305099844932556,0.9297199845314026,0.9304900169372559,10406.518557799209
2025-07-15 05:00:00+01:00,0.9304699897766113,0.9305099844932556,0.9299299716949463,0.9304800033569336,8444.29978548458
2025-07-15 06:00:00+01:00,0.9304900169372559,0.9308000206947327,0.9299799799919128,0.9307399988174438,6090.351975626491
2025-07-15 07:00:00+01:00,0.9307900071144104,0.9309999942779541,0.9293299913406372,0.9298499822616577,8168.699711957558
2025-07-15 08:00:00+01:00,0.9298400282859802,0.9303100109100342,0.929069995880127,0.9302899837493896,8617.61171613051
2025-07-15 09:00:00+01:00,0.9302899837493896,0.930400013923645,0.9292399883270264,0.9300199747085571,9014.047866605459
2025-07-15 10:00:00+01:00,0.9300100207328796,0.930400013923645,0.9294300079345703,0.9300299882888794,11984.921912867681
2025-07-15 11:00:00+01:00,0.9300299882888794,0.9301999807357788,0.9292899966239929,0.9300100207328796,7945.541527600856
2025-07-15 12:00:00+01:00,0.9299899935722351,0.9302999973297119,0.9291899800300598,0.929669976234436,11627.245517687095
2025-07-15 13:00:00+01:00,0.9296799898147583,0.9303600192070007,0.9292100071907043,0.9298800230026245,10612.430669657177
2025-07-15 14:00:00+01:00,0.9298700094223022,0.9306100010871887,0.9290800094604492,0.9304699897766113,14442.413043784254
2025-07-15 15:00:00+01:00,0.9304800033569336,0.9311299920082092,0.9296000003814697,0.9301400184631348,13794.18568153782
2025-07-15 16:00:00+01:00,0.9301400184631348,0.9307299852371216,0.9294000267982483,0.9298999905586243,14388.455475031695
2025-07-15 17:00:00+01:00,0.929889976978302,0.930649995803833,0.9293799996376038,0.9298400282859802,16317.442515497234
2025-07-15 18:00:00+01:00,0.9298400282859802,0.9304100275039673,0.9293500185012817,0.9303600192070007,16206.511979927074
2025-07-15 19:00:00+01:00,0.9303699731826782,0.9305400252342224,0.9296500086784363,0.9302800297737122,16847.254682110837
2025-07-15 20:00:00+01:00,0.9302800297737122,0.9304500222206116,0.929610013961792,0.9303100109100342,18251.387613998388
2025-07-15 21:00:00+01:00,0.9302899837493896,0.9304999709129333,0.9294800162315369,0.9294800162315369,11805.802690449098
2025-07-15 22:00:00+01:00,0.9296299815177917,0.9299600124359131,0.9288399815559387,0.9296799898147583,12855.701567016977
2025-07-15 23:00:00+01:00,0.9296799898147583,0.9303399920463562,0.9294000267982483,0.9302399754524231,13669.361810637667
2025-07-16 00:00:00+01:00,0.9302499890327454,0.9305599927902222,0.9297699928283691,0.9302499890327454,14072.879561810763
2025-07-16 01:00:00+01:00,0.9302700161933899,0.9307000041007996,0.9297299981117249,0.9305099844932556,12139.884935006354
2025-07-16 02:00:00+01:00,0.9305300116539001,0.9309300184249878,0.9300100207328796,0.9307500123977661,11085.618978092805
2025-07-16 03:00:00+01:00,0.9307500123977661,0.930899977684021,0.9301699995994568,0.9308599829673767,10260.464534258705
2025-07-16 04:00:00+01:00,0.9308199882507324,0.9312000274658203,0.9304199814796448,0.9310700297355652,6989.1696052466295
2025-07-16 05:00:00+01:00,0.9310799837112427,0.9312999844551086,0.9305300116539001,0.9311800003051758,7489.368881599779
2025-07-16 06:00:00+01:00,0.931190013885498,0.9312400221824646,0.9303299784660339,0.9308800101280212,5158.992351330502
2025-07-16 07:00:00+01:00,0.930869996547699,0.9313600063323975,0.9300699830055237,0.9309099912643433,5715.970862687766
2025-07-16 08:00:00+01:00,0.9309099912643433,0.9311500191688538,0.930109977722168,0.9310200214385986,6588.784852404149
2025-07-16 09:00:00+01:00,0.9310299754142761,0.9315000176429749,0.9305400252342224,0.931439995765686,5406.821349120664
2025-07-16 10:00:00+01:00,0.9314200282096863,0.9315099716186523,0.9304100275039673,0.9311800003051758,5875.585182139885
2025-07-16 11:00:00+01:00,0.9311800003051758,0.9313099980354309,0.9303900003433228,0.9311400055885315,5822.209849238221
2025-07-16 12:00:00+01:00,0.9311400055885315,0.9334200024604797,0.930620014667511,0.9329000115394592,11627.87840108795
2025-07-16 13:00:00+01:00,0.9329000115394592,0.9329599738121033,0.9314200282096863,0.9322900176048279,16291.52408662284
2025-07-16 14:00:00+01:00,0.9322999715805054,0.932479977607727,0.9313200116157532,0.9316999912261963,12812.638205835452
2025-07-16 15:00:00+01:00,0.9317100048065186,0.9329599738121033,0.930899977684021,0.9325000047683716,15394.411908696238
2025-07-16 16:00:00+01:00,0.9324700236320496,0.9330899715423584,0.9309499859809875,0.9320300221443176,21965.67235051508
2025-07-16 17:00:00+01:00,0.9320300221443176,0.9323199987411499,0.9310500025749207,0.9317100048065186,23632.767153251174
2025-07-16 18:00:00+01:00,0.9316999912261963,0.9319999814033508,0.9309300184249878,0.931659996509552,27289.65535285819
2025-07-16 19:00:00+01:00,0.931659996509552,0.9322999715805054,0.9311400055885315,0.9322199821472168,25835.996576276808
2025-07-16 20:00:00+01:00,0.9322299957275391,0.932420015335083,0.9312999844551086,0.9319400191307068,23111.105557181116
2025-07-16 21:00:00+01:00,0.9319400191307068,0.9323199987411499,0.9314900040626526,0.9315999746322632,26632.299218674467
2025-07-16 22:00:00+01:00,0.93163001537323,0.9322599768638611,0.9310899972915649,0.9317499995231628,24487.440348177908
2025-07-16 23:00:00+01:00,0.9317700266838074,0.9323300123214722,0.9315400123596191,0.9320099949836731,24040.1794756088
2025-07-17 00:00:00+01:00,0.9320499897003174,0.9321699738502502,0.9314200282096863,0.9319300055503845,23144.67739290656
2025-07-17 01:00:00+01:00,0.9319199919700623,0.9323999881744385,0.9313099980354309,0.9323700070381165,24903.0223370548
2025-07-17 02:00:00+01:00,0.9323899745941162,0.9325100183486938,0.9313099980354309,0.9318400025367737,17783.75233023456
2025-07-17 03:00:00+01:00,0.9318400025367737,0.9324100017547607,0.9315099716186523,0.932129979133606,17013.343813676565
2025-07-17 04:00:00+01:00,0.9321200251579285,0.9327999949455261,0.9315099716186523,0.9327800273895264,18677.638783848244
2025-07-17 05:00:00+01:00,0.9327899813652039,0.9327999949455261,0.9320700168609619,0.932669997215271,11187.147793078802
2025-07-17 06:00:00+01:00,0.932669997215271,0.9327999949455261,0.9318699836730957,0.9323999881744385,10287.85805137241
2025-07-17 07:00:00+01:00,0.9324100017547607,0.9326599836349487,0.9311500191688538,0.9320600032806396,9139.187203292866
2025-07-17 08:00:00+01:00,0.9320700168609619,0.9325000047683716,0.9314299821853638,0.9319599866867065,10184.447035768042
2025-07-17 09:00:00+01:00,0.9319400191307068,0.9321200251579285,0.9312599897384644,0.9319400191307068,8441.3289408549
2025-07-17 10:00:00+01:00,0.9319300055503845,0.9322999715805054,0.9313600063323975,0.9320799708366394,9370.084786332101
2025-07-17 11:00:00+01:00,0.9320600032806396,0.9323099851608276,0.9313600063323975,0.9318000078201294,8805.261548614319
2025-07-17 12:00:00+01:00,0.9317899942398071,0.9321600198745728,0.9310299754142761,0.9318199753761292,8761.015227381424
2025-07-17 13:00:00+01:00,0.9318199753761292,0.9325000047683716,0.9314600229263306,0.9323099851608276,10539.435446279931
2025-07-17 14:00:00+01:00,0.9323099851608276,0.9327999949455261,0.9317100048065186,0.9324899911880493,10573.884229197676
2025-07-17 15:00:00+01:00,0.9324700236320496,0.9330000281333923,0.931879997253418,0.9327600002288818,10310.360534988475
2025-07-17 16:00:00+01:00,0.9327700138092041,0.9332000017166138,0.932200014591217,0.9327600002288818,9800.750478907774
2025-07-17 17:00:00+01:00,0.9327800273895264,0.9334200024604797,0.9321600198745728,0.9332900047302246,11559.629792571843
2025-07-17 18:00:00+01:00,0.9332500100135803,0.9335200190544128,0.9326500296592712,0.9332399964332581,12371.70428131057
2025-07-17 19:00:00+01:00,0.9332299828529358,0.9335399866104126,0.9327499866485596,0.9333400130271912,9489.137114526795
2025-07-17 20:00:00+01:00,0.9333099722862244,0.9335200190544128,0.931850016117096,0.9323599934577942,11905.144148978588
2025-07-17 21:00:00+01:00,0.9323800206184387,0.9330000281333923,0.9319199919700623,0.9325399994850159,9987.399954976605
2025-07-17 22:00:00+01:00,0.9332799911499023,0.9332799911499023,0.9319300055503845,0.9325100183486938,10597.59410492878
2025-07-17 23:00:00+01:00,0.9327899813652039,0.9330000281333923,0.9322299957275391,0.9327499866485596,12922.857787230674
2025-07-18 00:00:00+01:00,0.9326900243759155,0.9327999949455261,0.9319900274276733,0.9325799942016602,11686.168259013695
2025-07-18 01:00:00+01:00,0.9325900077819824,0.9333999752998352,0.9322199821472168,0.9333400130271912,12703.248358710667
2025-07-18 02:00:00+01:00,0.9333500266075134,0.9334999918937683,0.9326300024986267,0.9334200024604797,12867.327274955598
2025-07-18 03:00:00+01:00,0.9333999752998352,0.9334999918937683,0.9327999949455261,0.9333500266075134,9886.25867579581
2025-07-18 04:00:00+01:00,0.9333599805831909,0.9333999752998352,0.9323700070381165,0.9328799843788147,8525.797376182749
2025-07-18 05:00:00+01:00,0.932919979095459,0.9330000281333923,0.9323199987411499,0.9328200221061707,7635.901409187456
2025-07-18 06:00:00+01:00,0.9328299760818481,0.9332000017166138,0.9323400259017944,0.9330700039863586,7122.676323946162
2025-07-18 07:00:00+01:00,0.9330800175666809,0.9337999820709229,0.9325699806213379,0.9335100054740906,8293.941721568543
2025-07-18 08:00:00+01:00,0.9335299730300903,0.9337999820709229,0.9325500130653381,0.9330199956893921,9750.423395286358
2025-07-18 09:00:00+01:00,0.9330099821090698,0.9336000084877014,0.9326099753379822,0.933459997177124,10703.399400764865
2025-07-18 10:00:00+01:00,0.9334700107574463,0.9340199828147888,0.932919979095459,0.9336100220680237,8054.283102806123
2025-07-18 11:00:00+01:00,0.9336299896240234,0.933650016784668,0.9326500296592712,0.933139979839325,8832.403636192728
2025-07-18 12:00:00+01:00,0.933139979839325,0.9333999752998352,0.9318900108337402,0.9323499798774719,8473.48174255732
2025-07-18 13:00:00+01:00,0.9323599934577942,0.9326199889183044,0.9315999746322632,0.932129979133606,8026.386893650909
2025-07-18 14:00:00+01:00,0.932129979133606,0.9327399730682373,0.9313899874687195,0.9320700168609619,9667.089463190086
2025-07-18 15:00:00+01:00,0.9319999814033508,0.932640016078949,0.9314000010490417,0.9318900108337402,10338.13536628099
2025-07-18 16:00:00+01:00,0.931879997253418,0.9319999814033508,0.9311100244522095,0.9316999912261963,11202.125907328935
2025-07-18 17:00:00+01:00,0.931689977645874,0.9318000078201294,0.930649995803833,0.9311699867248535,11116.988205639636
2025-07-18 18:00:00+01:00,0.9311699867248535,0.9316099882125854,0.9306399822235107,0.9315999746322632,10447.521111107859
2025-07-18 19:00:00+01:00,0.9316099882125854,0.9316999912261963,0.9308500289916992,0.931659996509552,12077.492473155542
2025-07-18 20:00:00+01:00,0.931689977645874,0.9317600131034851,0.9310799837112427,0.9315599799156189,13704.68730175834
2025-07-18 21:00:00+01:00,0.9315900206565857,0.9322900176048279,0.9310299754142761,0.9315900206565857,10895.046531904525
2025-07-18 22:00:00+01:00,0.9313300251960754,0.9315199851989746,0.9313300251960754,0.9315199851989746,7497.685066704923
2025-07-21 00:00:00+01:00,0.9317799806594849,0.9320499897003174,0.9313300251960754,0.9317799806594849,7989.2310061319
2025-07-21 01:00:00+01:00,0.9317799806594849,0.93190997838974,0.9310399889945984,0.9316099882125854,9168.370622376404
2025-07-21 02:00:00+01:00,0.9316200017929077,0.9318000078201294,0.9311699867248535,0.9316800236701965,6992.357569601121
2025-07-21 03:00:00+01:00,0.9316999912261963,0.9318299889564514,0.9311000108718872,0.9316200017929077,3908.6544751941146
2025-07-21 04:00:00+01:00,0.93163001537323,0.9320399761199951,0.9312000274658203,0.9319999814033508,3872.569342447675
2025-07-21 05:00:00+01:00,0.9319800138473511,0.9320600032806396,0.9314200282096863,0.9319300055503845,1931.69283417874
2025-07-21 06:00:00+01:00,0.9319400191307068,0.9320999979972839,0.9313899874687195,0.9320399761199951,1055.1689440473488
2025-07-21 07:00:00+01:00,0.9320899844169617,0.9321500062942505,0.9311500191688538,0.9317200183868408,1056.6770123839278
2025-07-21 08:00:00+01:00,0.9317100048065186,0.9326800107955933,0.9312899708747864,0.9322500228881836,1142.1009676817537
2025-07-21 09:00:00+01:00,0.9322199821472168,0.9323099851608276,0.9308800101280212,0.9316700100898743,2334.4890045254806
2025-07-21 10:00:00+01:00,0.931689977645874,0.9323999881744385,0.9313499927520752,0.9323499798774719,2967.1028041943496
2025-07-21 11:00:00+01:00,0.9323499798774719,0.9325000047683716,0.9312300086021423,0.9320300221443176,5420.314854439416
2025-07-21 12:00:00+01:00,0.9320200085639954,0.9325000047683716,0.9312099814414978,0.9322800040245056,5297.43943621692
2025-07-21 13:00:00+01:00,0.9322699904441833,0.9326000213623047,0.931850016117096,0.9323300123214722,7052.590288826011
2025-07-21 14:00:00+01:00,0.9323300123214722,0.9326500296592712,0.9313600063323975,0.9324899911880493,8163.162898486361
2025-07-21 15:00:00+01:00,0.9324600100517273,0.9333000183105469,0.9319400191307068,0.9331099987030029,10102.68380631469
2025-07-21 16:00:00+01:00,0.9331200122833252,0.9333999752998352,0.932449996471405,0.9332299828529358,11592.464175651312
2025-07-21 17:00:00+01:00,0.9332200288772583,0.9332799911499023,0.9323700070381165,0.9331200122833252,11259.819984790498
2025-07-21 18:00:00+01:00,0.9331499934196472,0.9332000017166138,0.9323999881744385,0.9329699873924255,11896.688526847078
2025-07-21 19:00:00+01:00,0.9329599738121033,0.9330999851226807,0.9323599934577942,0.9330099821090698,10184.765398619797
2025-07-21 20:00:00+01:00,0.9329900145530701,0.9333999752998352,0.9325299859046936,0.9332200288772583,11640.816618076955
2025-07-21 21:00:00+01:00,0.933210015296936,0.9333999752998352,0.9325100183486938,0.9328699707984924,11330.85159415946
2025-07-21 22:00:00+01:00,0.933459997177124,0.933459997177124,0.9317399859428406,0.932919979095459,12323.745055387946
2025-07-21 23:00:00+01:00,0.9329800009727478,0.9332399964332581,0.9323999881744385,0.9332000017166138,9174.762351816311
2025-07-22 00:00:00+01:00,0.9332399964332581,0.9333999752998352,0.9327499866485596,0.9333699941635132,8615.177364132831
2025-07-22 01:00:00+01:00,0.9333500266075134,0.9337800145149231,0.9325699806213379,0.9330400228500366,9682.85732368293
2025-07-22 02:00:00+01:00,0.9330099821090698,0.9332000017166138,0.9325100183486938,0.9329900145530701,8348.577796348793
2025-07-22 03:00:00+01:00,0.9329900145530701,0.9330999851226807,0.9323199987411499,0.9328799843788147,6991.198388379638
2025-07-22 04:00:00+01:00,0.932889997959137,0.9330999851226807,0.9322999715805054,0.9330000281333923,5875.375893700687
2025-07-22 05:00:00+01:00,0.9329699873924255,0.9330499768257141,0.9320600032806396,0.9324700236320496,4602.387839385238
2025-07-22 06:00:00+01:00,0.932479977607727,0.9332000017166138,0.9319599866867065,0.932919979095459,5538.86161278256
2025-07-22 07:00:00+01:00,0.9329699873924255,0.9335500001907349,0.9325699806213379,0.9332799911499023,7357.421257268938
2025-07-22 08:00:00+01:00,0.9332699775695801,0.9334999918937683,0.9311100244522095,0.9317600131034851,10973.639294462086
2025-07-22 09:00:00+01:00,0.9318100214004517,0.9325399994850159,0.9315199851989746,0.9323800206184387,11231.801274243879
2025-07-22 10:00:00+01:00,0.9323800206184387,0.9332900047302246,0.9320899844169617,0.9331899881362915,11878.546816606573
2025-07-22 11:00:00+01:00,0.9331799745559692,0.9333000183105469,0.9322900176048279,0.9328200221061707,12438.42518563118
2025-07-22 12:00:00+01:00,0.9328200221061707,0.9330000281333923,0.93163001537323,0.9323300123214722,11580.313813573506
2025-07-22 13:00:00+01:00,0.9323400259017944,0.9331200122833252,0.9317600131034851,0.9324700236320496,13651.78298943504
2025-07-22 14:00:00+01:00,0.9324399828910828,0.9326900243759155,0.9313200116157532,0.9320999979972839,17882.306858386455
2025-07-22 15:00:00+01:00,0.9320899844169617,0.932669997215271,0.9309499859809875,0.9326199889183044,17061.18429008496
2025-07-22 16:00:00+01:00,0.9326199889183044,0.9326500296592712,0.9304199814796448,0.9312000274658203,20562.89598963664
2025-07-22 17:00:00+01:00,0.9311800003051758,0.9317899942398071,0.9307100176811218,0.9312199950218201,20980.912359999566
2025-07-22 18:00:00+01:00,0.9312300086021423,0.9315500259399414,0.9306700229644775,0.9314299821853638,21222.742642780486
2025-07-22 19:00:00+01:00,0.9314299821853638,0.9314799904823303,0.9307100176811218,0.9312599897384644,26023.667619837546
2025-07-22 20:00:00+01:00,0.9312700033187866,0.931410014629364,0.9305400252342224,0.9312199950218201,21298.653097717153
2025-07-22 21:00:00+01:00,0.9312400221824646,0.9314200282096863,0.930400013923645,0.9310200214385986,23599.870810430413
2025-07-22 22:00:00+01:00,0.9308599829673767,0.9315500259399414,0.9304400086402893,0.9305199980735779,16484.31671368986
2025-07-22 23:00:00+01:00,0.9305199980735779,0.9313300251960754,0.930400013923645,0.931190013885498,18242.99973520583
2025-07-23 00:00:00+01:00,0.9311400055885315,0.9317200183868408,0.9306899905204773,0.931689977645874,17089.221845956232
2025-07-23 01:00:00+01:00,0.931689977645874,0.9317700266838074,0.9308900237083435,0.93163001537323,17287.80479325078
2025-07-23 02:00:00+01:00,0.93163001537323,0.9317200183868408,0.9308599829673767,0.9315599799156189,12831.264892191646
2025-07-23 03:00:00+01:00,0.9315500259399414,0.9316999912261963,0.9308800101280212,0.9315299987792969,13528.325680491424
2025-07-23 04:00:00+01:00,0.9315299987792969,0.9315999746322632,0.9306600093841553,0.931190013885498,10564.93634779255
2025-07-23 05:00:00+01:00,0.9311699867248535,0.9318400025367737,0.9306399822235107,0.9314500093460083,9643.524689059506
2025-07-23 06:00:00+01:00,0.9314600229263306,0.9318000078201294,0.9310200214385986,0.9316200017929077,5054.464268329745
2025-07-23 07:00:00+01:00,0.9316200017929077,0.9316200017929077,0.9305099844932556,0.9312000274658203,5494.53100345223
2025-07-23 08:00:00+01:00,0.9312000274658203,0.9313099980354309,0.9292899966239929,0.9297000169754028,10034.836027587895
2025-07-23 09:00:00+01:00,0.9296900033950806,0.930109977722168,0.9289000034332275,0.9299100041389465,12060.706078655418
2025-07-23 10:00:00+01:00,0.9299499988555908,0.9301999807357788,0.9292399883270264,0.9301300048828125,10908.756151231672
2025-07-23 11:00:00+01:00,0.9300900101661682,0.9302999973297119,0.9292799830436707,0.9297800064086914,9918.462609143598
2025-07-23 12:00:00+01:00,0.9297599792480469,0.9307399988174438,0.9292200207710266,0.9302399754524231,12759.386013378276
2025-07-23 13:00:00+01:00,0.9302399754524231,0.9308199882507324,0.9298099875450134,0.9305300116539001,15229.746793117081
2025-07-23 14:00:00+01:00,0.9305400252342224,0.9312999844551086,0.9300199747085571,0.9310200214385986,13125.136610856209
2025-07-23 15:00:00+01:00,0.9310299754142761,0.9317399859428406,0.9303100109100342,0.9314000010490417,13637.37819850971
2025-07-23 16:00:00+01:00,0.931410014629364,0.9324700236320496,0.9305599927902222,0.9322900176048279,18492.19699076456
2025-07-23 17:00:00+01:00,0.9322900176048279,0.933459997177124,0.9319999814033508,0.9334200024604797,24495.06957905386
2025-07-23 18:00:00+01:00,0.933430016040802,0.9343100190162659,0.9329599738121033,0.9335899949073792,22615.38096138459
2025-07-23 19:00:00+01:00,0.9336000084877014,0.9337999820709229,0.9327499866485596,0.9331600069999695,19604.484761064905
2025-07-23 20:00:00+01:00,0.9331499934196472,0.9332000017166138,0.9319199919700623,0.9325500130653381,22699.03582801322
2025-07-23 21:00:00+01:00,0.9325900077819824,0.9330899715423584,0.9320300221443176,0.9326500296592712,21645.45012827153
2025-07-23 22:00:00+01:00,0.9326900243759155,0.9330000281333923,0.9320600032806396,0.9325699806213379,20580.555786729987
2025-07-23 23:00:00+01:00,0.9325199723243713,0.9328399896621704,0.9320300221443176,0.9326000213623047,21218.319139881867
2025-07-24 00:00:00+01:00,0.9326199889183044,0.9327399730682373,0.9320399761199951,0.9326800107955933,15799.903279726572
2025-07-24 01:00:00+01:00,0.9326900243759155,0.9328399896621704,0.9319999814033508,0.9327200055122375,15398.83044629422
2025-07-24 02:00:00+01:00,0.9327300190925598,0.9327999949455261,0.9318400025367737,0.9323499798774719,14213.657158557098
2025-07-24 03:00:00+01:00,0.9323999881744385,0.9327999949455261,0.93190997838974,0.9325000047683716,14109.265547310446
2025-07-24 04:00:00+01:00,0.9325000047683716,0.9327999949455261,0.9319700002670288,0.9326599836349487,12513.678023497363
2025-07-24 05:00:00+01:00,0.9326800107955933,0.9331099987030029,0.9322100281715393,0.9330499768257141,12422.176760180948
2025-07-24 06:00:00+01:00,0.9330400228500366,0.9332000017166138,0.9323300123214722,0.9327399730682373,8177.324619297884
2025-07-24 07:00:00+01:00,0.9327499866485596,0.9332000017166138,0.9320099949836731,0.9324100017547607,6314.84117037537
2025-07-24 08:00:00+01:00,0.932420015335083,0.9333299994468689,0.9320899844169617,0.9331300258636475,7126.886364096641
2025-07-24 09:00:00+01:00,0.9331300258636475,0.9338399767875671,0.9328399896621704,0.9334499835968018,8473.279582453928
2025-07-24 10:00:00+01:00,0.9334499835968018,0.9337999820709229,0.9330000281333923,0.9335100054740906,5949.1469027650755
2025-07-24 11:00:00+01:00,0.9335200190544128,0.9340400099754333,0.9330899715423584,0.9337000250816345,5804.150144564016
2025-07-24 12:00:00+01:00,0.93367999792099,0.9339200258255005,0.9327999949455261,0.9333800077438354,5316.694275837686
2025-07-24 13:00:00+01:00,0.9333800077438354,0.9342399835586548,0.9327999949455261,0.9335100054740906,7518.429958632225
2025-07-24 14:00:00+01:00,0.9335200190544128,0.9352999925613403,0.9328600168228149,0.9350100159645081,13436.066714740333
2025-07-24 15:00:00+01:00,0.9349799752235413,0.9355700016021729,0.9336199760437012,0.9352200031280518,15215.514029985696
2025-07-24 16:00:00+01:00,0.9352099895477295,0.936269998550415,0.9348499774932861,0.9361400008201599,21220.284111299734
2025-07-24 17:00:00+01:00,0.9361799955368042,0.9362300038337708,0.9340800046920776,0.9345300197601318,20135.590326134934
2025-07-24 18:00:00+01:00,0.9345099925994873,0.9347100257873535,0.9338099956512451,0.9344599843025208,20900.416018167176
2025-07-24 19:00:00+01:00,0.9344599843025208,0.934660017490387,0.9339200258255005,0.9346299767494202,22936.65382853164
2025-07-24 20:00:00+01:00,0.9346299767494202,0.9349600076675415,0.9338700175285339,0.9345700144767761,20433.437381973617
2025-07-24 21:00:00+01:00,0.9345499873161316,0.9347000122070312,0.9338600039482117,0.9341300129890442,19600.75936908055
2025-07-24 22:00:00+01:00,0.9340299963951111,0.9347000122070312,0.9329599738121033,0.9342100024223328,18615.95121290763
2025-07-24 23:00:00+01:00,0.9340900182723999,0.9347500205039978,0.9338300228118896,0.9345099925994873,22929.790013696413
2025-07-25 00:00:00+01:00,0.9345300197601318,0.9347000122070312,0.933929979801178,0.9343600273132324,18368.60334792535
2025-07-25 01:00:00+01:00,0.9343600273132324,0.9351999759674072,0.9340299963951111,0.9351199865341187,18748.689155433665
2025-07-25 02:00:00+01:00,0.9351300001144409,0.9353399872779846,0.934499979019165,0.9352200031280518,21340.474719569702
2025-07-25 03:00:00+01:00,0.9352099895477295,0.9354000091552734,0.9342600107192993,0.9348700046539307,22551.9641554235
2025-07-25 04:00:00+01:00,0.9348700046539307,0.9350000023841858,0.9342600107192993,0.9348199963569641,14873.7646807631
2025-07-25 05:00:00+01:00,0.9348000288009644,0.934909999370575,0.9340599775314331,0.934499979019165,12571.95491469786
2025-07-25 06:00:00+01:00,0.9345099925994873,0.9349300265312195,0.9340000152587891,0.9347500205039978,9432.964267200252
2025-07-25 07:00:00+01:00,0.9347299933433533,0.9350000023841858,0.9340500235557556,0.934469997882843,6432.866403112321
2025-07-25 08:00:00+01:00,0.934469997882843,0.9351199865341187,0.9341999888420105,0.9349799752235413,9193.39247922536
2025-07-25 09:00:00+01:00,0.9349300265312195,0.9353600144386292,0.9339799880981445,0.9346500039100647,7790.850455323195
2025-07-25 10:00:00+01:00,0.9346799850463867,0.9351599812507629,0.9340299963951111,0.9349200129508972,10543.078052232548
2025-07-25 11:00:00+01:00,0.9349499940872192,0.9350000023841858,0.9336199760437012,0.9345600008964539,9975.634601099513
2025-07-25 12:00:00+01:00,0.9345700144767761,0.9346100091934204,0.9331799745559692,0.9339100122451782,8494.104575981435
2025-07-25 13:00:00+01:00,0.9338899850845337,0.9348000288009644,0.9334700107574463,0.9341800212860107,11085.573510966
2025-07-25 14:00:00+01:00,0.9341899752616882,0.9343000054359436,0.9332299828529358,0.9340500235557556,15190.577946181473
2025-07-25 15:00:00+01:00,0.9340299963951111,0.9348300099372864,0.9332600235939026,0.9344199895858765,11515.422743930427
2025-07-25 16:00:00+01:00,0.9344099760055542,0.934909999370575,0.933489978313446,0.9342600107192993,15802.98356470183
2025-07-25 17:00:00+01:00,0.9342600107192993,0.9343500137329102,0.9325600266456604,0.9329699873924255,18733.310124192933
2025-07-25 18:00:00+01:00,0.9329800009727478,0.9334999918937683,0.9323300123214722,0.9331799745559692,19474.934194420373
2025-07-25 19:00:00+01:00,0.9331799745559692,0.9336299896240234,0.9327800273895264,0.9334499835968018,18329.565313995747
2025-07-25 20:00:00+01:00,0.933459997177124,0.9337000250816345,0.9330199956893921,0.9335899949073792,15520.987018717566
2025-07-25 21:00:00+01:00,0.9336100220680237,0.9337000250816345,0.932889997959137,0.9330099821090698,16969.038067812853
2025-07-25 22:00:00+01:00,0.9328500032424927,0.9328500032424927,0.9328500032424927,0.9328500032424927,16095.634611048867
2025-07-28 00:00:00+01:00,0.9350799918174744,0.9352999925613403,0.9345700144767761,0.9350500106811523,16303.737387975085
2025-07-28 01:00:00+01:00,0.9350699782371521,0.9352999925613403,0.9343799948692322,0.9350900053977966,15939.893275858794
2025-07-28 02:00:00+01:00,0.9350900053977966,0.9352200031280518,0.9344000220298767,0.9349700212478638,15369.675885359658
2025-07-28 03:00:00+01:00,0.9349700212478638,0.9351099729537964,0.9344499707221985,0.9350600242614746,13494.486205949584
2025-07-28 04:00:00+01:00,0.9350299835205078,0.9351400136947632,0.9341199994087219,0.9345499873161316,11028.175988185834
2025-07-28 05:00:00+01:00,0.9345600008964539,0.934719979763031,0.9339200258255005,0.9345499873161316,8888.046185056908
2025-07-28 06:00:00+01:00,0.9345300197601318,0.934719979763031,0.9338899850845337,0.9346399903297424,11362.385029530247
2025-07-28 07:00:00+01:00,0.9346500039100647,0.934909999370575,0.9326199889183044,0.9330199956893921,11657.505047993045
2025-07-28 08:00:00+01:00,0.9330199956893921,0.9332500100135803,0.93163001537323,0.9326599836349487,12363.513104290725
2025-07-28 09:00:00+01:00,0.9326599836349487,0.9332600235939026,0.9316400289535522,0.9332200288772583,12468.02394465976
2025-07-28 10:00:00+01:00,0.9332299828529358,0.9337000250816345,0.9326099753379822,0.9333000183105469,13097.901481306983
2025-07-28 11:00:00+01:00,0.9332799911499023,0.9343199729919434,0.9329500198364258,0.9338099956512451,14012.161934420588
2025-07-28 12:00:00+01:00,0.9338300228118896,0.9339699745178223,0.9328600168228149,0.9333400130271912,15383.814129434388
2025-07-28 13:00:00+01:00,0.9333500266075134,0.9339399933815002,0.9328399896621704,0.933489978313446,22006.801720551408
2025-07-28 14:00:00+01:00,0.9334999918937683,0.9340299963951111,0.932640016078949,0.9334400296211243,19136.38794022066
2025-07-28 15:00:00+01:00,0.9334499835968018,0.9337000250816345,0.9314000010490417,0.9322500228881836,18438.268274674312
2025-07-28 16:00:00+01:00,0.9322500228881836,0.932449996471405,0.9309999942779541,0.93163001537323,25043.66725684611
2025-07-28 17:00:00+01:00,0.9316499829292297,0.9320200085639954,0.9309399724006653,0.9312700033187866,20418.270560212706
2025-07-28 18:00:00+01:00,0.9312599897384644,0.9313300251960754,0.9299499988555908,0.9307000041007996,23718.13866414567
2025-07-28 19:00:00+01:00,0.9306899905204773,0.931439995765686,0.9302099943161011,0.9313099980354309,25887.233940744347
2025-07-28 20:00:00+01:00,0.9313099980354309,0.9313700199127197,0.9304800033569336,0.9310200214385986,23507.971933129313
2025-07-28 21:00:00+01:00,0.9310299754142761,0.9315000176429749,0.9305700063705444,0.9309499859809875,21324.95905297641
2025-07-28 22:00:00+01:00,0.9308599829673767,0.931410014629364,0.9300400018692017,0.9308199882507324,20054.289613377263
2025-07-28 23:00:00+01:00,0.9308199882507324,0.9315000176429749,0.9303799867630005,0.9313200116157532,15875.312226282067
2025-07-29 00:00:00+01:00,0.9313700199127197,0.9316200017929077,0.9309800267219543,0.9315000176429749,20744.37838373362
2025-07-29 01:00:00+01:00,0.9314500093460083,0.9315599799156189,0.9306399822235107,0.9312999844551086,19319.80504511379
2025-07-29 02:00:00+01:00,0.9312300086021423,0.9315000176429749,0.9305800199508667,0.9310399889945984,15722.763355252675
2025-07-29 03:00:00+01:00,0.9310500025749207,0.9312300086021423,0.9303299784660339,0.9309999942779541,16546.672175446096
2025-07-29 04:00:00+01:00,0.9310200214385986,0.9311000108718872,0.9301400184631348,0.930840015411377,14856.0872110204
2025-07-29 05:00:00+01:00,0.9308199882507324,0.9313200116157532,0.9303799867630005,0.9312999844551086,12014.28432773801
2025-07-29 06:00:00+01:00,0.9313200116157532,0.9313399791717529,0.9303600192070007,0.9310600161552429,7857.5652358415155
2025-07-29 07:00:00+01:00,0.9310299754142761,0.9313600063323975,0.9296799898147583,0.9302499890327454,12131.88000077644
2025-07-29 08:00:00+01:00,0.9301999807357788,0.9312000274658203,0.9296799898147583,0.9309399724006653,10364.504288863738
2025-07-29 09:00:00+01:00,0.9309700131416321,0.9316700100898743,0.930649995803833,0.9314699769020081,11650.651993772557
2025-07-29 10:00:00+01:00,0.9314699769020081,0.9323999881744385,0.9310899972915649,0.9318100214004517,11873.306094745823
2025-07-29 11:00:00+01:00,0.9318100214004517,0.9318600296974182,0.930840015411377,0.9313200116157532,11163.297793462127
2025-07-29 12:00:00+01:00,0.9313300251960754,0.9313499927520752,0.930180013179779,0.9309599995613098,12730.72178613436
2025-07-29 13:00:00+01:00,0.9309499859809875,0.931439995765686,0.9300100207328796,0.930620014667511,12712.095419429415
2025-07-29 14:00:00+01:00,0.9305800199508667,0.9309999942779541,0.9297400116920471,0.9299100041389465,13594.58158368433
2025-07-29 15:00:00+01:00,0.9299100041389465,0.9305599927902222,0.929099977016449,0.9303200244903564,16785.56799771757
2025-07-29 16:00:00+01:00,0.9303100109100342,0.9310399889945984,0.9297900199890137,0.9308599829673767,16126.79873302001
2025-07-29 17:00:00+01:00,0.9308599829673767,0.9311400055885315,0.9303100109100342,0.9307199716567993,18642.07252417683
2025-07-29 18:00:00+01:00,0.9307100176811218,0.930899977684021,0.9298700094223022,0.9302800297737122,20805.642296876602
2025-07-29 19:00:00+01:00,0.9302899837493896,0.930649995803833,0.9297699928283691,0.9303900003433228,19623.7043095206
2025-07-29 20:00:00+01:00,0.9303799867630005,0.930620014667511,0.9298700094223022,0.9304800033569336,14878.324420556462
2025-07-29 21:00:00+01:00,0.9304599761962891,0.9309499859809875,0.930079996585846,0.9302700161933899,14197.837714293786
2025-07-29 22:00:00+01:00,0.9302300214767456,0.9307500123977661,0.9298999905586243,0.9303399920463562,10459.73569779426
2025-07-29 23:00:00+01:00,0.930429995059967,0.9307000041007996,0.9297199845314026,0.9306100010871887,10017.293563357576
2025-07-30 00:00:00+01:00,0.9305800199508667,0.9308000206947327,0.9299200177192688,0.9305199980735779,10828.717948344829
2025-07-30 01:00:00+01:00,0.9305300116539001,0.9308199882507324,0.9297800064086914,0.9304100275039673,11288.931548538585
2025-07-30 02:00:00+01:00,0.9304199814796448,0.930649995803833,0.9296299815177917,0.9304199814796448,9040.091379829937
2025-07-30 03:00:00+01:00,0.930429995059967,0.9304999709129333,0.929639995098114,0.9303699731826782,8126.113494835941
2025-07-30 04:00:00+01:00,0.9303799867630005,0.9307000041007996,0.9295300245285034,0.9305999875068665,8109.131438835448
2025-07-30 05:00:00+01:00,0.9305999875068665,0.9307000041007996,0.929830014705658,0.9306100010871887,5834.819566947704
2025-07-30 06:00:00+01:00,0.9305800199508667,0.9307299852371216,0.929419994354248,0.9304800033569336,7301.5980506232845
2025-07-30 07:00:00+01:00,0.9304999709129333,0.9306700229644775,0.9295399785041809,0.9303699731826782,6810.309136213035
2025-07-30 08:00:00+01:00,0.9303900003433228,0.9306100010871887,0.9292399883270264,0.9299600124359131,9580.972371760676
2025-07-30 09:00:00+01:00,0.9299600124359131,0.9300500154495239,0.9287199974060059,0.9297400116920471,9623.609918884842
2025-07-30 10:00:00+01:00,0.9297299981117249,0.9300299882888794,0.9288399815559387,0.9300000071525574,10419.364996933553
2025-07-30 11:00:00+01:00,0.9300000071525574,0.930429995059967,0.9293199777603149,0.9303100109100342,10000.072397774113
2025-07-30 12:00:00+01:00,0.9302999973297119,0.930400013923645,0.9293100237846375,0.9300699830055237,10696.253443234284
2025-07-30 13:00:00+01:00,0.930079996585846,0.9304699897766113,0.9288899898529053,0.9297299981117249,15350.974887397317
2025-07-30 14:00:00+01:00,0.9297400116920471,0.9313399791717529,0.9291300177574158,0.9312599897384644,18180.14785223893
2025-07-30 15:00:00+01:00,0.9312700033187866,0.9315000176429749,0.9302999973297119,0.9309099912643433,17469.38013285288
2025-07-30 16:00:00+01:00,0.9309099912643433,0.9309399724006653,0.9295700192451477,0.9304900169372559,19379.29652968722
2025-07-30 17:00:00+01:00,0.9304900169372559,0.930899977684021,0.9294899702072144,0.9301300048828125,22862.16902721555
2025-07-30 18:00:00+01:00,0.9301300048828125,0.9304999709129333,0.9295200109481812,0.929889976978302,21430.527600729656
2025-07-30 19:00:00+01:00,0.9302300214767456,0.9307000041007996,0.9289199709892273,0.9293599724769592,25699.3735851476
2025-07-30 20:00:00+01:00,0.9293500185012817,0.9300400018692017,0.9284499883651733,0.9297099709510803,23062.55449906466
2025-07-30 21:00:00+01:00,0.9296900033950806,0.9298099875450134,0.9287700057029724,0.9292899966239929,26965.821819376946
2025-07-30 22:00:00+01:00,0.9291200041770935,0.9297999739646912,0.9279500246047974,0.9295600056648254,30682.19325305278
2025-07-30 23:00:00+01:00,0.9297400116920471,0.930180013179779,0.929069995880127,0.9297400116920471,25813.668505744303
2025-07-31 00:00:00+01:00,0.9297000169754028,0.9297999739646912,0.9289900064468384,0.9294999837875366,25737.71315893419
2025-07-31 01:00:00+01:00,0.9294800162315369,0.9301999807357788,0.9290500283241272,0.9297599792480469,25525.348680236577
2025-07-31 02:00:00+01:00,0.9297800064086914,0.9298999905586243,0.9289500117301941,0.9295600056648254,25160.604510711753
2025-07-31 03:00:00+01:00,0.9295499920845032,0.9297000169754028,0.9285600185394287,0.9291200041770935,23493.42426237319
2025-07-31 04:00:00+01:00,0.9291399717330933,0.9293000102043152,0.9284499883651733,0.9292100071907043,17357.06317751246
2025-07-31 05:00:00+01:00,0.9292100071907043,0.9294599890708923,0.9284800291061401,0.9294099807739258,14953.12566127386
2025-07-31 06:00:00+01:00,0.9294000267982483,0.9295200109481812,0.9285799860954285,0.9293500185012817,16680.89057272039
2025-07-31 07:00:00+01:00,0.9293500185012817,0.9300000071525574,0.9286900162696838,0.9298400282859802,14606.04036671376
2025-07-31 08:00:00+01:00,0.929830014705658,0.9302300214767456,0.9291800260543823,0.9300699830055237,16476.32244414775
2025-07-31 09:00:00+01:00,0.9300500154495239,0.9307000041007996,0.9293400049209595,0.930649995803833,15293.734374337679
2025-07-31 10:00:00+01:00,0.9306600093841553,0.9307799935340881,0.9295499920845032,0.9301900267601013,13080.391204247899
2025-07-31 11:00:00+01:00,0.9301699995994568,0.9305300116539001,0.9293100237846375,0.9300000071525574,12250.987392561758
2025-07-31 12:00:00+01:00,0.9300000071525574,0.9302999973297119,0.9290400147438049,0.9295399785041809,11935.895980927167
2025-07-31 13:00:00+01:00,0.9295399785041809,0.9297199845314026,0.928659975528717,0.9293500185012817,11795.278929110073
2025-07-31 14:00:00+01:00,0.9293199777603149,0.9296000003814697,0.9284600019454956,0.9290000200271606,13776.404862218085
2025-07-31 15:00:00+01:00,0.9290199875831604,0.9297999739646912,0.9281899929046631,0.9294300079345703,14642.60716409343
2025-07-31 16:00:00+01:00,0.9294300079345703,0.9296000003814697,0.9278799891471863,0.9284700155258179,17476.753102963314
2025-07-31 17:00:00+01:00,0.9284800291061401,0.9286199808120728,0.9274500012397766,0.9280400276184082,16771.78049089251
2025-07-31 18:00:00+01:00,0.9280400276184082,0.9283300042152405,0.9273399710655212,0.9281200170516968,16734.61158310388
2025-07-31 19:00:00+01:00,0.9281399846076965,0.9286100268363953,0.9274799823760986,0.9281799793243408,18924.756320321998
2025-07-31 20:00:00+01:00,0.9281799793243408,0.9283300042152405,0.9263399839401245,0.9270099997520447,20156.95887626898
2025-07-31 21:00:00+01:00,0.9270200133323669,0.9276099801063538,0.9263899922370911,0.9268800020217896,19905.10405376592
2025-07-31 22:00:00+01:00,0.9269300103187561,0.9283499717712402,0.9269199967384338,0.9272400140762329,25247.072208350553
2025-07-31 23:00:00+01:00,0.9272599816322327,0.9276300072669983,0.926800012588501,0.9273800253868103,23986.937467521842
2025-08-01 00:00:00+01:00,0.927370011806488,0.9298099875450134,0.9269099831581116,0.9297199845314026,23914.138557788952
2025-08-01 01:00:00+01:00,0.9297099709510803,0.9299200177192688,0.9282000064849854,0.9286400079727173,26556.771857825053
2025-08-01 02:00:00+01:00,0.9286400079727173,0.9291399717330933,0.9282100200653076,0.9288100004196167,21167.59206607241
2025-08-01 03:00:00+01:00,0.9288100004196167,0.9289100170135498,0.9281799793243408,0.928659975528717,23256.289029632826
2025-08-01 04:00:00+01:00,0.9286500215530396,0.9291200041770935,0.9281799793243408,0.9290500283241272,22878.469578057386
2025-08-01 05:00:00+01:00,0.9290599822998047,0.9297000169754028,0.9286199808120728,0.9294899702072144,25657.824560698245
2025-08-01 06:00:00+01:00,0.9294899702072144,0.930620014667511,0.9290400147438049,0.9303200244903564,17852.612687951452
2025-08-01 07:00:00+01:00,0.9303100109100342,0.9303200244903564,0.9289500117301941,0.9293500185012817,24084.928383214203
2025-08-01 08:00:00+01:00,0.9293500185012817,0.9304400086402893,0.9290099740028381,0.9302499890327454,23907.903267871276
2025-08-01 09:00:00+01:00,0.9303200244903564,0.9320399761199951,0.9300400018692017,0.9318199753761292,23952.464607138038
2025-08-01 10:00:00+01:00,0.9318100214004517,0.9321100115776062,0.9299100041389465,0.9307699799537659,26700.69406688932
2025-08-01 11:00:00+01:00,0.9307699799537659,0.9312400221824646,0.9301499724388123,0.9310899972915649,27563.79169444869
2025-08-01 12:00:00+01:00,0.9310500025749207,0.9314000010490417,0.930400013923645,0.9307699799537659,26067.8458275169
2025-08-01 13:00:00+01:00,0.9307600259780884,0.9312800168991089,0.9295300245285034,0.9299899935722351,25281.971842266274
2025-08-01 14:00:00+01:00,0.9300000071525574,0.9319000244140625,0.9296200275421143,0.9301499724388123,29550.596137328153
2025-08-01 15:00:00+01:00,0.9301900267601013,0.9319700002670288,0.9293699860572815,0.9318299889564514,25962.084454538548
2025-08-01 16:00:00+01:00,0.9318199753761292,0.9324300289154053,0.9309200048446655,0.9321900010108948,28173.88466342349
2025-08-01 17:00:00+01:00,0.9321699738502502,0.9322999715805054,0.9303799867630005,0.9308199882507324,37492.77328301869
2025-08-01 18:00:00+01:00,0.9308099746704102,0.9308900237083435,0.929419994354248,0.9305499792098999,39580.67242949011
2025-08-01 19:00:00+01:00,0.9305400252342224,0.9313799738883972,0.9299499988555908,0.9313799738883972,40456.68332622146
2025-08-01 20:00:00+01:00,0.9313700199127197,0.9317600131034851,0.9308199882507324,0.9313700199127197,37428.41128757398
2025-08-01 21:00:00+01:00,0.9313600063323975,0.9323599934577942,0.9307600259780884,0.9312499761581421,39040.036790641825
2025-08-01 22:00:00+01:00,0.9310399889945984,0.9310399889945984,0.9310399889945984,0.9310399889945984,32836.99749254688
2025-08-04 00:00:00+01:00,0.9315500259399414,0.9316999912261963,0.9309899806976318,0.9315999746322632,35500.36629440389
2025-08-04 01:00:00+01:00,0.9315999746322632,0.9321399927139282,0.9312199950218201,0.9320999979972839,25008.356522983115
2025-08-04 02:00:00+01:00,0.9320999979972839,0.9326199889183044,0.9311000108718872,0.9324100017547607,20846.55362162587
2025-08-04 03:00:00+01:00,0.9324100017547607,0.9325199723243713,0.9314200282096863,0.9323400259017944,27225.258421065348
2025-08-04 04:00:00+01:00,0.9323400259017944,0.9326300024986267,0.9314200282096863,0.9320700168609619,21772.934081046336
2025-08-04 05:00:00+01:00,0.9320600032806396,0.9324600100517273,0.9315199851989746,0.9319499731063843,17952.236075128727
2025-08-04 06:00:00+01:00,0.9319800138473511,0.932699978351593,0.9314699769020081,0.9326199889183044,16568.9534989424
2025-08-04 07:00:00+01:00,0.9326300024986267,0.9347000122070312,0.9311299920082092,0.9345300197601318,16962.914627976676
2025-08-04 08:00:00+01:00,0.9345700144767761,0.9348999857902527,0.9334999918937683,0.934719979763031,20592.457817187034
2025-08-04 09:00:00+01:00,0.9347500205039978,0.9351999759674072,0.9340000152587891,0.9350399971008301,20887.660675032537
2025-08-04 10:00:00+01:00,0.9350299835205078,0.9358599781990051,0.9347599744796753,0.9357200264930725,20587.971838457128
2025-08-04 11:00:00+01:00,0.9357200264930725,0.9358900189399719,0.9345700144767761,0.9349300265312195,20542.69867689933
2025-08-04 12:00:00+01:00,0.9349200129508972,0.9351500272750854,0.9335399866104126,0.9340500235557556,21839.941444535954
2025-08-04 13:00:00+01:00,0.9340500235557556,0.9348000288009644,0.9330800175666809,0.9338600039482117,28298.95430957854
2025-08-04 14:00:00+01:00,0.9338399767875671,0.9352800250053406,0.9331799745559692,0.9346299767494202,29607.929326213805
2025-08-04 15:00:00+01:00,0.934660017490387,0.9354599714279175,0.9338899850845337,0.9347699880599976,27217.151974527038
2025-08-04 16:00:00+01:00,0.9347800016403198,0.9356300234794617,0.9342100024223328,0.9349300265312195,20473.945275946782
2025-08-04 17:00:00+01:00,0.9349300265312195,0.9351999759674072,0.9342100024223328,0.9348499774932861,26930.35035491742
2025-08-04 18:00:00+01:00,0.9348300099372864,0.9352200031280518,0.9343500137329102,0.9350100159645081,29206.202547569355
2025-08-04 19:00:00+01:00,0.9350000023841858,0.9351199865341187,0.9341800212860107,0.9346200227737427,30867.932786580703
2025-08-04 20:00:00+01:00,0.9346500039100647,0.9351000189781189,0.9341199994087219,0.9350699782371521,27423.43632035076
2025-08-04 21:00:00+01:00,0.9350399971008301,0.9354900121688843,0.9338300228118896,0.9338300228118896,22501.535930925405
2025-08-04 22:00:00+01:00,0.9345600008964539,0.9349799752235413,0.9338799715042114,0.9341899752616882,23256.794809220788
2025-08-04 23:00:00+01:00,0.9341099858283997,0.9351999759674072,0.9340100288391113,0.9348199963569641,20204.96966504987
2025-08-05 00:00:00+01:00,0.9348599910736084,0.9350000023841858,0.9344199895858765,0.9349300265312195,21655.33347345773
2025-08-05 01:00:00+01:00,0.9349300265312195,0.9357699751853943,0.9343699812889099,0.9354000091552734,20599.679505988213
2025-08-05 02:00:00+01:00,0.9353799819946289,0.9355999827384949,0.9345600008964539,0.9350200295448303,20925.30745069785
2025-08-05 03:00:00+01:00,0.9350600242614746,0.9353399872779846,0.9345700144767761,0.9353200197219849,17217.51617450024
2025-08-05 04:00:00+01:00,0.9353100061416626,0.93545001745224,0.9347400069236755,0.9353500008583069,13401.861784574025
2025-08-05 05:00:00+01:00,0.9353399872779846,0.9355999827384949,0.9349200129508972,0.9355300068855286,8646.04176168881
2025-08-05 06:00:00+01:00,0.9355300068855286,0.9355999827384949,0.934660017490387,0.9353100061416626,7700.639236504191
2025-08-05 07:00:00+01:00,0.9353899955749512,0.9354000091552734,0.9345899820327759,0.9350500106811523,7112.640264126101
2025-08-05 08:00:00+01:00,0.9350299835205078,0.9351500272750854,0.9337800145149231,0.9344900250434875,8380.501699481265
2025-08-05 09:00:00+01:00,0.9344800114631653,0.9359400272369385,0.9340100288391113,0.935670018196106,11475.09469479417
2025-08-05 10:00:00+01:00,0.9356799721717834,0.9359999895095825,0.9346299767494202,0.9354000091552734,14596.111557993307
2025-08-05 11:00:00+01:00,0.9353799819946289,0.9358500242233276,0.9348300099372864,0.9352399706840515,11836.439580726683
2025-08-05 12:00:00+01:00,0.9352399706840515,0.9353200197219849,0.9342899918556213,0.9347299933433533,11319.268254663766
2025-08-05 13:00:00+01:00,0.9347400069236755,0.9350100159645081,0.9336400032043457,0.9341700077056885,9678.908786154305
2025-08-05 14:00:00+01:00,0.9341800212860107,0.9345099925994873,0.9335500001907349,0.9340900182723999,12980.138145151635
2025-08-05 15:00:00+01:00,0.9341099858283997,0.9342700242996216,0.9326500296592712,0.9336400032043457,11475.123490511536
2025-08-05 16:00:00+01:00,0.933650016784668,0.9348099827766418,0.9331799745559692,0.9346799850463867,15842.58759268644
2025-08-05 17:00:00+01:00,0.9346699714660645,0.9350000023841858,0.9340400099754333,0.9348700046539307,13075.944016765932
2025-08-05 18:00:00+01:00,0.9348599910736084,0.9350600242614746,0.9343400001525879,0.9348099827766418,13343.375642735276
2025-08-05 19:00:00+01:00,0.9348099827766418,0.9348999857902527,0.9340699911117554,0.9344099760055542,14132.332196770512
2025-08-05 20:00:00+01:00,0.9344199895858765,0.9347100257873535,0.9337499737739563,0.934220016002655,17639.875036509413
2025-08-05 21:00:00+01:00,0.9342300295829773,0.9351800084114075,0.9337400197982788,0.934469997882843,17234.383665198973
2025-08-05 22:00:00+01:00,0.9351699948310852,0.9351699948310852,0.9337499737739563,0.9343100190162659,13726.990263073965
2025-08-05 23:00:00+01:00,0.9343100190162659,0.934660017490387,0.9338799715042114,0.934499979019165,12951.655622502121
2025-08-06 00:00:00+01:00,0.934499979019165,0.9345999956130981,0.9338899850845337,0.9343500137329102,10774.748130275864
2025-08-06 01:00:00+01:00,0.9343400001525879,0.9347100257873535,0.9337900280952454,0.934469997882843,12658.3782221887
2025-08-06 02:00:00+01:00,0.934440016746521,0.9346299767494202,0.9337999820709229,0.9342700242996216,10958.803108080045
2025-08-06 03:00:00+01:00,0.9342799782752991,0.934440016746521,0.9337300062179565,0.9342100024223328,8618.353969557344
2025-08-06 04:00:00+01:00,0.9341899752616882,0.9343000054359436,0.93367999792099,0.9340999722480774,8615.872890074226
2025-08-06 05:00:00+01:00,0.9341199994087219,0.934499979019165,0.9336699843406677,0.934469997882843,5774.15530186759
2025-08-06 06:00:00+01:00,0.9344800114631653,0.9346200227737427,0.9338600039482117,0.9344199895858765,4334.965290105383
2025-08-06 07:00:00+01:00,0.9344099760055542,0.9350000023841858,0.9338399767875671,0.9347000122070312,4361.968175654535
2025-08-06 08:00:00+01:00,0.9347000122070312,0.93572998046875,0.9345499873161316,0.9355000257492065,5862.613508387225
2025-08-06 09:00:00+01:00,0.9355300068855286,0.9365400075912476,0.9352099895477295,0.9361799955368042,5949.149362632351
2025-08-06 10:00:00+01:00,0.9361799955368042,0.9366999864578247,0.9356399774551392,0.9360399842262268,9267.844813413272
2025-08-06 11:00:00+01:00,0.9360600113868713,0.9367600083351135,0.9355800151824951,0.936519980430603,8193.874595253392
2025-08-06 12:00:00+01:00,0.936519980430603,0.9368000030517578,0.9358999729156494,0.9363999962806702,4682.332269574734
2025-08-06 13:00:00+01:00,0.9364100098609924,0.9373999834060669,0.936020016670227,0.937279999256134,7236.422839514073
2025-08-06 14:00:00+01:00,0.937250018119812,0.937969982624054,0.936739981174469,0.9379000067710876,8667.131396169354
2025-08-06 15:00:00+01:00,0.9379000067710876,0.9389299750328064,0.9374300241470337,0.9388099908828735,10217.945842453719
2025-08-06 16:00:00+01:00,0.9387900233268738,0.9389299750328064,0.9373900294303894,0.9377599954605103,14026.421580055767
2025-08-06 17:00:00+01:00,0.9377899765968323,0.9395999908447266,0.9367799758911133,0.9389399886131287,17267.436732467602
2025-08-06 18:00:00+01:00,0.9389100074768066,0.9401000142097473,0.938319981098175,0.9400100111961365,19966.18094834711
2025-08-06 19:00:00+01:00,0.9399999976158142,0.9404000043869019,0.9394500255584717,0.940339982509613,21789.06831491185
2025-08-06 20:00:00+01:00,0.940339982509613,0.9406999945640564,0.9397199749946594,0.9402700066566467,24170.62990737682
2025-08-06 21:00:00+01:00,0.940280020236969,0.9409199953079224,0.9390199780464172,0.9398599863052368,23365.648541978164
2025-08-06 22:00:00+01:00,0.940280020236969,0.9409499764442444,0.939490020275116,0.9399300217628479,21200.999445618803
2025-08-06 23:00:00+01:00,0.9399300217628479,0.9401999711990356,0.9394800066947937,0.940090000629425,23146.64402167042
2025-08-07 00:00:00+01:00,0.9401299953460693,0.9402199983596802,0.9395300149917603,0.940060019493103,22703.14675468956
2025-08-07 01:00:00+01:00,0.940060019493103,0.9401999711990356,0.9393100142478943,0.9397600293159485,28380.856056047207
2025-08-07 02:00:00+01:00,0.9397600293159485,0.9398000240325928,0.9388300180435181,0.9392799735069275,19810.37551807228
2025-08-07 03:00:00+01:00,0.9392899870872498,0.9395400285720825,0.9387699961662292,0.9393600225448608,21456.357078318502
2025-08-07 04:00:00+01:00,0.9393699765205383,0.9396499991416931,0.9388399720191956,0.9396100044250488,17578.102557848175
2025-08-07 05:00:00+01:00,0.9395899772644043,0.9397500157356262,0.9389899969100952,0.9394800066947937,19767.280648686425
2025-08-07 06:00:00+01:00,0.939490020275116,0.9403200149536133,0.9391199946403503,0.9399399757385254,15559.955387288224
2025-08-07 07:00:00+01:00,0.9399600028991699,0.9399600028991699,0.9388899803161621,0.9395099878311157,11416.888135790403
2025-08-07 08:00:00+01:00,0.939520001411438,0.9407600164413452,0.9391400218009949,0.9405199885368347,11010.811125276467
2025-08-07 09:00:00+01:00,0.9404900074005127,0.9428099989891052,0.9403799772262573,0.9413300156593323,15168.745952795065
2025-08-07 10:00:00+01:00,0.9413400292396545,0.9420499801635742,0.940500020980835,0.9408800005912781,16830.78997425524
2025-08-07 11:00:00+01:00,0.9408699870109558,0.941100001335144,0.9395999908447266,0.9407100081443787,15772.889052427974
2025-08-07 12:00:00+01:00,0.9407200217247009,0.9419000148773193,0.9398699998855591,0.9416999816894531,15306.903972294282
2025-08-07 13:00:00+01:00,0.9417099952697754,0.9417200088500977,0.9405900239944458,0.9414700269699097,19429.77007383692
2025-08-07 14:00:00+01:00,0.9414600133895874,0.9416800141334534,0.9393900036811829,0.9400699734687805,19558.83282103583
2025-08-07 15:00:00+01:00,0.9400699734687805,0.9401800036430359,0.9386199712753296,0.9392200112342834,28541.614007264823
2025-08-07 16:00:00+01:00,0.9392200112342834,0.9401000142097473,0.9385499954223633,0.9398300051689148,20259.53004510357
2025-08-07 17:00:00+01:00,0.9398199915885925,0.9400299787521362,0.9388099908828735,0.9393399953842163,28601.80427089401
2025-08-07 18:00:00+01:00,0.9393399953842163,0.9401199817657471,0.9389600157737732,0.9396799802780151,29783.8532100437
2025-08-07 19:00:00+01:00,0.9396600127220154,0.9398000240325928,0.9388099908828735,0.939300000667572,29169.71493256683
2025-08-07 20:00:00+01:00,0.9393200278282166,0.9399999976158142,0.9387900233268738,0.9398499727249146,28335.10198056818
2025-08-07 21:00:00+01:00,0.9398400187492371,0.9409999847412109,0.9390900135040283,0.9404600262641907,32844.91584581876
2025-08-07 22:00:00+01:00,0.9405699968338013,0.9411399960517883,0.9397199749946594,0.9404900074005127,30738.462657697935
2025-08-07 23:00:00+01:00,0.9404699802398682,0.9410099983215332,0.9399600028991699,0.940500020980835,27674.620231485722
2025-08-08 00:00:00+01:00,0.9405500292778015,0.9409400224685669,0.9399499893188477,0.9407299757003784,27100.592972735565
2025-08-08 01:00:00+01:00,0.9407299757003784,0.9410099983215332,0.9401299953460693,0.9409400224685669,23510.08238932023
2025-08-08 02:00:00+01:00,0.9409499764442444,0.9413099884986877,0.9402099847793579,0.9406499862670898,21405.18521892343
2025-08-08 03:00:00+01:00,0.9406499862670898,0.9408400058746338,0.9401199817657471,0.9406899809837341,21810.179488277336
2025-08-08 04:00:00+01:00,0.9406999945640564,0.9408400058746338,0.940090000629425,0.9406300187110901,15988.705151984599
2025-08-08 05:00:00+01:00,0.9406099915504456,0.9406999945640564,0.9399899840354919,0.9404799938201904,11865.898073211169
2025-08-08 06:00:00+01:00,0.9404799938201904,0.940530002117157,0.9397299885749817,0.9402899742126465,12848.1479843736
2025-08-08 07:00:00+01:00,0.9403200149536133,0.9409099817276001,0.9397199749946594,0.9408599734306335,11806.324827198607
2025-08-08 08:00:00+01:00,0.9408599734306335,0.9412000179290771,0.9399700164794922,0.9411699771881104,8046.712588393763
2025-08-08 09:00:00+01:00,0.9411799907684326,0.9416199922561646,0.9404000043869019,0.9408400058746338,11002.78267022781
2025-08-08 10:00:00+01:00,0.940850019454956,0.9409899711608887,0.9397799968719482,0.940500020980835,10555.776436931948
2025-08-08 11:00:00+01:00,0.9405199885368347,0.9406099915504456,0.9395400285720825,0.9400299787521362,10190.442421818578
2025-08-08 12:00:00+01:00,0.9400500059127808,0.9411399960517883,0.9396200180053711,0.940779983997345,11332.32300131747
2025-08-08 13:00:00+01:00,0.9407899975776672,0.9410499930381775,0.9397299885749817,0.9403300285339355,11169.29272918924
2025-08-08 14:00:00+01:00,0.9403300285339355,0.9406999945640564,0.9394299983978271,0.9405800104141235,12790.28676323862
2025-08-08 15:00:00+01:00,0.9405800104141235,0.9412999749183655,0.9401400089263916,0.9412099719047546,13378.898767339784
2025-08-08 16:00:00+01:00,0.9412299990653992,0.9415000081062317,0.9405800104141235,0.9412699937820435,13744.920894917424
2025-08-08 17:00:00+01:00,0.9412599802017212,0.9417999982833862,0.9405900239944458,0.9417700171470642,10729.665841351816
2025-08-08 18:00:00+01:00,0.9417499899864197,0.9419999718666077,0.9409599900245667,0.9418399930000305,13970.306794373504
2025-08-08 19:00:00+01:00,0.9418399930000305,0.9419699907302856,0.9408699870109558,0.9414200186729431,15647.946771391822
2025-08-08 20:00:00+01:00,0.9414299726486206,0.9414399862289429,0.940280020236969,0.9409400224685669,17643.086491002156
2025-08-08 21:00:00+01:00,0.9409400224685669,0.9411299824714661,0.9400799870491028,0.940500020980835,12772.232977299227
2025-08-08 22:00:00+01:00,0.9404000043869019,0.9404500126838684,0.9404000043869019,0.9404500126838684,11263.488404327325
2025-08-11 00:00:00+01:00,0.9410300254821777,0.941100001335144,0.9401100277900696,0.9405400156974792,9338.555486699983
2025-08-11 01:00:00+01:00,0.940530002117157,0.9409199953079224,0.9399999976158142,0.9406499862670898,10687.466399940009
2025-08-11 02:00:00+01:00,0.9406200051307678,0.9408400058746338,0.9401400089263916,0.9408199787139893,10727.270322508637
2025-08-11 03:00:00+01:00,0.9408400058746338,0.9413999915122986,0.9405400156974792,0.9412199854850769,7252.406241078591
2025-08-11 04:00:00+01:00,0.9412199854850769,0.9413999915122986,0.940750002861023,0.9412500262260437,4849.690365912977
2025-08-11 05:00:00+01:00,0.9412599802017212,0.9413999915122986,0.9407200217247009,0.9412199854850769,4655.944860625522
2025-08-11 06:00:00+01:00,0.9412099719047546,0.9412500262260437,0.9404900074005127,0.941070020198822,2715.3706444566787
2025-08-11 07:00:00+01:00,0.9410799741744995,0.9414100050926208,0.9404199719429016,0.9411200284957886,3028.901981518091
2025-08-11 08:00:00+01:00,0.9411100149154663,0.9413999915122986,0.9403899908065796,0.9410300254821777,2470.6960727223845
2025-08-11 09:00:00+01:00,0.9410300254821777,0.9423699975013733,0.9407299757003784,0.9420999884605408,5331.793961365349
2025-08-11 10:00:00+01:00,0.9420999884605408,0.9427000284194946,0.941569983959198,0.9422900080680847,4358.45739657547
2025-08-11 11:00:00+01:00,0.9423099756240845,0.9430400133132935,0.9419199824333191,0.9428399801254272,3349.6901132166427
2025-08-11 12:00:00+01:00,0.9428499937057495,0.9430999755859375,0.9422299861907959,0.9429500102996826,4240.076691105763
2025-08-11 13:00:00+01:00,0.9429399967193604,0.9430599808692932,0.9419199824333191,0.9428799748420715,6421.949002450168
2025-08-11 14:00:00+01:00,0.9428899884223938,0.9432100057601929,0.9421700239181519,0.9430599808692932,6722.757910671509
2025-08-11 15:00:00+01:00,0.9430599808692932,0.9433000087738037,0.9418299794197083,0.9421899914741516,10152.924533863707
2025-08-11 16:00:00+01:00,0.9422000050544739,0.9434099793434143,0.9417399764060974,0.9432700276374817,10967.157520211174
2025-08-11 17:00:00+01:00,0.9432899951934814,0.9435099959373474,0.9424600005149841,0.9432299733161926,13298.159998919586
2025-08-11 18:00:00+01:00,0.9432299733161926,0.943310022354126,0.9424999952316284,0.9430800080299377,11414.926012149235
2025-08-11 19:00:00+01:00,0.9430800080299377,0.9434000253677368,0.9426599740982056,0.9432399868965149,11935.283254905446
2025-08-11 20:00:00+01:00,0.9432500004768372,0.9433000087738037,0.9423499703407288,0.9430599808692932,14105.149840384043
2025-08-11 21:00:00+01:00,0.9430699944496155,0.9438199996948242,0.9424499869346619,0.9432899951934814,17525.819529068107
2025-08-11 22:00:00+01:00,0.9432899951934814,0.943589985370636,0.9418299794197083,0.9429900050163269,18229.455495000562
2025-08-11 23:00:00+01:00,0.94309002161026,0.9437400102615356,0.9429100155830383,0.9435099959373474,13991.924315189315
2025-08-12 00:00:00+01:00,0.9434800148010254,0.9435999989509583,0.9428399801254272,0.943310022354126,13553.343145849354
2025-08-12 01:00:00+01:00,0.943310022354126,0.9434300065040588,0.9424600005149841,0.9430199861526489,12389.469931834417
2025-08-12 02:00:00+01:00,0.9430199861526489,0.943120002746582,0.9419100284576416,0.9423999786376953,13285.05892220692
2025-08-12 03:00:00+01:00,0.9423900246620178,0.942799985408783,0.9420099854469299,0.9425600171089172,10645.52927608247
2025-08-12 04:00:00+01:00,0.9425600171089172,0.9427199959754944,0.9419500231742859,0.9426900148391724,13467.959843850713
2025-08-12 05:00:00+01:00,0.9427199959754944,0.9429200291633606,0.9420700073242188,0.9429000020027161,9326.69669027739
2025-08-12 06:00:00+01:00,0.9429000020027161,0.9430000185966492,0.9414100050926208,0.9419299960136414,9406.371585041878
2025-08-12 07:00:00+01:00,0.9419400095939636,0.9425299763679504,0.9411699771881104,0.9422399997711182,12323.438357691766
2025-08-12 08:00:00+01:00,0.9422500133514404,0.942330002784729,0.9404799938201904,0.9411100149154663,13825.41831279482
2025-08-12 09:00:00+01:00,0.9411399960517883,0.9412299990653992,0.9397199749946594,0.9406999945640564,15383.757602432908
2025-08-12 10:00:00+01:00,0.9406899809837341,0.9411399960517883,0.9400399923324585,0.9410600066184998,16768.673671742425
2025-08-12 11:00:00+01:00,0.9410600066184998,0.9416199922561646,0.940530002117157,0.9415500164031982,14917.182799194836
2025-08-12 12:00:00+01:00,0.941540002822876,0.9419999718666077,0.9409400224685669,0.9415500164031982,14351.49215029494
2025-08-12 13:00:00+01:00,0.9415900111198425,0.9426100254058838,0.9406700134277344,0.942550003528595,17408.399618942694
2025-08-12 14:00:00+01:00,0.9425399899482727,0.9430299997329712,0.9417600035667419,0.9429799914360046,19828.602406123402
2025-08-12 15:00:00+01:00,0.9429900050163269,0.9439499974250793,0.9422900080680847,0.943310022354126,25921.099122072337
2025-08-12 16:00:00+01:00,0.9433299899101257,0.943880021572113,0.9427000284194946,0.9432399868965149,21087.25484337468
2025-08-12 17:00:00+01:00,0.9432299733161926,0.9433199763298035,0.9424700140953064,0.9429799914360046,19909.569923939333
2025-08-12 18:00:00+01:00,0.9429900050163269,0.9430199861526489,0.9421799778938293,0.9426900148391724,18254.036557737625
2025-08-12 19:00:00+01:00,0.9426800012588501,0.9428200125694275,0.9414799809455872,0.942080020904541,22686.158778273875
2025-08-12 20:00:00+01:00,0.9420700073242188,0.9420999884605408,0.9406700134277344,0.9414399862289429,18979.558336273636
2025-08-12 21:00:00+01:00,0.9414200186729431,0.9423699975013733,0.9409400224685669,0.9423699975013733,21764.076593315833
2025-08-12 22:00:00+01:00,0.9423499703407288,0.9427700042724609,0.9406800270080566,0.9412800073623657,21187.383847957462
2025-08-12 23:00:00+01:00,0.9414399862289429,0.9415000081062317,0.9406999945640564,0.9414100050926208,18995.776179404544
2025-08-13 00:00:00+01:00,0.9413999915122986,0.9415000081062317,0.9408699870109558,0.9413800239562988,19006.674300522423
2025-08-13 01:00:00+01:00,0.9413700103759766,0.9419500231742859,0.9409400224685669,0.9418699741363525,17683.840835950763
2025-08-13 02:00:00+01:00,0.9418699741363525,0.9420999884605408,0.9413999915122986,0.9420300126075745,14870.853478602743
2025-08-13 03:00:00+01:00,0.9420400261878967,0.9426100254058838,0.9415000081062317,0.9422600269317627,14558.630295971809
2025-08-13 04:00:00+01:00,0.9422699809074402,0.9424099922180176,0.941789984703064,0.9423199892044067,12390.090582492834
2025-08-13 05:00:00+01:00,0.9423099756240845,0.942550003528595,0.9418200254440308,0.9422500133514404,9796.400518315906
2025-08-13 06:00:00+01:00,0.9422399997711182,0.9423999786376953,0.9415000081062317,0.9419500231742859,9695.729076138367
2025-08-13 07:00:00+01:00,0.9418799877166748,0.9428600072860718,0.9413700103759766,0.9420899748802185,13083.801215899628
2025-08-13 08:00:00+01:00,0.9421300292015076,0.9424200057983398,0.9403799772262573,0.9409300088882446,16111.079382902723
2025-08-13 09:00:00+01:00,0.9409400224685669,0.9412299990653992,0.9400299787521362,0.941070020198822,15691.102736595934
2025-08-13 10:00:00+01:00,0.941070020198822,0.9415000081062317,0.940280020236969,0.9414200186729431,14422.826810091492
2025-08-13 11:00:00+01:00,0.9414200186729431,0.9419999718666077,0.9408000111579895,0.9416999816894531,13651.604833400908
2025-08-13 12:00:00+01:00,0.9416900277137756,0.9417499899864197,0.9405999779701233,0.9411500096321106,10877.749035144108
2025-08-13 13:00:00+01:00,0.9411500096321106,0.9412500262260437,0.9402999877929688,0.9410099983215332,13206.267373733233
2025-08-13 14:00:00+01:00,0.9410300254821777,0.9420999884605408,0.9404900074005127,0.9416800141334534,14654.471936564434
2025-08-13 15:00:00+01:00,0.9416400194168091,0.9423699975013733,0.9409999847412109,0.9420700073242188,15182.967253146235
2025-08-13 16:00:00+01:00,0.942080020904541,0.9425600171089172,0.9414700269699097,0.9421899914741516,15090.60808279204
2025-08-13 17:00:00+01:00,0.9421700239181519,0.9426000118255615,0.941540002822876,0.942359983921051,16769.359858891286
2025-08-13 18:00:00+01:00,0.942359983921051,0.9426100254058838,0.9417999982833862,0.942330002784729,14920.613739190943
2025-08-13 19:00:00+01:00,0.942359983921051,0.9426100254058838,0.941860020160675,0.9424700140953064,15264.713323936201
2025-08-13 20:00:00+01:00,0.9424600005149841,0.9426699876785278,0.9419000148773193,0.9423999786376953,14215.923942314083
2025-08-13 21:00:00+01:00,0.9423999786376953,0.9429600238800049,0.9416499733924866,0.9419299960136414,16124.610288157037
2025-08-13 22:00:00+01:00,0.9422199726104736,0.9424300193786621,0.9406899809837341,0.9419199824333191,15905.074419755656
2025-08-13 23:00:00+01:00,0.9419299960136414,0.942799985408783,0.9417499899864197,0.9427199959754944,14226.560243558526
2025-08-14 00:00:00+01:00,0.9426599740982056,0.9427000284194946,0.9420400261878967,0.942550003528595,12571.72297111136
2025-08-14 01:00:00+01:00,0.9425600171089172,0.9428499937057495,0.9420899748802185,0.9426100254058838,11301.559935819294
2025-08-14 02:00:00+01:00,0.9426400065422058,0.942799985408783,0.9419199824333191,0.9426800012588501,9261.440257431259
2025-08-14 03:00:00+01:00,0.9426800012588501,0.9428200125694275,0.9421799778938293,0.9427199959754944,10570.708005698532
2025-08-14 04:00:00+01:00,0.9426900148391724,0.9429000020027161,0.9422000050544739,0.9427400231361389,8661.279573589321
2025-08-14 05:00:00+01:00,0.9427199959754944,0.9427800178527832,0.9419500231742859,0.9424300193786621,5807.913646897913
2025-08-14 06:00:00+01:00,0.9423900246620178,0.9427000284194946,0.9419999718666077,0.9425699710845947,5005.903329715778
2025-08-14 07:00:00+01:00,0.9425699710845947,0.943149983882904,0.9417700171470642,0.9422900080680847,4984.0830822030375
2025-08-14 08:00:00+01:00,0.9422900080680847,0.9429000020027161,0.9410300254821777,0.9419000148773193,7630.290111507143
2025-08-14 09:00:00+01:00,0.9419000148773193,0.9421799778938293,0.9408800005912781,0.9412099719047546,10061.419072506333
2025-08-14 10:00:00+01:00,0.9412099719047546,0.9422199726104736,0.9408599734306335,0.9419599771499634,15858.666331406946
2025-08-14 11:00:00+01:00,0.9419599771499634,0.9421799778938293,0.9413899779319763,0.9420599937438965,10510.91120480059
2025-08-14 12:00:00+01:00,0.942080020904541,0.9421399831771851,0.9407600164413452,0.94132000207901,10283.21110011725
2025-08-14 13:00:00+01:00,0.94132000207901,0.9417600035667419,0.9403499960899353,0.940779983997345,12151.8012841024
2025-08-14 14:00:00+01:00,0.9407699704170227,0.9415000081062317,0.9399700164794922,0.9410899877548218,13776.911959641504
2025-08-14 15:00:00+01:00,0.9411100149154663,0.9420999884605408,0.940500020980835,0.9410200119018555,15853.59973893661
2025-08-14 16:00:00+01:00,0.941070020198822,0.9413999915122986,0.9401400089263916,0.9405500292778015,15804.420348465665
2025-08-14 17:00:00+01:00,0.9405699968338013,0.9416499733924866,0.9401999711990356,0.9409499764442444,21311.06027554649
2025-08-14 18:00:00+01:00,0.9409499764442444,0.9412400126457214,0.9402700066566467,0.9409199953079224,21716.717992502134
2025-08-14 19:00:00+01:00,0.9409199953079224,0.94132000207901,0.9401299953460693,0.9411699771881104,20000.530796483956
2025-08-14 20:00:00+01:00,0.9411399960517883,0.9412000179290771,0.9399399757385254,0.9405999779701233,25513.455336804716
2025-08-14 21:00:00+01:00,0.9405999779701233,0.9408000111579895,0.9398999810218811,0.9402999877929688,19703.08067598784
2025-08-14 22:00:00+01:00,0.9402400255203247,0.9413899779319763,0.939329981803894,0.940779983997345,20332.52769916746
2025-08-14 23:00:00+01:00,0.9406700134277344,0.9409999847412109,0.940280020236969,0.9407699704170227,21651.28580957436
2025-08-15 00:00:00+01:00,0.9407600164413452,0.9409999847412109,0.9402899742126465,0.9408599734306335,15853.467458471749
2025-08-15 01:00:00+01:00,0.9408599734306335,0.9411399960517883,0.9403799772262573,0.941070020198822,16400.262015463857
2025-08-15 02:00:00+01:00,0.941070020198822,0.9412000179290771,0.940339982509613,0.9408000111579895,17588.645138663782
2025-08-15 03:00:00+01:00,0.9407699704170227,0.9409000277519226,0.9400299787521362,0.9405999779701233,12937.085981660186
2025-08-15 04:00:00+01:00,0.940530002117157,0.9408000111579895,0.9401299953460693,0.9406999945640564,11128.78389855226
2025-08-15 05:00:00+01:00,0.9406700134277344,0.9409000277519226,0.9401299953460693,0.9405999779701233,10598.997699459816
2025-08-15 06:00:00+01:00,0.9405999779701233,0.9409000277519226,0.9400399923324585,0.9408199787139893,7691.177892019198
2025-08-15 07:00:00+01:00,0.9408100247383118,0.9414700269699097,0.9402499794960022,0.9410099983215332,8393.303668007962
2025-08-15 08:00:00+01:00,0.9409999847412109,0.9415500164031982,0.9401999711990356,0.940750002861023,10162.41895969182
2025-08-15 09:00:00+01:00,0.9407299757003784,0.9411500096321106,0.9399899840354919,0.9405500292778015,9671.633227784565
2025-08-15 10:00:00+01:00,0.940559983253479,0.941569983959198,0.9400500059127808,0.9414299726486206,10744.234704446279
2025-08-15 11:00:00+01:00,0.9414200186729431,0.9418699741363525,0.9408699870109558,0.9418500065803528,10189.11251869327
2025-08-15 12:00:00+01:00,0.9418299794197083,0.9419999718666077,0.9412400126457214,0.9417700171470642,5291.829879481455
2025-08-15 13:00:00+01:00,0.9417700171470642,0.9421399831771851,0.9412099719047546,0.9418699741363525,6931.375290705974
2025-08-15 14:00:00+01:00,0.9418699741363525,0.9427000284194946,0.9414399862289429,0.9424899816513062,8598.403124231188
2025-08-15 15:00:00+01:00,0.9424899816513062,0.9430000185966492,0.9419400095939636,0.9429200291633606,10218.318839052929
2025-08-15 16:00:00+01:00,0.9429100155830383,0.9438400268554688,0.9424800276756287,0.9436699748039246,8754.236592802157
2025-08-15 17:00:00+01:00,0.9436799883842468,0.9440500140190125,0.9430400133132935,0.9435300230979919,11416.692092738906
2025-08-15 18:00:00+01:00,0.9435200095176697,0.9436500072479248,0.9426699876785278,0.9434900283813477,13386.39979698018
2025-08-15 19:00:00+01:00,0.9434999823570251,0.9437400102615356,0.9430400133132935,0.9434400200843811,13221.323990844501
2025-08-15 20:00:00+01:00,0.9434300065040588,0.9438499808311462,0.9429399967193604,0.9437199831008911,13229.454206503075
2025-08-15 21:00:00+01:00,0.9437100291252136,0.9443399906158447,0.9431899785995483,0.9442899823188782,10101.609624616782
2025-08-15 22:00:00+01:00,0.9440900087356567,0.9440900087356567,0.9440900087356567,0.9440900087356567,8636.275049962065
2025-08-18 00:00:00+01:00,0.944379985332489,0.9445300102233887,0.9437199831008911,0.9441099762916565,7073.1850487920465
2025-08-18 01:00:00+01:00,0.944130003452301,0.9444000124931335,0.9433599710464478,0.9438199996948242,5421.024449309037
2025-08-18 02:00:00+01:00,0.9438199996948242,0.9439200162887573,0.9429200291633606,0.9433299899101257,6226.205114979358
2025-08-18 03:00:00+01:00,0.9432899951934814,0.9437100291252136,0.9428499937057495,0.9436600208282471,6230.961583437201
2025-08-18 04:00:00+01:00,0.9436799883842468,0.9437999725341797,0.9429000020027161,0.9434900283813477,5996.91855939435
2025-08-18 05:00:00+01:00,0.9435300230979919,0.943809986114502,0.9430299997329712,0.9436100125312805,4729.591011509909
2025-08-18 06:00:00+01:00,0.9436100125312805,0.9437000155448914,0.9429399967193604,0.9433799982070923,3961.2339748411223
2025-08-18 07:00:00+01:00,0.9434300065040588,0.9437000155448914,0.9419900178909302,0.9424200057983398,4543.720534011507
2025-08-18 08:00:00+01:00,0.9423900246620178,0.9430999755859375,0.9419500231742859,0.9424700140953064,5691.912723529139
2025-08-18 09:00:00+01:00,0.9424300193786621,0.9431999921798706,0.9419199824333191,0.9428300261497498,6620.359288053544
2025-08-18 10:00:00+01:00,0.9428200125694275,0.9430999755859375,0.9422799944877625,0.9429500102996826,7347.20434733014
2025-08-18 11:00:00+01:00,0.9429100155830383,0.9430299997329712,0.9418799877166748,0.9428200125694275,6933.419477062205
2025-08-18 12:00:00+01:00,0.9428200125694275,0.9429500102996826,0.9419199824333191,0.9424200057983398,6996.587638655105
2025-08-18 13:00:00+01:00,0.9424399733543396,0.9431399703025818,0.9416199922561646,0.9427099823951721,11842.540106780316
2025-08-18 14:00:00+01:00,0.9427099823951721,0.9430999755859375,0.9416099786758423,0.9424899816513062,12066.56546704379
2025-08-18 15:00:00+01:00,0.9424999952316284,0.9426000118255615,0.9410099983215332,0.9413800239562988,14110.518379521427
2025-08-18 16:00:00+01:00,0.9413899779319763,0.9419100284576416,0.9408800005912781,0.9412500262260437,13623.466085482753
2025-08-18 17:00:00+01:00,0.9412500262260437,0.941510021686554,0.9406399726867676,0.9410499930381775,13605.536494071195
2025-08-18 18:00:00+01:00,0.941070020198822,0.9420599937438965,0.9406099915504456,0.9419500231742859,12507.624082413384
2025-08-18 19:00:00+01:00,0.9419500231742859,0.9419999718666077,0.9410799741744995,0.9415599703788757,16304.097236534555
2025-08-18 20:00:00+01:00,0.941540002822876,0.9419000148773193,0.9411100149154663,0.941569983959198,21158.132208278937
2025-08-18 21:00:00+01:00,0.9415900111198425,0.9417999982833862,0.9409800171852112,0.9414399862289429,19034.237104521228
2025-08-18 22:00:00+01:00,0.9413700103759766,0.9418799877166748,0.9407699704170227,0.94132000207901,15913.680187538514
2025-08-18 23:00:00+01:00,0.941349983215332,0.9419999718666077,0.9409700036048889,0.9419699907302856,11808.872821903513
2025-08-19 00:00:00+01:00,0.9418399930000305,0.9421300292015076,0.9414100050926208,0.9420700073242188,11313.475343258558
2025-08-19 01:00:00+01:00,0.9420599937438965,0.9421600103378296,0.9408100247383118,0.9412400126457214,12240.97359855696
2025-08-19 02:00:00+01:00,0.9412400126457214,0.9413999915122986,0.9405500292778015,0.9411100149154663,12647.736169874208
2025-08-19 03:00:00+01:00,0.9411100149154663,0.9412000179290771,0.940500020980835,0.9410499930381775,12090.087670869836
2025-08-19 04:00:00+01:00,0.9410499930381775,0.9412199854850769,0.9404900074005127,0.9410600066184998,8064.934327547961
2025-08-19 05:00:00+01:00,0.9410600066184998,0.9413599967956543,0.9406499862670898,0.9411900043487549,6648.536270313278
2025-08-19 06:00:00+01:00,0.9411900043487549,0.9413999915122986,0.9404500126838684,0.9408599734306335,7065.709328995413
2025-08-19 07:00:00+01:00,0.9408900141716003,0.9413599967956543,0.940339982509613,0.9410399794578552,5468.113572063595
2025-08-19 08:00:00+01:00,0.9410099983215332,0.9416999816894531,0.9405199885368347,0.9414399862289429,5434.201884757431
2025-08-19 09:00:00+01:00,0.9413800239562988,0.9417300224304199,0.940500020980835,0.9409899711608887,6861.04162807011
2025-08-19 10:00:00+01:00,0.9409899711608887,0.9413099884986877,0.9404799938201904,0.9410799741744995,6621.110347036346
2025-08-19 11:00:00+01:00,0.9410799741744995,0.9412000179290771,0.9403200149536133,0.9410499930381775,6855.11532065567
2025-08-19 12:00:00+01:00,0.9410399794578552,0.9412000179290771,0.9403600096702576,0.9411299824714661,5167.379035790758
2025-08-19 13:00:00+01:00,0.9411200284957886,0.9411399960517883,0.9399700164794922,0.940500020980835,7288.109303675791
2025-08-19 14:00:00+01:00,0.9404900074005127,0.9406999945640564,0.9398499727249146,0.940339982509613,6512.36298964241
2025-08-19 15:00:00+01:00,0.9403600096702576,0.9409999847412109,0.939740002155304,0.9409599900245667,7396.882635545157
2025-08-19 16:00:00+01:00,0.9409599900245667,0.9411399960517883,0.940280020236969,0.940850019454956,7423.262702736731
2025-08-19 17:00:00+01:00,0.9408199787139893,0.941100001335144,0.9402400255203247,0.9408800005912781,6593.968909831401
2025-08-19 18:00:00+01:00,0.9409099817276001,0.9410399794578552,0.9403499960899353,0.9408100247383118,6878.063494188015
2025-08-19 19:00:00+01:00,0.9408100247383118,0.9409999847412109,0.9400799870491028,0.9406200051307678,6992.791553873113
2025-08-19 20:00:00+01:00,0.9406099915504456,0.9407699704170227,0.9398800134658813,0.9406599998474121,6367.061328194822
2025-08-19 21:00:00+01:00,0.9406999945640564,0.9409999847412109,0.9401100277900696,0.9404000043869019,6164.566111532947
2025-08-19 22:00:00+01:00,0.9393399953842163,0.9406999945640564,0.9393399953842163,0.9402199983596802,6756.996236424759
2025-08-19 23:00:00+01:00,0.9402999877929688,0.9411799907684326,0.9399499893188477,0.940530002117157,6544.3114186840385
2025-08-20 00:00:00+01:00,0.9406300187110901,0.9407100081443787,0.9399899840354919,0.9404000043869019,7489.851273850717
2025-08-20 01:00:00+01:00,0.9404000043869019,0.9413099884986877,0.9401699900627136,0.9410300254821777,7545.126831004406
2025-08-20 02:00:00+01:00,0.9410200119018555,0.9412599802017212,0.9399399757385254,0.9403700232505798,9592.571742307362
2025-08-20 03:00:00+01:00,0.9403700232505798,0.9407200217247009,0.9399099946022034,0.9403700232505798,7237.3420609674595
2025-08-20 04:00:00+01:00,0.9403499960899353,0.9405400156974792,0.9398400187492371,0.9403799772262573,6457.876092939558
2025-08-20 05:00:00+01:00,0.9403700232505798,0.9405999779701233,0.9399200081825256,0.940559983253479,4454.8538144715285
2025-08-20 06:00:00+01:00,0.940559983253479,0.9408000111579895,0.9399600028991699,0.9406099915504456,5031.268365603776
2025-08-20 07:00:00+01:00,0.9406099915504456,0.9409300088882446,0.9390199780464172,0.9403499960899353,8749.515800730554
2025-08-20 08:00:00+01:00,0.9403499960899353,0.9410399794578552,0.9399999976158142,0.9409599900245667,9548.877651815686
2025-08-20 09:00:00+01:00,0.9408699870109558,0.9411200284957886,0.9397299885749817,0.9402199983596802,11845.995996623391
2025-08-20 10:00:00+01:00,0.9400799870491028,0.9403700232505798,0.9395099878311157,0.9399799704551697,10989.173297924595
2025-08-20 11:00:00+01:00,0.9399799704551697,0.940750002861023,0.9395300149917603,0.9402700066566467,11139.25135403729
2025-08-20 12:00:00+01:00,0.9401800036430359,0.940500020980835,0.939490020275116,0.9399300217628479,11210.93403629885
2025-08-20 13:00:00+01:00,0.9398800134658813,0.9408000111579895,0.9395700097084045,0.9402700066566467,11966.938906589867
2025-08-20 14:00:00+01:00,0.940280020236969,0.9406099915504456,0.9383900165557861,0.9388200044631958,15749.096177681527
2025-08-20 15:00:00+01:00,0.9388200044631958,0.9389899969100952,0.9366099834442139,0.9373900294303894,17142.458188017423
2025-08-20 16:00:00+01:00,0.9373900294303894,0.9380800127983093,0.9362300038337708,0.9369000196456909,19846.616706092158
2025-08-20 17:00:00+01:00,0.9369000196456909,0.937529981136322,0.9365900158882141,0.9373300075531006,18107.87943931323
2025-08-20 18:00:00+01:00,0.9373300075531006,0.9376699924468994,0.9365000128746033,0.9374799728393555,20863.776889596542
2025-08-20 19:00:00+01:00,0.9374799728393555,0.9376400113105774,0.936680018901825,0.9370599985122681,23222.909512912545
2025-08-20 20:00:00+01:00,0.9370200037956238,0.9371100068092346,0.9360600113868713,0.9369500279426575,24726.605510570575
2025-08-20 21:00:00+01:00,0.9369199872016907,0.9370099902153015,0.9361500144004822,0.9368799924850464,17780.290333325207
2025-08-20 22:00:00+01:00,0.9365000128746033,0.9370800256729126,0.9359899759292603,0.9363899827003479,18169.329369955965
2025-08-20 23:00:00+01:00,0.9363999962806702,0.9368199706077576,0.9361000061035156,0.9366599917411804,18512.54030223144
2025-08-21 00:00:00+01:00,0.9366899728775024,0.9369999766349792,0.9363099932670593,0.9368399977684021,19901.862741875775
2025-08-21 01:00:00+01:00,0.9368399977684021,0.9372000098228455,0.936460018157959,0.9368299841880798,17818.206185727064
2025-08-21 02:00:00+01:00,0.9367899894714355,0.9376199841499329,0.9362999796867371,0.9374499917030334,19251.99849228164
2025-08-21 03:00:00+01:00,0.9374300241470337,0.9376000165939331,0.9367899894714355,0.9374899864196777,15964.730189821617
2025-08-21 04:00:00+01:00,0.9374899864196777,0.9376999735832214,0.936959981918335,0.9375399947166443,13599.178715213413
2025-08-21 05:00:00+01:00,0.9375699758529663,0.9378299713134766,0.9368000030517578,0.9378200173377991,8330.640384251812
2025-08-21 06:00:00+01:00,0.9378200173377991,0.9379000067710876,0.9370599985122681,0.937470018863678,5393.651085620375
2025-08-21 07:00:00+01:00,0.937470018863678,0.9383000135421753,0.9366400241851807,0.937309980392456,6787.502569549887
2025-08-21 08:00:00+01:00,0.9373400211334229,0.9387000203132629,0.9368699789047241,0.9382500052452087,8336.256192594532
2025-08-21 09:00:00+01:00,0.9383599758148193,0.9386500120162964,0.9376999735832214,0.9384300112724304,10223.59791952682
2025-08-21 10:00:00+01:00,0.9384300112724304,0.9388399720191956,0.9379900097846985,0.9385600090026855,8312.865568940953
2025-08-21 11:00:00+01:00,0.9385600090026855,0.9389200210571289,0.9380800127983093,0.9388700127601624,8170.603600469115
2025-08-21 12:00:00+01:00,0.9388499855995178,0.9394599795341492,0.9383699893951416,0.9388599991798401,7244.011405228273
2025-08-21 13:00:00+01:00,0.9388999938964844,0.9391400218009949,0.9379500150680542,0.9388800263404846,12129.726912484302
2025-08-21 14:00:00+01:00,0.9388099908828735,0.9391999840736389,0.9377599954605103,0.938289999961853,14501.823222227591
2025-08-21 15:00:00+01:00,0.9383000135421753,0.9386600255966187,0.937529981136322,0.9384300112724304,14666.089335467654
2025-08-21 16:00:00+01:00,0.9384400248527527,0.9387999773025513,0.937690019607544,0.9381899833679199,10532.080930007514
2025-08-21 17:00:00+01:00,0.9381899833679199,0.9385499954223633,0.9376299977302551,0.938289999961853,11936.671311128855
2025-08-21 18:00:00+01:00,0.938289999961853,0.9389600157737732,0.9379299879074097,0.9387900233268738,12762.458800740656
2025-08-21 19:00:00+01:00,0.9387900233268738,0.9390400052070618,0.9382299780845642,0.9390100240707397,12951.115233410026
2025-08-21 20:00:00+01:00,0.9389899969100952,0.9391000270843506,0.9381200075149536,0.9387400150299072,14948.89501013945
2025-08-21 21:00:00+01:00,0.9387199878692627,0.9394599795341492,0.9380499720573425,0.9381300210952759,12589.121050250862
2025-08-21 22:00:00+01:00,0.9378200173377991,0.9387199878692627,0.9367300271987915,0.9381200075149536,12524.714058461102
2025-08-21 23:00:00+01:00,0.9380599856376648,0.9390000104904175,0.9378600120544434,0.9389500021934509,15400.56158026164
2025-08-22 00:00:00+01:00,0.9388499855995178,0.9391499757766724,0.938539981842041,0.939079999923706,14301.678522201502
2025-08-22 01:00:00+01:00,0.939079999923706,0.93954998254776,0.9386699795722961,0.9394099712371826,14983.934276881464
2025-08-22 02:00:00+01:00,0.9394099712371826,0.9399999976158142,0.9388800263404846,0.9399399757385254,12949.471259112708
2025-08-22 03:00:00+01:00,0.9399399757385254,0.9401400089263916,0.9388800263404846,0.9392899870872498,13317.190692879332
2025-08-22 04:00:00+01:00,0.9392899870872498,0.9394000172615051,0.938319981098175,0.9386500120162964,14030.42070944065
2025-08-22 05:00:00+01:00,0.9386500120162964,0.9388999938964844,0.9380699992179871,0.9387000203132629,13340.363121275412
2025-08-22 06:00:00+01:00,0.9386900067329407,0.9387999773025513,0.938040018081665,0.9383999705314636,11466.014478895517
2025-08-22 07:00:00+01:00,0.9384099841117859,0.9390000104904175,0.9380900263786316,0.9387400150299072,11057.865057528266
2025-08-22 08:00:00+01:00,0.9387500286102295,0.9391199946403503,0.9378799796104431,0.9385300278663635,10248.296971364984
2025-08-22 09:00:00+01:00,0.9385300278663635,0.9388999938964844,0.9380900263786316,0.9387400150299072,11425.022826952347
2025-08-22 10:00:00+01:00,0.9387500286102295,0.9389299750328064,0.9381300210952759,0.9388300180435181,11305.584736703926
2025-08-22 11:00:00+01:00,0.938759982585907,0.9388599991798401,0.9374399781227112,0.9379600286483765,11818.059903490745
2025-08-22 12:00:00+01:00,0.9379600286483765,0.9383699893951416,0.9374799728393555,0.9379600286483765,8313.93623143246
2025-08-22 13:00:00+01:00,0.9379600286483765,0.9384999871253967,0.9375600218772888,0.9380800127983093,6689.355629838583
2025-08-22 14:00:00+01:00,0.9379900097846985,0.9385300278663635,0.9375200271606445,0.9379000067710876,7391.081643518113
2025-08-22 15:00:00+01:00,0.9379000067710876,0.9400299787521362,0.9369500279426575,0.9392099976539612,13570.165645260542
2025-08-22 16:00:00+01:00,0.9392300248146057,0.9392899870872498,0.9380999803543091,0.9388399720191956,15902.763171436525
2025-08-22 17:00:00+01:00,0.9388300180435181,0.9397500157356262,0.9384999871253967,0.93927001953125,18807.25182150468
2025-08-22 18:00:00+01:00,0.9392499923706055,0.9395999908447266,0.938759982585907,0.9394099712371826,14109.2048345695
2025-08-22 19:00:00+01:00,0.9394199848175049,0.9395099878311157,0.9384700059890747,0.9389100074768066,15824.978316291623
2025-08-22 20:00:00+01:00,0.9389399886131287,0.9391199946403503,0.9384300112724304,0.9390299916267395,15143.731897926595
2025-08-22 21:00:00+01:00,0.939050018787384,0.9396600127220154,0.9385799765586853,0.9392799735069275,15257.068435071586
2025-08-22 22:00:00+01:00,0.9384700059890747,0.9384700059890747,0.9384700059890747,0.9384700059890747,14823.87334541892
2025-08-25 00:00:00+01:00,0.9396100044250488,0.9398000240325928,0.938979983329773,0.9395099878311157,13154.183582358
2025-08-25 01:00:00+01:00,0.9394599795341492,0.9396600127220154,0.9386799931526184,0.93927001953125,16842.653018338904
2025-08-25 02:00:00+01:00,0.93927001953125,0.9396600127220154,0.9386000037193298,0.9396100044250488,14966.55934483434
2025-08-25 03:00:00+01:00,0.9396100044250488,0.9398000240325928,0.9391000270843506,0.9396600127220154,16232.735028727311
2025-08-25 04:00:00+01:00,0.9396600127220154,0.9398499727249146,0.9390699863433838,0.9396100044250488,15617.692159161865
2025-08-25 05:00:00+01:00,0.9396100044250488,0.9400500059127808,0.9391199946403503,0.9398499727249146,14039.275577911214
2025-08-25 06:00:00+01:00,0.9398499727249146,0.9401100277900696,0.9393900036811829,0.9398699998855591,6307.666177616013
2025-08-25 07:00:00+01:00,0.9398699998855591,0.9404600262641907,0.9392200112342834,0.9397500157356262,7249.134832630493
2025-08-25 08:00:00+01:00,0.9397500157356262,0.9398400187492371,0.9382299780845642,0.9384700059890747,9121.536835559398
2025-08-25 09:00:00+01:00,0.9386100172996521,0.9391000270843506,0.9380099773406982,0.938539981842041,9477.528980232522
2025-08-25 10:00:00+01:00,0.938539981842041,0.9387999773025513,0.9374899864196777,0.9381499886512756,7787.575818906278
2025-08-25 11:00:00+01:00,0.9381499886512756,0.9386000037193298,0.9375799894332886,0.9381700158119202,10862.060756443545
2025-08-25 12:00:00+01:00,0.9381800293922424,0.9386199712753296,0.9376599788665771,0.9385899901390076,9696.268425167358
2025-08-25 13:00:00+01:00,0.9385700225830078,0.9388300180435181,0.9378499984741211,0.9387500286102295,7751.730322038836
2025-08-25 14:00:00+01:00,0.9387400150299072,0.9391999840736389,0.9382299780845642,0.9388200044631958,9854.761275626164
2025-08-25 15:00:00+01:00,0.9388899803161621,0.9395800232887268,0.938289999961853,0.9386699795722961,9005.707776150271
2025-08-25 16:00:00+01:00,0.9386600255966187,0.9388099908828735,0.937030017375946,0.9375699758529663,12747.679050792294
2025-08-25 17:00:00+01:00,0.937529981136322,0.9377999901771545,0.9367300271987915,0.9371700286865234,14040.556892374125
2025-08-25 18:00:00+01:00,0.9371399879455566,0.9373300075531006,0.9361699819564819,0.9370899796485901,14715.820393084014
2025-08-25 19:00:00+01:00,0.9370499849319458,0.9372400045394897,0.9361400008201599,0.9366300106048584,14648.268426751374
2025-08-25 20:00:00+01:00,0.9365900158882141,0.9368000030517578,0.9358400106430054,0.9366999864578247,12680.856917386036
2025-08-25 21:00:00+01:00,0.9366499781608582,0.9370700120925903,0.9350799918174744,0.9350900053977966,17936.71182004597
2025-08-25 22:00:00+01:00,0.935259997844696,0.9366999864578247,0.935259997844696,0.9360299706459045,17528.643235472082
2025-08-25 23:00:00+01:00,0.936020016670227,0.9366099834442139,0.9359300136566162,0.9365599751472473,18118.220279128218
2025-08-26 00:00:00+01:00,0.9365299940109253,0.9366000294685364,0.9358699917793274,0.9363300204277039,14786.43014233924
2025-08-26 01:00:00+01:00,0.9363399744033813,0.9369400143623352,0.9353100061416626,0.9358100295066833,18443.187614736893
2025-08-26 02:00:00+01:00,0.9358100295066833,0.9363999962806702,0.9355000257492065,0.9362499713897705,16386.318492482915
2025-08-26 03:00:00+01:00,0.9362599849700928,0.936519980430603,0.9357399940490723,0.9362599849700928,15462.53179711246
2025-08-26 04:00:00+01:00,0.9362599849700928,0.9366999864578247,0.9356899857521057,0.9365900158882141,18300.912101263842
2025-08-26 05:00:00+01:00,0.9365900158882141,0.9369999766349792,0.9361500144004822,0.9368000030517578,12827.810237610962
2025-08-26 06:00:00+01:00,0.9368000030517578,0.9373199939727783,0.9364100098609924,0.9372100234031677,13050.177680348354
2025-08-26 07:00:00+01:00,0.9371600151062012,0.937749981880188,0.9364100098609924,0.937470018863678,13152.854388014332
2025-08-26 08:00:00+01:00,0.9374499917030334,0.9377999901771545,0.9359999895095825,0.936489999294281,14471.301291543221
2025-08-26 09:00:00+01:00,0.9365100264549255,0.9373599886894226,0.9360100030899048,0.9372199773788452,12795.066713637183
2025-08-26 10:00:00+01:00,0.9372199773788452,0.9386500120162964,0.9368799924850464,0.9381099939346313,20334.097439933717
2025-08-26 11:00:00+01:00,0.9381099939346313,0.9385200142860413,0.9376599788665771,0.938260018825531,12353.393571961427
2025-08-26 12:00:00+01:00,0.9382299780845642,0.9385200142860413,0.937250018119812,0.9377300143241882,13114.698296664576
2025-08-26 13:00:00+01:00,0.9377300143241882,0.9378399848937988,0.9361299872398376,0.9368500113487244,12770.084223307724
2025-08-26 14:00:00+01:00,0.9368699789047241,0.9377800226211548,0.9362300038337708,0.9370099902153015,22307.68756699342
2025-08-26 15:00:00+01:00,0.9369900226593018,0.9377300143241882,0.9363399744033813,0.9368299841880798,19830.181337499427
2025-08-26 16:00:00+01:00,0.9368299841880798,0.9370999932289124,0.9353600144386292,0.9360499978065491,20589.941967754494
2025-08-26 17:00:00+01:00,0.9360499978065491,0.9361100196838379,0.9353100061416626,0.9357500076293945,24247.151028027107
2025-08-26 18:00:00+01:00,0.9357600212097168,0.9358999729156494,0.9347299933433533,0.9352399706840515,23610.116163217826
2025-08-26 19:00:00+01:00,0.9352200031280518,0.9355499744415283,0.9347000122070312,0.9351900219917297,20269.2759630475
2025-08-26 20:00:00+01:00,0.9351900219917297,0.9355000257492065,0.9346399903297424,0.9351400136947632,22478.200222504347
2025-08-26 21:00:00+01:00,0.9351800084114075,0.9355900287628174,0.9346299767494202,0.9351099729537964,18127.839406319574
2025-08-26 22:00:00+01:00,0.9348199963569641,0.9365000128746033,0.9348199963569641,0.9355900287628174,22492.242939670345
2025-08-26 23:00:00+01:00,0.9356300234794617,0.9357699751853943,0.9348899722099304,0.9355400204658508,17176.86108556808
2025-08-27 00:00:00+01:00,0.9354900121688843,0.935699999332428,0.9349700212478638,0.9354199767112732,15099.606323058702
2025-08-27 01:00:00+01:00,0.9353899955749512,0.935699999332428,0.9349200129508972,0.9356200098991394,15821.466669729369
2025-08-27 02:00:00+01:00,0.9356200098991394,0.9358100295066833,0.9350100159645081,0.9357699751853943,13678.868086413668
2025-08-27 03:00:00+01:00,0.9357399940490723,0.9358000159263611,0.9351099729537964,0.9356600046157837,10133.443335889497
2025-08-27 04:00:00+01:00,0.9356600046157837,0.9358000159263611,0.9348999857902527,0.93545001745224,8272.104071221474
2025-08-27 05:00:00+01:00,0.9354599714279175,0.9355000257492065,0.9345700144767761,0.9351300001144409,6900.011436996868
2025-08-27 06:00:00+01:00,0.9351300001144409,0.9355999827384949,0.9345499873161316,0.9354100227355957,5826.041672284713
2025-08-27 07:00:00+01:00,0.9354100227355957,0.9358999729156494,0.9348999857902527,0.9358299970626831,6766.504289546078
2025-08-27 08:00:00+01:00,0.9358500242233276,0.9359099864959717,0.9343199729919434,0.9348300099372864,7538.6181131659805
2025-08-27 09:00:00+01:00,0.9348199963569641,0.9354000091552734,0.9338600039482117,0.9345099925994873,8866.398285355475
2025-08-27 10:00:00+01:00,0.9345099925994873,0.9352999925613403,0.933929979801178,0.9351500272750854,11394.81476632311
2025-08-27 11:00:00+01:00,0.9351099729537964,0.935230016708374,0.9342100024223328,0.9345399737358093,11207.562163319013
2025-08-27 12:00:00+01:00,0.9345399737358093,0.9349499940872192,0.9338799715042114,0.9348499774932861,9001.058327519017
2025-08-27 13:00:00+01:00,0.9348499774932861,0.9350100159645081,0.9323400259017944,0.932889997959137,19835.663141139554
2025-08-27 14:00:00+01:00,0.9328699707984924,0.9337800145149231,0.9323899745941162,0.9334499835968018,17875.964119059423
2025-08-27 15:00:00+01:00,0.9334400296211243,0.9334800243377686,0.9313700199127197,0.9318400025367737,15564.987871200667
2025-08-27 16:00:00+01:00,0.931850016117096,0.9333000183105469,0.9314699769020081,0.9331899881362915,25357.19379972376
2025-08-27 17:00:00+01:00,0.9331899881362915,0.9334700107574463,0.9323099851608276,0.9331799745559692,26929.27787636293
2025-08-27 18:00:00+01:00,0.9332799911499023,0.9335399866104126,0.9326500296592712,0.9333599805831909,25602.64792201896
2025-08-27 19:00:00+01:00,0.9333599805831909,0.9334999918937683,0.9327300190925598,0.9333599805831909,23739.12860676239
2025-08-27 20:00:00+01:00,0.9333800077438354,0.9337999820709229,0.932889997959137,0.9334499835968018,22439.79022587877
2025-08-27 21:00:00+01:00,0.9334499835968018,0.9340699911117554,0.9329599738121033,0.9333900213241577,24549.64256066104
2025-08-27 22:00:00+01:00,0.9337400197982788,0.9339699745178223,0.9328500032424927,0.9333199858665466,23241.52382000786
2025-08-27 23:00:00+01:00,0.933210015296936,0.9336100220680237,0.9328399896621704,0.9333999752998352,21074.225711480733
2025-08-28 00:00:00+01:00,0.9333999752998352,0.9336000084877014,0.9329599738121033,0.9335399866104126,21066.048402729055
2025-08-28 01:00:00+01:00,0.9335500001907349,0.9337000250816345,0.9330099821090698,0.9336000084877014,17638.210773164472
2025-08-28 02:00:00+01:00,0.9335899949073792,0.9337300062179565,0.9328799843788147,0.9333599805831909,17659.99844362373
2025-08-28 03:00:00+01:00,0.9333500266075134,0.9338200092315674,0.9329100251197815,0.9334499835968018,12886.698565448403
2025-08-28 04:00:00+01:00,0.9334499835968018,0.9336000084877014,0.932449996471405,0.9329299926757812,11138.555777569469
2025-08-28 05:00:00+01:00,0.9329299926757812,0.9330999851226807,0.932449996471405,0.932919979095459,7561.368988072713
2025-08-28 06:00:00+01:00,0.932919979095459,0.9332000017166138,0.932479977607727,0.9330400228500366,3505.3990363040343
2025-08-28 07:00:00+01:00,0.9329699873924255,0.9336299896240234,0.9325299859046936,0.9334400296211243,3171.829751537975
2025-08-28 08:00:00+01:00,0.933430016040802,0.9336400032043457,0.9322999715805054,0.9328399896621704,4126.232249149157
2025-08-28 09:00:00+01:00,0.9328799843788147,0.9330000281333923,0.9318100214004517,0.932699978351593,5755.32140929343
2025-08-28 10:00:00+01:00,0.932699978351593,0.9330000281333923,0.9321699738502502,0.9327999949455261,6273.731516963983
2025-08-28 11:00:00+01:00,0.9327800273895264,0.9335600137710571,0.9322100281715393,0.9332000017166138,6490.727321126548
2025-08-28 12:00:00+01:00,0.9332000017166138,0.9350000023841858,0.9325699806213379,0.9346200227737427,9856.378240049173
2025-08-28 13:00:00+01:00,0.9346200227737427,0.9362499713897705,0.9340900182723999,0.9358599781990051,13703.644885571972
2025-08-28 14:00:00+01:00,0.9358599781990051,0.9366000294685364,0.9352499842643738,0.9356200098991394,15840.839380980477
2025-08-28 15:00:00+01:00,0.9355700016021729,0.9366999864578247,0.9352499842643738,0.9358400106430054,16121.65159186361
2025-08-28 16:00:00+01:00,0.9358199834823608,0.9361400008201599,0.9350299835205078,0.9357200264930725,19360.18776846908
2025-08-28 17:00:00+01:00,0.935670018196106,0.9361400008201599,0.9351999759674072,0.9356499910354614,22238.71131462102
2025-08-28 18:00:00+01:00,0.9356899857521057,0.9358999729156494,0.9349799752235413,0.9357399940490723,19010.17336450778
2025-08-28 19:00:00+01:00,0.9357399940490723,0.9366000294685364,0.9353500008583069,0.9365599751472473,20684.46100122027
2025-08-28 20:00:00+01:00,0.9365599751472473,0.9366199970245361,0.935920000076294,0.9363899827003479,20057.591072453968
2025-08-28 21:00:00+01:00,0.9363800287246704,0.9366099834442139,0.9353600144386292,0.9354900121688843,21619.353878479866
2025-08-28 22:00:00+01:00,0.935670018196106,0.9362099766731262,0.9351300001144409,0.9355700016021729,20674.487228120506
2025-08-28 23:00:00+01:00,0.935699999332428,0.9366300106048584,0.9355800151824951,0.9361000061035156,17176.833395061803
2025-08-29 00:00:00+01:00,0.9360600113868713,0.9364100098609924,0.9357600212097168,0.9362999796867371,21995.970269862548
2025-08-29 01:00:00+01:00,0.9362999796867371,0.9369000196456909,0.9355999827384949,0.9363200068473816,18724.40891877802
2025-08-29 02:00:00+01:00,0.9363200068473816,0.9366099834442139,0.9356099963188171,0.9361400008201599,13499.749142020566
2025-08-29 03:00:00+01:00,0.9361400008201599,0.9363999962806702,0.9355400204658508,0.9362499713897705,9970.403361784822
2025-08-29 04:00:00+01:00,0.9362499713897705,0.9363999962806702,0.9353899955749512,0.935949981212616,11236.599988832142
2025-08-29 05:00:00+01:00,0.9359099864959717,0.9361199736595154,0.9354400038719177,0.9360600113868713,7973.349414476354
2025-08-29 06:00:00+01:00,0.9360600113868713,0.9362000226974487,0.935509979724884,0.9359999895095825,5471.216643996746
2025-08-29 07:00:00+01:00,0.9360100030899048,0.9361000061035156,0.9349499940872192,0.93545001745224,7354.129964383222
2025-08-29 08:00:00+01:00,0.9355800151824951,0.9358000159263611,0.9340500235557556,0.9345099925994873,11042.139340969761
2025-08-29 09:00:00+01:00,0.9345099925994873,0.9353299736976624,0.9336599707603455,0.9348099827766418,8960.755742164672
2025-08-29 10:00:00+01:00,0.9347500205039978,0.935509979724884,0.9344099760055542,0.9353899955749512,11200.334262141154
2025-08-29 11:00:00+01:00,0.9353899955749512,0.9363200068473816,0.9348599910736084,0.9363200068473816,12549.576956392315
2025-08-29 12:00:00+01:00,0.936269998550415,0.9366000294685364,0.9353100061416626,0.9362000226974487,12586.420323892655
2025-08-29 13:00:00+01:00,0.9362199902534485,0.9366999864578247,0.9347800016403198,0.9354599714279175,13995.435449537563
2025-08-29 14:00:00+01:00,0.9354599714279175,0.9358199834823608,0.9341999888420105,0.934689998626709,22852.570074384195
2025-08-29 15:00:00+01:00,0.934719979763031,0.9357100129127502,0.9343000054359436,0.9351599812507629,16841.833751844482
2025-08-29 16:00:00+01:00,0.9351599812507629,0.9361000061035156,0.9344599843025208,0.9351400136947632,19096.8381226792
2025-08-29 17:00:00+01:00,0.9351400136947632,0.936020016670227,0.9347800016403198,0.935230016708374,18286.85635423001
2025-08-29 18:00:00+01:00,0.9352399706840515,0.935509979724884,0.9347000122070312,0.9354000091552734,21538.459850468535
2025-08-29 19:00:00+01:00,0.9354000091552734,0.935920000076294,0.9349799752235413,0.9358599781990051,21479.464217254015
2025-08-29 20:00:00+01:00,0.9358599781990051,0.9361000061035156,0.9352399706840515,0.9359700083732605,24768.365644637255
2025-08-29 21:00:00+01:00,0.9359599947929382,0.9361000061035156,0.934689998626709,0.9354100227355957,23120.1865052851
2025-08-29 22:00:00+01:00,0.9350299835205078,0.9350299835205078,0.9350299835205078,0.9350299835205078,19913.087513315866
2025-09-01 00:00:00+01:00,0.9360799789428711,0.9362000226974487,0.9355000257492065,0.935949981212616,20588.393072211773
2025-09-01 01:00:00+01:00,0.9359599947929382,0.9367799758911133,0.9355499744415283,0.9365500211715698,16599.960312856365
2025-09-01 02:00:00+01:00,0.9365500211715698,0.9366000294685364,0.935920000076294,0.9364699721336365,15913.782416028427
2025-09-01 03:00:00+01:00,0.9365299940109253,0.9366199970245361,0.9358100295066833,0.9363600015640259,15156.965183359875
2025-09-01 04:00:00+01:00,0.9363300204277039,0.9365000128746033,0.9356300234794617,0.9361199736595154,11285.239662731565
2025-09-01 05:00:00+01:00,0.9361199736595154,0.9362300038337708,0.9355900287628174,0.9361900091171265,7763.3219146863075
2025-09-01 06:00:00+01:00,0.9361500144004822,0.9364399909973145,0.935699999332428,0.9362900257110596,7041.80313391127
2025-09-01 07:00:00+01:00,0.9362900257110596,0.9373000264167786,0.9358999729156494,0.9370899796485901,7134.7800448806565
2025-09-01 08:00:00+01:00,0.9370999932289124,0.9373999834060669,0.9363600015640259,0.9366700053215027,5287.7724522944645
2025-09-01 09:00:00+01:00,0.936680018901825,0.9373700022697449,0.9361600279808044,0.9373000264167786,7217.204224931779
2025-09-01 10:00:00+01:00,0.9373000264167786,0.9375,0.9362499713897705,0.9366899728775024,6220.77647577323
2025-09-01 11:00:00+01:00,0.936739981174469,0.9372000098228455,0.9362199902534485,0.9367700219154358,7305.400485857209
2025-09-01 12:00:00+01:00,0.9367899894714355,0.9377999901771545,0.9363999962806702,0.9377400279045105,7411.246205265438
2025-09-01 13:00:00+01:00,0.9377400279045105,0.9383299946784973,0.9373199939727783,0.9377999901771545,9087.30759072684
2025-09-01 14:00:00+01:00,0.9378399848937988,0.9380000233650208,0.9365500211715698,0.9373000264167786,10777.973891879667
2025-09-01 15:00:00+01:00,0.9373000264167786,0.9379000067710876,0.9364299774169922,0.9370899796485901,11379.471573604556
2025-09-01 16:00:00+01:00,0.9370399713516235,0.9380000233650208,0.9365599751472473,0.937749981880188,15866.79247834165
2025-09-01 17:00:00+01:00,0.9377800226211548,0.9377999901771545,0.9370899796485901,0.9377400279045105,13723.975968683808
2025-09-01 18:00:00+01:00,0.9377099871635437,0.9377999901771545,0.9371100068092346,0.9376299977302551,14017.702154238214
2025-09-01 19:00:00+01:00,0.9376199841499329,0.9377999901771545,0.9370999932289124,0.937720000743866,12746.877127043957
2025-09-01 20:00:00+01:00,0.9376999735832214,0.9377599954605103,0.9368299841880798,0.9373999834060669,13071.552807480948
2025-09-01 21:00:00+01:00,0.9373599886894226,0.9377400279045105,0.9368799924850464,0.9373900294303894,13023.547910796256
2025-09-01 22:00:00+01:00,0.9373800158500671,0.9377800226211548,0.9366199970245361,0.9376699924468994,10328.316996108437
2025-09-01 23:00:00+01:00,0.9372599720954895,0.9379000067710876,0.9367899894714355,0.9372299909591675,11585.215305120026
2025-09-02 00:00:00+01:00,0.9373400211334229,0.9376299977302551,0.9369099736213684,0.9374399781227112,11216.509097375383
2025-09-02 01:00:00+01:00,0.9374300241470337,0.9380099773406982,0.9370099902153015,0.937720000743866,11227.25507322312
2025-09-02 02:00:00+01:00,0.937720000743866,0.9378499984741211,0.9371399879455566,0.9376599788665771,8603.434091007755
2025-09-02 03:00:00+01:00,0.9376599788665771,0.937720000743866,0.9365699887275696,0.937309980392456,8119.160503314914
2025-09-02 04:00:00+01:00,0.9372699856758118,0.9373999834060669,0.9366899728775024,0.9372400045394897,6461.9420192649095
2025-09-02 05:00:00+01:00,0.9372299909591675,0.9373000264167786,0.936269998550415,0.9369500279426575,5042.855601276752
2025-09-02 06:00:00+01:00,0.9369500279426575,0.9376500248908997,0.9362800121307373,0.9375399947166443,5418.327574663784
2025-09-02 07:00:00+01:00,0.9375699758529663,0.938040018081665,0.9369800090789795,0.938040018081665,6244.664125679356
2025-09-02 08:00:00+01:00,0.9379900097846985,0.9381300210952759,0.9352200031280518,0.9356099963188171,14870.005257355493
2025-09-02 09:00:00+01:00,0.9356799721717834,0.9368199706077576,0.935230016708374,0.9364799857139587,15106.017110660361
2025-09-02 10:00:00+01:00,0.9365000128746033,0.9369000196456909,0.9359400272369385,0.9368100166320801,16178.379863442238
2025-09-02 11:00:00+01:00,0.9368100166320801,0.9370999932289124,0.935230016708374,0.9358000159263611,21317.290510368315
2025-09-02 12:00:00+01:00,0.9357900023460388,0.9368699789047241,0.9353299736976624,0.9364799857139587,17125.76247822176
2025-09-02 13:00:00+01:00,0.9364799857139587,0.9368000030517578,0.9351400136947632,0.9353600144386292,23803.968516212706
2025-09-02 14:00:00+01:00,0.9353600144386292,0.9368600249290466,0.9350799918174744,0.9363899827003479,22546.492831102987
2025-09-02 15:00:00+01:00,0.936269998550415,0.9373599886894226,0.9357100129127502,0.9360899925231934,24266.446393483002
2025-09-02 16:00:00+01:00,0.9360499978065491,0.9365299940109253,0.9354000091552734,0.9361100196838379,22628.752942548577
2025-09-02 17:00:00+01:00,0.9361100196838379,0.9363999962806702,0.9354900121688843,0.9360399842262268,31389.27672266301
2025-09-02 18:00:00+01:00,0.9360399842262268,0.9366000294685364,0.9355199933052063,0.936489999294281,25449.852737097222
2025-09-02 19:00:00+01:00,0.936489999294281,0.9368500113487244,0.9358699917793274,0.9365900158882141,25785.771702363185
2025-09-02 20:00:00+01:00,0.9365699887275696,0.9368199706077576,0.9360700249671936,0.9367600083351135,26701.003148107477
2025-09-02 21:00:00+01:00,0.936710000038147,0.9368299841880798,0.93545001745224,0.93545001745224,24518.607982922807
2025-09-02 22:00:00+01:00,0.9354900121688843,0.9365000128746033,0.9347299933433533,0.9360700249671936,26668.025171106452
2025-09-02 23:00:00+01:00,0.9360799789428711,0.9368000030517578,0.9359599947929382,0.9367200136184692,25056.347570744725
2025-09-03 00:00:00+01:00,0.936739981174469,0.9369000196456909,0.9361000061035156,0.9367799758911133,19000.622548794512
2025-09-03 01:00:00+01:00,0.9367799758911133,0.9372000098228455,0.9361600279808044,0.9371600151062012,17970.407907196928
2025-09-03 02:00:00+01:00,0.9371100068092346,0.9372000098228455,0.9363700151443481,0.9368000030517578,15068.96864231311
2025-09-03 03:00:00+01:00,0.9368000030517578,0.9369400143623352,0.9360600113868713,0.9365400075912476,12598.405971519433
2025-09-03 04:00:00+01:00,0.9365400075912476,0.9368000030517578,0.9360600113868713,0.9365400075912476,12449.906710324323
2025-09-03 05:00:00+01:00,0.936489999294281,0.9368000030517578,0.9360700249671936,0.9365000128746033,6802.411224908496
2025-09-03 06:00:00+01:00,0.9365500211715698,0.9366999864578247,0.9360100030899048,0.9364799857139587,5712.575999222703
2025-09-03 07:00:00+01:00,0.9365400075912476,0.9368600249290466,0.935920000076294,0.9363800287246704,6569.460966094893
2025-09-03 08:00:00+01:00,0.9363700151443481,0.9370200037956238,0.9358000159263611,0.9369099736213684,9063.153654791562
2025-09-03 09:00:00+01:00,0.9369999766349792,0.9375200271606445,0.9364799857139587,0.937250018119812,7883.150907178175
2025-09-03 10:00:00+01:00,0.937250018119812,0.9374399781227112,0.9361000061035156,0.9365800023078918,8093.972807674288
2025-09-03 11:00:00+01:00,0.9365900158882141,0.9368000030517578,0.9358199834823608,0.9366999864578247,8381.450440794402
2025-09-03 12:00:00+01:00,0.9366999864578247,0.9374200105667114,0.936269998550415,0.9373300075531006,6830.878073399413
2025-09-03 13:00:00+01:00,0.9373300075531006,0.9380199909210205,0.9369000196456909,0.9378399848937988,6033.387769273339
2025-09-03 14:00:00+01:00,0.9378499984741211,0.9380000233650208,0.9367600083351135,0.9372100234031677,7092.946263081871
2025-09-03 15:00:00+01:00,0.9371899962425232,0.9380000233650208,0.936710000038147,0.9371399879455566,8533.724760730647
2025-09-03 16:00:00+01:00,0.9371399879455566,0.9379000067710876,0.9366599917411804,0.937720000743866,10540.113742848405
2025-09-03 17:00:00+01:00,0.9377300143241882,0.9380000233650208,0.9370599985122681,0.9377400279045105,9924.644712936131
2025-09-03 18:00:00+01:00,0.9377400279045105,0.9378600120544434,0.9369999766349792,0.9375399947166443,11765.301066601065
2025-09-03 19:00:00+01:00,0.9375399947166443,0.9377999901771545,0.9370099902153015,0.9376500248908997,11279.940466550705
2025-09-03 20:00:00+01:00,0.9376299977302551,0.9376999735832214,0.9370899796485901,0.9376599788665771,10593.51430046886
2025-09-03 21:00:00+01:00,0.9376000165939331,0.9379000067710876,0.9370099902153015,0.9375200271606445,11294.854623067686
2025-09-03 22:00:00+01:00,0.9375,0.9376000165939331,0.9365500211715698,0.9371799826622009,10456.378744472633
2025-09-03 23:00:00+01:00,0.937529981136322,0.9376999735832214,0.9368799924850464,0.9374600052833557,10386.182187279495
2025-09-04 00:00:00+01:00,0.9373599886894226,0.9375,0.9367899894714355,0.9373000264167786,7878.5567393320525
2025-09-04 01:00:00+01:00,0.9373000264167786,0.9377300143241882,0.9368500113487244,0.9374399781227112,7637.652658055157
2025-09-04 02:00:00+01:00,0.9374300241470337,0.9376999735832214,0.9368600249290466,0.9373400211334229,7954.077761990032
2025-09-04 03:00:00+01:00,0.937309980392456,0.9374300241470337,0.9367499947547913,0.9371600151062012,5438.415999501368
2025-09-04 04:00:00+01:00,0.9371399879455566,0.9373999834060669,0.9366499781608582,0.9373199939727783,3893.610669005301
2025-09-04 05:00:00+01:00,0.9373199939727783,0.9374300241470337,0.936710000038147,0.937250018119812,2157.654745541773
2025-09-04 06:00:00+01:00,0.9372400045394897,0.9373999834060669,0.9366400241851807,0.937250018119812,1000.0
2025-09-04 07:00:00+01:00,0.9372599720954895,0.9382799863815308,0.9367700219154358,0.9377300143241882,2172.2122056964295
2025-09-04 08:00:00+01:00,0.9377099871635437,0.9383000135421753,0.9370899796485901,0.9380099773406982,3065.9631680650346
2025-09-04 09:00:00+01:00,0.9380099773406982,0.9381899833679199,0.9370999932289124,0.9376099705696106,4258.576795754966
2025-09-04 10:00:00+01:00,0.9375600218772888,0.9377099871635437,0.9364799857139587,0.9372400045394897,4577.698621257115
2025-09-04 11:00:00+01:00,0.9372299909591675,0.938040018081665,0.9366599917411804,0.9379600286483765,8748.51074179913
2025-09-04 12:00:00+01:00,0.9379600286483765,0.9384099841117859,0.9373599886894226,0.9378100037574768,8035.393127837465
2025-09-04 13:00:00+01:00,0.9377800226211548,0.9383599758148193,0.9370999932289124,0.9381099939346313,9039.887539431234
2025-09-04 14:00:00+01:00,0.9381399750709534,0.9383299946784973,0.937470018863678,0.9379100203514099,7329.494227775669
2025-09-04 15:00:00+01:00,0.9379299879074097,0.9387099742889404,0.937470018863678,0.9383999705314636,9586.923001437199
2025-09-04 16:00:00+01:00,0.9383900165557861,0.9390000104904175,0.9380199909210205,0.9386799931526184,8614.07437379227
2025-09-04 17:00:00+01:00,0.9386500120162964,0.9391000270843506,0.9378399848937988,0.9388700127601624,13352.212418839583
2025-09-04 18:00:00+01:00,0.9388700127601624,0.9393399953842163,0.9381700158119202,0.9386799931526184,12831.793956390102
2025-09-04 19:00:00+01:00,0.9386699795722961,0.9390000104904175,0.9380300045013428,0.9387900233268738,15428.699683763223
2025-09-04 20:00:00+01:00,0.9387500286102295,0.9388200044631958,0.9380300045013428,0.9385899901390076,15160.075456485247
2025-09-04 21:00:00+01:00,0.9385799765586853,0.9387099742889404,0.9380499720573425,0.9380699992179871,11209.369982860813
2025-09-04 22:00:00+01:00,0.9374200105667114,0.938759982585907,0.9374200105667114,0.9381099939346313,12490.178264086519
2025-09-04 23:00:00+01:00,0.9381099939346313,0.9387400150299072,0.9377300143241882,0.9385499954223633,11525.872567000637
2025-09-05 00:00:00+01:00,0.9385600090026855,0.9386000037193298,0.9378200173377991,0.9385300278663635,10382.850373100575
2025-09-05 01:00:00+01:00,0.9385300278663635,0.938730001449585,0.9379900097846985,0.9385700225830078,8710.516963995093
2025-09-05 02:00:00+01:00,0.9385700225830078,0.9389200210571289,0.9380999803543091,0.9388499855995178,7621.9069834993425
2025-09-05 03:00:00+01:00,0.9388499855995178,0.9391099810600281,0.9383400082588196,0.9389399886131287,7430.27618373407
2025-09-05 04:00:00+01:00,0.9389299750328064,0.9390000104904175,0.938260018825531,0.9388599991798401,4749.91974736452
2025-09-05 05:00:00+01:00,0.9388599991798401,0.9390000104904175,0.9383900165557861,0.9388399720191956,4446.726264892192
2025-09-05 06:00:00+01:00,0.9388399720191956,0.9389500021934509,0.9383100271224976,0.938759982585907,3032.670925205966
2025-09-05 07:00:00+01:00,0.9388200044631958,0.9389899969100952,0.9380599856376648,0.9386299848556519,2417.4212430540565
2025-09-05 08:00:00+01:00,0.9386100172996521,0.9388599991798401,0.937749981880188,0.9383999705314636,2348.8809064119755
2025-09-05 09:00:00+01:00,0.9383900165557861,0.9388599991798401,0.9379000067710876,0.938480019569397,2844.7318983921928
2025-09-05 10:00:00+01:00,0.9384899735450745,0.9387999773025513,0.9378200173377991,0.9386100172996521,2738.80451602677
2025-09-05 11:00:00+01:00,0.9385799765586853,0.9390199780464172,0.9379299879074097,0.9387199878692627,3897.0477416600006
2025-09-05 12:00:00+01:00,0.9387199878692627,0.9392499923706055,0.9379299879074097,0.9389600157737732,3943.910444701502
2025-09-05 13:00:00+01:00,0.9389600157737732,0.9395300149917603,0.9374200105667114,0.9384300112724304,7438.188787307043
2025-09-05 14:00:00+01:00,0.9384400248527527,0.9384499788284302,0.9362900257110596,0.9372000098228455,13350.321062401154
2025-09-05 15:00:00+01:00,0.9372100234031677,0.9377300143241882,0.9355300068855286,0.9362199902534485,15715.210522783229
2025-09-05 16:00:00+01:00,0.9362000226974487,0.9363200068473816,0.9351699948310852,0.9356799721717834,17022.790279540714
2025-09-05 17:00:00+01:00,0.935699999332428,0.9361299872398376,0.9349200129508972,0.9355800151824951,15160.780816162156
2025-09-05 18:00:00+01:00,0.9356099963188171,0.9357399940490723,0.9348400235176086,0.935230016708374,16215.247885240917
2025-09-05 19:00:00+01:00,0.935230016708374,0.9355400204658508,0.9347500205039978,0.9353500008583069,18171.59039301742
2025-09-05 20:00:00+01:00,0.9353200197219849,0.9355300068855286,0.9347599744796753,0.9353600144386292,18304.891309287905
2025-09-05 21:00:00+01:00,0.9353100061416626,0.935699999332428,0.9346500039100647,0.9352099895477295,20172.518447868104
2025-09-05 22:00:00+01:00,0.9347000122070312,0.9347000122070312,0.9347000122070312,0.9347000122070312,19071.472813436492
2025-09-08 00:00:00+01:00,0.9356200098991394,0.9361400008201599,0.9350699782371521,0.936020016670227,19321.276386533915
2025-09-08 01:00:00+01:00,0.9360600113868713,0.9361000061035156,0.9346200227737427,0.9350500106811523,17387.61248786874
2025-09-08 02:00:00+01:00,0.9350399971008301,0.9352399706840515,0.9343699812889099,0.9348700046539307,21128.5621896111
2025-09-08 03:00:00+01:00,0.9348700046539307,0.9350000023841858,0.9340500235557556,0.9348499774932861,15319.877389386927
2025-09-08 04:00:00+01:00,0.9348499774932861,0.9350000023841858,0.9341099858283997,0.9345700144767761,17584.272156708874
2025-09-08 05:00:00+01:00,0.934499979019165,0.9347000122070312,0.9336199760437012,0.9339900016784668,12938.776079804908
2025-09-08 06:00:00+01:00,0.9340400099754333,0.9344000220298767,0.9334999918937683,0.9339699745178223,8491.885669952697
2025-09-08 07:00:00+01:00,0.9339500069618225,0.9341999888420105,0.9330099821090698,0.9339399933815002,10172.501875246679
2025-09-08 08:00:00+01:00,0.9339500069618225,0.934499979019165,0.9331200122833252,0.9336900115013123,8057.968144907958
2025-09-08 09:00:00+01:00,0.933650016784668,0.934149980545044,0.9329900145530701,0.9336699843406677,10023.218938049311
2025-09-08 10:00:00+01:00,0.93367999792099,0.9338499903678894,0.9329100251197815,0.9336199760437012,9196.22131556629
2025-09-08 11:00:00+01:00,0.9335600137710571,0.9338300228118896,0.9320899844169617,0.9326099753379822,10837.23725204272
2025-09-08 12:00:00+01:00,0.9326099753379822,0.9333000183105469,0.9322299957275391,0.9332200288772583,12342.38797432741
2025-09-08 13:00:00+01:00,0.933210015296936,0.9332299828529358,0.9321399927139282,0.9326800107955933,13049.862660050132
2025-09-08 14:00:00+01:00,0.932669997215271,0.9329000115394592,0.9319800138473511,0.932479977607727,13732.621661947845
2025-09-08 15:00:00+01:00,0.932479977607727,0.9327200055122375,0.9316800236701965,0.9322999715805054,11939.250504919593
2025-09-08 16:00:00+01:00,0.9323199987411499,0.9323999881744385,0.9314200282096863,0.9323099851608276,12647.552620398183
2025-09-08 17:00:00+01:00,0.9323099851608276,0.9326500296592712,0.9317299723625183,0.9325100183486938,12096.838623537102
2025-09-08 18:00:00+01:00,0.9325000047683716,0.9330700039863586,0.9320399761199951,0.9327600002288818,14249.783837659745
2025-09-08 19:00:00+01:00,0.9327499866485596,0.9330999851226807,0.9323199987411499,0.9329500198364258,12443.210886605913
2025-09-08 20:00:00+01:00,0.9329500198364258,0.9330400228500366,0.9322699904441833,0.9327499866485596,10610.222412126794
2025-09-08 21:00:00+01:00,0.9327899813652039,0.9331899881362915,0.9321799874305725,0.9327300190925598,11388.479518278702
2025-09-08 22:00:00+01:00,0.9327499866485596,0.9333400130271912,0.9323400259017944,0.9326800107955933,9961.616016857295
2025-09-08 23:00:00+01:00,0.9326800107955933,0.9330999851226807,0.9323099851608276,0.9329100251197815,9531.825968981173
2025-09-09 00:00:00+01:00,0.9329000115394592,0.9333000183105469,0.9325500130653381,0.9329599738121033,9032.99287891037
2025-09-09 01:00:00+01:00,0.9329800009727478,0.9332000017166138,0.9322199821472168,0.9328799843788147,5588.58365952561
2025-09-09 02:00:00+01:00,0.9328500032424927,0.9330300092697144,0.9322199821472168,0.9329100251197815,4681.520930532663
2025-09-09 03:00:00+01:00,0.9329100251197815,0.9330000281333923,0.9322800040245056,0.9328799843788147,3811.194794127912
2025-09-09 04:00:00+01:00,0.9328799843788147,0.9330400228500366,0.9323899745941162,0.9328600168228149,3491.7379648326823
2025-09-09 05:00:00+01:00,0.9329000115394592,0.9330000281333923,0.9323099851608276,0.9326599836349487,2115.7606791230332
2025-09-09 06:00:00+01:00,0.9327300190925598,0.9328100085258484,0.9320399761199951,0.9326199889183044,1342.368939118383
2025-09-09 07:00:00+01:00,0.9326199889183044,0.9326199889183044,0.9312999844551086,0.9318600296974182,2531.4186699838765
2025-09-09 08:00:00+01:00,0.9318600296974182,0.9329299926757812,0.9309499859809875,0.9327200055122375,5821.583642315605
2025-09-09 09:00:00+01:00,0.9327200055122375,0.9330999851226807,0.931689977645874,0.9325799942016602,7881.320060908572
2025-09-09 10:00:00+01:00,0.9325699806213379,0.9330999851226807,0.931879997253418,0.9329100251197815,9635.988454956245
2025-09-09 11:00:00+01:00,0.9328799843788147,0.9333400130271912,0.9320700168609619,0.9327099919319153,9256.810104331045
2025-09-09 12:00:00+01:00,0.9327099919319153,0.9330000281333923,0.9318900108337402,0.9325799942016602,10565.731658503044
2025-09-09 13:00:00+01:00,0.9326000213623047,0.9332200288772583,0.9320399761199951,0.9330800175666809,11992.880161687899
2025-09-09 14:00:00+01:00,0.9330400228500366,0.9330999851226807,0.9319000244140625,0.932699978351593,11967.92266364936
2025-09-09 15:00:00+01:00,0.9327099919319153,0.933430016040802,0.9321500062942505,0.9328399896621704,14722.12867447389
2025-09-09 16:00:00+01:00,0.9327899813652039,0.9333999752998352,0.9323700070381165,0.933139979839325,14742.284896307065
2025-09-09 17:00:00+01:00,0.9331200122833252,0.9340400099754333,0.932449996471405,0.9337999820709229,15459.522420571484
2025-09-09 18:00:00+01:00,0.9337999820709229,0.9341999888420105,0.9330599904060364,0.9335600137710571,18024.359134879192
2025-09-09 19:00:00+01:00,0.9335200190544128,0.9340500235557556,0.9330199956893921,0.9337599873542786,18635.683690242975
2025-09-09 20:00:00+01:00,0.9337499737739563,0.933929979801178,0.9332000017166138,0.9336599707603455,18413.60511163632
2025-09-09 21:00:00+01:00,0.9336599707603455,0.933899998664856,0.9327899813652039,0.9335100054740906,18029.674792731475
2025-09-09 22:00:00+01:00,0.9332900047302246,0.933899998664856,0.932200014591217,0.9331700205802917,15932.523190759428
2025-09-09 23:00:00+01:00,0.9329000115394592,0.9336000084877014,0.9329000115394592,0.9333599805831909,15894.966266132542
2025-09-10 00:00:00+01:00,0.9333800077438354,0.9334200024604797,0.9321200251579285,0.9331099987030029,17070.25934083134
2025-09-10 01:00:00+01:00,0.9331799745559692,0.9335100054740906,0.9327700138092041,0.933210015296936,16934.52984861669
2025-09-10 02:00:00+01:00,0.9332200288772583,0.9336000084877014,0.9327300190925598,0.9333699941635132,14197.2077428447
2025-09-10 03:00:00+01:00,0.9333500266075134,0.9336199760437012,0.932889997959137,0.9334999918937683,11536.61108934423
2025-09-10 04:00:00+01:00,0.9334999918937683,0.9337300062179565,0.9330099821090698,0.933650016784668,11114.495545287038
2025-09-10 05:00:00+01:00,0.9335899949073792,0.9337199926376343,0.9329100251197815,0.9333000183105469,9953.392310463532
2025-09-10 06:00:00+01:00,0.9332799911499023,0.9333500266075134,0.9321900010108948,0.9329000115394592,10564.409164170838
2025-09-10 07:00:00+01:00,0.9329100251197815,0.9337800145149231,0.932479977607727,0.9332900047302246,8345.961339065836
2025-09-10 08:00:00+01:00,0.9333699941635132,0.9335299730300903,0.9322800040245056,0.9333400130271912,10724.076704458514
2025-09-10 09:00:00+01:00,0.9333400130271912,0.9336299896240234,0.932640016078949,0.9330499768257141,10244.04109127414
2025-09-10 10:00:00+01:00,0.9330700039863586,0.9334200024604797,0.9325399994850159,0.9333099722862244,7947.287959574845
2025-09-10 11:00:00+01:00,0.9333099722862244,0.9335600137710571,0.9325699806213379,0.9335299730300903,9379.35273256076
2025-09-10 12:00:00+01:00,0.9335299730300903,0.9336900115013123,0.9324700236320496,0.9332000017166138,8723.883064056128
2025-09-10 13:00:00+01:00,0.933210015296936,0.9344499707221985,0.9329400062561035,0.933709979057312,12818.34315440379
2025-09-10 14:00:00+01:00,0.933650016784668,0.9341599941253662,0.9328699707984924,0.9338499903678894,10200.969496987373
2025-09-10 15:00:00+01:00,0.9338499903678894,0.9352399706840515,0.9333999752998352,0.9348000288009644,13554.469805124201
2025-09-10 16:00:00+01:00,0.9348000288009644,0.9348800182342529,0.9339799880981445,0.9346699714660645,12881.431011044999
2025-09-10 17:00:00+01:00,0.9346799850463867,0.9351599812507629,0.9340800046920776,0.934939980506897,12415.117266444044
2025-09-10 18:00:00+01:00,0.934939980506897,0.9354100227355957,0.9345099925994873,0.9353200197219849,16317.221397564632
2025-09-10 19:00:00+01:00,0.9353100061416626,0.9354000091552734,0.9345700144767761,0.9349799752235413,13272.532067268996
2025-09-10 20:00:00+01:00,0.9349799752235413,0.9350100159645081,0.9342600107192993,0.9349300265312195,12771.874396983894
2025-09-10 21:00:00+01:00,0.9349300265312195,0.9349700212478638,0.9334400296211243,0.9343500137329102,14167.07060268934
2025-09-10 22:00:00+01:00,0.9339699745178223,0.9347100257873535,0.9333400130271912,0.9343699812889099,15561.758931887369
2025-09-10 23:00:00+01:00,0.9344099760055542,0.934939980506897,0.934220016002655,0.934660017490387,14378.323427592504
2025-09-11 00:00:00+01:00,0.9346299767494202,0.9348999857902527,0.9341300129890442,0.9347100257873535,14523.864288726993
2025-09-11 01:00:00+01:00,0.9346500039100647,0.9348999857902527,0.9340800046920776,0.9345300197601318,14191.312233872955
2025-09-11 02:00:00+01:00,0.934499979019165,0.9347100257873535,0.9339500069618225,0.9344800114631653,11348.482303383546
2025-09-11 03:00:00+01:00,0.934469997882843,0.9345999956130981,0.9339699745178223,0.9344300031661987,11078.585881350733
2025-09-11 04:00:00+01:00,0.9344300031661987,0.9345499873161316,0.9339399933815002,0.9344499707221985,7644.5099260199895
2025-09-11 05:00:00+01:00,0.934469997882843,0.9345200061798096,0.9338799715042114,0.9343299865722656,3578.7670813865716
2025-09-11 06:00:00+01:00,0.9343299865722656,0.9345999956130981,0.9337700009346008,0.9344099760055542,3152.474706327941
2025-09-11 07:00:00+01:00,0.9344000220298767,0.9349200129508972,0.9340699911117554,0.9347500205039978,2876.612962074033
2025-09-11 08:00:00+01:00,0.9347699880599976,0.9349200129508972,0.9337599873542786,0.9346100091934204,3358.4073073984573
2025-09-11 09:00:00+01:00,0.9345899820327759,0.9348000288009644,0.9340199828147888,0.9345099925994873,2743.906375639646
2025-09-11 10:00:00+01:00,0.9345099925994873,0.9345999956130981,0.9333599805831909,0.9340299963951111,4812.766968943974
2025-09-11 11:00:00+01:00,0.9340299963951111,0.9344000220298767,0.9334800243377686,0.9342600107192993,2983.7093556756913
2025-09-11 12:00:00+01:00,0.9342600107192993,0.9343699812889099,0.9334999918937683,0.9342799782752991,1497.332068072029
2025-09-11 13:00:00+01:00,0.9342700242996216,0.934719979763031,0.9329599738121033,0.9345099925994873,4584.952831209104
2025-09-11 14:00:00+01:00,0.9344900250434875,0.9354199767112732,0.9339399933815002,0.934660017490387,6582.092091126545
2025-09-11 15:00:00+01:00,0.9346799850463867,0.9348000288009644,0.9329900145530701,0.9334099888801575,9866.16619257781
2025-09-11 16:00:00+01:00,0.9334200024604797,0.9341400265693665,0.9330199956893921,0.9338899850845337,10002.096205933296
2025-09-11 17:00:00+01:00,0.9338200092315674,0.934149980545044,0.9332299828529358,0.9341099858283997,11827.729491399408
2025-09-11 18:00:00+01:00,0.9341099858283997,0.9342100024223328,0.9334200024604797,0.9340500235557556,11142.545950852003
2025-09-11 19:00:00+01:00,0.9340400099754333,0.9340999722480774,0.9332500100135803,0.9336299896240234,13591.850720274837
2025-09-11 20:00:00+01:00,0.933650016784668,0.9341599941253662,0.933210015296936,0.9339900016784668,11811.017309090059
2025-09-11 21:00:00+01:00,0.9339900016784668,0.9341999888420105,0.933210015296936,0.9333500266075134,12992.062787005703
2025-09-11 22:00:00+01:00,0.9329100251197815,0.934249997138977,0.9325299859046936,0.9336900115013123,18120.52120593702
2025-09-11 23:00:00+01:00,0.9337300062179565,0.9343600273132324,0.9332000017166138,0.9339500069618225,17764.647155866413
2025-09-12 00:00:00+01:00,0.933929979801178,0.9341099858283997,0.9334400296211243,0.9338399767875671,13723.964723373929
2025-09-12 01:00:00+01:00,0.9338300228118896,0.9340500235557556,0.9332299828529358,0.9339900016784668,13734.039890664732
2025-09-12 02:00:00+01:00,0.9339900016784668,0.9340299963951111,0.9333099722862244,0.9339699745178223,12369.273523562644
2025-09-12 03:00:00+01:00,0.9339699745178223,0.9340400099754333,0.9334200024604797,0.9339500069618225,10576.98397884056
2025-09-12 04:00:00+01:00,0.9339500069618225,0.9340199828147888,0.9333900213241577,0.9339100122451782,6554.364970082374
2025-09-12 05:00:00+01:00,0.9339600205421448,0.9343000054359436,0.9334700107574463,0.9341800212860107,4598.265037490517
2025-09-12 06:00:00+01:00,0.934149980545044,0.934499979019165,0.9336100220680237,0.9340699911117554,4300.958465349479
2025-09-12 07:00:00+01:00,0.9340800046920776,0.9347000122070312,0.9333699941635132,0.9345499873161316,5267.366551964195
2025-09-12 08:00:00+01:00,0.9345499873161316,0.9347299933433533,0.933709979057312,0.9345899820327759,6024.244781186899
2025-09-12 09:00:00+01:00,0.9346200227737427,0.9350000023841858,0.9337499737739563,0.9342300295829773,8045.355698145437
2025-09-12 10:00:00+01:00,0.9342300295829773,0.9350000023841858,0.9335799813270569,0.9347800016403198,8997.05782723773
2025-09-12 11:00:00+01:00,0.9347699880599976,0.9349200129508972,0.9340599775314331,0.9346399903297424,7271.974865010332
2025-09-12 12:00:00+01:00,0.9346399903297424,0.9347100257873535,0.933650016784668,0.9343500137329102,6400.708694518475
2025-09-12 13:00:00+01:00,0.9343500137329102,0.9347299933433533,0.9337800145149231,0.9343299865722656,5530.206954972909
2025-09-12 14:00:00+01:00,0.9343299865722656,0.934440016746521,0.9334400296211243,0.9340299963951111,7557.211298418022
2025-09-12 15:00:00+01:00,0.9336599707603455,0.9343600273132324,0.9332600235939026,0.9341300129890442,8331.012885405942
2025-09-12 16:00:00+01:00,0.9341300129890442,0.934249997138977,0.9334999918937683,0.9341400265693665,8314.711252101088
2025-09-12 17:00:00+01:00,0.9341400265693665,0.9343000054359436,0.9334400296211243,0.9341199994087219,8142.964202584074
2025-09-12 18:00:00+01:00,0.9341099858283997,0.934499979019165,0.9337499737739563,0.9344000220298767,8274.892000904607
2025-09-12 19:00:00+01:00,0.9344000220298767,0.9345999956130981,0.9339100122451782,0.9344000220298767,9573.602120772473
2025-09-12 20:00:00+01:00,0.9344000220298767,0.934499979019165,0.9338200092315674,0.9344499707221985,5670.033384061693
2025-09-12 21:00:00+01:00,0.934440016746521,0.9347500205039978,0.9338399767875671,0.9343299865722656,6573.181680123849
2025-09-12 22:00:00+01:00,0.9341700077056885,0.9341700077056885,0.9341700077056885,0.9341700077056885,4140.303809979117
2025-09-15 00:00:00+01:00,0.9341700077056885,0.9343100190162659,0.9336599707603455,0.9341899752616882,2145.2036172011135
2025-09-15 01:00:00+01:00,0.9341999888420105,0.934249997138977,0.9334800243377686,0.9340199828147888,1126.64618425743
2025-09-15 02:00:00+01:00,0.9340199828147888,0.9343199729919434,0.9335299730300903,0.934249997138977,1009.6436700238925
2025-09-15 03:00:00+01:00,0.9341899752616882,0.934499979019165,0.9337999820709229,0.9343600273132324,1000.0
2025-09-15 04:00:00+01:00,0.9343600273132324,0.934499979019165,0.9337700009346008,0.9341800212860107,1120.6200400808627
2025-09-15 05:00:00+01:00,0.9341800212860107,0.9344000220298767,0.933709979057312,0.9342799782752991,1005.027397889148
2025-09-15 06:00:00+01:00,0.9342799782752991,0.9343299865722656,0.9335899949073792,0.9341099858283997,1062.570845747145
2025-09-15 07:00:00+01:00,0.9341099858283997,0.9345200061798096,0.9335899949073792,0.9342300295829773,1154.083579897827
2025-09-15 08:00:00+01:00,0.9342300295829773,0.9348999857902527,0.9338399767875671,0.9344099760055542,1000.0
2025-09-15 09:00:00+01:00,0.9344199895858765,0.9345999956130981,0.9337999820709229,0.9343299865722656,1000.0
2025-09-15 10:00:00+01:00,0.9343299865722656,0.9345499873161316,0.9337300062179565,0.9343299865722656,1011.6462059108798
2025-09-15 11:00:00+01:00,0.9343100190162659,0.934909999370575,0.9338300228118896,0.9342600107192993,1030.8432254451714
2025-09-15 12:00:00+01:00,0.9342700242996216,0.9351099729537964,0.9339399933815002,0.9348099827766418,1000.0
2025-09-15 13:00:00+01:00,0.9347900152206421,0.9355000257492065,0.934440016746521,0.9353799819946289,2544.8704312848427
2025-09-15 14:00:00+01:00,0.9354000091552734,0.9355900287628174,0.9343500137329102,0.9347599744796753,4292.038682535665
2025-09-15 15:00:00+01:00,0.9347599744796753,0.9349700212478638,0.9339100122451782,0.934440016746521,4911.268378494255
2025-09-15 16:00:00+01:00,0.934440016746521,0.9346500039100647,0.9338700175285339,0.9343900084495544,5704.4449378395775
2025-09-15 17:00:00+01:00,0.9343799948692322,0.9345600008964539,0.9337199926376343,0.9343400001525879,5177.768587191091
2025-09-15 18:00:00+01:00,0.9343400001525879,0.9347100257873535,0.9337999820709229,0.934469997882843,5552.705252186758
2025-09-15 19:00:00+01:00,0.934469997882843,0.9348000288009644,0.9339900016784668,0.9345999956130981,7060.633210395354
2025-09-15 20:00:00+01:00,0.9346399903297424,0.9348000288009644,0.9340800046920776,0.9345800280570984,6353.624504296041
2025-09-15 21:00:00+01:00,0.9345099925994873,0.9348000288009644,0.9339500069618225,0.9340699911117554,5954.727648306561
2025-09-15 22:00:00+01:00,0.9341899752616882,0.9348000288009644,0.9340299963951111,0.9346500039100647,6308.876162252257
2025-09-15 23:00:00+01:00,0.9346799850463867,0.9348999857902527,0.934220016002655,0.9346399903297424,5390.1110014415135
2025-09-16 00:00:00+01:00,0.934660017490387,0.9348999857902527,0.9342700242996216,0.9347900152206421,4322.703650189497
2025-09-16 01:00:00+01:00,0.9347400069236755,0.9348999857902527,0.9339100122451782,0.9343600273132324,3728.112798417976
2025-09-16 02:00:00+01:00,0.9344199895858765,0.9348000288009644,0.9339699745178223,0.9346699714660645,2676.094235915635
2025-09-16 03:00:00+01:00,0.9346699714660645,0.9349600076675415,0.934220016002655,0.9347800016403198,2256.7768270897363
2025-09-16 04:00:00+01:00,0.9347500205039978,0.9350000023841858,0.9342300295829773,0.9348499774932861,1000.0
2025-09-16 05:00:00+01:00,0.9348499774932861,0.9349300265312195,0.9342300295829773,0.9346699714660645,1000.0
2025-09-16 06:00:00+01:00,0.9346399903297424,0.9348099827766418,0.9340800046920776,0.9345200061798096,1180.990784668031
2025-09-16 07:00:00+01:00,0.9345200061798096,0.9347500205039978,0.9335799813270569,0.9341300129890442,1000.0
2025-09-16 08:00:00+01:00,0.9341099858283997,0.9344099760055542,0.9335399866104126,0.934220016002655,1160.3081144199607
2025-09-16 09:00:00+01:00,0.9341999888420105,0.934719979763031,0.9337400197982788,0.9343500137329102,1182.206021043472
2025-09-16 10:00:00+01:00,0.9343500137329102,0.9348300099372864,0.9339100122451782,0.9347299933433533,1439.2244236294443
2025-09-16 11:00:00+01:00,0.9346500039100647,0.9347500205039978,0.9337199926376343,0.9341800212860107,2139.3950008774777
2025-09-16 12:00:00+01:00,0.9341599941253662,0.9342799782752991,0.9331499934196472,0.9335899949073792,3080.432095958069
2025-09-16 13:00:00+01:00,0.9335899949073792,0.9340999722480774,0.9330199956893921,0.9335200190544128,4902.901015071479
2025-09-16 14:00:00+01:00,0.9335299730300903,0.9336699843406677,0.9321200251579285,0.9329000115394592,8339.572386453952
2025-09-16 15:00:00+01:00,0.932889997959137,0.9336000084877014,0.9322800040245056,0.9334200024604797,7057.83635953397
2025-09-16 16:00:00+01:00,0.9334200024604797,0.9334400296211243,0.9323800206184387,0.9331899881362915,7894.222929435224
2025-09-16 17:00:00+01:00,0.9331700205802917,0.9336100220680237,0.9324399828910828,0.932889997959137,9950.535419260836
2025-09-16 18:00:00+01:00,0.9328699707984924,0.9333999752998352,0.9322800040245056,0.9328699707984924,12168.147670167702
2025-09-16 19:00:00+01:00,0.9329400062561035,0.9330999851226807,0.9321900010108948,0.932889997959137,12452.4073435703
2025-09-16 20:00:00+01:00,0.9329000115394592,0.9330999851226807,0.9320899844169617,0.9326300024986267,11208.70350434576
2025-09-16 21:00:00+01:00,0.9326199889183044,0.9327999949455261,0.9320499897003174,0.932449996471405,10048.999362278879
2025-09-16 22:00:00+01:00,0.9328600168228149,0.9331300258636475,0.9320899844169617,0.9326099753379822,11280.38712401268
2025-09-16 23:00:00+01:00,0.9325199723243713,0.9330400228500366,0.9322299957275391,0.932919979095459,12747.42511707769
2025-09-17 00:00:00+01:00,0.9329100251197815,0.9331099987030029,0.9325000047683716,0.9329599738121033,10709.079715136499
2025-09-17 01:00:00+01:00,0.9329599738121033,0.9330800175666809,0.9322500228881836,0.9327800273895264,9414.246715553312
2025-09-17 02:00:00+01:00,0.9327800273895264,0.9330400228500366,0.9322599768638611,0.9327899813652039,8436.48309955592
2025-09-17 03:00:00+01:00,0.9327999949455261,0.9329000115394592,0.9320399761199951,0.932669997215271,7044.795967611324
2025-09-17 04:00:00+01:00,0.9326099753379822,0.9331300258636475,0.9322800040245056,0.932699978351593,5856.285818612229
2025-09-17 05:00:00+01:00,0.932699978351593,0.9330499768257141,0.9322299957275391,0.932889997959137,4216.964661399145
2025-09-17 06:00:00+01:00,0.9328200221061707,0.9333500266075134,0.9324600100517273,0.9332200288772583,3597.84798231267
2025-09-17 07:00:00+01:00,0.933210015296936,0.9334400296211243,0.932420015335083,0.9329400062561035,3064.9984172689433
2025-09-17 08:00:00+01:00,0.932889997959137,0.9330199956893921,0.9319199919700623,0.9326300024986267,3912.0206545592027
2025-09-17 09:00:00+01:00,0.9326300024986267,0.9328600168228149,0.93163001537323,0.9322199821472168,4882.206709165377
2025-09-17 10:00:00+01:00,0.9322999715805054,0.9323700070381165,0.9311699867248535,0.9316800236701965,5555.000382323349
2025-09-17 11:00:00+01:00,0.9316800236701965,0.932200014591217,0.9308599829673767,0.9312899708747864,5946.0856451736545
2025-09-17 12:00:00+01:00,0.9312999844551086,0.9316099882125854,0.9307799935340881,0.931410014629364,5461.837380042977
2025-09-17 13:00:00+01:00,0.931410014629364,0.9321500062942505,0.9309399724006653,0.9318900108337402,7564.575281848045
2025-09-17 14:00:00+01:00,0.9318900108337402,0.9326000213623047,0.9313600063323975,0.9323400259017944,9907.474752573506
2025-09-17 15:00:00+01:00,0.9323499798774719,0.932420015335083,0.9314500093460083,0.9322999715805054,8669.632253496691
2025-09-17 16:00:00+01:00,0.9323199987411499,0.9324600100517273,0.9316700100898743,0.9323400259017944,10846.442611011007
2025-09-17 17:00:00+01:00,0.9322800040245056,0.9329400062561035,0.9317799806594849,0.9327600002288818,11686.645251922824
2025-09-17 18:00:00+01:00,0.9327700138092041,0.9329599738121033,0.932129979133606,0.9325799942016602,9737.414084999482
2025-09-17 19:00:00+01:00,0.9326000213623047,0.9334499835968018,0.9317299723625183,0.9331899881362915,13116.988284629166
2025-09-17 20:00:00+01:00,0.933210015296936,0.933430016040802,0.9318199753761292,0.9322699904441833,16303.36656863922
2025-09-17 21:00:00+01:00,0.9322800040245056,0.9326000213623047,0.9306300282478333,0.9312400221824646,18536.637336174048
2025-09-17 22:00:00+01:00,0.9307799935340881,0.9319999814033508,0.9304999709129333,0.9318600296974182,20482.1182550364
2025-09-17 23:00:00+01:00,0.9317899942398071,0.932200014591217,0.9312800168991089,0.9319700002670288,19603.533823065158
2025-09-18 00:00:00+01:00,0.9319700002670288,0.9323999881744385,0.9315800070762634,0.9322100281715393,15332.106314880102
2025-09-18 01:00:00+01:00,0.9322100281715393,0.9326000213623047,0.93163001537323,0.9325399994850159,17656.06716813003
2025-09-18 02:00:00+01:00,0.9324899911880493,0.9326300024986267,0.9318699836730957,0.9324899911880493,15936.754752198492
2025-09-18 03:00:00+01:00,0.9324899911880493,0.9329000115394592,0.9321200251579285,0.9326199889183044,14540.880609007143
2025-09-18 04:00:00+01:00,0.9326199889183044,0.9329000115394592,0.9320899844169617,0.9327800273895264,10852.11808174782
2025-09-18 05:00:00+01:00,0.9327999949455261,0.9329100251197815,0.9318600296974182,0.9325600266456604,12408.353102620964
2025-09-18 06:00:00+01:00,0.9325600266456604,0.9327499866485596,0.9317399859428406,0.9322599768638611,14799.201256616958
2025-09-18 07:00:00+01:00,0.9322500228881836,0.9333000183105469,0.9318100214004517,0.9332200288772583,15206.30697271793
2025-09-18 08:00:00+01:00,0.9332000017166138,0.9336900115013123,0.9325900077819824,0.9332699775695801,16524.36008617913
2025-09-18 09:00:00+01:00,0.9332299828529358,0.9334999918937683,0.932449996471405,0.9332799911499023,13527.214539303322
2025-09-18 10:00:00+01:00,0.9332699775695801,0.9335500001907349,0.9320799708366394,0.9325600266456604,13836.210431912154
2025-09-18 11:00:00+01:00,0.9326199889183044,0.9330000281333923,0.9321600198745728,0.9327399730682373,8555.061738168648
2025-09-18 12:00:00+01:00,0.9326800107955933,0.9333999752998352,0.9321799874305725,0.932889997959137,8498.063626933512
2025-09-18 13:00:00+01:00,0.9329100251197815,0.933430016040802,0.9319900274276733,0.9330199956893921,9327.314647919407
2025-09-18 14:00:00+01:00,0.9330199956893921,0.9333299994468689,0.932129979133606,0.9328399896621704,11011.540609264448
2025-09-18 15:00:00+01:00,0.9328200221061707,0.9330400228500366,0.9320300221443176,0.9329599738121033,12639.711635592666
2025-09-18 16:00:00+01:00,0.9329699873924255,0.9338600039482117,0.9322999715805054,0.9338200092315674,14794.303655465452
2025-09-18 17:00:00+01:00,0.9338200092315674,0.9340000152587891,0.9330300092697144,0.9338600039482117,17362.943528366082
2025-09-18 18:00:00+01:00,0.9338700175285339,0.9340299963951111,0.9333400130271912,0.9339600205421448,15800.035930458886
2025-09-18 19:00:00+01:00,0.9339600205421448,0.9341199994087219,0.933430016040802,0.9338899850845337,13338.347900854871
2025-09-18 20:00:00+01:00,0.9338799715042114,0.9343199729919434,0.9333199858665466,0.9341599941253662,11556.084066531568
2025-09-18 21:00:00+01:00,0.9342100024223328,0.9343000054359436,0.9333099722862244,0.9337999820709229,12016.385097462095
2025-09-18 22:00:00+01:00,0.933709979057312,0.9346200227737427,0.9328200221061707,0.9337700009346008,15067.398652233436
2025-09-18 23:00:00+01:00,0.9339500069618225,0.9345999956130981,0.9335500001907349,0.9342100024223328,15218.289804480624
2025-09-19 00:00:00+01:00,0.9341400265693665,0.9343500137329102,0.9336599707603455,0.9342600107192993,9790.01397964251
2025-09-19 01:00:00+01:00,0.9342600107192993,0.9343100190162659,0.933489978313446,0.9339699745178223,13237.874618638927
2025-09-19 02:00:00+01:00,0.9339600205421448,0.9343000054359436,0.9333599805831909,0.9339500069618225,9819.465953726916
2025-09-19 03:00:00+01:00,0.9340100288391113,0.9344099760055542,0.9335100054740906,0.9343199729919434,8607.539091405677
2025-09-19 04:00:00+01:00,0.9343000054359436,0.934499979019165,0.9333199858665466,0.9337700009346008,8859.892734136929
2025-09-19 05:00:00+01:00,0.9337499737739563,0.9340400099754333,0.9332200288772583,0.933650016784668,9757.041990719694
2025-09-19 06:00:00+01:00,0.933650016784668,0.9337499737739563,0.9330499768257141,0.9335899949073792,5840.652288231406
2025-09-19 07:00:00+01:00,0.9335899949073792,0.9345300197601318,0.9333199858665466,0.9344499707221985,6292.6097451011765
2025-09-19 08:00:00+01:00,0.934440016746521,0.9350100159645081,0.9337400197982788,0.9345800280570984,7803.60377892079
2025-09-19 09:00:00+01:00,0.9345800280570984,0.9354400038719177,0.9337900280952454,0.9352099895477295,10093.650099599483
2025-09-19 10:00:00+01:00,0.9352399706840515,0.9354000091552734,0.9340500235557556,0.9348700046539307,13301.427069323163
2025-09-19 11:00:00+01:00,0.9348700046539307,0.9352399706840515,0.9340699911117554,0.9351099729537964,14690.502278882284
2025-09-19 12:00:00+01:00,0.9351099729537964,0.9355599880218506,0.9338700175285339,0.9343199729919434,12203.60372604098
2025-09-19 13:00:00+01:00,0.9343199729919434,0.9345999956130981,0.9336299896240234,0.9340800046920776,11516.433594610036
2025-09-19 14:00:00+01:00,0.9340599775314331,0.9344300031661987,0.9334200024604797,0.9341999888420105,12161.778584722317
2025-09-19 15:00:00+01:00,0.9341899752616882,0.9348999857902527,0.9337900280952454,0.9346799850463867,15073.031332137842
2025-09-19 16:00:00+01:00,0.934689998626709,0.934939980506897,0.933210015296936,0.934149980545044,17926.98448233623
2025-09-19 17:00:00+01:00,0.9341400265693665,0.9341599941253662,0.9331700205802917,0.9340100288391113,16733.138849652605
2025-09-19 18:00:00+01:00,0.9340100288391113,0.9345999956130981,0.933459997177124,0.934440016746521,15045.885158652629
2025-09-19 19:00:00+01:00,0.934440016746521,0.9345999956130981,0.9338799715042114,0.9344800114631653,16373.746028966869
2025-09-19 20:00:00+01:00,0.9344599843025208,0.9345999956130981,0.9337400197982788,0.9344599843025208,18370.673805917253
2025-09-19 21:00:00+01:00,0.934440016746521,0.9345999956130981,0.933709979057312,0.9340900182723999,13802.714909953333
2025-09-19 22:00:00+01:00,0.9339799880981445,0.9339799880981445,0.9339799880981445,0.9339799880981445,12430.230778008345
2025-09-22 00:00:00+01:00,0.9344499707221985,0.9346399903297424,0.9338700175285339,0.9345099925994873,10487.935209831841
2025-09-22 01:00:00+01:00,0.934440016746521,0.9351000189781189,0.9340400099754333,0.9346500039100647,8995.793500412641
2025-09-22 02:00:00+01:00,0.9346500039100647,0.9348300099372864,0.9340100288391113,0.9344900250434875,7817.933981790105
2025-09-22 03:00:00+01:00,0.9344900250434875,0.9348700046539307,0.9340699911117554,0.934689998626709,4293.13743355749
2025-09-22 04:00:00+01:00,0.934689998626709,0.9351000189781189,0.9343400001525879,0.9350500106811523,4517.105657625961
2025-09-22 05:00:00+01:00,0.9350299835205078,0.9350600242614746,0.9343900084495544,0.9349899888038635,4008.961983718473
2025-09-22 06:00:00+01:00,0.9349899888038635,0.9350200295448303,0.9343900084495544,0.9348499774932861,2810.519328253766
2025-09-22 07:00:00+01:00,0.9348499774932861,0.9350600242614746,0.9340500235557556,0.934499979019165,1022.8386680757588
2025-09-22 08:00:00+01:00,0.9344900250434875,0.9347599744796753,0.9336299896240234,0.9347299933433533,1127.8909049865113
2025-09-22 09:00:00+01:00,0.9347500205039978,0.9348499774932861,0.933650016784668,0.9340900182723999,1186.447275527558
2025-09-22 10:00:00+01:00,0.9340900182723999,0.935509979724884,0.9335600137710571,0.9354400038719177,5114.309980522915
2025-09-22 11:00:00+01:00,0.9354599714279175,0.9355000257492065,0.9340400099754333,0.9345099925994873,5209.731980464423
2025-09-22 12:00:00+01:00,0.9345099925994873,0.934660017490387,0.9339100122451782,0.934440016746521,5788.112772997461
2025-09-22 13:00:00+01:00,0.9344499707221985,0.9349200129508972,0.9338899850845337,0.9344900250434875,8484.034181320905
2025-09-22 14:00:00+01:00,0.9345099925994873,0.9350299835205078,0.9339200258255005,0.9347699880599976,8993.578666688241
2025-09-22 15:00:00+01:00,0.9347599744796753,0.9348300099372864,0.9332000017166138,0.934149980545044,13518.332767067674
2025-09-22 16:00:00+01:00,0.9341400265693665,0.9347000122070312,0.933430016040802,0.9341099858283997,11441.069364887613
2025-09-22 17:00:00+01:00,0.9341099858283997,0.934909999370575,0.933709979057312,0.9346699714660645,13041.120985782693
2025-09-22 18:00:00+01:00,0.9346500039100647,0.9350000023841858,0.9341899752616882,0.9347599744796753,16478.269908022714
2025-09-22 19:00:00+01:00,0.934719979763031,0.9349200129508972,0.9341899752616882,0.9347599744796753,13798.558333694666
2025-09-22 20:00:00+01:00,0.9347699880599976,0.9351000189781189,0.9343600273132324,0.934909999370575,16023.050263729447
2025-09-22 21:00:00+01:00,0.9348599910736084,0.9359599947929382,0.9343699812889099,0.935949981212616,14485.718084794116
2025-09-22 22:00:00+01:00,0.9355000257492065,0.9359999895095825,0.934499979019165,0.9346500039100647,19107.76142768112
2025-09-22 23:00:00+01:00,0.934719979763031,0.9353500008583069,0.934440016746521,0.9349499940872192,17443.604166643112
2025-09-23 00:00:00+01:00,0.934939980506897,0.9351999759674072,0.9344900250434875,0.9350000023841858,12406.574669406635
2025-09-23 01:00:00+01:00,0.9349899888038635,0.9352399706840515,0.9345300197601318,0.9350200295448303,8899.546687859882
2025-09-23 02:00:00+01:00,0.9350100159645081,0.9351999759674072,0.9342899918556213,0.9347900152206421,10300.135517462777
2025-09-23 03:00:00+01:00,0.9347500205039978,0.9349200129508972,0.9341999888420105,0.9348999857902527,9203.945375830566
2025-09-23 04:00:00+01:00,0.9348999857902527,0.9350100159645081,0.9343100190162659,0.9348899722099304,8092.423914195356
2025-09-23 05:00:00+01:00,0.9348800182342529,0.9350000023841858,0.9343199729919434,0.9348700046539307,6266.967884989242
2025-09-23 06:00:00+01:00,0.9348700046539307,0.9351500272750854,0.9344900250434875,0.9350299835205078,4402.145417987894
2025-09-23 07:00:00+01:00,0.9350500106811523,0.9351400136947632,0.9341199994087219,0.9345700144767761,3334.872809279431
2025-09-23 08:00:00+01:00,0.9346399903297424,0.9350600242614746,0.933709979057312,0.9344800114631653,5444.87713645186
2025-09-23 09:00:00+01:00,0.9344800114631653,0.9350299835205078,0.9339900016784668,0.9346100091934204,6513.344106201795
2025-09-23 10:00:00+01:00,0.9346100091934204,0.9350000023841858,0.9341300129890442,0.9345700144767761,6049.616259504587
2025-09-23 11:00:00+01:00,0.9345700144767761,0.9351000189781189,0.9339699745178223,0.934469997882843,4809.743680480749
2025-09-23 12:00:00+01:00,0.9344800114631653,0.9349499940872192,0.9336000084877014,0.9341099858283997,3944.1718955377464
2025-09-23 13:00:00+01:00,0.9341099858283997,0.9345399737358093,0.9337499737739563,0.9344300031661987,3251.6427863354593
2025-09-23 14:00:00+01:00,0.9343900084495544,0.9348000288009644,0.9339600205421448,0.9347299933433533,4581.604467380235
2025-09-23 15:00:00+01:00,0.9347599744796753,0.9355999827384949,0.9343799948692322,0.935230016708374,7329.3892385105655
2025-09-23 16:00:00+01:00,0.935230016708374,0.9354199767112732,0.9342300295829773,0.9347100257873535,8035.899635111518
2025-09-23 17:00:00+01:00,0.934719979763031,0.9351099729537964,0.9340900182723999,0.9347100257873535,7246.375158144769
2025-09-23 18:00:00+01:00,0.9347100257873535,0.9349600076675415,0.9342100024223328,0.9347900152206421,7840.108106753679
2025-09-23 19:00:00+01:00,0.9348199963569641,0.9350000023841858,0.9341899752616882,0.934909999370575,9099.087870230545
2025-09-23 20:00:00+01:00,0.934909999370575,0.9351500272750854,0.9344099760055542,0.9349300265312195,7331.889547465342
2025-09-23 21:00:00+01:00,0.934939980506897,0.9350399971008301,0.9342799782752991,0.9345499873161316,8236.924158511074
2025-09-23 22:00:00+01:00,0.9343299865722656,0.9352399706840515,0.9340000152587891,0.9346399903297424,6921.391299083913
2025-09-23 23:00:00+01:00,0.9347100257873535,0.9351400136947632,0.9343699812889099,0.9348700046539307,7432.77872787898
2025-09-24 00:00:00+01:00,0.9347599744796753,0.9351000189781189,0.9344900250434875,0.9350399971008301,7372.017060336108
2025-09-24 01:00:00+01:00,0.9350399971008301,0.9351999759674072,0.9344199895858765,0.9348300099372864,5687.40157588787
2025-09-24 02:00:00+01:00,0.9348300099372864,0.9348999857902527,0.9341999888420105,0.934689998626709,3773.6947375881286
2025-09-24 03:00:00+01:00,0.934689998626709,0.9348999857902527,0.9340800046920776,0.934499979019165,3671.1899192756123
2025-09-24 04:00:00+01:00,0.9345200061798096,0.9349200129508972,0.9340699911117554,0.9348499774932861,3382.6749788396446
2025-09-24 05:00:00+01:00,0.9348499774932861,0.9350399971008301,0.9343699812889099,0.9348700046539307,1553.9124529347898
2025-09-24 06:00:00+01:00,0.9348499774932861,0.9348999857902527,0.9341400265693665,0.934660017490387,1000.0
2025-09-24 07:00:00+01:00,0.9346500039100647,0.9350399971008301,0.9339200258255005,0.9342899918556213,1056.1669136837443
2025-09-24 08:00:00+01:00,0.9342399835586548,0.9351599812507629,0.9339399933815002,0.9348499774932861,2009.4025838310533
2025-09-24 09:00:00+01:00,0.9348400235176086,0.9348999857902527,0.9338700175285339,0.9345899820327759,2613.0035541101806
2025-09-24 10:00:00+01:00,0.9346200227737427,0.9347000122070312,0.9336900115013123,0.9345499873161316,3076.5329716424512
2025-09-24 11:00:00+01:00,0.9345099925994873,0.9347299933433533,0.9337700009346008,0.9341400265693665,4420.804291253673
2025-09-24 12:00:00+01:00,0.9341400265693665,0.9343000054359436,0.9329900145530701,0.9333699941635132,4504.412423578717
2025-09-24 13:00:00+01:00,0.9333699941635132,0.9336000084877014,0.9324700236320496,0.9329299926757812,5819.838029983011
2025-09-24 14:00:00+01:00,0.9329100251197815,0.9330499768257141,0.9319199919700623,0.9324899911880493,6815.684459378797
2025-09-24 15:00:00+01:00,0.9325100183486938,0.9332900047302246,0.9319800138473511,0.9329000115394592,8919.393758244658
2025-09-24 16:00:00+01:00,0.9328699707984924,0.9338300228118896,0.932699978351593,0.9335100054740906,9051.719572654174
2025-09-24 17:00:00+01:00,0.9335500001907349,0.933899998664856,0.9329000115394592,0.9334400296211243,8107.7391984559945
2025-09-24 18:00:00+01:00,0.9333999752998352,0.9336299896240234,0.9328600168228149,0.9335600137710571,10557.131166923014
2025-09-24 19:00:00+01:00,0.933489978313446,0.933650016784668,0.9329500198364258,0.9334499835968018,11580.76566428712
2025-09-24 20:00:00+01:00,0.9334499835968018,0.9337000250816345,0.9329400062561035,0.9336100220680237,10036.126211260922
2025-09-24 21:00:00+01:00,0.9335799813270569,0.9337000250816345,0.9323899745941162,0.9330899715423584,11178.075809768894
2025-09-24 22:00:00+01:00,0.9327499866485596,0.9334999918937683,0.9322900176048279,0.9331200122833252,9895.28185180965
2025-09-24 23:00:00+01:00,0.933139979839325,0.9333999752998352,0.932669997215271,0.9332600235939026,9875.936804672363
2025-09-25 00:00:00+01:00,0.9332699775695801,0.9333999752998352,0.9327800273895264,0.9332900047302246,8983.813798139581
2025-09-25 01:00:00+01:00,0.9332799911499023,0.9333999752998352,0.9327099919319153,0.9331899881362915,8331.367327989916
2025-09-25 02:00:00+01:00,0.9331899881362915,0.9337000250816345,0.9327499866485596,0.9335100054740906,6027.180155586841
2025-09-25 03:00:00+01:00,0.9335100054740906,0.9340299963951111,0.9330099821090698,0.9339900016784668,6720.621307771425
2025-09-25 04:00:00+01:00,0.9340000152587891,0.9341099858283997,0.933459997177124,0.9340199828147888,4400.077811593383
2025-09-25 05:00:00+01:00,0.9340299963951111,0.9341099858283997,0.9334099888801575,0.933929979801178,3662.8763909604368
2025-09-25 06:00:00+01:00,0.933929979801178,0.9340000152587891,0.9330999851226807,0.9336599707603455,3132.7271845696428
2025-09-25 07:00:00+01:00,0.9336599707603455,0.934939980506897,0.9331799745559692,0.9341199994087219,5320.158325229298
2025-09-25 08:00:00+01:00,0.9341199994087219,0.9349799752235413,0.9330800175666809,0.934660017490387,6780.165100721967
2025-09-25 09:00:00+01:00,0.9347299933433533,0.9348300099372864,0.9338899850845337,0.9344800114631653,8975.246281135855
2025-09-25 10:00:00+01:00,0.934440016746521,0.9348999857902527,0.9340000152587891,0.9346100091934204,9319.215818686635
2025-09-25 11:00:00+01:00,0.9345800280570984,0.9349300265312195,0.9340199828147888,0.9345099925994873,7954.498514896779
2025-09-25 12:00:00+01:00,0.9345200061798096,0.9347400069236755,0.9336400032043457,0.9345099925994873,8489.063792160852
2025-09-25 13:00:00+01:00,0.9345099925994873,0.934909999370575,0.9332600235939026,0.934689998626709,11499.612739570193
2025-09-25 14:00:00+01:00,0.934660017490387,0.9350799918174744,0.9329599738121033,0.9336000084877014,15475.721591447034
2025-09-25 15:00:00+01:00,0.93367999792099,0.9348000288009644,0.9334099888801575,0.9343699812889099,18462.724904372237
2025-09-25 16:00:00+01:00,0.9343699812889099,0.934719979763031,0.9337400197982788,0.9344800114631653,16877.18174341501
2025-09-25 17:00:00+01:00,0.9344499707221985,0.9348999857902527,0.9338700175285339,0.9345800280570984,17061.62317070208
2025-09-25 18:00:00+01:00,0.9345600008964539,0.9347000122070312,0.9324399828910828,0.9328799843788147,22987.372907523444
2025-09-25 19:00:00+01:00,0.9328799843788147,0.9330000281333923,0.93190997838974,0.9326599836349487,24598.84473037784
2025-09-25 20:00:00+01:00,0.932669997215271,0.9329000115394592,0.9319999814033508,0.9328600168228149,23120.40540947592
2025-09-25 21:00:00+01:00,0.9328699707984924,0.9330400228500366,0.9321500062942505,0.9323999881744385,18317.731916428005
2025-09-25 22:00:00+01:00,0.9324899911880493,0.9333000183105469,0.9321200251579285,0.9329000115394592,19774.630027874635
2025-09-25 23:00:00+01:00,0.9327200055122375,0.9331300258636475,0.9322900176048279,0.932889997959137,19243.730017161448
2025-09-26 00:00:00+01:00,0.9329100251197815,0.9336000084877014,0.9324700236320496,0.9330300092697144,19365.674185752247
2025-09-26 01:00:00+01:00,0.9330099821090698,0.9336000084877014,0.9327499866485596,0.933430016040802,19528.59695009841
2025-09-26 02:00:00+01:00,0.933430016040802,0.9336000084877014,0.9329100251197815,0.9334200024604797,17855.908095543917
2025-09-26 03:00:00+01:00,0.9334200024604797,0.9337999820709229,0.9329900145530701,0.9336400032043457,12825.516209967707
2025-09-26 04:00:00+01:00,0.9336400032043457,0.9337000250816345,0.9329400062561035,0.933489978313446,12198.799326003138
2025-09-26 05:00:00+01:00,0.933489978313446,0.9336299896240234,0.9329400062561035,0.9333900213241577,8658.359200366878
2025-09-26 06:00:00+01:00,0.9333900213241577,0.9334499835968018,0.9328100085258484,0.933210015296936,7361.921350467228
2025-09-26 07:00:00+01:00,0.9332000017166138,0.9335399866104126,0.9321200251579285,0.9328799843788147,8649.558129990495
2025-09-26 08:00:00+01:00,0.9328699707984924,0.9338099956512451,0.9325299859046936,0.9336900115013123,6313.703779634836
2025-09-26 09:00:00+01:00,0.9336599707603455,0.9339500069618225,0.9329400062561035,0.933489978313446,6367.190856515863
2025-09-26 10:00:00+01:00,0.933489978313446,0.9340400099754333,0.9329400062561035,0.9337900280952454,6304.916958807862
2025-09-26 11:00:00+01:00,0.9337900280952454,0.9339500069618225,0.9327800273895264,0.9333199858665466,7002.299696488949
2025-09-26 12:00:00+01:00,0.9333599805831909,0.9334999918937683,0.9325399994850159,0.9330400228500366,6790.816199148393
2025-09-26 13:00:00+01:00,0.9330199956893921,0.9334200024604797,0.9325199723243713,0.9333199858665466,7600.891831601819
2025-09-26 14:00:00+01:00,0.9333199858665466,0.9335399866104126,0.9321500062942505,0.9327800273895264,8395.403247912105
2025-09-26 15:00:00+01:00,0.9327600002288818,0.9337700009346008,0.9324399828910828,0.9334700107574463,8056.300009019229
2025-09-26 16:00:00+01:00,0.9334700107574463,0.9337999820709229,0.9327499866485596,0.933489978313446,10546.888258767667
2025-09-26 17:00:00+01:00,0.9334499835968018,0.9336000084877014,0.9326099753379822,0.9335399866104126,9573.90857722406
2025-09-26 18:00:00+01:00,0.9334700107574463,0.9335500001907349,0.9326800107955933,0.9334200024604797,9558.790289013965
2025-09-26 19:00:00+01:00,0.9333999752998352,0.9336100220680237,0.9328600168228149,0.9333299994468689,10235.127823510209
2025-09-26 20:00:00+01:00,0.9333400130271912,0.9336000084877014,0.9328600168228149,0.9335299730300903,12696.55086112146
2025-09-26 21:00:00+01:00,0.933459997177124,0.9339100122451782,0.9327899813652039,0.9335700273513794,9794.230297049025
2025-09-26 22:00:00+01:00,0.9333800077438354,0.9333800077438354,0.9333800077438354,0.9333800077438354,6379.446848364957
2025-09-29 00:00:00+01:00,0.9336199760437012,0.9337000250816345,0.9329800009727478,0.933430016040802,6714.361645261014
2025-09-29 01:00:00+01:00,0.9333999752998352,0.9340000152587891,0.9331600069999695,0.9336299896240234,5719.069988625749
2025-09-29 02:00:00+01:00,0.9336100220680237,0.933899998664856,0.9331300258636475,0.9336400032043457,4896.926109745016
2025-09-29 03:00:00+01:00,0.9336400032043457,0.9338300228118896,0.9329699873924255,0.9334099888801575,3922.3597981971798
2025-09-29 04:00:00+01:00,0.9334099888801575,0.9336199760437012,0.932919979095459,0.9334800243377686,3708.75543132323
2025-09-29 05:00:00+01:00,0.9334800243377686,0.9336100220680237,0.9330199956893921,0.9334099888801575,1031.5004184701356
2025-09-29 06:00:00+01:00,0.933489978313446,0.9339100122451782,0.9329699873924255,0.9338799715042114,1172.8229857350102
2025-09-29 07:00:00+01:00,0.9338700175285339,0.9339500069618225,0.9329100251197815,0.9337000250816345,1000.0
2025-09-29 08:00:00+01:00,0.9337000250816345,0.9338300228118896,0.9323400259017944,0.9330999851226807,1474.540723271961
2025-09-29 09:00:00+01:00,0.9330899715423584,0.9333000183105469,0.9320200085639954,0.9331700205802917,2920.295100102423
2025-09-29 10:00:00+01:00,0.9331700205802917,0.9339100122451782,0.932699978351593,0.9336199760437012,4192.63234911244
2025-09-29 11:00:00+01:00,0.9336199760437012,0.934660017490387,0.9332200288772583,0.9346200227737427,6645.344246021747
2025-09-29 12:00:00+01:00,0.9346200227737427,0.9358599781990051,0.9342300295829773,0.9358500242233276,7657.48494000258
2025-09-29 13:00:00+01:00,0.9358299970626831,0.9359599947929382,0.9347699880599976,0.9355300068855286,10718.090388412062
2025-09-29 14:00:00+01:00,0.9355199933052063,0.936489999294281,0.934909999370575,0.936269998550415,10627.280168034464
2025-09-29 15:00:00+01:00,0.936269998550415,0.9365000128746033,0.9349899888038635,0.9353799819946289,11809.910306994147
2025-09-29 16:00:00+01:00,0.9354100227355957,0.9356099963188171,0.9341899752616882,0.9348000288009644,17151.636731097
2025-09-29 17:00:00+01:00,0.9347900152206421,0.9351000189781189,0.9341899752616882,0.9348899722099304,16595.713600180374
2025-09-29 18:00:00+01:00,0.9348899722099304,0.9351000189781189,0.934249997138977,0.9347900152206421,16494.355210081267
2025-09-29 19:00:00+01:00,0.9347900152206421,0.9352999925613403,0.9343100190162659,0.9351999759674072,16474.993410613035
2025-09-29 20:00:00+01:00,0.9351900219917297,0.9354000091552734,0.9346699714660645,0.9351900219917297,17378.89478182573
2025-09-29 21:00:00+01:00,0.9351999759674072,0.9354599714279175,0.9346399903297424,0.9352099895477295,16808.72589469077
2025-09-29 22:00:00+01:00,0.9345399737358093,0.9351699948310852,0.9342700242996216,0.9351300001144409,15323.755304223863
2025-09-29 23:00:00+01:00,0.9352700114250183,0.9355000257492065,0.9347000122070312,0.9353299736976624,18018.0334472846
2025-09-30 00:00:00+01:00,0.9353100061416626,0.9356099963188171,0.9348400235176086,0.9354000091552734,10537.882087666532
2025-09-30 01:00:00+01:00,0.9354000091552734,0.9355999827384949,0.9345700144767761,0.9351800084114075,8704.044444045194
2025-09-30 02:00:00+01:00,0.9351999759674072,0.9352999925613403,0.9341800212860107,0.9346100091934204,9087.36908046671
2025-09-30 03:00:00+01:00,0.9345899820327759,0.9351000189781189,0.934149980545044,0.9350799918174744,10029.281103284646
2025-09-30 04:00:00+01:00,0.9350699782371521,0.9351000189781189,0.9342899918556213,0.9347400069236755,6575.774641251664
2025-09-30 05:00:00+01:00,0.9347299933433533,0.934909999370575,0.9342300295829773,0.9347100257873535,5062.094823501708
2025-09-30 06:00:00+01:00,0.934660017490387,0.9359300136566162,0.9342899918556213,0.9357500076293945,5717.672427937373
2025-09-30 07:00:00+01:00,0.9357799887657166,0.9359300136566162,0.934249997138977,0.9347100257873535,7249.384050488991
2025-09-30 08:00:00+01:00,0.9347100257873535,0.9348800182342529,0.9337800145149231,0.934660017490387,8825.708101966899
2025-09-30 09:00:00+01:00,0.9346500039100647,0.9361100196838379,0.933929979801178,0.9358699917793274,16282.323835127301
2025-09-30 10:00:00+01:00,0.9358500242233276,0.936710000038147,0.9356399774551392,0.936460018157959,12330.607223819963
2025-09-30 11:00:00+01:00,0.9365000128746033,0.9369500279426575,0.9357600212097168,0.9369500279426575,13876.506165334155
2025-09-30 12:00:00+01:00,0.9369500279426575,0.9370999932289124,0.9358400106430054,0.9362199902534485,16038.024093219221
2025-09-30 13:00:00+01:00,0.9361799955368042,0.9364100098609924,0.9348300099372864,0.9355199933052063,17873.126621335214
2025-09-30 14:00:00+01:00,0.9354900121688843,0.9358100295066833,0.9345899820327759,0.9348999857902527,20655.97559550151
2025-09-30 15:00:00+01:00,0.9351400136947632,0.9354599714279175,0.9336699843406677,0.9347800016403198,21862.693730003386
2025-09-30 16:00:00+01:00,0.9347599744796753,0.9351999759674072,0.9341999888420105,0.9347000122070312,19002.338752607542
2025-09-30 17:00:00+01:00,0.9346500039100647,0.9348099827766418,0.9337400197982788,0.9341899752616882,23439.240521530497
2025-09-30 18:00:00+01:00,0.9341899752616882,0.934499979019165,0.9331700205802917,0.9343900084495544,19629.09779539288
2025-09-30 19:00:00+01:00,0.9343699812889099,0.9347000122070312,0.933709979057312,0.9346200227737427,17566.51882506996
2025-09-30 20:00:00+01:00,0.9346699714660645,0.9348000288009644,0.9339500069618225,0.9344599843025208,22099.435852315255
2025-09-30 21:00:00+01:00,0.9344599843025208,0.9347000122070312,0.9333599805831909,0.9335100054740906,19447.08502126644
2025-09-30 22:00:00+01:00,0.9335200190544128,0.9345399737358093,0.9335200190544128,0.9341099858283997,17429.602712961132
2025-09-30 23:00:00+01:00,0.9339399933815002,0.9347900152206421,0.9338499903678894,0.934440016746521,18181.404073905578
2025-10-01 00:00:00+01:00,0.9344599843025208,0.9348000288009644,0.9340400099754333,0.9345399737358093,16484.374296563867
2025-10-01 01:00:00+01:00,0.9345399737358093,0.9348199963569641,0.9340500235557556,0.9345099925994873,14984.92913793792
2025-10-01 02:00:00+01:00,0.9345099925994873,0.9348000288009644,0.9340199828147888,0.934660017490387,12889.208266697815
2025-10-01 03:00:00+01:00,0.934660017490387,0.9347000122070312,0.9339600205421448,0.9345800280570984,10070.160842935644
2025-10-01 04:00:00+01:00,0.9345700144767761,0.9345999956130981,0.9338700175285339,0.9343000054359436,8013.102532192441
2025-10-01 05:00:00+01:00,0.9343000054359436,0.9344300031661987,0.9335200190544128,0.9339799880981445,6157.032926713596
2025-10-01 06:00:00+01:00,0.9339699745178223,0.9349499940872192,0.9333999752998352,0.9341599941253662,8234.276756012869
2025-10-01 07:00:00+01:00,0.9341800212860107,0.9344199895858765,0.9333099722862244,0.9338200092315674,6918.3642411294795
2025-10-01 08:00:00+01:00,0.9338399767875671,0.9343000054359436,0.9330300092697144,0.9337499737739563,7587.756831418344
2025-10-01 09:00:00+01:00,0.9337400197982788,0.9351099729537964,0.9333900213241577,0.9348599910736084,10538.992540773328
2025-10-01 10:00:00+01:00,0.9348800182342529,0.9350600242614746,0.9339500069618225,0.9345800280570984,10117.263890732378
2025-10-01 11:00:00+01:00,0.9345800280570984,0.9358900189399719,0.9342100024223328,0.9355300068855286,11025.82464357069
2025-10-01 12:00:00+01:00,0.9355300068855286,0.9369199872016907,0.9350600242614746,0.9367300271987915,15881.477973190165
2025-10-01 13:00:00+01:00,0.9367200136184692,0.9372000098228455,0.9355700016021729,0.9368100166320801,18523.977313831838
2025-10-01 14:00:00+01:00,0.9368100166320801,0.9373000264167786,0.935670018196106,0.9361600279808044,18293.052348251742
2025-10-01 15:00:00+01:00,0.9361699819564819,0.9370099902153015,0.9357200264930725,0.9362800121307373,20015.00249405818
2025-10-01 16:00:00+01:00,0.9362800121307373,0.9365299940109253,0.9353799819946289,0.9358500242233276,22894.51282128374
2025-10-01 17:00:00+01:00,0.9358199834823608,0.9363999962806702,0.9351699948310852,0.9357200264930725,24643.36989580765
2025-10-01 18:00:00+01:00,0.9357600212097168,0.9359099864959717,0.9347400069236755,0.9353399872779846,25619.73157166321
2025-10-01 19:00:00+01:00,0.9353200197219849,0.935670018196106,0.934689998626709,0.935230016708374,22770.94112133261
2025-10-01 20:00:00+01:00,0.9352999925613403,0.9355000257492065,0.9344000220298767,0.9348300099372864,24657.305985825802
2025-10-01 21:00:00+01:00,0.9348899722099304,0.9351999759674072,0.9343199729919434,0.9350699782371521,23139.194545116898
2025-10-01 22:00:00+01:00,0.9342600107192993,0.9348999857902527,0.9341099858283997,0.9344199895858765,18630.892954566116
2025-10-01 23:00:00+01:00,0.9344099760055542,0.9351999759674072,0.9343600273132324,0.9350000023841858,16232.06595260784
2025-10-02 00:00:00+01:00,0.9348700046539307,0.9352999925613403,0.9345399737358093,0.9350100159645081,20436.056520626506
2025-10-02 01:00:00+01:00,0.9350200295448303,0.9351999759674072,0.9343299865722656,0.934939980506897,17542.376627284437
2025-10-02 02:00:00+01:00,0.9349600076675415,0.9350000023841858,0.9341400265693665,0.934660017490387,13709.389949743108
2025-10-02 03:00:00+01:00,0.9346699714660645,0.9348999857902527,0.9341400265693665,0.9345800280570984,11107.276700239265
2025-10-02 04:00:00+01:00,0.9345899820327759,0.9348000288009644,0.9341300129890442,0.9347299933433533,7104.541330245028
2025-10-02 05:00:00+01:00,0.9347100257873535,0.9348999857902527,0.9341899752616882,0.9348199963569641,5683.778640340981
2025-10-02 06:00:00+01:00,0.9348199963569641,0.9351000189781189,0.9342600107192993,0.9350100159645081,4699.601894661591
2025-10-02 07:00:00+01:00,0.9349899888038635,0.9360100030899048,0.9345399737358093,0.9357200264930725,4774.370721772897
2025-10-02 08:00:00+01:00,0.9357500076293945,0.9363099932670593,0.9351500272750854,0.9359099864959717,4887.463158541186
2025-10-02 09:00:00+01:00,0.9359099864959717,0.9360499978065491,0.9349499940872192,0.9357699751853943,5361.90430194259
2025-10-02 10:00:00+01:00,0.9358100295066833,0.9358599781990051,0.9345600008964539,0.9352499842643738,5864.103441326645
2025-10-02 11:00:00+01:00,0.9352499842643738,0.935699999332428,0.934220016002655,0.934660017490387,6306.56585276176
2025-10-02 12:00:00+01:00,0.934660017490387,0.9354000091552734,0.9343400001525879,0.9349899888038635,8757.33542550989
2025-10-02 13:00:00+01:00,0.9349899888038635,0.9355599880218506,0.9344300031661987,0.9350200295448303,9104.899317985559
2025-10-02 14:00:00+01:00,0.9350200295448303,0.9359599947929382,0.9346799850463867,0.935259997844696,12090.326873560827
2025-10-02 15:00:00+01:00,0.9352200031280518,0.9352800250053406,0.9342700242996216,0.9350399971008301,10788.492689920999
2025-10-02 16:00:00+01:00,0.9350299835205078,0.9352200031280518,0.9341099858283997,0.9349499940872192,12281.295538079148
2025-10-02 17:00:00+01:00,0.9349300265312195,0.9351199865341187,0.9343199729919434,0.934909999370575,12480.058820089094
2025-10-02 18:00:00+01:00,0.9349300265312195,0.9353100061416626,0.9344000220298767,0.9351900219917297,12787.788410627323
2025-10-02 19:00:00+01:00,0.9351900219917297,0.9355000257492065,0.9343900084495544,0.9348800182342529,14857.609779127137
2025-10-02 20:00:00+01:00,0.9348899722099304,0.9350000023841858,0.9340199828147888,0.9347400069236755,12680.093017842804
2025-10-02 21:00:00+01:00,0.934719979763031,0.9348999857902527,0.9338899850845337,0.9347100257873535,11329.872528859083
2025-10-02 22:00:00+01:00,0.9344000220298767,0.9350399971008301,0.9337800145149231,0.9341899752616882,14102.685112553287
2025-10-02 23:00:00+01:00,0.9342899918556213,0.934909999370575,0.9340400099754333,0.9345499873161316,12515.209948601992
2025-10-03 00:00:00+01:00,0.9345099925994873,0.9347000122070312,0.9340599775314331,0.9344300031661987,11915.637294662989
2025-10-03 01:00:00+01:00,0.9344300031661987,0.9350000023841858,0.9341999888420105,0.9348499774932861,7965.222767020463
2025-10-03 02:00:00+01:00,0.9348400235176086,0.9351000189781189,0.9342600107192993,0.934939980506897,6884.302041695894
2025-10-03 03:00:00+01:00,0.934939980506897,0.9353700280189514,0.9343199729919434,0.9352499842643738,7864.827558724328
2025-10-03 04:00:00+01:00,0.9352499842643738,0.9353200197219849,0.9345899820327759,0.9350600242614746,5962.881143749088
2025-10-03 05:00:00+01:00,0.9350699782371521,0.9351000189781189,0.9343000054359436,0.9347299933433533,4860.6093584739865
2025-10-03 06:00:00+01:00,0.9347299933433533,0.9350699782371521,0.9342600107192993,0.9348899722099304,4293.764184595964
2025-10-03 07:00:00+01:00,0.9348899722099304,0.9351199865341187,0.9342100024223328,0.9348899722099304,4536.817435582248
2025-10-03 08:00:00+01:00,0.9348400235176086,0.9354000091552734,0.9343400001525879,0.9349200129508972,4943.6935137869
2025-10-03 09:00:00+01:00,0.9350200295448303,0.9357600212097168,0.9340999722480774,0.9347500205039978,5898.311504174559
2025-10-03 10:00:00+01:00,0.9347100257873535,0.9354699850082397,0.9343199729919434,0.9351699948310852,8829.6209941046
2025-10-03 11:00:00+01:00,0.9351599812507629,0.9354400038719177,0.9344599843025208,0.9348599910736084,6684.918280350103
2025-10-03 12:00:00+01:00,0.9348599910736084,0.9351000189781189,0.9337599873542786,0.9342100024223328,6955.728885457806
2025-10-03 13:00:00+01:00,0.9342100024223328,0.9344000220298767,0.9335899949073792,0.934149980545044,6047.982069668751
2025-10-03 14:00:00+01:00,0.9341400265693665,0.9350600242614746,0.9337499737739563,0.9347299933433533,7897.231711802479
2025-10-03 15:00:00+01:00,0.9351199865341187,0.9351599812507629,0.9331899881362915,0.93367999792099,13750.739734187344
2025-10-03 16:00:00+01:00,0.9336400032043457,0.9340199828147888,0.9330899715423584,0.9336699843406677,14008.182733874513
2025-10-03 17:00:00+01:00,0.93367999792099,0.9338499903678894,0.9330800175666809,0.9336000084877014,11510.831804550753
2025-10-03 18:00:00+01:00,0.9335899949073792,0.933899998664856,0.9330199956893921,0.9337800145149231,11893.719146668374
2025-10-03 19:00:00+01:00,0.9337900280952454,0.933899998664856,0.9331499934196472,0.9337400197982788,14669.586805422749
2025-10-03 20:00:00+01:00,0.9337400197982788,0.9339100122451782,0.9332500100135803,0.9338399767875671,11081.859932817073
2025-10-03 21:00:00+01:00,0.9338200092315674,0.9340000152587891,0.9331799745559692,0.9335399866104126,13615.805733864276
2025-10-03 22:00:00+01:00,0.9335700273513794,0.9335700273513794,0.9335700273513794,0.9335700273513794,8020.567054940314
2025-10-06 00:00:00+01:00,0.9343199729919434,0.9343699812889099,0.9330400228500366,0.933650016784668,9002.676188367113
2025-10-06 01:00:00+01:00,0.933650016784668,0.9338399767875671,0.9326500296592712,0.9331899881362915,6747.585594504961
2025-10-06 02:00:00+01:00,0.9331700205802917,0.9335299730300903,0.932669997215271,0.9333299994468689,8493.323353665699
2025-10-06 03:00:00+01:00,0.9333299994468689,0.9334099888801575,0.9326599836349487,0.9333000183105469,5712.55021746191
2025-10-06 04:00:00+01:00,0.9332900047302246,0.9333500266075134,0.9324300289154053,0.9329000115394592,7231.17448488616
2025-10-06 05:00:00+01:00,0.9329000115394592,0.9332000017166138,0.9323899745941162,0.9328699707984924,4400.905417860866
2025-10-06 06:00:00+01:00,0.9328699707984924,0.9330000281333923,0.9322299957275391,0.932699978351593,1026.283036497057
2025-10-06 07:00:00+01:00,0.9327399730682373,0.933210015296936,0.9320600032806396,0.9327300190925598,1414.4665748303626
2025-10-06 08:00:00+01:00,0.9327200055122375,0.933899998664856,0.9312499761581421,0.9318199753761292,7444.758180344271
2025-10-06 09:00:00+01:00,0.9318299889564514,0.9321600198745728,0.9307900071144104,0.9317700266838074,7316.486312914276
2025-10-06 10:00:00+01:00,0.9318100214004517,0.9319400191307068,0.9310100078582764,0.931879997253418,6689.338635200257
2025-10-06 11:00:00+01:00,0.9318900108337402,0.9319999814033508,0.9307199716567993,0.9311599731445312,10944.23197028458
2025-10-06 12:00:00+01:00,0.9311800003051758,0.9318600296974182,0.9307299852371216,0.9315800070762634,9817.77190295866
2025-10-06 13:00:00+01:00,0.9315699934959412,0.9319499731063843,0.9307699799537659,0.9318000078201294,15842.690498074788
2025-10-06 14:00:00+01:00,0.9318100214004517,0.9323999881744385,0.9312700033187866,0.9319900274276733,16066.246612940547
2025-10-06 15:00:00+01:00,0.9319900274276733,0.9324700236320496,0.9309999942779541,0.9318100214004517,16030.1407874028
2025-10-06 16:00:00+01:00,0.9318400025367737,0.93190997838974,0.9306600093841553,0.9311100244522095,18230.39201990566
2025-10-06 17:00:00+01:00,0.9311100244522095,0.9315000176429749,0.9306600093841553,0.9311800003051758,18135.895376364373
2025-10-06 18:00:00+01:00,0.9312099814414978,0.9316099882125854,0.9308199882507324,0.9315400123596191,16144.219368397029
2025-10-06 19:00:00+01:00,0.9315400123596191,0.9316999912261963,0.9309399724006653,0.9315099716186523,12217.445025845449
2025-10-06 20:00:00+01:00,0.9314799904823303,0.9315299987792969,0.9305099844932556,0.9309700131416321,16807.864796638387
2025-10-06 21:00:00+01:00,0.9309200048446655,0.9311500191688538,0.9303399920463562,0.9306399822235107,15763.076160126708
2025-10-06 22:00:00+01:00,0.9312899708747864,0.9316999912261963,0.9303600192070007,0.9307699799537659,13497.12365167144
2025-10-06 23:00:00+01:00,0.9307699799537659,0.9313799738883972,0.930429995059967,0.9308000206947327,13006.529423117483
2025-10-07 00:00:00+01:00,0.9307799935340881,0.9311000108718872,0.930400013923645,0.9308199882507324,10639.750508279662
2025-10-07 01:00:00+01:00,0.930840015411377,0.9310399889945984,0.9302700161933899,0.930840015411377,9595.721825024675
2025-10-07 02:00:00+01:00,0.9308099746704102,0.930899977684021,0.930079996585846,0.9306899905204773,9110.103396201419
2025-10-07 03:00:00+01:00,0.9306899905204773,0.9312199950218201,0.9301400184631348,0.9310100078582764,7687.523010292839
2025-10-07 04:00:00+01:00,0.9310100078582764,0.9311100244522095,0.9304699897766113,0.9309499859809875,6441.494269161611
2025-10-07 05:00:00+01:00,0.9309300184249878,0.9311100244522095,0.9301400184631348,0.930649995803833,4919.078820066054
2025-10-07 06:00:00+01:00,0.930649995803833,0.9309099912643433,0.9300900101661682,0.9305700063705444,2674.6921311229535
2025-10-07 07:00:00+01:00,0.9305700063705444,0.9313099980354309,0.9301400184631348,0.9310899972915649,4265.809429361431
2025-10-07 08:00:00+01:00,0.9310899972915649,0.9313300251960754,0.9303900003433228,0.9311500191688538,5858.1844297375865
2025-10-07 09:00:00+01:00,0.9311299920082092,0.9312999844551086,0.9301000237464905,0.9306399822235107,5544.518692141352
2025-10-07 10:00:00+01:00,0.9305999875068665,0.9310200214385986,0.9299700260162354,0.9309999942779541,5375.65853192291
2025-10-07 11:00:00+01:00,0.9309399724006653,0.9311000108718872,0.9299700260162354,0.9305700063705444,8360.929623950524
2025-10-07 12:00:00+01:00,0.9305700063705444,0.9313799738883972,0.9301699995994568,0.9313600063323975,6670.181973629867
2025-10-07 13:00:00+01:00,0.9313600063323975,0.9315599799156189,0.9300299882888794,0.9304400086402893,9190.14789711924
2025-10-07 14:00:00+01:00,0.9304400086402893,0.9310399889945984,0.9298200011253357,0.9307500123977661,13135.775703296567
2025-10-07 15:00:00+01:00,0.9307299852371216,0.9307600259780884,0.9295099973678589,0.930679976940155,11653.990350879658
2025-10-07 16:00:00+01:00,0.930679976940155,0.9308000206947327,0.9298999905586243,0.9303299784660339,9883.015786773345
2025-10-07 17:00:00+01:00,0.9303200244903564,0.9308000206947327,0.9299299716949463,0.9305199980735779,11745.814755148882
2025-10-07 18:00:00+01:00,0.9305199980735779,0.9308000206947327,0.9299200177192688,0.9305800199508667,12607.6547869811
2025-10-07 19:00:00+01:00,0.930620014667511,0.9306600093841553,0.92985999584198,0.9303500056266785,12883.186251587742
2025-10-07 20:00:00+01:00,0.9303600192070007,0.930649995803833,0.9297000169754028,0.9306100010871887,11599.417761712248
2025-10-07 21:00:00+01:00,0.9305899739265442,0.9307299852371216,0.9295200109481812,0.9301999807357788,12874.180835247385
2025-10-07 22:00:00+01:00,0.929639995098114,0.9305400252342224,0.9283400177955627,0.9303200244903564,16673.345110702725
2025-10-07 23:00:00+01:00,0.930400013923645,0.9305999875068665,0.9298499822616577,0.9304400086402893,15436.663853914848
2025-10-08 00:00:00+01:00,0.9304400086402893,0.9308000206947327,0.9300900101661682,0.9306300282478333,13434.322146725119
2025-10-08 01:00:00+01:00,0.9306300282478333,0.9308000206947327,0.9298499822616577,0.9305499792098999,13556.619397011935
2025-10-08 02:00:00+01:00,0.9305400252342224,0.9305999875068665,0.9295899868011475,0.9301199913024902,11964.2039243106
2025-10-08 03:00:00+01:00,0.930109977722168,0.9306399822235107,0.9295600056648254,0.9303600192070007,10020.420621186253
2025-10-08 04:00:00+01:00,0.930400013923645,0.9308000206947327,0.9299100041389465,0.9305999875068665,10143.446121929335
2025-10-08 05:00:00+01:00,0.9305899739265442,0.9307000041007996,0.9299299716949463,0.9305099844932556,9062.10514404086
2025-10-08 06:00:00+01:00,0.9305099844932556,0.9307199716567993,0.9298200011253357,0.9304199814796448,9972.469820565444
2025-10-08 07:00:00+01:00,0.930429995059967,0.9308300018310547,0.9299899935722351,0.9308000206947327,7101.4887906591175
2025-10-08 08:00:00+01:00,0.9307699799537659,0.9318100214004517,0.9301900267601013,0.9314799904823303,11939.21424048987
2025-10-08 09:00:00+01:00,0.9314799904823303,0.9315599799156189,0.9298499822616577,0.9304100275039673,14369.76785992355
2025-10-08 10:00:00+01:00,0.9304100275039673,0.9305999875068665,0.9292899966239929,0.9298499822616577,17396.01538622882
2025-10-08 11:00:00+01:00,0.9299100041389465,0.9305999875068665,0.929419994354248,0.9302200078964233,11583.947825030746
2025-10-08 12:00:00+01:00,0.9301699995994568,0.9305300116539001,0.9296500086784363,0.9302999973297119,10744.890386482683
2025-10-08 13:00:00+01:00,0.9303299784660339,0.9311500191688538,0.9298200011253357,0.9308599829673767,15117.739918086927
2025-10-08 14:00:00+01:00,0.930869996547699,0.9319999814033508,0.9304500222206116,0.9317600131034851,15121.872630528893
2025-10-08 15:00:00+01:00,0.9317700266838074,0.9319199919700623,0.9299499988555908,0.9303299784660339,16762.488909751828
2025-10-08 16:00:00+01:00,0.9303100109100342,0.9312300086021423,0.9297099709510803,0.9307100176811218,21216.42839279836
2025-10-08 17:00:00+01:00,0.9307500123977661,0.9312199950218201,0.9303799867630005,0.9309399724006653,20107.33604973297
2025-10-08 18:00:00+01:00,0.9309399724006653,0.93163001537323,0.9305499792098999,0.9311299920082092,18722.456261537307
2025-10-08 19:00:00+01:00,0.9312700033187866,0.9322100281715393,0.9307699799537659,0.9319199919700623,18167.962545052236
2025-10-08 20:00:00+01:00,0.9319199919700623,0.9323199987411499,0.9313300251960754,0.9322500228881836,23661.590810595604
2025-10-08 21:00:00+01:00,0.9322500228881836,0.932669997215271,0.9315999746322632,0.9324100017547607,20942.450399298497
2025-10-08 22:00:00+01:00,0.9316400289535522,0.932200014591217,0.9312099814414978,0.9318400025367737,22353.53960622454
2025-10-08 23:00:00+01:00,0.9318400025367737,0.9324300289154053,0.9316499829292297,0.9323999881744385,17016.95954403673
2025-10-09 00:00:00+01:00,0.932200014591217,0.9323999881744385,0.9315599799156189,0.9320499897003174,17936.096882138718
2025-10-09 01:00:00+01:00,0.9320499897003174,0.932420015335083,0.9315199851989746,0.9320999979972839,13844.932633458544
2025-10-09 02:00:00+01:00,0.9320899844169617,0.9322400093078613,0.9313399791717529,0.9319900274276733,14784.70295386066
2025-10-09 03:00:00+01:00,0.9319999814033508,0.9323999881744385,0.9315500259399414,0.9322599768638611,13030.19478275951
2025-10-09 04:00:00+01:00,0.9322500228881836,0.9323999881744385,0.9317299723625183,0.932129979133606,11392.757901117206
2025-10-09 05:00:00+01:00,0.932129979133606,0.9323999881744385,0.9317399859428406,0.932200014591217,8264.560394155402
2025-10-09 06:00:00+01:00,0.9321900010108948,0.9325100183486938,0.9317399859428406,0.9321900010108948,6032.919110210055
2025-10-09 07:00:00+01:00,0.9322199821472168,0.9327099919319153,0.931439995765686,0.9325000047683716,6463.560048573041
2025-10-09 08:00:00+01:00,0.9325100183486938,0.9328699707984924,0.9318600296974182,0.9327200055122375,6646.97963091546
2025-10-09 09:00:00+01:00,0.9327200055122375,0.9327999949455261,0.9307399988174438,0.9312899708747864,8072.726008226849
2025-10-09 10:00:00+01:00,0.9313200116157532,0.9317499995231628,0.9305099844932556,0.9309399724006653,8714.338763124098
2025-10-09 11:00:00+01:00,0.9309399724006653,0.9309999942779541,0.9296900033950806,0.9300900101661682,9966.777826096917
2025-10-09 12:00:00+01:00,0.9301000237464905,0.9305499792098999,0.9296299815177917,0.9303699731826782,9202.72747616787
2025-10-09 13:00:00+01:00,0.9303299784660339,0.9319000244140625,0.9298800230026245,0.9318699836730957,12787.326050245105
2025-10-09 14:00:00+01:00,0.9318600296974182,0.9329500198364258,0.9312599897384644,0.9323700070381165,16066.530224528417
2025-10-09 15:00:00+01:00,0.9323599934577942,0.9324399828910828,0.9312300086021423,0.9316499829292297,17126.671823654793
2025-10-09 16:00:00+01:00,0.931659996509552,0.9320600032806396,0.9306899905204773,0.9315500259399414,17912.86424021312
2025-10-09 17:00:00+01:00,0.9315599799156189,0.9325299859046936,0.930840015411377,0.9322999715805054,21335.99964828509
2025-10-09 18:00:00+01:00,0.9323099851608276,0.9327499866485596,0.9317200183868408,0.9325100183486938,23001.195501111386
2025-10-09 19:00:00+01:00,0.9324899911880493,0.932699978351593,0.9317700266838074,0.9322500228881836,22854.53957640234
2025-10-09 20:00:00+01:00,0.9322599768638611,0.9325000047683716,0.9314900040626526,0.932420015335083,23091.339900315204
2025-10-09 21:00:00+01:00,0.932420015335083,0.9325500130653381,0.9316700100898743,0.9323999881744385,19266.72900219291
2025-10-09 22:00:00+01:00,0.932129979133606,0.932699978351593,0.9316099882125854,0.9318900108337402,25131.825726198615
2025-10-09 23:00:00+01:00,0.9319300055503845,0.9325299859046936,0.9315900206565857,0.9323199987411499,18767.282142033768
2025-10-10 00:00:00+01:00,0.9323099851608276,0.9325500130653381,0.931850016117096,0.932449996471405,17499.447322284028
2025-10-10 01:00:00+01:00,0.932420015335083,0.9329699873924255,0.9319199919700623,0.932699978351593,16966.434395851647
2025-10-10 02:00:00+01:00,0.932699978351593,0.9330099821090698,0.9322699904441833,0.932699978351593,12662.051178010519
2025-10-10 03:00:00+01:00,0.932699978351593,0.932919979095459,0.9322400093078613,0.9328200221061707,10802.604925898397
2025-10-10 04:00:00+01:00,0.9328100085258484,0.9330000281333923,0.9322400093078613,0.932699978351593,8069.608324482181
2025-10-10 05:00:00+01:00,0.9326599836349487,0.9328200221061707,0.9320799708366394,0.9326800107955933,7006.544753674349
2025-10-10 06:00:00+01:00,0.9326599836349487,0.9329000115394592,0.9319199919700623,0.9323300123214722,5308.43432113888
2025-10-10 07:00:00+01:00,0.9323300123214722,0.9326000213623047,0.9313499927520752,0.9320899844169617,3735.3165505749766
2025-10-10 08:00:00+01:00,0.9320999979972839,0.9329500198364258,0.9315000176429749,0.9328299760818481,6996.122866719861
2025-10-10 09:00:00+01:00,0.9328100085258484,0.9331300258636475,0.9318299889564514,0.9322599768638611,7690.154237510467
2025-10-10 10:00:00+01:00,0.9322400093078613,0.932699978351593,0.9316499829292297,0.9324399828910828,7475.80062825976
2025-10-10 11:00:00+01:00,0.932449996471405,0.9330000281333923,0.9319800138473511,0.9325900077819824,8262.37172485824
2025-10-10 12:00:00+01:00,0.9326199889183044,0.9328200221061707,0.9316999912261963,0.932200014591217,7649.157058411437
2025-10-10 13:00:00+01:00,0.9321600198745728,0.9324100017547607,0.9314699769020081,0.9321399927139282,8477.459094620677
2025-10-10 14:00:00+01:00,0.9321200251579285,0.9322299957275391,0.9310399889945984,0.9315500259399414,11424.208120147314
2025-10-10 15:00:00+01:00,0.9315299987792969,0.9323199987411499,0.9312599897384644,0.9317899942398071,8757.872389107722
2025-10-10 16:00:00+01:00,0.9318100214004517,0.9318199753761292,0.9296799898147583,0.9307199716567993,12472.400283603394
2025-10-10 17:00:00+01:00,0.9306600093841553,0.9313200116157532,0.9296299815177917,0.9300699830055237,19705.17620660621
2025-10-10 18:00:00+01:00,0.9300500154495239,0.930429995059967,0.9292899966239929,0.9301400184631348,15223.358485173558
2025-10-10 19:00:00+01:00,0.9301499724388123,0.9303299784660339,0.929610013961792,0.9301400184631348,13941.360777320098
2025-10-10 20:00:00+01:00,0.9301400184631348,0.930400013923645,0.929610013961792,0.9302300214767456,19680.05647324487
2025-10-10 21:00:00+01:00,0.9302300214767456,0.930400013923645,0.928059995174408,0.9287099838256836,18167.435601756642
2025-10-10 22:00:00+01:00,0.9284899830818176,0.9284899830818176,0.9284899830818176,0.9284899830818176,14970.690418987659
2025-10-13 00:00:00+01:00,0.9308099746704102,0.9309599995613098,0.930109977722168,0.9307900071144104,17222.16167125496
2025-10-13 01:00:00+01:00,0.9307900071144104,0.930899977684021,0.9298700094223022,0.9305999875068665,19516.477114278365
2025-10-13 02:00:00+01:00,0.9306100010871887,0.9312999844551086,0.9301300048828125,0.931190013885498,21437.513509943266
2025-10-13 03:00:00+01:00,0.9311699867248535,0.9314000010490417,0.9305199980735779,0.9311400055885315,17791.908586620906
2025-10-13 04:00:00+01:00,0.9310799837112427,0.9311400055885315,0.9303100109100342,0.9310299754142761,18784.461657712116
2025-10-13 05:00:00+01:00,0.9310100078582764,0.9312000274658203,0.9304100275039673,0.930869996547699,20208.085756334604
2025-10-13 06:00:00+01:00,0.930869996547699,0.9311000108718872,0.9302099943161011,0.9307199716567993,18851.525420035177
2025-10-13 07:00:00+01:00,0.9307199716567993,0.930899977684021,0.9296500086784363,0.9302099943161011,12954.973658572277
2025-10-13 08:00:00+01:00,0.9302099943161011,0.9312899708747864,0.9299399852752686,0.9310299754142761,13794.856041863313
2025-10-13 09:00:00+01:00,0.9310399889945984,0.9317499995231628,0.9304900169372559,0.9315500259399414,14926.776596618747
2025-10-13 10:00:00+01:00,0.9315500259399414,0.9317799806594849,0.930180013179779,0.9312000274658203,14402.12279534152
2025-10-13 11:00:00+01:00,0.931190013885498,0.9315400123596191,0.9306700229644775,0.9313200116157532,19959.5249625088
2025-10-13 12:00:00+01:00,0.9313200116157532,0.9313499927520752,0.9297999739646912,0.9303100109100342,11022.869482873213
2025-10-13 13:00:00+01:00,0.9303100109100342,0.9309099912643433,0.9297699928283691,0.930840015411377,17535.916785466055
2025-10-13 14:00:00+01:00,0.930840015411377,0.9312499761581421,0.9302499890327454,0.9310700297355652,12566.3534945889
2025-10-13 15:00:00+01:00,0.9310500025749207,0.9315999746322632,0.9304199814796448,0.9309800267219543,11735.833023462063
2025-10-13 16:00:00+01:00,0.9309800267219543,0.9312400221824646,0.9302499890327454,0.9308300018310547,12060.246968488258
2025-10-13 17:00:00+01:00,0.9308199882507324,0.930899977684021,0.9299200177192688,0.9306600093841553,13080.241810455163
2025-10-13 18:00:00+01:00,0.9306600093841553,0.9308300018310547,0.9300900101661682,0.9306399822235107,11147.288572574638
2025-10-13 19:00:00+01:00,0.9306700229644775,0.9308000206947327,0.9297299981117249,0.930180013179779,11436.498572466595
2025-10-13 20:00:00+01:00,0.9301400184631348,0.9305599927902222,0.9297000169754028,0.9301999807357788,12888.847038466514
2025-10-13 21:00:00+01:00,0.9301499724388123,0.930400013923645,0.9296500086784363,0.9302600026130676,10374.305537947626
2025-10-13 22:00:00+01:00,0.9300299882888794,0.9302300214767456,0.9295899868011475,0.9300000071525574,11352.870782884565
2025-10-13 23:00:00+01:00,0.9300199747085571,0.9305300116539001,0.929669976234436,0.9303299784660339,10354.704076051421
2025-10-14 00:00:00+01:00,0.9302200078964233,0.9304199814796448,0.9297599792480469,0.9302200078964233,7347.507987703445
2025-10-14 01:00:00+01:00,0.9302300214767456,0.9302999973297119,0.929610013961792,0.9301300048828125,4978.667776885759
2025-10-14 02:00:00+01:00,0.930109977722168,0.9306399822235107,0.929639995098114,0.9305499792098999,4067.2729618533463
2025-10-14 03:00:00+01:00,0.9305499792098999,0.930869996547699,0.930079996585846,0.9307100176811218,3154.593610214497
2025-10-14 04:00:00+01:00,0.9307000041007996,0.930899977684021,0.9300000071525574,0.930429995059967,2799.4537405351152
2025-10-14 05:00:00+01:00,0.9303900003433228,0.9304500222206116,0.9294800162315369,0.9302499890327454,2195.496199582549
2025-10-14 06:00:00+01:00,0.9302700161933899,0.930400013923645,0.9295300245285034,0.9300699830055237,2202.1923346056974
2025-10-14 07:00:00+01:00,0.9293699860572815,0.9295099973678589,0.928309977054596,0.929099977016449,4216.52931880832
2025-10-14 08:00:00+01:00,0.9290800094604492,0.9301000237464905,0.9282299876213074,0.9288300275802612,7347.245909273429
2025-10-14 09:00:00+01:00,0.928849995136261,0.9289100170135498,0.9277999997138977,0.9284800291061401,7954.833661962458
2025-10-14 10:00:00+01:00,0.9284600019454956,0.9293100237846375,0.9280700087547302,0.9291700124740601,8174.991378582225
2025-10-14 11:00:00+01:00,0.9291700124740601,0.9294000267982483,0.9281299710273743,0.9288300275802612,9912.472212198873
2025-10-14 12:00:00+01:00,0.9288700222969055,0.9294999837875366,0.9282199740409851,0.929419994354248,10394.059514098353
2025-10-14 13:00:00+01:00,0.929419994354248,0.9297999739646912,0.9287899732589722,0.9293299913406372,11697.016885572968
2025-10-14 14:00:00+01:00,0.9293299913406372,0.9299499988555908,0.928820013999939,0.9295300245285034,14854.29498422354
2025-10-14 15:00:00+01:00,0.9295300245285034,0.9304999709129333,0.9289299845695496,0.9297000169754028,15310.561018511353
2025-10-14 16:00:00+01:00,0.9296600222587585,0.9301499724388123,0.9289100170135498,0.9297900199890137,19160.614005610827
2025-10-14 17:00:00+01:00,0.9297800064086914,0.9300100207328796,0.9290000200271606,0.929669976234436,15205.946314415512
2025-10-14 18:00:00+01:00,0.9296600222587585,0.9299600124359131,0.9289699792861938,0.9296500086784363,18179.096152423313
2025-10-14 19:00:00+01:00,0.9296600222587585,0.9298999905586243,0.9290599822998047,0.9296299815177917,15864.324166475559
2025-10-14 20:00:00+01:00,0.9296799898147583,0.9298400282859802,0.9289900064468384,0.9295799732208252,17939.16444073206
2025-10-14 21:00:00+01:00,0.9295799732208252,0.9298999905586243,0.9289399981498718,0.9291599988937378,16154.573551704452
2025-10-14 22:00:00+01:00,0.9292500019073486,0.9294999837875366,0.928059995174408,0.929099977016449,15135.939285583583
2025-10-14 23:00:00+01:00,0.9291200041770935,0.9299899935722351,0.9290500283241272,0.929639995098114,13447.009709287617
2025-10-15 00:00:00+01:00,0.9294899702072144,0.9300000071525574,0.9291300177574158,0.9299299716949463,14515.35784928423
2025-10-15 01:00:00+01:00,0.92985999584198,0.9301999807357788,0.929419994354248,0.9300900101661682,11484.22694155294
2025-10-15 02:00:00+01:00,0.9300699830055237,0.9304100275039673,0.9294599890708923,0.9300900101661682,12073.620679789652
2025-10-15 03:00:00+01:00,0.9301000237464905,0.930400013923645,0.929639995098114,0.9300500154495239,8844.783144276395
2025-10-15 04:00:00+01:00,0.9300199747085571,0.9301000237464905,0.9292500019073486,0.9296799898147583,8708.615446422773
2025-10-15 05:00:00+01:00,0.9296799898147583,0.929830014705658,0.9290599822998047,0.9295099973678589,6937.967363240503
2025-10-15 06:00:00+01:00,0.9294899702072144,0.92985999584198,0.929069995880127,0.9297299981117249,4625.595901836179
2025-10-15 07:00:00+01:00,0.9297299981117249,0.930400013923645,0.9289799928665161,0.930180013179779,6460.537688560201
2025-10-15 08:00:00+01:00,0.9301900267601013,0.9305400252342224,0.929610013961792,0.9303200244903564,6994.909661063495
2025-10-15 09:00:00+01:00,0.9303200244903564,0.9306300282478333,0.929830014705658,0.9303399920463562,6070.988202989697
2025-10-15 10:00:00+01:00,0.9303100109100342,0.9310299754142761,0.9298999905586243,0.9308900237083435,6434.944807447294
2025-10-15 11:00:00+01:00,0.9308900237083435,0.9309999942779541,0.9301699995994568,0.9307299852371216,5187.641459348998
2025-10-15 12:00:00+01:00,0.9307299852371216,0.9310200214385986,0.9295899868011475,0.9300900101661682,5842.99184817144
2025-10-15 13:00:00+01:00,0.9300900101661682,0.9304999709129333,0.9292399883270264,0.9301000237464905,6404.57526166878
2025-10-15 14:00:00+01:00,0.930109977722168,0.9302499890327454,0.9289500117301941,0.9293199777603149,7094.350754389182
2025-10-15 15:00:00+01:00,0.9292200207710266,0.9292899966239929,0.9278299808502197,0.9283499717712402,10357.91002362395
2025-10-15 16:00:00+01:00,0.928309977054596,0.928600013256073,0.9264699816703796,0.9276300072669983,15240.148581934865
2025-10-15 17:00:00+01:00,0.9276400208473206,0.9279099702835083,0.9267799854278564,0.927299976348877,14113.767501365655
2025-10-15 18:00:00+01:00,0.9273200035095215,0.9276400208473206,0.9265300035476685,0.9273800253868103,19252.14340749335
2025-10-15 19:00:00+01:00,0.9273800253868103,0.9276999831199646,0.926859974861145,0.9276300072669983,14708.291916164319
2025-10-15 20:00:00+01:00,0.927649974822998,0.9278200268745422,0.9270300269126892,0.9277999997138977,16442.38724276007
2025-10-15 21:00:00+01:00,0.9278200268745422,0.9280999898910522,0.9272800087928772,0.9275199770927429,16919.680232730876
2025-10-15 22:00:00+01:00,0.9273399710655212,0.9279500246047974,0.9270600080490112,0.9273200035095215,15471.580782057434
2025-10-15 23:00:00+01:00,0.9273399710655212,0.9279000163078308,0.9271600246429443,0.9276999831199646,13031.069421054359
2025-10-16 00:00:00+01:00,0.9276900291442871,0.9277999997138977,0.9271000027656555,0.927649974822998,11799.409644090149
2025-10-16 01:00:00+01:00,0.9276300072669983,0.9277700185775757,0.9269199967384338,0.927649974822998,14440.468483383267
2025-10-16 02:00:00+01:00,0.9276400208473206,0.92781001329422,0.9259899854660034,0.9264000058174133,13963.982371341177
2025-10-16 03:00:00+01:00,0.9264500141143799,0.9270399808883667,0.9256600141525269,0.9269099831581116,13083.960691753986
2025-10-16 04:00:00+01:00,0.9269099831581116,0.9271000027656555,0.9262199997901917,0.9269800186157227,13351.679394099374
2025-10-16 05:00:00+01:00,0.9269800186157227,0.9273200035095215,0.9265999794006348,0.9272000193595886,9794.42646538227
2025-10-16 06:00:00+01:00,0.9271399974822998,0.9283000230789185,0.9267899990081787,0.927839994430542,10407.987778679531
2025-10-16 07:00:00+01:00,0.927839994430542,0.9283000230789185,0.9271399974822998,0.9279199838638306,10762.865985016993
2025-10-16 08:00:00+01:00,0.9279299974441528,0.9287099838256836,0.9273300170898438,0.9286199808120728,10133.454384904984
2025-10-16 09:00:00+01:00,0.9286199808120728,0.928879976272583,0.928059995174408,0.928629994392395,9246.337398339048
2025-10-16 10:00:00+01:00,0.928629994392395,0.9289299845695496,0.9278600215911865,0.9284200072288513,10670.91368341425
2025-10-16 11:00:00+01:00,0.928409993648529,0.9290099740028381,0.9279199838638306,0.9289900064468384,10449.037867623305
2025-10-16 12:00:00+01:00,0.9290000200271606,0.9304999709129333,0.9284600019454956,0.9302899837493896,13408.830665503618
2025-10-16 13:00:00+01:00,0.9303299784660339,0.9303600192070007,0.9287300109863281,0.9291700124740601,18673.97352425812
2025-10-16 14:00:00+01:00,0.9291800260543823,0.9299200177192688,0.9283900260925293,0.928879976272583,20981.349096219677
2025-10-16 15:00:00+01:00,0.9288700222969055,0.9292100071907043,0.9279000163078308,0.9284300208091736,21925.52781868647
2025-10-16 16:00:00+01:00,0.928409993648529,0.9287999868392944,0.9275799989700317,0.9281299710273743,20937.505359393894
2025-10-16 17:00:00+01:00,0.9281200170516968,0.9289000034332275,0.9271399974822998,0.9274899959564209,19593.364555874752
2025-10-16 18:00:00+01:00,0.9274600148200989,0.9279999732971191,0.9267600178718567,0.9273999929428101,22242.663155022543
2025-10-16 19:00:00+01:00,0.9273999929428101,0.9276000261306763,0.9264100193977356,0.9269199967384338,25068.508331263773
2025-10-16 20:00:00+01:00,0.9269300103187561,0.9271000027656555,0.926069974899292,0.9266499876976013,19183.876876673803
2025-10-16 21:00:00+01:00,0.926639974117279,0.9269499778747559,0.9260299801826477,0.9264199733734131,16537.453097648417
2025-10-16 22:00:00+01:00,0.9263100028038025,0.9275000095367432,0.9262300133705139,0.9264600276947021,21114.120345559873
2025-10-16 23:00:00+01:00,0.926289975643158,0.926800012588501,0.9259499907493591,0.9265599846839905,22658.032156068504
2025-10-17 00:00:00+01:00,0.926360011100769,0.926800012588501,0.925819993019104,0.9264799952507019,21395.825703343537
2025-10-17 01:00:00+01:00,0.9264699816703796,0.926609992980957,0.9257199764251709,0.9263700246810913,17048.251011773547
2025-10-17 02:00:00+01:00,0.9263700246810913,0.9265000224113464,0.9254999756813049,0.9259200096130371,13746.593466507882
2025-10-17 03:00:00+01:00,0.9259499907493591,0.9261400103569031,0.9248999953269958,0.9254199862480164,18676.442463488274
2025-10-17 04:00:00+01:00,0.9254900217056274,0.9257100224494934,0.9248200058937073,0.9253600239753723,13569.253117558794
2025-10-17 05:00:00+01:00,0.9253399968147278,0.9257000088691711,0.9248499870300293,0.9255099892616272,12049.973649226868
2025-10-17 06:00:00+01:00,0.9254999756813049,0.925599992275238,0.9247599840164185,0.925279974937439,12653.02153812185
2025-10-17 07:00:00+01:00,0.9252700209617615,0.9253100156784058,0.9229999780654907,0.9235799908638,12691.404768547367
2025-10-17 08:00:00+01:00,0.9235799908638,0.9245100021362305,0.9217299818992615,0.9244499802589417,18260.46607773821
2025-10-17 09:00:00+01:00,0.9244199991226196,0.9247099757194519,0.9225500226020813,0.9232699871063232,21245.751993477596
2025-10-17 10:00:00+01:00,0.9232699871063232,0.9240999817848206,0.9225900173187256,0.9233400225639343,21142.587966610085
2025-10-17 11:00:00+01:00,0.9233400225639343,0.9236299991607666,0.9225500226020813,0.9234600067138672,17707.601744965647
2025-10-17 12:00:00+01:00,0.9234499931335449,0.9254800081253052,0.9229099750518799,0.924809992313385,27488.7397943346
2025-10-17 13:00:00+01:00,0.9248300194740295,0.9258800148963928,0.9243299961090088,0.9249299764633179,24121.067899937003
2025-10-17 14:00:00+01:00,0.9249399900436401,0.9251499772071838,0.9228699803352356,0.9235000014305115,37058.453746923406
2025-10-17 15:00:00+01:00,0.9234600067138672,0.9253799915313721,0.9230999946594238,0.9246399998664856,29733.395097552107
2025-10-17 16:00:00+01:00,0.9246399998664856,0.9247599840164185,0.923520028591156,0.9244300127029419,38054.84677092679
2025-10-17 17:00:00+01:00,0.9243900179862976,0.9247400164604187,0.9239199757575989,0.9245100021362305,36293.23167491492
2025-10-17 18:00:00+01:00,0.9244400262832642,0.9247300028800964,0.9239299893379211,0.9247099757194519,39374.45143485892
2025-10-17 19:00:00+01:00,0.9246199727058411,0.9254999756813049,0.9242200255393982,0.9247099757194519,41669.870705104506
2025-10-17 20:00:00+01:00,0.9247400164604187,0.9251499772071838,0.9241799712181091,0.9249299764633179,40206.88159724372
2025-10-17 21:00:00+01:00,0.9248700141906738,0.9251000285148621,0.9240000247955322,0.9244199991226196,33723.97558774718
2025-10-17 22:00:00+01:00,0.924019992351532,0.924019992351532,0.924019992351532,0.924019992351532,23934.563408788545
2025-10-20 00:00:00+01:00,0.9253299832344055,0.9254999756813049,0.9246600270271301,0.9251599907875061,23737.05713940714
2025-10-20 01:00:00+01:00,0.9251599907875061,0.9251999855041504,0.9242200255393982,0.9248700141906738,21803.155763633928
2025-10-20 02:00:00+01:00,0.9248999953269958,0.9256500005722046,0.9244499802589417,0.9248899817466736,21210.858619840965
2025-10-20 03:00:00+01:00,0.9248899817466736,0.9254000186920166,0.924530029296875,0.9253000020980835,17448.404095286805
2025-10-20 04:00:00+01:00,0.9252399802207947,0.9254199862480164,0.9246500134468079,0.9251999855041504,15341.980795340009
2025-10-20 05:00:00+01:00,0.9251999855041504,0.9253399968147278,0.9246199727058411,0.9252399802207947,11655.169269150238
2025-10-20 06:00:00+01:00,0.9252399802207947,0.9257100224494934,0.9247099757194519,0.9254800081253052,7311.3891169671815
2025-10-20 07:00:00+01:00,0.9254000186920166,0.9255300164222717,0.9245399832725525,0.9255099892616272,7298.829782542082
2025-10-20 08:00:00+01:00,0.9254800081253052,0.9258700013160706,0.9245200157165527,0.9249500036239624,9135.544765091734
2025-10-20 09:00:00+01:00,0.9249399900436401,0.9251999855041504,0.9237800240516663,0.9242100119590759,10171.404109499756
2025-10-20 10:00:00+01:00,0.9242100119590759,0.9248499870300293,0.9236999750137329,0.9244700074195862,10715.201770874697
2025-10-20 11:00:00+01:00,0.9244700074195862,0.9246000051498413,0.9232500195503235,0.9238499999046326,11441.204270128883
2025-10-20 12:00:00+01:00,0.9237899780273438,0.924019992351532,0.9232000112533569,0.9236900210380554,10964.570916619168
2025-10-20 13:00:00+01:00,0.9236900210380554,0.9239599704742432,0.9228500127792358,0.9234799742698669,10611.942748057576
2025-10-20 14:00:00+01:00,0.9234899878501892,0.923550009727478,0.9223999977111816,0.9230899810791016,13171.822749451505
2025-10-20 15:00:00+01:00,0.9230899810791016,0.9232199788093567,0.9210699796676636,0.9214699864387512,16504.62981147083
2025-10-20 16:00:00+01:00,0.9215199947357178,0.923229992389679,0.9213299751281738,0.922819972038269,15907.670296844266
2025-10-20 17:00:00+01:00,0.9228399991989136,0.9229999780654907,0.92221999168396,0.9226899743080139,15362.358783024072
2025-10-20 18:00:00+01:00,0.9227100014686584,0.9228299856185913,0.922029972076416,0.9225000143051147,16654.89096444895
2025-10-20 19:00:00+01:00,0.9225000143051147,0.922569990158081,0.9217399954795837,0.9222099781036377,14467.058681479395
2025-10-20 20:00:00+01:00,0.9222099781036377,0.9228000044822693,0.9216899871826172,0.9221500158309937,16240.757114087262
2025-10-20 21:00:00+01:00,0.9221500158309937,0.9227200150489807,0.9216399788856506,0.9223200082778931,15048.274056281842
2025-10-20 22:00:00+01:00,0.9210900068283081,0.922760009765625,0.9208800196647644,0.9223999977111816,18681.283169146434
2025-10-20 23:00:00+01:00,0.9222400188446045,0.9228000044822693,0.9220600128173828,0.9221699833869934,16735.785643309016
2025-10-21 00:00:00+01:00,0.9224799871444702,0.9228000044822693,0.9221799969673157,0.922730028629303,15299.841967030157
2025-10-21 01:00:00+01:00,0.9227200150489807,0.9228100180625916,0.9217100143432617,0.9226199984550476,15740.850552419626
2025-10-21 02:00:00+01:00,0.9226199984550476,0.9229000210762024,0.9219899773597717,0.922819972038269,14818.471800746109
2025-10-21 03:00:00+01:00,0.9228600263595581,0.9229400157928467,0.9221199750900269,0.9225999712944031,15480.401924381398
2025-10-21 04:00:00+01:00,0.9226400256156921,0.9228299856185913,0.9220799803733826,0.9227700233459473,12176.85212222191
2025-10-21 05:00:00+01:00,0.9228100180625916,0.9229400157928467,0.9221500158309937,0.9227100014686584,9953.484758825623
2025-10-21 06:00:00+01:00,0.9226800203323364,0.9229999780654907,0.9218299984931946,0.9223499894142151,6529.384026977719
2025-10-21 07:00:00+01:00,0.9223600029945374,0.9224900007247925,0.9206299781799316,0.9211999773979187,9134.599812333312
2025-10-21 08:00:00+01:00,0.9211999773979187,0.9220200181007385,0.9206900000572205,0.9216499924659729,10883.269454516114
2025-10-21 09:00:00+01:00,0.9216499924659729,0.9224200248718262,0.921019971370697,0.9222400188446045,12349.177827025002
2025-10-21 10:00:00+01:00,0.9222400188446045,0.9233099818229675,0.9218800067901611,0.9232699871063232,13652.74721337913
2025-10-21 11:00:00+01:00,0.9232900142669678,0.9234300255775452,0.9223999977111816,0.9230300188064575,17407.64967065796
2025-10-21 12:00:00+01:00,0.9230300188064575,0.9234700202941895,0.9222800135612488,0.9228100180625916,12362.66607393774
2025-10-21 13:00:00+01:00,0.9228100180625916,0.923740029335022,0.9222999811172485,0.9236699938774109,15266.157361311165
2025-10-21 14:00:00+01:00,0.9236699938774109,0.9237300157546997,0.9219499826431274,0.9223200082778931,15171.717670275666
2025-10-21 15:00:00+01:00,0.9223600029945374,0.9233300089836121,0.9217600226402283,0.9233099818229675,18392.43289627766
2025-10-21 16:00:00+01:00,0.9232900142669678,0.923520028591156,0.9224600195884705,0.9234099984169006,20777.60809486272
2025-10-21 17:00:00+01:00,0.9233999848365784,0.9244999885559082,0.923009991645813,0.923829972743988,20001.824726518647
2025-10-21 18:00:00+01:00,0.9238200187683105,0.9240099787712097,0.922980010509491,0.9235399961471558,18678.369206446783
2025-10-21 19:00:00+01:00,0.9235699772834778,0.9239000082015991,0.9229599833488464,0.9238399863243103,20269.7745415828
2025-10-21 20:00:00+01:00,0.9238399863243103,0.9240300059318542,0.9232500195503235,0.9236400127410889,22711.953979350634
2025-10-21 21:00:00+01:00,0.9235900044441223,0.923829972743988,0.9230800271034241,0.923520028591156,17398.092125386614
2025-10-21 22:00:00+01:00,0.92330002784729,0.9236000180244446,0.9223499894142151,0.9233199954032898,20641.482158379316
2025-10-21 23:00:00+01:00,0.92330002784729,0.9240000247955322,0.9228500127792358,0.9237800240516663,16267.825651381152
2025-10-22 00:00:00+01:00,0.9239699840545654,0.924340009689331,0.9234499931335449,0.9241600036621094,15645.824366825458
2025-10-22 01:00:00+01:00,0.9241600036621094,0.9245100021362305,0.9233499765396118,0.9236500263214111,18080.623504157025
2025-10-22 02:00:00+01:00,0.9237099885940552,0.923799991607666,0.9229000210762024,0.9235399961471558,15644.490604048193
2025-10-22 03:00:00+01:00,0.9235399961471558,0.923740029335022,0.9229699969291687,0.9236699938774109,13172.128148740234
2025-10-22 04:00:00+01:00,0.9236699938774109,0.923799991607666,0.9230899810791016,0.9236999750137329,10700.50557190641
2025-10-22 05:00:00+01:00,0.9236999750137329,0.924019992351532,0.9232500195503235,0.9237899780273438,7524.904702413063
2025-10-22 06:00:00+01:00,0.9237800240516663,0.9239000082015991,0.9232100248336792,0.9236999750137329,6953.205260677767
2025-10-22 07:00:00+01:00,0.9236400127410889,0.923829972743988,0.9228000044822693,0.9233499765396118,4923.020616590481
2025-10-22 08:00:00+01:00,0.9233999848365784,0.9238499999046326,0.9229000210762024,0.9234600067138672,4750.113953695903
2025-10-22 09:00:00+01:00,0.9233999848365784,0.9236999750137329,0.9226300120353699,0.9232400059700012,4294.8082680299285
2025-10-22 10:00:00+01:00,0.9232400059700012,0.9235399961471558,0.9226199984550476,0.9231899976730347,6111.3209184722255
2025-10-22 11:00:00+01:00,0.9231899976730347,0.9236999750137329,0.9226300120353699,0.9232100248336792,5955.144876965506
2025-10-22 12:00:00+01:00,0.923229992389679,0.9233999848365784,0.9216799736022949,0.9221699833869934,8121.780457513853
2025-10-22 13:00:00+01:00,0.9221699833869934,0.9232000112533569,0.92194002866745,0.9230700135231018,8569.566205962785
2025-10-22 14:00:00+01:00,0.9230599999427795,0.9241499900817871,0.9226499795913696,0.9239699840545654,9767.97924668804
2025-10-22 15:00:00+01:00,0.9239699840545654,0.9240900278091431,0.923039972782135,0.9238399863243103,9398.340933746707
2025-10-22 16:00:00+01:00,0.9238200187683105,0.9243199825286865,0.9230499863624573,0.9239500164985657,10841.899479558115
2025-10-22 17:00:00+01:00,0.9239500164985657,0.9243199825286865,0.9232500195503235,0.9238600134849548,12767.384564698348
2025-10-22 18:00:00+01:00,0.9238600134849548,0.9240999817848206,0.9231699705123901,0.9237599968910217,12636.272224218232
2025-10-22 19:00:00+01:00,0.9237599968910217,0.9241999983787537,0.9232000112533569,0.9240000247955322,13154.461888154785
2025-10-22 20:00:00+01:00,0.9240300059318542,0.9242200255393982,0.9235000014305115,0.9240300059318542,13866.164371450719
2025-10-22 21:00:00+01:00,0.9240400195121765,0.9243000149726868,0.9235299825668335,0.9242500066757202,14930.699421835381
2025-10-22 22:00:00+01:00,0.9242799878120422,0.9247000217437744,0.92330002784729,0.923740029335022,12651.529379128118
2025-10-22 23:00:00+01:00,0.9238100051879883,0.924340009689331,0.9235699772834778,0.923799991607666,12114.616536321708
2025-10-23 00:00:00+01:00,0.9242299795150757,0.9243999719619751,0.9235900044441223,0.924049973487854,13739.212634333424
2025-10-23 01:00:00+01:00,0.924049973487854,0.9241999983787537,0.9234600067138672,0.924019992351532,11277.347721476632
2025-10-23 02:00:00+01:00,0.924019992351532,0.9246000051498413,0.9237099885940552,0.924340009689331,8749.305571061868
2025-10-23 03:00:00+01:00,0.9243500232696533,0.9247099757194519,0.9239100217819214,0.9246600270271301,8637.391306639423
2025-10-23 04:00:00+01:00,0.9246699810028076,0.9247099757194519,0.9240000247955322,0.9244499802589417,5125.910664964631
2025-10-23 05:00:00+01:00,0.9244499802589417,0.9247099757194519,0.9240099787712097,0.924589991569519,4526.875280994876
2025-10-23 06:00:00+01:00,0.9246500134468079,0.9247999787330627,0.9240900278091431,0.9247599840164185,2749.2762949377525
2025-10-23 07:00:00+01:00,0.9246900081634521,0.9248600006103516,0.9238700270652771,0.9246000051498413,2406.869391488164
2025-10-23 08:00:00+01:00,0.9246100187301636,0.9253100156784058,0.9240900278091431,0.9247000217437744,2986.028396134415
2025-10-23 09:00:00+01:00,0.9247000217437744,0.9251599907875061,0.9241600036621094,0.9247900247573853,2965.6063232560136
2025-10-23 10:00:00+01:00,0.924780011177063,0.9253100156784058,0.9240700006484985,0.9251400232315063,4747.3679954731715
2025-10-23 11:00:00+01:00,0.9251199960708618,0.9253399968147278,0.9245499968528748,0.9251800179481506,5061.476551804991
2025-10-23 12:00:00+01:00,0.9251599907875061,0.9254000186920166,0.9243500232696533,0.9247900247573853,3881.3988750361777
2025-10-23 13:00:00+01:00,0.924809992313385,0.925000011920929,0.9239400029182434,0.9244499802589417,4651.0448099510495
2025-10-23 14:00:00+01:00,0.9244300127029419,0.9248999953269958,0.9238499999046326,0.9247499704360962,5279.221348472636
2025-10-23 15:00:00+01:00,0.9247300028800964,0.924809992313385,0.9231100082397461,0.9236099720001221,8111.198983035262
2025-10-23 16:00:00+01:00,0.9236000180244446,0.9240000247955322,0.9231600165367126,0.923829972743988,10073.056709518622
2025-10-23 17:00:00+01:00,0.923829972743988,0.9239000082015991,0.9229999780654907,0.9234799742698669,7941.5530090816255
2025-10-23 18:00:00+01:00,0.9234799742698669,0.9239400029182434,0.9230700135231018,0.9237099885940552,7791.057586462441
2025-10-23 19:00:00+01:00,0.9236900210380554,0.9240300059318542,0.9231799840927124,0.923799991607666,8367.590669332812
2025-10-23 20:00:00+01:00,0.923770010471344,0.9239000082015991,0.9232100248336792,0.9237300157546997,9581.104048865081
2025-10-23 21:00:00+01:00,0.9237599968910217,0.9239699840545654,0.9231200218200684,0.9235000014305115,8178.736066811866
2025-10-23 22:00:00+01:00,0.9233800172805786,0.9240300059318542,0.9232400059700012,0.923770010471344,6945.448033702003
2025-10-23 23:00:00+01:00,0.9238399863243103,0.9241600036621094,0.9232199788093567,0.923770010471344,8016.91584574121
2025-10-24 00:00:00+01:00,0.9237099885940552,0.923799991607666,0.9231299757957458,0.9236400127410889,5752.4449190328205
2025-10-24 01:00:00+01:00,0.9236699938774109,0.923799991607666,0.9230300188064575,0.9237599968910217,6438.605111778049
2025-10-24 02:00:00+01:00,0.923740029335022,0.9239000082015991,0.923229992389679,0.923740029335022,4440.539151116459
2025-10-24 03:00:00+01:00,0.9236699938774109,0.9240000247955322,0.9232800006866455,0.9240000247955322,3373.7978047680103
2025-10-24 04:00:00+01:00,0.9238799810409546,0.924049973487854,0.92330002784729,0.9237800240516663,2361.3591432624157
2025-10-24 05:00:00+01:00,0.9237800240516663,0.924049973487854,0.9233499765396118,0.92399001121521,1120.685290820634
2025-10-24 06:00:00+01:00,0.9240000247955322,0.9240999817848206,0.9232699871063232,0.9239100217819214,1037.538511573825
2025-10-24 07:00:00+01:00,0.9239100217819214,0.9240999817848206,0.9232199788093567,0.9237200021743774,1161.1383291213735
2025-10-24 08:00:00+01:00,0.9236999750137329,0.924310028553009,0.9226199984550476,0.9241700172424316,1692.3861443320752
2025-10-24 09:00:00+01:00,0.9241300225257874,0.9246000051498413,0.9233499765396118,0.9239100217819214,3088.374038714825
2025-10-24 10:00:00+01:00,0.9239100217819214,0.9244999885559082,0.9232500195503235,0.9242900013923645,4309.031657599437
2025-10-24 11:00:00+01:00,0.9242799878120422,0.9249299764633179,0.9238899946212769,0.9248600006103516,5395.038777036098
2025-10-24 12:00:00+01:00,0.9249200224876404,0.9251000285148621,0.9243500232696533,0.924839973449707,4678.767432366508
2025-10-24 13:00:00+01:00,0.924839973449707,0.9250800013542175,0.923770010471344,0.9243900179862976,4694.053548644188
2025-10-24 14:00:00+01:00,0.9243299961090088,0.9247699975967407,0.9236599802970886,0.9242900013923645,9104.620765874648
2025-10-24 15:00:00+01:00,0.9243800044059753,0.925000011920929,0.9239100217819214,0.924560010433197,9077.595686242448
2025-10-24 16:00:00+01:00,0.9245499968528748,0.9253000020980835,0.9240999817848206,0.9251000285148621,11054.19545586714
2025-10-24 17:00:00+01:00,0.9250400066375732,0.9254199862480164,0.9246500134468079,0.9251000285148621,11985.0940269103
2025-10-24 18:00:00+01:00,0.9251000285148621,0.9253000020980835,0.9245100021362305,0.9249500036239624,10866.356511140128
2025-10-24 19:00:00+01:00,0.9249100089073181,0.9251700043678284,0.9243599772453308,0.9250100255012512,11075.416419585901
2025-10-24 20:00:00+01:00,0.925059974193573,0.9251999855041504,0.9245499968528748,0.9250199794769287,8796.82240950178
2025-10-24 21:00:00+01:00,0.9250199794769287,0.9251199960708618,0.9241999983787537,0.9244800209999084,9244.80332807721
2025-10-24 22:00:00+01:00,0.9243699908256531,0.9243699908256531,0.9243699908256531,0.9243699908256531,5446.870339134891
2025-10-27 00:00:00+00:00,0.9258999824523926,0.92603999376297,0.9249600172042847,0.9253799915313721,6941.595581915961
2025-10-27 01:00:00+00:00,0.9253299832344055,0.9255300164222717,0.9247499704360962,0.9254299998283386,4641.913547461555
2025-10-27 02:00:00+00:00,0.9253600239753723,0.925849974155426,0.925059974193573,0.9254699945449829,4602.493674619445
2025-10-27 03:00:00+00:00,0.9254299998283386,0.925599992275238,0.9248499870300293,0.92535001039505,4434.026687718497
2025-10-27 04:00:00+00:00,0.9254000186920166,0.9256200194358826,0.9248899817466736,0.9255899786949158,2643.0259493584786
2025-10-27 05:00:00+00:00,0.9255499839782715,0.9258999824523926,0.9251199960708618,0.9258900284767151,2372.488547060495
2025-10-27 06:00:00+00:00,0.925849974155426,0.9262999892234802,0.9253299832344055,0.926069974899292,1703.8151532854733
2025-10-27 07:00:00+00:00,0.9260799884796143,0.9262199997901917,0.9252099990844727,0.9259399771690369,1400.2114817751153
2025-10-27 08:00:00+00:00,0.9259600043296814,0.9270600080490112,0.9255599975585938,0.926829993724823,3180.5743546114422
2025-10-27 09:00:00+00:00,0.9268100261688232,0.9269000291824341,0.9257400035858154,0.9262999892234802,3969.6170340550707
2025-10-27 10:00:00+00:00,0.9262999892234802,0.926800012588501,0.9257699847221375,0.9267200231552124,5592.40185009083
2025-10-27 11:00:00+00:00,0.9267399907112122,0.9269000291824341,0.9256200194358826,0.9261699914932251,7426.698174049369
2025-10-27 12:00:00+00:00,0.9261800050735474,0.9264000058174133,0.9253799915313721,0.9262099862098694,7578.896053947355
2025-10-27 13:00:00+00:00,0.9262099862098694,0.9269300103187561,0.9257100224494934,0.9266899824142456,11636.383079652582
2025-10-27 14:00:00+00:00,0.9266899824142456,0.9269999861717224,0.9259399771690369,0.926639974117279,8929.85652910252
2025-10-27 15:00:00+00:00,0.9266499876976013,0.9269999861717224,0.9261199831962585,0.9266899824142456,9094.17870581632
2025-10-27 16:00:00+00:00,0.9267299771308899,0.9267600178718567,0.9254999756813049,0.9259099960327148,10812.360019242598
2025-10-27 17:00:00+00:00,0.9259799718856812,0.9263700246810913,0.9254199862480164,0.9261299967765808,11693.714449178833
2025-10-27 18:00:00+00:00,0.9261199831962585,0.9264400005340576,0.9255399703979492,0.926360011100769,11309.022054548528
2025-10-27 19:00:00+00:00,0.9263700246810913,0.9265000224113464,0.9257500171661377,0.9263899922370911,13325.69403604065
2025-10-27 20:00:00+00:00,0.9263799786567688,0.9268500208854675,0.9256200194358826,0.9258900284767151,13367.668952464097
2025-10-27 21:00:00+00:00,0.9258300065994263,0.9268800020217896,0.9256399869918823,0.9260299801826477,10577.992954339757
2025-10-27 22:00:00+00:00,0.9259999990463257,0.9261699914932251,0.9254900217056274,0.9259300231933594,9702.830285449894
2025-10-27 23:00:00+00:00,0.9259300231933594,0.9261000156402588,0.9253600239753723,0.9258099794387817,8921.668475197406
2025-10-28 00:00:00+00:00,0.925790011882782,0.9258999824523926,0.9251099824905396,0.9256600141525269,8360.381378425618
2025-10-28 01:00:00+00:00,0.9256399869918823,0.925819993019104,0.9251000285148621,0.9256899952888489,7729.628961176564
2025-10-28 02:00:00+00:00,0.9257199764251709,0.9259999990463257,0.9252200126647949,0.9257100224494934,6607.51824070968
2025-10-28 03:00:00+00:00,0.9257100224494934,0.9258599877357483,0.9250400066375732,0.9255300164222717,4680.0219337542085
2025-10-28 04:00:00+00:00,0.9255300164222717,0.9256299734115601,0.9248999953269958,0.9253699779510498,4015.3312873655254
2025-10-28 05:00:00+00:00,0.92535001039505,0.9257000088691711,0.9249799847602844,0.9253900051116943,3578.4335242451643
2025-10-28 06:00:00+00:00,0.9254000186920166,0.9257000088691711,0.924809992313385,0.925570011138916,2341.2674625781538
2025-10-28 07:00:00+00:00,0.925599992275238,0.9262999892234802,0.9251599907875061,0.9259200096130371,3036.334609140751
2025-10-28 08:00:00+00:00,0.9258999824523926,0.9260299801826477,0.9246199727058411,0.9251499772071838,4441.117949362657
2025-10-28 09:00:00+00:00,0.9251499772071838,0.9254199862480164,0.9243199825286865,0.9248499870300293,5481.0070450080575
2025-10-28 10:00:00+00:00,0.924839973449707,0.9257100224494934,0.9243699908256531,0.925599992275238,5082.0744086738405
2025-10-28 11:00:00+00:00,0.9256200194358826,0.9265000224113464,0.9251400232315063,0.9263100028038025,5445.458215791065
2025-10-28 12:00:00+00:00,0.926289975643158,0.9266700148582458,0.9256200194358826,0.9260900020599365,6497.467976424046
2025-10-28 13:00:00+00:00,0.926110029220581,0.9264400005340576,0.9251999855041504,0.925849974155426,9319.794711137896
2025-10-28 14:00:00+00:00,0.9258099794387817,0.9261400103569031,0.925059974193573,0.9253900051116943,9768.660515875916
2025-10-28 15:00:00+00:00,0.9253600239753723,0.9254099726676941,0.9237599968910217,0.9242100119590759,12571.219746471677
2025-10-28 16:00:00+00:00,0.9241799712181091,0.9251400232315063,0.9236699938774109,0.9250400066375732,12984.176933426876
2025-10-28 17:00:00+00:00,0.9250400066375732,0.9254999756813049,0.9243199825286865,0.9251099824905396,15044.371848151668
2025-10-28 18:00:00+00:00,0.9251300096511841,0.9251400232315063,0.92426997423172,0.924780011177063,17868.95923183704
2025-10-28 19:00:00+00:00,0.924780011177063,0.924809992313385,0.9238799810409546,0.9242799878120422,20302.316318529152
2025-10-28 20:00:00+00:00,0.9242799878120422,0.9247199892997742,0.9239000082015991,0.9240300059318542,16212.463512248556
2025-10-28 21:00:00+00:00,0.9246500134468079,0.9247300028800964,0.9241099953651428,0.9243000149726868,14863.861029515965
2025-10-28 22:00:00+00:00,0.9244099855422974,0.9247199892997742,0.9238399863243103,0.9242900013923645,12528.56308959878
2025-10-28 23:00:00+00:00,0.9242900013923645,0.9244999885559082,0.9237800240516663,0.92426997423172,10525.062246707646
2025-10-29 00:00:00+00:00,0.9241999983787537,0.9244999885559082,0.9236199855804443,0.9241300225257874,14160.278789431097
2025-10-29 01:00:00+00:00,0.9240800142288208,0.9243000149726868,0.9235699772834778,0.9240599870681763,8098.378000670548
2025-10-29 02:00:00+00:00,0.9240599870681763,0.9243999719619751,0.9236599802970886,0.9242799878120422,8122.932139895281
2025-10-29 03:00:00+00:00,0.92426997423172,0.9243000149726868,0.9235000014305115,0.9239500164985657,5390.551487371632
2025-10-29 04:00:00+00:00,0.9239500164985657,0.9240400195121765,0.9234099984169006,0.9239100217819214,4947.707610318765
2025-10-29 05:00:00+00:00,0.9239100217819214,0.9243000149726868,0.9233599901199341,0.9238399863243103,3464.919560271093
2025-10-29 06:00:00+00:00,0.9238100051879883,0.9242299795150757,0.9234499931335449,0.9240400195121765,1488.9895336976056
2025-10-29 07:00:00+00:00,0.924019992351532,0.9254999756813049,0.9233700037002563,0.9253000020980835,4359.742263772996
2025-10-29 08:00:00+00:00,0.9253000020980835,0.9269400238990784,0.9247000217437744,0.9259700179100037,7601.27348064458
2025-10-29 09:00:00+00:00,0.9259300231933594,0.9271000027656555,0.9256299734115601,0.9268199801445007,9185.200575315655
2025-10-29 10:00:00+00:00,0.926800012588501,0.9273899793624878,0.9262099862098694,0.9271900057792664,11232.322475402249
2025-10-29 11:00:00+00:00,0.9271900057792664,0.9281200170516968,0.9267600178718567,0.9279999732971191,14120.829382333744
2025-10-29 12:00:00+00:00,0.9280099868774414,0.9280300140380859,0.926829993724823,0.9277499914169312,14229.013285167139
2025-10-29 13:00:00+00:00,0.9277499914169312,0.928600013256073,0.9268100261688232,0.9279800057411194,16887.583838210667
2025-10-29 14:00:00+00:00,0.9279199838638306,0.928600013256073,0.9274600148200989,0.9285600185394287,17315.0341234016
2025-10-29 15:00:00+00:00,0.9285399913787842,0.928820013999939,0.9276900291442871,0.9282000064849854,17576.66527886085
2025-10-29 16:00:00+00:00,0.9281799793243408,0.9286199808120728,0.9276000261306763,0.9283999800682068,19964.482801875358
2025-10-29 17:00:00+00:00,0.9283999800682068,0.9286800026893616,0.9276400208473206,0.9280700087547302,17374.918811670297
2025-10-29 18:00:00+00:00,0.927869975566864,0.9288600087165833,0.9275799989700317,0.9284200072288513,23438.715527009666
2025-10-29 19:00:00+00:00,0.9284499883651733,0.9287999868392944,0.9276999831199646,0.9285600185394287,21109.320164656954
2025-10-29 20:00:00+00:00,0.9285699725151062,0.9286999702453613,0.9271900057792664,0.9278799891471863,21677.34321131455
2025-10-29 21:00:00+00:00,0.926800012588501,0.9283999800682068,0.9257699847221375,0.9277799725532532,30291.076903959496
2025-10-29 22:00:00+00:00,0.927649974822998,0.9282799959182739,0.9274399876594543,0.9280099868774414,24154.981215231695
2025-10-29 23:00:00+00:00,0.9280200004577637,0.9283599853515625,0.9275500178337097,0.9283000230789185,18883.11382089633
2025-10-30 00:00:00+00:00,0.9282900094985962,0.9287499785423279,0.927869975566864,0.9285899996757507,16634.314162995313
2025-10-30 01:00:00+00:00,0.928600013256073,0.9286199808120728,0.9276700019836426,0.9282000064849854,15996.556251248569
2025-10-30 02:00:00+00:00,0.9282000064849854,0.9284999966621399,0.9276700019836426,0.9282600283622742,14227.59150763889
2025-10-30 03:00:00+00:00,0.9282699823379517,0.9284300208091736,0.9277399778366089,0.9282900094985962,13344.601984949824
2025-10-30 04:00:00+00:00,0.9282699823379517,0.9283999800682068,0.9274700284004211,0.9279800057411194,14640.607410877965
2025-10-30 05:00:00+00:00,0.9279500246047974,0.9284999966621399,0.9275400042533875,0.9284300208091736,13533.508018413804
2025-10-30 06:00:00+00:00,0.9283999800682068,0.9285699725151062,0.9277700185775757,0.9281700253486633,13272.46850008285
2025-10-30 07:00:00+00:00,0.9281700253486633,0.9283599853515625,0.9273899793624878,0.9278500080108643,11669.542787346078
2025-10-30 08:00:00+00:00,0.9277999997138977,0.9282299876213074,0.9273800253868103,0.9279500246047974,10019.591855575818
2025-10-30 09:00:00+00:00,0.927869975566864,0.9283000230789185,0.9269899725914001,0.927839994430542,11606.901411945668
2025-10-30 10:00:00+00:00,0.9277899861335754,0.9285200238227844,0.9274500012397766,0.928409993648529,9010.857833845175
2025-10-30 11:00:00+00:00,0.9284200072288513,0.9289199709892273,0.9279699921607971,0.9285799860954285,4519.786375278476
2025-10-30 12:00:00+00:00,0.9285799860954285,0.9286199808120728,0.927079975605011,0.9276300072669983,7182.02027757443
2025-10-30 13:00:00+00:00,0.9276700019836426,0.9286400079727173,0.9271900057792664,0.9281899929046631,8382.534611843697
2025-10-30 14:00:00+00:00,0.9281799793243408,0.9282000064849854,0.9272199869155884,0.9279800057411194,9456.62992747666
2025-10-30 15:00:00+00:00,0.9280099868774414,0.9282100200653076,0.9269000291824341,0.9274100065231323,10179.833636942803
2025-10-30 16:00:00+00:00,0.9274100065231323,0.9276000261306763,0.9264100193977356,0.9272300004959106,10883.334045157584
2025-10-30 17:00:00+00:00,0.9272099733352661,0.9280200004577637,0.9267399907112122,0.92781001329422,13860.635388320907
2025-10-30 18:00:00+00:00,0.92781001329422,0.9283699989318848,0.9272900223731995,0.9277999997138977,12716.346101038489
2025-10-30 19:00:00+00:00,0.9277999997138977,0.9278500080108643,0.9270300269126892,0.9276400208473206,12099.898888898095
2025-10-30 20:00:00+00:00,0.9276599884033203,0.9277999997138977,0.926800012588501,0.9269999861717224,14920.841869628082
2025-10-30 21:00:00+00:00,0.9272500276565552,0.9277999997138977,0.926800012588501,0.9275100231170654,12774.009506448758
2025-10-30 22:00:00+00:00,0.9275000095367432,0.9277300238609314,0.9264199733734131,0.9272300004959106,13186.375584027872
2025-10-30 23:00:00+00:00,0.9272000193595886,0.9276000261306763,0.926829993724823,0.9275599718093872,13234.688404642073
2025-10-31 00:00:00+00:00,0.9275599718093872,0.9277999997138977,0.9268199801445007,0.9272000193595886,12038.076591547284
2025-10-31 01:00:00+00:00,0.9271799921989441,0.9276000261306763,0.9266600012779236,0.9273399710655212,11134.721445443976
2025-10-31 02:00:00+00:00,0.9273399710655212,0.9276000261306763,0.926829993724823,0.9274700284004211,11961.996400020636
2025-10-31 03:00:00+00:00,0.9274700284004211,0.9276999831199646,0.9269700050354004,0.9274600148200989,8680.712584728024
2025-10-31 04:00:00+00:00,0.9274799823760986,0.9277999997138977,0.9270200133323669,0.9276900291442871,7772.314544628768
2025-10-31 05:00:00+00:00,0.9276900291442871,0.9277999997138977,0.9269999861717224,0.9274299740791321,7818.958900073916
2025-10-31 06:00:00+00:00,0.9274299740791321,0.9280999898910522,0.9269899725914001,0.9277899861335754,6284.121049236108
2025-10-31 07:00:00+00:00,0.9277899861335754,0.9284999966621399,0.9273599982261658,0.9283199906349182,6158.754594232014
2025-10-31 08:00:00+00:00,0.9283199906349182,0.9284999966621399,0.9273200035095215,0.9283599853515625,7043.578414975714
2025-10-31 09:00:00+00:00,0.9283400177955627,0.9284499883651733,0.9273300170898438,0.9278200268745422,7182.631069346664
2025-10-31 10:00:00+00:00,0.9278299808502197,0.9283300042152405,0.9269800186157227,0.9282699823379517,8855.604782188107
2025-10-31 11:00:00+00:00,0.9282600283622742,0.9291599988937378,0.9277999997138977,0.9290599822998047,7815.744789742889
2025-10-31 12:00:00+00:00,0.9290599822998047,0.929099977016449,0.9281399846076965,0.9288399815559387,7461.4848864097
2025-10-31 13:00:00+00:00,0.9288399815559387,0.9290000200271606,0.9274500012397766,0.9279999732971191,11526.167125648106
2025-10-31 14:00:00+00:00,0.9279800057411194,0.9280400276184082,0.9261400103569031,0.9269300103187561,14612.275530599858
2025-10-31 15:00:00+00:00,0.9269400238990784,0.927299976348877,0.9254599809646606,0.9263299703598022,15790.924608092873
2025-10-31 16:00:00+00:00,0.9263299703598022,0.9269099831581116,0.9258700013160706,0.9265599846839905,15036.704905750923
2025-10-31 17:00:00+00:00,0.9265599846839905,0.9266999959945679,0.9259099960327148,0.9265900254249573,16795.932995295683
2025-10-31 18:00:00+00:00,0.9265999794006348,0.9274399876594543,0.9261999726295471,0.9272400140762329,15370.111231504328
2025-10-31 19:00:00+00:00,0.9272300004959106,0.927649974822998,0.9267600178718567,0.9273800253868103,16381.510124291575
2025-10-31 20:00:00+00:00,0.9273599982261658,0.9287199974060059,0.9269800186157227,0.9284700155258179,21395.838563906986
2025-10-31 21:00:00+00:00,0.9276700019836426,0.9276700019836426,0.9276700019836426,0.9276700019836426,19505.543527875125
2025-11-03 00:00:00+00:00,0.927839994430542,0.9282400012016296,0.9272699952125549,0.9277499914169312,21771.34142257211
2025-11-03 01:00:00+00:00,0.9277399778366089,0.9280999898910522,0.9272599816322327,0.927869975566864,18561.666939255265
2025-11-03 02:00:00+00:00,0.927869975566864,0.9283000230789185,0.9273800253868103,0.9277200102806091,17316.95901993992
2025-11-03 03:00:00+00:00,0.9281399846076965,0.9282100200653076,0.9275000095367432,0.9279800057411194,12240.054335715113
2025-11-03 04:00:00+00:00,0.9279800057411194,0.9280999898910522,0.9273899793624878,0.9274500012397766,14926.137597045112
2025-11-03 05:00:00+00:00,0.9279000163078308,0.9280499815940857,0.9274399876594543,0.9279400110244751,12789.563144880063
2025-11-03 06:00:00+00:00,0.9279500246047974,0.9280999898910522,0.9271500110626221,0.927619993686676,7818.182812144433
2025-11-03 07:00:00+00:00,0.9276300072669983,0.9294999837875366,0.9271799921989441,0.929069995880127,9485.659336108396
2025-11-03 08:00:00+00:00,0.9290599822998047,0.929099977016449,0.9278200268745422,0.9284200072288513,10322.017795712658
2025-11-03 09:00:00+00:00,0.9284200072288513,0.9294999837875366,0.928059995174408,0.929419994354248,11335.037691940657
2025-11-03 10:00:00+00:00,0.9294300079345703,0.9301000237464905,0.928629994392395,0.9299700260162354,14543.035339548464
2025-11-03 11:00:00+00:00,0.9299600124359131,0.930109977722168,0.9289600253105164,0.9294099807739258,14118.200039912164
2025-11-03 12:00:00+00:00,0.9294099807739258,0.9298200011253357,0.9287400245666504,0.9297199845314026,12382.360542420854
2025-11-03 13:00:00+00:00,0.9297199845314026,0.9307199716567993,0.9291800260543823,0.9304500222206116,16764.233766181478
2025-11-03 14:00:00+00:00,0.9304500222206116,0.9310100078582764,0.9294899702072144,0.9294899702072144,17148.68738051127
2025-11-03 15:00:00+00:00,0.9299100041389465,0.9307000041007996,0.9293799996376038,0.9306300282478333,21887.522450363842
2025-11-03 16:00:00+00:00,0.9306300282478333,0.9309999942779541,0.930109977722168,0.9308300018310547,16621.586280624935
2025-11-03 17:00:00+00:00,0.930840015411377,0.9311100244522095,0.9302700161933899,0.9307000041007996,18138.02676754492
2025-11-03 18:00:00+00:00,0.9307100176811218,0.9309399724006653,0.9299399852752686,0.9305899739265442,16210.319676610912
2025-11-03 19:00:00+00:00,0.9305899739265442,0.930620014667511,0.9299100041389465,0.9304199814796448,21116.578886217605
2025-11-03 20:00:00+00:00,0.9304199814796448,0.9309099912643433,0.9300100207328796,0.9306899905204773,17650.03929485242
2025-11-03 21:00:00+00:00,0.9306899905204773,0.9310399889945984,0.9301199913024902,0.9304500222206116,14198.074611782493
2025-11-03 22:00:00+00:00,0.9310799837112427,0.9310799837112427,0.9301599860191345,0.9306399822235107,12820.00651670261
2025-11-03 23:00:00+00:00,0.930649995803833,0.9309099912643433,0.9301599860191345,0.9308599829673767,13203.080233532251
2025-11-04 00:00:00+00:00,0.9308900237083435,0.931439995765686,0.9303399920463562,0.9313300251960754,10081.388926463036
2025-11-04 01:00:00+00:00,0.9313399791717529,0.93163001537323,0.9308099746704102,0.9316200017929077,9243.751411970125
2025-11-04 02:00:00+00:00,0.9316200017929077,0.9316999912261963,0.9306899905204773,0.9311599731445312,10001.144139126607
2025-11-04 03:00:00+00:00,0.9311500191688538,0.9314000010490417,0.930679976940155,0.9313300251960754,6143.952280165276
2025-11-04 04:00:00+00:00,0.9313300251960754,0.9316200017929077,0.930899977684021,0.9315599799156189,4512.547047859255
2025-11-04 05:00:00+00:00,0.9315599799156189,0.9316400289535522,0.9305700063705444,0.9310500025749207,4313.878350701671
2025-11-04 06:00:00+00:00,0.9310399889945984,0.9312999844551086,0.9300299882888794,0.9305400252342224,4482.15912261105
2025-11-04 07:00:00+00:00,0.9305599927902222,0.930899977684021,0.9297099709510803,0.9307100176811218,5163.278914944235
2025-11-04 08:00:00+00:00,0.9307100176811218,0.9312300086021423,0.9299299716949463,0.9303900003433228,6630.9380149779345
2025-11-04 09:00:00+00:00,0.9303900003433228,0.9305499792098999,0.9295200109481812,0.9300299882888794,7297.042725291375
2025-11-04 10:00:00+00:00,0.9300400018692017,0.9305499792098999,0.9294700026512146,0.9299299716949463,7726.994050189546
2025-11-04 11:00:00+00:00,0.9299299716949463,0.9302999973297119,0.9292700290679932,0.9301000237464905,10376.348358976611
2025-11-04 12:00:00+00:00,0.9301300048828125,0.9301999807357788,0.9291999936103821,0.9296600222587585,8697.53535822113
2025-11-04 13:00:00+00:00,0.9296600222587585,0.9297999739646912,0.9286199808120728,0.9290900230407715,11543.643021825063
2025-11-04 14:00:00+00:00,0.929099977016449,0.9296600222587585,0.9285600185394287,0.9295700192451477,8787.298311856492
2025-11-04 15:00:00+00:00,0.9296200275421143,0.9302300214767456,0.9292700290679932,0.9298499822616577,8804.639549006146
2025-11-04 16:00:00+00:00,0.9298400282859802,0.9301300048828125,0.9290500283241272,0.9291800260543823,11784.499023976252
2025-11-04 17:00:00+00:00,0.929639995098114,0.9298099875450134,0.9289299845695496,0.9296299815177917,11081.141457609303
2025-11-04 18:00:00+00:00,0.9296200275421143,0.9301599860191345,0.9291099905967712,0.9300900101661682,10056.443269257357
2025-11-04 19:00:00+00:00,0.9301199913024902,0.930400013923645,0.9294899702072144,0.9302999973297119,12688.483737069662
2025-11-04 20:00:00+00:00,0.9302999973297119,0.9308000206947327,0.9298800230026245,0.930649995803833,12267.294836358562
2025-11-04 21:00:00+00:00,0.930649995803833,0.9308000206947327,0.9290300011634827,0.929889976978302,12753.882504277775
2025-11-04 22:00:00+00:00,0.9290099740028381,0.930400013923645,0.9288899898529053,0.9301599860191345,12956.189626062873
2025-11-04 23:00:00+00:00,0.9301599860191345,0.9307399988174438,0.929889976978302,0.930679976940155,10555.751654096737
2025-11-05 00:00:00+00:00,0.9306600093841553,0.9307000041007996,0.9292700290679932,0.9297199845314026,12045.927137568733
2025-11-05 01:00:00+00:00,0.9297299981117249,0.9297800064086914,0.9281200170516968,0.9290800094604492,16379.051181164863
2025-11-05 02:00:00+00:00,0.9290900230407715,0.9297000169754028,0.9284999966621399,0.9294700026512146,16589.913252552353
2025-11-05 03:00:00+00:00,0.9294599890708923,0.9302999973297119,0.9291399717330933,0.9302499890327454,15718.562686350597
2025-11-05 04:00:00+00:00,0.9302399754524231,0.930400013923645,0.9297199845314026,0.930180013179779,15175.755897659272
2025-11-05 05:00:00+00:00,0.9301900267601013,0.930400013923645,0.9292100071907043,0.9296799898147583,12153.777662745058
2025-11-05 06:00:00+00:00,0.9296500086784363,0.9299299716949463,0.9289000034332275,0.9294700026512146,13575.10873624994
2025-11-05 07:00:00+00:00,0.9294700026512146,0.9300500154495239,0.9288300275802612,0.9298400282859802,15937.146005740278
2025-11-05 08:00:00+00:00,0.9298499822616577,0.9307299852371216,0.9295200109481812,0.9305499792098999,15111.19169293614
2025-11-05 09:00:00+00:00,0.9305499792098999,0.9309300184249878,0.9298700094223022,0.9308500289916992,14201.289418142685
2025-11-05 10:00:00+00:00,0.9308500289916992,0.9317899942398071,0.930400013923645,0.9309099912643433,21639.248456863268
2025-11-05 11:00:00+00:00,0.9309200048446655,0.9310100078582764,0.930079996585846,0.9305700063705444,14918.108966001359
2025-11-05 12:00:00+00:00,0.9305599927902222,0.9307100176811218,0.9298499822616577,0.9304599761962891,15250.495690347756
2025-11-05 13:00:00+00:00,0.9304400086402893,0.9313700199127197,0.9298700094223022,0.9304699897766113,14571.400256070016
2025-11-05 14:00:00+00:00,0.9304599761962891,0.9310700297355652,0.9297500252723694,0.9308599829673767,14718.82651157225
2025-11-05 15:00:00+00:00,0.9309999942779541,0.9319400191307068,0.9297699928283691,0.9311100244522095,16582.993014318552
2025-11-05 16:00:00+00:00,0.9311100244522095,0.931410014629364,0.9303100109100342,0.9310299754142761,15420.93429084978
2025-11-05 17:00:00+00:00,0.9310299754142761,0.9313600063323975,0.9302499890327454,0.9310399889945984,20495.547459197845
2025-11-05 18:00:00+00:00,0.9310399889945984,0.9310399889945984,0.9302099943161011,0.9309499859809875,19153.63056419312
2025-11-05 19:00:00+00:00,0.9309200048446655,0.9310299754142761,0.9301699995994568,0.9307600259780884,16809.136002679705
2025-11-05 20:00:00+00:00,0.9307600259780884,0.9309999942779541,0.9302600026130676,0.9307600259780884,17269.29717258033
2025-11-05 21:00:00+00:00,0.9307699799537659,0.9312499761581421,0.9303200244903564,0.930679976940155,15508.696889495664
2025-11-05 22:00:00+00:00,0.9304999709129333,0.9312000274658203,0.9299700260162354,0.9310399889945984,14475.438312102791
2025-11-05 23:00:00+00:00,0.9310399889945984,0.9314299821853638,0.930429995059967,0.9308199882507324,15112.615058336456
2025-11-06 00:00:00+00:00,0.9309499859809875,0.9311000108718872,0.9299700260162354,0.9304400086402893,11905.568839060608
2025-11-06 01:00:00+00:00,0.9304199814796448,0.9309999942779541,0.9298999905586243,0.9308800101280212,11731.101651385603
2025-11-06 02:00:00+00:00,0.9308900237083435,0.9312000274658203,0.9303900003433228,0.9311400055885315,14334.733146082992
2025-11-06 03:00:00+00:00,0.9311299920082092,0.9312999844551086,0.9305800199508667,0.9311500191688538,11472.973924991036
2025-11-06 04:00:00+00:00,0.9311500191688538,0.9312400221824646,0.930620014667511,0.931190013885498,10088.549196678485
2025-11-06 05:00:00+00:00,0.9312000274658203,0.9313200116157532,0.9306100010871887,0.9312599897384644,5217.553088658149
2025-11-06 06:00:00+00:00,0.9312599897384644,0.9316499829292297,0.9308099746704102,0.9315299987792969,4173.516043399547
2025-11-06 07:00:00+00:00,0.9315400123596191,0.9315699934959412,0.9304500222206116,0.9309499859809875,4451.796937754961
2025-11-06 08:00:00+00:00,0.9309300184249878,0.9319000244140625,0.9304500222206116,0.9314200282096863,7324.194780836571
2025-11-06 09:00:00+00:00,0.931410014629364,0.9318000078201294,0.930840015411377,0.9312800168991089,7083.945646651929
2025-11-06 10:00:00+00:00,0.9312400221824646,0.9319999814033508,0.9307399988174438,0.9315000176429749,8467.420488098505
2025-11-06 11:00:00+00:00,0.9315199851989746,0.9316999912261963,0.9309300184249878,0.9315699934959412,8297.847648529048
2025-11-06 12:00:00+00:00,0.9315699934959412,0.9320700168609619,0.9307299852371216,0.9319400191307068,7821.685435767338
2025-11-06 13:00:00+00:00,0.9319700002670288,0.9319700002670288,0.930899977684021,0.9315099716186523,8220.55496086046
2025-11-06 14:00:00+00:00,0.9315099716186523,0.9319000244140625,0.9310399889945984,0.9315400123596191,6813.8982584143
2025-11-06 15:00:00+00:00,0.9315400123596191,0.9319599866867065,0.9304800033569336,0.9311599731445312,9843.45315426879
2025-11-06 16:00:00+00:00,0.9311500191688538,0.9316999912261963,0.930620014667511,0.9310899972915649,9397.158773061474
2025-11-06 17:00:00+00:00,0.9310899972915649,0.9316200017929077,0.9305199980735779,0.9314600229263306,11493.963498003599
2025-11-06 18:00:00+00:00,0.9314500093460083,0.9318199753761292,0.9308300018310547,0.9314900040626526,14325.490876705233
2025-11-06 19:00:00+00:00,0.9314900040626526,0.9316499829292297,0.9306100010871887,0.9311500191688538,13487.728562094635
2025-11-06 20:00:00+00:00,0.9311500191688538,0.9312499761581421,0.9302700161933899,0.9309399724006653,12706.051227930106
2025-11-06 21:00:00+00:00,0.9309200048446655,0.9312300086021423,0.9302700161933899,0.9312300086021423,12606.089905573968
2025-11-06 22:00:00+00:00,0.930899977684021,0.9312599897384644,0.9303100109100342,0.930869996547699,12744.303137061948
2025-11-06 23:00:00+00:00,0.930869996547699,0.9312000274658203,0.9304900169372559,0.9309399724006653,8800.235130056073
2025-11-07 00:00:00+00:00,0.9309399724006653,0.9314000010490417,0.9304900169372559,0.9311699867248535,8857.434255883118
2025-11-07 01:00:00+00:00,0.9311699867248535,0.9314000010490417,0.9305300116539001,0.9310399889945984,9340.6695109042
2025-11-07 02:00:00+00:00,0.9310399889945984,0.931439995765686,0.9304900169372559,0.9313700199127197,8279.301156216738
2025-11-07 03:00:00+00:00,0.9313799738883972,0.9315999746322632,0.930840015411377,0.9315299987792969,6755.060136373431
2025-11-07 04:00:00+00:00,0.9315199851989746,0.9316800236701965,0.930899977684021,0.9309700131416321,7595.16308288274
2025-11-07 05:00:00+00:00,0.9314000010490417,0.9318000078201294,0.9310100078582764,0.9315000176429749,5373.096318532641
2025-11-07 06:00:00+00:00,0.9315199851989746,0.9316999912261963,0.9308900237083435,0.931439995765686,3841.5511480183686
2025-11-07 07:00:00+00:00,0.931439995765686,0.9317399859428406,0.9308199882507324,0.9312199950218201,4303.786738779224
2025-11-07 08:00:00+00:00,0.9312199950218201,0.9323199987411499,0.9309599995613098,0.931850016117096,6065.428240263656
2025-11-07 09:00:00+00:00,0.9322999715805054,0.9326000213623047,0.93163001537323,0.9324700236320496,4804.000425614699
2025-11-07 10:00:00+00:00,0.9324700236320496,0.9326199889183044,0.9315800070762634,0.9322299957275391,4756.756093507146
2025-11-07 11:00:00+00:00,0.9322100281715393,0.9323400259017944,0.9305400252342224,0.9313499927520752,7704.5729586328935
2025-11-07 12:00:00+00:00,0.9313099980354309,0.9317499995231628,0.9305800199508667,0.9311500191688538,8551.224793289413
2025-11-07 13:00:00+00:00,0.9311500191688538,0.9315999746322632,0.9302800297737122,0.9314699769020081,10660.42971859586
2025-11-07 14:00:00+00:00,0.9314600229263306,0.9315999746322632,0.9300600290298462,0.9306300282478333,12345.994539028508
2025-11-07 15:00:00+00:00,0.9307699799537659,0.9313700199127197,0.9303399920463562,0.9311699867248535,11296.53177339296
2025-11-07 16:00:00+00:00,0.9311800003051758,0.9314200282096863,0.9302800297737122,0.9307699799537659,11174.574049541941
2025-11-07 17:00:00+00:00,0.9307699799537659,0.9312999844551086,0.9303299784660339,0.9308900237083435,15115.832751616865
2025-11-07 18:00:00+00:00,0.9309099912643433,0.9310299754142761,0.9302999973297119,0.930899977684021,11706.732193098289
2025-11-07 19:00:00+00:00,0.9309099912643433,0.9314000010490417,0.9304400086402893,0.931190013885498,15471.121780362706
2025-11-07 20:00:00+00:00,0.9311800003051758,0.9313899874687195,0.9303900003433228,0.9309499859809875,12664.684753348854
2025-11-07 21:00:00+00:00,0.9309599995613098,0.9312999844551086,0.9302600026130676,0.9309399724006653,14218.098294185418
2025-11-07 22:00:00+00:00,0.9307399988174438,0.9307399988174438,0.9307399988174438,0.9307399988174438,10829.752308731304
2025-11-10 00:00:00+00:00,0.9316200017929077,0.9319999814033508,0.9311100244522095,0.9315299987792969,10793.746677263982
2025-11-10 01:00:00+00:00,0.9315299987792969,0.9320999979972839,0.9310399889945984,0.9319999814033508,13484.515839970603
2025-11-10 02:00:00+00:00,0.9319900274276733,0.9321500062942505,0.9312000274658203,0.9316499829292297,11095.867821540814
2025-11-10 03:00:00+00:00,0.9316400289535522,0.9319000244140625,0.9311599731445312,0.9317299723625183,8315.126395565789
2025-11-10 04:00:00+00:00,0.9317200183868408,0.9320099949836731,0.9313200116157532,0.9318900108337402,6309.946006367948
2025-11-10 05:00:00+00:00,0.931850016117096,0.9320499897003174,0.9313399791717529,0.9318299889564514,3514.854013561218
2025-11-10 06:00:00+00:00,0.9317899942398071,0.9322100281715393,0.9312099814414978,0.9320600032806396,4180.581278606908
2025-11-10 07:00:00+00:00,0.9320899844169617,0.9321500062942505,0.9310299754142761,0.9318900108337402,4773.383736648984
2025-11-10 08:00:00+00:00,0.9319199919700623,0.9325500130653381,0.9314200282096863,0.9322900176048279,4088.100794938945
2025-11-10 09:00:00+00:00,0.9322900176048279,0.9325000047683716,0.9312899708747864,0.9322599768638611,6373.415512700368
2025-11-10 10:00:00+00:00,0.9322699904441833,0.9323300123214722,0.9311800003051758,0.9321600198745728,6285.040728417812
2025-11-10 11:00:00+00:00,0.9321399927139282,0.9321799874305725,0.9311500191688538,0.9318100214004517,5611.322254608329
2025-11-10 12:00:00+00:00,0.9318100214004517,0.9319199919700623,0.9312000274658203,0.9317499995231628,5610.166566462802
2025-11-10 13:00:00+00:00,0.9317399859428406,0.9318400025367737,0.9304999709129333,0.9309099912643433,9055.948282802565
2025-11-10 14:00:00+00:00,0.9308900237083435,0.9314500093460083,0.9303600192070007,0.9310200214385986,8015.277330490691
2025-11-10 15:00:00+00:00,0.9310200214385986,0.9316499829292297,0.9305700063705444,0.9310399889945984,7694.187661942795
2025-11-10 16:00:00+00:00,0.9310100078582764,0.9312599897384644,0.9302099943161011,0.9307799935340881,7874.021530323384
2025-11-10 17:00:00+00:00,0.9307900071144104,0.9308199882507324,0.9296799898147583,0.9303200244903564,10424.164356795143
2025-11-10 18:00:00+00:00,0.9303200244903564,0.9304400086402893,0.9297000169754028,0.9301199913024902,8399.376609693034
2025-11-10 19:00:00+00:00,0.9301300048828125,0.9304999709129333,0.929639995098114,0.9303600192070007,11249.55974409955
2025-11-10 20:00:00+00:00,0.9303500056266785,0.9305999875068665,0.9299399852752686,0.9304199814796448,8866.450301830515
2025-11-10 21:00:00+00:00,0.930429995059967,0.930679976940155,0.9297400116920471,0.9301499724388123,8476.413819712427
2025-11-10 22:00:00+00:00,0.9301499724388123,0.9307600259780884,0.9295700192451477,0.9302099943161011,7118.251969626533
2025-11-10 23:00:00+00:00,0.9300600290298462,0.9305999875068665,0.9298400282859802,0.930429995059967,7543.979505717168
2025-11-11 00:00:00+00:00,0.9304599761962891,0.9308599829673767,0.9300600290298462,0.9307900071144104,6287.091573396727
2025-11-11 01:00:00+00:00,0.9308000206947327,0.9309999942779541,0.9298999905586243,0.930400013923645,6068.181252809992
2025-11-11 02:00:00+00:00,0.930400013923645,0.930429995059967,0.9295399785041809,0.9300699830055237,8149.146802431804
2025-11-11 03:00:00+00:00,0.9300699830055237,0.9304100275039673,0.9296299815177917,0.9302899837493896,5039.75590522515
2025-11-11 04:00:00+00:00,0.9302999973297119,0.930400013923645,0.9294899702072144,0.9299399852752686,6345.969824309581
2025-11-11 05:00:00+00:00,0.9299399852752686,0.9300299882888794,0.9291599988937378,0.9295700192451477,4306.603998057591
2025-11-11 06:00:00+00:00,0.9295700192451477,0.9298999905586243,0.9291200041770935,0.9297000169754028,3772.038296232871
2025-11-11 07:00:00+00:00,0.9296900033950806,0.9300500154495239,0.9284200072288513,0.9287599921226501,5190.935320141735
2025-11-11 08:00:00+00:00,0.9287499785423279,0.9294800162315369,0.928309977054596,0.928879976272583,7546.859338450415
2025-11-11 09:00:00+00:00,0.9288899898529053,0.9290000200271606,0.9278799891471863,0.9289199709892273,7051.268030572468
2025-11-11 10:00:00+00:00,0.9288899898529053,0.9289500117301941,0.9277300238609314,0.9282100200653076,9991.63005020449
2025-11-11 11:00:00+00:00,0.9282100200653076,0.9282600283622742,0.9272400140762329,0.9279000163078308,10112.260363620253
2025-11-11 12:00:00+00:00,0.9278900027275085,0.9280200004577637,0.927079975605011,0.9277700185775757,8474.34112989936
2025-11-11 13:00:00+00:00,0.9277799725532532,0.9279400110244751,0.9265199899673462,0.9273399710655212,9207.632768032674
2025-11-11 14:00:00+00:00,0.9273200035095215,0.9276000261306763,0.9261299967765808,0.9274899959564209,10528.547755834288
2025-11-11 15:00:00+00:00,0.9274899959564209,0.9276700019836426,0.9267799854278564,0.9272400140762329,9876.41758519209
2025-11-11 16:00:00+00:00,0.9272300004959106,0.9277499914169312,0.9265000224113464,0.9269999861717224,11582.894998336202
2025-11-11 17:00:00+00:00,0.9269899725914001,0.9275199770927429,0.9265699982643127,0.9273800253868103,15049.73403055352
2025-11-11 18:00:00+00:00,0.9273800253868103,0.9276400208473206,0.9267600178718567,0.9274299740791321,12451.279311784132
2025-11-11 19:00:00+00:00,0.9274200201034546,0.927619993686676,0.9267600178718567,0.9271900057792664,12894.708736272129
2025-11-11 20:00:00+00:00,0.9272000193595886,0.9275000095367432,0.9262700080871582,0.927049994468689,16661.382690801656
2025-11-11 21:00:00+00:00,0.9270300269126892,0.927299976348877,0.9261800050735474,0.9261800050735474,11763.240166104308
2025-11-11 22:00:00+00:00,0.9262800216674805,0.927619993686676,0.9261800050735474,0.9273399710655212,13090.372235244671
2025-11-11 23:00:00+00:00,0.9272800087928772,0.9273999929428101,0.9267100095748901,0.9273399710655212,11643.291300722276
2025-11-12 00:00:00+00:00,0.927299976348877,0.9273999929428101,0.9266700148582458,0.9273399710655212,11412.689034184003
2025-11-12 01:00:00+00:00,0.9273399710655212,0.9274399876594543,0.9265699982643127,0.9270300269126892,9412.38229205428
2025-11-12 02:00:00+00:00,0.9270300269126892,0.9272199869155884,0.926580011844635,0.9271600246429443,9506.665678578538
2025-11-12 03:00:00+00:00,0.9271600246429443,0.9272000193595886,0.9263899922370911,0.9268900156021118,8409.999602607026
2025-11-12 04:00:00+00:00,0.9268800020217896,0.9269999861717224,0.9262300133705139,0.926800012588501,5653.307285784674
2025-11-12 05:00:00+00:00,0.926800012588501,0.9269999861717224,0.9261599779129028,0.9268500208854675,4968.822738450763
2025-11-12 06:00:00+00:00,0.9268500208854675,0.9272199869155884,0.9264299869537354,0.9268199801445007,4427.023431722379
2025-11-12 07:00:00+00:00,0.9267899990081787,0.9269999861717224,0.9259399771690369,0.9263399839401245,4602.692312360675
2025-11-12 08:00:00+00:00,0.9263799786567688,0.9264000058174133,0.9247699975967407,0.92535001039505,6891.924446482142
2025-11-12 09:00:00+00:00,0.925320029258728,0.9258300065994263,0.9241200089454651,0.9247000217437744,8536.270312554829
2025-11-12 10:00:00+00:00,0.9247099757194519,0.925320029258728,0.92399001121521,0.9249500036239624,11551.46934388079
2025-11-12 11:00:00+00:00,0.9249500036239624,0.9250800013542175,0.9240999817848206,0.924809992313385,9848.988769945194
2025-11-12 12:00:00+00:00,0.924809992313385,0.9251199960708618,0.924310028553009,0.9247999787330627,6952.389573375037
2025-11-12 13:00:00+00:00,0.9248200058937073,0.9250400066375732,0.9235000014305115,0.9239299893379211,7903.482865824542
2025-11-12 14:00:00+00:00,0.9239299893379211,0.9241099953651428,0.9231600165367126,0.9240599870681763,11142.560385617142
2025-11-12 15:00:00+00:00,0.9240400195121765,0.9242299795150757,0.9228500127792358,0.9241499900817871,13542.836648315644
2025-11-12 16:00:00+00:00,0.9241700172424316,0.9243999719619751,0.9235100150108337,0.92399001121521,11607.04854784733
2025-11-12 17:00:00+00:00,0.9239799976348877,0.9243000149726868,0.9234700202941895,0.9239500164985657,12428.562219224792
2025-11-12 18:00:00+00:00,0.9239599704742432,0.9243000149726868,0.923550009727478,0.9242200255393982,12852.099167396667
2025-11-12 19:00:00+00:00,0.9242200255393982,0.9244199991226196,0.923550009727478,0.924340009689331,11738.6073451844
2025-11-12 20:00:00+00:00,0.9243500232696533,0.9247000217437744,0.9238100051879883,0.9246600270271301,15928.711929437059
2025-11-12 21:00:00+00:00,0.9246699810028076,0.9249399900436401,0.9239199757575989,0.9244999885559082,13456.825141521282
2025-11-12 22:00:00+00:00,0.9241399765014648,0.9248999953269958,0.9238600134849548,0.92426997423172,13626.279573797401
2025-11-12 23:00:00+00:00,0.9243900179862976,0.9248999953269958,0.9240999817848206,0.9248200058937073,8249.624088847348
2025-11-13 00:00:00+00:00,0.9247699975967407,0.9248999953269958,0.9240400195121765,0.924530029296875,8234.681843391483
2025-11-13 01:00:00+00:00,0.9245399832725525,0.925000011920929,0.9241499900817871,0.9249299764633179,7241.247737401966
2025-11-13 02:00:00+00:00,0.9249299764633179,0.9254999756813049,0.9244800209999084,0.925320029258728,7466.568333158914
2025-11-13 03:00:00+00:00,0.9253399968147278,0.9257000088691711,0.9247300028800964,0.9254400134086609,5090.360274839269
2025-11-13 04:00:00+00:00,0.9254400134086609,0.925599992275238,0.924780011177063,0.9254500269889832,5528.169523929156
2025-11-13 05:00:00+00:00,0.9254400134086609,0.9257500171661377,0.925029993057251,0.9256600141525269,3502.5493107853267
2025-11-13 06:00:00+00:00,0.9256600141525269,0.9258099794387817,0.925000011920929,0.9255099892616272,3369.1378990347766
2025-11-13 07:00:00+00:00,0.9255200028419495,0.9257299900054932,0.9240999817848206,0.9246799945831299,6152.576056070562
2025-11-13 08:00:00+00:00,0.9247099757194519,0.924839973449707,0.9230999946594238,0.9236699938774109,8799.867207553096
2025-11-13 09:00:00+00:00,0.9236699938774109,0.9244999885559082,0.9233499765396118,0.9240300059318542,9725.161290147396
2025-11-13 10:00:00+00:00,0.9240300059318542,0.9241200089454651,0.9231699705123901,0.9239699840545654,9926.03153707222
2025-11-13 11:00:00+00:00,0.9239699840545654,0.9243000149726868,0.9232400059700012,0.9236999750137329,9167.57287702133
2025-11-13 12:00:00+00:00,0.9236999750137329,0.9242200255393982,0.9230700135231018,0.9241799712181091,10991.538390422209
2025-11-13 13:00:00+00:00,0.9241499900817871,0.9247099757194519,0.9236000180244446,0.9246600270271301,12870.209319096406
2025-11-13 14:00:00+00:00,0.9246500134468079,0.9247199892997742,0.9235000014305115,0.92426997423172,13114.786646456749
2025-11-13 15:00:00+00:00,0.92426997423172,0.9243999719619751,0.9219099879264832,0.9226300120353699,17915.06311950205
2025-11-13 16:00:00+00:00,0.9226300120353699,0.9228000044822693,0.9214400053024292,0.9221699833869934,17083.480229189645
2025-11-13 17:00:00+00:00,0.9221699833869934,0.9223999977111816,0.921209990978241,0.9218500256538391,22217.45841459504
2025-11-13 18:00:00+00:00,0.9218199849128723,0.921970009803772,0.9210000038146973,0.921779990196228,18627.98634818133
2025-11-13 19:00:00+00:00,0.921750009059906,0.9223499894142151,0.9213399887084961,0.9223300218582153,18955.568003893084
2025-11-13 20:00:00+00:00,0.9223200082778931,0.9225500226020813,0.9216600060462952,0.9224799871444702,17565.999998182848
2025-11-13 21:00:00+00:00,0.9224799871444702,0.9227200150489807,0.9215700030326843,0.9216099977493286,16120.002044210607
2025-11-13 22:00:00+00:00,0.9215999841690063,0.922510027885437,0.9214699864387512,0.9223499894142151,21055.652473645834
2025-11-13 23:00:00+00:00,0.9220499992370605,0.9226199984550476,0.921779990196228,0.9225299954414368,16600.082835098143
2025-11-14 00:00:00+00:00,0.9225599765777588,0.9227799773216248,0.9218999743461609,0.9223399758338928,14462.171433360052
2025-11-14 01:00:00+00:00,0.9223200082778931,0.9227399826049805,0.9218400120735168,0.9226199984550476,13174.641859232748
2025-11-14 02:00:00+00:00,0.9226199984550476,0.9229199886322021,0.9218000173568726,0.9223499894142151,16770.50680236416
2025-11-14 03:00:00+00:00,0.9223700165748596,0.9223999977111816,0.9216499924659729,0.9222099781036377,14748.800155108496
2025-11-14 04:00:00+00:00,0.9221699833869934,0.922249972820282,0.9214699864387512,0.9219499826431274,11669.84052742216
2025-11-14 05:00:00+00:00,0.9219300150871277,0.9223899841308594,0.9214299917221069,0.9223200082778931,8082.9194924961075
2025-11-14 06:00:00+00:00,0.9223099946975708,0.9223700165748596,0.921239972114563,0.9217600226402283,8048.292464041449
2025-11-14 07:00:00+00:00,0.921720027923584,0.9217399954795837,0.920199990272522,0.9207299947738647,10704.045608934699
2025-11-14 08:00:00+00:00,0.9207500219345093,0.9211000204086304,0.9182199835777283,0.9203400015830994,14637.649490611331
2025-11-14 09:00:00+00:00,0.9203600287437439,0.9208999872207642,0.919979989528656,0.9205800294876099,14570.094424051218
2025-11-14 10:00:00+00:00,0.9205999970436096,0.9208400249481201,0.9194700121879578,0.9204199910163879,14711.108442535344
2025-11-14 11:00:00+00:00,0.9203900098800659,0.9204099774360657,0.918969988822937,0.919510006904602,15761.826289628285
2025-11-14 12:00:00+00:00,0.919510006904602,0.9196100234985352,0.917739987373352,0.9186300039291382,18831.012292984946
2025-11-14 13:00:00+00:00,0.9186300039291382,0.9191200137138367,0.9175599813461304,0.9187899827957153,23116.33111343392
2025-11-14 14:00:00+00:00,0.9187899827957153,0.9201599955558777,0.917930006980896,0.9201599955558777,21992.310814461758
2025-11-14 15:00:00+00:00,0.9201599955558777,0.9215700030326843,0.9197700023651123,0.921239972114563,24281.4485248426
2025-11-14 16:00:00+00:00,0.9212499856948853,0.9218500256538391,0.9204800128936768,0.9216099977493286,29292.984783223117
2025-11-14 17:00:00+00:00,0.9216300249099731,0.9228000044822693,0.9211500287055969,0.9221299886703491,31498.49793137643
2025-11-14 18:00:00+00:00,0.9221199750900269,0.9223499894142151,0.9214800000190735,0.9221799969673157,29484.830642433208
2025-11-14 19:00:00+00:00,0.9221799969673157,0.9225000143051147,0.9217100143432617,0.9223999977111816,31439.08136439666
2025-11-14 20:00:00+00:00,0.9223999977111816,0.9227100014686584,0.9218900203704834,0.9225500226020813,28053.757112630603
2025-11-14 21:00:00+00:00,0.9225599765777588,0.9230499863624573,0.9221199750900269,0.9224200248718262,28729.7699175893
2025-11-14 22:00:00+00:00,0.9222099781036377,0.9222099781036377,0.9222000241279602,0.9222000241279602,19667.602193535888
2025-11-17 00:00:00+00:00,0.9225000143051147,0.9226999878883362,0.9215099811553955,0.9221100211143494,19672.107909728406
2025-11-17 01:00:00+00:00,0.9221100211143494,0.9223200082778931,0.9214800000190735,0.9221000075340271,23149.187801052154
2025-11-17 02:00:00+00:00,0.9220799803733826,0.9225000143051147,0.9214699864387512,0.9224500060081482,18393.26634204783
2025-11-17 03:00:00+00:00,0.9224500060081482,0.9227100014686584,0.9219499826431274,0.9224399924278259,13774.397175363056
2025-11-17 04:00:00+00:00,0.9224399924278259,0.9226400256156921,0.9217600226402283,0.9221799969673157,11228.935641938411
2025-11-17 05:00:00+00:00,0.9221799969673157,0.92221999168396,0.9214299917221069,0.9221100211143494,9088.555361846404
2025-11-17 06:00:00+00:00,0.9221100211143494,0.9224399924278259,0.9215499758720398,0.9221000075340271,6208.025078618351
2025-11-17 07:00:00+00:00,0.9221500158309937,0.9222999811172485,0.9208499789237976,0.9212899804115295,6052.874322218718
2025-11-17 08:00:00+00:00,0.9212899804115295,0.9223099946975708,0.920710027217865,0.9221100211143494,5632.083869427528
2025-11-17 09:00:00+00:00,0.9220799803733826,0.922249972820282,0.9208300113677979,0.9214900135993958,7646.4116952729555
2025-11-17 10:00:00+00:00,0.921500027179718,0.9227100014686584,0.9211900234222412,0.9225800037384033,8569.13731489104
2025-11-17 11:00:00+00:00,0.9225800037384033,0.923009991645813,0.9219499826431274,0.9226300120353699,10039.7841796452
2025-11-17 12:00:00+00:00,0.9226300120353699,0.9228000044822693,0.9218999743461609,0.9225599765777588,10707.58832335888
2025-11-17 13:00:00+00:00,0.9225299954414368,0.9228000044822693,0.92180997133255,0.9224500060081482,13480.501501040868
2025-11-17 14:00:00+00:00,0.9224500060081482,0.9225299954414368,0.9212300181388855,0.9216600060462952,11785.927240988576
2025-11-17 15:00:00+00:00,0.9216600060462952,0.9225999712944031,0.9210799932479858,0.9225000143051147,13857.176629372352
2025-11-17 16:00:00+00:00,0.922510027885437,0.9228000044822693,0.9215999841690063,0.9226099848747253,16742.94167788416
2025-11-17 17:00:00+00:00,0.9226199984550476,0.9226999878883362,0.9218800067901611,0.9224500060081482,14873.216128750137
2025-11-17 18:00:00+00:00,0.9224500060081482,0.9226499795913696,0.92194002866745,0.922469973564148,12419.539709754747
2025-11-17 19:00:00+00:00,0.922469973564148,0.9227100014686584,0.9219800233840942,0.9226099848747253,15358.71952621451
2025-11-17 20:00:00+00:00,0.9226099848747253,0.9230999946594238,0.9221600294113159,0.9230300188064575,13261.862608486688
2025-11-17 21:00:00+00:00,0.9230599999427795,0.9230899810791016,0.9221600294113159,0.9224900007247925,9283.434138015395
2025-11-17 22:00:00+00:00,0.9221600294113159,0.922950029373169,0.9217699766159058,0.9224399924278259,12215.009401538146
2025-11-17 23:00:00+00:00,0.922249972820282,0.9229999780654907,0.9221000075340271,0.922789990901947,10021.899192705741
2025-11-18 00:00:00+00:00,0.9228699803352356,0.9229999780654907,0.9219599962234497,0.9224100112915039,9934.114352034385
2025-11-18 01:00:00+00:00,0.9223899841308594,0.9229000210762024,0.9219599962234497,0.9226700067520142,9337.108141857221
2025-11-18 02:00:00+00:00,0.9226599931716919,0.9228000044822693,0.9221400022506714,0.9226099848747253,7709.124176151327
2025-11-18 03:00:00+00:00,0.9226400256156921,0.9226499795913696,0.9215599894523621,0.922029972076416,8137.75163101007
2025-11-18 04:00:00+00:00,0.9220200181007385,0.9221000075340271,0.9207000136375427,0.9213299751281738,10145.036791787696
2025-11-18 05:00:00+00:00,0.9213399887084961,0.9216099977493286,0.920799970626831,0.9214900135993958,6570.13050885522
2025-11-18 06:00:00+00:00,0.9214900135993958,0.9215999841690063,0.9203199744224548,0.9208499789237976,8259.986084525086
2025-11-18 07:00:00+00:00,0.9208599925041199,0.9217699766159058,0.9202600121498108,0.92153000831604,8293.605943391462
2025-11-18 08:00:00+00:00,0.9215599894523621,0.9221000075340271,0.9210699796676636,0.9218500256538391,9152.883717865398
2025-11-18 09:00:00+00:00,0.9218500256538391,0.9229099750518799,0.9213700294494629,0.9229000210762024,13298.359874767812
2025-11-18 10:00:00+00:00,0.9228900074958801,0.9237200021743774,0.92221999168396,0.9236199855804443,15549.494964786465
2025-11-18 11:00:00+00:00,0.9235799908638,0.9236999750137329,0.9226800203323364,0.9231699705123901,12714.881707048933
2025-11-18 12:00:00+00:00,0.9231799840927124,0.923259973526001,0.9223899841308594,0.923009991645813,13315.648234736467
2025-11-18 13:00:00+00:00,0.9230200052261353,0.9237499833106995,0.9223600029945374,0.9235799908638,13820.408154978812
2025-11-18 14:00:00+00:00,0.9235799908638,0.9243000149726868,0.9229300022125244,0.9240900278091431,17529.800023669024
2025-11-18 15:00:00+00:00,0.9240599870681763,0.9252099990844727,0.9237499833106995,0.924809992313385,17363.731422130433
2025-11-18 16:00:00+00:00,0.9248300194740295,0.9261000156402588,0.9244199991226196,0.9258300065994263,18303.005016736184
2025-11-18 17:00:00+00:00,0.9258300065994263,0.926069974899292,0.924809992313385,0.9257400035858154,20967.3640296434
2025-11-18 18:00:00+00:00,0.9257500171661377,0.9258000254631042,0.9247999787330627,0.9252499938011169,19577.636033876897
2025-11-18 19:00:00+00:00,0.9252600073814392,0.9258999824523926,0.9247099757194519,0.9258000254631042,21544.143320993084
2025-11-18 20:00:00+00:00,0.9258000254631042,0.9262599945068359,0.9253900051116943,0.9260799884796143,18196.366616719803
2025-11-18 21:00:00+00:00,0.9260799884796143,0.9264199733734131,0.9250800013542175,0.9257100224494934,20617.18761165604
2025-11-18 22:00:00+00:00,0.9251000285148621,0.9261000156402588,0.9246900081634521,0.9252899885177612,20099.81220097729
2025-11-18 23:00:00+00:00,0.9253799915313721,0.926800012588501,0.9252499938011169,0.926639974117279,22952.39094868942
2025-11-19 00:00:00+00:00,0.926609992980957,0.9266700148582458,0.925599992275238,0.9263700246810913,17576.144700210327
2025-11-19 01:00:00+00:00,0.9263700246810913,0.9268100261688232,0.926010012626648,0.9265400171279907,20304.22406680367
2025-11-19 02:00:00+00:00,0.9265400171279907,0.9269999861717224,0.9261400103569031,0.9266499876976013,19395.506130198923
2025-11-19 03:00:00+00:00,0.926639974117279,0.9266999959945679,0.9259799718856812,0.9265900254249573,17106.97004782547
2025-11-19 04:00:00+00:00,0.9265900254249573,0.9269000291824341,0.9260500073432922,0.9268100261688232,14908.341087684903
2025-11-19 05:00:00+00:00,0.9267699718475342,0.926829993724823,0.9254599809646606,0.9262199997901917,13355.669938020712
2025-11-19 06:00:00+00:00,0.9262199997901917,0.9267100095748901,0.9258000254631042,0.9265099763870239,12350.981988468788
2025-11-19 07:00:00+00:00,0.9265199899673462,0.9266999959945679,0.9253900051116943,0.9257400035858154,12294.76189113682
2025-11-19 08:00:00+00:00,0.9256799817085266,0.9262999892234802,0.9250699877738953,0.9260500073432922,11853.786384147845
2025-11-19 09:00:00+00:00,0.9260299801826477,0.9274500012397766,0.9255099892616272,0.9273899793624878,14898.968550621763
2025-11-19 10:00:00+00:00,0.927370011806488,0.9290300011634827,0.9269700050354004,0.9289399981498718,17833.3795857222
2025-11-19 11:00:00+00:00,0.9289299845695496,0.9290000200271606,0.9276900291442871,0.9288300275802612,18635.13613793536
2025-11-19 12:00:00+00:00,0.9288300275802612,0.9290599822998047,0.9279099702835083,0.9285399913787842,17865.162654160034
2025-11-19 13:00:00+00:00,0.9285100102424622,0.9288399815559387,0.9277200102806091,0.9286800026893616,18238.570953485665
2025-11-19 14:00:00+00:00,0.9286900162696838,0.9288600087165833,0.9272000193595886,0.9285699725151062,19481.652229389387
2025-11-19 15:00:00+00:00,0.9285799860954285,0.9295499920845032,0.9282299876213074,0.9289299845695496,17315.019058845126
2025-11-19 16:00:00+00:00,0.9289299845695496,0.9290599822998047,0.9279400110244751,0.9284499883651733,19165.673265834932
2025-11-19 17:00:00+00:00,0.9284300208091736,0.9286699891090393,0.9277300238609314,0.9280800223350525,20859.11320258437
2025-11-19 18:00:00+00:00,0.9280999898910522,0.9286999702453613,0.9276800155639648,0.9284600019454956,21267.254076200927
2025-11-19 19:00:00+00:00,0.9285899996757507,0.9292200207710266,0.9279800057411194,0.9290500283241272,17880.627896369046
2025-11-19 20:00:00+00:00,0.9290300011634827,0.9291499853134155,0.9284200072288513,0.9290199875831604,19116.641206784174
2025-11-19 21:00:00+00:00,0.9290500283241272,0.9296000003814697,0.9281799793243408,0.9290199875831604,21043.64138384104
2025-11-19 22:00:00+00:00,0.9288600087165833,0.9293000102043152,0.9284999966621399,0.9291499853134155,17973.908997068498
2025-11-19 23:00:00+00:00,0.9291399717330933,0.9296000003814697,0.9287499785423279,0.9293000102043152,18031.99292412153
2025-11-20 00:00:00+00:00,0.9293699860572815,0.9294999837875366,0.9284200072288513,0.9289100170135498,14873.193057885954
2025-11-20 01:00:00+00:00,0.9289100170135498,0.9292100071907043,0.9282299876213074,0.9289600253105164,12551.183542732726
2025-11-20 02:00:00+00:00,0.9289799928665161,0.9293000102043152,0.928380012512207,0.9291599988937378,14329.933804659719
2025-11-20 03:00:00+00:00,0.9291499853134155,0.9294099807739258,0.928659975528717,0.9291700124740601,10324.107195799243
2025-11-20 04:00:00+00:00,0.9291700124740601,0.9293000102043152,0.9285600185394287,0.9291999936103821,8820.402819735109
2025-11-20 05:00:00+00:00,0.9291700124740601,0.9294000267982483,0.9283599853515625,0.9290500283241272,7645.065343163906
2025-11-20 06:00:00+00:00,0.9290199875831604,0.9291999936103821,0.9282299876213074,0.9289100170135498,8107.442360529588
2025-11-20 07:00:00+00:00,0.9289199709892273,0.9291999936103821,0.9281200170516968,0.9286100268363953,7577.052795790616
2025-11-20 08:00:00+00:00,0.928600013256073,0.9289000034332275,0.9279199838638306,0.9285299777984619,7161.82059841345
2025-11-20 09:00:00+00:00,0.9285299777984619,0.9287999868392944,0.92781001329422,0.9285699725151062,7005.097328621829
2025-11-20 10:00:00+00:00,0.9285699725151062,0.9297099709510803,0.9281100034713745,0.9294999837875366,8676.147458734784
2025-11-20 11:00:00+00:00,0.9294999837875366,0.9297000169754028,0.928820013999939,0.9294599890708923,6975.861637544697
2025-11-20 12:00:00+00:00,0.9294099807739258,0.9299100041389465,0.9287499785423279,0.9294599890708923,9330.979412518722
2025-11-20 13:00:00+00:00,0.9294700026512146,0.92985999584198,0.9284999966621399,0.929610013961792,8667.608246151734
2025-11-20 14:00:00+00:00,0.9296500086784363,0.9303500056266785,0.9292399883270264,0.930109977722168,11728.925372858697
2025-11-20 15:00:00+00:00,0.9301300048828125,0.9304999709129333,0.9292399883270264,0.9297000169754028,10202.554710571116
2025-11-20 16:00:00+00:00,0.929669976234436,0.9297599792480469,0.9284499883651733,0.9289399981498718,10523.713225711695
2025-11-20 17:00:00+00:00,0.9289399981498718,0.929419994354248,0.9280300140380859,0.9287800192832947,13759.221985873834
2025-11-20 18:00:00+00:00,0.9287800192832947,0.9295099973678589,0.9283400177955627,0.9289799928665161,19036.182879861088
2025-11-20 19:00:00+00:00,0.9289799928665161,0.9293000102043152,0.9283400177955627,0.9291599988937378,13414.918354830921
2025-11-20 20:00:00+00:00,0.9291700124740601,0.9293100237846375,0.9285799860954285,0.9290800094604492,13597.327332804298
2025-11-20 21:00:00+00:00,0.929069995880127,0.9294000267982483,0.9282100200653076,0.9288100004196167,15425.175022453219
2025-11-20 22:00:00+00:00,0.9281499981880188,0.9291099905967712,0.9281499981880188,0.9289000034332275,14848.427823347998
2025-11-20 23:00:00+00:00,0.9286400079727173,0.9291200041770935,0.9282100200653076,0.9290599822998047,15056.49365487474
2025-11-21 00:00:00+00:00,0.9290599822998047,0.9294000267982483,0.9281700253486633,0.928629994392395,11110.301994383075
2025-11-21 01:00:00+00:00,0.9286400079727173,0.9291099905967712,0.928059995174408,0.9288600087165833,14889.575670912523
2025-11-21 02:00:00+00:00,0.928849995136261,0.9289299845695496,0.9280499815940857,0.9284700155258179,10093.827423754528
2025-11-21 03:00:00+00:00,0.9284600019454956,0.9285500049591064,0.9278299808502197,0.9283699989318848,12094.622932644785
2025-11-21 04:00:00+00:00,0.9283699989318848,0.9283999800682068,0.9275199770927429,0.9282299876213074,9962.003142232721
2025-11-21 05:00:00+00:00,0.9282299876213074,0.9285299777984619,0.9276300072669983,0.9280999898910522,8623.84864892288
2025-11-21 06:00:00+00:00,0.9280999898910522,0.9286100268363953,0.9276700019836426,0.9285699725151062,7762.546875032717
2025-11-21 07:00:00+00:00,0.9285699725151062,0.9286500215530396,0.9274500012397766,0.9281399846076965,7805.3769164537725
2025-11-21 08:00:00+00:00,0.9281499981880188,0.9296500086784363,0.9272599816322327,0.9294000267982483,10501.601713562077
2025-11-21 09:00:00+00:00,0.9294300079345703,0.9297000169754028,0.9279000163078308,0.9282699823379517,14270.36846552857
2025-11-21 10:00:00+00:00,0.9283000230789185,0.9283199906349182,0.927299976348877,0.9279500246047974,14355.98179585011
2025-11-21 11:00:00+00:00,0.9279500246047974,0.9291499853134155,0.9275100231170654,0.9287400245666504,14264.53726021548
2025-11-21 12:00:00+00:00,0.9287199974060059,0.9291499853134155,0.9275199770927429,0.9287599921226501,17064.297376145678
2025-11-21 13:00:00+00:00,0.9287599921226501,0.9296000003814697,0.9283199906349182,0.9294999837875366,17438.741860188748
2025-11-21 14:00:00+00:00,0.9294700026512146,0.9298999905586243,0.9285200238227844,0.9291700124740601,17732.628100597878
2025-11-21 15:00:00+00:00,0.9291700124740601,0.930109977722168,0.9284499883651733,0.9300400018692017,21661.920185659103
2025-11-21 16:00:00+00:00,0.9300400018692017,0.9309499859809875,0.9295300245285034,0.9304199814796448,23223.222513608733
2025-11-21 17:00:00+00:00,0.9304100275039673,0.9307399988174438,0.9297299981117249,0.9301400184631348,21974.895196581903
2025-11-21 18:00:00+00:00,0.9301599860191345,0.9307799935340881,0.9296500086784363,0.9303299784660339,24475.904181745525
2025-11-21 19:00:00+00:00,0.9303299784660339,0.930400013923645,0.9295799732208252,0.9300299882888794,23960.573563649512
2025-11-21 20:00:00+00:00,0.9300299882888794,0.9303500056266785,0.9294899702072144,0.9301900267601013,24750.110467212464
2025-11-21 21:00:00+00:00,0.9302099943161011,0.9309999942779541,0.9297099709510803,0.930649995803833,24218.883347901206
2025-11-21 22:00:00+00:00,0.9305499792098999,0.9305499792098999,0.9305499792098999,0.9305499792098999,19386.56149785944
2025-11-24 00:00:00+00:00,0.9305300116539001,0.9307000041007996,0.9297699928283691,0.9303500056266785,14496.037618919156
2025-11-24 01:00:00+00:00,0.9303500056266785,0.9311000108718872,0.9299499988555908,0.9308900237083435,15808.80394224309
2025-11-24 02:00:00+00:00,0.9308900237083435,0.9314000010490417,0.9304699897766113,0.9312300086021423,15261.949961511953
2025-11-24 03:00:00+00:00,0.9312300086021423,0.9312999844551086,0.9305499792098999,0.9310500025749207,10618.403636489233
2025-11-24 04:00:00+00:00,0.9310500025749207,0.9312999844551086,0.9306300282478333,0.9312000274658203,8735.884805389907
2025-11-24 05:00:00+00:00,0.9312000274658203,0.931439995765686,0.9307399988174438,0.9312199950218201,6895.853529890322
2025-11-24 06:00:00+00:00,0.9312099814414978,0.9318100214004517,0.9307900071144104,0.9315999746322632,4854.042041678433
2025-11-24 07:00:00+00:00,0.9315999746322632,0.932449996471405,0.9309899806976318,0.9323899745941162,5320.519439634436
2025-11-24 08:00:00+00:00,0.9324300289154053,0.932449996471405,0.930840015411377,0.9312999844551086,6543.638633879902
2025-11-24 09:00:00+00:00,0.9313200116157532,0.9316099882125854,0.9299700260162354,0.9306600093841553,8407.506240824005
2025-11-24 10:00:00+00:00,0.9306700229644775,0.9310600161552429,0.9297800064086914,0.9304599761962891,9477.918216329115
2025-11-24 11:00:00+00:00,0.9304900169372559,0.9317600131034851,0.9298200011253357,0.9317499995231628,11983.28684524157
2025-11-24 12:00:00+00:00,0.9317299723625183,0.9323499798774719,0.9306899905204773,0.9323099851608276,11791.94261323451
2025-11-24 13:00:00+00:00,0.9323099851608276,0.9325000047683716,0.9312099814414978,0.9316700100898743,20861.42927262773
2025-11-24 14:00:00+00:00,0.9316700100898743,0.9318600296974182,0.930400013923645,0.9310700297355652,18102.78369148302
2025-11-24 15:00:00+00:00,0.9310700297355652,0.9319000244140625,0.9305599927902222,0.9311400055885315,19919.544329130782
2025-11-24 16:00:00+00:00,0.9311299920082092,0.9316200017929077,0.9304199814796448,0.9310899972915649,17852.69419037693
2025-11-24 17:00:00+00:00,0.9310899972915649,0.9317299723625183,0.9306399822235107,0.9312499761581421,19886.791786834216
2025-11-24 18:00:00+00:00,0.9312400221824646,0.9313200116157532,0.930400013923645,0.9310500025749207,25148.32240025266
2025-11-24 19:00:00+00:00,0.9310600161552429,0.9314000010490417,0.9305499792098999,0.9310399889945984,21874.80787833845
2025-11-24 20:00:00+00:00,0.9310200214385986,0.9313499927520752,0.9305999875068665,0.9312899708747864,21262.711896979756
2025-11-24 21:00:00+00:00,0.9312899708747864,0.9317200183868408,0.9306100010871887,0.9311599731445312,16664.38462079292
2025-11-24 22:00:00+00:00,0.9309999942779541,0.9319499731063843,0.9308300018310547,0.9312999844551086,19718.575232832784
2025-11-24 23:00:00+00:00,0.9312700033187866,0.9315299987792969,0.930869996547699,0.931410014629364,15415.396109783045
2025-11-25 00:00:00+00:00,0.9314000010490417,0.93163001537323,0.9307600259780884,0.9312000274658203,15602.086734030147
2025-11-25 01:00:00+00:00,0.9312000274658203,0.9317499995231628,0.9308099746704102,0.9315199851989746,10801.14294784193
2025-11-25 02:00:00+00:00,0.9315199851989746,0.932200014591217,0.9311299920082092,0.9320700168609619,8762.949496581345
2025-11-25 03:00:00+00:00,0.9320700168609619,0.9321399927139282,0.9310700297355652,0.9315299987792969,8660.477416294943
2025-11-25 04:00:00+00:00,0.9315299987792969,0.9319000244140625,0.9310700297355652,0.9318299889564514,7602.384005076616
2025-11-25 05:00:00+00:00,0.9318199753761292,0.9319000244140625,0.9310100078582764,0.9315199851989746,6117.938375846063
2025-11-25 06:00:00+00:00,0.9315299987792969,0.932200014591217,0.9313300251960754,0.93190997838974,5245.529127915869
2025-11-25 07:00:00+00:00,0.93190997838974,0.9326000213623047,0.9315400123596191,0.9321500062942505,5636.081637540551
2025-11-25 08:00:00+00:00,0.9321500062942505,0.9330000281333923,0.9315599799156189,0.9328600168228149,7011.038748821399
2025-11-25 09:00:00+00:00,0.9328799843788147,0.9337000250816345,0.932129979133606,0.9336299896240234,8295.186961557858
2025-11-25 10:00:00+00:00,0.9336400032043457,0.9345999956130981,0.9332000017166138,0.9343000054359436,10491.476074705111
2025-11-25 11:00:00+00:00,0.9343100190162659,0.9344199895858765,0.9331600069999695,0.9338300228118896,12100.876586755852
2025-11-25 12:00:00+00:00,0.9338099956512451,0.9350500106811523,0.9330099821090698,0.9341099858283997,15708.804357178868
2025-11-25 13:00:00+00:00,0.9341199994087219,0.9347000122070312,0.9335700273513794,0.9343500137329102,14565.303531782307
2025-11-25 14:00:00+00:00,0.9343500137329102,0.9348000288009644,0.9333699941635132,0.9339699745178223,18178.194976858067
2025-11-25 15:00:00+00:00,0.933899998664856,0.9340299963951111,0.9329100251197815,0.9339600205421448,18483.56566117035
2025-11-25 16:00:00+00:00,0.9339900016784668,0.9350000023841858,0.9335299730300903,0.9347000122070312,21200.8926430732
2025-11-25 17:00:00+00:00,0.934689998626709,0.9349200129508972,0.9337199926376343,0.9341099858283997,18379.16351613876
2025-11-25 18:00:00+00:00,0.9341099858283997,0.9343400001525879,0.9334099888801575,0.9340299963951111,19178.42517285582
2025-11-25 19:00:00+00:00,0.9340199828147888,0.9341999888420105,0.9334700107574463,0.9341099858283997,20243.842979744288
2025-11-25 20:00:00+00:00,0.9341400265693665,0.9341999888420105,0.933430016040802,0.9338799715042114,17875.75704077131
2025-11-25 21:00:00+00:00,0.9338700175285339,0.9345999956130981,0.9332900047302246,0.9336599707603455,21227.52189293543
2025-11-25 22:00:00+00:00,0.9333800077438354,0.9344000220298767,0.9331300258636475,0.9337800145149231,18221.830053321442
2025-11-25 23:00:00+00:00,0.9337800145149231,0.934499979019165,0.9337499737739563,0.9343400001525879,16007.062147078703
2025-11-26 00:00:00+00:00,0.9343100190162659,0.9345200061798096,0.9336599707603455,0.934149980545044,17934.246482919087
2025-11-26 01:00:00+00:00,0.934149980545044,0.9346100091934204,0.933650016784668,0.934249997138977,14399.884410910347
2025-11-26 02:00:00+00:00,0.934249997138977,0.9343199729919434,0.9334700107574463,0.9339699745178223,11602.467467028577
2025-11-26 03:00:00+00:00,0.9339600205421448,0.9340000152587891,0.9330000281333923,0.9337300062179565,10380.51134538443
2025-11-26 04:00:00+00:00,0.9337199926376343,0.933899998664856,0.933210015296936,0.9336299896240234,6875.824550809691
2025-11-26 05:00:00+00:00,0.9336299896240234,0.9337999820709229,0.9318100214004517,0.9325000047683716,9938.631603208338
2025-11-26 06:00:00+00:00,0.9324600100517273,0.933210015296936,0.9319900274276733,0.9327399730682373,10860.649384911709
2025-11-26 07:00:00+00:00,0.9327499866485596,0.933459997177124,0.9323800206184387,0.9330700039863586,8341.217332812861
2025-11-26 08:00:00+00:00,0.9330499768257141,0.9333299994468689,0.9322699904441833,0.9329599738121033,8640.056218712369
2025-11-26 09:00:00+00:00,0.9329599738121033,0.9334999918937683,0.9323700070381165,0.9333099722862244,13488.044803867951
2025-11-26 10:00:00+00:00,0.9333099722862244,0.9335100054740906,0.932479977607727,0.9334400296211243,11354.937668625196
2025-11-26 11:00:00+00:00,0.9334400296211243,0.9338200092315674,0.9325500130653381,0.9337800145149231,11754.730596270456
2025-11-26 12:00:00+00:00,0.9337800145149231,0.9341300129890442,0.9330400228500366,0.9338600039482117,10510.637233098547
2025-11-26 13:00:00+00:00,0.9338600039482117,0.9343500137329102,0.9329500198364258,0.9334800243377686,14410.057877972715
2025-11-26 14:00:00+00:00,0.933489978313446,0.9346299767494202,0.9327600002288818,0.9345099925994873,17183.500933754203
2025-11-26 15:00:00+00:00,0.9345600008964539,0.9346799850463867,0.9332500100135803,0.9336100220680237,17127.101973897687
2025-11-26 16:00:00+00:00,0.9336100220680237,0.9339200258255005,0.9324100017547607,0.9328399896621704,21819.217249757916
2025-11-26 17:00:00+00:00,0.9328299760818481,0.9329000115394592,0.9316400289535522,0.9322199821472168,20131.144914021548
2025-11-26 18:00:00+00:00,0.9322199821472168,0.9326000213623047,0.9317200183868408,0.9322699904441833,20361.782909773272
2025-11-26 19:00:00+00:00,0.9322699904441833,0.9326000213623047,0.9318199753761292,0.9324100017547607,18419.805464271045
2025-11-26 20:00:00+00:00,0.9323999881744385,0.9326099753379822,0.9317899942398071,0.9325600266456604,16763.318874767996
2025-11-26 21:00:00+00:00,0.9325699806213379,0.9327399730682373,0.9320700168609619,0.9322599768638611,14995.576395275204
2025-11-26 22:00:00+00:00,0.9319499731063843,0.9325000047683716,0.9318900108337402,0.9319499731063843,13119.648968899488
2025-11-26 23:00:00+00:00,0.9319599866867065,0.932420015335083,0.9317700266838074,0.9321100115776062,11588.977315353335
2025-11-27 00:00:00+00:00,0.9320899844169617,0.932200014591217,0.9313200116157532,0.9318400025367737,12263.542385642813
2025-11-27 01:00:00+00:00,0.9318699836730957,0.9323999881744385,0.9314500093460083,0.9320799708366394,12533.005483533796
2025-11-27 02:00:00+00:00,0.9320899844169617,0.9325000047683716,0.9314699769020081,0.9319300055503845,10908.55342692847
2025-11-27 03:00:00+00:00,0.9319499731063843,0.9323999881744385,0.9315199851989746,0.9323199987411499,7944.635791642165
2025-11-27 04:00:00+00:00,0.9323099851608276,0.9325299859046936,0.9317499995231628,0.9324300289154053,6728.494914428268
2025-11-27 05:00:00+00:00,0.932449996471405,0.9325100183486938,0.9317899942398071,0.9322800040245056,3696.4745302789943
2025-11-27 06:00:00+00:00,0.9322500228881836,0.9325199723243713,0.9317200183868408,0.9323899745941162,1964.9793701491221
2025-11-27 07:00:00+00:00,0.9323899745941162,0.9329100251197815,0.9316700100898743,0.9327499866485596,1709.1788918963139
2025-11-27 08:00:00+00:00,0.9326900243759155,0.9333999752998352,0.9323899745941162,0.933139979839325,2066.8872938987583
2025-11-27 09:00:00+00:00,0.9331099987030029,0.9333400130271912,0.9320799708366394,0.9326199889183044,3146.9607131425787
2025-11-27 10:00:00+00:00,0.9326199889183044,0.9334400296211243,0.9323199987411499,0.9333800077438354,4523.225219468094
2025-11-27 11:00:00+00:00,0.9333800077438354,0.9337999820709229,0.9329100251197815,0.9336900115013123,3917.3808312267283
2025-11-27 12:00:00+00:00,0.9336900115013123,0.9337000250816345,0.9329599738121033,0.933459997177124,5097.2345973934325
2025-11-27 13:00:00+00:00,0.9334400296211243,0.9337999820709229,0.9328600168228149,0.9333400130271912,6563.157405158408
2025-11-27 14:00:00+00:00,0.9333400130271912,0.9344300031661987,0.9328699707984924,0.9342100024223328,8461.390609930226
2025-11-27 15:00:00+00:00,0.9342100024223328,0.934499979019165,0.9331899881362915,0.9335500001907349,8205.068568637009
2025-11-27 16:00:00+00:00,0.9335600137710571,0.9340000152587891,0.9329000115394592,0.9334499835968018,9196.931240033846
2025-11-27 17:00:00+00:00,0.933459997177124,0.9335100054740906,0.9327899813652039,0.9332200288772583,9141.277931570794
2025-11-27 18:00:00+00:00,0.9332299828529358,0.9333999752998352,0.9327399730682373,0.9332699775695801,8470.262526403896
2025-11-27 19:00:00+00:00,0.9332699775695801,0.9334200024604797,0.9327999949455261,0.9333999752998352,9432.474744379344
2025-11-27 20:00:00+00:00,0.9332900047302246,0.9334400296211243,0.9328299760818481,0.9333400130271912,7868.601571921531
2025-11-27 21:00:00+00:00,0.9333599805831909,0.9334499835968018,0.932640016078949,0.9331700205802917,6784.703348503364
2025-11-27 22:00:00+00:00,0.9332000017166138,0.9333999752998352,0.932669997215271,0.933139979839325,5935.6521166388075
2025-11-27 23:00:00+00:00,0.9331300258636475,0.9334200024604797,0.9325399994850159,0.9332699775695801,4944.9565686904325
2025-11-28 00:00:00+00:00,0.9332500100135803,0.9336000084877014,0.9326500296592712,0.9331799745559692,4087.9769277436976
2025-11-28 01:00:00+00:00,0.9331799745559692,0.9334999918937683,0.9324100017547607,0.9329900145530701,5056.457150569344
2025-11-28 02:00:00+00:00,0.9329599738121033,0.9330999851226807,0.9319999814033508,0.9326599836349487,6672.645313500655
2025-11-28 03:00:00+00:00,0.9326900243759155,0.9331700205802917,0.9318900108337402,0.932669997215271,6563.275551371835
2025-11-28 04:00:00+00:00,0.9327899813652039,0.9331200122833252,0.9321100115776062,0.9327499866485596,5133.926184676709
2025-11-28 05:00:00+00:00,0.9327300190925598,0.9330000281333923,0.931659996509552,0.9321600198745728,5253.796537463385
2025-11-28 06:00:00+00:00,0.9323499798774719,0.9328600168228149,0.9316499829292297,0.9321699738502502,5350.3275746368345
2025-11-28 07:00:00+00:00,0.9323300123214722,0.9337000250816345,0.9319599866867065,0.932919979095459,8582.341666677337
2025-11-28 08:00:00+00:00,0.9329100251197815,0.9331700205802917,0.9312899708747864,0.9317200183868408,10703.659675575936
2025-11-28 09:00:00+00:00,0.93190997838974,0.9335399866104126,0.9311699867248535,0.9327099919319153,15580.067661894185
2025-11-28 10:00:00+00:00,0.9326900243759155,0.9329599738121033,0.9316200017929077,0.932640016078949,19204.11101260813
2025-11-28 11:00:00+00:00,0.9326500296592712,0.9330199956893921,0.9318600296974182,0.9321399927139282,19301.497850450327
2025-11-28 12:00:00+00:00,0.9320499897003174,0.9326000213623047,0.9312599897384644,0.9316800236701965,24481.54048439838
2025-11-28 13:00:00+00:00,0.9316999912261963,0.9320700168609619,0.9308599829673767,0.9316700100898743,27557.21182097896
2025-11-28 14:00:00+00:00,0.9316999912261963,0.932919979095459,0.9310799837112427,0.9322599768638611,26193.32663588926
2025-11-28 15:00:00+00:00,0.9322999715805054,0.9331099987030029,0.9313300251960754,0.9318100214004517,30901.499895811892
2025-11-28 16:00:00+00:00,0.9318199753761292,0.9322999715805054,0.9311800003051758,0.932129979133606,29940.94374297014
2025-11-28 17:00:00+00:00,0.9321200251579285,0.9322199821472168,0.9312599897384644,0.9317799806594849,27565.19306392445
2025-11-28 18:00:00+00:00,0.9318000078201294,0.9322400093078613,0.9313600063323975,0.9318100214004517,26439.334136864778
2025-11-28 19:00:00+00:00,0.9318400025367737,0.9322299957275391,0.9313200116157532,0.9321900010108948,25052.526323209157
2025-11-28 20:00:00+00:00,0.9321500062942505,0.9322800040245056,0.9312899708747864,0.9317100048065186,22992.837749312246
2025-11-28 21:00:00+00:00,0.9316499829292297,0.9321500062942505,0.931410014629364,0.9316999912261963,23689.625511969676
2025-11-28 22:00:00+00:00,0.9316999912261963,0.9317100048065186,0.9316999912261963,0.9317100048065186,15627.533924468875
2025-12-01 00:00:00+00:00,0.9319599866867065,0.9322999715805054,0.931439995765686,0.9320600032806396,12483.068467853609
2025-12-01 01:00:00+00:00,0.9320700168609619,0.9326000213623047,0.9314600229263306,0.9323700070381165,10783.265081311372
2025-12-01 02:00:00+00:00,0.9323899745941162,0.9324100017547607,0.9316499829292297,0.9322699904441833,9595.70078565211
2025-12-01 03:00:00+00:00,0.9322699904441833,0.932640016078949,0.9316999912261963,0.9325299859046936,7948.81117624389
2025-12-01 04:00:00+00:00,0.9325199723243713,0.9327999949455261,0.9318299889564514,0.9326300024986267,8046.54978461683
2025-12-01 05:00:00+00:00,0.932669997215271,0.9330599904060364,0.9320399761199951,0.9329299926757812,5191.071211465182
2025-12-01 06:00:00+00:00,0.9329299926757812,0.9330000281333923,0.9320700168609619,0.9327999949455261,3162.483687391174
2025-12-01 07:00:00+00:00,0.9327800273895264,0.9333599805831909,0.9320399761199951,0.9325399994850159,4077.169892593554
2025-12-01 08:00:00+00:00,0.9325399994850159,0.9329000115394592,0.93163001537323,0.9324300289154053,4718.539113531479
2025-12-01 09:00:00+00:00,0.9324100017547607,0.9330899715423584,0.9318900108337402,0.9330400228500366,5238.835841485913
2025-12-01 10:00:00+00:00,0.9330400228500366,0.9337599873542786,0.9325699806213379,0.9334400296211243,6782.099468764355
2025-12-01 11:00:00+00:00,0.9334700107574463,0.9338099956512451,0.9326199889183044,0.9330099821090698,6505.109613802359
2025-12-01 12:00:00+00:00,0.9329900145530701,0.9333000183105469,0.9313899874687195,0.9320700168609619,12617.692544841502
2025-12-01 13:00:00+00:00,0.9320600032806396,0.9326300024986267,0.9313899874687195,0.932420015335083,15838.260842090442
2025-12-01 14:00:00+00:00,0.9325000047683716,0.9335700273513794,0.9319800138473511,0.9331700205802917,15208.917944342866
2025-12-01 15:00:00+00:00,0.9331799745559692,0.9337000250816345,0.9325699806213379,0.9329699873924255,16729.86734350127
2025-12-01 16:00:00+00:00,0.9329699873924255,0.9340000152587891,0.9324700236320496,0.9338700175285339,19279.87167108445
2025-12-01 17:00:00+00:00,0.9338399767875671,0.9340299963951111,0.9332500100135803,0.9339500069618225,19291.933395748696
2025-12-01 18:00:00+00:00,0.933929979801178,0.9340999722480774,0.9331700205802917,0.9338200092315674,19465.306899012034
2025-12-01 19:00:00+00:00,0.9337800145149231,0.9340400099754333,0.9332299828529358,0.9337300062179565,17330.422005990764
2025-12-01 20:00:00+00:00,0.9337000250816345,0.9343500137329102,0.9332600235939026,0.9343299865722656,19350.444382446414
2025-12-01 21:00:00+00:00,0.9343400001525879,0.934440016746521,0.9334999918937683,0.9338499903678894,21018.852587667232
2025-12-01 22:00:00+00:00,0.9331200122833252,0.9339200258255005,0.9331200122833252,0.9337599873542786,15144.270239425843
2025-12-01 23:00:00+00:00,0.9336599707603455,0.9341999888420105,0.9334800243377686,0.9340500235557556,11846.466606272601
2025-12-02 00:00:00+00:00,0.9340599775314331,0.9341999888420105,0.9335500001907349,0.9340800046920776,12906.77596308139
2025-12-02 01:00:00+00:00,0.9340500235557556,0.9342600107192993,0.933430016040802,0.9338399767875671,12606.714667660364
2025-12-02 02:00:00+00:00,0.9338399767875671,0.9341400265693665,0.933430016040802,0.9340000152587891,7735.6942836215585
2025-12-02 03:00:00+00:00,0.9340000152587891,0.9340299963951111,0.9332500100135803,0.9337700009346008,5766.980527237118
2025-12-02 04:00:00+00:00,0.9337499737739563,0.9340000152587891,0.9333599805831909,0.9339500069618225,3638.498301230711
2025-12-02 05:00:00+00:00,0.9339399933815002,0.9341999888420105,0.9334700107574463,0.9340400099754333,2665.5907797451955
2025-12-02 06:00:00+00:00,0.9340299963951111,0.9341300129890442,0.9332900047302246,0.9338899850845337,1059.3032047868228
2025-12-02 07:00:00+00:00,0.9338899850845337,0.9341999888420105,0.9331700205802917,0.9340699911117554,1170.8204906698438
2025-12-02 08:00:00+00:00,0.9340800046920776,0.9343000054359436,0.9334400296211243,0.9340599775314331,1000.0
2025-12-02 09:00:00+00:00,0.9340599775314331,0.934440016746521,0.9331499934196472,0.9336299896240234,1807.4281837814272
2025-12-02 10:00:00+00:00,0.9336299896240234,0.9343000054359436,0.9331200122833252,0.9341700077056885,2937.6209511564093
2025-12-02 11:00:00+00:00,0.9341700077056885,0.9343000054359436,0.9334400296211243,0.9340999722480774,2321.1632862538986
2025-12-02 12:00:00+00:00,0.9340800046920776,0.9345999956130981,0.9336100220680237,0.9344099760055542,2803.716068267539
2025-12-02 13:00:00+00:00,0.9343799948692322,0.9347500205039978,0.933899998664856,0.9345399737358093,3510.261798791067
2025-12-02 14:00:00+00:00,0.9345399737358093,0.9348999857902527,0.93367999792099,0.9343600273132324,4459.927946814492
2025-12-02 15:00:00+00:00,0.9343600273132324,0.9345200061798096,0.9322900176048279,0.9336599707603455,9860.419639966134
2025-12-02 16:00:00+00:00,0.9336400032043457,0.9337999820709229,0.9324399828910828,0.9330099821090698,11943.07971963001
2025-12-02 17:00:00+00:00,0.9330099821090698,0.9333999752998352,0.9325100183486938,0.9332200288772583,11082.101393595696
2025-12-02 18:00:00+00:00,0.933210015296936,0.9337000250816345,0.9327999949455261,0.9334200024604797,11374.163906329137
2025-12-02 19:00:00+00:00,0.9333999752998352,0.9335399866104126,0.932889997959137,0.9333599805831909,10304.749987219877
2025-12-02 20:00:00+00:00,0.9333800077438354,0.9335200190544128,0.932669997215271,0.9334200024604797,12528.424566825865
2025-12-02 21:00:00+00:00,0.9333999752998352,0.9336400032043457,0.9328500032424927,0.9332699775695801,8488.615495420756
2025-12-02 22:00:00+00:00,0.9334999918937683,0.9336000084877014,0.9323199987411499,0.9327800273895264,12387.06298947482
2025-12-02 23:00:00+00:00,0.9331099987030029,0.9336699843406677,0.9326000213623047,0.9334800243377686,10594.871194932944
2025-12-03 00:00:00+00:00,0.9334800243377686,0.9336000084877014,0.9325900077819824,0.9329699873924255,10530.617235711987
2025-12-03 01:00:00+00:00,0.9329699873924255,0.9334200024604797,0.9325799942016602,0.9332900047302246,9567.71786391304
2025-12-03 02:00:00+00:00,0.9332500100135803,0.9334999918937683,0.9328200221061707,0.9333099722862244,9904.6005750382
2025-12-03 03:00:00+00:00,0.9333099722862244,0.9334999918937683,0.9328100085258484,0.9332799911499023,11469.240577311291
2025-12-03 04:00:00+00:00,0.9332799911499023,0.9335200190544128,0.9328699707984924,0.9334800243377686,9145.631213448394
2025-12-03 05:00:00+00:00,0.9334999918937683,0.9337000250816345,0.9330400228500366,0.9336599707603455,4108.911714263396
2025-12-03 06:00:00+00:00,0.9336400032043457,0.9337999820709229,0.9328699707984924,0.9333000183105469,2080.896404855609
2025-12-03 07:00:00+00:00,0.9333000183105469,0.9343299865722656,0.9326300024986267,0.9338399767875671,4613.682415934999
2025-12-03 08:00:00+00:00,0.9338399767875671,0.9340699911117554,0.9325299859046936,0.9329699873924255,6469.201646869272
2025-12-03 09:00:00+00:00,0.9329599738121033,0.9338700175285339,0.9324700236320496,0.9337300062179565,9668.903396414767
2025-12-03 10:00:00+00:00,0.9337199926376343,0.9340800046920776,0.9330499768257141,0.9337700009346008,8977.316536202858
2025-12-03 11:00:00+00:00,0.9337800145149231,0.9338099956512451,0.9327099919319153,0.9333599805831909,9767.491135126851
2025-12-03 12:00:00+00:00,0.9333699941635132,0.9337000250816345,0.9329400062561035,0.9334499835968018,7943.526249712655
2025-12-03 13:00:00+00:00,0.9334499835968018,0.9338700175285339,0.9329000115394592,0.9334499835968018,9270.45748379016
2025-12-03 14:00:00+00:00,0.933459997177124,0.9335100054740906,0.9323700070381165,0.9333800077438354,9156.527691089988
2025-12-03 15:00:00+00:00,0.9333400130271912,0.9340299963951111,0.9327899813652039,0.933430016040802,8457.56812987883
2025-12-03 16:00:00+00:00,0.9334200024604797,0.9337599873542786,0.9328200221061707,0.9332600235939026,11659.526867656701
2025-12-03 17:00:00+00:00,0.9332399964332581,0.9333999752998352,0.9323800206184387,0.9328500032424927,14516.010645678089
2025-12-03 18:00:00+00:00,0.9328699707984924,0.9332200288772583,0.9324100017547607,0.9330700039863586,12114.155901623539
2025-12-03 19:00:00+00:00,0.9330599904060364,0.9333000183105469,0.9326300024986267,0.9330800175666809,14157.024676465118
2025-12-03 20:00:00+00:00,0.9330599904060364,0.9331200122833252,0.932449996471405,0.9329299926757812,11778.459306032426
2025-12-03 21:00:00+00:00,0.9329299926757812,0.9337400197982788,0.9324300289154053,0.9327800273895264,10619.532338160052
2025-12-03 22:00:00+00:00,0.932669997215271,0.933650016784668,0.9325699806213379,0.9328299760818481,9276.454079538626
2025-12-03 23:00:00+00:00,0.9327600002288818,0.933210015296936,0.9325100183486938,0.9330000281333923,5740.475825846456
2025-12-04 00:00:00+00:00,0.9330199956893921,0.9333000183105469,0.9326199889183044,0.9331499934196472,5207.098715773498
2025-12-04 01:00:00+00:00,0.9331700205802917,0.9332299828529358,0.9325199723243713,0.9330999851226807,4209.95634695502
2025-12-04 02:00:00+00:00,0.9330899715423584,0.9333299994468689,0.9325699806213379,0.9332900047302246,4980.079282334207
2025-12-04 03:00:00+00:00,0.9332900047302246,0.9334400296211243,0.9326500296592712,0.9329599738121033,4030.8538364000456
2025-12-04 04:00:00+00:00,0.9334200024604797,0.9335600137710571,0.9328699707984924,0.933489978313446,2652.8556252306007
2025-12-04 05:00:00+00:00,0.9334700107574463,0.9338099956512451,0.9330499768257141,0.9337000250816345,1372.6242752301948
2025-12-04 06:00:00+00:00,0.933709979057312,0.9340000152587891,0.9330999851226807,0.9336400032043457,1073.033205065954
2025-12-04 07:00:00+00:00,0.9336400032043457,0.9340599775314331,0.9329699873924255,0.9339600205421448,1497.5110043833508
2025-12-04 08:00:00+00:00,0.9339699745178223,0.9347000122070312,0.9333099722862244,0.9343500137329102,2916.1855144920555
2025-12-04 09:00:00+00:00,0.9343500137329102,0.934469997882843,0.9335100054740906,0.9338300228118896,3488.802946240282
2025-12-04 10:00:00+00:00,0.9338399767875671,0.9343000054359436,0.9333599805831909,0.9340100288391113,5420.5590786907
2025-12-04 11:00:00+00:00,0.9340100288391113,0.9340400099754333,0.9331300258636475,0.9339500069618225,4109.972985695693
2025-12-04 12:00:00+00:00,0.933929979801178,0.934149980545044,0.9333999752998352,0.9340199828147888,2798.987922627068
2025-12-04 13:00:00+00:00,0.9340100288391113,0.9342300295829773,0.9333199858665466,0.9339399933815002,3064.199149991075
2025-12-04 14:00:00+00:00,0.9339399933815002,0.9343199729919434,0.9330099821090698,0.934249997138977,4739.597618617293
2025-12-04 15:00:00+00:00,0.9342600107192993,0.9349200129508972,0.9336000084877014,0.9348800182342529,7013.858620127757
2025-12-04 16:00:00+00:00,0.9348700046539307,0.9352499842643738,0.9343199729919434,0.9352499842643738,7097.7890596824145
2025-12-04 17:00:00+00:00,0.9352099895477295,0.9355999827384949,0.9346699714660645,0.9354299902915955,7756.025035855377
2025-12-04 18:00:00+00:00,0.9354000091552734,0.9358299970626831,0.9349799752235413,0.9356799721717834,9162.949261462454
2025-12-04 19:00:00+00:00,0.9356899857521057,0.9358999729156494,0.9351199865341187,0.9354599714279175,7292.184219208183
2025-12-04 20:00:00+00:00,0.9358800053596497,0.9360100030899048,0.9353299736976624,0.9359400272369385,7452.822459190894
2025-12-04 21:00:00+00:00,0.9359400272369385,0.9359999895095825,0.9352099895477295,0.9354000091552734,8299.97080576397
2025-12-04 22:00:00+00:00,0.9353899955749512,0.9358000159263611,0.9347000122070312,0.9351500272750854,5724.201537272755
2025-12-04 23:00:00+00:00,0.9350900053977966,0.9358199834823608,0.9350900053977966,0.9357699751853943,4979.080034365878
2025-12-05 00:00:00+00:00,0.9357699751853943,0.9359999895095825,0.9353500008583069,0.9358100295066833,4177.429512854497
2025-12-05 01:00:00+00:00,0.9357799887657166,0.9360100030899048,0.9353500008583069,0.935949981212616,3268.4984286125314
2025-12-05 02:00:00+00:00,0.9359599947929382,0.9359999895095825,0.9354000091552734,0.9358800053596497,3275.4663154730415
2025-12-05 03:00:00+00:00,0.9358699917793274,0.9359999895095825,0.9354299902915955,0.935509979724884,2263.186721657907
2025-12-05 04:00:00+00:00,0.9359400272369385,0.936020016670227,0.9354699850082397,0.9359599947929382,1059.0939987967477
2025-12-05 05:00:00+00:00,0.935949981212616,0.9363499879837036,0.9351999759674072,0.9360899925231934,1035.7574499324664
2025-12-05 06:00:00+00:00,0.9360799789428711,0.9361100196838379,0.935259997844696,0.9358999729156494,1083.350739696705
2025-12-05 07:00:00+00:00,0.9358999729156494,0.9363399744033813,0.9353500008583069,0.9356399774551392,1219.9211921763676
2025-12-05 08:00:00+00:00,0.9360600113868713,0.9365000128746033,0.9355000257492065,0.9361299872398376,1011.010447521385
2025-12-05 09:00:00+00:00,0.9360799789428711,0.9362999796867371,0.9349300265312195,0.9353899955749512,1657.1391517371671
2025-12-05 10:00:00+00:00,0.9354599714279175,0.9362000226974487,0.9349200129508972,0.9354199767112732,3479.421811812052
2025-12-05 11:00:00+00:00,0.9353899955749512,0.9358000159263611,0.9348700046539307,0.9351199865341187,3927.4406286423487
2025-12-05 12:00:00+00:00,0.9355800151824951,0.9366300106048584,0.9351599812507629,0.9366000294685364,5107.168495864091
2025-12-05 13:00:00+00:00,0.9365800023078918,0.9366000294685364,0.9350900053977966,0.9361699819564819,7637.904416297533
2025-12-05 14:00:00+00:00,0.9361799955368042,0.936519980430603,0.9352899789810181,0.9361199736595154,7593.6154450619415
2025-12-05 15:00:00+00:00,0.9359800219535828,0.9370599985122681,0.9356899857521057,0.9362199902534485,10341.032216962374
2025-12-05 16:00:00+00:00,0.9366700053215027,0.9369000196456909,0.9359300136566162,0.9365699887275696,10710.04181771933
2025-12-05 17:00:00+00:00,0.9365699887275696,0.9370999932289124,0.9361199736595154,0.9370800256729126,12781.964286940254
2025-12-05 18:00:00+00:00,0.9370899796485901,0.9372000098228455,0.9363899827003479,0.9369400143623352,14027.575710828844
2025-12-05 19:00:00+00:00,0.9369400143623352,0.937030017375946,0.9360399842262268,0.9360399842262268,15484.753504806777
2025-12-05 20:00:00+00:00,0.936489999294281,0.9366000294685364,0.9358500242233276,0.9363700151443481,14522.22756182294
2025-12-05 21:00:00+00:00,0.9363700151443481,0.9369000196456909,0.9359400272369385,0.9363700151443481,14555.231542469666
2025-12-05 22:00:00+00:00,0.9363700151443481,0.9364399909973145,0.9363700151443481,0.9364399909973145,10488.777595225833
2025-12-08 00:00:00+00:00,0.9368000030517578,0.9369099736213684,0.9360600113868713,0.9364200234413147,9032.054826790009
2025-12-08 01:00:00+00:00,0.9364200234413147,0.9365400075912476,0.9357500076293945,0.9362300038337708,7655.37525793928
2025-12-08 02:00:00+00:00,0.9362199902534485,0.9364200234413147,0.9357200264930725,0.9363700151443481,6534.576891745712
2025-12-08 03:00:00+00:00,0.9363899827003479,0.9363999962806702,0.9356799721717834,0.9361900091171265,4662.733334608837
2025-12-08 04:00:00+00:00,0.9362000226974487,0.9364299774169922,0.9357900023460388,0.9362300038337708,2091.1874017856244
2025-12-08 05:00:00+00:00,0.9362800121307373,0.936460018157959,0.9357799887657166,0.9363999962806702,1078.717468874466
2025-12-08 06:00:00+00:00,0.9363999962806702,0.9370399713516235,0.9362099766731262,0.9366499781608582,1083.6170661625786
2025-12-08 07:00:00+00:00,0.9366700053215027,0.9372199773788452,0.9359700083732605,0.9366199970245361,1136.0138698201763
2025-12-08 08:00:00+00:00,0.9365800023078918,0.9373499751091003,0.9360899925231934,0.9371700286865234,1000.0
2025-12-08 09:00:00+00:00,0.9371700286865234,0.9374200105667114,0.9361299872398376,0.9368399977684021,1808.962987069032
2025-12-08 10:00:00+00:00,0.9368500113487244,0.9375,0.9363099932670593,0.9369300007820129,2637.4432508143013
2025-12-08 11:00:00+00:00,0.9369300007820129,0.9388399720191956,0.9363200068473816,0.9385899901390076,7327.572428804702
2025-12-08 12:00:00+00:00,0.9385799765586853,0.9387999773025513,0.9379100203514099,0.9384899735450745,6853.423920851893
2025-12-08 13:00:00+00:00,0.9384899735450745,0.9390000104904175,0.9380699992179871,0.9386500120162964,9118.837985434873
2025-12-08 14:00:00+00:00,0.9386399984359741,0.938759982585907,0.9378499984741211,0.9386600255966187,8842.02519796436
2025-12-08 15:00:00+00:00,0.9386399984359741,0.9395400285720825,0.9380599856376648,0.9390900135040283,12528.574738408399
2025-12-08 16:00:00+00:00,0.9391099810600281,0.9391300082206726,0.9383299946784973,0.9390699863433838,12602.921384038502
2025-12-08 17:00:00+00:00,0.9390400052070618,0.9391000270843506,0.9382200241088867,0.9388700127601624,14331.071546609863
2025-12-08 18:00:00+00:00,0.9388899803161621,0.9389399886131287,0.9381300210952759,0.9387500286102295,13362.924294579509
2025-12-08 19:00:00+00:00,0.9387500286102295,0.9390000104904175,0.9381999969482422,0.9389500021934509,14021.00311123513
2025-12-08 20:00:00+00:00,0.9389399886131287,0.9391999840736389,0.9384700059890747,0.939079999923706,14481.556842635013
2025-12-08 21:00:00+00:00,0.9391000270843506,0.9391999840736389,0.9381899833679199,0.9384199976921082,12909.167080127188
2025-12-08 22:00:00+00:00,0.9383999705314636,0.9394000172615051,0.9381800293922424,0.9386000037193298,10803.53326129476
2025-12-08 23:00:00+00:00,0.9385600090026855,0.9391099810600281,0.9383999705314636,0.9389899969100952,8734.464767490721
2025-12-09 00:00:00+00:00,0.938979983329773,0.9391400218009949,0.9383400082588196,0.9388800263404846,9714.172313110526
2025-12-09 01:00:00+00:00,0.9388800263404846,0.939050018787384,0.938289999961853,0.938979983329773,5142.177669723594
2025-12-09 02:00:00+00:00,0.938979983329773,0.9391000270843506,0.9383900165557861,0.9388200044631958,4724.580791459666
2025-12-09 03:00:00+00:00,0.9388200044631958,0.9388999938964844,0.938289999961853,0.938759982585907,3824.4435287791825
2025-12-09 04:00:00+00:00,0.9387500286102295,0.939300000667572,0.938319981098175,0.9391800165176392,3446.4310543920997
2025-12-09 05:00:00+00:00,0.9391800165176392,0.9392300248146057,0.9376599788665771,0.9382500052452087,3501.2373578851816
2025-12-09 06:00:00+00:00,0.9382399916648865,0.9387400150299072,0.9378899931907654,0.9384999871253967,4649.998723515156
2025-12-09 07:00:00+00:00,0.9384999871253967,0.9387500286102295,0.9378600120544434,0.9385200142860413,3853.674726366252
2025-12-09 08:00:00+00:00,0.9385200142860413,0.9386699795722961,0.9374300241470337,0.9380900263786316,5075.419690018021
2025-12-09 09:00:00+00:00,0.9380699992179871,0.9390000104904175,0.9369099736213684,0.9386699795722961,7979.0546294513915
2025-12-09 10:00:00+00:00,0.9386600255966187,0.9392099976539612,0.9382200241088867,0.9389700293540955,10226.147881831088
2025-12-09 11:00:00+00:00,0.9389899969100952,0.9392499923706055,0.9383999705314636,0.9388700127601624,9347.856494690304
2025-12-09 12:00:00+00:00,0.9388399720191956,0.9391499757766724,0.9378799796104431,0.9385499954223633,6556.094917347657
2025-12-09 13:00:00+00:00,0.938539981842041,0.9387099742889404,0.9371500015258789,0.9378200173377991,10194.949888578503
2025-12-09 14:00:00+00:00,0.9378200173377991,0.9385499954223633,0.9374099969863892,0.9382399916648865,11917.021031757828
2025-12-09 15:00:00+00:00,0.9381399750709534,0.9389200210571289,0.937720000743866,0.9384099841117859,13624.942941638395
2025-12-09 16:00:00+00:00,0.9383999705314636,0.9384999871253967,0.9375799894332886,0.9380999803543091,15860.874329446477
2025-12-09 17:00:00+00:00,0.9380800127983093,0.9381999969482422,0.936710000038147,0.937309980392456,17755.749349811962
2025-12-09 18:00:00+00:00,0.937309980392456,0.9374300241470337,0.9365500211715698,0.9373199939727783,16283.701827192312
2025-12-09 19:00:00+00:00,0.9373300075531006,0.9375,0.936710000038147,0.9371399879455566,15217.295902405662
2025-12-09 20:00:00+00:00,0.9371100068092346,0.9373000264167786,0.9366000294685364,0.9371100068092346,14279.652267983567
2025-12-09 21:00:00+00:00,0.9370999932289124,0.9375799894332886,0.9365800023078918,0.9370800256729126,14878.957540644074
2025-12-09 22:00:00+00:00,0.9369199872016907,0.9380999803543091,0.9366400241851807,0.9374799728393555,13347.089547327387
2025-12-09 23:00:00+00:00,0.9373400211334229,0.9375500082969666,0.936739981174469,0.9372199773788452,13240.040841390046
2025-12-10 00:00:00+00:00,0.9371899962425232,0.9373199939727783,0.9366400241851807,0.937279999256134,8809.916654078386
2025-12-10 01:00:00+00:00,0.9372699856758118,0.9373999834060669,0.936739981174469,0.9372400045394897,10922.328191455275
2025-12-10 02:00:00+00:00,0.9372299909591675,0.9373400211334229,0.9367300271987915,0.9372400045394897,8678.463530389303
2025-12-10 03:00:00+00:00,0.937250018119812,0.9373000264167786,0.9366499781608582,0.9372100234031677,5489.458175739749
2025-12-10 04:00:00+00:00,0.9371899962425232,0.9373400211334229,0.9367300271987915,0.937309980392456,3733.9692946651053
2025-12-10 05:00:00+00:00,0.937309980392456,0.9374200105667114,0.9367700219154358,0.9373999834060669,2161.6334452318506
2025-12-10 06:00:00+00:00,0.9373999834060669,0.9376000165939331,0.9369099736213684,0.9373499751091003,1414.284643425068
2025-12-10 07:00:00+00:00,0.9373800158500671,0.9379000067710876,0.9368299841880798,0.9377599954605103,1057.107603610976
2025-12-10 08:00:00+00:00,0.937720000743866,0.9377899765968323,0.9365699887275696,0.9370399713516235,1358.8042461905698
2025-12-10 09:00:00+00:00,0.9370399713516235,0.9372299909591675,0.9361900091171265,0.9369500279426575,2199.4476781196404
2025-12-10 10:00:00+00:00,0.9369300007820129,0.9372000098228455,0.9362000226974487,0.9369699954986572,2982.5888432526713
2025-12-10 11:00:00+00:00,0.9369699954986572,0.9370099902153015,0.9361199736595154,0.936959981918335,2524.7399161562903
2025-12-10 12:00:00+00:00,0.9369500279426575,0.9370399713516235,0.9352200031280518,0.9358500242233276,3537.6781277447835
2025-12-10 13:00:00+00:00,0.9358500242233276,0.9359999895095825,0.9344599843025208,0.9349600076675415,5368.506770107257
2025-12-10 14:00:00+00:00,0.9349600076675415,0.9351000189781189,0.934149980545044,0.9350000023841858,6362.160328538232
2025-12-10 15:00:00+00:00,0.9350100159645081,0.9351199865341187,0.9339500069618225,0.9343900084495544,9303.044039868484
2025-12-10 16:00:00+00:00,0.9343799948692322,0.9352999925613403,0.9339699745178223,0.9351500272750854,10306.071202267403
2025-12-10 17:00:00+00:00,0.9351500272750854,0.9352999925613403,0.9344199895858765,0.9352399706840515,13392.6561882437
2025-12-10 18:00:00+00:00,0.9352399706840515,0.93572998046875,0.9346699714660645,0.9350399971008301,13316.583687858563
2025-12-10 19:00:00+00:00,0.9350399971008301,0.9357100129127502,0.9347599744796753,0.9355000257492065,15232.525588267916
2025-12-10 20:00:00+00:00,0.9355000257492065,0.9355999827384949,0.9345999956130981,0.9355499744415283,13208.583191986123
2025-12-10 21:00:00+00:00,0.9355300068855286,0.9358999729156494,0.9346500039100647,0.9351900219917297,14757.923500839404
2025-12-10 22:00:00+00:00,0.9349499940872192,0.935509979724884,0.9343600273132324,0.9352899789810181,12764.215079080213
2025-12-10 23:00:00+00:00,0.9352899789810181,0.935699999332428,0.9347400069236755,0.9352999925613403,15378.96142814023
2025-12-11 00:00:00+00:00,0.9353200197219849,0.9356200098991394,0.9345700144767761,0.9355800151824951,11128.150237991771
2025-12-11 01:00:00+00:00,0.9355900287628174,0.9355999827384949,0.9344800114631653,0.934909999370575,14555.854407350327
2025-12-11 02:00:00+00:00,0.934909999370575,0.9351000189781189,0.9343000054359436,0.9347100257873535,13143.006855372569
2025-12-11 03:00:00+00:00,0.9347100257873535,0.9348000288009644,0.9335399866104126,0.9340699911117554,9823.87816762453
2025-12-11 04:00:00+00:00,0.9340199828147888,0.9345999956130981,0.9335299730300903,0.9345200061798096,11659.02036715957
2025-12-11 05:00:00+00:00,0.9345499873161316,0.9347100257873535,0.9340599775314331,0.9345200061798096,11185.280576015408
2025-12-11 06:00:00+00:00,0.9345200061798096,0.9347299933433533,0.9339500069618225,0.9346699714660645,7582.84764161221
2025-12-11 07:00:00+00:00,0.9346500039100647,0.935699999332428,0.9339900016784668,0.9351500272750854,11572.213053801759
2025-12-11 08:00:00+00:00,0.9351500272750854,0.9355700016021729,0.9340599775314331,0.9344900250434875,12274.162273975044
2025-12-11 09:00:00+00:00,0.9344800114631653,0.934909999370575,0.9330300092697144,0.9338499903678894,15939.10475169337
2025-12-11 10:00:00+00:00,0.9338499903678894,0.9340900182723999,0.9327600002288818,0.9332500100135803,15555.969737531255
2025-12-11 11:00:00+00:00,0.9332500100135803,0.9333199858665466,0.9322900176048279,0.9328299760818481,15783.96102846717
2025-12-11 12:00:00+00:00,0.9328200221061707,0.9332900047302246,0.9321500062942505,0.9330099821090698,15605.607404651324
2025-12-11 13:00:00+00:00,0.9330499768257141,0.9334200024604797,0.9323899745941162,0.9331899881362915,14551.092603595436
2025-12-11 14:00:00+00:00,0.9331899881362915,0.9333999752998352,0.9318000078201294,0.9320999979972839,14695.184854994726
2025-12-11 15:00:00+00:00,0.932129979133606,0.9337000250816345,0.9317100048065186,0.9327200055122375,22062.466492044765
2025-12-11 16:00:00+00:00,0.9327300190925598,0.9333000183105469,0.9318100214004517,0.932420015335083,22571.2412836972
2025-12-11 17:00:00+00:00,0.9324300289154053,0.9328100085258484,0.9317799806594849,0.9327200055122375,24224.168756919567
2025-12-11 18:00:00+00:00,0.9327399730682373,0.9330000281333923,0.9321900010108948,0.9329100251197815,19317.587270639844
2025-12-11 19:00:00+00:00,0.9329100251197815,0.9335200190544128,0.932479977607727,0.933459997177124,23901.00370124362
2025-12-11 20:00:00+00:00,0.933430016040802,0.9336000084877014,0.9322299957275391,0.9331200122833252,23654.30747782416
2025-12-11 21:00:00+00:00,0.9331200122833252,0.9336299896240234,0.9325399994850159,0.9333800077438354,19545.24118439074
2025-12-11 22:00:00+00:00,0.9334499835968018,0.9335700273513794,0.9321799874305725,0.9325000047683716,25401.477783585266
2025-12-11 23:00:00+00:00,0.9325500130653381,0.9334999918937683,0.9322999715805054,0.9329599738121033,22792.31324341474
2025-12-12 00:00:00+00:00,0.932919979095459,0.9332000017166138,0.9322800040245056,0.9327499866485596,17979.980564222406
2025-12-12 01:00:00+00:00,0.9327499866485596,0.9330300092697144,0.9318699836730957,0.9325600266456604,16134.957967921517
2025-12-12 02:00:00+00:00,0.9325799942016602,0.9328200221061707,0.931850016117096,0.932669997215271,18732.804975207608
2025-12-12 03:00:00+00:00,0.932669997215271,0.9327999949455261,0.9321100115776062,0.9326800107955933,15679.151432689385
2025-12-12 04:00:00+00:00,0.9326800107955933,0.9328100085258484,0.9322199821472168,0.9327099919319153,12535.970530156883
2025-12-12 05:00:00+00:00,0.9326900243759155,0.9329400062561035,0.9322400093078613,0.9328100085258484,9117.636404571978
2025-12-12 06:00:00+00:00,0.9328100085258484,0.9331099987030029,0.9323400259017944,0.9329400062561035,7657.043191209009
2025-12-12 07:00:00+00:00,0.9329100251197815,0.9331600069999695,0.9322599768638611,0.9330999851226807,7592.523502290402
2025-12-12 08:00:00+00:00,0.9331099987030029,0.9332699775695801,0.9320899844169617,0.9326199889183044,8469.93170459922
2025-12-12 09:00:00+00:00,0.9326000213623047,0.9328299760818481,0.93190997838974,0.9325799942016602,8495.57649604807
2025-12-12 10:00:00+00:00,0.9325399994850159,0.9329500198364258,0.9319599866867065,0.9327300190925598,7288.724507624736
2025-12-12 11:00:00+00:00,0.9327399730682373,0.9329000115394592,0.9320300221443176,0.9325900077819824,5753.120459419795
2025-12-12 12:00:00+00:00,0.9325699806213379,0.9333999752998352,0.9320799708366394,0.9329699873924255,5705.692712456766
2025-12-12 13:00:00+00:00,0.9329699873924255,0.9336199760437012,0.9326099753379822,0.9334099888801575,5764.534411363896
2025-12-12 14:00:00+00:00,0.9333900213241577,0.9336000084877014,0.9324899911880493,0.9332000017166138,6555.534351844746
2025-12-12 15:00:00+00:00,0.9332000017166138,0.9342899918556213,0.9325199723243713,0.9339799880981445,8067.8627634246905
2025-12-12 16:00:00+00:00,0.9339699745178223,0.934220016002655,0.9332600235939026,0.9338099956512451,8399.193990092283
2025-12-12 17:00:00+00:00,0.9338099956512451,0.9345999956130981,0.9334099888801575,0.9343900084495544,9048.030494685683
2025-12-12 18:00:00+00:00,0.9343799948692322,0.9344599843025208,0.9337999820709229,0.9341899752616882,9932.14721079693
2025-12-12 19:00:00+00:00,0.9341999888420105,0.9346100091934204,0.9337499737739563,0.9343900084495544,9927.101331719237
2025-12-12 20:00:00+00:00,0.9343699812889099,0.934719979763031,0.9339500069618225,0.9345999956130981,10846.18254767134
2025-12-12 21:00:00+00:00,0.9345999956130981,0.9347100257873535,0.9339500069618225,0.9344300031661987,10118.572190441697
2025-12-12 22:00:00+00:00,0.9336299896240234,0.9336299896240234,0.9336299896240234,0.9336299896240234,7727.769525054921
2025-12-15 00:00:00+00:00,0.9344199895858765,0.9346500039100647,0.9337900280952454,0.9342700242996216,8784.724454694458
2025-12-15 01:00:00+00:00,0.9342600107192993,0.9346299767494202,0.9338399767875671,0.934499979019165,8117.9952176319875
2025-12-15 02:00:00+00:00,0.934499979019165,0.9345499873161316,0.9336900115013123,0.9341400265693665,8214.175589153676
2025-12-15 03:00:00+00:00,0.9341099858283997,0.9344000220298767,0.9336599707603455,0.9342100024223328,6175.681636129053
2025-12-15 04:00:00+00:00,0.934220016002655,0.9342399835586548,0.9335200190544128,0.933650016784668,5716.645981681922
2025-12-15 05:00:00+00:00,0.9340699911117554,0.9341999888420105,0.9335200190544128,0.9339500069618225,4117.000642046702
2025-12-15 06:00:00+00:00,0.9339500069618225,0.9344000220298767,0.9335100054740906,0.9343699812889099,1671.9361786162194
2025-12-15 07:00:00+00:00,0.9343600273132324,0.934499979019165,0.9336400032043457,0.9342300295829773,1515.2625319690128
2025-12-15 08:00:00+00:00,0.9342300295829773,0.9353200197219849,0.9337800145149231,0.9352099895477295,2130.17450707715
2025-12-15 09:00:00+00:00,0.935230016708374,0.9355999827384949,0.9343199729919434,0.9348599910736084,3723.584593509429
2025-12-15 10:00:00+00:00,0.9348599910736084,0.9350000023841858,0.9340699911117554,0.9348599910736084,4160.0491347561765
2025-12-15 11:00:00+00:00,0.9348599910736084,0.9352099895477295,0.9343299865722656,0.9350699782371521,5357.349146359971
2025-12-15 12:00:00+00:00,0.9350500106811523,0.9352999925613403,0.9345499873161316,0.9352499842643738,4232.572193519209
2025-12-15 13:00:00+00:00,0.9352499842643738,0.93572998046875,0.9346100091934204,0.9352700114250183,6128.347078034049
2025-12-15 14:00:00+00:00,0.9352800250053406,0.9354000091552734,0.9340000152587891,0.9341999888420105,5775.142206857486
2025-12-15 15:00:00+00:00,0.9341700077056885,0.9352999925613403,0.9336699843406677,0.935230016708374,10015.621051897271
2025-12-15 16:00:00+00:00,0.9352499842643738,0.9362199902534485,0.9346200227737427,0.9361000061035156,9910.940497528361
2025-12-15 17:00:00+00:00,0.9361000061035156,0.9363999962806702,0.9355000257492065,0.9359800219535828,11837.08291289471
2025-12-15 18:00:00+00:00,0.9359700083732605,0.9359999895095825,0.9351400136947632,0.935699999332428,11639.967791565434
2025-12-15 19:00:00+00:00,0.9357200264930725,0.9359999895095825,0.9352200031280518,0.9358999729156494,12522.893118452583
2025-12-15 20:00:00+00:00,0.9358900189399719,0.936020016670227,0.935230016708374,0.935949981212616,11753.853897324916
2025-12-15 21:00:00+00:00,0.935949981212616,0.9359999895095825,0.9352999925613403,0.9353700280189514,13097.01921629955
2025-12-15 22:00:00+00:00,0.9352099895477295,0.935699999332428,0.9344000220298767,0.9355999827384949,11867.879018054677
2025-12-15 23:00:00+00:00,0.9354599714279175,0.9359999895095825,0.9351099729537964,0.935699999332428,9939.906497191518
2025-12-16 00:00:00+00:00,0.9357799887657166,0.9358400106430054,0.9348599910736084,0.9353600144386292,9311.871774722034
2025-12-16 01:00:00+00:00,0.9353700280189514,0.9355999827384949,0.9345700144767761,0.9351000189781189,11033.227984611198
2025-12-16 02:00:00+00:00,0.9351000189781189,0.9353399872779846,0.9345300197601318,0.9349700212478638,10520.819442681166
2025-12-16 03:00:00+00:00,0.9349700212478638,0.9352499842643738,0.9345200061798096,0.9351599812507629,9486.548182154216
2025-12-16 04:00:00+00:00,0.934719979763031,0.9356099963188171,0.9345899820327759,0.9355400204658508,8469.643815990015
2025-12-16 05:00:00+00:00,0.9355499744415283,0.9358000159263611,0.9350699782371521,0.9356899857521057,6354.511265226562
2025-12-16 06:00:00+00:00,0.9356799721717834,0.9362999796867371,0.9352399706840515,0.9361000061035156,4535.708795503029
2025-12-16 07:00:00+00:00,0.9361299872398376,0.9363999962806702,0.9354599714279175,0.9361299872398376,4917.561333102983
2025-12-16 08:00:00+00:00,0.9361299872398376,0.9367499947547913,0.9355400204658508,0.9361199736595154,5567.060702082184
2025-12-16 09:00:00+00:00,0.9361500144004822,0.9362300038337708,0.9351000189781189,0.9355599880218506,6216.50308749669
2025-12-16 10:00:00+00:00,0.9354699850082397,0.9359999895095825,0.9350000023841858,0.9358999729156494,7273.469762634404
2025-12-16 11:00:00+00:00,0.9358999729156494,0.9360299706459045,0.9352499842643738,0.9357500076293945,7346.156321231659
2025-12-16 12:00:00+00:00,0.9357500076293945,0.9358000159263611,0.9345499873161316,0.9351400136947632,6122.318117544791
2025-12-16 13:00:00+00:00,0.9351400136947632,0.9360100030899048,0.9343100190162659,0.9358999729156494,8955.84513467071
2025-12-16 14:00:00+00:00,0.9358800053596497,0.9362099766731262,0.9351999759674072,0.9361699819564819,8912.525982773675
2025-12-16 15:00:00+00:00,0.9361699819564819,0.9363300204277039,0.9353299736976624,0.9359099864959717,10691.503369100697
2025-12-16 16:00:00+00:00,0.9359099864959717,0.9359999895095825,0.9348300099372864,0.9355900287628174,11176.40773806925
2025-12-16 17:00:00+00:00,0.9355800151824951,0.9357399940490723,0.9340199828147888,0.9342899918556213,11481.299002647032
2025-12-16 18:00:00+00:00,0.9342799782752991,0.9346500039100647,0.9338200092315674,0.9344000220298767,11501.280763150076
2025-12-16 19:00:00+00:00,0.9344000220298767,0.9344099760055542,0.933650016784668,0.934249997138977,13196.076366598116
2025-12-16 20:00:00+00:00,0.934249997138977,0.9343699812889099,0.933650016784668,0.934249997138977,12879.543410052345
2025-12-16 21:00:00+00:00,0.9342899918556213,0.9344000220298767,0.9332900047302246,0.9333199858665466,14345.321791476186
2025-12-16 22:00:00+00:00,0.9336000084877014,0.9341999888420105,0.9332200288772583,0.9341099858283997,12324.245508178074
2025-12-16 23:00:00+00:00,0.9340199828147888,0.9344000220298767,0.9336400032043457,0.9343199729919434,9426.760333835175
2025-12-17 00:00:00+00:00,0.9343400001525879,0.9344300031661987,0.9337199926376343,0.9340599775314331,9160.018272418833
2025-12-17 01:00:00+00:00,0.9340599775314331,0.9344000220298767,0.9335799813270569,0.9340699911117554,10859.513597298665
2025-12-17 02:00:00+00:00,0.9340699911117554,0.9343000054359436,0.9335100054740906,0.9340699911117554,9095.611832033374
2025-12-17 03:00:00+00:00,0.9340699911117554,0.9341999888420105,0.9335299730300903,0.9340299963951111,5416.595532500233
2025-12-17 04:00:00+00:00,0.9340299963951111,0.9340999722480774,0.9333000183105469,0.9337900280952454,5357.473583674182
2025-12-17 05:00:00+00:00,0.9337900280952454,0.9340000152587891,0.9333000183105469,0.933929979801178,3946.4214836098886
2025-12-17 06:00:00+00:00,0.933929979801178,0.9344000220298767,0.933489978313446,0.9339399933815002,3277.2506719043886
2025-12-17 07:00:00+00:00,0.9338799715042114,0.9351999759674072,0.9334099888801575,0.9348700046539307,3497.8767851813946
2025-12-17 08:00:00+00:00,0.9348700046539307,0.9354299902915955,0.9338399767875671,0.9349899888038635,5585.109427166391
2025-12-17 09:00:00+00:00,0.9350699782371521,0.9355999827384949,0.9343199729919434,0.9346799850463867,7616.019839815948
2025-12-17 10:00:00+00:00,0.9346799850463867,0.9350500106811523,0.9335100054740906,0.9340100288391113,10190.126948666879
2025-12-17 11:00:00+00:00,0.9340100288391113,0.9343199729919434,0.9327200055122375,0.9334400296211243,11247.88410647107
2025-12-17 12:00:00+00:00,0.9333999752998352,0.9336299896240234,0.9321100115776062,0.9330199956893921,13793.096274583366
2025-12-17 13:00:00+00:00,0.9330199956893921,0.9336299896240234,0.9323599934577942,0.9335299730300903,14767.392508597697
2025-12-17 14:00:00+00:00,0.9335500001907349,0.9342100024223328,0.9329400062561035,0.9339200258255005,15517.09331853303
2025-12-17 15:00:00+00:00,0.9339200258255005,0.9339699745178223,0.9325299859046936,0.9337499737739563,15311.437106373816
2025-12-17 16:00:00+00:00,0.9337300062179565,0.9341599941253662,0.9331300258636475,0.9336699843406677,20088.357166254245
2025-12-17 17:00:00+00:00,0.9336699843406677,0.9341999888420105,0.933139979839325,0.9335500001907349,18304.254650630544
2025-12-17 18:00:00+00:00,0.9335500001907349,0.9337400197982788,0.9330199956893921,0.9336199760437012,19553.543957168302
2025-12-17 19:00:00+00:00,0.9336199760437012,0.9341099858283997,0.9332000017166138,0.9339500069618225,21422.44322770053
2025-12-17 20:00:00+00:00,0.9339799880981445,0.9342300295829773,0.9334700107574463,0.9341300129890442,18914.20845973619
2025-12-17 21:00:00+00:00,0.9341300129890442,0.9343000054359436,0.932889997959137,0.933650016784668,22719.530914801344
2025-12-17 22:00:00+00:00,0.9338099956512451,0.9340800046920776,0.9325299859046936,0.9332699775695801,17634.58880318945
2025-12-17 23:00:00+00:00,0.9332799911499023,0.9340299963951111,0.9329800009727478,0.93367999792099,18855.5394343856
2025-12-18 00:00:00+00:00,0.9336699843406677,0.9338399767875671,0.9330499768257141,0.9330499768257141,16593.689624115774
2025-12-18 01:00:00+00:00,0.933459997177124,0.9338499903678894,0.9330899715423584,0.9336100220680237,10819.976488695336
2025-12-18 02:00:00+00:00,0.9337999820709229,0.933929979801178,0.9332000017166138,0.9338799715042114,9467.44607908901
2025-12-18 03:00:00+00:00,0.9338799715042114,0.933899998664856,0.933139979839325,0.933210015296936,10465.86052087423
2025-12-18 04:00:00+00:00,0.9336299896240234,0.9337999820709229,0.9331499934196472,0.9337700009346008,7323.4534932376155
2025-12-18 05:00:00+00:00,0.9337700009346008,0.9339699745178223,0.9333000183105469,0.9337499737739563,4833.86559499073
2025-12-18 06:00:00+00:00,0.9337599873542786,0.9339100122451782,0.9330599904060364,0.9336900115013123,4137.700121137993
2025-12-18 07:00:00+00:00,0.9336599707603455,0.933899998664856,0.9329800009727478,0.9334099888801575,4357.278972100158
2025-12-18 08:00:00+00:00,0.9333999752998352,0.9336400032043457,0.9326199889183044,0.9332500100135803,5643.335381215765
2025-12-18 09:00:00+00:00,0.9332500100135803,0.9338399767875671,0.9325199723243713,0.9336599707603455,7347.479010644332
2025-12-18 10:00:00+00:00,0.933650016784668,0.9337499737739563,0.9319599866867065,0.932479977607727,10273.518561133818
2025-12-18 11:00:00+00:00,0.9324899911880493,0.9325100183486938,0.9314200282096863,0.9320799708366394,9417.355829497812
2025-12-18 12:00:00+00:00,0.9320700168609619,0.932200014591217,0.9311599731445312,0.93163001537323,7831.087242560003
2025-12-18 13:00:00+00:00,0.9316099882125854,0.932699978351593,0.9309999942779541,0.9323899745941162,8699.056088627489
2025-12-18 14:00:00+00:00,0.932420015335083,0.9326500296592712,0.9316400289535522,0.9322699904441833,8910.93156442615
2025-12-18 15:00:00+00:00,0.9322599768638611,0.9323999881744385,0.930620014667511,0.9309599995613098,13259.832580529164
2025-12-18 16:00:00+00:00,0.9309399724006653,0.9317200183868408,0.9304900169372559,0.9310700297355652,14222.857131412171
2025-12-18 17:00:00+00:00,0.9314900040626526,0.931659996509552,0.9307500123977661,0.9312499761581421,12061.042925209471
2025-12-18 18:00:00+00:00,0.9312300086021423,0.9312999844551086,0.9305599927902222,0.9311100244522095,11442.918982816907
2025-12-18 19:00:00+00:00,0.9311100244522095,0.9312999844551086,0.9304999709129333,0.9309599995613098,17469.012276141795
2025-12-18 20:00:00+00:00,0.9309599995613098,0.9312000274658203,0.9303100109100342,0.9308099746704102,18319.4508970822
2025-12-18 21:00:00+00:00,0.9308099746704102,0.9311000108718872,0.9303200244903564,0.9304400086402893,14008.516953377266
2025-12-18 22:00:00+00:00,0.9307399988174438,0.93163001537323,0.9305499792098999,0.9310700297355652,15624.723525431467
2025-12-18 23:00:00+00:00,0.9310399889945984,0.9314200282096863,0.9305599927902222,0.9309899806976318,13311.825627264208
2025-12-19 00:00:00+00:00,0.9310299754142761,0.9314299821853638,0.9305899739265442,0.9313200116157532,10180.311522384956
2025-12-19 01:00:00+00:00,0.9313099980354309,0.9316999912261963,0.9308300018310547,0.93163001537323,10251.6980950443
2025-12-19 02:00:00+00:00,0.9316099882125854,0.9319000244140625,0.9311800003051758,0.9317499995231628,10480.835101888542
2025-12-19 03:00:00+00:00,0.9317499995231628,0.9320099949836731,0.9312599897384644,0.9318199753761292,6852.125376968869
2025-12-19 04:00:00+00:00,0.9318299889564514,0.9320999979972839,0.931190013885498,0.9317600131034851,6006.582715072369
2025-12-19 05:00:00+00:00,0.9317299723625183,0.9319999814033508,0.9310899972915649,0.9316200017929077,3672.364835252638
2025-12-19 06:00:00+00:00,0.9316200017929077,0.9318299889564514,0.9309399724006653,0.9316200017929077,2928.738154845409
2025-12-19 07:00:00+00:00,0.9315299987792969,0.9319700002670288,0.9307500123977661,0.9313499927520752,3685.933352926092
2025-12-19 08:00:00+00:00,0.9313399791717529,0.9319999814033508,0.930899977684021,0.9314900040626526,3824.0251562987237
2025-12-19 09:00:00+00:00,0.9315000176429749,0.93190997838974,0.930620014667511,0.930840015411377,5369.86479725632
2025-12-19 10:00:00+00:00,0.9312599897384644,0.9316999912261963,0.9305800199508667,0.9313200116157532,7898.038778599256
2025-12-19 11:00:00+00:00,0.9313300251960754,0.9319000244140625,0.9308599829673767,0.9318400025367737,7662.514761949415
2025-12-19 12:00:00+00:00,0.9318400025367737,0.9320999979972839,0.9312400221824646,0.9318299889564514,7147.726596697293
2025-12-19 13:00:00+00:00,0.9318299889564514,0.9320399761199951,0.9310700297355652,0.9316999912261963,6255.126055934533
2025-12-19 14:00:00+00:00,0.9316999912261963,0.9325500130653381,0.9312499761581421,0.9322999715805054,9257.908573231669
2025-12-19 15:00:00+00:00,0.9322800040245056,0.9327999949455261,0.9317399859428406,0.931879997253418,9846.993154238839
2025-12-19 16:00:00+00:00,0.931879997253418,0.9322299957275391,0.9312099814414978,0.9318100214004517,10391.889773750445
2025-12-19 17:00:00+00:00,0.9318100214004517,0.9320999979972839,0.9311500191688538,0.9317299723625183,10046.089858306095
2025-12-19 18:00:00+00:00,0.9317100048065186,0.9321100115776062,0.9310600161552429,0.9319700002670288,10513.159199508436
2025-12-19 19:00:00+00:00,0.9319700002670288,0.9319900274276733,0.931119978427887,0.931190013885498,13725.088447067446
2025-12-19 20:00:00+00:00,0.9316200017929077,0.9318000078201294,0.9310399889945984,0.931439995765686,8966.753466521934
2025-12-19 21:00:00+00:00,0.9313899874687195,0.9317200183868408,0.930899977684021,0.9312599897384644,10288.84595430701
2025-12-19 22:00:00+00:00,0.9312599897384644,0.9312599897384644,0.9312400221824646,0.9312400221824646,5694.028354320939
2025-12-22 00:00:00+00:00,0.9314799904823303,0.9315400123596191,0.9303399920463562,0.9309899806976318,5930.076285818487
2025-12-22 01:00:00+00:00,0.9309999942779541,0.9312999844551086,0.9304500222206116,0.9312099814414978,5412.846958266582
2025-12-22 02:00:00+00:00,0.9312099814414978,0.9315999746322632,0.9308199882507324,0.9314799904823303,3588.3261409963775
2025-12-22 03:00:00+00:00,0.9314799904823303,0.9315999746322632,0.9304100275039673,0.9309599995613098,5156.425863176441
2025-12-22 04:00:00+00:00,0.9309700131416321,0.9312000274658203,0.930429995059967,0.9310500025749207,4638.293784949869
2025-12-22 05:00:00+00:00,0.9310899972915649,0.9313700199127197,0.930620014667511,0.9311500191688538,2965.006127608315
2025-12-22 06:00:00+00:00,0.9311500191688538,0.9316800236701965,0.9305400252342224,0.9313099980354309,3138.819003053571
2025-12-22 07:00:00+00:00,0.9313099980354309,0.9319400191307068,0.9308300018310547,0.9317799806594849,3671.260969410958
2025-12-22 08:00:00+00:00,0.9317799806594849,0.9322500228881836,0.9312099814414978,0.9318600296974182,3415.5745219650785
2025-12-22 09:00:00+00:00,0.9318600296974182,0.9320999979972839,0.9301300048828125,0.9305700063705444,5840.3769956984925
2025-12-22 10:00:00+00:00,0.9305700063705444,0.9314000010490417,0.930079996585846,0.9308099746704102,6808.726706362338
2025-12-22 11:00:00+00:00,0.9307799935340881,0.9310299754142761,0.9301000237464905,0.9308599829673767,8633.528273249924
2025-12-22 12:00:00+00:00,0.930869996547699,0.9317399859428406,0.930429995059967,0.9314000010490417,7663.861721266191
2025-12-22 13:00:00+00:00,0.9314000010490417,0.93190997838974,0.9308300018310547,0.9317600131034851,12302.394682666343
2025-12-22 14:00:00+00:00,0.9317600131034851,0.9322999715805054,0.9311299920082092,0.9317499995231628,11536.08011003688
2025-12-22 15:00:00+00:00,0.9317499995231628,0.9323999881744385,0.9312899708747864,0.9319999814033508,13782.206757220101
2025-12-22 16:00:00+00:00,0.9319999814033508,0.932200014591217,0.9307600259780884,0.9311299920082092,15374.461181986859
2025-12-22 17:00:00+00:00,0.9311299920082092,0.9314699769020081,0.9306899905204773,0.9311800003051758,12400.432578122858
2025-12-22 18:00:00+00:00,0.9311800003051758,0.9312999844551086,0.9303900003433228,0.9308599829673767,14023.535202733521
2025-12-22 19:00:00+00:00,0.9308599829673767,0.9311000108718872,0.9303299784660339,0.9307600259780884,14303.067838224351
2025-12-22 20:00:00+00:00,0.9307600259780884,0.9312199950218201,0.9302499890327454,0.9310799837112427,16588.508594417744
2025-12-22 21:00:00+00:00,0.9310500025749207,0.9323099851608276,0.9306100010871887,0.9319700002670288,12136.569100394134
2025-12-22 22:00:00+00:00,0.9319900274276733,0.9320099949836731,0.9307000041007996,0.9311599731445312,16059.676757485295
2025-12-22 23:00:00+00:00,0.9310600161552429,0.9313200116157532,0.9305700063705444,0.9311000108718872,13044.367294448111
2025-12-23 00:00:00+00:00,0.9310700297355652,0.9311400055885315,0.9303799867630005,0.9308199882507324,11097.078572730423
2025-12-23 01:00:00+00:00,0.930840015411377,0.930899977684021,0.930109977722168,0.9307299852371216,10898.62834788506
2025-12-23 02:00:00+00:00,0.9307100176811218,0.9308000206947327,0.9294099807739258,0.9301300048828125,11749.747599694232
2025-12-23 03:00:00+00:00,0.930079996585846,0.9301999807357788,0.9291999936103821,0.9297199845314026,11724.498680393453
2025-12-23 04:00:00+00:00,0.9297199845314026,0.9299100041389465,0.9292399883270264,0.9297099709510803,9457.7380442979
2025-12-23 05:00:00+00:00,0.9297400116920471,0.9301199913024902,0.9292100071907043,0.9299499988555908,9239.04128925316
2025-12-23 06:00:00+00:00,0.9299899935722351,0.9308000206947327,0.9295200109481812,0.9307299852371216,8976.799163783711
2025-12-23 07:00:00+00:00,0.9307299852371216,0.9312000274658203,0.9298999905586243,0.9309499859809875,9738.787805748949
2025-12-23 08:00:00+00:00,0.9309499859809875,0.9310500025749207,0.9289399981498718,0.9294499754905701,12677.946481468056
2025-12-23 09:00:00+00:00,0.9294499754905701,0.9299700260162354,0.9281299710273743,0.9296299815177917,16714.39061863893
2025-12-23 10:00:00+00:00,0.9296200275421143,0.9298099875450134,0.9282799959182739,0.9290400147438049,17796.05298134897
2025-12-23 11:00:00+00:00,0.9290400147438049,0.9293000102043152,0.9282699823379517,0.9290599822998047,13780.577535357817
2025-12-23 12:00:00+00:00,0.929069995880127,0.9292500019073486,0.9279199838638306,0.9283599853515625,15079.103916123388
2025-12-23 13:00:00+00:00,0.9284200072288513,0.9294999837875366,0.9279599785804749,0.9292600154876709,17496.91341257726
2025-12-23 14:00:00+00:00,0.9292600154876709,0.9308000206947327,0.928879976272583,0.930429995059967,22603.669566805005
2025-12-23 15:00:00+00:00,0.9303799867630005,0.9305800199508667,0.9293599724769592,0.9299499988555908,19920.19601090476
2025-12-23 16:00:00+00:00,0.9299499988555908,0.9300100207328796,0.9287499785423279,0.9299600124359131,23604.43699593275
2025-12-23 17:00:00+00:00,0.9299100041389465,0.9300000071525574,0.9284700155258179,0.9289900064468384,30897.1071967662
2025-12-23 18:00:00+00:00,0.9289900064468384,0.9291300177574158,0.9283599853515625,0.9290800094604492,29502.47112931799
2025-12-23 19:00:00+00:00,0.9290500283241272,0.9292299747467041,0.9281399846076965,0.9286400079727173,22029.73268006886
2025-12-23 20:00:00+00:00,0.9286699891090393,0.9291399717330933,0.9282100200653076,0.9289299845695496,24788.675754602253
2025-12-23 21:00:00+00:00,0.9289299845695496,0.9290199875831604,0.9283300042152405,0.9287099838256836,26392.07775099577
2025-12-23 22:00:00+00:00,0.9287099838256836,0.9304400086402893,0.9282500147819519,0.9287999868392944,19059.610440609584
2025-12-23 23:00:00+00:00,0.928659975528717,0.9289500117301941,0.9280200004577637,0.928849995136261,19504.256269154932
2025-12-24 00:00:00+00:00,0.9288300275802612,0.9288600087165833,0.9279999732971191,0.9284300208091736,15077.91800855549
2025-12-24 01:00:00+00:00,0.9284399747848511,0.9284999966621399,0.9275500178337097,0.9282500147819519,17454.276094009452
2025-12-24 02:00:00+00:00,0.9282500147819519,0.9286999702453613,0.9278600215911865,0.9285699725151062,14070.332746918117
2025-12-24 03:00:00+00:00,0.9286100268363953,0.9288100004196167,0.927839994430542,0.9281499981880188,16071.240440830692
2025-12-24 04:00:00+00:00,0.9281600117683411,0.9284999966621399,0.9277200102806091,0.9282100200653076,11639.79892094202
2025-12-24 05:00:00+00:00,0.9282299876213074,0.9286999702453613,0.9276900291442871,0.9285699725151062,10157.290386712
2025-12-24 06:00:00+00:00,0.9285699725151062,0.9286999702453613,0.9279699921607971,0.9285299777984619,9233.691361771462
2025-12-24 07:00:00+00:00,0.9285500049591064,0.9286199808120728,0.9278799891471863,0.9283900260925293,6031.311557529362
2025-12-24 08:00:00+00:00,0.9283999800682068,0.9286999702453613,0.9277799725532532,0.928380012512207,5708.248296334305
2025-12-24 09:00:00+00:00,0.9283499717712402,0.928380012512207,0.9273300170898438,0.9277600049972534,7070.540356973944
2025-12-24 10:00:00+00:00,0.9277600049972534,0.9283999800682068,0.9271399974822998,0.9281200170516968,9859.956302923516
2025-12-24 11:00:00+00:00,0.9281200170516968,0.9282000064849854,0.9269400238990784,0.9274600148200989,9533.499575355749
2025-12-24 12:00:00+00:00,0.9274600148200989,0.9284200072288513,0.9269700050354004,0.9282000064849854,8076.939825331152
2025-12-24 13:00:00+00:00,0.9282400012016296,0.9287099838256836,0.927649974822998,0.9285799860954285,7759.662644047756
2025-12-24 14:00:00+00:00,0.9285799860954285,0.9289100170135498,0.9280400276184082,0.9287199974060059,8378.19292845866
2025-12-24 15:00:00+00:00,0.9287199974060059,0.9291999936103821,0.9281600117683411,0.929099977016449,8818.963243917588
2025-12-24 16:00:00+00:00,0.929099977016449,0.9297800064086914,0.928629994392395,0.9289699792861938,8542.346700030726
2025-12-24 17:00:00+00:00,0.9289699792861938,0.9290099740028381,0.9279999732971191,0.9284700155258179,9079.043737258758
2025-12-24 18:00:00+00:00,0.9284700155258179,0.928600013256073,0.9275400042533875,0.9282400012016296,10400.643727449096
2025-12-24 19:00:00+00:00,0.9281700253486633,0.9284999966621399,0.9277200102806091,0.9284399747848511,9781.965983198008
2025-12-24 20:00:00+00:00,0.928380012512207,0.9284999966621399,0.927590012550354,0.9282100200653076,11479.014400410426
2025-12-24 21:00:00+00:00,0.9280800223350525,0.9284700155258179,0.9274500012397766,0.928409993648529,11892.316395190852
2025-12-24 22:00:00+00:00,0.9282199740409851,0.9286400079727173,0.9280700087547302,0.9281600117683411,9928.332733171525
2025-12-24 23:00:00+00:00,0.9283999800682068,0.9284999966621399,0.9273099899291992,0.9283999800682068,8061.1741865206795
2025-12-25 00:00:00+00:00,0.9278799891471863,0.9289000034332275,0.9265300035476685,0.9279000163078308,12485.81023355405
2025-12-25 01:00:00+00:00,0.9279999732971191,0.9283999800682068,0.9272599816322327,0.9276999831199646,11360.193872301441
2025-12-25 02:00:00+00:00,0.9277999997138977,0.927839994430542,0.9272300004959106,0.9275000095367432,10626.21957143741
2025-12-25 03:00:00+00:00,0.9271699786186218,0.9279000163078308,0.9270600080490112,0.9275000095367432,10457.187911046032
2025-12-25 04:00:00+00:00,0.9273999929428101,0.9277999997138977,0.9272599816322327,0.9275000095367432,10084.128126312127
2025-12-25 05:00:00+00:00,0.9277999997138977,0.9277999997138977,0.9272699952125549,0.9276000261306763,7828.578549680294
2025-12-25 06:00:00+00:00,0.9276999831199646,0.92808997631073,0.9275000095367432,0.9276999831199646,5010.67175156673
2025-12-25 07:00:00+00:00,0.9277999997138977,0.929099977016449,0.9266600012779236,0.9279599785804749,11031.68069962643
2025-12-25 16:00:00+00:00,0.9255300164222717,0.9255300164222717,0.9254199862480164,0.9254199862480164,15030.039906693166
2025-12-25 17:00:00+00:00,0.9254400134086609,0.9255399703979492,0.92535001039505,0.9253699779510498,11724.177366289232
2025-12-25 18:00:00+00:00,0.9254199862480164,0.9254299998283386,0.9254199862480164,0.9254199862480164,11469.699715515962
2025-12-25 22:00:00+00:00,0.9272000193595886,0.9284300208091736,0.9270700216293335,0.9276999831199646,16584.796046853367
2025-12-25 23:00:00+00:00,0.9275799989700317,0.9287400245666504,0.9275799989700317,0.9286800026893616,17230.610319025807
2025-12-26 00:00:00+00:00,0.9286800026893616,0.9293599724769592,0.9282699823379517,0.9287199974060059,18288.898200191878
2025-12-26 01:00:00+00:00,0.9287400245666504,0.9292200207710266,0.9278900027275085,0.9287700057029724,14609.694448848037
2025-12-26 02:00:00+00:00,0.9287800192832947,0.9292600154876709,0.9282600283622742,0.9291300177574158,13430.021608549303
2025-12-26 03:00:00+00:00,0.9291300177574158,0.9293400049209595,0.928600013256073,0.9289699792861938,14415.391179543985
2025-12-26 04:00:00+00:00,0.9289699792861938,0.9290599822998047,0.9282500147819519,0.9287999868392944,14420.414726259332
2025-12-26 05:00:00+00:00,0.9287800192832947,0.9289000034332275,0.9282400012016296,0.9287800192832947,14911.505259223977
2025-12-26 06:00:00+00:00,0.9287800192832947,0.9289199709892273,0.9280200004577637,0.9286100268363953,19164.600065516563
2025-12-26 07:00:00+00:00,0.928600013256073,0.9297000169754028,0.9281899929046631,0.9293000102043152,18086.322584048983
2025-12-26 08:00:00+00:00,0.9293100237846375,0.9299600124359131,0.928879976272583,0.9292799830436707,12544.49765880902
2025-12-26 09:00:00+00:00,0.9292700290679932,0.9298200011253357,0.9288600087165833,0.9297000169754028,10190.923380915001
2025-12-26 10:00:00+00:00,0.9297000169754028,0.9302999973297119,0.9291399717330933,0.9296299815177917,12937.059795361543
2025-12-26 11:00:00+00:00,0.9296000003814697,0.9299299716949463,0.9291899800300598,0.9297800064086914,15100.18638387661
2025-12-26 12:00:00+00:00,0.9297900199890137,0.9300299882888794,0.9292399883270264,0.9300199747085571,9487.62229181798
2025-12-26 13:00:00+00:00,0.9299899935722351,0.9300400018692017,0.9290500283241272,0.9294899702072144,6934.622791632987
2025-12-26 14:00:00+00:00,0.9295200109481812,0.9296000003814697,0.928659975528717,0.9291800260543823,7828.096570962519
2025-12-26 15:00:00+00:00,0.9292399883270264,0.9294000267982483,0.9285200238227844,0.9289500117301941,6231.787759984562
2025-12-26 16:00:00+00:00,0.9289500117301941,0.9295499920845032,0.9286199808120728,0.9294599890708923,4908.838386844857
2025-12-26 17:00:00+00:00,0.9294099807739258,0.929610013961792,0.9289600253105164,0.9294800162315369,4965.079851351823
2025-12-26 18:00:00+00:00,0.9294999837875366,0.9297999739646912,0.9290300011634827,0.9296500086784363,6012.143616660393
2025-12-26 19:00:00+00:00,0.9296600222587585,0.9297299981117249,0.9288600087165833,0.9292200207710266,5196.37746430033
2025-12-26 20:00:00+00:00,0.9292100071907043,0.9294000267982483,0.9285600185394287,0.9290900230407715,5734.4550123737945
2025-12-26 21:00:00+00:00,0.9289900064468384,0.9294099807739258,0.9284499883651733,0.9287700057029724,4891.576703661614
2025-12-26 22:00:00+00:00,0.9291499853134155,0.9291499853134155,0.9291499853134155,0.9291499853134155,2599.221383879037
2025-12-29 00:00:00+00:00,0.9290599822998047,0.9292299747467041,0.9281899929046631,0.928659975528717,1922.9177134824895
2025-12-29 01:00:00+00:00,0.9286400079727173,0.9293000102043152,0.9282299876213074,0.9292600154876709,2030.5530123585509
2025-12-29 02:00:00+00:00,0.9292600154876709,0.9298999905586243,0.9288100004196167,0.9296299815177917,3691.001719217452
2025-12-29 03:00:00+00:00,0.929639995098114,0.9297299981117249,0.9289299845695496,0.9293699860572815,2661.783786951275
2025-12-29 04:00:00+00:00,0.9293699860572815,0.9297000169754028,0.9284899830818176,0.9289600253105164,3937.7722191940593
2025-12-29 05:00:00+00:00,0.9289600253105164,0.9290000200271606,0.9281100034713745,0.928600013256073,4040.508154553585
2025-12-29 06:00:00+00:00,0.9286100268363953,0.9294000267982483,0.9281399846076965,0.9292899966239929,4496.742413285812
2025-12-29 07:00:00+00:00,0.9293199777603149,0.929639995098114,0.9278200268745422,0.928820013999939,7752.831846860461
2025-12-29 08:00:00+00:00,0.928820013999939,0.929830014705658,0.9282199740409851,0.9294499754905701,8934.954035046041
2025-12-29 09:00:00+00:00,0.9294400215148926,0.9296200275421143,0.9276700019836426,0.9285399913787842,14241.364941321719
2025-12-29 10:00:00+00:00,0.9284700155258179,0.9296600222587585,0.9279999732971191,0.9295099973678589,17423.567389804197
2025-12-29 11:00:00+00:00,0.9295600056648254,0.9308000206947327,0.9290599822998047,0.929830014705658,18113.729321519942
2025-12-29 12:00:00+00:00,0.9298700094223022,0.930079996585846,0.9289100170135498,0.9295700192451477,18744.517640283306
2025-12-29 13:00:00+00:00,0.9295799732208252,0.9298099875450134,0.928409993648529,0.9297699928283691,24943.870528319745
2025-12-29 14:00:00+00:00,0.9297699928283691,0.9302200078964233,0.9287300109863281,0.9291099905967712,19889.794034063456
2025-12-29 15:00:00+00:00,0.9290900230407715,0.929669976234436,0.928409993648529,0.9287400245666504,21455.635100730236
2025-12-29 16:00:00+00:00,0.9287700057029724,0.9291200041770935,0.9279500246047974,0.928600013256073,26223.395874976355
2025-12-29 17:00:00+00:00,0.9286199808120728,0.9294000267982483,0.9277799725532532,0.929099977016449,27545.304023266428
2025-12-29 18:00:00+00:00,0.9290900230407715,0.9296000003814697,0.9286500215530396,0.9294400215148926,26210.149669619066
2025-12-29 19:00:00+00:00,0.9294499754905701,0.9295099973678589,0.928659975528717,0.9291099905967712,22225.463950926034
2025-12-29 20:00:00+00:00,0.929099977016449,0.9294000267982483,0.9285799860954285,0.9293699860572815,27792.892045963403
2025-12-29 21:00:00+00:00,0.9293799996376038,0.9294400215148926,0.9283199906349182,0.9285100102424622,20213.481834207745
2025-12-29 22:00:00+00:00,0.9284800291061401,0.9291599988937378,0.9278600215911865,0.9289399981498718,25782.33868101461
2025-12-29 23:00:00+00:00,0.9289000034332275,0.9291399717330933,0.9279500246047974,0.9282100200653076,20048.568928892088
2025-12-30 00:00:00+00:00,0.9287199974060059,0.9290000200271606,0.9277700185775757,0.9289199709892273,22905.665956978188
2025-12-30 01:00:00+00:00,0.9289000034332275,0.9290000200271606,0.9281700253486633,0.9289199709892273,14086.109850207517
2025-12-30 02:00:00+00:00,0.9289500117301941,0.9292500019073486,0.9282799959182739,0.9291300177574158,16079.558341245796
2025-12-30 03:00:00+00:00,0.929069995880127,0.9291200041770935,0.9279299974441528,0.9285600185394287,16207.803531075595
2025-12-30 04:00:00+00:00,0.9285699725151062,0.9286999702453613,0.9279000163078308,0.9285100102424622,11733.468911078306
2025-12-30 05:00:00+00:00,0.9285100102424622,0.928849995136261,0.9279099702835083,0.9287300109863281,10986.43267494571
2025-12-30 06:00:00+00:00,0.9287700057029724,0.9287999868392944,0.9279500246047974,0.9287199974060059,9967.175792055854
2025-12-30 07:00:00+00:00,0.9287199974060059,0.9289500117301941,0.9277799725532532,0.9285500049591064,8535.641143350038
2025-12-30 08:00:00+00:00,0.9285399913787842,0.929419994354248,0.9279199838638306,0.9292100071907043,8843.940785072647
2025-12-30 09:00:00+00:00,0.9291999936103821,0.9293199777603149,0.9277999997138977,0.9283199906349182,11355.576662950301
2025-12-30 10:00:00+00:00,0.9283400177955627,0.9284999966621399,0.9270700216293335,0.9281299710273743,15152.89239926472
2025-12-30 11:00:00+00:00,0.9281200170516968,0.928659975528717,0.9275000095367432,0.9283900260925293,13652.314296290218
2025-12-30 12:00:00+00:00,0.9284300208091736,0.929099977016449,0.9277999997138977,0.9290099740028381,12178.94135304651
2025-12-30 13:00:00+00:00,0.9290000200271606,0.9297500252723694,0.9283599853515625,0.9292500019073486,14858.412965779995
2025-12-30 14:00:00+00:00,0.9292399883270264,0.9301000237464905,0.9286199808120728,0.9300199747085571,17024.970713323088
2025-12-30 15:00:00+00:00,0.9300199747085571,0.9301400184631348,0.9291700124740601,0.9300699830055237,16921.08862127465
2025-12-30 16:00:00+00:00,0.9300500154495239,0.9304999709129333,0.9292200207710266,0.930400013923645,17422.229390190358
2025-12-30 17:00:00+00:00,0.930400013923645,0.9304999709129333,0.9294700026512146,0.9301999807357788,16587.79128879582
2025-12-30 18:00:00+00:00,0.9301999807357788,0.9302999973297119,0.9293599724769592,0.9297999739646912,21132.334293822332
2025-12-30 19:00:00+00:00,0.9297099709510803,0.9301999807357788,0.9292700290679932,0.9301499724388123,17955.109126097374
2025-12-30 20:00:00+00:00,0.9301599860191345,0.9307199716567993,0.9295799732208252,0.9305499792098999,16252.971185295923
2025-12-30 21:00:00+00:00,0.9305499792098999,0.9305999875068665,0.9293599724769592,0.9299700260162354,19493.11662983304
2025-12-30 22:00:00+00:00,0.92985999584198,0.9303500056266785,0.929390013217926,0.9301999807357788,13821.544127233208
2025-12-30 23:00:00+00:00,0.9299600124359131,0.9303200244903564,0.9295499920845032,0.9296500086784363,16257.257942170641
2025-12-31 00:00:00+00:00,0.9301599860191345,0.9302999973297119,0.9295399785041809,0.9301300048828125,11334.87891282835
2025-12-31 01:00:00+00:00,0.9301499724388123,0.9301999807357788,0.9294000267982483,0.9298499822616577,12612.12464379866
2025-12-31 02:00:00+00:00,0.92985999584198,0.9304100275039673,0.9294400215148926,0.9303399920463562,11062.61152633991
2025-12-31 03:00:00+00:00,0.9303399920463562,0.9304400086402893,0.9296500086784363,0.9301699995994568,7505.133472382289
2025-12-31 04:00:00+00:00,0.930180013179779,0.9303200244903564,0.929419994354248,0.9299799799919128,8469.056718110733
2025-12-31 05:00:00+00:00,0.9299799799919128,0.9305999875068665,0.9295099973678589,0.9305599927902222,7882.089461145749
2025-12-31 06:00:00+00:00,0.9305300116539001,0.9307000041007996,0.9298200011253357,0.9305599927902222,5512.439152170927
2025-12-31 07:00:00+00:00,0.9305599927902222,0.930899977684021,0.929669976234436,0.9307799935340881,6020.963180252001
2025-12-31 08:00:00+00:00,0.9307799935340881,0.9312000274658203,0.9301400184631348,0.9307699799537659,8632.750288914083
2025-12-31 09:00:00+00:00,0.9307799935340881,0.9312400221824646,0.929830014705658,0.9311500191688538,9354.841213453254
2025-12-31 10:00:00+00:00,0.9311500191688538,0.9314500093460083,0.9300600290298462,0.9313499927520752,9950.379638724426
2025-12-31 11:00:00+00:00,0.9313300251960754,0.9316999912261963,0.9303900003433228,0.9308300018310547,9237.600006493321
2025-12-31 12:00:00+00:00,0.930840015411377,0.9316499829292297,0.9303200244903564,0.9312800168991089,9871.468600037972
2025-12-31 13:00:00+00:00,0.9312899708747864,0.9316400289535522,0.9299799799919128,0.9305300116539001,14922.408797224734
2025-12-31 14:00:00+00:00,0.9305400252342224,0.9305599927902222,0.9292600154876709,0.9302999973297119,12455.88721385428
2025-12-31 15:00:00+00:00,0.9302700161933899,0.9313399791717529,0.9295799732208252,0.9304900169372559,14475.87082184903
2025-12-31 16:00:00+00:00,0.9304400086402893,0.9314299821853638,0.9299100041389465,0.9312999844551086,17469.82471079002
2025-12-31 17:00:00+00:00,0.9313200116157532,0.93163001537323,0.9304400086402893,0.931190013885498,24301.902403407898
2025-12-31 18:00:00+00:00,0.9311500191688538,0.9312999844551086,0.9303900003433228,0.9310899972915649,16569.99635977517
2025-12-31 19:00:00+00:00,0.9310899972915649,0.9312999844551086,0.9304100275039673,0.9308900237083435,22048.77415168428
2025-12-31 20:00:00+00:00,0.9308900237083435,0.9312000274658203,0.9301300048828125,0.9309399724006653,22130.245585837547
2025-12-31 21:00:00+00:00,0.9309399724006653,0.9311599731445312,0.930109977722168,0.9310200214385986,24161.28933415441
2025-12-31 22:00:00+00:00,0.9299299716949463,0.9304100275039673,0.9299299716949463,0.9304100275039673,19562.18946468482
2025-12-31 23:00:00+00:00,0.9305400252342224,0.9305400252342224,0.9303399920463562,0.9303399920463562,15992.98918225661
2026-01-01 00:00:00+00:00,0.9303399920463562,0.9303399920463562,0.9303399920463562,0.9303399920463562,10943.808316280214
2026-01-01 01:00:00+00:00,0.9305400252342224,0.9305400252342224,0.9303399920463562,0.9303399920463562,9133.7012254621
2026-01-01 04:00:00+00:00,0.9305400252342224,0.9305400252342224,0.9303399920463562,0.9303399920463562,5812.19527876916
2026-01-01 05:00:00+00:00,0.9303399920463562,0.9303399920463562,0.9303399920463562,0.9303399920463562,1051.3250670810867
2026-01-01 10:00:00+00:00,0.9305400252342224,0.9305400252342224,0.9303399920463562,0.9303399920463562,1000.0
2026-01-01 18:00:00+00:00,0.9311000108718872,0.9311000108718872,0.9306399822235107,0.9307000041007996,1000.0
2026-01-01 21:00:00+00:00,0.9310399889945984,0.9312400221824646,0.9304999709129333,0.9309200048446655,1088.9544374065902
2026-01-01 22:00:00+00:00,0.9311599731445312,0.9311599731445312,0.9302800297737122,0.9304699897766113,1000.0
2026-01-01 23:00:00+00:00,0.9304699897766113,0.9309999942779541,0.9301400184631348,0.930180013179779,1000.0
2026-01-02 00:00:00+00:00,0.9305899739265442,0.930840015411377,0.930079996585846,0.9305300116539001,1000.0
2026-01-02 01:00:00+00:00,0.9305300116539001,0.9305999875068665,0.9297299981117249,0.9304100275039673,1029.6248772516255
2026-01-02 02:00:00+00:00,0.9303900003433228,0.9304999709129333,0.9295700192451477,0.9301599860191345,1000.0
2026-01-02 03:00:00+00:00,0.9301400184631348,0.9308300018310547,0.9298499822616577,0.9308000206947327,1097.9950316771906
2026-01-02 04:00:00+00:00,0.9308000206947327,0.931119978427887,0.9303100109100342,0.9309499859809875,1047.2585979255755
2026-01-02 05:00:00+00:00,0.9309499859809875,0.9312999844551086,0.9304400086402893,0.931190013885498,1000.0
2026-01-02 06:00:00+00:00,0.9311800003051758,0.9313399791717529,0.9304599761962891,0.9310299754142761,1015.1738358254025
2026-01-02 07:00:00+00:00,0.9309899806976318,0.93163001537323,0.9305099844932556,0.9310299754142761,1095.0390399933617
2026-01-02 08:00:00+00:00,0.9310399889945984,0.931119978427887,0.9299600124359131,0.9305700063705444,2050.002675870577
2026-01-02 09:00:00+00:00,0.9305599927902222,0.9306100010871887,0.9294000267982483,0.9302300214767456,5045.617672781615
2026-01-02 10:00:00+00:00,0.9302200078964233,0.930429995059967,0.9290400147438049,0.9297900199890137,7451.47295938655
2026-01-02 11:00:00+00:00,0.9297900199890137,0.9299200177192688,0.9290000200271606,0.9296000003814697,7069.908732600335
2026-01-02 12:00:00+00:00,0.9295899868011475,0.9300000071525574,0.9289100170135498,0.9297400116920471,7891.486693228143
2026-01-02 13:00:00+00:00,0.9297400116920471,0.9298999905586243,0.9289100170135498,0.9296000003814697,7950.31336271298
2026-01-02 14:00:00+00:00,0.9296000003814697,0.9296299815177917,0.9285399913787842,0.9289799928665161,8371.996186823582
2026-01-02 15:00:00+00:00,0.9290300011634827,0.929099977016449,0.9279099702835083,0.9287800192832947,11367.274536724866
2026-01-02 16:00:00+00:00,0.9287800192832947,0.9294099807739258,0.9282000064849854,0.9293799996376038,10660.035036994144
2026-01-02 17:00:00+00:00,0.9293500185012817,0.9294000267982483,0.9284300208091736,0.9289000034332275,12167.234732223213
2026-01-02 18:00:00+00:00,0.9289000034332275,0.9291300177574158,0.9281600117683411,0.928629994392395,12890.150321139816
2026-01-02 19:00:00+00:00,0.9286199808120728,0.9287099838256836,0.9279099702835083,0.9284600019454956,10982.139470355869
2026-01-02 20:00:00+00:00,0.9284899830818176,0.9285200238227844,0.9276599884033203,0.9284600019454956,12724.745583129064
2026-01-02 21:00:00+00:00,0.9284899830818176,0.9290000200271606,0.9279599785804749,0.9284800291061401,12159.712475557604
2026-01-02 22:00:00+00:00,0.928600013256073,0.928600013256073,0.9282100200653076,0.9282100200653076,10553.906824331252
2026-01-05 00:00:00+00:00,0.9284600019454956,0.9286199808120728,0.9272699952125549,0.9279999732971191,10226.52875043373
2026-01-05 01:00:00+00:00,0.9279999732971191,0.9280700087547302,0.9269000291824341,0.9275000095367432,8055.099994663087
2026-01-05 02:00:00+00:00,0.9274799823760986,0.9276099801063538,0.9265699982643127,0.927590012550354,10051.645925055205
2026-01-05 03:00:00+00:00,0.9275599718093872,0.9281399846076965,0.9269800186157227,0.9280499815940857,7882.2118199203915
2026-01-05 04:00:00+00:00,0.9280499815940857,0.9282000064849854,0.9270899891853333,0.9277200102806091,9019.865022672544
2026-01-05 05:00:00+00:00,0.9276900291442871,0.9279999732971191,0.9271299839019775,0.9279400110244751,7639.919781742657
2026-01-05 06:00:00+00:00,0.9279400110244751,0.9282400012016296,0.9274600148200989,0.9279800057411194,6730.318204791502
2026-01-05 07:00:00+00:00,0.9279800057411194,0.928380012512207,0.9274700284004211,0.9279999732971191,6123.680781847095
2026-01-05 08:00:00+00:00,0.9279800057411194,0.9289000034332275,0.9276999831199646,0.928849995136261,7286.8084231223465
2026-01-05 09:00:00+00:00,0.9288700222969055,0.9304100275039673,0.928380012512207,0.9303200244903564,9807.904076242572
2026-01-05 10:00:00+00:00,0.9303200244903564,0.9306300282478333,0.928309977054596,0.9287800192832947,15239.775911932416
2026-01-05 11:00:00+00:00,0.9287599921226501,0.9291300177574158,0.9277200102806091,0.9282600283622742,18868.972023117338
2026-01-05 12:00:00+00:00,0.9282799959182739,0.928820013999939,0.9271900057792664,0.927649974822998,16053.335246001781
2026-01-05 13:00:00+00:00,0.9276700019836426,0.9290000200271606,0.9274500012397766,0.928629994392395,21598.543544633347
2026-01-05 14:00:00+00:00,0.9286100268363953,0.9294899702072144,0.9281100034713745,0.928879976272583,19386.708925323434
2026-01-05 15:00:00+00:00,0.9290000200271606,0.929069995880127,0.9279500246047974,0.9286900162696838,21513.308303596
2026-01-05 16:00:00+00:00,0.9287499785423279,0.9289000034332275,0.9277799725532532,0.9282699823379517,21362.733664504565
2026-01-05 17:00:00+00:00,0.9283000230789185,0.9287999868392944,0.9277399778366089,0.9279999732971191,21962.427569034826
2026-01-05 18:00:00+00:00,0.9284499883651733,0.9289199709892273,0.92781001329422,0.9281899929046631,21752.410264720296
2026-01-05 19:00:00+00:00,0.9282199740409851,0.9283599853515625,0.9275100231170654,0.9282100200653076,23377.013529123025
2026-01-05 20:00:00+00:00,0.9282199740409851,0.9282299876213074,0.9275000095367432,0.9279500246047974,18939.045588499113
2026-01-05 21:00:00+00:00,0.9279500246047974,0.9282100200653076,0.9271900057792664,0.9278900027275085,25604.382820819257
2026-01-05 22:00:00+00:00,0.9278900027275085,0.9280999898910522,0.927370011806488,0.927649974822998,20886.391186590747
2026-01-05 23:00:00+00:00,0.9277399778366089,0.9280999898910522,0.9274600148200989,0.9279099702835083,17329.475979677823
2026-01-06 00:00:00+00:00,0.9280200004577637,0.9283000230789185,0.9273800253868103,0.9278600215911865,10874.362905459819
2026-01-06 01:00:00+00:00,0.9278500080108643,0.9281399846076965,0.9273200035095215,0.9278200268745422,8933.859493236305
2026-01-06 02:00:00+00:00,0.927839994430542,0.9282000064849854,0.9272000193595886,0.9281200170516968,8287.867930488535
2026-01-06 03:00:00+00:00,0.9281299710273743,0.9283999800682068,0.9276800155639648,0.9281899929046631,7187.070830201993
2026-01-06 04:00:00+00:00,0.9281899929046631,0.9283999800682068,0.9277499914169312,0.9282199740409851,3635.561251114296
2026-01-06 05:00:00+00:00,0.9282000064849854,0.9283499717712402,0.9276700019836426,0.9281799793243408,2962.6247425387664
2026-01-06 06:00:00+00:00,0.9281600117683411,0.9287999868392944,0.9277200102806091,0.928629994392395,2226.9134655320777
2026-01-06 07:00:00+00:00,0.928629994392395,0.9286999702453613,0.9273800253868103,0.9279999732971191,3434.1032930111364
2026-01-06 08:00:00+00:00,0.9279500246047974,0.9293400049209595,0.9274799823760986,0.9290800094604492,5839.609326782138
2026-01-06 09:00:00+00:00,0.9290900230407715,0.9291599988937378,0.9276599884033203,0.9283599853515625,7029.617843846323
2026-01-06 10:00:00+00:00,0.9283599853515625,0.9287700057029724,0.9277600049972534,0.9282799959182739,8598.938283894237
2026-01-06 11:00:00+00:00,0.9282799959182739,0.9287099838256836,0.9277899861335754,0.9285200238227844,6735.048701852679
2026-01-06 12:00:00+00:00,0.9285200238227844,0.929099977016449,0.9277700185775757,0.9288100004196167,10669.820208016396
2026-01-06 13:00:00+00:00,0.9287999868392944,0.928879976272583,0.9276099801063538,0.9284700155258179,11693.655575306362
2026-01-06 14:00:00+00:00,0.9284700155258179,0.9286800026893616,0.9276300072669983,0.9285399913787842,13240.50583682687
2026-01-06 15:00:00+00:00,0.9285600185394287,0.9297999739646912,0.9282900094985962,0.9295700192451477,14063.828706018272
2026-01-06 16:00:00+00:00,0.9295700192451477,0.9302300214767456,0.9291399717330933,0.929669976234436,13913.581774887733
2026-01-06 17:00:00+00:00,0.9296600222587585,0.9302999973297119,0.9294800162315369,0.9300900101661682,17291.512114742396
2026-01-06 18:00:00+00:00,0.9300900101661682,0.9301999807357788,0.9293699860572815,0.9299299716949463,14732.417188227386
2026-01-06 19:00:00+00:00,0.9299299716949463,0.9301199913024902,0.9292799830436707,0.9297500252723694,14820.971168457616
2026-01-06 20:00:00+00:00,0.9297099709510803,0.9300000071525574,0.9291599988937378,0.9299100041389465,13642.877573476753
2026-01-06 21:00:00+00:00,0.9298700094223022,0.930180013179779,0.9293000102043152,0.9293199777603149,16354.630391483786
2026-01-06 22:00:00+00:00,0.9289399981498718,0.9297999739646912,0.9288600087165833,0.9295700192451477,8999.47547080248
2026-01-06 23:00:00+00:00,0.9294400215148926,0.9301300048828125,0.9291599988937378,0.9299799799919128,9636.461490780981
2026-01-07 00:00:00+00:00,0.9299299716949463,0.9301000237464905,0.9294599890708923,0.9299600124359131,8411.737074022343
2026-01-07 01:00:00+00:00,0.9300000071525574,0.930109977722168,0.9292700290679932,0.9297400116920471,7907.070722886822
2026-01-07 02:00:00+00:00,0.9297400116920471,0.9301499724388123,0.9291499853134155,0.9300299882888794,7368.6492504698035
2026-01-07 03:00:00+00:00,0.9300299882888794,0.9301000237464905,0.9293199777603149,0.9298200011253357,5232.806846217251
2026-01-07 04:00:00+00:00,0.929830014705658,0.9299299716949463,0.9292600154876709,0.9296900033950806,4568.214457478361
2026-01-07 05:00:00+00:00,0.9296900033950806,0.9297999739646912,0.929069995880127,0.9297599792480469,2197.1798096043817
2026-01-07 06:00:00+00:00,0.9297599792480469,0.9298099875450134,0.9289199709892273,0.9295399785041809,1708.4785978741932
2026-01-07 07:00:00+00:00,0.9295399785041809,0.9304999709129333,0.9289100170135498,0.9304199814796448,3695.336153551571
2026-01-07 08:00:00+00:00,0.9303699731826782,0.930620014667511,0.9293500185012817,0.9299499988555908,5579.730344743267
2026-01-07 09:00:00+00:00,0.9299600124359131,0.9300000071525574,0.9291399717330933,0.9297599792480469,3990.7818005452577
2026-01-07 10:00:00+00:00,0.9298099875450134,0.9305999875068665,0.9294300079345703,0.9302899837493896,5311.0396060609755
2026-01-07 11:00:00+00:00,0.9302899837493896,0.9312400221824646,0.9298800230026245,0.9307299852371216,8053.297582764747
2026-01-07 12:00:00+00:00,0.9307699799537659,0.9308000206947327,0.9297000169754028,0.9301699995994568,7661.617137853594
2026-01-07 13:00:00+00:00,0.9301599860191345,0.9304999709129333,0.9295899868011475,0.9304199814796448,7108.156066738441
2026-01-07 14:00:00+00:00,0.9304199814796448,0.9309999942779541,0.9295799732208252,0.9300500154495239,10697.293535900657
2026-01-07 15:00:00+00:00,0.9300500154495239,0.9314299821853638,0.929610013961792,0.9311000108718872,14448.743460160047
2026-01-07 16:00:00+00:00,0.9310899972915649,0.931439995765686,0.9306100010871887,0.9312599897384644,10919.416471724611
2026-01-07 17:00:00+00:00,0.9312599897384644,0.9315400123596191,0.930649995803833,0.9313700199127197,11959.82771254084
2026-01-07 18:00:00+00:00,0.9314000010490417,0.9318100214004517,0.9308900237083435,0.9317700266838074,12818.669759894627
2026-01-07 19:00:00+00:00,0.9317700266838074,0.9318699836730957,0.9310700297355652,0.9315900206565857,15252.257596215506
2026-01-07 20:00:00+00:00,0.9315599799156189,0.9316400289535522,0.9309399724006653,0.9315099716186523,12982.310799962217
2026-01-07 21:00:00+00:00,0.9314900040626526,0.9315999746322632,0.9307500123977661,0.9313499927520752,8114.74999590684
2026-01-07 22:00:00+00:00,0.9313499927520752,0.9315000176429749,0.929830014705658,0.9308099746704102,12579.57820205461
2026-01-07 23:00:00+00:00,0.9308099746704102,0.9316200017929077,0.9307699799537659,0.9314500093460083,11821.103410891748
2026-01-08 00:00:00+00:00,0.9314200282096863,0.9315199851989746,0.9307799935340881,0.9312400221824646,10736.100184581317
2026-01-08 01:00:00+00:00,0.9312300086021423,0.93163001537323,0.9308800101280212,0.9313799738883972,9954.938208888077
2026-01-08 02:00:00+00:00,0.9313799738883972,0.9315099716186523,0.9308599829673767,0.9313600063323975,7967.043976696753
2026-01-08 03:00:00+00:00,0.9313399791717529,0.9314000010490417,0.9306600093841553,0.9311299920082092,7334.922852976196
2026-01-08 04:00:00+00:00,0.9311500191688538,0.9313399791717529,0.9307000041007996,0.9312099814414978,6060.824448089626
2026-01-08 05:00:00+00:00,0.9312199950218201,0.9313300251960754,0.9307000041007996,0.9313300251960754,1317.4313500738624
2026-01-08 06:00:00+00:00,0.9313099980354309,0.9313099980354309,0.9303100109100342,0.9311299920082092,2273.2165734037785
2026-01-08 07:00:00+00:00,0.931119978427887,0.9315999746322632,0.9305599927902222,0.9311400055885315,2789.326128602088
2026-01-08 08:00:00+00:00,0.9312000274658203,0.9317600131034851,0.9306700229644775,0.9315599799156189,3068.0833445644516
2026-01-08 09:00:00+00:00,0.9315500259399414,0.9319000244140625,0.9306600093841553,0.9311599731445312,4554.510653954216
2026-01-08 10:00:00+00:00,0.9311599731445312,0.9315999746322632,0.9302300214767456,0.9306700229644775,4783.632924962058
2026-01-08 11:00:00+00:00,0.9306700229644775,0.9311000108718872,0.9302600026130676,0.9308199882507324,6578.812000544224
2026-01-08 12:00:00+00:00,0.9308099746704102,0.9312999844551086,0.9303699731826782,0.9312400221824646,3789.504805632155
2026-01-08 13:00:00+00:00,0.9312599897384644,0.9313200116157532,0.9302700161933899,0.9309200048446655,4637.827220768412
2026-01-08 14:00:00+00:00,0.9309300184249878,0.9314000010490417,0.930400013923645,0.9308300018310547,5366.351601781354
2026-01-08 15:00:00+00:00,0.9308599829673767,0.9317299723625183,0.9304400086402893,0.9316999912261963,7741.031398390322
2026-01-08 16:00:00+00:00,0.9317200183868408,0.9319300055503845,0.9309599995613098,0.9315299987792969,6889.704242862299
2026-01-08 17:00:00+00:00,0.9315099716186523,0.9315699934959412,0.9307900071144104,0.9314000010490417,8015.134321009122
2026-01-08 18:00:00+00:00,0.9314000010490417,0.9315999746322632,0.9307399988174438,0.9314299821853638,9619.472431372122
2026-01-08 19:00:00+00:00,0.931410014629364,0.9315000176429749,0.9308599829673767,0.9313700199127197,8224.204382038091
2026-01-08 20:00:00+00:00,0.9313600063323975,0.9315500259399414,0.930869996547699,0.9315299987792969,7915.021472567065
2026-01-08 21:00:00+00:00,0.9315400123596191,0.9315400123596191,0.9308300018310547,0.9312800168991089,6708.4401918713265
2026-01-08 22:00:00+00:00,0.931439995765686,0.9315000176429749,0.9302899837493896,0.9309399724006653,6894.486083832097
2026-01-08 23:00:00+00:00,0.9312599897384644,0.9315999746322632,0.9308000206947327,0.9314500093460083,4662.435563223238
2026-01-09 00:00:00+00:00,0.931439995765686,0.9315999746322632,0.9309200048446655,0.9313499927520752,3539.3453430440013
2026-01-09 01:00:00+00:00,0.9313499927520752,0.9319999814033508,0.9309599995613098,0.9317100048065186,4150.937326444632
2026-01-09 02:00:00+00:00,0.9317100048065186,0.9319499731063843,0.9311000108718872,0.9315199851989746,4024.7615841179017
2026-01-09 03:00:00+00:00,0.9315299987792969,0.9319999814033508,0.9311400055885315,0.9318900108337402,3699.944220720326
2026-01-09 04:00:00+00:00,0.9318900108337402,0.9319999814033508,0.9313700199127197,0.9318000078201294,2795.9625574644233
2026-01-09 05:00:00+00:00,0.9318000078201294,0.9319999814033508,0.9313099980354309,0.9317399859428406,1021.6404884690558
2026-01-09 06:00:00+00:00,0.9317399859428406,0.9319000244140625,0.9310399889945984,0.9315500259399414,1000.0
2026-01-09 07:00:00+00:00,0.9315500259399414,0.9318400025367737,0.9309899806976318,0.9315999746322632,1046.055070421115
2026-01-09 08:00:00+00:00,0.9315599799156189,0.9319000244140625,0.9308099746704102,0.9316700100898743,1258.0094139170478
2026-01-09 09:00:00+00:00,0.9316700100898743,0.9316999912261963,0.9307600259780884,0.9315000176429749,2084.4651092709505
2026-01-09 10:00:00+00:00,0.931410014629364,0.9317100048065186,0.9307500123977661,0.9312000274658203,3494.455079361393
2026-01-09 11:00:00+00:00,0.9312099814414978,0.9315400123596191,0.9307500123977661,0.9313799738883972,3922.7120623137803
2026-01-09 12:00:00+00:00,0.9313799738883972,0.9316099882125854,0.9307199716567993,0.9315199851989746,2003.7220462147543
2026-01-09 13:00:00+00:00,0.9315199851989746,0.9316200017929077,0.930620014667511,0.9312199950218201,3311.293986809225
2026-01-09 14:00:00+00:00,0.9312099814414978,0.9320999979972839,0.9306100010871887,0.9315400123596191,5390.58129285047
2026-01-09 15:00:00+00:00,0.9318299889564514,0.9325000047683716,0.9309499859809875,0.9324300289154053,7791.368285936803
2026-01-09 16:00:00+00:00,0.9324300289154053,0.9326000213623047,0.9315000176429749,0.9320300221443176,8231.866801765704
2026-01-09 17:00:00+00:00,0.9320200085639954,0.9322299957275391,0.9314299821853638,0.9321600198745728,6948.081907679115
2026-01-09 18:00:00+00:00,0.9321799874305725,0.9323199987411499,0.93163001537323,0.9322100281715393,7428.585350011123
2026-01-09 19:00:00+00:00,0.9322400093078613,0.9322999715805054,0.9314600229263306,0.9319000244140625,8547.36322570919
2026-01-09 20:00:00+00:00,0.931879997253418,0.9319199919700623,0.931190013885498,0.9316200017929077,8283.35662828488
2026-01-09 21:00:00+00:00,0.9316099882125854,0.9321100115776062,0.9311500191688538,0.9316700100898743,8795.58632829993
2026-01-09 22:00:00+00:00,0.9319599866867065,0.9319599866867065,0.9319599866867065,0.9319599866867065,5056.186943762107
2026-01-12 00:00:00+00:00,0.9317899942398071,0.9319000244140625,0.9299100041389465,0.9302099943161011,9472.826315020846
2026-01-12 01:00:00+00:00,0.9301900267601013,0.9307600259780884,0.9297900199890137,0.9306399822235107,8902.095586706264
2026-01-12 02:00:00+00:00,0.9305999875068665,0.9313200116157532,0.9301900267601013,0.9312700033187866,9436.605506572188
2026-01-12 03:00:00+00:00,0.9312599897384644,0.9314000010490417,0.930620014667511,0.9313200116157532,8854.666645112438
2026-01-12 04:00:00+00:00,0.9313099980354309,0.9315000176429749,0.9307199716567993,0.9312000274658203,9562.908432426955
2026-01-12 05:00:00+00:00,0.9312199950218201,0.9315000176429749,0.9305899739265442,0.9311500191688538,8061.850247821903
2026-01-12 06:00:00+00:00,0.9311500191688538,0.9314000010490417,0.9305499792098999,0.9310399889945984,5311.265475085535
2026-01-12 07:00:00+00:00,0.9310399889945984,0.9311000108718872,0.9297400116920471,0.9305999875068665,5902.466857155572
2026-01-12 08:00:00+00:00,0.9306100010871887,0.9308000206947327,0.9297400116920471,0.9302499890327454,7219.462446138361
2026-01-12 09:00:00+00:00,0.9302499890327454,0.9311599731445312,0.9297099709510803,0.9310700297355652,9587.221457812007
2026-01-12 10:00:00+00:00,0.9310600161552429,0.9318000078201294,0.9304199814796448,0.9312899708747864,10856.867521007583
2026-01-12 11:00:00+00:00,0.9312700033187866,0.9316400289535522,0.9307699799537659,0.9315000176429749,10957.780385675209
2026-01-12 12:00:00+00:00,0.9315099716186523,0.931850016117096,0.9310600161552429,0.9314799904823303,10434.070604223336
2026-01-12 13:00:00+00:00,0.9314900040626526,0.9315999746322632,0.9302899837493896,0.9311400055885315,11282.706104061659
2026-01-12 14:00:00+00:00,0.9311299920082092,0.9315000176429749,0.9304199814796448,0.9309200048446655,9820.094931955558
2026-01-12 15:00:00+00:00,0.9308900237083435,0.9309999942779541,0.9292799830436707,0.9300500154495239,12570.014799569377
2026-01-12 16:00:00+00:00,0.9300600290298462,0.9305099844932556,0.9293400049209595,0.9304400086402893,14275.593327334664
2026-01-12 17:00:00+00:00,0.9304199814796448,0.9305999875068665,0.9295799732208252,0.9300600290298462,15674.799018859114
2026-01-12 18:00:00+00:00,0.9300699830055237,0.9304999709129333,0.9296200275421143,0.9300500154495239,15207.84021624402
2026-01-12 19:00:00+00:00,0.9301000237464905,0.9303500056266785,0.9295600056648254,0.9302300214767456,12755.191870226035
2026-01-12 20:00:00+00:00,0.9302200078964233,0.9305400252342224,0.9296299815177917,0.9304800033569336,15427.702002334405
2026-01-12 21:00:00+00:00,0.930429995059967,0.9307000041007996,0.9291700124740601,0.9292700290679932,12463.297447114692
2026-01-12 22:00:00+00:00,0.9301699995994568,0.9304400086402893,0.9291099905967712,0.9299499988555908,11867.468986442944
2026-01-12 23:00:00+00:00,0.9301699995994568,0.9306100010871887,0.9296200275421143,0.9302399754524231,16354.913348383247
2026-01-13 00:00:00+00:00,0.930180013179779,0.930400013923645,0.9297299981117249,0.9301599860191345,12207.728431804311
2026-01-13 01:00:00+00:00,0.9301499724388123,0.9302999973297119,0.9296200275421143,0.9301999807357788,10658.267152231625
2026-01-13 02:00:00+00:00,0.9302200078964233,0.930400013923645,0.9295799732208252,0.9299899935722351,13834.511237887056
2026-01-13 03:00:00+00:00,0.9299899935722351,0.9301999807357788,0.9294000267982483,0.9301199913024902,10868.647675630133
2026-01-13 04:00:00+00:00,0.9301199913024902,0.9301999807357788,0.9294400215148926,0.9299200177192688,8782.141048256883
2026-01-13 05:00:00+00:00,0.9299100041389465,0.9299499988555908,0.9291399717330933,0.9298099875450134,5915.000593419172
2026-01-13 06:00:00+00:00,0.9298200011253357,0.9300199747085571,0.9292899966239929,0.9299600124359131,4004.1586548283176
2026-01-13 07:00:00+00:00,0.9299700260162354,0.9303100109100342,0.9294700026512146,0.9301400184631348,4078.089049123087
2026-01-13 08:00:00+00:00,0.9301499724388123,0.9307600259780884,0.9291800260543823,0.930679976940155,6723.893679413968
2026-01-13 09:00:00+00:00,0.9306899905204773,0.9310500025749207,0.930109977722168,0.9310200214385986,7171.242545491393
2026-01-13 10:00:00+00:00,0.9310299754142761,0.9315400123596191,0.9304699897766113,0.9312899708747864,7970.932415359868
2026-01-13 11:00:00+00:00,0.9313200116157532,0.9315999746322632,0.9307600259780884,0.9314000010490417,5195.356102773799
2026-01-13 12:00:00+00:00,0.9314000010490417,0.9315500259399414,0.930649995803833,0.9310799837112427,4103.242738117572
2026-01-13 13:00:00+00:00,0.9310799837112427,0.9315199851989746,0.9304100275039673,0.9314500093460083,3933.8165617815275
2026-01-13 14:00:00+00:00,0.9314500093460083,0.9318900108337402,0.9305300116539001,0.9314500093460083,6399.577862762889
2026-01-13 15:00:00+00:00,0.9314600229263306,0.9321200251579285,0.9310299754142761,0.9319999814033508,8470.087537103605
2026-01-13 16:00:00+00:00,0.9319700002670288,0.9328299760818481,0.9314900040626526,0.9322500228881836,8741.411564737879
2026-01-13 17:00:00+00:00,0.9322199821472168,0.9329000115394592,0.9316400289535522,0.9325900077819824,10536.925845148064
2026-01-13 18:00:00+00:00,0.9325699806213379,0.9329000115394592,0.9320799708366394,0.932479977607727,9173.346826406674
2026-01-13 19:00:00+00:00,0.9324899911880493,0.9327600002288818,0.9320300221443176,0.9326300024986267,11714.357701661944
2026-01-13 20:00:00+00:00,0.9326599836349487,0.9327499866485596,0.9319999814033508,0.9325600266456604,11823.171502772999
2026-01-13 21:00:00+00:00,0.9325600266456604,0.9327200055122375,0.9318900108337402,0.9323599934577942,10743.783532225401
2026-01-13 22:00:00+00:00,0.9325900077819824,0.932699978351593,0.9317499995231628,0.9323400259017944,8460.572496670737
2026-01-13 23:00:00+00:00,0.9324700236320496,0.9327200055122375,0.9320799708366394,0.9326599836349487,6393.868829699038
2026-01-14 00:00:00+00:00,0.932640016078949,0.9329500198364258,0.9321699738502502,0.932889997959137,7100.455977365605
2026-01-14 01:00:00+00:00,0.932889997959137,0.9330000281333923,0.9323300123214722,0.932919979095459,6509.909029002209
2026-01-14 02:00:00+00:00,0.9328699707984924,0.9330999851226807,0.9323999881744385,0.9329800009727478,5379.985581621075
2026-01-14 03:00:00+00:00,0.9329800009727478,0.9330999851226807,0.9321100115776062,0.932699978351593,5376.38723774294
2026-01-14 04:00:00+00:00,0.932699978351593,0.9330999851226807,0.9322599768638611,0.9330099821090698,3864.7510194358783
2026-01-14 05:00:00+00:00,0.9325900077819824,0.9331200122833252,0.9323800206184387,0.932919979095459,2814.9744632672114
2026-01-14 06:00:00+00:00,0.932919979095459,0.9330999851226807,0.9323300123214722,0.9328200221061707,1121.404170819305
2026-01-14 07:00:00+00:00,0.9328100085258484,0.9330000281333923,0.9321900010108948,0.932919979095459,1115.7901618631697
2026-01-14 08:00:00+00:00,0.9329299926757812,0.9346100091934204,0.9323999881744385,0.9342600107192993,3812.3843577309167
2026-01-14 09:00:00+00:00,0.9342399835586548,0.9349499940872192,0.9336199760437012,0.9344199895858765,5098.296331729989
2026-01-14 10:00:00+00:00,0.9344300031661987,0.9347000122070312,0.932699978351593,0.9335200190544128,8949.040020644914
2026-01-14 11:00:00+00:00,0.9335100054740906,0.9336000084877014,0.932200014591217,0.9328699707984924,11171.116586167447
2026-01-14 12:00:00+00:00,0.9328600168228149,0.9332399964332581,0.9321699738502502,0.9332200288772583,13011.353312998486
2026-01-14 13:00:00+00:00,0.9331899881362915,0.933459997177124,0.9323199987411499,0.9333000183105469,9582.344612603822
2026-01-14 14:00:00+00:00,0.9332900047302246,0.9333099722862244,0.9313399791717529,0.9316999912261963,16030.11090717301
2026-01-14 15:00:00+00:00,0.9321200251579285,0.9323999881744385,0.930869996547699,0.9312800168991089,20038.701871100475
2026-01-14 16:00:00+00:00,0.9312800168991089,0.9314000010490417,0.9303600192070007,0.930840015411377,19526.848745378884
2026-01-14 17:00:00+00:00,0.930840015411377,0.9313300251960754,0.9304100275039673,0.9307799935340881,20588.781036260578
2026-01-14 18:00:00+00:00,0.9312099814414978,0.9316200017929077,0.9307199716567993,0.9312700033187866,24856.894896136964
2026-01-14 19:00:00+00:00,0.9312800168991089,0.9315000176429749,0.9307100176811218,0.9313700199127197,22121.948489581977
2026-01-14 20:00:00+00:00,0.9314000010490417,0.9319000244140625,0.930899977684021,0.9318900108337402,22534.485684055704
2026-01-14 21:00:00+00:00,0.9318900108337402,0.9319199919700623,0.9300299882888794,0.9309300184249878,27188.983505590586
2026-01-14 22:00:00+00:00,0.9309300184249878,0.9315999746322632,0.9302600026130676,0.9313099980354309,19085.709529523534
2026-01-14 23:00:00+00:00,0.9312000274658203,0.9315299987792969,0.9305899739265442,0.9313399791717529,18261.397331763477
2026-01-15 00:00:00+00:00,0.9312800168991089,0.9313499927520752,0.9302300214767456,0.930649995803833,15506.797526437613
2026-01-15 01:00:00+00:00,0.930649995803833,0.9309200048446655,0.9301599860191345,0.930840015411377,13387.398964592343
2026-01-15 02:00:00+00:00,0.930869996547699,0.9311599731445312,0.9302600026130676,0.9311000108718872,13292.096442789609
2026-01-15 03:00:00+00:00,0.9311000108718872,0.9316999912261963,0.930649995803833,0.9316099882125854,13801.82666940602
2026-01-15 04:00:00+00:00,0.9315900206565857,0.9320999979972839,0.9311400055885315,0.9319900274276733,11996.833769839735
2026-01-15 05:00:00+00:00,0.9319900274276733,0.9320999979972839,0.9314200282096863,0.9319599866867065,9603.68156629678
2026-01-15 06:00:00+00:00,0.9319400191307068,0.932200014591217,0.9313600063323975,0.9318400025367737,11167.717915180332
2026-01-15 07:00:00+00:00,0.9318199753761292,0.9321100115776062,0.9309899806976318,0.9317299723625183,9671.209336262371
2026-01-15 08:00:00+00:00,0.9316999912261963,0.932420015335083,0.9312999844551086,0.9322500228881836,9602.528826439537
2026-01-15 09:00:00+00:00,0.9322699904441833,0.9324600100517273,0.9308900237083435,0.9313799738883972,11567.532522603618
2026-01-15 10:00:00+00:00,0.9313899874687195,0.9317499995231628,0.9307199716567993,0.9312199950218201,12042.422412561069
2026-01-15 11:00:00+00:00,0.9312199950218201,0.9319000244140625,0.9307500123977661,0.9318100214004517,11345.64603780867
2026-01-15 12:00:00+00:00,0.9318100214004517,0.9319999814033508,0.930869996547699,0.9313799738883972,10172.33141029471
2026-01-15 13:00:00+00:00,0.9313899874687195,0.93163001537323,0.9304400086402893,0.9308900237083435,10341.375648930249
2026-01-15 14:00:00+00:00,0.9309099912643433,0.9324100017547607,0.9303799867630005,0.9322699904441833,11467.801578713255
2026-01-15 15:00:00+00:00,0.9322699904441833,0.9328200221061707,0.9317600131034851,0.9321799874305725,14537.008562178507
2026-01-15 16:00:00+00:00,0.9321600198745728,0.9321900010108948,0.9312800168991089,0.9318900108337402,11693.441544950781
2026-01-15 17:00:00+00:00,0.9318699836730957,0.9323099851608276,0.931410014629364,0.9321900010108948,14926.526616817728
2026-01-15 18:00:00+00:00,0.9321900010108948,0.9326000213623047,0.9316800236701965,0.9323999881744385,11425.039020245742
2026-01-15 19:00:00+00:00,0.932420015335083,0.9327300190925598,0.9317600131034851,0.9326500296592712,15841.943611486533
2026-01-15 20:00:00+00:00,0.9326500296592712,0.9328299760818481,0.9319900274276733,0.9324700236320496,13158.521110081349
2026-01-15 21:00:00+00:00,0.932479977607727,0.9326000213623047,0.9318600296974182,0.9318600296974182,12404.92402691609
2026-01-15 22:00:00+00:00,0.9318600296974182,0.9326000213623047,0.9316800236701965,0.9320399761199951,10742.176657508471
2026-01-15 23:00:00+00:00,0.9320399761199951,0.9327999949455261,0.9318699836730957,0.9326599836349487,11535.90319255373
2026-01-16 00:00:00+00:00,0.9326000213623047,0.9328100085258484,0.9321600198745728,0.9326599836349487,9227.97770486007
2026-01-16 01:00:00+00:00,0.9326500296592712,0.9327999949455261,0.9318600296974182,0.9323700070381165,9362.932082451287
2026-01-16 02:00:00+00:00,0.9323599934577942,0.9324100017547607,0.9316099882125854,0.9320799708366394,7697.195133671319
2026-01-16 03:00:00+00:00,0.9320600032806396,0.9320999979972839,0.9313799738883972,0.9317899942398071,6123.99737210287
2026-01-16 04:00:00+00:00,0.9313600063323975,0.9318400025367737,0.9310700297355652,0.9315699934959412,2272.255155843285
2026-01-16 05:00:00+00:00,0.9315599799156189,0.93163001537323,0.9309999942779541,0.9315599799156189,1300.113795396787
2026-01-16 06:00:00+00:00,0.9315199851989746,0.9318000078201294,0.9310600161552429,0.9316099882125854,1000.0
2026-01-16 07:00:00+00:00,0.9316400289535522,0.9318699836730957,0.9308500289916992,0.9316400289535522,1364.4053092520562
2026-01-16 08:00:00+00:00,0.9316700100898743,0.9319999814033508,0.9310299754142761,0.9314799904823303,1801.4122618904485
2026-01-16 09:00:00+00:00,0.9314699769020081,0.9315999746322632,0.9305999875068665,0.9312400221824646,1727.3488493150703
2026-01-16 10:00:00+00:00,0.9312800168991089,0.9314000010490417,0.9302600026130676,0.9310399889945984,2298.72387162439
2026-01-16 11:00:00+00:00,0.9310200214385986,0.931659996509552,0.9305499792098999,0.9312199950218201,3025.4852635154602
2026-01-16 12:00:00+00:00,0.9312199950218201,0.9319800138473511,0.9307900071144104,0.931410014629364,5432.762350874793
2026-01-16 13:00:00+00:00,0.9314000010490417,0.9315000176429749,0.9305599927902222,0.9312700033187866,4793.182853653335
2026-01-16 14:00:00+00:00,0.9312199950218201,0.9313499927520752,0.9304599761962891,0.9310700297355652,5539.812390962022
2026-01-16 15:00:00+00:00,0.9310700297355652,0.9313300251960754,0.9302899837493896,0.9308500289916992,5602.291773616961
2026-01-16 16:00:00+00:00,0.9308599829673767,0.9311000108718872,0.9301400184631348,0.930899977684021,5894.2088370856045
2026-01-16 17:00:00+00:00,0.9308800101280212,0.9312300086021423,0.9303600192070007,0.9311599731445312,5585.212778651937
2026-01-16 18:00:00+00:00,0.9311400055885315,0.9315000176429749,0.930679976940155,0.931410014629364,6354.182371931729
2026-01-16 19:00:00+00:00,0.931439995765686,0.9316400289535522,0.9308300018310547,0.9315900206565857,6578.1578382244015
2026-01-16 20:00:00+00:00,0.9315699934959412,0.93163001537323,0.9309499859809875,0.9314900040626526,6916.425622783993
2026-01-16 21:00:00+00:00,0.9314799904823303,0.9316999912261963,0.930869996547699,0.931190013885498,6993.332733335414
2026-01-16 22:00:00+00:00,0.930899977684021,0.930899977684021,0.930899977684021,0.930899977684021,4745.16327372598
2026-01-19 00:00:00+00:00,0.9284300208091736,0.9293000102043152,0.9279099702835083,0.928629994392395,12415.118329694125
2026-01-19 01:00:00+00:00,0.9286100268363953,0.9290500283241272,0.9277200102806091,0.928849995136261,10804.421719951613
2026-01-19 02:00:00+00:00,0.9288399815559387,0.9290500283241272,0.9277200102806091,0.9282000064849854,10487.609654609727
2026-01-19 03:00:00+00:00,0.9282000064849854,0.9289100170135498,0.9277300238609314,0.9287599921226501,12085.276221519583
2026-01-19 04:00:00+00:00,0.9287599921226501,0.929099977016449,0.9282199740409851,0.9290000200271606,10927.183344860925
2026-01-19 05:00:00+00:00,0.9290000200271606,0.9291300177574158,0.9282100200653076,0.928879976272583,10934.476276908292
2026-01-19 06:00:00+00:00,0.9288399815559387,0.9290300011634827,0.9282600283622742,0.9286999702453613,9763.835600817156
2026-01-19 07:00:00+00:00,0.9286999702453613,0.9296500086784363,0.9281299710273743,0.9292799830436707,11959.711005159748
2026-01-19 08:00:00+00:00,0.9292799830436707,0.9297400116920471,0.9279400110244751,0.929069995880127,15963.543480556878
2026-01-19 09:00:00+00:00,0.929069995880127,0.9292100071907043,0.9280099868774414,0.9284800291061401,16972.940539481846
2026-01-19 10:00:00+00:00,0.9284899830818176,0.9288600087165833,0.9278200268745422,0.9286199808120728,10614.196618863469
2026-01-19 11:00:00+00:00,0.928600013256073,0.9287999868392944,0.9279699921607971,0.928600013256073,17741.29260990807
2026-01-19 12:00:00+00:00,0.9286199808120728,0.9287400245666504,0.9276999831199646,0.928309977054596,18150.32655239261
2026-01-19 13:00:00+00:00,0.9283000230789185,0.9284700155258179,0.9273499846458435,0.9279999732971191,17735.02049668169
2026-01-19 14:00:00+00:00,0.9279800057411194,0.9281600117683411,0.9269199967384338,0.9274100065231323,15442.761680100062
2026-01-19 15:00:00+00:00,0.9274500012397766,0.9281299710273743,0.9266899824142456,0.9277300238609314,14914.521676616385
2026-01-19 16:00:00+00:00,0.9277499914169312,0.9283999800682068,0.9271699786186218,0.9283400177955627,10475.267850824872
2026-01-19 17:00:00+00:00,0.9283000230789185,0.928629994392395,0.9278900027275085,0.9285500049591064,11624.184121685244
2026-01-19 18:00:00+00:00,0.9285500049591064,0.928600013256073,0.9279000163078308,0.9284499883651733,13281.568824440588
2026-01-19 19:00:00+00:00,0.9284600019454956,0.928600013256073,0.9279099702835083,0.9283400177955627,12393.523338134552
2026-01-19 20:00:00+00:00,0.9283300042152405,0.9286999702453613,0.9278799891471863,0.9286500215530396,11371.85991784346
2026-01-19 21:00:00+00:00,0.9286199808120728,0.9286699891090393,0.9279900193214417,0.9283499717712402,8482.117415852148
2026-01-19 22:00:00+00:00,0.9284899830818176,0.9286999702453613,0.9279199838638306,0.9279400110244751,6251.710790433368
2026-01-19 23:00:00+00:00,0.9279299974441528,0.928820013999939,0.9279299974441528,0.9287099838256836,6347.862144868536
2026-01-20 00:00:00+00:00,0.9286900162696838,0.9288300275802612,0.9280999898910522,0.9285399913787842,4863.523401893854
2026-01-20 01:00:00+00:00,0.9285500049591064,0.9286100268363953,0.9279299974441528,0.9285100102424622,4496.8750739746265
2026-01-20 02:00:00+00:00,0.9284800291061401,0.9285500049591064,0.9278900027275085,0.9284499883651733,3569.9958646182185
2026-01-20 03:00:00+00:00,0.9284300208091736,0.9286999702453613,0.9277899861335754,0.9286100268363953,2931.4816857962433
2026-01-20 04:00:00+00:00,0.9285899996757507,0.9289000034332275,0.9278200268745422,0.9287099838256836,2403.3848301922867
2026-01-20 05:00:00+00:00,0.9287099838256836,0.9291300177574158,0.9282100200653076,0.9287499785423279,1213.9807286114012
2026-01-20 06:00:00+00:00,0.9287400245666504,0.9291499853134155,0.9279599785804749,0.9285899996757507,1000.0
2026-01-20 07:00:00+00:00,0.9285899996757507,0.9290199875831604,0.9270700216293335,0.9275599718093872,5305.380943012831
2026-01-20 08:00:00+00:00,0.9276000261306763,0.9278200268745422,0.9256899952888489,0.926639974117279,9130.280929181832
2026-01-20 09:00:00+00:00,0.926639974117279,0.9271000027656555,0.9257100224494934,0.9269599914550781,12787.196408244756
2026-01-20 10:00:00+00:00,0.9269999861717224,0.9273999929428101,0.9255099892616272,0.9259099960327148,14169.389547731134
2026-01-20 11:00:00+00:00,0.9258999824523926,0.9269899725914001,0.9252499938011169,0.9268900156021118,17979.166549316888
2026-01-20 12:00:00+00:00,0.9268900156021118,0.9273200035095215,0.9255300164222717,0.9268500208854675,19154.917230936226
2026-01-20 13:00:00+00:00,0.9268900156021118,0.9274100065231323,0.9259099960327148,0.9271100163459778,19728.610383537747
2026-01-20 14:00:00+00:00,0.9271299839019775,0.9279199838638306,0.9263399839401245,0.9277600049972534,27421.60049229494
2026-01-20 15:00:00+00:00,0.9277700185775757,0.9279500246047974,0.9262499809265137,0.9265999794006348,27765.89818119447
2026-01-20 16:00:00+00:00,0.9265999794006348,0.9269000291824341,0.9258900284767151,0.9263100028038025,28873.082388543164
2026-01-20 17:00:00+00:00,0.9263100028038025,0.9265000224113464,0.9254099726676941,0.9260200262069702,34081.04353168371
2026-01-20 18:00:00+00:00,0.9260200262069702,0.9265499711036682,0.9251300096511841,0.925570011138916,28256.63347584484
2026-01-20 19:00:00+00:00,0.925570011138916,0.9258999824523926,0.9250100255012512,0.9256700277328491,27274.84172548302
2026-01-20 20:00:00+00:00,0.9256500005722046,0.9262099862098694,0.9251400232315063,0.9261000156402588,30952.713428367348
2026-01-20 21:00:00+00:00,0.926110029220581,0.9262999892234802,0.9254400134086609,0.9255899786949158,30359.148884240112
2026-01-20 22:00:00+00:00,0.925570011138916,0.9261299967765808,0.9248600006103516,0.925849974155426,25459.961966940045
2026-01-20 23:00:00+00:00,0.9258099794387817,0.9264000058174133,0.9254500269889832,0.9259999990463257,21814.96638171171
2026-01-21 00:00:00+00:00,0.9259499907493591,0.9263499975204468,0.9255899786949158,0.9260500073432922,19547.462525850748
2026-01-21 01:00:00+00:00,0.9260500073432922,0.9261599779129028,0.9253000020980835,0.9258800148963928,17139.50842448079
2026-01-21 02:00:00+00:00,0.9258800148963928,0.9262999892234802,0.9254199862480164,0.9261400103569031,12725.040781090443
2026-01-21 03:00:00+00:00,0.9261400103569031,0.9272300004959106,0.9256700277328491,0.926580011844635,14200.244779336865
2026-01-21 04:00:00+00:00,0.9265699982643127,0.9270700216293335,0.926110029220581,0.9267200231552124,12641.819283366745
2026-01-21 05:00:00+00:00,0.9267200231552124,0.9270200133323669,0.9260600209236145,0.9267399907112122,10718.224118317163
2026-01-21 06:00:00+00:00,0.9267299771308899,0.9272000193595886,0.9261500239372253,0.9271600246429443,11327.656268671633
2026-01-21 07:00:00+00:00,0.9271199703216553,0.9276999831199646,0.9263100028038025,0.9271600246429443,10387.626758031429
2026-01-21 08:00:00+00:00,0.9272000193595886,0.9277499914169312,0.9264000058174133,0.9268699884414673,11125.321495199518
2026-01-21 09:00:00+00:00,0.9268699884414673,0.9280099868774414,0.9264500141143799,0.9278600215911865,12880.361462794268
2026-01-21 10:00:00+00:00,0.9278200268745422,0.9282400012016296,0.9267899990081787,0.9273999929428101,13749.003208141437
2026-01-21 11:00:00+00:00,0.9274100065231323,0.9277099967002869,0.9259399771690369,0.926580011844635,18829.794832833406
2026-01-21 12:00:00+00:00,0.926580011844635,0.9268199801445007,0.9253699779510498,0.9264299869537354,15610.104617275192
2026-01-21 13:00:00+00:00,0.9264299869537354,0.9277700185775757,0.9259499907493591,0.9276000261306763,21750.79098448576
2026-01-21 14:00:00+00:00,0.9276000261306763,0.9287999868392944,0.9268100261688232,0.9284800291061401,26146.820276271967
2026-01-21 15:00:00+00:00,0.9284800291061401,0.9299399852752686,0.9277899861335754,0.9291999936103821,28375.657265247977
2026-01-21 16:00:00+00:00,0.9291800260543823,0.929419994354248,0.9276400208473206,0.9281399846076965,37021.293802083834
2026-01-21 17:00:00+00:00,0.9281399846076965,0.9286500215530396,0.9273899793624878,0.9284399747848511,27855.060108380076
2026-01-21 18:00:00+00:00,0.928409993648529,0.928659975528717,0.9277099967002869,0.9282600283622742,30700.835449925762
2026-01-21 19:00:00+00:00,0.9282699823379517,0.9307600259780884,0.9277799725532532,0.9301599860191345,39622.26773302889
2026-01-21 20:00:00+00:00,0.9301599860191345,0.9303399920463562,0.9290000200271606,0.9294999837875366,33901.056661570656
2026-01-21 21:00:00+00:00,0.9294999837875366,0.9298999905586243,0.9289699792861938,0.9291200041770935,27555.90542828274
2026-01-21 22:00:00+00:00,0.9287800192832947,0.9298200011253357,0.9287800192832947,0.9295300245285034,31095.37842834931
2026-01-21 23:00:00+00:00,0.9294999837875366,0.9297299981117249,0.9286699891090393,0.9295600056648254,29994.384378680734
2026-01-22 00:00:00+00:00,0.9295499920845032,0.9297999739646912,0.9288100004196167,0.9292899966239929,27464.64685403222
2026-01-22 01:00:00+00:00,0.9292899966239929,0.9298999905586243,0.9288899898529053,0.9298499822616577,32394.55730459081
2026-01-22 02:00:00+00:00,0.9298400282859802,0.9301000237464905,0.928879976272583,0.9294899702072144,28758.37925245265
2026-01-22 03:00:00+00:00,0.9294800162315369,0.9297000169754028,0.928820013999939,0.9292200207710266,20669.26329305172
2026-01-22 04:00:00+00:00,0.9292100071907043,0.9293000102043152,0.9282900094985962,0.9290199875831604,19986.928320000403
2026-01-22 05:00:00+00:00,0.9290199875831604,0.9291999936103821,0.9283499717712402,0.9288100004196167,19943.700111460374
2026-01-22 06:00:00+00:00,0.9287999868392944,0.9292100071907043,0.9282500147819519,0.9290099740028381,16749.037664253396
2026-01-22 07:00:00+00:00,0.9290000200271606,0.9294000267982483,0.9276800155639648,0.9282900094985962,19109.991370519256
2026-01-22 08:00:00+00:00,0.928309977054596,0.9288300275802612,0.9270099997520447,0.9275000095367432,21942.63489087993
2026-01-22 09:00:00+00:00,0.9274899959564209,0.9279999732971191,0.926829993724823,0.9275299906730652,16260.464351896695
2026-01-22 10:00:00+00:00,0.9275100231170654,0.9281700253486633,0.9271000027656555,0.9277300238609314,13900.51558526393
2026-01-22 11:00:00+00:00,0.9277300238609314,0.9280200004577637,0.9269099831581116,0.9277600049972534,12122.828118272319
2026-01-22 12:00:00+00:00,0.9277899861335754,0.9282699823379517,0.9270600080490112,0.928059995174408,15581.317587659954
2026-01-22 13:00:00+00:00,0.9280800223350525,0.928409993648529,0.9273200035095215,0.9282799959182739,14571.196200666707
2026-01-22 14:00:00+00:00,0.9282500147819519,0.9284300208091736,0.9273499846458435,0.9280499815940857,15710.584767818686
2026-01-22 15:00:00+00:00,0.9281200170516968,0.9283000230789185,0.9273999929428101,0.9278600215911865,15161.443390396724
2026-01-22 16:00:00+00:00,0.9278900027275085,0.9283999800682068,0.9272900223731995,0.9278299808502197,13690.36912661958
2026-01-22 17:00:00+00:00,0.927839994430542,0.9280999898910522,0.9268699884414673,0.9279800057411194,18215.104825028724
2026-01-22 18:00:00+00:00,0.9279599785804749,0.9281200170516968,0.9272800087928772,0.9278500080108643,13697.528938886975
2026-01-22 19:00:00+00:00,0.9278299808502197,0.9281100034713745,0.9272300004959106,0.9278600215911865,14383.074761493386
2026-01-22 20:00:00+00:00,0.9278299808502197,0.9278299808502197,0.927049994468689,0.9276599884033203,14522.493976709458
2026-01-22 21:00:00+00:00,0.9276900291442871,0.9277099967002869,0.926289975643158,0.927049994468689,14208.761511543078
2026-01-22 22:00:00+00:00,0.9269999861717224,0.9288399815559387,0.9269999861717224,0.9277300238609314,12879.112438822185
2026-01-22 23:00:00+00:00,0.9277300238609314,0.9278200268745422,0.9269599914550781,0.9274500012397766,12262.992200783227
2026-01-23 00:00:00+00:00,0.9274100065231323,0.9276900291442871,0.9268199801445007,0.9273899793624878,11421.507082893098
2026-01-23 01:00:00+00:00,0.9273899793624878,0.9279000163078308,0.9269199967384338,0.9278299808502197,11993.967431476452
2026-01-23 02:00:00+00:00,0.9278299808502197,0.9283599853515625,0.9273599982261658,0.9282900094985962,12544.248199619426
2026-01-23 03:00:00+00:00,0.9282900094985962,0.9283599853515625,0.9275699853897095,0.9282500147819519,9542.616843266069
2026-01-23 04:00:00+00:00,0.9282500147819519,0.9284200072288513,0.9277999997138977,0.9283000230789185,9381.83243959306
2026-01-23 05:00:00+00:00,0.928309977054596,0.928600013256073,0.9279599785804749,0.9283699989318848,7307.295647969834
2026-01-23 06:00:00+00:00,0.9283699989318848,0.9286999702453613,0.9277300238609314,0.9282299876213074,7771.5627124295
2026-01-23 07:00:00+00:00,0.9281799793243408,0.9284999966621399,0.9270300269126892,0.9276800155639648,8689.575732225521
2026-01-23 08:00:00+00:00,0.9276400208473206,0.9282600283622742,0.9270200133323669,0.92781001329422,9194.5970468357
2026-01-23 09:00:00+00:00,0.9277499914169312,0.9283300042152405,0.9273300170898438,0.9282299876213074,8840.581720084023
2026-01-23 10:00:00+00:00,0.9282400012016296,0.9284999966621399,0.9270300269126892,0.9274700284004211,10637.016966256979
2026-01-23 11:00:00+00:00,0.9274600148200989,0.9283499717712402,0.9271399974822998,0.9277200102806091,12734.711041337167
2026-01-23 12:00:00+00:00,0.9276900291442871,0.9280499815940857,0.9272099733352661,0.9278799891471863,8829.733171230537
2026-01-23 13:00:00+00:00,0.9278799891471863,0.9280200004577637,0.9271000027656555,0.9279099702835083,9211.939758725432
2026-01-23 14:00:00+00:00,0.9279099702835083,0.928309977054596,0.9273399710655212,0.9281399846076965,7707.824285226335
2026-01-23 15:00:00+00:00,0.9281799793243408,0.9286999702453613,0.9270399808883667,0.9277799725532532,11867.76922300225
2026-01-23 16:00:00+00:00,0.9276599884033203,0.9280700087547302,0.9264799952507019,0.9273899793624878,11358.13249780784
2026-01-23 17:00:00+00:00,0.9273399710655212,0.9279999732971191,0.9261299967765808,0.9267299771308899,16851.212871497297
2026-01-23 18:00:00+00:00,0.9267799854278564,0.9272000193595886,0.9257100224494934,0.9264400005340576,16548.23191384271
2026-01-23 19:00:00+00:00,0.9264100193977356,0.9265000224113464,0.9231299757957458,0.9242600202560425,26284.54581557039
2026-01-23 20:00:00+00:00,0.9242600202560425,0.9250400066375732,0.9235600233078003,0.9240300059318542,31363.27944661364
2026-01-23 21:00:00+00:00,0.9240099787712097,0.9243500232696533,0.921459972858429,0.922249972820282,29756.643654735566
2026-01-23 22:00:00+00:00,0.9223300218582153,0.9223300218582153,0.9223300218582153,0.9223300218582153,31530.508971638486
2026-01-26 00:00:00+00:00,0.9226499795913696,0.9232000112533569,0.9215700030326843,0.9220100045204163,29079.991298309218
2026-01-26 01:00:00+00:00,0.9220100045204163,0.9229199886322021,0.9213500022888184,0.9219099879264832,29333.011888996585
2026-01-26 02:00:00+00:00,0.921970009803772,0.9222000241279602,0.9211400151252747,0.9218199849128723,35965.67941342288
2026-01-26 03:00:00+00:00,0.9218199849128723,0.921999990940094,0.9210600256919861,0.921750009059906,30885.66220402487
2026-01-26 04:00:00+00:00,0.921750009059906,0.9220200181007385,0.921019971370697,0.9216899871826172,31110.310225703728
2026-01-26 05:00:00+00:00,0.9216899871826172,0.9219099879264832,0.9210399985313416,0.9218400120735168,32209.961545098784
2026-01-26 06:00:00+00:00,0.9218400120735168,0.9223999977111816,0.921209990978241,0.9218999743461609,29169.05995816149
2026-01-26 07:00:00+00:00,0.9218699932098389,0.9227499961853027,0.9209399819374084,0.9224500060081482,29563.72407509478
2026-01-26 08:00:00+00:00,0.9224299788475037,0.9228600263595581,0.9204699993133545,0.9210699796676636,29819.806267557044
2026-01-26 09:00:00+00:00,0.9210699796676636,0.9211400151252747,0.919219970703125,0.9204000234603882,34341.27318177442
2026-01-26 10:00:00+00:00,0.9204000234603882,0.9214900135993958,0.919700026512146,0.9213700294494629,26254.710255044873
2026-01-26 11:00:00+00:00,0.9213700294494629,0.9220700263977051,0.920930027961731,0.9215400218963623,26598.480377451768
2026-01-26 12:00:00+00:00,0.9215700030326843,0.9224399924278259,0.9210799932479858,0.9219300150871277,23346.068567576935
2026-01-26 13:00:00+00:00,0.9218900203704834,0.9225000143051147,0.9213700294494629,0.922029972076416,28090.94836193013
2026-01-26 14:00:00+00:00,0.9219899773597717,0.9220700263977051,0.920799970626831,0.9212599992752075,27184.80378613
2026-01-26 15:00:00+00:00,0.921209990978241,0.9213500022888184,0.9199399948120117,0.9206699728965759,22475.726276812817
2026-01-26 16:00:00+00:00,0.9206399917602539,0.9218000173568726,0.9198099970817566,0.9215199947357178,28179.208107135175
2026-01-26 17:00:00+00:00,0.9215199947357178,0.9223099946975708,0.9210299849510193,0.9220499992370605,29868.85058595944
2026-01-26 18:00:00+00:00,0.9220200181007385,0.9227200150489807,0.9212499856948853,0.9224299788475037,26062.925567100912
2026-01-26 19:00:00+00:00,0.9224600195884705,0.9227200150489807,0.9215400218963623,0.9222099781036377,27632.703332352063
2026-01-26 20:00:00+00:00,0.9222099781036377,0.9228600263595581,0.9217100143432617,0.9227799773216248,31719.917143717033
2026-01-26 21:00:00+00:00,0.9227799773216248,0.9231500029563904,0.9221299886703491,0.9225199818611145,25309.961843663725
2026-01-26 22:00:00+00:00,0.9221299886703491,0.9232000112533569,0.9212499856948853,0.9229400157928467,23416.627899043935
2026-01-26 23:00:00+00:00,0.922819972038269,0.9232000112533569,0.9223700165748596,0.9229999780654907,27253.870325250977
2026-01-27 00:00:00+00:00,0.9229699969291687,0.92330002784729,0.9224100112915039,0.923009991645813,17884.12441654939
2026-01-27 01:00:00+00:00,0.9229900240898132,0.92330002784729,0.9224200248718262,0.9229900240898132,22634.5979024472
2026-01-27 02:00:00+00:00,0.922980010509491,0.9230300188064575,0.9219200015068054,0.922510027885437,16354.542692915657
2026-01-27 03:00:00+00:00,0.9224900007247925,0.9233999848365784,0.921970009803772,0.9230300188064575,21120.400979736027
2026-01-27 04:00:00+00:00,0.9230300188064575,0.9235600233078003,0.9226300120353699,0.9234399795532227,17939.44258893189
2026-01-27 05:00:00+00:00,0.9234399795532227,0.9236000180244446,0.9226800203323364,0.9232500195503235,18056.764127998256
2026-01-27 06:00:00+00:00,0.9232199788093567,0.9233999848365784,0.9221900105476379,0.9230800271034241,13922.572437287015
2026-01-27 07:00:00+00:00,0.923039972782135,0.9232699871063232,0.9220799803733826,0.9227399826049805,17294.712748988408
2026-01-27 08:00:00+00:00,0.9227100014686584,0.9231100082397461,0.9216899871826172,0.9221699833869934,14178.305999235059
2026-01-27 09:00:00+00:00,0.9221500158309937,0.9228799939155579,0.9216600060462952,0.9221900105476379,15824.352051335858
2026-01-27 10:00:00+00:00,0.9221900105476379,0.922819972038269,0.9211300015449524,0.9216099977493286,13745.39760859163
2026-01-27 11:00:00+00:00,0.9215999841690063,0.9217100143432617,0.9206100106239319,0.9210399985313416,18002.805316239726
2026-01-27 12:00:00+00:00,0.9210399985313416,0.9211000204086304,0.9185799956321716,0.9195700287818909,16721.263519503285
2026-01-27 13:00:00+00:00,0.9195700287818909,0.9197400212287903,0.9180600047111511,0.9190599918365479,20750.903236880353
2026-01-27 14:00:00+00:00,0.9190300107002258,0.9195799827575684,0.9161199927330017,0.9180799722671509,24752.20183170777
2026-01-27 15:00:00+00:00,0.9182500243186951,0.9183200001716614,0.9165400266647339,0.9176099896430969,32746.40212329997
2026-01-27 16:00:00+00:00,0.9176099896430969,0.9185699820518494,0.917169988155365,0.9183899760246277,34442.14859890692
2026-01-27 17:00:00+00:00,0.91839998960495,0.9185799956321716,0.9175900220870972,0.9181100130081177,30439.44852451084
2026-01-27 18:00:00+00:00,0.9181100130081177,0.91839998960495,0.9174699783325195,0.9180799722671509,25778.328788167928
2026-01-27 19:00:00+00:00,0.9180499911308289,0.9183200001716614,0.9172700047492981,0.9180300235748291,31041.681688666264
2026-01-27 20:00:00+00:00,0.9180799722671509,0.9188699722290039,0.9166499972343445,0.9172400236129761,34032.92599605234
2026-01-27 21:00:00+00:00,0.9172000288963318,0.9176899790763855,0.9159700274467468,0.9159700274467468,34561.8410197151
2026-01-27 22:00:00+00:00,0.9165199995040894,0.9172700047492981,0.9160799980163574,0.916450023651123,40747.698828669825
2026-01-27 23:00:00+00:00,0.9164299964904785,0.9174500107765198,0.9161999821662903,0.9170799851417542,36801.71994770836
2026-01-28 00:00:00+00:00,0.917140007019043,0.9177299737930298,0.9166899919509888,0.917639970779419,31407.034348646437
2026-01-28 01:00:00+00:00,0.9176499843597412,0.9185000061988831,0.9171500205993652,0.9183700084686279,35511.32911898422
2026-01-28 02:00:00+00:00,0.9183700084686279,0.9187999963760376,0.9178400039672852,0.9183599948883057,33405.06593166589
2026-01-28 03:00:00+00:00,0.9183599948883057,0.9187700152397156,0.9179199934005737,0.9185600280761719,30286.82329390331
2026-01-28 04:00:00+00:00,0.9185900092124939,0.9186300039291382,0.9177600145339966,0.9182100296020508,21061.76826751542
2026-01-28 05:00:00+00:00,0.9182100296020508,0.918429970741272,0.9175199866294861,0.9180200099945068,16898.103525155897
2026-01-28 06:00:00+00:00,0.9180300235748291,0.9184100031852722,0.9172700047492981,0.9176700115203857,17493.451882820937
2026-01-28 07:00:00+00:00,0.9176599979400635,0.9182400107383728,0.9164400100708008,0.9175199866294861,21114.175753435517
2026-01-28 08:00:00+00:00,0.9175099730491638,0.9210299849510193,0.916700005531311,0.919950008392334,28442.46550908283
2026-01-28 09:00:00+00:00,0.919950008392334,0.9202799797058105,0.9187600016593933,0.919439971446991,29991.135117604634
2026-01-28 10:00:00+00:00,0.9194899797439575,0.9197400212287903,0.9186999797821045,0.9194200038909912,23810.344891009372
2026-01-28 11:00:00+00:00,0.9194599986076355,0.9200599789619446,0.9185699820518494,0.9193199872970581,26402.833690402804
2026-01-28 12:00:00+00:00,0.9193199872970581,0.9194999933242798,0.9177299737930298,0.918470025062561,27365.722456024567
2026-01-28 13:00:00+00:00,0.9184499979019165,0.9190999865531921,0.9179900288581848,0.9188299775123596,26463.815513864087
2026-01-28 14:00:00+00:00,0.9188399910926819,0.9190999865531921,0.917680025100708,0.9185699820518494,26714.11062946828
2026-01-28 15:00:00+00:00,0.9185600280761719,0.9211699962615967,0.9182000160217285,0.9188100099563599,32662.41745991445
2026-01-28 16:00:00+00:00,0.9187600016593933,0.9196000099182129,0.9182900190353394,0.9187700152397156,38373.05203448199
2026-01-28 17:00:00+00:00,0.918749988079071,0.9192000031471252,0.9182400107383728,0.9188100099563599,29672.420282181545
2026-01-28 18:00:00+00:00,0.9188100099563599,0.9200199842453003,0.9183899760246277,0.919160008430481,41904.364884645
2026-01-28 19:00:00+00:00,0.9191300272941589,0.9197199940681458,0.9185799956321716,0.9193599820137024,31000.250208270358
2026-01-28 20:00:00+00:00,0.9193699955940247,0.9193800091743469,0.9182500243186951,0.9186699986457825,34135.20841815991
2026-01-28 21:00:00+00:00,0.9186699986457825,0.9188699722290039,0.9170699715614319,0.9183700084686279,35592.579854670264
2026-01-28 22:00:00+00:00,0.9174500107765198,0.9190300107002258,0.917169988155365,0.9183300137519836,27974.802562190664
2026-01-28 23:00:00+00:00,0.9182400107383728,0.9187999963760376,0.9167500138282776,0.9170899987220764,30585.317345361284
2026-01-29 00:00:00+00:00,0.9171000123023987,0.9171000123023987,0.9159299731254578,0.916700005531311,35263.940736039774
2026-01-29 01:00:00+00:00,0.916700005531311,0.917959988117218,0.9164800047874451,0.9177500009536743,31592.07090340938
2026-01-29 02:00:00+00:00,0.917739987373352,0.9181299805641174,0.917140007019043,0.9177700281143188,31189.843412005786
2026-01-29 03:00:00+00:00,0.9177600145339966,0.917900025844574,0.916890025138855,0.9174299836158752,29519.3319135427
2026-01-29 04:00:00+00:00,0.9174100160598755,0.9176899790763855,0.9167299866676331,0.9174699783325195,30369.9537111865
2026-01-29 05:00:00+00:00,0.917389988899231,0.9178000092506409,0.9168599843978882,0.9174000024795532,23312.20632658955
2026-01-29 06:00:00+00:00,0.9174000024795532,0.91771000623703,0.916949987411499,0.9175000190734863,20335.902779086
2026-01-29 07:00:00+00:00,0.9175000190734863,0.9183599948883057,0.9167799949645996,0.9177600145339966,23837.863014354014
2026-01-29 08:00:00+00:00,0.9177500009536743,0.9182999730110168,0.9167199730873108,0.9179099798202515,24037.39540116663
2026-01-29 09:00:00+00:00,0.9178799986839294,0.9181699752807617,0.9168699979782104,0.9179400205612183,17633.502506553417
2026-01-29 10:00:00+00:00,0.9179900288581848,0.9180300235748291,0.9168400168418884,0.9175400137901306,19254.765775992408
2026-01-29 11:00:00+00:00,0.9175699949264526,0.9182599782943726,0.9170200228691101,0.9178799986839294,19764.500370577527
2026-01-29 12:00:00+00:00,0.9179199934005737,0.9181699752807617,0.9172899723052979,0.917959988117218,18628.348890028614
2026-01-29 13:00:00+00:00,0.917959988117218,0.9181600213050842,0.9167600274085999,0.9175900220870972,15194.333840111802
2026-01-29 14:00:00+00:00,0.9175900220870972,0.9181200265884399,0.916130006313324,0.9167500138282776,16402.522546438508
2026-01-29 15:00:00+00:00,0.9167299866676331,0.9179099798202515,0.91566002368927,0.9162099957466125,17291.818919615052
2026-01-29 16:00:00+00:00,0.9162200093269348,0.9166200160980225,0.9153800010681152,0.9165300130844116,21689.795775709325
2026-01-29 17:00:00+00:00,0.9164900183677673,0.9167100191116333,0.9155099987983704,0.916450023651123,25324.06059905453
2026-01-29 18:00:00+00:00,0.916379988193512,0.916700005531311,0.9155799746513367,0.9164599776268005,22882.67737693884
2026-01-29 19:00:00+00:00,0.9164599776268005,0.9165599942207336,0.915440022945404,0.9159899950027466,25801.62951821318
2026-01-29 20:00:00+00:00,0.9159899950027466,0.916100025177002,0.9151600003242493,0.9158700108528137,21439.971731915197
2026-01-29 21:00:00+00:00,0.915880024433136,0.9161999821662903,0.9135400056838989,0.9157299995422363,21005.306250292768
2026-01-29 22:00:00+00:00,0.9148200154304504,0.9160299897193909,0.9142299890518188,0.915090024471283,25950.5090238767
2026-01-29 23:00:00+00:00,0.9150800108909607,0.9153100252151489,0.9140499830245972,0.914680004119873,26216.801284698235
2026-01-30 00:00:00+00:00,0.9147300124168396,0.9154999852180481,0.9141200184822083,0.9152899980545044,25709.622727656115
2026-01-30 01:00:00+00:00,0.9152899980545044,0.9159899950027466,0.9147599935531616,0.9155799746513367,27569.27695884092
2026-01-30 02:00:00+00:00,0.9155799746513367,0.9162700176239014,0.9148600101470947,0.9159700274467468,33836.093166031606
2026-01-30 03:00:00+00:00,0.9159700274467468,0.9164000153541565,0.9156000018119812,0.916159987449646,26046.07177126333
2026-01-30 04:00:00+00:00,0.9161700010299683,0.9164100289344788,0.9156100153923035,0.9162499904632568,23343.17053669705
2026-01-30 05:00:00+00:00,0.9161999821662903,0.9166200160980225,0.9157099723815918,0.9164900183677673,19700.68979483436
2026-01-30 06:00:00+00:00,0.9164599776268005,0.9165099859237671,0.9153500199317932,0.9159899950027466,17468.076467295203
2026-01-30 07:00:00+00:00,0.9159899950027466,0.9166600108146667,0.9150400161743164,0.9160699844360352,25811.29649283443
2026-01-30 08:00:00+00:00,0.9160699844360352,0.916450023651123,0.9152600169181824,0.9163299798965454,22707.225091151493
2026-01-30 09:00:00+00:00,0.9162899851799011,0.917389988899231,0.9156799912452698,0.9165199995040894,20971.96211477954
2026-01-30 10:00:00+00:00,0.9165199995040894,0.9167500138282776,0.9154099822044373,0.9164699912071228,21707.017391715093
2026-01-30 11:00:00+00:00,0.9165099859237671,0.9169700145721436,0.9159700274467468,0.9164100289344788,20247.478158253976
2026-01-30 12:00:00+00:00,0.9164100289344788,0.9164900183677673,0.915369987487793,0.9159299731254578,15854.043671400366
2026-01-30 13:00:00+00:00,0.9160100221633911,0.9161999821662903,0.9148399829864502,0.9159700274467468,17682.314655098275
2026-01-30 14:00:00+00:00,0.91593998670578,0.9161999821662903,0.9146400094032288,0.9153800010681152,17691.108905562676
2026-01-30 15:00:00+00:00,0.915369987487793,0.9162200093269348,0.9141899943351746,0.9160699844360352,23816.438943110184
2026-01-30 16:00:00+00:00,0.9160799980163574,0.916700005531311,0.9152500033378601,0.9163500070571899,18197.12007528716
2026-01-30 17:00:00+00:00,0.9163500070571899,0.9166300296783447,0.9155300259590149,0.9163500070571899,19175.343635706613
2026-01-30 18:00:00+00:00,0.9162799715995789,0.9166600108146667,0.9154000282287598,0.9160199761390686,23493.449803131665
2026-01-30 19:00:00+00:00,0.9160199761390686,0.9163500070571899,0.9154800176620483,0.9161499738693237,19471.303349120768
2026-01-30 20:00:00+00:00,0.9161199927330017,0.9164000153541565,0.9154300093650818,0.9162200093269348,23708.814968425457
2026-01-30 21:00:00+00:00,0.9161999821662903,0.9164599776268005,0.9153599739074707,0.91593998670578,20058.788567037478
2026-01-30 22:00:00+00:00,0.916100025177002,0.916100025177002,0.9156399965286255,0.9156399965286255,19519.808661648894
