Datetime,Open,High,Low,Close,Volume
2025-11-10 00:00:00+00:00,0.9316200017929077,0.9319999814033508,0.931119978427887,0.9319000244140625,0.0
2025-11-10 00:15:00+00:00,0.93190997838974,0.9319999814033508,0.9311800003051758,0.9315900206565857,0.0
2025-11-10 00:30:00+00:00,0.9315900206565857,0.9317499995231628,0.9311699867248535,0.9316099882125854,0.0
2025-11-10 00:45:00+00:00,0.9316099882125854,0.9316999912261963,0.9311100244522095,0.9315299987792969,0.0
2025-11-10 01:00:00+00:00,0.9315299987792969,0.9319499731063843,0.9310399889945984,0.9317899942398071,0.0
2025-11-10 01:15:00+00:00,0.9317799806594849,0.9319999814033508,0.931410014629364,0.9318600296974182,0.0
2025-11-10 01:30:00+00:00,0.9318600296974182,0.9320200085639954,0.9314000010490417,0.9319000244140625,0.0
2025-11-10 01:45:00+00:00,0.9318699836730957,0.9320999979972839,0.9314799904823303,0.9319999814033508,0.0
2025-11-10 02:00:00+00:00,0.9319900274276733,0.9321500062942505,0.9314799904823303,0.9319999814033508,0.0
2025-11-10 02:15:00+00:00,0.93190997838974,0.9319999814033508,0.9312700033187866,0.9316800236701965,0.0
2025-11-10 02:30:00+00:00,0.931689977645874,0.9318100214004517,0.9312700033187866,0.9316999912261963,0.0
2025-11-10 02:45:00+00:00,0.9316999912261963,0.9318000078201294,0.9312000274658203,0.9316499829292297,0.0
2025-11-10 03:00:00+00:00,0.9316400289535522,0.9317200183868408,0.9311599731445312,0.9316700100898743,0.0
2025-11-10 03:15:00+00:00,0.9316800236701965,0.9318699836730957,0.9312599897384644,0.9318299889564514,0.0
2025-11-10 03:30:00+00:00,0.9318199753761292,0.9319000244140625,0.9313200116157532,0.9317899942398071,0.0
2025-11-10 03:45:00+00:00,0.9317899942398071,0.9319000244140625,0.9312599897384644,0.9317299723625183,0.0
2025-11-10 04:00:00+00:00,0.9317200183868408,0.9319400191307068,0.9313200116157532,0.931879997253418,0.0
2025-11-10 04:15:00+00:00,0.931850016117096,0.9319499731063843,0.931410014629364,0.9318900108337402,0.0
2025-11-10 04:30:00+00:00,0.9318900108337402,0.9319999814033508,0.9314299821853638,0.9319300055503845,0.0
2025-11-10 04:45:00+00:00,0.9319000244140625,0.9320099949836731,0.931439995765686,0.9318900108337402,0.0
2025-11-10 05:00:00+00:00,0.931850016117096,0.9320200085639954,0.9313899874687195,0.9319499731063843,0.0
2025-11-10 05:15:00+00:00,0.9319599866867065,0.9320499897003174,0.9315099716186523,0.9319700002670288,0.0
2025-11-10 05:30:00+00:00,0.9319999814033508,0.9320200085639954,0.931439995765686,0.9318299889564514,0.0
2025-11-10 05:45:00+00:00,0.9318600296974182,0.9319999814033508,0.9313399791717529,0.9318299889564514,0.0
2025-11-10 06:00:00+00:00,0.9317899942398071,0.9320099949836731,0.9313700199127197,0.9319000244140625,0.0
2025-11-10 06:15:00+00:00,0.9319000244140625,0.9319999814033508,0.9313499927520752,0.9317700266838074,0.0
2025-11-10 06:30:00+00:00,0.9317700266838074,0.93190997838974,0.9313600063323975,0.931879997253418,0.0
2025-11-10 06:45:00+00:00,0.9318699836730957,0.9322100281715393,0.9312099814414978,0.9320600032806396,0.0
2025-11-10 07:00:00+00:00,0.9320899844169617,0.9321500062942505,0.9313300251960754,0.9319900274276733,0.0
2025-11-10 07:15:00+00:00,0.9319999814033508,0.9320099949836731,0.931119978427887,0.9315999746322632,0.0
2025-11-10 07:30:00+00:00,0.9315599799156189,0.9317100048065186,0.9311000108718872,0.9315299987792969,0.0
2025-11-10 07:45:00+00:00,0.9315999746322632,0.9320999979972839,0.9310299754142761,0.9318900108337402,0.0
2025-11-10 08:00:00+00:00,0.9319199919700623,0.932420015335083,0.9315999746322632,0.9320799708366394,0.0
2025-11-10 08:15:00+00:00,0.9320999979972839,0.9323999881744385,0.9314200282096863,0.9323099851608276,0.0
2025-11-10 08:30:00+00:00,0.9323099851608276,0.9325500130653381,0.9318199753761292,0.9322999715805054,0.0
2025-11-10 08:45:00+00:00,0.9322999715805054,0.9323300123214722,0.9315000176429749,0.9322900176048279,0.0
2025-11-10 09:00:00+00:00,0.9322900176048279,0.9325000047683716,0.9318900108337402,0.9321699738502502,0.0
2025-11-10 09:15:00+00:00,0.9321699738502502,0.9322199821472168,0.9314000010490417,0.9317899942398071,0.0
2025-11-10 09:30:00+00:00,0.9317700266838074,0.9319300055503845,0.9312899708747864,0.9318900108337402,0.0
2025-11-10 09:45:00+00:00,0.9318699836730957,0.932420015335083,0.9314299821853638,0.9322599768638611,0.0
2025-11-10 10:00:00+00:00,0.9322699904441833,0.9323300123214722,0.9312899708747864,0.9316999912261963,0.0
2025-11-10 10:15:00+00:00,0.9316999912261963,0.9319000244140625,0.9311800003051758,0.9316999912261963,0.0
2025-11-10 10:30:00+00:00,0.9316999912261963,0.9319199919700623,0.9312499761581421,0.9317299723625183,0.0
2025-11-10 10:45:00+00:00,0.9317299723625183,0.9322500228881836,0.9312700033187866,0.9321600198745728,0.0
2025-11-10 11:00:00+00:00,0.9321399927139282,0.9321799874305725,0.9313600063323975,0.9315800070762634,0.0
2025-11-10 11:15:00+00:00,0.9315800070762634,0.9319000244140625,0.9311599731445312,0.9317399859428406,0.0
2025-11-10 11:30:00+00:00,0.9317399859428406,0.9319000244140625,0.9311500191688538,0.9317200183868408,0.0
2025-11-10 11:45:00+00:00,0.9317399859428406,0.93190997838974,0.9312499761581421,0.9318100214004517,0.0
2025-11-10 12:00:00+00:00,0.9318100214004517,0.93190997838974,0.9312599897384644,0.9317899942398071,0.0
2025-11-10 12:15:00+00:00,0.9317899942398071,0.9319000244140625,0.9312300086021423,0.9318600296974182,0.0
2025-11-10 12:30:00+00:00,0.931850016117096,0.9319199919700623,0.9312899708747864,0.931689977645874,0.0
2025-11-10 12:45:00+00:00,0.931689977645874,0.9319199919700623,0.9312000274658203,0.9317499995231628,0.0
2025-11-10 13:00:00+00:00,0.9317399859428406,0.9318400025367737,0.9311699867248535,0.9316700100898743,0.0
2025-11-10 13:15:00+00:00,0.931659996509552,0.9316999912261963,0.931119978427887,0.9315699934959412,0.0
2025-11-10 13:30:00+00:00,0.9315699934959412,0.9316999912261963,0.9308099746704102,0.9312300086021423,0.0
2025-11-10 13:45:00+00:00,0.9312700033187866,0.9312999844551086,0.9304999709129333,0.9309099912643433,0.0
2025-11-10 14:00:00+00:00,0.9308900237083435,0.9311500191688538,0.9304699897766113,0.9309300184249878,0.0
2025-11-10 14:15:00+00:00,0.9309499859809875,0.9311000108718872,0.930429995059967,0.9310299754142761,0.0
2025-11-10 14:30:00+00:00,0.9310399889945984,0.9314500093460083,0.9303799867630005,0.9307799935340881,0.0
2025-11-10 14:45:00+00:00,0.9307900071144104,0.9312000274658203,0.9303600192070007,0.9310200214385986,0.0
2025-11-10 15:00:00+00:00,0.9310200214385986,0.9312099814414978,0.9305899739265442,0.9310399889945984,0.0
2025-11-10 15:15:00+00:00,0.9310500025749207,0.9313499927520752,0.9305700063705444,0.9312099814414978,0.0
2025-11-10 15:30:00+00:00,0.9312199950218201,0.9316400289535522,0.9308300018310547,0.9315400123596191,0.0
2025-11-10 15:45:00+00:00,0.9315400123596191,0.9316499829292297,0.930679976940155,0.9310399889945984,0.0
2025-11-10 16:00:00+00:00,0.9310100078582764,0.9312599897384644,0.9305700063705444,0.9311599731445312,0.0
2025-11-10 16:15:00+00:00,0.9311299920082092,0.9312599897384644,0.9305599927902222,0.9311000108718872,0.0
2025-11-10 16:30:00+00:00,0.9311100244522095,0.9312300086021423,0.9304699897766113,0.930899977684021,0.0
2025-11-10 16:45:00+00:00,0.930899977684021,0.9309999942779541,0.9302099943161011,0.9307799935340881,0.0
2025-11-10 17:00:00+00:00,0.9307900071144104,0.9308199882507324,0.9297000169754028,0.9303699731826782,0.0
2025-11-10 17:15:00+00:00,0.9303699731826782,0.9304999709129333,0.9296799898147583,0.9301499724388123,0.0
2025-11-10 17:30:00+00:00,0.9301199913024902,0.930400013923645,0.9297500252723694,0.9303100109100342,0.0
2025-11-10 17:45:00+00:00,0.9303100109100342,0.9304999709129333,0.92985999584198,0.9303200244903564,0.0
2025-11-10 18:00:00+00:00,0.9303200244903564,0.930400013923645,0.9298200011253357,0.9302499890327454,0.0
2025-11-10 18:15:00+00:00,0.9302600026130676,0.9304400086402893,0.929830014705658,0.9302999973297119,0.0
2025-11-10 18:30:00+00:00,0.9303200244903564,0.930400013923645,0.9298099875450134,0.9302899837493896,0.0
2025-11-10 18:45:00+00:00,0.9302800297737122,0.9303399920463562,0.9297000169754028,0.9301199913024902,0.0
2025-11-10 19:00:00+00:00,0.9301300048828125,0.9301999807357788,0.929639995098114,0.9301199913024902,0.0
2025-11-10 19:15:00+00:00,0.9301199913024902,0.9303500056266785,0.929669976234436,0.9302800297737122,0.0
2025-11-10 19:30:00+00:00,0.9303200244903564,0.9304999709129333,0.9298700094223022,0.9303600192070007,0.0
2025-11-10 19:45:00+00:00,0.9303600192070007,0.9304199814796448,0.9298700094223022,0.9303600192070007,0.0
2025-11-10 20:00:00+00:00,0.9303500056266785,0.9305599927902222,0.9299899935722351,0.9304199814796448,0.0
2025-11-10 20:15:00+00:00,0.9304199814796448,0.9305999875068665,0.9300000071525574,0.9304699897766113,0.0
2025-11-10 20:30:00+00:00,0.9304900169372559,0.9305999875068665,0.9299700260162354,0.930400013923645,0.0
2025-11-10 20:45:00+00:00,0.9303900003433228,0.9304999709129333,0.9299399852752686,0.9304199814796448,0.0
2025-11-10 21:00:00+00:00,0.930429995059967,0.9305400252342224,0.9299299716949463,0.9304500222206116,0.0
2025-11-10 21:15:00+00:00,0.9304500222206116,0.9304999709129333,0.9298700094223022,0.9302600026130676,0.0
2025-11-10 21:30:00+00:00,0.9302600026130676,0.9305400252342224,0.9298999905586243,0.9304199814796448,0.0
2025-11-10 21:45:00+00:00,0.9304800033569336,0.930679976940155,0.9297400116920471,0.9301499724388123,0.0
2025-11-10 22:00:00+00:00,0.9301499724388123,0.9305199980735779,0.9296600222587585,0.9304699897766113,0.0
2025-11-10 22:15:00+00:00,0.9303100109100342,0.9307600259780884,0.9295700192451477,0.9301199913024902,0.0
2025-11-10 22:30:00+00:00,0.9301999807357788,0.9305599927902222,0.92985999584198,0.9303100109100342,0.0
2025-11-10 22:45:00+00:00,0.9303200244903564,0.9304800033569336,0.9297900199890137,0.9302099943161011,0.0
2025-11-10 23:00:00+00:00,0.9300600290298462,0.9305999875068665,0.9298400282859802,0.930429995059967,0.0
2025-11-10 23:15:00+00:00,0.9304500222206116,0.9305499792098999,0.9299799799919128,0.9304100275039673,0.0
2025-11-10 23:30:00+00:00,0.9304100275039673,0.9305499792098999,0.9300000071525574,0.9304699897766113,0.0
2025-11-10 23:45:00+00:00,0.9304699897766113,0.9305999875068665,0.9300199747085571,0.930429995059967,0.0
2025-11-11 00:00:00+00:00,0.9304599761962891,0.9306100010871887,0.9300600290298462,0.9305599927902222,0.0
2025-11-11 00:15:00+00:00,0.9305599927902222,0.9307000041007996,0.9300900101661682,0.930649995803833,0.0
2025-11-11 00:30:00+00:00,0.9306300282478333,0.9308000206947327,0.9301699995994568,0.9306700229644775,0.0
2025-11-11 00:45:00+00:00,0.9306700229644775,0.9308599829673767,0.9301999807357788,0.9307900071144104,0.0
2025-11-11 01:00:00+00:00,0.9308000206947327,0.9309999942779541,0.9303399920463562,0.9307199716567993,0.0
2025-11-11 01:15:00+00:00,0.9307600259780884,0.9308000206947327,0.9301999807357788,0.9306700229644775,0.0
2025-11-11 01:30:00+00:00,0.9306700229644775,0.9307399988174438,0.9301199913024902,0.930649995803833,0.0
2025-11-11 01:45:00+00:00,0.930649995803833,0.9307000041007996,0.9298999905586243,0.930400013923645,0.0
2025-11-11 02:00:00+00:00,0.930400013923645,0.930429995059967,0.9297199845314026,0.9302700161933899,0.0
2025-11-11 02:15:00+00:00,0.9302700161933899,0.9303100109100342,0.9295399785041809,0.9300699830055237,0.0
2025-11-11 02:30:00+00:00,0.9300699830055237,0.9302300214767456,0.9297000169754028,0.9301400184631348,0.0
2025-11-11 02:45:00+00:00,0.9301599860191345,0.9301999807357788,0.9295899868011475,0.9300699830055237,0.0
2025-11-11 03:00:00+00:00,0.9300699830055237,0.9302099943161011,0.9296299815177917,0.9301599860191345,0.0
2025-11-11 03:15:00+00:00,0.9301599860191345,0.9303100109100342,0.9297299981117249,0.9302200078964233,0.0
2025-11-11 03:30:00+00:00,0.9302099943161011,0.9303399920463562,0.9298200011253357,0.9302700161933899,0.0
2025-11-11 03:45:00+00:00,0.9302800297737122,0.9304100275039673,0.9298499822616577,0.9302899837493896,0.0
2025-11-11 04:00:00+00:00,0.9302999973297119,0.930400013923645,0.9296200275421143,0.930079996585846,0.0
2025-11-11 04:15:00+00:00,0.930079996585846,0.930109977722168,0.9294899702072144,0.9300100207328796,0.0
2025-11-11 04:30:00+00:00,0.9300000071525574,0.9301999807357788,0.9295799732208252,0.930079996585846,0.0
2025-11-11 04:45:00+00:00,0.9300699830055237,0.9301999807357788,0.9294899702072144,0.9299399852752686,0.0
2025-11-11 05:00:00+00:00,0.9299399852752686,0.9300299882888794,0.9293799996376038,0.9298400282859802,0.0
2025-11-11 05:15:00+00:00,0.9298400282859802,0.9298999905586243,0.9293199777603149,0.9297999739646912,0.0
2025-11-11 05:30:00+00:00,0.9297999739646912,0.9298999905586243,0.9292799830436707,0.9297800064086914,0.0
2025-11-11 05:45:00+00:00,0.9297999739646912,0.929830014705658,0.9291599988937378,0.9295700192451477,0.0
2025-11-11 06:00:00+00:00,0.9295700192451477,0.929830014705658,0.9291599988937378,0.9297199845314026,0.0
2025-11-11 06:15:00+00:00,0.9297599792480469,0.929830014705658,0.9292500019073486,0.9297900199890137,0.0
2025-11-11 06:30:00+00:00,0.9297800064086914,0.9298999905586243,0.9292899966239929,0.9297099709510803,0.0
2025-11-11 06:45:00+00:00,0.9297099709510803,0.9297999739646912,0.9291200041770935,0.9297000169754028,0.0
2025-11-11 07:00:00+00:00,0.9296900033950806,0.9300500154495239,0.9292500019073486,0.9297900199890137,0.0
2025-11-11 07:15:00+00:00,0.9297800064086914,0.9298099875450134,0.9289699792861938,0.9295600056648254,0.0
2025-11-11 07:30:00+00:00,0.9295600056648254,0.9296200275421143,0.9286800026893616,0.9291300177574158,0.0
2025-11-11 07:45:00+00:00,0.9291300177574158,0.9293000102043152,0.9284200072288513,0.9287599921226501,0.0
2025-11-11 08:00:00+00:00,0.9287499785423279,0.9293000102043152,0.9285500049591064,0.9292200207710266,0.0
2025-11-11 08:15:00+00:00,0.9292200207710266,0.9294800162315369,0.9287700057029724,0.9293299913406372,0.0
2025-11-11 08:30:00+00:00,0.9293299913406372,0.9294300079345703,0.9284600019454956,0.928879976272583,0.0
2025-11-11 08:45:00+00:00,0.928879976272583,0.9290500283241272,0.928309977054596,0.928879976272583,0.0
2025-11-11 09:00:00+00:00,0.9288899898529053,0.9289799928665161,0.9279699921607971,0.9284600019454956,0.0
2025-11-11 09:15:00+00:00,0.9284399747848511,0.9289699792861938,0.9279800057411194,0.9287199974060059,0.0
2025-11-11 09:30:00+00:00,0.9287199974060059,0.9287300109863281,0.9278799891471863,0.9285100102424622,0.0
2025-11-11 09:45:00+00:00,0.9285100102424622,0.9290000200271606,0.9280200004577637,0.9289199709892273,0.0
2025-11-11 10:00:00+00:00,0.9288899898529053,0.9289500117301941,0.9282199740409851,0.9288399815559387,0.0
2025-11-11 10:15:00+00:00,0.9288399815559387,0.9289000034332275,0.9280999898910522,0.9287599921226501,0.0
2025-11-11 10:30:00+00:00,0.9287599921226501,0.9288399815559387,0.9279500246047974,0.9284999966621399,0.0
2025-11-11 10:45:00+00:00,0.9284899830818176,0.9285299777984619,0.9277300238609314,0.9282100200653076,0.0
2025-11-11 11:00:00+00:00,0.9282100200653076,0.9282600283622742,0.9274100065231323,0.9280499815940857,0.0
2025-11-11 11:15:00+00:00,0.928059995174408,0.9281100034713745,0.9273499846458435,0.9279999732971191,0.0
2025-11-11 11:30:00+00:00,0.9280200004577637,0.9280400276184082,0.9272400140762329,0.9277300238609314,0.0
2025-11-11 11:45:00+00:00,0.9277300238609314,0.9280099868774414,0.9272599816322327,0.9279000163078308,0.0
2025-11-11 12:00:00+00:00,0.9278900027275085,0.9280200004577637,0.9272599816322327,0.9278600215911865,0.0
2025-11-11 12:15:00+00:00,0.9278600215911865,0.9279699921607971,0.9273200035095215,0.9277399778366089,0.0
2025-11-11 12:30:00+00:00,0.9277300238609314,0.9278299808502197,0.927079975605011,0.9277600049972534,0.0
2025-11-11 12:45:00+00:00,0.9277899861335754,0.9279000163078308,0.9272300004959106,0.9277700185775757,0.0
2025-11-11 13:00:00+00:00,0.9277799725532532,0.9279400110244751,0.9272099733352661,0.9276000261306763,0.0
2025-11-11 13:15:00+00:00,0.9276000261306763,0.9277099967002869,0.9269300103187561,0.9275599718093872,0.0
2025-11-11 13:30:00+00:00,0.9275599718093872,0.9275799989700317,0.9265199899673462,0.9270099997520447,0.0
2025-11-11 13:45:00+00:00,0.9270099997520447,0.9275699853897095,0.9265599846839905,0.9273399710655212,0.0
2025-11-11 14:00:00+00:00,0.9273200035095215,0.9275000095367432,0.9268100261688232,0.9272699952125549,0.0
2025-11-11 14:15:00+00:00,0.9272699952125549,0.9273099899291992,0.9261299967765808,0.9268400073051453,0.0
2025-11-11 14:30:00+00:00,0.9268400073051453,0.9271199703216553,0.9263299703598022,0.9270099997520447,0.0
2025-11-11 14:45:00+00:00,0.9270099997520447,0.9276000261306763,0.926609992980957,0.9274899959564209,0.0
2025-11-11 15:00:00+00:00,0.9274899959564209,0.9276700019836426,0.9269499778747559,0.9274100065231323,0.0
2025-11-11 15:15:00+00:00,0.9274100065231323,0.9275000095367432,0.9267799854278564,0.9272300004959106,0.0
2025-11-11 15:30:00+00:00,0.9272000193595886,0.9275699853897095,0.9268800020217896,0.9274200201034546,0.0
2025-11-11 15:45:00+00:00,0.9273999929428101,0.9276099801063538,0.9268400073051453,0.9272400140762329,0.0
2025-11-11 16:00:00+00:00,0.9272300004959106,0.9276000261306763,0.9267299771308899,0.9275799989700317,0.0
2025-11-11 16:15:00+00:00,0.9275599718093872,0.9277499914169312,0.9267799854278564,0.9272300004959106,0.0
2025-11-11 16:30:00+00:00,0.9272500276565552,0.927299976348877,0.9266200065612793,0.9270300269126892,0.0
2025-11-11 16:45:00+00:00,0.9270200133323669,0.9271100163459778,0.9265000224113464,0.9269999861717224,0.0
2025-11-11 17:00:00+00:00,0.9269899725914001,0.9273999929428101,0.9265699982643127,0.9272900223731995,0.0
2025-11-11 17:15:00+00:00,0.927299976348877,0.9275000095367432,0.9268400073051453,0.9274200201034546,0.0
2025-11-11 17:30:00+00:00,0.9274200201034546,0.9275199770927429,0.9268400073051453,0.9273399710655212,0.0
2025-11-11 17:45:00+00:00,0.9273200035095215,0.9275000095367432,0.926800012588501,0.9273800253868103,0.0
2025-11-11 18:00:00+00:00,0.9273800253868103,0.9274100065231323,0.9267699718475342,0.9271699786186218,0.0
2025-11-11 18:15:00+00:00,0.9272000193595886,0.9273999929428101,0.9267600178718567,0.9273099899291992,0.0
2025-11-11 18:30:00+00:00,0.927299976348877,0.9276000261306763,0.9268699884414673,0.9275199770927429,0.0
2025-11-11 18:45:00+00:00,0.9275199770927429,0.9276400208473206,0.9269899725914001,0.9274299740791321,0.0
2025-11-11 19:00:00+00:00,0.9274200201034546,0.9276000261306763,0.9269499778747559,0.9275500178337097,0.0
2025-11-11 19:15:00+00:00,0.9275500178337097,0.927619993686676,0.9269999861717224,0.9274600148200989,0.0
2025-11-11 19:30:00+00:00,0.9274500012397766,0.9275299906730652,0.926859974861145,0.9273099899291992,0.0
2025-11-11 19:45:00+00:00,0.9272699952125549,0.9274100065231323,0.9267600178718567,0.9271900057792664,0.0
2025-11-11 20:00:00+00:00,0.9272000193595886,0.9275000095367432,0.9268199801445007,0.9272300004959106,0.0
2025-11-11 20:15:00+00:00,0.9272300004959106,0.927299976348877,0.9266899824142456,0.9271799921989441,0.0
2025-11-11 20:30:00+00:00,0.9271799921989441,0.9272300004959106,0.9262700080871582,0.9269400238990784,0.0
2025-11-11 20:45:00+00:00,0.9269099831581116,0.9271199703216553,0.9263399839401245,0.927049994468689,0.0
2025-11-11 21:00:00+00:00,0.9270300269126892,0.9272000193595886,0.9263700246810913,0.9269700050354004,0.0
2025-11-11 21:15:00+00:00,0.9269400238990784,0.9271000027656555,0.9263899922370911,0.9268199801445007,0.0
2025-11-11 21:30:00+00:00,0.926800012588501,0.9272000193595886,0.9264400005340576,0.9270899891853333,0.0
2025-11-11 21:45:00+00:00,0.9270700216293335,0.927299976348877,0.9261800050735474,0.9261800050735474,0.0
2025-11-11 22:00:00+00:00,0.9262800216674805,0.9273999929428101,0.9261800050735474,0.9271100163459778,0.0
2025-11-11 22:15:00+00:00,0.9271699786186218,0.9272900223731995,0.9264699816703796,0.9267799854278564,0.0
2025-11-11 22:30:00+00:00,0.9270700216293335,0.927619993686676,0.9267299771308899,0.9270200133323669,0.0
2025-11-11 22:45:00+00:00,0.9272699952125549,0.9273999929428101,0.9267699718475342,0.9273399710655212,0.0
2025-11-11 23:00:00+00:00,0.9272800087928772,0.9273300170898438,0.9267600178718567,0.9271600246429443,0.0
2025-11-11 23:15:00+00:00,0.9271799921989441,0.927299976348877,0.9267100095748901,0.9272099733352661,0.0
2025-11-11 23:30:00+00:00,0.9272099733352661,0.9273300170898438,0.9268199801445007,0.9272800087928772,0.0
2025-11-11 23:45:00+00:00,0.9272800087928772,0.9273999929428101,0.9268699884414673,0.9273399710655212,0.0
2025-11-12 00:00:00+00:00,0.927299976348877,0.9273399710655212,0.9266700148582458,0.9271500110626221,0.0
2025-11-12 00:15:00+00:00,0.9271500110626221,0.9273399710655212,0.9267699718475342,0.9272800087928772,0.0
2025-11-12 00:30:00+00:00,0.9272599816322327,0.9273099899291992,0.9267399907112122,0.9272099733352661,0.0
2025-11-12 00:45:00+00:00,0.9272000193595886,0.9273999929428101,0.9267299771308899,0.9273399710655212,0.0
2025-11-12 01:00:00+00:00,0.9273399710655212,0.9274399876594543,0.9267600178718567,0.9272400140762329,0.0
2025-11-12 01:15:00+00:00,0.9272199869155884,0.927299976348877,0.9267200231552124,0.9271000027656555,0.0
2025-11-12 01:30:00+00:00,0.9271000027656555,0.9272199869155884,0.9265699982643127,0.9271500110626221,0.0
2025-11-12 01:45:00+00:00,0.9271199703216553,0.927299976348877,0.926609992980957,0.9270300269126892,0.0
2025-11-12 02:00:00+00:00,0.9270300269126892,0.9272199869155884,0.926580011844635,0.9271399974822998,0.0
2025-11-12 02:15:00+00:00,0.9271299839019775,0.9272099733352661,0.9266999959945679,0.9271299839019775,0.0
2025-11-12 02:30:00+00:00,0.9271299839019775,0.9272000193595886,0.9265999794006348,0.927049994468689,0.0
2025-11-12 02:45:00+00:00,0.9270600080490112,0.9272000193595886,0.9265900254249573,0.9271600246429443,0.0
2025-11-12 03:00:00+00:00,0.9271600246429443,0.9272000193595886,0.9265199899673462,0.9269999861717224,0.0
2025-11-12 03:15:00+00:00,0.9269999861717224,0.9270200133323669,0.9263899922370911,0.926829993724823,0.0
2025-11-12 03:30:00+00:00,0.926829993724823,0.9270200133323669,0.9264000058174133,0.9269899725914001,0.0
2025-11-12 03:45:00+00:00,0.9269800186157227,0.9270399808883667,0.9264100193977356,0.9268900156021118,0.0
2025-11-12 04:00:00+00:00,0.9268800020217896,0.9269999861717224,0.9264100193977356,0.9268699884414673,0.0
2025-11-12 04:15:00+00:00,0.926859974861145,0.9269000291824341,0.9262300133705139,0.9266899824142456,0.0
2025-11-12 04:30:00+00:00,0.9266899824142456,0.9269000291824341,0.9262300133705139,0.9268400073051453,0.0
2025-11-12 04:45:00+00:00,0.926829993724823,0.9269999861717224,0.926360011100769,0.926800012588501,0.0
2025-11-12 05:00:00+00:00,0.926800012588501,0.9268199801445007,0.9262599945068359,0.9267399907112122,0.0
2025-11-12 05:15:00+00:00,0.9267399907112122,0.926800012588501,0.9261599779129028,0.9267200231552124,0.0
2025-11-12 05:30:00+00:00,0.9267200231552124,0.9269199967384338,0.9263100028038025,0.9269099831581116,0.0
2025-11-12 05:45:00+00:00,0.9269099831581116,0.9269999861717224,0.9263200163841248,0.9268500208854675,0.0
2025-11-12 06:00:00+00:00,0.9268500208854675,0.9271500110626221,0.9264799952507019,0.9271199703216553,0.0
2025-11-12 06:15:00+00:00,0.927079975605011,0.9272199869155884,0.9265699982643127,0.9270700216293335,0.0
2025-11-12 06:30:00+00:00,0.9270700216293335,0.9271100163459778,0.9265000224113464,0.9269400238990784,0.0
2025-11-12 06:45:00+00:00,0.9269400238990784,0.9270200133323669,0.9264299869537354,0.9268199801445007,0.0
2025-11-12 07:00:00+00:00,0.9267899990081787,0.9269400238990784,0.9263200163841248,0.9266800284385681,0.0
2025-11-12 07:15:00+00:00,0.9266700148582458,0.926800012588501,0.9261699914932251,0.9266600012779236,0.0
2025-11-12 07:30:00+00:00,0.9266600012779236,0.9269700050354004,0.9261999726295471,0.9269700050354004,0.0
2025-11-12 07:45:00+00:00,0.9269300103187561,0.9269999861717224,0.9259399771690369,0.9263399839401245,0.0
2025-11-12 08:00:00+00:00,0.9263799786567688,0.9264000058174133,0.9257000088691711,0.9263100028038025,0.0
2025-11-12 08:15:00+00:00,0.9263299703598022,0.9264000058174133,0.9254199862480164,0.9258900284767151,0.0
2025-11-12 08:30:00+00:00,0.9258900284767151,0.9259200096130371,0.925000011920929,0.9256700277328491,0.0
2025-11-12 08:45:00+00:00,0.9256500005722046,0.9257000088691711,0.9247699975967407,0.92535001039505,0.0
2025-11-12 09:00:00+00:00,0.925320029258728,0.925599992275238,0.9246000051498413,0.9249699711799622,0.0
2025-11-12 09:15:00+00:00,0.9249699711799622,0.9254400134086609,0.9244700074195862,0.9251700043678284,0.0
2025-11-12 09:30:00+00:00,0.9251700043678284,0.9258300065994263,0.924589991569519,0.9248800277709961,0.0
2025-11-12 09:45:00+00:00,0.9248800277709961,0.9251000285148621,0.9241200089454651,0.9247000217437744,0.0
2025-11-12 10:00:00+00:00,0.9247099757194519,0.925320029258728,0.9241999983787537,0.9249399900436401,0.0
2025-11-12 10:15:00+00:00,0.9249600172042847,0.925000011920929,0.924239993095398,0.9246799945831299,0.0
2025-11-12 10:30:00+00:00,0.9246799945831299,0.9247199892997742,0.92399001121521,0.9246399998664856,0.0
2025-11-12 10:45:00+00:00,0.9246199727058411,0.9250199794769287,0.9242100119590759,0.9249500036239624,0.0
2025-11-12 11:00:00+00:00,0.9249500036239624,0.9250800013542175,0.9242600202560425,0.9246900081634521,0.0
2025-11-12 11:15:00+00:00,0.9247000217437744,0.924809992313385,0.9240999817848206,0.9246399998664856,0.0
2025-11-12 11:30:00+00:00,0.9246500134468079,0.925000011920929,0.9241300225257874,0.9249299764633179,0.0
2025-11-12 11:45:00+00:00,0.9249100089073181,0.9250400066375732,0.9242600202560425,0.924809992313385,0.0
2025-11-12 12:00:00+00:00,0.924809992313385,0.9249799847602844,0.9243500232696533,0.9249299764633179,0.0
2025-11-12 12:15:00+00:00,0.9248999953269958,0.9251199960708618,0.924340009689331,0.9248999953269958,0.0
2025-11-12 12:30:00+00:00,0.9248999953269958,0.9249399900436401,0.9243299961090088,0.9247900247573853,0.0
2025-11-12 12:45:00+00:00,0.9247900247573853,0.9251000285148621,0.924310028553009,0.9247999787330627,0.0
2025-11-12 13:00:00+00:00,0.9248200058937073,0.9250400066375732,0.9243699908256531,0.9248200058937073,0.0
2025-11-12 13:15:00+00:00,0.924809992313385,0.925000011920929,0.9243199825286865,0.924839973449707,0.0
2025-11-12 13:30:00+00:00,0.9248499870300293,0.9248999953269958,0.9240800142288208,0.9245100021362305,0.0
2025-11-12 13:45:00+00:00,0.9245100021362305,0.9246000051498413,0.9235000014305115,0.9239299893379211,0.0
2025-11-12 14:00:00+00:00,0.9239299893379211,0.9241099953651428,0.9231600165367126,0.923799991607666,0.0
2025-11-12 14:15:00+00:00,0.9237899780273438,0.9240300059318542,0.9232500195503235,0.9238200187683105,0.0
2025-11-12 14:30:00+00:00,0.923829972743988,0.9240099787712097,0.923229992389679,0.9238700270652771,0.0
2025-11-12 14:45:00+00:00,0.9238700270652771,0.9240900278091431,0.9232400059700012,0.9240599870681763,0.0
2025-11-12 15:00:00+00:00,0.9240400195121765,0.9241999983787537,0.9233599901199341,0.9237599968910217,0.0
2025-11-12 15:15:00+00:00,0.9237599968910217,0.923799991607666,0.9228900074958801,0.9234099984169006,0.0
2025-11-12 15:30:00+00:00,0.9233999848365784,0.9237200021743774,0.9228500127792358,0.9236699938774109,0.0
2025-11-12 15:45:00+00:00,0.9236699938774109,0.9242299795150757,0.9231500029563904,0.9241499900817871,0.0
2025-11-12 16:00:00+00:00,0.9241700172424316,0.9242200255393982,0.9235399961471558,0.9240000247955322,0.0
2025-11-12 16:15:00+00:00,0.9240099787712097,0.9243999719619751,0.9235699772834778,0.92426997423172,0.0
2025-11-12 16:30:00+00:00,0.9243000149726868,0.9243299961090088,0.9236699938774109,0.9240800142288208,0.0
2025-11-12 16:45:00+00:00,0.9240800142288208,0.9242100119590759,0.9235100150108337,0.92399001121521,0.0
2025-11-12 17:00:00+00:00,0.9239799976348877,0.9242500066757202,0.9234700202941895,0.9241399765014648,0.0
2025-11-12 17:15:00+00:00,0.9241399765014648,0.9243000149726868,0.9235600233078003,0.924019992351532,0.0
2025-11-12 17:30:00+00:00,0.924019992351532,0.9241300225257874,0.9235600233078003,0.9240599870681763,0.0
2025-11-12 17:45:00+00:00,0.9240599870681763,0.9241999983787537,0.9235799908638,0.9239500164985657,0.0
2025-11-12 18:00:00+00:00,0.9239599704742432,0.9243000149726868,0.9235900044441223,0.9240800142288208,0.0
2025-11-12 18:15:00+00:00,0.9240700006484985,0.9243000149726868,0.923550009727478,0.9241600036621094,0.0
2025-11-12 18:30:00+00:00,0.9241600036621094,0.9243000149726868,0.9236900210380554,0.9242299795150757,0.0
2025-11-12 18:45:00+00:00,0.9241999983787537,0.9243000149726868,0.923740029335022,0.9242200255393982,0.0
2025-11-12 19:00:00+00:00,0.9242200255393982,0.9243000149726868,0.9236599802970886,0.92399001121521,0.0
2025-11-12 19:15:00+00:00,0.9240000247955322,0.9242100119590759,0.923550009727478,0.9240999817848206,0.0
2025-11-12 19:30:00+00:00,0.9240999817848206,0.9243999719619751,0.9236500263214111,0.9242799878120422,0.0
2025-11-12 19:45:00+00:00,0.9242799878120422,0.9244199991226196,0.9237899780273438,0.924340009689331,0.0
2025-11-12 20:00:00+00:00,0.9243500232696533,0.9244300127029419,0.9238100051879883,0.9242600202560425,0.0
2025-11-12 20:15:00+00:00,0.9242600202560425,0.9244099855422974,0.9238200187683105,0.9243800044059753,0.0
2025-11-12 20:30:00+00:00,0.9243599772453308,0.9246000051498413,0.9239400029182434,0.924530029296875,0.0
2025-11-12 20:45:00+00:00,0.9244800209999084,0.9247000217437744,0.924049973487854,0.9246600270271301,0.0
2025-11-12 21:00:00+00:00,0.9246699810028076,0.9247499704360962,0.9241899847984314,0.9246299862861633,0.0
2025-11-12 21:15:00+00:00,0.9246399998664856,0.9247999787330627,0.9241499900817871,0.9247699975967407,0.0
2025-11-12 21:30:00+00:00,0.9247699975967407,0.9248499870300293,0.9242900013923645,0.9248200058937073,0.0
2025-11-12 21:45:00+00:00,0.9247900247573853,0.9249399900436401,0.9239199757575989,0.9244999885559082,0.0
2025-11-12 22:00:00+00:00,0.9241399765014648,0.9246000051498413,0.9238600134849548,0.9242299795150757,0.0
2025-11-12 22:15:00+00:00,0.924239993095398,0.9247000217437744,0.924049973487854,0.9243800044059753,0.0
2025-11-12 22:30:00+00:00,0.9243800044059753,0.924839973449707,0.924049973487854,0.9241999983787537,0.0
2025-11-12 22:45:00+00:00,0.9241899847984314,0.9248999953269958,0.9240400195121765,0.92426997423172,0.0
2025-11-12 23:00:00+00:00,0.9243900179862976,0.9247400164604187,0.9240999817848206,0.9245499968528748,0.0
2025-11-12 23:15:00+00:00,0.9245499968528748,0.9247999787330627,0.9241799712181091,0.9246399998664856,0.0
2025-11-12 23:30:00+00:00,0.9246399998664856,0.924839973449707,0.9241899847984314,0.924780011177063,0.0
2025-11-12 23:45:00+00:00,0.924809992313385,0.9248999953269958,0.9243000149726868,0.9248200058937073,0.0
2025-11-13 00:00:00+00:00,0.9247699975967407,0.9248999953269958,0.924340009689331,0.9247900247573853,0.0
2025-11-13 00:15:00+00:00,0.924780011177063,0.924809992313385,0.9241499900817871,0.9245799779891968,0.0
2025-11-13 00:30:00+00:00,0.9245799779891968,0.9247999787330627,0.9240599870681763,0.9247000217437744,0.0
2025-11-13 00:45:00+00:00,0.924589991569519,0.9247999787330627,0.9240400195121765,0.924530029296875,0.0
2025-11-13 01:00:00+00:00,0.9245399832725525,0.9248999953269958,0.9241499900817871,0.9247599840164185,0.0
2025-11-13 01:15:00+00:00,0.9247599840164185,0.9248999953269958,0.924310028553009,0.9247699975967407,0.0
2025-11-13 01:30:00+00:00,0.9247699975967407,0.925000011920929,0.924340009689331,0.9249200224876404,0.0
2025-11-13 01:45:00+00:00,0.9249200224876404,0.925000011920929,0.9244199991226196,0.9249299764633179,0.0
2025-11-13 02:00:00+00:00,0.9249299764633179,0.9251000285148621,0.9244800209999084,0.925059974193573,0.0
2025-11-13 02:15:00+00:00,0.925059974193573,0.9253399968147278,0.9246399998664856,0.9252700209617615,0.0
2025-11-13 02:30:00+00:00,0.9252600073814392,0.9254999756813049,0.9248200058937073,0.9253799915313721,0.0
2025-11-13 02:45:00+00:00,0.9254000186920166,0.9254500269889832,0.9249200224876404,0.925320029258728,0.0
2025-11-13 03:00:00+00:00,0.9253399968147278,0.9256100058555603,0.9247300028800964,0.9255200028419495,0.0
2025-11-13 03:15:00+00:00,0.9255200028419495,0.9257000088691711,0.9250699877738953,0.9256200194358826,0.0
2025-11-13 03:30:00+00:00,0.9256100058555603,0.9257000088691711,0.9250900149345398,0.9255099892616272,0.0
2025-11-13 03:45:00+00:00,0.9255200028419495,0.925599992275238,0.9250199794769287,0.9254400134086609,0.0
2025-11-13 04:00:00+00:00,0.9254400134086609,0.9254999756813049,0.9247999787330627,0.9252200126647949,0.0
2025-11-13 04:15:00+00:00,0.9252200126647949,0.9254299998283386,0.924780011177063,0.92535001039505,0.0
2025-11-13 04:30:00+00:00,0.9254000186920166,0.9255099892616272,0.9249100089073181,0.9254900217056274,0.0
2025-11-13 04:45:00+00:00,0.9254900217056274,0.925599992275238,0.9250500202178955,0.9254500269889832,0.0
2025-11-13 05:00:00+00:00,0.9254400134086609,0.925599992275238,0.925029993057251,0.9255399703979492,0.0
2025-11-13 05:15:00+00:00,0.9255399703979492,0.9257000088691711,0.9251099824905396,0.9256200194358826,0.0
2025-11-13 05:30:00+00:00,0.9256200194358826,0.9256500005722046,0.9250500202178955,0.9255499839782715,0.0
2025-11-13 05:45:00+00:00,0.9255499839782715,0.9257500171661377,0.9250699877738953,0.9256600141525269,0.0
2025-11-13 06:00:00+00:00,0.9256600141525269,0.9258000254631042,0.9251300096511841,0.9255499839782715,0.0
2025-11-13 06:15:00+00:00,0.9255499839782715,0.9258099794387817,0.9251000285148621,0.9256899952888489,0.0
2025-11-13 06:30:00+00:00,0.9256899952888489,0.9258000254631042,0.9251800179481506,0.9256500005722046,0.0
2025-11-13 06:45:00+00:00,0.9256399869918823,0.9257000088691711,0.925000011920929,0.9255099892616272,0.0
2025-11-13 07:00:00+00:00,0.9255200028419495,0.9255399703979492,0.924809992313385,0.9252700209617615,0.0
2025-11-13 07:15:00+00:00,0.9252700209617615,0.9254999756813049,0.9247999787330627,0.9254299998283386,0.0
2025-11-13 07:30:00+00:00,0.9254199862480164,0.9257299900054932,0.9245200157165527,0.9246699810028076,0.0
2025-11-13 07:45:00+00:00,0.9246799945831299,0.9250100255012512,0.9240999817848206,0.9246799945831299,0.0
2025-11-13 08:00:00+00:00,0.9247099757194519,0.924839973449707,0.923740029335022,0.9242900013923645,0.0
2025-11-13 08:15:00+00:00,0.92426997423172,0.9244999885559082,0.9233899712562561,0.9239299893379211,0.0
2025-11-13 08:30:00+00:00,0.9239500164985657,0.9240099787712097,0.9232900142669678,0.923799991607666,0.0
2025-11-13 08:45:00+00:00,0.9237899780273438,0.924049973487854,0.9230999946594238,0.9236699938774109,0.0
2025-11-13 09:00:00+00:00,0.9236699938774109,0.9244899749755859,0.9233499765396118,0.9244099855422974,0.0
2025-11-13 09:15:00+00:00,0.9244099855422974,0.9244999885559082,0.9237200021743774,0.9241600036621094,0.0
2025-11-13 09:30:00+00:00,0.9241700172424316,0.9243599772453308,0.9234399795532227,0.9240900278091431,0.0
2025-11-13 09:45:00+00:00,0.9240900278091431,0.9242200255393982,0.9235699772834778,0.9240300059318542,0.0
2025-11-13 10:00:00+00:00,0.9240300059318542,0.9241200089454651,0.9233999848365784,0.9236299991607666,0.0
2025-11-13 10:15:00+00:00,0.9236099720001221,0.9240000247955322,0.9231699705123901,0.9238499999046326,0.0
2025-11-13 10:30:00+00:00,0.9238399863243103,0.9240000247955322,0.9233700037002563,0.9238700270652771,0.0
2025-11-13 10:45:00+00:00,0.9238700270652771,0.9240999817848206,0.923259973526001,0.9239699840545654,0.0
2025-11-13 11:00:00+00:00,0.9239699840545654,0.9241999983787537,0.923520028591156,0.9240700006484985,0.0
2025-11-13 11:15:00+00:00,0.9240700006484985,0.9243000149726868,0.9235799908638,0.924049973487854,0.0
2025-11-13 11:30:00+00:00,0.924049973487854,0.9241099953651428,0.9233800172805786,0.9238399863243103,0.0
2025-11-13 11:45:00+00:00,0.923829972743988,0.9239000082015991,0.9232400059700012,0.9236999750137329,0.0
2025-11-13 12:00:00+00:00,0.9236999750137329,0.9240099787712097,0.9230700135231018,0.9239699840545654,0.0
2025-11-13 12:15:00+00:00,0.9239699840545654,0.9240999817848206,0.9235100150108337,0.92399001121521,0.0
2025-11-13 12:30:00+00:00,0.9240000247955322,0.9241999983787537,0.9234899878501892,0.9241300225257874,0.0
2025-11-13 12:45:00+00:00,0.9241999983787537,0.9242200255393982,0.9234600067138672,0.9241799712181091,0.0
2025-11-13 13:00:00+00:00,0.9241499900817871,0.9244499802589417,0.9236000180244446,0.9243199825286865,0.0
2025-11-13 13:15:00+00:00,0.9243299961090088,0.9246000051498413,0.9238600134849548,0.924239993095398,0.0
2025-11-13 13:30:00+00:00,0.9241799712181091,0.9244999885559082,0.9236699938774109,0.9243699908256531,0.0
2025-11-13 13:45:00+00:00,0.9243699908256531,0.9247099757194519,0.9239299893379211,0.9246600270271301,0.0
2025-11-13 14:00:00+00:00,0.9246500134468079,0.9247199892997742,0.9239400029182434,0.9244700074195862,0.0
2025-11-13 14:15:00+00:00,0.9244800209999084,0.9246000051498413,0.9238499999046326,0.924340009689331,0.0
2025-11-13 14:30:00+00:00,0.9243500232696533,0.9243599772453308,0.9235000014305115,0.9240300059318542,0.0
2025-11-13 14:45:00+00:00,0.9240300059318542,0.924560010433197,0.9236000180244446,0.92426997423172,0.0
2025-11-13 15:00:00+00:00,0.92426997423172,0.9243999719619751,0.9230999946594238,0.9237599968910217,0.0
2025-11-13 15:15:00+00:00,0.923770010471344,0.9239100217819214,0.9229900240898132,0.9235000014305115,0.0
2025-11-13 15:30:00+00:00,0.9235000014305115,0.9235100150108337,0.9226099848747253,0.9231600165367126,0.0
2025-11-13 15:45:00+00:00,0.9231600165367126,0.9232500195503235,0.9219099879264832,0.9226300120353699,0.0
2025-11-13 16:00:00+00:00,0.9226300120353699,0.9228000044822693,0.9217699766159058,0.9223700165748596,0.0
2025-11-13 16:15:00+00:00,0.9223799705505371,0.9225000143051147,0.921779990196228,0.9221799969673157,0.0
2025-11-13 16:30:00+00:00,0.9221699833869934,0.9222599864006042,0.9215400218963623,0.9221699833869934,0.0
2025-11-13 16:45:00+00:00,0.9221500158309937,0.92221999168396,0.9214400053024292,0.9221699833869934,0.0
2025-11-13 17:00:00+00:00,0.9221699833869934,0.9223600029945374,0.9215400218963623,0.9222400188446045,0.0
2025-11-13 17:15:00+00:00,0.9222300052642822,0.9223999977111816,0.9214699864387512,0.9220200181007385,0.0
2025-11-13 17:30:00+00:00,0.9220200181007385,0.9222000241279602,0.9215899705886841,0.922029972076416,0.0
2025-11-13 17:45:00+00:00,0.922029972076416,0.9221000075340271,0.921209990978241,0.9218500256538391,0.0
2025-11-13 18:00:00+00:00,0.9218199849128723,0.921970009803772,0.9212700128555298,0.9216600060462952,0.0
2025-11-13 18:15:00+00:00,0.9216600060462952,0.9217299818992615,0.9210000038146973,0.9217100143432617,0.0
2025-11-13 18:30:00+00:00,0.9217100143432617,0.9218999743461609,0.9212499856948853,0.9217399954795837,0.0
2025-11-13 18:45:00+00:00,0.9217399954795837,0.9218500256538391,0.921180009841919,0.921779990196228,0.0
2025-11-13 19:00:00+00:00,0.921750009059906,0.9219599962234497,0.9213399887084961,0.9219200015068054,0.0
2025-11-13 19:15:00+00:00,0.9218800067901611,0.9221299886703491,0.9214000105857849,0.922029972076416,0.0
2025-11-13 19:30:00+00:00,0.9220100045204163,0.9221400022506714,0.9215700030326843,0.9220499992370605,0.0
2025-11-13 19:45:00+00:00,0.9220700263977051,0.9223499894142151,0.9215800166130066,0.9223300218582153,0.0
2025-11-13 20:00:00+00:00,0.9223200082778931,0.9225299954414368,0.9218400120735168,0.922510027885437,0.0
2025-11-13 20:15:00+00:00,0.922469973564148,0.9225500226020813,0.9217900037765503,0.9223300218582153,0.0
2025-11-13 20:30:00+00:00,0.9223200082778931,0.9223999977111816,0.92180997133255,0.9222300052642822,0.0
2025-11-13 20:45:00+00:00,0.92221999168396,0.922510027885437,0.9216600060462952,0.9224799871444702,0.0
2025-11-13 21:00:00+00:00,0.9224799871444702,0.9226599931716919,0.9219899773597717,0.9226199984550476,0.0
2025-11-13 21:15:00+00:00,0.9225999712944031,0.9227200150489807,0.9221400022506714,0.922540009021759,0.0
2025-11-13 21:30:00+00:00,0.9225299954414368,0.9225999712944031,0.921999990940094,0.9225199818611145,0.0
2025-11-13 21:45:00+00:00,0.9224900007247925,0.9226300120353699,0.9215700030326843,0.9216099977493286,0.0
2025-11-13 22:00:00+00:00,0.9215999841690063,0.922510027885437,0.9214699864387512,0.9220200181007385,0.0
2025-11-13 22:15:00+00:00,0.9221000075340271,0.9224299788475037,0.921750009059906,0.9222599864006042,0.0
2025-11-13 22:30:00+00:00,0.9220100045204163,0.922510027885437,0.9218000173568726,0.9222800135612488,0.0
2025-11-13 22:45:00+00:00,0.9220700263977051,0.922510027885437,0.9218299984931946,0.9223499894142151,0.0
2025-11-13 23:00:00+00:00,0.9220499992370605,0.9226199984550476,0.921779990196228,0.9223099946975708,0.0
2025-11-13 23:15:00+00:00,0.9223300218582153,0.9225199818611145,0.9219099879264832,0.9224299788475037,0.0
2025-11-13 23:30:00+00:00,0.9224200248718262,0.9225999712944031,0.9218999743461609,0.9225199818611145,0.0
2025-11-13 23:45:00+00:00,0.9225999712944031,0.9225999712944031,0.921970009803772,0.9225299954414368,0.0
2025-11-14 00:00:00+00:00,0.9225599765777588,0.9226999878883362,0.922029972076416,0.9224900007247925,0.0
2025-11-14 00:15:00+00:00,0.9224900007247925,0.9227799773216248,0.922029972076416,0.9226599931716919,0.0
2025-11-14 00:30:00+00:00,0.9226599931716919,0.9227499961853027,0.9221400022506714,0.922569990158081,0.0
2025-11-14 00:45:00+00:00,0.922569990158081,0.9226999878883362,0.9218999743461609,0.9223399758338928,0.0
2025-11-14 01:00:00+00:00,0.9223200082778931,0.9227100014686584,0.9218400120735168,0.9226499795913696,0.0
2025-11-14 01:15:00+00:00,0.9226999878883362,0.9226999878883362,0.9219099879264832,0.9223399758338928,0.0
2025-11-14 01:30:00+00:00,0.9223999977111816,0.9227100014686584,0.9219200015068054,0.9225800037384033,0.0
2025-11-14 01:45:00+00:00,0.9225999712944031,0.9227399826049805,0.9221500158309937,0.9226199984550476,0.0
2025-11-14 02:00:00+00:00,0.9226199984550476,0.9229199886322021,0.9221500158309937,0.922819972038269,0.0
2025-11-14 02:15:00+00:00,0.9229000210762024,0.9229000210762024,0.9220100045204163,0.9224100112915039,0.0
2025-11-14 02:30:00+00:00,0.9223999977111816,0.9225000143051147,0.9218900203704834,0.9223399758338928,0.0
2025-11-14 02:45:00+00:00,0.9223099946975708,0.9224100112915039,0.9218000173568726,0.9223499894142151,0.0
2025-11-14 03:00:00+00:00,0.9223700165748596,0.9223999977111816,0.9217600226402283,0.922290027141571,0.0
2025-11-14 03:15:00+00:00,0.922290027141571,0.9223999977111816,0.9218299984931946,0.9222999811172485,0.0
2025-11-14 03:30:00+00:00,0.9222999811172485,0.9223999977111816,0.9217000007629395,0.9221400022506714,0.0
2025-11-14 03:45:00+00:00,0.9222000241279602,0.9222999811172485,0.9216499924659729,0.9222099781036377,0.0
2025-11-14 04:00:00+00:00,0.9221699833869934,0.922249972820282,0.9215599894523621,0.921970009803772,0.0
2025-11-14 04:15:00+00:00,0.921999990940094,0.9220399856567383,0.9214800000190735,0.9219099879264832,0.0
2025-11-14 04:30:00+00:00,0.9218900203704834,0.9222000241279602,0.9214699864387512,0.9220499992370605,0.0
2025-11-14 04:45:00+00:00,0.9221000075340271,0.9221199750900269,0.9215499758720398,0.9219499826431274,0.0
2025-11-14 05:00:00+00:00,0.9219300150871277,0.9222000241279602,0.9214299917221069,0.9221000075340271,0.0
2025-11-14 05:15:00+00:00,0.9221199750900269,0.9222999811172485,0.9216600060462952,0.9221500158309937,0.0
2025-11-14 05:30:00+00:00,0.9221500158309937,0.9222999811172485,0.921720027923584,0.9222099781036377,0.0
2025-11-14 05:45:00+00:00,0.9222099781036377,0.9223899841308594,0.9216799736022949,0.9223200082778931,0.0
2025-11-14 06:00:00+00:00,0.9223099946975708,0.9223700165748596,0.9215800166130066,0.9220399856567383,0.0
2025-11-14 06:15:00+00:00,0.9220100045204163,0.9221500158309937,0.9214500188827515,0.9220499992370605,0.0
2025-11-14 06:30:00+00:00,0.9220499992370605,0.9222000241279602,0.921239972114563,0.9217299818992615,0.0
2025-11-14 06:45:00+00:00,0.9217299818992615,0.9218500256538391,0.921239972114563,0.9217600226402283,0.0
2025-11-14 07:00:00+00:00,0.921720027923584,0.9217399954795837,0.920989990234375,0.9214900135993958,0.0
2025-11-14 07:15:00+00:00,0.9214500188827515,0.9215099811553955,0.9203400015830994,0.9208599925041199,0.0
2025-11-14 07:30:00+00:00,0.9208599925041199,0.9213399887084961,0.9204599857330322,0.9207299947738647,0.0
2025-11-14 07:45:00+00:00,0.9207299947738647,0.9211999773979187,0.920199990272522,0.9207299947738647,0.0
2025-11-14 08:00:00+00:00,0.9207500219345093,0.9211000204086304,0.9191499948501587,0.919219970703125,0.0
2025-11-14 08:15:00+00:00,0.919219970703125,0.9197999835014343,0.9182199835777283,0.9192799925804138,0.0
2025-11-14 08:30:00+00:00,0.9192699790000916,0.920199990272522,0.9190899729728699,0.91975998878479,0.0
2025-11-14 08:45:00+00:00,0.9197199940681458,0.9204999804496765,0.9190800189971924,0.9203400015830994,0.0
2025-11-14 09:00:00+00:00,0.9203600287437439,0.920799970626831,0.919979989528656,0.9204400181770325,0.0
2025-11-14 09:15:00+00:00,0.9204400181770325,0.9208099842071533,0.9199900031089783,0.9206399917602539,0.0
2025-11-14 09:30:00+00:00,0.9206500053405762,0.9207500219345093,0.9199900031089783,0.9206100106239319,0.0
2025-11-14 09:45:00+00:00,0.9206500053405762,0.9208999872207642,0.9201300144195557,0.9205800294876099,0.0
2025-11-14 10:00:00+00:00,0.9205999970436096,0.9208400249481201,0.9200699925422668,0.9207299947738647,0.0
2025-11-14 10:15:00+00:00,0.9207299947738647,0.920769989490509,0.9198700189590454,0.9203699827194214,0.0
2025-11-14 10:30:00+00:00,0.9203900098800659,0.9204000234603882,0.9194700121879578,0.9201099872589111,0.0
2025-11-14 10:45:00+00:00,0.9201099872589111,0.9204999804496765,0.9196000099182129,0.9204199910163879,0.0
2025-11-14 11:00:00+00:00,0.9203900098800659,0.9204099774360657,0.9192600250244141,0.9198499917984009,0.0
2025-11-14 11:15:00+00:00,0.9198399782180786,0.920009970664978,0.9189800024032593,0.9195700287818909,0.0
2025-11-14 11:30:00+00:00,0.9195700287818909,0.9198700189590454,0.918969988822937,0.9197800159454346,0.0
2025-11-14 11:45:00+00:00,0.9197800159454346,0.919920027256012,0.9190899729728699,0.919510006904602,0.0
2025-11-14 12:00:00+00:00,0.919510006904602,0.9196100234985352,0.9185000061988831,0.9187600016593933,0.0
2025-11-14 12:15:00+00:00,0.9187600016593933,0.9188100099563599,0.9180200099945068,0.9185000061988831,0.0
2025-11-14 12:30:00+00:00,0.9184799790382385,0.9185100197792053,0.917739987373352,0.9183300137519836,0.0
2025-11-14 12:45:00+00:00,0.91839998960495,0.9190999865531921,0.9178799986839294,0.9186300039291382,0.0
2025-11-14 13:00:00+00:00,0.9186300039291382,0.9190999865531921,0.9178900122642517,0.9183400273323059,0.0
2025-11-14 13:15:00+00:00,0.9183499813079834,0.9185900092124939,0.9175599813461304,0.9182400107383728,0.0
2025-11-14 13:30:00+00:00,0.9182400107383728,0.918720006942749,0.9178599715232849,0.9182999730110168,0.0
2025-11-14 13:45:00+00:00,0.9182900190353394,0.9191200137138367,0.917639970779419,0.9187899827957153,0.0
2025-11-14 14:00:00+00:00,0.9187899827957153,0.9191499948501587,0.9182299971580505,0.918910026550293,0.0
2025-11-14 14:15:00+00:00,0.918910026550293,0.9190300107002258,0.9182299971580505,0.9186300039291382,0.0
2025-11-14 14:30:00+00:00,0.9186499714851379,0.9192000031471252,0.917930006980896,0.9191100001335144,0.0
2025-11-14 14:45:00+00:00,0.9190999865531921,0.9201599955558777,0.9186099767684937,0.9201599955558777,0.0
2025-11-14 15:00:00+00:00,0.9201599955558777,0.9209799766540527,0.9197700023651123,0.9203000068664551,0.0
2025-11-14 15:15:00+00:00,0.9202899932861328,0.9213299751281738,0.9199000000953674,0.9212899804115295,0.0
2025-11-14 15:30:00+00:00,0.9212200045585632,0.9212999939918518,0.9201499819755554,0.9207500219345093,0.0
2025-11-14 15:45:00+00:00,0.920740008354187,0.9215700030326843,0.9201800227165222,0.921239972114563,0.0
2025-11-14 16:00:00+00:00,0.9212499856948853,0.9214000105857849,0.9204800128936768,0.9210399985313416,0.0
2025-11-14 16:15:00+00:00,0.9210399985313416,0.9215999841690063,0.9205300211906433,0.9214800000190735,0.0
2025-11-14 16:30:00+00:00,0.9214699864387512,0.9216300249099731,0.9208999872207642,0.9212599992752075,0.0
2025-11-14 16:45:00+00:00,0.9212499856948853,0.9218500256538391,0.9208199977874756,0.9216099977493286,0.0
2025-11-14 17:00:00+00:00,0.9216300249099731,0.9221299886703491,0.9211500287055969,0.9218599796295166,0.0
2025-11-14 17:15:00+00:00,0.9218599796295166,0.9226499795913696,0.9213899970054626,0.9226300120353699,0.0
2025-11-14 17:30:00+00:00,0.9226199984550476,0.9227200150489807,0.9220399856567383,0.9226599931716919,0.0
2025-11-14 17:45:00+00:00,0.9226599931716919,0.9228000044822693,0.9217399954795837,0.9221299886703491,0.0
2025-11-14 18:00:00+00:00,0.9221199750900269,0.9222000241279602,0.9214800000190735,0.9221400022506714,0.0
2025-11-14 18:15:00+00:00,0.9221400022506714,0.9223399758338928,0.9215599894523621,0.922290027141571,0.0
2025-11-14 18:30:00+00:00,0.9222999811172485,0.9223499894142151,0.9216600060462952,0.9221000075340271,0.0
2025-11-14 18:45:00+00:00,0.9221000075340271,0.9223200082778931,0.9216499924659729,0.9221799969673157,0.0
2025-11-14 19:00:00+00:00,0.9221799969673157,0.9223999977111816,0.9217100143432617,0.922290027141571,0.0
2025-11-14 19:15:00+00:00,0.922290027141571,0.9225000143051147,0.9218800067901611,0.9223999977111816,0.0
2025-11-14 19:30:00+00:00,0.9223999977111816,0.9225000143051147,0.9218800067901611,0.9222999811172485,0.0
2025-11-14 19:45:00+00:00,0.9222999811172485,0.9225000143051147,0.9218699932098389,0.9223999977111816,0.0
2025-11-14 20:00:00+00:00,0.9223999977111816,0.9225199818611145,0.9218900203704834,0.9223600029945374,0.0
2025-11-14 20:15:00+00:00,0.9223600029945374,0.9226099848747253,0.9219300150871277,0.9225000143051147,0.0
2025-11-14 20:30:00+00:00,0.9225000143051147,0.9226400256156921,0.9220399856567383,0.9225199818611145,0.0
2025-11-14 20:45:00+00:00,0.9225199818611145,0.9227100014686584,0.9221100211143494,0.9225500226020813,0.0
2025-11-14 21:00:00+00:00,0.9225599765777588,0.9229000210762024,0.9221199750900269,0.922789990901947,0.0
2025-11-14 21:15:00+00:00,0.9227799773216248,0.9229999780654907,0.9223499894142151,0.922760009765625,0.0
2025-11-14 21:30:00+00:00,0.9227399826049805,0.922950029373169,0.9223700165748596,0.922819972038269,0.0
2025-11-14 21:45:00+00:00,0.922819972038269,0.9230499863624573,0.9221500158309937,0.9224200248718262,0.0
2025-11-14 22:00:00+00:00,0.9222099781036377,0.9222099781036377,0.9222000241279602,0.9222000241279602,0.0
2025-11-14 22:15:00+00:00,0.9222000241279602,0.9222000241279602,0.9222000241279602,0.9222000241279602,0.0
2025-11-17 00:00:00+00:00,0.9225000143051147,0.9226999878883362,0.9216099977493286,0.9220700263977051,0.0
2025-11-17 00:15:00+00:00,0.9220600128173828,0.9222999811172485,0.9215099811553955,0.922249972820282,0.0
2025-11-17 00:30:00+00:00,0.922249972820282,0.9225000143051147,0.9218500256538391,0.922290027141571,0.0
2025-11-17 00:45:00+00:00,0.9222699999809265,0.9223999977111816,0.9216899871826172,0.9221100211143494,0.0
2025-11-17 01:00:00+00:00,0.9221100211143494,0.9222000241279602,0.9214800000190735,0.922029972076416,0.0
2025-11-17 01:15:00+00:00,0.922029972076416,0.9222000241279602,0.9215999841690063,0.9221400022506714,0.0
2025-11-17 01:30:00+00:00,0.9221100211143494,0.9223200082778931,0.9216700196266174,0.9221699833869934,0.0
2025-11-17 01:45:00+00:00,0.9221699833869934,0.9222300052642822,0.9216300249099731,0.9221000075340271,0.0
2025-11-17 02:00:00+00:00,0.9220799803733826,0.9223999977111816,0.9214699864387512,0.9222699999809265,0.0
2025-11-17 02:15:00+00:00,0.9222599864006042,0.9223499894142151,0.921779990196228,0.92221999168396,0.0
2025-11-17 02:30:00+00:00,0.9222300052642822,0.9223999977111816,0.9218000173568726,0.9223600029945374,0.0
2025-11-17 02:45:00+00:00,0.9223600029945374,0.9225000143051147,0.9218900203704834,0.9224500060081482,0.0
2025-11-17 03:00:00+00:00,0.9224500060081482,0.9225299954414368,0.9219499826431274,0.922469973564148,0.0
2025-11-17 03:15:00+00:00,0.9225000143051147,0.9227100014686584,0.9221100211143494,0.9225900173187256,0.0
2025-11-17 03:30:00+00:00,0.922569990158081,0.9226400256156921,0.921999990940094,0.922469973564148,0.0
2025-11-17 03:45:00+00:00,0.9224399924278259,0.922510027885437,0.9219599962234497,0.9224399924278259,0.0
2025-11-17 04:00:00+00:00,0.9224399924278259,0.9225999712944031,0.9219899773597717,0.9225800037384033,0.0
2025-11-17 04:15:00+00:00,0.922569990158081,0.9226400256156921,0.922029972076416,0.9224900007247925,0.0
2025-11-17 04:30:00+00:00,0.9224799871444702,0.9225199818611145,0.9218999743461609,0.9223499894142151,0.0
2025-11-17 04:45:00+00:00,0.9223399758338928,0.9223999977111816,0.9217600226402283,0.9221799969673157,0.0
2025-11-17 05:00:00+00:00,0.9221799969673157,0.92221999168396,0.9215499758720398,0.9220200181007385,0.0
2025-11-17 05:15:00+00:00,0.9220499992370605,0.9221000075340271,0.9214299917221069,0.9220499992370605,0.0
2025-11-17 05:30:00+00:00,0.9220499992370605,0.9221199750900269,0.9215599894523621,0.9220799803733826,0.0
2025-11-17 05:45:00+00:00,0.9220799803733826,0.9222000241279602,0.9216200113296509,0.9221100211143494,0.0
2025-11-17 06:00:00+00:00,0.9221100211143494,0.9223999977111816,0.921720027923584,0.9222800135612488,0.0
2025-11-17 06:15:00+00:00,0.9222800135612488,0.9224399924278259,0.9218599796295166,0.9222699999809265,0.0
2025-11-17 06:30:00+00:00,0.922249972820282,0.9222999811172485,0.9215899705886841,0.9220799803733826,0.0
2025-11-17 06:45:00+00:00,0.9220700263977051,0.9222000241279602,0.9215499758720398,0.9221000075340271,0.0
2025-11-17 07:00:00+00:00,0.9221500158309937,0.92221999168396,0.92153000831604,0.9221500158309937,0.0
2025-11-17 07:15:00+00:00,0.9221500158309937,0.9222999811172485,0.9215499758720398,0.9220600128173828,0.0
2025-11-17 07:30:00+00:00,0.9220600128173828,0.9221500158309937,0.9213799834251404,0.9218800067901611,0.0
2025-11-17 07:45:00+00:00,0.9218599796295166,0.9218999743461609,0.9208499789237976,0.9212899804115295,0.0
2025-11-17 08:00:00+00:00,0.9212899804115295,0.9216300249099731,0.920710027217865,0.9215899705886841,0.0
2025-11-17 08:15:00+00:00,0.9215899705886841,0.921999990940094,0.9211599826812744,0.9218000173568726,0.0
2025-11-17 08:30:00+00:00,0.9218299984931946,0.9221600294113159,0.9213100075721741,0.9220399856567383,0.0
2025-11-17 08:45:00+00:00,0.9220399856567383,0.9223099946975708,0.9214299917221069,0.9221100211143494,0.0
2025-11-17 09:00:00+00:00,0.9220799803733826,0.922249972820282,0.9214699864387512,0.9219300150871277,0.0
2025-11-17 09:15:00+00:00,0.9219499826431274,0.9220100045204163,0.9213200211524963,0.921750009059906,0.0
2025-11-17 09:30:00+00:00,0.921750009059906,0.9217699766159058,0.9208300113677979,0.9214900135993958,0.0
2025-11-17 09:45:00+00:00,0.921459972858429,0.9215599894523621,0.9209499955177307,0.9214900135993958,0.0
2025-11-17 10:00:00+00:00,0.921500027179718,0.9221000075340271,0.9211900234222412,0.9219899773597717,0.0
2025-11-17 10:15:00+00:00,0.9220200181007385,0.9222999811172485,0.9215400218963623,0.9222699999809265,0.0
2025-11-17 10:30:00+00:00,0.9222699999809265,0.9226999878883362,0.92180997133255,0.9226700067520142,0.0
2025-11-17 10:45:00+00:00,0.9226599931716919,0.9227100014686584,0.9220200181007385,0.9225800037384033,0.0
2025-11-17 11:00:00+00:00,0.9225800037384033,0.923009991645813,0.9221299886703491,0.9229000210762024,0.0
2025-11-17 11:15:00+00:00,0.9229099750518799,0.9229199886322021,0.9221799969673157,0.9226899743080139,0.0
2025-11-17 11:30:00+00:00,0.9226899743080139,0.922819972038269,0.9219899773597717,0.9224799871444702,0.0
2025-11-17 11:45:00+00:00,0.922469973564148,0.9227700233459473,0.9219499826431274,0.9226300120353699,0.0
2025-11-17 12:00:00+00:00,0.9226300120353699,0.9228000044822693,0.9220600128173828,0.9224900007247925,0.0
2025-11-17 12:15:00+00:00,0.9224799871444702,0.9228000044822693,0.9220399856567383,0.9226400256156921,0.0
2025-11-17 12:30:00+00:00,0.9226300120353699,0.9226599931716919,0.9219599962234497,0.9225299954414368,0.0
2025-11-17 12:45:00+00:00,0.9225599765777588,0.922730028629303,0.9218999743461609,0.9225599765777588,0.0
2025-11-17 13:00:00+00:00,0.9225299954414368,0.9226999878883362,0.9218699932098389,0.9224500060081482,0.0
2025-11-17 13:15:00+00:00,0.9224500060081482,0.9227100014686584,0.921970009803772,0.9225199818611145,0.0
2025-11-17 13:30:00+00:00,0.9225800037384033,0.9228000044822693,0.9219499826431274,0.9223799705505371,0.0
2025-11-17 13:45:00+00:00,0.9223799705505371,0.9225000143051147,0.92180997133255,0.9224500060081482,0.0
2025-11-17 14:00:00+00:00,0.9224500060081482,0.9225199818611145,0.9218500256538391,0.9224399924278259,0.0
2025-11-17 14:15:00+00:00,0.9224100112915039,0.9225299954414368,0.921779990196228,0.92221999168396,0.0
2025-11-17 14:30:00+00:00,0.92221999168396,0.9222999811172485,0.9216099977493286,0.92221999168396,0.0
2025-11-17 14:45:00+00:00,0.922249972820282,0.9222999811172485,0.9212300181388855,0.9216600060462952,0.0
2025-11-17 15:00:00+00:00,0.9216600060462952,0.9219499826431274,0.9210799932479858,0.9218599796295166,0.0
2025-11-17 15:15:00+00:00,0.9218400120735168,0.9220499992370605,0.9211999773979187,0.9219499826431274,0.0
2025-11-17 15:30:00+00:00,0.9219300150871277,0.9222999811172485,0.9214100241661072,0.9221799969673157,0.0
2025-11-17 15:45:00+00:00,0.9221799969673157,0.9225999712944031,0.9216099977493286,0.9225000143051147,0.0
2025-11-17 16:00:00+00:00,0.922510027885437,0.9225999712944031,0.9215999841690063,0.9221100211143494,0.0
2025-11-17 16:15:00+00:00,0.9221100211143494,0.9225999712944031,0.9217399954795837,0.922569990158081,0.0
2025-11-17 16:30:00+00:00,0.9225999712944031,0.9228000044822693,0.9220799803733826,0.922540009021759,0.0
2025-11-17 16:45:00+00:00,0.922569990158081,0.9227100014686584,0.9220799803733826,0.9226099848747253,0.0
2025-11-17 17:00:00+00:00,0.9226199984550476,0.9226499795913696,0.9218900203704834,0.9224100112915039,0.0
2025-11-17 17:15:00+00:00,0.9223999977111816,0.9226199984550476,0.9220100045204163,0.9225999712944031,0.0
2025-11-17 17:30:00+00:00,0.9226099848747253,0.9226999878883362,0.92194002866745,0.9223999977111816,0.0
2025-11-17 17:45:00+00:00,0.9223999977111816,0.9225999712944031,0.9218800067901611,0.9224500060081482,0.0
2025-11-17 18:00:00+00:00,0.9224500060081482,0.922540009021759,0.92194002866745,0.9225000143051147,0.0
2025-11-17 18:15:00+00:00,0.9225000143051147,0.9226499795913696,0.9220700263977051,0.9225000143051147,0.0
2025-11-17 18:30:00+00:00,0.922510027885437,0.9225999712944031,0.921999990940094,0.922569990158081,0.0
2025-11-17 18:45:00+00:00,0.9225599765777588,0.9226199984550476,0.9220200181007385,0.922469973564148,0.0
2025-11-17 19:00:00+00:00,0.922469973564148,0.9225999712944031,0.921999990940094,0.9224799871444702,0.0
2025-11-17 19:15:00+00:00,0.922469973564148,0.9226599931716919,0.9219800233840942,0.9225999712944031,0.0
2025-11-17 19:30:00+00:00,0.9225999712944031,0.9226400256156921,0.9220200181007385,0.9225999712944031,0.0
2025-11-17 19:45:00+00:00,0.9225999712944031,0.9227100014686584,0.9220700263977051,0.9226099848747253,0.0
2025-11-17 20:00:00+00:00,0.9226099848747253,0.9228000044822693,0.9221600294113159,0.9226999878883362,0.0
2025-11-17 20:15:00+00:00,0.9226999878883362,0.9228000044822693,0.9222000241279602,0.9227499961853027,0.0
2025-11-17 20:30:00+00:00,0.9227499961853027,0.922950029373169,0.9222699999809265,0.9228900074958801,0.0
2025-11-17 20:45:00+00:00,0.9229000210762024,0.9230999946594238,0.9224600195884705,0.9230300188064575,0.0
2025-11-17 21:00:00+00:00,0.9230599999427795,0.9230899810791016,0.9222599864006042,0.922789990901947,0.0
2025-11-17 21:15:00+00:00,0.9227799773216248,0.9229000210762024,0.9222099781036377,0.9227100014686584,0.0
2025-11-17 21:30:00+00:00,0.9227100014686584,0.9229000210762024,0.9221900105476379,0.9227100014686584,0.0
2025-11-17 21:45:00+00:00,0.9226800203323364,0.9229199886322021,0.9221600294113159,0.9224900007247925,0.0
2025-11-17 22:00:00+00:00,0.9221600294113159,0.922950029373169,0.9217699766159058,0.9222699999809265,0.0
2025-11-17 22:15:00+00:00,0.9220200181007385,0.9224500060081482,0.9217699766159058,0.922029972076416,0.0
2025-11-17 22:30:00+00:00,0.922029972076416,0.9226999878883362,0.92194002866745,0.9224600195884705,0.0
2025-11-17 22:45:00+00:00,0.9224600195884705,0.9226999878883362,0.9221299886703491,0.9224399924278259,0.0
2025-11-17 23:00:00+00:00,0.922249972820282,0.9229999780654907,0.9221000075340271,0.9228100180625916,0.0
2025-11-17 23:15:00+00:00,0.922819972038269,0.9229000210762024,0.9223700165748596,0.9228100180625916,0.0
2025-11-17 23:30:00+00:00,0.9228100180625916,0.9229000210762024,0.9223200082778931,0.922789990901947,0.0
2025-11-17 23:45:00+00:00,0.9227700233459473,0.9228600263595581,0.9222699999809265,0.922789990901947,0.0
2025-11-18 00:00:00+00:00,0.9228699803352356,0.9229999780654907,0.9223300218582153,0.9228500127792358,0.0
2025-11-18 00:15:00+00:00,0.9228399991989136,0.9229000210762024,0.9221000075340271,0.9225999712944031,0.0
2025-11-18 00:30:00+00:00,0.922540009021759,0.9226300120353699,0.9219599962234497,0.9223999977111816,0.0
2025-11-18 00:45:00+00:00,0.9223999977111816,0.9225999712944031,0.9219599962234497,0.9224100112915039,0.0
2025-11-18 01:00:00+00:00,0.9223899841308594,0.9225999712944031,0.9219599962234497,0.9225599765777588,0.0
2025-11-18 01:15:00+00:00,0.9225599765777588,0.9226999878883362,0.9221400022506714,0.9225800037384033,0.0
2025-11-18 01:30:00+00:00,0.9225800037384033,0.9228100180625916,0.9221699833869934,0.922760009765625,0.0
2025-11-18 01:45:00+00:00,0.9227399826049805,0.9229000210762024,0.922249972820282,0.9226700067520142,0.0
2025-11-18 02:00:00+00:00,0.9226599931716919,0.9228000044822693,0.9221600294113159,0.9226800203323364,0.0
2025-11-18 02:15:00+00:00,0.9227100014686584,0.9228000044822693,0.9222300052642822,0.9226700067520142,0.0
2025-11-18 02:30:00+00:00,0.9226700067520142,0.9228000044822693,0.9221400022506714,0.9227200150489807,0.0
2025-11-18 02:45:00+00:00,0.9227200150489807,0.9228000044822693,0.9222099781036377,0.9226099848747253,0.0
2025-11-18 03:00:00+00:00,0.9226400256156921,0.9226499795913696,0.9219200015068054,0.9223399758338928,0.0
2025-11-18 03:15:00+00:00,0.9223399758338928,0.9224299788475037,0.9218599796295166,0.9222400188446045,0.0
2025-11-18 03:30:00+00:00,0.9222300052642822,0.9223999977111816,0.9216899871826172,0.9220899939537048,0.0
2025-11-18 03:45:00+00:00,0.9220899939537048,0.9222000241279602,0.9215599894523621,0.922029972076416,0.0
2025-11-18 04:00:00+00:00,0.9220200181007385,0.9221000075340271,0.9214400053024292,0.9218500256538391,0.0
2025-11-18 04:15:00+00:00,0.9218800067901611,0.9219300150871277,0.9207500219345093,0.9212599992752075,0.0
2025-11-18 04:30:00+00:00,0.9212599992752075,0.9214000105857849,0.9207299947738647,0.921180009841919,0.0
2025-11-18 04:45:00+00:00,0.921180009841919,0.9215999841690063,0.9207000136375427,0.9213299751281738,0.0
2025-11-18 05:00:00+00:00,0.9213399887084961,0.921500027179718,0.920799970626831,0.9214299917221069,0.0
2025-11-18 05:15:00+00:00,0.9214400053024292,0.92153000831604,0.9208700060844421,0.9214400053024292,0.0
2025-11-18 05:30:00+00:00,0.9214199781417847,0.9215099811553955,0.920960009098053,0.9214400053024292,0.0
2025-11-18 05:45:00+00:00,0.921459972858429,0.9216099977493286,0.9209200143814087,0.9214900135993958,0.0
2025-11-18 06:00:00+00:00,0.9214900135993958,0.9215999841690063,0.9209399819374084,0.9214199781417847,0.0
2025-11-18 06:15:00+00:00,0.9213799834251404,0.9214299917221069,0.9208099842071533,0.9212499856948853,0.0
2025-11-18 06:30:00+00:00,0.9212499856948853,0.9212999939918518,0.9204599857330322,0.9209799766540527,0.0
2025-11-18 06:45:00+00:00,0.920989990234375,0.9211099743843079,0.9203199744224548,0.9208499789237976,0.0
2025-11-18 07:00:00+00:00,0.9208599925041199,0.9210399985313416,0.9203500151634216,0.9207900166511536,0.0
2025-11-18 07:15:00+00:00,0.9207900166511536,0.9211900234222412,0.9202600121498108,0.9211400151252747,0.0
2025-11-18 07:30:00+00:00,0.9211000204086304,0.9217699766159058,0.9208300113677979,0.9216300249099731,0.0
2025-11-18 07:45:00+00:00,0.9216300249099731,0.921720027923584,0.9210000038146973,0.92153000831604,0.0
2025-11-18 08:00:00+00:00,0.9215599894523621,0.9218299984931946,0.9210699796676636,0.9217100143432617,0.0
2025-11-18 08:15:00+00:00,0.9217100143432617,0.9220399856567383,0.9210900068283081,0.9218699932098389,0.0
2025-11-18 08:30:00+00:00,0.9218400120735168,0.9220799803733826,0.9212899804115295,0.9218900203704834,0.0
2025-11-18 08:45:00+00:00,0.9218900203704834,0.9221000075340271,0.921280026435852,0.9218500256538391,0.0
2025-11-18 09:00:00+00:00,0.9218500256538391,0.9223200082778931,0.9213700294494629,0.9222999811172485,0.0
2025-11-18 09:15:00+00:00,0.9222699999809265,0.9224100112915039,0.9217399954795837,0.9223200082778931,0.0
2025-11-18 09:30:00+00:00,0.9223200082778931,0.9225000143051147,0.9217100143432617,0.9224900007247925,0.0
2025-11-18 09:45:00+00:00,0.9224900007247925,0.9229099750518799,0.9219499826431274,0.9229000210762024,0.0
2025-11-18 10:00:00+00:00,0.9228900074958801,0.9230200052261353,0.9223600029945374,0.9227700233459473,0.0
2025-11-18 10:15:00+00:00,0.9227700233459473,0.9229999780654907,0.9222800135612488,0.9227399826049805,0.0
2025-11-18 10:30:00+00:00,0.9227200150489807,0.923229992389679,0.92221999168396,0.9231399893760681,0.0
2025-11-18 10:45:00+00:00,0.9231100082397461,0.9237200021743774,0.9226499795913696,0.9236199855804443,0.0
2025-11-18 11:00:00+00:00,0.9235799908638,0.9236099720001221,0.922819972038269,0.9233899712562561,0.0
2025-11-18 11:15:00+00:00,0.9233899712562561,0.9236999750137329,0.9228299856185913,0.9232900142669678,0.0
2025-11-18 11:30:00+00:00,0.9232800006866455,0.923520028591156,0.9228900074958801,0.9233199954032898,0.0
2025-11-18 11:45:00+00:00,0.9233199954032898,0.9233999848365784,0.9226800203323364,0.9231699705123901,0.0
2025-11-18 12:00:00+00:00,0.9231799840927124,0.9232000112533569,0.9223899841308594,0.9228299856185913,0.0
2025-11-18 12:15:00+00:00,0.9228299856185913,0.9230499863624573,0.9223899841308594,0.922980010509491,0.0
2025-11-18 12:30:00+00:00,0.9229999780654907,0.923259973526001,0.922540009021759,0.9230800271034241,0.0
2025-11-18 12:45:00+00:00,0.9230800271034241,0.9231200218200684,0.9224900007247925,0.923009991645813,0.0
2025-11-18 13:00:00+00:00,0.9230200052261353,0.9233199954032898,0.9226099848747253,0.9232800006866455,0.0
2025-11-18 13:15:00+00:00,0.9232800006866455,0.9234600067138672,0.9223600029945374,0.9229900240898132,0.0
2025-11-18 13:30:00+00:00,0.9229699969291687,0.9233999848365784,0.9224600195884705,0.9232100248336792,0.0
2025-11-18 13:45:00+00:00,0.9232199788093567,0.9237499833106995,0.922819972038269,0.9235799908638,0.0
2025-11-18 14:00:00+00:00,0.9235799908638,0.9236999750137329,0.9229300022125244,0.9234399795532227,0.0
2025-11-18 14:15:00+00:00,0.9234700202941895,0.9237099885940552,0.9230300188064575,0.9236699938774109,0.0
2025-11-18 14:30:00+00:00,0.9236999750137329,0.9240999817848206,0.9232500195503235,0.9239500164985657,0.0
2025-11-18 14:45:00+00:00,0.9239599704742432,0.9243000149726868,0.9235399961471558,0.9240900278091431,0.0
2025-11-18 15:00:00+00:00,0.9240599870681763,0.9245100021362305,0.9237499833106995,0.9243900179862976,0.0
2025-11-18 15:15:00+00:00,0.9243900179862976,0.9249699711799622,0.9237800240516663,0.9247000217437744,0.0
2025-11-18 15:30:00+00:00,0.9246900081634521,0.9248499870300293,0.9240599870681763,0.9245399832725525,0.0
2025-11-18 15:45:00+00:00,0.9245700240135193,0.9252099990844727,0.9240400195121765,0.924809992313385,0.0
2025-11-18 16:00:00+00:00,0.9248300194740295,0.9255200028419495,0.9244199991226196,0.925320029258728,0.0
2025-11-18 16:15:00+00:00,0.9253000020980835,0.9257699847221375,0.9248899817466736,0.9254800081253052,0.0
2025-11-18 16:30:00+00:00,0.9254900217056274,0.9259999990463257,0.925059974193573,0.9258900284767151,0.0
2025-11-18 16:45:00+00:00,0.9258800148963928,0.9261000156402588,0.9254099726676941,0.9258300065994263,0.0
2025-11-18 17:00:00+00:00,0.9258300065994263,0.926069974899292,0.925279974937439,0.9257599711418152,0.0
2025-11-18 17:15:00+00:00,0.9257599711418152,0.9258999824523926,0.9249200224876404,0.9252700209617615,0.0
2025-11-18 17:30:00+00:00,0.9252899885177612,0.9255300164222717,0.924809992313385,0.9254400134086609,0.0
2025-11-18 17:45:00+00:00,0.9254400134086609,0.9258099794387817,0.9249500036239624,0.9257400035858154,0.0
2025-11-18 18:00:00+00:00,0.9257500171661377,0.9258000254631042,0.9250900149345398,0.9255499839782715,0.0
2025-11-18 18:15:00+00:00,0.9255499839782715,0.925599992275238,0.9250100255012512,0.9255099892616272,0.0
2025-11-18 18:30:00+00:00,0.9255099892616272,0.9257199764251709,0.9248600006103516,0.925279974937439,0.0
2025-11-18 18:45:00+00:00,0.9253000020980835,0.9254000186920166,0.9247999787330627,0.9252499938011169,0.0
2025-11-18 19:00:00+00:00,0.9252600073814392,0.9254000186920166,0.9247099757194519,0.9253399968147278,0.0
2025-11-18 19:15:00+00:00,0.9253399968147278,0.9254000186920166,0.9247499704360962,0.9252600073814392,0.0
2025-11-18 19:30:00+00:00,0.9252600073814392,0.925599992275238,0.924839973449707,0.9255099892616272,0.0
2025-11-18 19:45:00+00:00,0.9255099892616272,0.9258999824523926,0.9250800013542175,0.9258000254631042,0.0
2025-11-18 20:00:00+00:00,0.9258000254631042,0.9259999990463257,0.9253900051116943,0.9259499907493591,0.0
2025-11-18 20:15:00+00:00,0.9259600043296814,0.9261500239372253,0.9255899786949158,0.9261000156402588,0.0
2025-11-18 20:30:00+00:00,0.926110029220581,0.9262599945068359,0.9256500005722046,0.9261400103569031,0.0
2025-11-18 20:45:00+00:00,0.9261400103569031,0.9262099862098694,0.9254999756813049,0.9260799884796143,0.0
2025-11-18 21:00:00+00:00,0.9260799884796143,0.9262999892234802,0.9256700277328491,0.9262400269508362,0.0
2025-11-18 21:15:00+00:00,0.9262400269508362,0.9264199733734131,0.9257799983024597,0.9262800216674805,0.0
2025-11-18 21:30:00+00:00,0.9262700080871582,0.9263299703598022,0.9256200194358826,0.9260500073432922,0.0
2025-11-18 21:45:00+00:00,0.9260600209236145,0.9261999726295471,0.9250800013542175,0.9257100224494934,0.0
2025-11-18 22:00:00+00:00,0.9251000285148621,0.9255399703979492,0.9246900081634521,0.9251499772071838,0.0
2025-11-18 22:15:00+00:00,0.9253399968147278,0.9261000156402588,0.9250400066375732,0.9256799817085266,0.0
2025-11-18 22:30:00+00:00,0.9257000088691711,0.9260299801826477,0.9253699779510498,0.9257699847221375,0.0
2025-11-18 22:45:00+00:00,0.9258700013160706,0.9259999990463257,0.9251700043678284,0.9252899885177612,0.0
2025-11-18 23:00:00+00:00,0.9253799915313721,0.9265000224113464,0.9252499938011169,0.9263899922370911,0.0
2025-11-18 23:15:00+00:00,0.9264199733734131,0.9265300035476685,0.9259799718856812,0.9264799952507019,0.0
2025-11-18 23:30:00+00:00,0.9264799952507019,0.9266999959945679,0.9260200262069702,0.9266700148582458,0.0
2025-11-18 23:45:00+00:00,0.9266499876976013,0.926800012588501,0.9262099862098694,0.926639974117279,0.0
2025-11-19 00:00:00+00:00,0.926609992980957,0.9266700148582458,0.9256799817085266,0.9262999892234802,0.0
2025-11-19 00:15:00+00:00,0.9262999892234802,0.9264000058174133,0.9256600141525269,0.9260500073432922,0.0
2025-11-19 00:30:00+00:00,0.9260299801826477,0.9262199997901917,0.925599992275238,0.9260900020599365,0.0
2025-11-19 00:45:00+00:00,0.9261000156402588,0.9265199899673462,0.9257000088691711,0.9263700246810913,0.0
2025-11-19 01:00:00+00:00,0.9263700246810913,0.926800012588501,0.926010012626648,0.9265400171279907,0.0
2025-11-19 01:15:00+00:00,0.9265400171279907,0.9267200231552124,0.9260200262069702,0.9266800284385681,0.0
2025-11-19 01:30:00+00:00,0.9266899824142456,0.926800012588501,0.926069974899292,0.9267100095748901,0.0
2025-11-19 01:45:00+00:00,0.9267100095748901,0.9268100261688232,0.9260900020599365,0.9265400171279907,0.0
2025-11-19 02:00:00+00:00,0.9265400171279907,0.9269999861717224,0.9261400103569031,0.9267100095748901,0.0
2025-11-19 02:15:00+00:00,0.9266999959945679,0.9269300103187561,0.9261900186538696,0.926829993724823,0.0
2025-11-19 02:30:00+00:00,0.9268100261688232,0.9269000291824341,0.9262700080871582,0.9267299771308899,0.0
2025-11-19 02:45:00+00:00,0.9267200231552124,0.926800012588501,0.9261800050735474,0.9266499876976013,0.0
2025-11-19 03:00:00+00:00,0.926639974117279,0.9266999959945679,0.9261199831962585,0.9265699982643127,0.0
2025-11-19 03:15:00+00:00,0.9265699982643127,0.9265999794006348,0.9259799718856812,0.9265499711036682,0.0
2025-11-19 03:30:00+00:00,0.9265300035476685,0.9266999959945679,0.9261299967765808,0.9265599846839905,0.0
2025-11-19 03:45:00+00:00,0.9265900254249573,0.9266200065612793,0.9260600209236145,0.9265900254249573,0.0
2025-11-19 04:00:00+00:00,0.9265900254249573,0.9267399907112122,0.9260500073432922,0.9266700148582458,0.0
2025-11-19 04:15:00+00:00,0.9266700148582458,0.9269000291824341,0.9263399839401245,0.9268699884414673,0.0
2025-11-19 04:30:00+00:00,0.9269000291824341,0.9269000291824341,0.9262499809265137,0.9266999959945679,0.0
2025-11-19 04:45:00+00:00,0.9266999959945679,0.926829993724823,0.9262199997901917,0.9268100261688232,0.0
2025-11-19 05:00:00+00:00,0.9267699718475342,0.926829993724823,0.9261800050735474,0.926639974117279,0.0
2025-11-19 05:15:00+00:00,0.9266300201416016,0.9267100095748901,0.926069974899292,0.9265699982643127,0.0
2025-11-19 05:30:00+00:00,0.9265400171279907,0.9265999794006348,0.9258599877357483,0.926289975643158,0.0
2025-11-19 05:45:00+00:00,0.926289975643158,0.9264900088310242,0.9254599809646606,0.9262199997901917,0.0
2025-11-19 06:00:00+00:00,0.9262199997901917,0.9265999794006348,0.9258000254631042,0.9265099763870239,0.0
2025-11-19 06:15:00+00:00,0.9265099763870239,0.9266999959945679,0.9259200096130371,0.9264100193977356,0.0
2025-11-19 06:30:00+00:00,0.9264100193977356,0.9266200065612793,0.9258999824523926,0.9265400171279907,0.0
2025-11-19 06:45:00+00:00,0.9265400171279907,0.9267100095748901,0.9260500073432922,0.9265099763870239,0.0
2025-11-19 07:00:00+00:00,0.9265199899673462,0.9266999959945679,0.92603999376297,0.9264299869537354,0.0
2025-11-19 07:15:00+00:00,0.9264299869537354,0.9266200065612793,0.9259999990463257,0.9265499711036682,0.0
2025-11-19 07:30:00+00:00,0.9265499711036682,0.9265999794006348,0.9259799718856812,0.9265199899673462,0.0
2025-11-19 07:45:00+00:00,0.9265000224113464,0.9265999794006348,0.9253900051116943,0.9257400035858154,0.0
2025-11-19 08:00:00+00:00,0.9256799817085266,0.9260299801826477,0.9250699877738953,0.9255599975585938,0.0
2025-11-19 08:15:00+00:00,0.9255599975585938,0.9261000156402588,0.9251499772071838,0.926069974899292,0.0
2025-11-19 08:30:00+00:00,0.926069974899292,0.9262999892234802,0.9253000020980835,0.9258999824523926,0.0
2025-11-19 08:45:00+00:00,0.9258999824523926,0.9261199831962585,0.925320029258728,0.9260500073432922,0.0
2025-11-19 09:00:00+00:00,0.9260299801826477,0.9262999892234802,0.9255099892616272,0.9262700080871582,0.0
2025-11-19 09:15:00+00:00,0.9262700080871582,0.9266999959945679,0.9257799983024597,0.9265400171279907,0.0
2025-11-19 09:30:00+00:00,0.9265099763870239,0.9274200201034546,0.9261500239372253,0.9271500110626221,0.0
2025-11-19 09:45:00+00:00,0.9271799921989441,0.9274500012397766,0.9265900254249573,0.9273899793624878,0.0
2025-11-19 10:00:00+00:00,0.927370011806488,0.9279199838638306,0.9269700050354004,0.9278900027275085,0.0
2025-11-19 10:15:00+00:00,0.9278799891471863,0.9289100170135498,0.9276099801063538,0.9287899732589722,0.0
2025-11-19 10:30:00+00:00,0.9287899732589722,0.9289799928665161,0.9279500246047974,0.9285899996757507,0.0
2025-11-19 10:45:00+00:00,0.9285899996757507,0.9290300011634827,0.9281499981880188,0.9289399981498718,0.0
2025-11-19 11:00:00+00:00,0.9289299845695496,0.9290000200271606,0.9277899861335754,0.9287400245666504,0.0
2025-11-19 11:15:00+00:00,0.9287599921226501,0.9289000034332275,0.9279699921607971,0.928380012512207,0.0
2025-11-19 11:30:00+00:00,0.9283699989318848,0.9283999800682068,0.9276900291442871,0.9282400012016296,0.0
2025-11-19 11:45:00+00:00,0.9282199740409851,0.9289299845695496,0.9277600049972534,0.9288300275802612,0.0
2025-11-19 12:00:00+00:00,0.9288300275802612,0.9288399815559387,0.9279099702835083,0.9286100268363953,0.0
2025-11-19 12:15:00+00:00,0.9285899996757507,0.9289600253105164,0.9282600283622742,0.9289000034332275,0.0
2025-11-19 12:30:00+00:00,0.9289000034332275,0.9290599822998047,0.9283199906349182,0.9287599921226501,0.0
2025-11-19 12:45:00+00:00,0.9287599921226501,0.9287999868392944,0.9280300140380859,0.9285399913787842,0.0
2025-11-19 13:00:00+00:00,0.9285100102424622,0.9287300109863281,0.9277600049972534,0.9283699989318848,0.0
2025-11-19 13:15:00+00:00,0.9283699989318848,0.9284999966621399,0.9277200102806091,0.9284300208091736,0.0
2025-11-19 13:30:00+00:00,0.9284499883651733,0.928600013256073,0.9279400110244751,0.9284499883651733,0.0
2025-11-19 13:45:00+00:00,0.9284499883651733,0.9288399815559387,0.9280999898910522,0.9286800026893616,0.0
2025-11-19 14:00:00+00:00,0.9286900162696838,0.9288600087165833,0.9276099801063538,0.9280700087547302,0.0
2025-11-19 14:15:00+00:00,0.9280700087547302,0.9282000064849854,0.9274500012397766,0.9278799891471863,0.0
2025-11-19 14:30:00+00:00,0.9278799891471863,0.9284499883651733,0.9272000193595886,0.9282900094985962,0.0
2025-11-19 14:45:00+00:00,0.9282900094985962,0.9287999868392944,0.9279099702835083,0.9285699725151062,0.0
2025-11-19 15:00:00+00:00,0.9285799860954285,0.9293599724769592,0.9282299876213074,0.9290400147438049,0.0
2025-11-19 15:15:00+00:00,0.9290400147438049,0.9294599890708923,0.9285100102424622,0.9294000267982483,0.0
2025-11-19 15:30:00+00:00,0.9294000267982483,0.9295499920845032,0.9285899996757507,0.9290900230407715,0.0
2025-11-19 15:45:00+00:00,0.9290599822998047,0.9292600154876709,0.9283000230789185,0.9289299845695496,0.0
2025-11-19 16:00:00+00:00,0.9289299845695496,0.9290599822998047,0.928059995174408,0.9285399913787842,0.0
2025-11-19 16:15:00+00:00,0.9285299777984619,0.9290400147438049,0.9282000064849854,0.9288700222969055,0.0
2025-11-19 16:30:00+00:00,0.9288700222969055,0.9290300011634827,0.9281299710273743,0.9285399913787842,0.0
2025-11-19 16:45:00+00:00,0.9285500049591064,0.928600013256073,0.9279400110244751,0.9284499883651733,0.0
2025-11-19 17:00:00+00:00,0.9284300208091736,0.928600013256073,0.927869975566864,0.9283300042152405,0.0
2025-11-19 17:15:00+00:00,0.9283300042152405,0.9286699891090393,0.9279099702835083,0.9286199808120728,0.0
2025-11-19 17:30:00+00:00,0.9286400079727173,0.9286500215530396,0.9277799725532532,0.928309977054596,0.0
2025-11-19 17:45:00+00:00,0.9282600283622742,0.928409993648529,0.9277300238609314,0.9280800223350525,0.0
2025-11-19 18:00:00+00:00,0.9280999898910522,0.9284999966621399,0.9277200102806091,0.9284399747848511,0.0
2025-11-19 18:15:00+00:00,0.9284499883651733,0.9285500049591064,0.9279599785804749,0.9283999800682068,0.0
2025-11-19 18:30:00+00:00,0.9283699989318848,0.9285500049591064,0.92781001329422,0.9282100200653076,0.0
2025-11-19 18:45:00+00:00,0.9281899929046631,0.9286999702453613,0.9276800155639648,0.9284600019454956,0.0
2025-11-19 19:00:00+00:00,0.9285899996757507,0.9287599921226501,0.9279800057411194,0.9284800291061401,0.0
2025-11-19 19:15:00+00:00,0.9284600019454956,0.9287099838256836,0.928059995174408,0.9286800026893616,0.0
2025-11-19 19:30:00+00:00,0.9286900162696838,0.9289100170135498,0.9281399846076965,0.9288399815559387,0.0
2025-11-19 19:45:00+00:00,0.9288399815559387,0.9292200207710266,0.9284399747848511,0.9290500283241272,0.0
2025-11-19 20:00:00+00:00,0.9290300011634827,0.929099977016449,0.9284200072288513,0.9289500117301941,0.0
2025-11-19 20:15:00+00:00,0.9289500117301941,0.9291499853134155,0.9284999966621399,0.9290000200271606,0.0
2025-11-19 20:30:00+00:00,0.9289699792861938,0.929099977016449,0.9284700155258179,0.9290099740028381,0.0
2025-11-19 20:45:00+00:00,0.9290199875831604,0.9291099905967712,0.9284600019454956,0.9290199875831604,0.0
2025-11-19 21:00:00+00:00,0.9290500283241272,0.9293000102043152,0.928600013256073,0.9292100071907043,0.0
2025-11-19 21:15:00+00:00,0.9292500019073486,0.9295300245285034,0.9287700057029724,0.9294499754905701,0.0
2025-11-19 21:30:00+00:00,0.9294300079345703,0.9295300245285034,0.9287999868392944,0.9294300079345703,0.0
2025-11-19 21:45:00+00:00,0.9294099807739258,0.9296000003814697,0.9281799793243408,0.9290199875831604,0.0
2025-11-19 22:00:00+00:00,0.9288600087165833,0.9291399717330933,0.9285200238227844,0.9291300177574158,0.0
2025-11-19 22:15:00+00:00,0.9291099905967712,0.9293000102043152,0.9284999966621399,0.9289600253105164,0.0
2025-11-19 22:30:00+00:00,0.9289000034332275,0.9292700290679932,0.9286400079727173,0.928849995136261,0.0
2025-11-19 22:45:00+00:00,0.9287400245666504,0.9293000102043152,0.928659975528717,0.9291499853134155,0.0
2025-11-19 23:00:00+00:00,0.9291399717330933,0.9296000003814697,0.9287999868392944,0.9293299913406372,0.0
2025-11-19 23:15:00+00:00,0.9292899966239929,0.9294000267982483,0.9287499785423279,0.9292399883270264,0.0
2025-11-19 23:30:00+00:00,0.9292600154876709,0.9295300245285034,0.9288300275802612,0.9292899966239929,0.0
2025-11-19 23:45:00+00:00,0.9292799830436707,0.9294999837875366,0.9288600087165833,0.9293000102043152,0.0
2025-11-20 00:00:00+00:00,0.9293699860572815,0.9294000267982483,0.9287400245666504,0.9293599724769592,0.0
2025-11-20 00:15:00+00:00,0.9293599724769592,0.9294999837875366,0.9289299845695496,0.929390013217926,0.0
2025-11-20 00:30:00+00:00,0.929390013217926,0.9294099807739258,0.9286800026893616,0.9291499853134155,0.0
2025-11-20 00:45:00+00:00,0.9291499853134155,0.9292100071907043,0.9284200072288513,0.9289100170135498,0.0
2025-11-20 01:00:00+00:00,0.9289100170135498,0.9291999936103821,0.9284300208091736,0.9291099905967712,0.0
2025-11-20 01:15:00+00:00,0.9291099905967712,0.9292100071907043,0.9285600185394287,0.9290599822998047,0.0
2025-11-20 01:30:00+00:00,0.9290500283241272,0.9291999936103821,0.9282299876213074,0.9286500215530396,0.0
2025-11-20 01:45:00+00:00,0.9286400079727173,0.9290400147438049,0.9283000230789185,0.9289600253105164,0.0
2025-11-20 02:00:00+00:00,0.9289799928665161,0.9291300177574158,0.9284700155258179,0.929069995880127,0.0
2025-11-20 02:15:00+00:00,0.9290800094604492,0.929099977016449,0.9284600019454956,0.9288600087165833,0.0
2025-11-20 02:30:00+00:00,0.9288600087165833,0.929099977016449,0.928380012512207,0.9290500283241272,0.0
2025-11-20 02:45:00+00:00,0.9290599822998047,0.9293000102043152,0.9285699725151062,0.9291599988937378,0.0
2025-11-20 03:00:00+00:00,0.9291499853134155,0.9293100237846375,0.928659975528717,0.9291399717330933,0.0
2025-11-20 03:15:00+00:00,0.9291399717330933,0.9293400049209595,0.9286900162696838,0.9293199777603149,0.0
2025-11-20 03:30:00+00:00,0.9292899966239929,0.9294099807739258,0.9287700057029724,0.9292100071907043,0.0
2025-11-20 03:45:00+00:00,0.9292299747467041,0.9293199777603149,0.928659975528717,0.9291700124740601,0.0
2025-11-20 04:00:00+00:00,0.9291700124740601,0.9291999936103821,0.9285699725151062,0.9291099905967712,0.0
2025-11-20 04:15:00+00:00,0.9291099905967712,0.9291999936103821,0.928600013256073,0.9290599822998047,0.0
2025-11-20 04:30:00+00:00,0.929069995880127,0.9291300177574158,0.9285899996757507,0.9290500283241272,0.0
2025-11-20 04:45:00+00:00,0.9290599822998047,0.9293000102043152,0.9285600185394287,0.9291999936103821,0.0
2025-11-20 05:00:00+00:00,0.9291700124740601,0.9294000267982483,0.9286100268363953,0.9290199875831604,0.0
2025-11-20 05:15:00+00:00,0.9290400147438049,0.9291300177574158,0.9285500049591064,0.9290099740028381,0.0
2025-11-20 05:30:00+00:00,0.9290199875831604,0.929099977016449,0.9285100102424622,0.9289900064468384,0.0
2025-11-20 05:45:00+00:00,0.9290000200271606,0.9290500283241272,0.9283599853515625,0.9290500283241272,0.0
2025-11-20 06:00:00+00:00,0.9290199875831604,0.9291999936103821,0.9285699725151062,0.9291099905967712,0.0
2025-11-20 06:15:00+00:00,0.9291099905967712,0.9291999936103821,0.9284600019454956,0.9289000034332275,0.0
2025-11-20 06:30:00+00:00,0.9288700222969055,0.9290099740028381,0.9283599853515625,0.9287800192832947,0.0
2025-11-20 06:45:00+00:00,0.9287800192832947,0.9290599822998047,0.9282299876213074,0.9289100170135498,0.0
2025-11-20 07:00:00+00:00,0.9289199709892273,0.9291999936103821,0.9283199906349182,0.9288100004196167,0.0
2025-11-20 07:15:00+00:00,0.9288399815559387,0.9290000200271606,0.9283599853515625,0.928879976272583,0.0
2025-11-20 07:30:00+00:00,0.9288899898529053,0.9289299845695496,0.9282500147819519,0.9287800192832947,0.0
2025-11-20 07:45:00+00:00,0.9287899732589722,0.9290000200271606,0.9281200170516968,0.9286100268363953,0.0
2025-11-20 08:00:00+00:00,0.928600013256073,0.9288399815559387,0.9281200170516968,0.9287199974060059,0.0
2025-11-20 08:15:00+00:00,0.9287499785423279,0.9289000034332275,0.92808997631073,0.9285299777984619,0.0
2025-11-20 08:30:00+00:00,0.9285600185394287,0.9286999702453613,0.9279500246047974,0.928409993648529,0.0
2025-11-20 08:45:00+00:00,0.928409993648529,0.9286199808120728,0.9279199838638306,0.9285299777984619,0.0
2025-11-20 09:00:00+00:00,0.9285299777984619,0.9286999702453613,0.9279099702835083,0.9284200072288513,0.0
2025-11-20 09:15:00+00:00,0.9284200072288513,0.9287400245666504,0.92781001329422,0.9285500049591064,0.0
2025-11-20 09:30:00+00:00,0.9285600185394287,0.9286999702453613,0.9280499815940857,0.9286199808120728,0.0
2025-11-20 09:45:00+00:00,0.9286199808120728,0.9287999868392944,0.9280300140380859,0.9285699725151062,0.0
2025-11-20 10:00:00+00:00,0.9285699725151062,0.9287999868392944,0.9281100034713745,0.9287300109863281,0.0
2025-11-20 10:15:00+00:00,0.9286999702453613,0.9292100071907043,0.928409993648529,0.9291599988937378,0.0
2025-11-20 10:30:00+00:00,0.9291599988937378,0.9296000003814697,0.9287199974060059,0.9294999837875366,0.0
2025-11-20 10:45:00+00:00,0.9294999837875366,0.9297099709510803,0.9290099740028381,0.9294999837875366,0.0
2025-11-20 11:00:00+00:00,0.9294999837875366,0.9296200275421143,0.9288399815559387,0.9294300079345703,0.0
2025-11-20 11:15:00+00:00,0.9294300079345703,0.9297000169754028,0.9289699792861938,0.9295899868011475,0.0
2025-11-20 11:30:00+00:00,0.9295899868011475,0.9296200275421143,0.928820013999939,0.9294700026512146,0.0
2025-11-20 11:45:00+00:00,0.9294999837875366,0.9295399785041809,0.9288700222969055,0.9294599890708923,0.0
2025-11-20 12:00:00+00:00,0.9294099807739258,0.9296500086784363,0.9290199875831604,0.9295899868011475,0.0
2025-11-20 12:15:00+00:00,0.9295899868011475,0.9298999905586243,0.9291300177574158,0.9297299981117249,0.0
2025-11-20 12:30:00+00:00,0.9297400116920471,0.9299100041389465,0.929099977016449,0.9294999837875366,0.0
2025-11-20 12:45:00+00:00,0.9294999837875366,0.9296000003814697,0.9287499785423279,0.9294599890708923,0.0
2025-11-20 13:00:00+00:00,0.9294700026512146,0.9297000169754028,0.928820013999939,0.9295899868011475,0.0
2025-11-20 13:15:00+00:00,0.9295899868011475,0.9296600222587585,0.928629994392395,0.9288399815559387,0.0
2025-11-20 13:30:00+00:00,0.9289900064468384,0.9295899868011475,0.9284999966621399,0.9292299747467041,0.0
2025-11-20 13:45:00+00:00,0.9292100071907043,0.92985999584198,0.9289699792861938,0.929610013961792,0.0
2025-11-20 14:00:00+00:00,0.9296500086784363,0.9303500056266785,0.9292399883270264,0.930079996585846,0.0
2025-11-20 14:15:00+00:00,0.9300500154495239,0.9302800297737122,0.9293799996376038,0.930109977722168,0.0
2025-11-20 14:30:00+00:00,0.9301000237464905,0.9301999807357788,0.9294300079345703,0.9300600290298462,0.0
2025-11-20 14:45:00+00:00,0.9300600290298462,0.9301499724388123,0.9292700290679932,0.930109977722168,0.0
2025-11-20 15:00:00+00:00,0.9301300048828125,0.9304500222206116,0.9296900033950806,0.9302300214767456,0.0
2025-11-20 15:15:00+00:00,0.9302300214767456,0.9304999709129333,0.9298099875450134,0.9302800297737122,0.0
2025-11-20 15:30:00+00:00,0.9302700161933899,0.930400013923645,0.9295700192451477,0.9301400184631348,0.0
2025-11-20 15:45:00+00:00,0.9301400184631348,0.930400013923645,0.9292399883270264,0.9297000169754028,0.0
2025-11-20 16:00:00+00:00,0.929669976234436,0.9297599792480469,0.9289100170135498,0.9294800162315369,0.0
2025-11-20 16:15:00+00:00,0.9294800162315369,0.9295200109481812,0.9284999966621399,0.9289699792861938,0.0
2025-11-20 16:30:00+00:00,0.9290000200271606,0.9294000267982483,0.9284499883651733,0.9293400049209595,0.0
2025-11-20 16:45:00+00:00,0.9293299913406372,0.9297400116920471,0.9286900162696838,0.9289399981498718,0.0
2025-11-20 17:00:00+00:00,0.9289399981498718,0.929419994354248,0.9282000064849854,0.9287899732589722,0.0
2025-11-20 17:15:00+00:00,0.9287899732589722,0.9291700124740601,0.928380012512207,0.9288100004196167,0.0
2025-11-20 17:30:00+00:00,0.9287999868392944,0.9290500283241272,0.9281799793243408,0.9287499785423279,0.0
2025-11-20 17:45:00+00:00,0.9287599921226501,0.9289699792861938,0.9280300140380859,0.9287800192832947,0.0
2025-11-20 18:00:00+00:00,0.9287800192832947,0.9294999837875366,0.9283900260925293,0.9294599890708923,0.0
2025-11-20 18:15:00+00:00,0.9294899702072144,0.9295099973678589,0.9287300109863281,0.9293100237846375,0.0
2025-11-20 18:30:00+00:00,0.9293299913406372,0.9293500185012817,0.9285100102424622,0.9290300011634827,0.0
2025-11-20 18:45:00+00:00,0.9290500283241272,0.929099977016449,0.9283400177955627,0.9289799928665161,0.0
2025-11-20 19:00:00+00:00,0.9289799928665161,0.9291399717330933,0.9283599853515625,0.928820013999939,0.0
2025-11-20 19:15:00+00:00,0.928820013999939,0.929099977016449,0.9283400177955627,0.9289600253105164,0.0
2025-11-20 19:30:00+00:00,0.9289299845695496,0.9290599822998047,0.9283699989318848,0.9289500117301941,0.0
2025-11-20 19:45:00+00:00,0.9289699792861938,0.9293000102043152,0.928380012512207,0.9291599988937378,0.0
2025-11-20 20:00:00+00:00,0.9291700124740601,0.9292799830436707,0.9285799860954285,0.929069995880127,0.0
2025-11-20 20:15:00+00:00,0.929069995880127,0.9293100237846375,0.928629994392395,0.9292500019073486,0.0
2025-11-20 20:30:00+00:00,0.9292500019073486,0.9293000102043152,0.9286500215530396,0.9291300177574158,0.0
2025-11-20 20:45:00+00:00,0.9291399717330933,0.9291999936103821,0.9286400079727173,0.9290800094604492,0.0
2025-11-20 21:00:00+00:00,0.929069995880127,0.9293000102043152,0.9285899996757507,0.9291499853134155,0.0
2025-11-20 21:15:00+00:00,0.9291499853134155,0.9294000267982483,0.9286699891090393,0.9293299913406372,0.0
2025-11-20 21:30:00+00:00,0.9293299913406372,0.9294000267982483,0.9285899996757507,0.9290400147438049,0.0
2025-11-20 21:45:00+00:00,0.9290199875831604,0.929099977016449,0.9282100200653076,0.9288100004196167,0.0
2025-11-20 22:00:00+00:00,0.9281499981880188,0.9289900064468384,0.9281499981880188,0.9285899996757507,0.0
2025-11-20 22:15:00+00:00,0.9285699725151062,0.9291099905967712,0.9283900260925293,0.928629994392395,0.0
2025-11-20 22:30:00+00:00,0.928629994392395,0.929099977016449,0.9283000230789185,0.9289000034332275,0.0
2025-11-20 22:45:00+00:00,0.9289000034332275,0.9290000200271606,0.9285399913787842,0.9289000034332275,0.0
2025-11-20 23:00:00+00:00,0.9286400079727173,0.9290500283241272,0.9282100200653076,0.9285899996757507,0.0
2025-11-20 23:15:00+00:00,0.9285899996757507,0.9290000200271606,0.9282400012016296,0.9289000034332275,0.0
2025-11-20 23:30:00+00:00,0.9289100170135498,0.929099977016449,0.9283599853515625,0.9289399981498718,0.0
2025-11-20 23:45:00+00:00,0.9289100170135498,0.9291200041770935,0.9285200238227844,0.9290599822998047,0.0
2025-11-21 00:00:00+00:00,0.9290599822998047,0.9293000102043152,0.9286800026893616,0.9292100071907043,0.0
2025-11-21 00:15:00+00:00,0.9291899800300598,0.9294000267982483,0.9287599921226501,0.9291300177574158,0.0
2025-11-21 00:30:00+00:00,0.9291300177574158,0.9291999936103821,0.9284800291061401,0.9289100170135498,0.0
2025-11-21 00:45:00+00:00,0.9289100170135498,0.9290199875831604,0.9281700253486633,0.928629994392395,0.0
2025-11-21 01:00:00+00:00,0.9286400079727173,0.9287999868392944,0.928059995174408,0.9287400245666504,0.0
2025-11-21 01:15:00+00:00,0.9287300109863281,0.9290000200271606,0.9283900260925293,0.9288300275802612,0.0
2025-11-21 01:30:00+00:00,0.9288300275802612,0.9290199875831604,0.9282699823379517,0.9289500117301941,0.0
2025-11-21 01:45:00+00:00,0.9289600253105164,0.9291099905967712,0.9284700155258179,0.9288600087165833,0.0
2025-11-21 02:00:00+00:00,0.928849995136261,0.9289299845695496,0.9281499981880188,0.928629994392395,0.0
2025-11-21 02:15:00+00:00,0.9286199808120728,0.9287499785423279,0.9281499981880188,0.9286100268363953,0.0
2025-11-21 02:30:00+00:00,0.9285899996757507,0.9286400079727173,0.9280499815940857,0.9285699725151062,0.0
2025-11-21 02:45:00+00:00,0.9285799860954285,0.9286999702453613,0.9280499815940857,0.9284700155258179,0.0
2025-11-21 03:00:00+00:00,0.9284600019454956,0.9285500049591064,0.9279400110244751,0.928409993648529,0.0
2025-11-21 03:15:00+00:00,0.9283999800682068,0.9284300208091736,0.927839994430542,0.9282500147819519,0.0
2025-11-21 03:30:00+00:00,0.9282500147819519,0.9284200072288513,0.9278299808502197,0.9283599853515625,0.0
2025-11-21 03:45:00+00:00,0.9283599853515625,0.9284999966621399,0.9279599785804749,0.9283699989318848,0.0
2025-11-21 04:00:00+00:00,0.9283699989318848,0.9283999800682068,0.9277399778366089,0.9282400012016296,0.0
2025-11-21 04:15:00+00:00,0.9281899929046631,0.9283999800682068,0.9277200102806091,0.9283400177955627,0.0
2025-11-21 04:30:00+00:00,0.9283300042152405,0.9283999800682068,0.927619993686676,0.9280999898910522,0.0
2025-11-21 04:45:00+00:00,0.9280800223350525,0.9282600283622742,0.9275199770927429,0.9282299876213074,0.0
2025-11-21 05:00:00+00:00,0.9282299876213074,0.928409993648529,0.9277099967002869,0.9283000230789185,0.0
2025-11-21 05:15:00+00:00,0.9283000230789185,0.9285299777984619,0.927869975566864,0.9284200072288513,0.0
2025-11-21 05:30:00+00:00,0.928409993648529,0.9284999966621399,0.9278200268745422,0.9282900094985962,0.0
2025-11-21 05:45:00+00:00,0.9282699823379517,0.9283999800682068,0.9276300072669983,0.9280999898910522,0.0
2025-11-21 06:00:00+00:00,0.9280999898910522,0.9283199906349182,0.9276900291442871,0.9282299876213074,0.0
2025-11-21 06:15:00+00:00,0.9282199740409851,0.9283400177955627,0.9276700019836426,0.9282500147819519,0.0
2025-11-21 06:30:00+00:00,0.9282799959182739,0.9284999966621399,0.9279000163078308,0.9284899830818176,0.0
2025-11-21 06:45:00+00:00,0.9284700155258179,0.9286100268363953,0.9280400276184082,0.9285699725151062,0.0
2025-11-21 07:00:00+00:00,0.9285699725151062,0.9286500215530396,0.927839994430542,0.9283400177955627,0.0
2025-11-21 07:15:00+00:00,0.9283499717712402,0.9285299777984619,0.9278600215911865,0.9284800291061401,0.0
2025-11-21 07:30:00+00:00,0.9284800291061401,0.9285799860954285,0.9275100231170654,0.9280700087547302,0.0
2025-11-21 07:45:00+00:00,0.9280700087547302,0.9284200072288513,0.9274500012397766,0.9281399846076965,0.0
2025-11-21 08:00:00+00:00,0.9281499981880188,0.9283000230789185,0.9272599816322327,0.9282699823379517,0.0
2025-11-21 08:15:00+00:00,0.9283000230789185,0.9287700057029724,0.9279099702835083,0.9284800291061401,0.0
2025-11-21 08:30:00+00:00,0.9282699823379517,0.9291399717330933,0.9276999831199646,0.9290099740028381,0.0
2025-11-21 08:45:00+00:00,0.9289900064468384,0.9296500086784363,0.9285100102424622,0.9294000267982483,0.0
2025-11-21 09:00:00+00:00,0.9294300079345703,0.9297000169754028,0.9285699725151062,0.9292500019073486,0.0
2025-11-21 09:15:00+00:00,0.9292600154876709,0.9292799830436707,0.9284600019454956,0.9288899898529053,0.0
2025-11-21 09:30:00+00:00,0.9288600087165833,0.9289500117301941,0.9279900193214417,0.9283999800682068,0.0
2025-11-21 09:45:00+00:00,0.9283900260925293,0.9285899996757507,0.9279000163078308,0.9282699823379517,0.0
2025-11-21 10:00:00+00:00,0.9283000230789185,0.9283199906349182,0.927299976348877,0.9281700253486633,0.0
2025-11-21 10:15:00+00:00,0.9281700253486633,0.9283000230789185,0.9274600148200989,0.9281799793243408,0.0
2025-11-21 10:30:00+00:00,0.9281700253486633,0.9283199906349182,0.9273800253868103,0.9278299808502197,0.0
2025-11-21 10:45:00+00:00,0.9278299808502197,0.9281200170516968,0.9273300170898438,0.9279500246047974,0.0
2025-11-21 11:00:00+00:00,0.9279500246047974,0.9287099838256836,0.9275100231170654,0.9286800026893616,0.0
2025-11-21 11:15:00+00:00,0.9286500215530396,0.9291499853134155,0.9283900260925293,0.928820013999939,0.0
2025-11-21 11:30:00+00:00,0.9288100004196167,0.929099977016449,0.9283999800682068,0.9289100170135498,0.0
2025-11-21 11:45:00+00:00,0.9289100170135498,0.9290000200271606,0.9279299974441528,0.9287400245666504,0.0
2025-11-21 12:00:00+00:00,0.9287199974060059,0.9287999868392944,0.9278500080108643,0.9284499883651733,0.0
2025-11-21 12:15:00+00:00,0.9284499883651733,0.9285399913787842,0.9275199770927429,0.9282699823379517,0.0
2025-11-21 12:30:00+00:00,0.9282400012016296,0.9285500049591064,0.9276800155639648,0.928409993648529,0.0
2025-11-21 12:45:00+00:00,0.9283999800682068,0.9291499853134155,0.9282000064849854,0.9287599921226501,0.0
2025-11-21 13:00:00+00:00,0.9287599921226501,0.9291800260543823,0.9283199906349182,0.9291599988937378,0.0
2025-11-21 13:15:00+00:00,0.9291499853134155,0.9294499754905701,0.9286500215530396,0.9291800260543823,0.0
2025-11-21 13:30:00+00:00,0.9291599988937378,0.9296000003814697,0.9288100004196167,0.9293599724769592,0.0
2025-11-21 13:45:00+00:00,0.9293599724769592,0.9296000003814697,0.9287300109863281,0.9294999837875366,0.0
2025-11-21 14:00:00+00:00,0.9294700026512146,0.9297000169754028,0.9289399981498718,0.9295099973678589,0.0
2025-11-21 14:15:00+00:00,0.9295099973678589,0.9296900033950806,0.9289699792861938,0.9296799898147583,0.0
2025-11-21 14:30:00+00:00,0.9296900033950806,0.9298999905586243,0.9287499785423279,0.9291399717330933,0.0
2025-11-21 14:45:00+00:00,0.9291200041770935,0.9296600222587585,0.9285200238227844,0.9291700124740601,0.0
2025-11-21 15:00:00+00:00,0.9291700124740601,0.9293799996376038,0.9285100102424622,0.9290599822998047,0.0
2025-11-21 15:15:00+00:00,0.9290599822998047,0.9293699860572815,0.9284499883651733,0.9292700290679932,0.0
2025-11-21 15:30:00+00:00,0.9292500019073486,0.9297000169754028,0.9287099838256836,0.9294700026512146,0.0
2025-11-21 15:45:00+00:00,0.9294700026512146,0.930109977722168,0.9288899898529053,0.9300400018692017,0.0
2025-11-21 16:00:00+00:00,0.9300400018692017,0.9304900169372559,0.9295300245285034,0.9301499724388123,0.0
2025-11-21 16:15:00+00:00,0.9301499724388123,0.9309499859809875,0.9296000003814697,0.9307399988174438,0.0
2025-11-21 16:30:00+00:00,0.9307500123977661,0.9308000206947327,0.9300699830055237,0.9306399822235107,0.0
2025-11-21 16:45:00+00:00,0.9306600093841553,0.9307299852371216,0.9299499988555908,0.9304199814796448,0.0
2025-11-21 17:00:00+00:00,0.9304100275039673,0.9305199980735779,0.9297699928283691,0.9303399920463562,0.0
2025-11-21 17:15:00+00:00,0.9303299784660339,0.9304699897766113,0.9297299981117249,0.9303399920463562,0.0
2025-11-21 17:30:00+00:00,0.9303299784660339,0.9307399988174438,0.9299399852752686,0.9304599761962891,0.0
2025-11-21 17:45:00+00:00,0.9304599761962891,0.930620014667511,0.9297800064086914,0.9301400184631348,0.0
2025-11-21 18:00:00+00:00,0.9301599860191345,0.9304999709129333,0.9296500086784363,0.9304400086402893,0.0
2025-11-21 18:15:00+00:00,0.9304400086402893,0.9307799935340881,0.9301199913024902,0.9305999875068665,0.0
2025-11-21 18:30:00+00:00,0.9305999875068665,0.9307100176811218,0.9299200177192688,0.9303699731826782,0.0
2025-11-21 18:45:00+00:00,0.9303600192070007,0.930679976940155,0.9298800230026245,0.9303299784660339,0.0
2025-11-21 19:00:00+00:00,0.9303299784660339,0.930400013923645,0.929669976234436,0.9301599860191345,0.0
2025-11-21 19:15:00+00:00,0.9301599860191345,0.9303299784660339,0.9297199845314026,0.9301699995994568,0.0
2025-11-21 19:30:00+00:00,0.9301699995994568,0.9302999973297119,0.9295899868011475,0.9300600290298462,0.0
2025-11-21 19:45:00+00:00,0.9300600290298462,0.9302999973297119,0.9295799732208252,0.9300299882888794,0.0
2025-11-21 20:00:00+00:00,0.9300299882888794,0.9301300048828125,0.9294899702072144,0.9300500154495239,0.0
2025-11-21 20:15:00+00:00,0.9300600290298462,0.9301999807357788,0.9295300245285034,0.9299499988555908,0.0
2025-11-21 20:30:00+00:00,0.9299499988555908,0.9302999973297119,0.9295799732208252,0.9301900267601013,0.0
2025-11-21 20:45:00+00:00,0.9301900267601013,0.9303500056266785,0.9296600222587585,0.9301900267601013,0.0
2025-11-21 21:00:00+00:00,0.9302099943161011,0.930400013923645,0.9297099709510803,0.9301400184631348,0.0
2025-11-21 21:15:00+00:00,0.9301499724388123,0.9305999875068665,0.9297800064086914,0.9305400252342224,0.0
2025-11-21 21:30:00+00:00,0.9305400252342224,0.9306100010871887,0.9300000071525574,0.9304900169372559,0.0
2025-11-21 21:45:00+00:00,0.9304900169372559,0.9309999942779541,0.9302700161933899,0.930649995803833,0.0
2025-11-21 22:00:00+00:00,0.9305499792098999,0.9305499792098999,0.9305499792098999,0.9305499792098999,0.0
2025-11-21 22:15:00+00:00,0.9305499792098999,0.9305499792098999,0.9305499792098999,0.9305499792098999,0.0
2025-11-24 00:00:00+00:00,0.9305300116539001,0.9305999875068665,0.9298700094223022,0.9303500056266785,0.0
2025-11-24 00:15:00+00:00,0.9303500056266785,0.9304500222206116,0.9297699928283691,0.9302899837493896,0.0
2025-11-24 00:30:00+00:00,0.9302600026130676,0.930620014667511,0.9299100041389465,0.9305400252342224,0.0
2025-11-24 00:45:00+00:00,0.9305700063705444,0.9307000041007996,0.9299399852752686,0.9303500056266785,0.0
2025-11-24 01:00:00+00:00,0.9303500056266785,0.9308300018310547,0.9299499988555908,0.9307600259780884,0.0
2025-11-24 01:15:00+00:00,0.9307399988174438,0.9311000108718872,0.9303299784660339,0.9309399724006653,0.0
2025-11-24 01:30:00+00:00,0.9309300184249878,0.9309999942779541,0.9301199913024902,0.9306600093841553,0.0
2025-11-24 01:45:00+00:00,0.9306399822235107,0.9309399724006653,0.9301900267601013,0.9308900237083435,0.0
2025-11-24 02:00:00+00:00,0.9308900237083435,0.9311000108718872,0.9304699897766113,0.9309999942779541,0.0
2025-11-24 02:15:00+00:00,0.9310100078582764,0.931119978427887,0.9304800033569336,0.9310299754142761,0.0
2025-11-24 02:30:00+00:00,0.9310299754142761,0.9312400221824646,0.9305099844932556,0.9311299920082092,0.0
2025-11-24 02:45:00+00:00,0.9311299920082092,0.9314000010490417,0.9306600093841553,0.9312300086021423,0.0
2025-11-24 03:00:00+00:00,0.9312300086021423,0.9312999844551086,0.930620014667511,0.9309899806976318,0.0
2025-11-24 03:15:00+00:00,0.9310399889945984,0.9312199950218201,0.9305899739265442,0.9312000274658203,0.0
2025-11-24 03:30:00+00:00,0.9311800003051758,0.9312099814414978,0.9306399822235107,0.9311100244522095,0.0
2025-11-24 03:45:00+00:00,0.9311000108718872,0.9311000108718872,0.9305499792098999,0.9310500025749207,0.0
2025-11-24 04:00:00+00:00,0.9310500025749207,0.9312000274658203,0.9306300282478333,0.9310700297355652,0.0
2025-11-24 04:15:00+00:00,0.9310700297355652,0.9312000274658203,0.9306300282478333,0.9311599731445312,0.0
2025-11-24 04:30:00+00:00,0.9311400055885315,0.9312099814414978,0.9307100176811218,0.931119978427887,0.0
2025-11-24 04:45:00+00:00,0.931119978427887,0.9312999844551086,0.9306700229644775,0.9312000274658203,0.0
2025-11-24 05:00:00+00:00,0.9312000274658203,0.931439995765686,0.9308599829673767,0.9313600063323975,0.0
2025-11-24 05:15:00+00:00,0.9313499927520752,0.9314299821853638,0.9307900071144104,0.9312899708747864,0.0
2025-11-24 05:30:00+00:00,0.9312800168991089,0.9313099980354309,0.9307399988174438,0.9312499761581421,0.0
2025-11-24 05:45:00+00:00,0.9312499761581421,0.9314000010490417,0.9307399988174438,0.9312199950218201,0.0
2025-11-24 06:00:00+00:00,0.9312099814414978,0.9315000176429749,0.9307900071144104,0.9314200282096863,0.0
2025-11-24 06:15:00+00:00,0.9314200282096863,0.9316099882125854,0.9309999942779541,0.9316099882125854,0.0
2025-11-24 06:30:00+00:00,0.9315999746322632,0.9316999912261963,0.9310899972915649,0.9315199851989746,0.0
2025-11-24 06:45:00+00:00,0.9315199851989746,0.9318100214004517,0.9311100244522095,0.9315999746322632,0.0
2025-11-24 07:00:00+00:00,0.9315999746322632,0.9318000078201294,0.9309899806976318,0.9316099882125854,0.0
2025-11-24 07:15:00+00:00,0.9315999746322632,0.9317299723625183,0.9309899806976318,0.9314600229263306,0.0
2025-11-24 07:30:00+00:00,0.9314600229263306,0.9320399761199951,0.9311699867248535,0.9317600131034851,0.0
2025-11-24 07:45:00+00:00,0.9317499995231628,0.932449996471405,0.9312499761581421,0.9323899745941162,0.0
2025-11-24 08:00:00+00:00,0.9324300289154053,0.932449996471405,0.9310500025749207,0.9319900274276733,0.0
2025-11-24 08:15:00+00:00,0.9319900274276733,0.9323999881744385,0.9314500093460083,0.9321799874305725,0.0
2025-11-24 08:30:00+00:00,0.9321900010108948,0.9323099851608276,0.9314900040626526,0.9319400191307068,0.0
2025-11-24 08:45:00+00:00,0.9319199919700623,0.9320200085639954,0.930840015411377,0.9312999844551086,0.0
2025-11-24 09:00:00+00:00,0.9313200116157532,0.9316099882125854,0.9307799935340881,0.9312999844551086,0.0
2025-11-24 09:15:00+00:00,0.9312999844551086,0.9314000010490417,0.9299700260162354,0.9307500123977661,0.0
2025-11-24 09:30:00+00:00,0.9307799935340881,0.9308199882507324,0.9300000071525574,0.9307299852371216,0.0
2025-11-24 09:45:00+00:00,0.9307299852371216,0.9308199882507324,0.9300699830055237,0.9306600093841553,0.0
2025-11-24 10:00:00+00:00,0.9306700229644775,0.9310600161552429,0.9301199913024902,0.9308500289916992,0.0
2025-11-24 10:15:00+00:00,0.9308500289916992,0.9309499859809875,0.9297800064086914,0.9302999973297119,0.0
2025-11-24 10:30:00+00:00,0.9302899837493896,0.9308500289916992,0.9299200177192688,0.9306700229644775,0.0
2025-11-24 10:45:00+00:00,0.9306399822235107,0.9308000206947327,0.9300000071525574,0.9304599761962891,0.0
2025-11-24 11:00:00+00:00,0.9304900169372559,0.9305999875068665,0.9298200011253357,0.9303699731826782,0.0
2025-11-24 11:15:00+00:00,0.9303600192070007,0.9310200214385986,0.9299499988555908,0.9309200048446655,0.0
2025-11-24 11:30:00+00:00,0.9309200048446655,0.931410014629364,0.9305499792098999,0.9312599897384644,0.0
2025-11-24 11:45:00+00:00,0.9312599897384644,0.9317600131034851,0.9308099746704102,0.9317499995231628,0.0
2025-11-24 12:00:00+00:00,0.9317299723625183,0.9318000078201294,0.9306899905204773,0.9313200116157532,0.0
2025-11-24 12:15:00+00:00,0.9313200116157532,0.9317299723625183,0.9308800101280212,0.9315599799156189,0.0
2025-11-24 12:30:00+00:00,0.9315599799156189,0.9320999979972839,0.9312199950218201,0.9320499897003174,0.0
2025-11-24 12:45:00+00:00,0.9320399761199951,0.9323499798774719,0.9315299987792969,0.9323099851608276,0.0
2025-11-24 13:00:00+00:00,0.9323099851608276,0.9325000047683716,0.9318000078201294,0.9322999715805054,0.0
2025-11-24 13:15:00+00:00,0.9323099851608276,0.9323199987411499,0.9314500093460083,0.9319700002670288,0.0
2025-11-24 13:30:00+00:00,0.9319900274276733,0.9320999979972839,0.9314200282096863,0.9318400025367737,0.0
2025-11-24 13:45:00+00:00,0.9318400025367737,0.9320099949836731,0.9312099814414978,0.9316700100898743,0.0
2025-11-24 14:00:00+00:00,0.9316700100898743,0.9318600296974182,0.9311599731445312,0.9317299723625183,0.0
2025-11-24 14:15:00+00:00,0.9317299723625183,0.9317799806594849,0.9307100176811218,0.9315099716186523,0.0
2025-11-24 14:30:00+00:00,0.9314799904823303,0.9316499829292297,0.9305599927902222,0.9310600161552429,0.0
2025-11-24 14:45:00+00:00,0.9310399889945984,0.9312000274658203,0.930400013923645,0.9310700297355652,0.0
2025-11-24 15:00:00+00:00,0.9310700297355652,0.9316700100898743,0.9307199716567993,0.9313600063323975,0.0
2025-11-24 15:15:00+00:00,0.9313899874687195,0.9315699934959412,0.9307500123977661,0.9312700033187866,0.0
2025-11-24 15:30:00+00:00,0.9312700033187866,0.9319000244140625,0.9309899806976318,0.9317399859428406,0.0
2025-11-24 15:45:00+00:00,0.9317399859428406,0.9318400025367737,0.9305599927902222,0.9311400055885315,0.0
2025-11-24 16:00:00+00:00,0.9311299920082092,0.9316200017929077,0.9306300282478333,0.9314600229263306,0.0
2025-11-24 16:15:00+00:00,0.9314600229263306,0.9315199851989746,0.9307000041007996,0.9311800003051758,0.0
2025-11-24 16:30:00+00:00,0.9311800003051758,0.9312499761581421,0.9304199814796448,0.9311500191688538,0.0
2025-11-24 16:45:00+00:00,0.9311400055885315,0.9312999844551086,0.9306700229644775,0.9310899972915649,0.0
2025-11-24 17:00:00+00:00,0.9310899972915649,0.9315000176429749,0.9306399822235107,0.9314500093460083,0.0
2025-11-24 17:15:00+00:00,0.931439995765686,0.9316999912261963,0.9309700131416321,0.9315699934959412,0.0
2025-11-24 17:30:00+00:00,0.9315699934959412,0.9316999912261963,0.9311100244522095,0.9316499829292297,0.0
2025-11-24 17:45:00+00:00,0.9316499829292297,0.9317299723625183,0.9308099746704102,0.9312499761581421,0.0
2025-11-24 18:00:00+00:00,0.9312400221824646,0.9313200116157532,0.930620014667511,0.9311100244522095,0.0
2025-11-24 18:15:00+00:00,0.9311100244522095,0.9311299920082092,0.9304800033569336,0.9309800267219543,0.0
2025-11-24 18:30:00+00:00,0.9309800267219543,0.9309999942779541,0.930400013923645,0.930840015411377,0.0
2025-11-24 18:45:00+00:00,0.930840015411377,0.9311400055885315,0.9304800033569336,0.9310500025749207,0.0
2025-11-24 19:00:00+00:00,0.9310600161552429,0.9312099814414978,0.9307000041007996,0.9311500191688538,0.0
2025-11-24 19:15:00+00:00,0.9311500191688538,0.9312499761581421,0.9306399822235107,0.9312000274658203,0.0
2025-11-24 19:30:00+00:00,0.9312000274658203,0.9314000010490417,0.9307799935340881,0.9312300086021423,0.0
2025-11-24 19:45:00+00:00,0.9312400221824646,0.9312999844551086,0.9305499792098999,0.9310399889945984,0.0
2025-11-24 20:00:00+00:00,0.9310200214385986,0.9312000274658203,0.9305999875068665,0.9311000108718872,0.0
2025-11-24 20:15:00+00:00,0.9310500025749207,0.9313399791717529,0.930649995803833,0.9312000274658203,0.0
2025-11-24 20:30:00+00:00,0.931190013885498,0.9312199950218201,0.9306600093841553,0.9312000274658203,0.0
2025-11-24 20:45:00+00:00,0.9311299920082092,0.9313499927520752,0.930620014667511,0.9312899708747864,0.0
2025-11-24 21:00:00+00:00,0.9312899708747864,0.9314000010490417,0.9307500123977661,0.9312999844551086,0.0
2025-11-24 21:15:00+00:00,0.9312499761581421,0.9312999844551086,0.930620014667511,0.9310600161552429,0.0
2025-11-24 21:30:00+00:00,0.9310500025749207,0.9312999844551086,0.930620014667511,0.9312300086021423,0.0
2025-11-24 21:45:00+00:00,0.9311800003051758,0.9317200183868408,0.9306100010871887,0.9311599731445312,0.0
2025-11-24 22:00:00+00:00,0.9309999942779541,0.9319499731063843,0.9308300018310547,0.9312099814414978,0.0
2025-11-24 22:15:00+00:00,0.9310899972915649,0.9314000010490417,0.9309200048446655,0.9312999844551086,0.0
2025-11-24 22:30:00+00:00,0.9314000010490417,0.9314000010490417,0.9310200214385986,0.9313399791717529,0.0
2025-11-24 22:45:00+00:00,0.9312199950218201,0.9315000176429749,0.9310200214385986,0.9312999844551086,0.0
2025-11-24 23:00:00+00:00,0.9312700033187866,0.9315299987792969,0.9308800101280212,0.9313499927520752,0.0
2025-11-24 23:15:00+00:00,0.9313399791717529,0.9315000176429749,0.9309099912643433,0.9314299821853638,0.0
2025-11-24 23:30:00+00:00,0.9314299821853638,0.9315000176429749,0.9309599995613098,0.9313799738883972,0.0
2025-11-24 23:45:00+00:00,0.9314000010490417,0.9315000176429749,0.930869996547699,0.931410014629364,0.0
2025-11-25 00:00:00+00:00,0.9314000010490417,0.9315199851989746,0.9308099746704102,0.9313200116157532,0.0
2025-11-25 00:15:00+00:00,0.9313200116157532,0.9315999746322632,0.9309099912643433,0.9315000176429749,0.0
2025-11-25 00:30:00+00:00,0.9315099716186523,0.93163001537323,0.9310799837112427,0.9315599799156189,0.0
2025-11-25 00:45:00+00:00,0.9315500259399414,0.9316099882125854,0.9307600259780884,0.9312000274658203,0.0
2025-11-25 01:00:00+00:00,0.9312000274658203,0.9315999746322632,0.9308099746704102,0.9315000176429749,0.0
2025-11-25 01:15:00+00:00,0.9315000176429749,0.9317499995231628,0.9310399889945984,0.9316099882125854,0.0
2025-11-25 01:30:00+00:00,0.9315999746322632,0.9317100048065186,0.9311100244522095,0.9316400289535522,0.0
2025-11-25 01:45:00+00:00,0.9316400289535522,0.9317299723625183,0.9310899972915649,0.9315199851989746,0.0
2025-11-25 02:00:00+00:00,0.9315199851989746,0.9316999912261963,0.9311299920082092,0.9316099882125854,0.0
2025-11-25 02:15:00+00:00,0.9315999746322632,0.9318000078201294,0.9312099814414978,0.9316800236701965,0.0
2025-11-25 02:30:00+00:00,0.9316800236701965,0.9319999814033508,0.9312700033187866,0.9319000244140625,0.0
2025-11-25 02:45:00+00:00,0.9319400191307068,0.932200014591217,0.9314600229263306,0.9320700168609619,0.0
2025-11-25 03:00:00+00:00,0.9320700168609619,0.9321399927139282,0.9315400123596191,0.9319400191307068,0.0
2025-11-25 03:15:00+00:00,0.9319400191307068,0.9320999979972839,0.9314900040626526,0.9318900108337402,0.0
2025-11-25 03:30:00+00:00,0.9319000244140625,0.9319300055503845,0.9313200116157532,0.9317499995231628,0.0
2025-11-25 03:45:00+00:00,0.9317499995231628,0.9317499995231628,0.9310700297355652,0.9315299987792969,0.0
2025-11-25 04:00:00+00:00,0.9315299987792969,0.9316999912261963,0.9310700297355652,0.9316099882125854,0.0
2025-11-25 04:15:00+00:00,0.9315999746322632,0.9316999912261963,0.9311500191688538,0.9315699934959412,0.0
2025-11-25 04:30:00+00:00,0.9315599799156189,0.9318000078201294,0.9310899972915649,0.931689977645874,0.0
2025-11-25 04:45:00+00:00,0.9316999912261963,0.9319000244140625,0.9312400221824646,0.9318299889564514,0.0
2025-11-25 05:00:00+00:00,0.9318199753761292,0.9319000244140625,0.931190013885498,0.9316499829292297,0.0
2025-11-25 05:15:00+00:00,0.9316200017929077,0.9316999912261963,0.9310100078582764,0.931439995765686,0.0
2025-11-25 05:30:00+00:00,0.931439995765686,0.9316999912261963,0.9310700297355652,0.93163001537323,0.0
2025-11-25 05:45:00+00:00,0.9316400289535522,0.9316999912261963,0.9310799837112427,0.9315199851989746,0.0
2025-11-25 06:00:00+00:00,0.9315299987792969,0.93190997838974,0.9313300251960754,0.9318900108337402,0.0
2025-11-25 06:15:00+00:00,0.931879997253418,0.9319999814033508,0.9314200282096863,0.9319499731063843,0.0
2025-11-25 06:30:00+00:00,0.9319400191307068,0.932129979133606,0.9315500259399414,0.9319999814033508,0.0
2025-11-25 06:45:00+00:00,0.9319999814033508,0.932200014591217,0.9315099716186523,0.93190997838974,0.0
2025-11-25 07:00:00+00:00,0.93190997838974,0.9323999881744385,0.9315400123596191,0.9322999715805054,0.0
2025-11-25 07:15:00+00:00,0.9322999715805054,0.9324300289154053,0.9317399859428406,0.9322500228881836,0.0
2025-11-25 07:30:00+00:00,0.9322500228881836,0.9325399994850159,0.9318100214004517,0.9325100183486938,0.0
2025-11-25 07:45:00+00:00,0.9324899911880493,0.9326000213623047,0.9316700100898743,0.9321500062942505,0.0
2025-11-25 08:00:00+00:00,0.9321500062942505,0.9323099851608276,0.9315599799156189,0.9322299957275391,0.0
2025-11-25 08:15:00+00:00,0.9322500228881836,0.9326000213623047,0.9317799806594849,0.9325100183486938,0.0
2025-11-25 08:30:00+00:00,0.9325199723243713,0.9328299760818481,0.9320700168609619,0.9326500296592712,0.0
2025-11-25 08:45:00+00:00,0.9326500296592712,0.9330000281333923,0.9322500228881836,0.9328600168228149,0.0
2025-11-25 09:00:00+00:00,0.9328799843788147,0.9329599738121033,0.9322800040245056,0.9327600002288818,0.0
2025-11-25 09:15:00+00:00,0.9327600002288818,0.9328399896621704,0.9321500062942505,0.9325799942016602,0.0
2025-11-25 09:30:00+00:00,0.9325900077819824,0.9332200288772583,0.932129979133606,0.9331300258636475,0.0
2025-11-25 09:45:00+00:00,0.9331300258636475,0.9337000250816345,0.9327600002288818,0.9336299896240234,0.0
2025-11-25 10:00:00+00:00,0.9336400032043457,0.9343000054359436,0.9332000017166138,0.934249997138977,0.0
2025-11-25 10:15:00+00:00,0.934249997138977,0.9345999956130981,0.9337199926376343,0.9344099760055542,0.0
2025-11-25 10:30:00+00:00,0.9344000220298767,0.9345999956130981,0.9337999820709229,0.9343000054359436,0.0
2025-11-25 10:45:00+00:00,0.9343000054359436,0.9344000220298767,0.9337999820709229,0.9343000054359436,0.0
2025-11-25 11:00:00+00:00,0.9343100190162659,0.9344199895858765,0.93367999792099,0.9341300129890442,0.0
2025-11-25 11:15:00+00:00,0.9341300129890442,0.9342300295829773,0.9335700273513794,0.9340900182723999,0.0
2025-11-25 11:30:00+00:00,0.9340900182723999,0.9341999888420105,0.9333900213241577,0.9337999820709229,0.0
2025-11-25 11:45:00+00:00,0.9337900280952454,0.933899998664856,0.9331600069999695,0.9338300228118896,0.0
2025-11-25 12:00:00+00:00,0.9338099956512451,0.933899998664856,0.9332200288772583,0.9337400197982788,0.0
2025-11-25 12:15:00+00:00,0.9337400197982788,0.9340000152587891,0.9332699775695801,0.9338499903678894,0.0
2025-11-25 12:30:00+00:00,0.9338499903678894,0.9350500106811523,0.9330099821090698,0.9342799782752991,0.0
2025-11-25 12:45:00+00:00,0.9342799782752991,0.9345499873161316,0.9336299896240234,0.9341099858283997,0.0
2025-11-25 13:00:00+00:00,0.9341199994087219,0.9345300197601318,0.9335700273513794,0.9341400265693665,0.0
2025-11-25 13:15:00+00:00,0.9341099858283997,0.9347000122070312,0.9338700175285339,0.934440016746521,0.0
2025-11-25 13:30:00+00:00,0.9344599843025208,0.9346799850463867,0.9337199926376343,0.9340699911117554,0.0
2025-11-25 13:45:00+00:00,0.9340599775314331,0.934499979019165,0.9336000084877014,0.9343500137329102,0.0
2025-11-25 14:00:00+00:00,0.9343500137329102,0.9348000288009644,0.9339399933815002,0.9345899820327759,0.0
2025-11-25 14:15:00+00:00,0.9345899820327759,0.9348000288009644,0.9340199828147888,0.9345600008964539,0.0
2025-11-25 14:30:00+00:00,0.9345600008964539,0.9347900152206421,0.933489978313446,0.934149980545044,0.0
2025-11-25 14:45:00+00:00,0.934149980545044,0.9342799782752991,0.9333699941635132,0.9339699745178223,0.0
2025-11-25 15:00:00+00:00,0.933899998664856,0.9340199828147888,0.933139979839325,0.9335200190544128,0.0
2025-11-25 15:15:00+00:00,0.9335399866104126,0.9337400197982788,0.9329599738121033,0.9335899949073792,0.0
2025-11-25 15:30:00+00:00,0.9335899949073792,0.9337599873542786,0.9329100251197815,0.9337400197982788,0.0
2025-11-25 15:45:00+00:00,0.9337400197982788,0.9340299963951111,0.9330599904060364,0.9339600205421448,0.0
2025-11-25 16:00:00+00:00,0.9339900016784668,0.9344000220298767,0.9335299730300903,0.9342700242996216,0.0
2025-11-25 16:15:00+00:00,0.9342600107192993,0.9345200061798096,0.9337700009346008,0.934440016746521,0.0
2025-11-25 16:30:00+00:00,0.9344300031661987,0.9348000288009644,0.9338200092315674,0.9347100257873535,0.0
2025-11-25 16:45:00+00:00,0.9347100257873535,0.9350000023841858,0.9341400265693665,0.9347000122070312,0.0
2025-11-25 17:00:00+00:00,0.934689998626709,0.9349200129508972,0.9340999722480774,0.934689998626709,0.0
2025-11-25 17:15:00+00:00,0.9346799850463867,0.9347800016403198,0.9339500069618225,0.9344900250434875,0.0
2025-11-25 17:30:00+00:00,0.9344800114631653,0.9345999956130981,0.9338099956512451,0.9342700242996216,0.0
2025-11-25 17:45:00+00:00,0.9342700242996216,0.9345200061798096,0.9337199926376343,0.9341099858283997,0.0
2025-11-25 18:00:00+00:00,0.9341099858283997,0.9343400001525879,0.933489978313446,0.933899998664856,0.0
2025-11-25 18:15:00+00:00,0.9339500069618225,0.9343000054359436,0.9334099888801575,0.9342399835586548,0.0
2025-11-25 18:30:00+00:00,0.9342100024223328,0.9343000054359436,0.9336900115013123,0.934149980545044,0.0
2025-11-25 18:45:00+00:00,0.9341300129890442,0.9341700077056885,0.9335100054740906,0.9340299963951111,0.0
2025-11-25 19:00:00+00:00,0.9340199828147888,0.9341400265693665,0.9335299730300903,0.9340400099754333,0.0
2025-11-25 19:15:00+00:00,0.9340400099754333,0.9340999722480774,0.9334700107574463,0.9340100288391113,0.0
2025-11-25 19:30:00+00:00,0.9340100288391113,0.9341199994087219,0.9334999918937683,0.9341099858283997,0.0
2025-11-25 19:45:00+00:00,0.9341099858283997,0.9341999888420105,0.9335200190544128,0.9341099858283997,0.0
2025-11-25 20:00:00+00:00,0.9341400265693665,0.9341999888420105,0.9334999918937683,0.9339799880981445,0.0
2025-11-25 20:15:00+00:00,0.9339600205421448,0.9340500235557556,0.933430016040802,0.933929979801178,0.0
2025-11-25 20:30:00+00:00,0.9339200258255005,0.9340999722480774,0.9334400296211243,0.9339600205421448,0.0
2025-11-25 20:45:00+00:00,0.9339699745178223,0.9341400265693665,0.9334400296211243,0.9338799715042114,0.0
2025-11-25 21:00:00+00:00,0.9338700175285339,0.934149980545044,0.9335299730300903,0.9341099858283997,0.0
2025-11-25 21:15:00+00:00,0.9340900182723999,0.9344199895858765,0.933650016784668,0.9343900084495544,0.0
2025-11-25 21:30:00+00:00,0.9344000220298767,0.9345399737358093,0.9339500069618225,0.934499979019165,0.0
2025-11-25 21:45:00+00:00,0.9344900250434875,0.9345999956130981,0.9332900047302246,0.9336599707603455,0.0
2025-11-25 22:00:00+00:00,0.9333800077438354,0.9340699911117554,0.9333500266075134,0.933899998664856,0.0
2025-11-25 22:15:00+00:00,0.9337900280952454,0.9344000220298767,0.9331300258636475,0.9340800046920776,0.0
2025-11-25 22:30:00+00:00,0.9340800046920776,0.9344000220298767,0.9333999752998352,0.9341300129890442,0.0
2025-11-25 22:45:00+00:00,0.9341300129890442,0.9343000054359436,0.9333500266075134,0.9337800145149231,0.0
2025-11-25 23:00:00+00:00,0.9337800145149231,0.9343000054359436,0.9337499737739563,0.9343000054359436,0.0
2025-11-25 23:15:00+00:00,0.9343000054359436,0.9344000220298767,0.9338700175285339,0.9343400001525879,0.0
2025-11-25 23:30:00+00:00,0.9343400001525879,0.934499979019165,0.9338200092315674,0.9343600273132324,0.0
2025-11-25 23:45:00+00:00,0.9343600273132324,0.934499979019165,0.9339200258255005,0.9343400001525879,0.0
2025-11-26 00:00:00+00:00,0.9343100190162659,0.9344499707221985,0.9338899850845337,0.9344000220298767,0.0
2025-11-26 00:15:00+00:00,0.9344000220298767,0.9345200061798096,0.9338600039482117,0.9343100190162659,0.0
2025-11-26 00:30:00+00:00,0.9343100190162659,0.9344099760055542,0.9337599873542786,0.9343799948692322,0.0
2025-11-26 00:45:00+00:00,0.9343799948692322,0.9344300031661987,0.9336599707603455,0.934149980545044,0.0
2025-11-26 01:00:00+00:00,0.934149980545044,0.9343100190162659,0.93367999792099,0.9342799782752991,0.0
2025-11-26 01:15:00+00:00,0.9342799782752991,0.9346100091934204,0.9337999820709229,0.9345499873161316,0.0
2025-11-26 01:30:00+00:00,0.9345300197601318,0.9345700144767761,0.933650016784668,0.9342300295829773,0.0
2025-11-26 01:45:00+00:00,0.9342100024223328,0.9343600273132324,0.9337599873542786,0.934249997138977,0.0
2025-11-26 02:00:00+00:00,0.934249997138977,0.9343199729919434,0.9336199760437012,0.9341700077056885,0.0
2025-11-26 02:15:00+00:00,0.9341700077056885,0.934220016002655,0.9336599707603455,0.9341300129890442,0.0
2025-11-26 02:30:00+00:00,0.9340999722480774,0.9341999888420105,0.9335500001907349,0.9339799880981445,0.0
2025-11-26 02:45:00+00:00,0.9339600205421448,0.9340999722480774,0.9334700107574463,0.9339699745178223,0.0
2025-11-26 03:00:00+00:00,0.9339600205421448,0.9340000152587891,0.9332200288772583,0.9336400032043457,0.0
2025-11-26 03:15:00+00:00,0.9336699843406677,0.9337199926376343,0.9330700039863586,0.9334700107574463,0.0
2025-11-26 03:30:00+00:00,0.9334800243377686,0.9336100220680237,0.9330099821090698,0.933489978313446,0.0
2025-11-26 03:45:00+00:00,0.9334499835968018,0.9337999820709229,0.9330000281333923,0.9337300062179565,0.0
2025-11-26 04:00:00+00:00,0.9337199926376343,0.933899998664856,0.9332500100135803,0.9337999820709229,0.0
2025-11-26 04:15:00+00:00,0.9338300228118896,0.9338399767875671,0.9332299828529358,0.9337999820709229,0.0
2025-11-26 04:30:00+00:00,0.9337599873542786,0.9338300228118896,0.9332699775695801,0.93367999792099,0.0
2025-11-26 04:45:00+00:00,0.9336900115013123,0.9337999820709229,0.933210015296936,0.9336299896240234,0.0
2025-11-26 05:00:00+00:00,0.9336299896240234,0.9337999820709229,0.933210015296936,0.933650016784668,0.0
2025-11-26 05:15:00+00:00,0.9336400032043457,0.933709979057312,0.9330499768257141,0.9334800243377686,0.0
2025-11-26 05:30:00+00:00,0.9334800243377686,0.9336000084877014,0.9327999949455261,0.9331300258636475,0.0
2025-11-26 05:45:00+00:00,0.9331300258636475,0.9331499934196472,0.9318100214004517,0.9325000047683716,0.0
2025-11-26 06:00:00+00:00,0.9324600100517273,0.9330999851226807,0.9321799874305725,0.932919979095459,0.0
2025-11-26 06:15:00+00:00,0.932889997959137,0.933210015296936,0.9321600198745728,0.9326000213623047,0.0
2025-11-26 06:30:00+00:00,0.9325799942016602,0.9328399896621704,0.9319900274276733,0.9328100085258484,0.0
2025-11-26 06:45:00+00:00,0.9327999949455261,0.9332000017166138,0.9322699904441833,0.9327399730682373,0.0
2025-11-26 07:00:00+00:00,0.9327499866485596,0.9332000017166138,0.9323800206184387,0.9329500198364258,0.0
2025-11-26 07:15:00+00:00,0.9329500198364258,0.9331600069999695,0.9323800206184387,0.9328600168228149,0.0
2025-11-26 07:30:00+00:00,0.9328600168228149,0.933459997177124,0.9324899911880493,0.9332000017166138,0.0
2025-11-26 07:45:00+00:00,0.9331499934196472,0.9332399964332581,0.9323899745941162,0.9330700039863586,0.0
2025-11-26 08:00:00+00:00,0.9330499768257141,0.9333299994468689,0.9323599934577942,0.9331799745559692,0.0
2025-11-26 08:15:00+00:00,0.9331799745559692,0.9333000183105469,0.9325399994850159,0.9329900145530701,0.0
2025-11-26 08:30:00+00:00,0.9329900145530701,0.9330400228500366,0.9322699904441833,0.932919979095459,0.0
2025-11-26 08:45:00+00:00,0.932889997959137,0.9332000017166138,0.9323899745941162,0.9329599738121033,0.0
2025-11-26 09:00:00+00:00,0.9329599738121033,0.9334499835968018,0.9326300024986267,0.9334099888801575,0.0
2025-11-26 09:15:00+00:00,0.9334099888801575,0.9334499835968018,0.9325799942016602,0.9332200288772583,0.0
2025-11-26 09:30:00+00:00,0.9331899881362915,0.9333099722862244,0.9323700070381165,0.9332299828529358,0.0
2025-11-26 09:45:00+00:00,0.933210015296936,0.9334999918937683,0.9327099919319153,0.9333099722862244,0.0
2025-11-26 10:00:00+00:00,0.9333099722862244,0.9333500266075134,0.9325799942016602,0.933139979839325,0.0
2025-11-26 10:15:00+00:00,0.9331499934196472,0.9333199858665466,0.932699978351593,0.9332399964332581,0.0
2025-11-26 10:30:00+00:00,0.9332399964332581,0.9334400296211243,0.932479977607727,0.9331899881362915,0.0
2025-11-26 10:45:00+00:00,0.9331899881362915,0.9335100054740906,0.9327999949455261,0.9334400296211243,0.0
2025-11-26 11:00:00+00:00,0.9334400296211243,0.9336000084877014,0.9328299760818481,0.9333999752998352,0.0
2025-11-26 11:15:00+00:00,0.9333699941635132,0.9336199760437012,0.9329000115394592,0.9335100054740906,0.0
2025-11-26 11:30:00+00:00,0.9335500001907349,0.9336000084877014,0.9327200055122375,0.933210015296936,0.0
2025-11-26 11:45:00+00:00,0.9331799745559692,0.9338200092315674,0.9325500130653381,0.9337800145149231,0.0
2025-11-26 12:00:00+00:00,0.9337800145149231,0.9341300129890442,0.9330599904060364,0.9338200092315674,0.0
2025-11-26 12:15:00+00:00,0.9338499903678894,0.9340000152587891,0.933210015296936,0.9337599873542786,0.0
2025-11-26 12:30:00+00:00,0.9337400197982788,0.9338700175285339,0.9330400228500366,0.933650016784668,0.0
2025-11-26 12:45:00+00:00,0.9336599707603455,0.9339100122451782,0.9331300258636475,0.9338600039482117,0.0
2025-11-26 13:00:00+00:00,0.9338600039482117,0.9340999722480774,0.9333500266075134,0.9339100122451782,0.0
2025-11-26 13:15:00+00:00,0.9338899850845337,0.9340999722480774,0.9332699775695801,0.9337700009346008,0.0
2025-11-26 13:30:00+00:00,0.9335899949073792,0.9343500137329102,0.9332699775695801,0.9337900280952454,0.0
2025-11-26 13:45:00+00:00,0.9337800145149231,0.9340000152587891,0.9329500198364258,0.9334800243377686,0.0
2025-11-26 14:00:00+00:00,0.933489978313446,0.9336000084877014,0.9327600002288818,0.9333500266075134,0.0
2025-11-26 14:15:00+00:00,0.9333699941635132,0.9340599775314331,0.9328799843788147,0.9339600205421448,0.0
2025-11-26 14:30:00+00:00,0.9339600205421448,0.9345999956130981,0.9335500001907349,0.9345399737358093,0.0
2025-11-26 14:45:00+00:00,0.9345200061798096,0.9346299767494202,0.9336000084877014,0.9345099925994873,0.0
2025-11-26 15:00:00+00:00,0.9345600008964539,0.9346799850463867,0.9338499903678894,0.9344300031661987,0.0
2025-11-26 15:15:00+00:00,0.9344199895858765,0.9345999956130981,0.9337300062179565,0.9341199994087219,0.0
2025-11-26 15:30:00+00:00,0.9341099858283997,0.9345099925994873,0.9337700009346008,0.9341700077056885,0.0
2025-11-26 15:45:00+00:00,0.9341700077056885,0.934440016746521,0.9332500100135803,0.9336100220680237,0.0
2025-11-26 16:00:00+00:00,0.9336100220680237,0.9339200258255005,0.9331099987030029,0.9334099888801575,0.0
2025-11-26 16:15:00+00:00,0.9334099888801575,0.9336000084877014,0.9327700138092041,0.9333099722862244,0.0
2025-11-26 16:30:00+00:00,0.9333099722862244,0.9333999752998352,0.9326900243759155,0.9331700205802917,0.0
2025-11-26 16:45:00+00:00,0.9331700205802917,0.9332699775695801,0.9324100017547607,0.9328399896621704,0.0
2025-11-26 17:00:00+00:00,0.9328299760818481,0.9329000115394592,0.932129979133606,0.9326099753379822,0.0
2025-11-26 17:15:00+00:00,0.9325900077819824,0.932699978351593,0.931879997253418,0.9323099851608276,0.0
2025-11-26 17:30:00+00:00,0.9323099851608276,0.9323999881744385,0.931659996509552,0.9320999979972839,0.0
2025-11-26 17:45:00+00:00,0.9320999979972839,0.9323999881744385,0.9316400289535522,0.9322199821472168,0.0
2025-11-26 18:00:00+00:00,0.9322199821472168,0.9326000213623047,0.9317200183868408,0.9323199987411499,0.0
2025-11-26 18:15:00+00:00,0.9323099851608276,0.9325000047683716,0.9318299889564514,0.9323800206184387,0.0
2025-11-26 18:30:00+00:00,0.9323800206184387,0.932449996471405,0.9318299889564514,0.9323400259017944,0.0
2025-11-26 18:45:00+00:00,0.9323599934577942,0.9324300289154053,0.9317899942398071,0.9322699904441833,0.0
2025-11-26 19:00:00+00:00,0.9322699904441833,0.9325000047683716,0.9318199753761292,0.9324100017547607,0.0
2025-11-26 19:15:00+00:00,0.9323499798774719,0.9326000213623047,0.9319400191307068,0.9324700236320496,0.0
2025-11-26 19:30:00+00:00,0.9324700236320496,0.9326000213623047,0.9320600032806396,0.9325399994850159,0.0
2025-11-26 19:45:00+00:00,0.9325299859046936,0.9326000213623047,0.9319700002670288,0.9324100017547607,0.0
2025-11-26 20:00:00+00:00,0.9323999881744385,0.9325000047683716,0.93190997838974,0.9323700070381165,0.0
2025-11-26 20:15:00+00:00,0.9323300123214722,0.9323999881744385,0.9317899942398071,0.9323300123214722,0.0
2025-11-26 20:30:00+00:00,0.9323599934577942,0.9325000047683716,0.9318900108337402,0.9323400259017944,0.0
2025-11-26 20:45:00+00:00,0.9323700070381165,0.9326099753379822,0.9318400025367737,0.9325600266456604,0.0
2025-11-26 21:00:00+00:00,0.9325699806213379,0.9327399730682373,0.9320899844169617,0.9326599836349487,0.0
2025-11-26 21:15:00+00:00,0.9326500296592712,0.932699978351593,0.9321600198745728,0.9326199889183044,0.0
2025-11-26 21:30:00+00:00,0.932640016078949,0.9327200055122375,0.9321699738502502,0.932669997215271,0.0
2025-11-26 21:45:00+00:00,0.932640016078949,0.932699978351593,0.9320700168609619,0.9322599768638611,0.0
2025-11-26 22:00:00+00:00,0.9319499731063843,0.9324300289154053,0.9318900108337402,0.9321200251579285,0.0
2025-11-26 22:15:00+00:00,0.9321200251579285,0.932420015335083,0.93190997838974,0.9322699904441833,0.0
2025-11-26 22:30:00+00:00,0.9322999715805054,0.9325000047683716,0.9320200085639954,0.9321799874305725,0.0
2025-11-26 22:45:00+00:00,0.9323499798774719,0.9325000047683716,0.9319499731063843,0.9319499731063843,0.0
2025-11-26 23:00:00+00:00,0.9319599866867065,0.9323999881744385,0.9317799806594849,0.9322299957275391,0.0
2025-11-26 23:15:00+00:00,0.9321900010108948,0.9323999881744385,0.9318299889564514,0.9323099851608276,0.0
2025-11-26 23:30:00+00:00,0.9323099851608276,0.932420015335083,0.9319000244140625,0.9323199987411499,0.0
2025-11-26 23:45:00+00:00,0.9322999715805054,0.9323499798774719,0.9317700266838074,0.9321100115776062,0.0
2025-11-27 00:00:00+00:00,0.9320899844169617,0.932200014591217,0.9315900206565857,0.9319800138473511,0.0
2025-11-27 00:15:00+00:00,0.9319400191307068,0.932200014591217,0.9315500259399414,0.9320799708366394,0.0
2025-11-27 00:30:00+00:00,0.9320300221443176,0.9320999979972839,0.9315099716186523,0.9319999814033508,0.0
2025-11-27 00:45:00+00:00,0.9319499731063843,0.9319999814033508,0.9313200116157532,0.9318400025367737,0.0
2025-11-27 01:00:00+00:00,0.9318699836730957,0.9320999979972839,0.9314500093460083,0.9320099949836731,0.0
2025-11-27 01:15:00+00:00,0.9320200085639954,0.932200014591217,0.9315699934959412,0.9321699738502502,0.0
2025-11-27 01:30:00+00:00,0.932129979133606,0.9323099851608276,0.9316099882125854,0.9322900176048279,0.0
2025-11-27 01:45:00+00:00,0.9322900176048279,0.9323999881744385,0.9316800236701965,0.9320799708366394,0.0
2025-11-27 02:00:00+00:00,0.9320899844169617,0.9322100281715393,0.9315900206565857,0.9320499897003174,0.0
2025-11-27 02:15:00+00:00,0.9320600032806396,0.9325000047683716,0.9316400289535522,0.9323800206184387,0.0
2025-11-27 02:30:00+00:00,0.9323599934577942,0.9324100017547607,0.9317299723625183,0.932129979133606,0.0
2025-11-27 02:45:00+00:00,0.932129979133606,0.932200014591217,0.9314699769020081,0.9319300055503845,0.0
2025-11-27 03:00:00+00:00,0.9319499731063843,0.932200014591217,0.9315199851989746,0.9319999814033508,0.0
2025-11-27 03:15:00+00:00,0.9319999814033508,0.932200014591217,0.9316200017929077,0.9321100115776062,0.0
2025-11-27 03:30:00+00:00,0.9321100115776062,0.932200014591217,0.9316200017929077,0.9321699738502502,0.0
2025-11-27 03:45:00+00:00,0.932200014591217,0.9323999881744385,0.9317600131034851,0.9323199987411499,0.0
2025-11-27 04:00:00+00:00,0.9323099851608276,0.9323999881744385,0.9317700266838074,0.9322400093078613,0.0
2025-11-27 04:15:00+00:00,0.9322999715805054,0.9323999881744385,0.9317499995231628,0.9323400259017944,0.0
2025-11-27 04:30:00+00:00,0.9323400259017944,0.9325299859046936,0.9319499731063843,0.9324300289154053,0.0
2025-11-27 04:45:00+00:00,0.9324399828910828,0.9325000047683716,0.9319599866867065,0.9324300289154053,0.0
2025-11-27 05:00:00+00:00,0.932449996471405,0.9325000047683716,0.9319499731063843,0.932420015335083,0.0
2025-11-27 05:15:00+00:00,0.9324100017547607,0.9325100183486938,0.9319400191307068,0.9323999881744385,0.0
2025-11-27 05:30:00+00:00,0.9323800206184387,0.9324100017547607,0.9317899942398071,0.9322900176048279,0.0
2025-11-27 05:45:00+00:00,0.9322900176048279,0.9324300289154053,0.9318100214004517,0.9322800040245056,0.0
2025-11-27 06:00:00+00:00,0.9322500228881836,0.9323999881744385,0.9317200183868408,0.9323700070381165,0.0
2025-11-27 06:15:00+00:00,0.9323400259017944,0.9325000047683716,0.9318900108337402,0.9323300123214722,0.0
2025-11-27 06:30:00+00:00,0.9323300123214722,0.9323999881744385,0.9318400025367737,0.9322699904441833,0.0
2025-11-27 06:45:00+00:00,0.9322800040245056,0.9325199723243713,0.9318100214004517,0.9323899745941162,0.0
2025-11-27 07:00:00+00:00,0.9323899745941162,0.932699978351593,0.9319300055503845,0.9324600100517273,0.0
2025-11-27 07:15:00+00:00,0.932420015335083,0.9325000047683716,0.9318699836730957,0.9323199987411499,0.0
2025-11-27 07:30:00+00:00,0.9323199987411499,0.9325000047683716,0.9316700100898743,0.932420015335083,0.0
2025-11-27 07:45:00+00:00,0.932420015335083,0.9329100251197815,0.9320300221443176,0.9327499866485596,0.0
2025-11-27 08:00:00+00:00,0.9326900243759155,0.9333000183105469,0.9323899745941162,0.9329900145530701,0.0
2025-11-27 08:15:00+00:00,0.9330599904060364,0.9333500266075134,0.9326099753379822,0.9331799745559692,0.0
2025-11-27 08:30:00+00:00,0.9331499934196472,0.9333999752998352,0.9326000213623047,0.9332399964332581,0.0
2025-11-27 08:45:00+00:00,0.9332500100135803,0.9333000183105469,0.9325399994850159,0.933139979839325,0.0
2025-11-27 09:00:00+00:00,0.9331099987030029,0.9333400130271912,0.9323099851608276,0.9327300190925598,0.0
2025-11-27 09:15:00+00:00,0.9327300190925598,0.9327800273895264,0.9320799708366394,0.9326300024986267,0.0
2025-11-27 09:30:00+00:00,0.932640016078949,0.9329299926757812,0.9321500062942505,0.9328699707984924,0.0
2025-11-27 09:45:00+00:00,0.9328699707984924,0.9329000115394592,0.9321500062942505,0.9326199889183044,0.0
2025-11-27 10:00:00+00:00,0.9326199889183044,0.9332000017166138,0.9323199987411499,0.9330800175666809,0.0
2025-11-27 10:15:00+00:00,0.9330700039863586,0.9332600235939026,0.9325699806213379,0.9331200122833252,0.0
2025-11-27 10:30:00+00:00,0.933139979839325,0.9333999752998352,0.9328100085258484,0.933210015296936,0.0
2025-11-27 10:45:00+00:00,0.9331899881362915,0.9334400296211243,0.9326300024986267,0.9333800077438354,0.0
2025-11-27 11:00:00+00:00,0.9333800077438354,0.9336000084877014,0.9329100251197815,0.933459997177124,0.0
2025-11-27 11:15:00+00:00,0.933459997177124,0.9337000250816345,0.9329800009727478,0.9336100220680237,0.0
2025-11-27 11:30:00+00:00,0.9336100220680237,0.9336299896240234,0.9329500198364258,0.9335299730300903,0.0
2025-11-27 11:45:00+00:00,0.9335399866104126,0.9337999820709229,0.9331799745559692,0.9336900115013123,0.0
2025-11-27 12:00:00+00:00,0.9336900115013123,0.9337000250816345,0.9330099821090698,0.9334800243377686,0.0
2025-11-27 12:15:00+00:00,0.9334800243377686,0.9336299896240234,0.9330700039863586,0.9335200190544128,0.0
2025-11-27 12:30:00+00:00,0.9335299730300903,0.9336100220680237,0.9329900145530701,0.9334800243377686,0.0
2025-11-27 12:45:00+00:00,0.9334800243377686,0.933650016784668,0.9329599738121033,0.933459997177124,0.0
2025-11-27 13:00:00+00:00,0.9334400296211243,0.9337400197982788,0.9329900145530701,0.93367999792099,0.0
2025-11-27 13:15:00+00:00,0.9336699843406677,0.9337999820709229,0.9330199956893921,0.9334700107574463,0.0
2025-11-27 13:30:00+00:00,0.9334700107574463,0.9337400197982788,0.9329800009727478,0.9335299730300903,0.0
2025-11-27 13:45:00+00:00,0.9335299730300903,0.9335399866104126,0.9328600168228149,0.9333400130271912,0.0
2025-11-27 14:00:00+00:00,0.9333400130271912,0.9337999820709229,0.9328699707984924,0.93367999792099,0.0
2025-11-27 14:15:00+00:00,0.93367999792099,0.9341300129890442,0.9332699775695801,0.9338799715042114,0.0
2025-11-27 14:30:00+00:00,0.9338799715042114,0.9342300295829773,0.933489978313446,0.9341800212860107,0.0
2025-11-27 14:45:00+00:00,0.9342100024223328,0.9344300031661987,0.9337400197982788,0.9342100024223328,0.0
2025-11-27 15:00:00+00:00,0.9342100024223328,0.934499979019165,0.9338099956512451,0.9344800114631653,0.0
2025-11-27 15:15:00+00:00,0.934469997882843,0.934499979019165,0.9335700273513794,0.9340699911117554,0.0
2025-11-27 15:30:00+00:00,0.9340400099754333,0.9341099858283997,0.9333800077438354,0.9337400197982788,0.0
2025-11-27 15:45:00+00:00,0.9337400197982788,0.933899998664856,0.9331899881362915,0.9335500001907349,0.0
2025-11-27 16:00:00+00:00,0.9335600137710571,0.9340000152587891,0.9330000281333923,0.9336699843406677,0.0
2025-11-27 16:15:00+00:00,0.9336599707603455,0.9337999820709229,0.9330300092697144,0.9334700107574463,0.0
2025-11-27 16:30:00+00:00,0.933459997177124,0.9335100054740906,0.9329000115394592,0.933430016040802,0.0
2025-11-27 16:45:00+00:00,0.933430016040802,0.9335500001907349,0.9329599738121033,0.9334499835968018,0.0
2025-11-27 17:00:00+00:00,0.933459997177124,0.9335100054740906,0.9329000115394592,0.9333900213241577,0.0
2025-11-27 17:15:00+00:00,0.9333900213241577,0.9334999918937683,0.9329400062561035,0.9333599805831909,0.0
2025-11-27 17:30:00+00:00,0.9333599805831909,0.9333999752998352,0.9328500032424927,0.9333999752998352,0.0
2025-11-27 17:45:00+00:00,0.9333199858665466,0.9333999752998352,0.9327899813652039,0.9332200288772583,0.0
2025-11-27 18:00:00+00:00,0.9332299828529358,0.9333999752998352,0.9327399730682373,0.9333299994468689,0.0
2025-11-27 18:15:00+00:00,0.9333299994468689,0.9333999752998352,0.9328699707984924,0.9333699941635132,0.0
2025-11-27 18:30:00+00:00,0.9333599805831909,0.9333999752998352,0.9328200221061707,0.9333099722862244,0.0
2025-11-27 18:45:00+00:00,0.9333099722862244,0.9333999752998352,0.9328299760818481,0.9332699775695801,0.0
2025-11-27 19:00:00+00:00,0.9332699775695801,0.9333999752998352,0.9328500032424927,0.9332799911499023,0.0
2025-11-27 19:15:00+00:00,0.9332699775695801,0.9333999752998352,0.9327999949455261,0.9332699775695801,0.0
2025-11-27 19:30:00+00:00,0.9332699775695801,0.9333999752998352,0.9328500032424927,0.9333099722862244,0.0
2025-11-27 19:45:00+00:00,0.9332699775695801,0.9334200024604797,0.9328699707984924,0.9333999752998352,0.0
2025-11-27 20:00:00+00:00,0.9332900047302246,0.9334400296211243,0.9329000115394592,0.9333699941635132,0.0
2025-11-27 20:15:00+00:00,0.9333900213241577,0.9333999752998352,0.9328299760818481,0.9332399964332581,0.0
2025-11-27 20:30:00+00:00,0.9332399964332581,0.9334099888801575,0.9328299760818481,0.9333699941635132,0.0
2025-11-27 20:45:00+00:00,0.9333599805831909,0.9333999752998352,0.932889997959137,0.9333400130271912,0.0
2025-11-27 21:00:00+00:00,0.9333599805831909,0.9334499835968018,0.9328799843788147,0.9333299994468689,0.0
2025-11-27 21:15:00+00:00,0.9333199858665466,0.9333999752998352,0.9327499866485596,0.9332500100135803,0.0
2025-11-27 21:30:00+00:00,0.9332500100135803,0.9333400130271912,0.9328399896621704,0.9332200288772583,0.0
2025-11-27 21:45:00+00:00,0.9332200288772583,0.9333400130271912,0.932640016078949,0.9331700205802917,0.0
2025-11-27 22:00:00+00:00,0.9332000017166138,0.9333000183105469,0.932669997215271,0.9333000183105469,0.0
2025-11-27 22:15:00+00:00,0.9331799745559692,0.9333999752998352,0.9327099919319153,0.9330999851226807,0.0
2025-11-27 22:30:00+00:00,0.9329599738121033,0.9333999752998352,0.9327300190925598,0.9330400228500366,0.0
2025-11-27 22:45:00+00:00,0.9332699775695801,0.9333999752998352,0.9328100085258484,0.933139979839325,0.0
2025-11-27 23:00:00+00:00,0.9331300258636475,0.9334200024604797,0.9326900243759155,0.9330599904060364,0.0
2025-11-27 23:15:00+00:00,0.9330599904060364,0.9331099987030029,0.9325399994850159,0.9330400228500366,0.0
2025-11-27 23:30:00+00:00,0.9329900145530701,0.9333000183105469,0.9326300024986267,0.9332699775695801,0.0
2025-11-27 23:45:00+00:00,0.9332299828529358,0.9333000183105469,0.9327499866485596,0.9332699775695801,0.0
2025-11-28 00:00:00+00:00,0.9332500100135803,0.9334999918937683,0.9328399896621704,0.9334200024604797,0.0
2025-11-28 00:15:00+00:00,0.9333999752998352,0.9335100054740906,0.932919979095459,0.9334099888801575,0.0
2025-11-28 00:30:00+00:00,0.9333699941635132,0.9334999918937683,0.9329000115394592,0.9334400296211243,0.0
2025-11-28 00:45:00+00:00,0.9334200024604797,0.9336000084877014,0.9326500296592712,0.9331799745559692,0.0
2025-11-28 01:00:00+00:00,0.9331799745559692,0.9334200024604797,0.9328500032424927,0.9333800077438354,0.0
2025-11-28 01:15:00+00:00,0.9333900213241577,0.9334999918937683,0.9328100085258484,0.9332600235939026,0.0
2025-11-28 01:30:00+00:00,0.9332699775695801,0.9333099722862244,0.9325399994850159,0.9329900145530701,0.0
2025-11-28 01:45:00+00:00,0.9330000281333923,0.9330999851226807,0.9324100017547607,0.9329900145530701,0.0
2025-11-28 02:00:00+00:00,0.9329599738121033,0.9330999851226807,0.932449996471405,0.9328699707984924,0.0
2025-11-28 02:15:00+00:00,0.9328699707984924,0.9330400228500366,0.9323499798774719,0.9327999949455261,0.0
2025-11-28 02:30:00+00:00,0.9327999949455261,0.9329000115394592,0.9321699738502502,0.9327200055122375,0.0
2025-11-28 02:45:00+00:00,0.9327600002288818,0.9330000281333923,0.9319999814033508,0.9326599836349487,0.0
2025-11-28 03:00:00+00:00,0.9326900243759155,0.9329000115394592,0.9319700002670288,0.9322500228881836,0.0
2025-11-28 03:15:00+00:00,0.9322500228881836,0.9329000115394592,0.9318900108337402,0.9325399994850159,0.0
2025-11-28 03:30:00+00:00,0.932449996471405,0.9330000281333923,0.9320499897003174,0.9328200221061707,0.0
2025-11-28 03:45:00+00:00,0.9328200221061707,0.9331700205802917,0.9320099949836731,0.932669997215271,0.0
2025-11-28 04:00:00+00:00,0.9327899813652039,0.932919979095459,0.9321399927139282,0.9323800206184387,0.0
2025-11-28 04:15:00+00:00,0.9323800206184387,0.9328299760818481,0.9321100115776062,0.9327200055122375,0.0
2025-11-28 04:30:00+00:00,0.9325000047683716,0.9328200221061707,0.9322800040245056,0.9327300190925598,0.0
2025-11-28 04:45:00+00:00,0.932479977607727,0.9331200122833252,0.9323400259017944,0.9327499866485596,0.0
2025-11-28 05:00:00+00:00,0.9327300190925598,0.9329299926757812,0.9320999979972839,0.9326800107955933,0.0
2025-11-28 05:15:00+00:00,0.9323599934577942,0.9329000115394592,0.9320300221443176,0.9325500130653381,0.0
2025-11-28 05:30:00+00:00,0.932479977607727,0.9329000115394592,0.9320300221443176,0.9325299859046936,0.0
2025-11-28 05:45:00+00:00,0.9325299859046936,0.9330000281333923,0.931659996509552,0.9321600198745728,0.0
2025-11-28 06:00:00+00:00,0.9323499798774719,0.9325600266456604,0.9317499995231628,0.9322199821472168,0.0
2025-11-28 06:15:00+00:00,0.9322900176048279,0.9324300289154053,0.9316499829292297,0.9322900176048279,0.0
2025-11-28 06:30:00+00:00,0.9323099851608276,0.9324300289154053,0.9318299889564514,0.9323400259017944,0.0
2025-11-28 06:45:00+00:00,0.9320799708366394,0.9328600168228149,0.9317499995231628,0.9321699738502502,0.0
2025-11-28 07:00:00+00:00,0.9323300123214722,0.9331099987030029,0.9320099949836731,0.932479977607727,0.0
2025-11-28 07:15:00+00:00,0.932479977607727,0.9331099987030029,0.9319599866867065,0.9328699707984924,0.0
2025-11-28 07:30:00+00:00,0.9329400062561035,0.9334400296211243,0.9320799708366394,0.9330800175666809,0.0
2025-11-28 07:45:00+00:00,0.9327499866485596,0.9337000250816345,0.9322800040245056,0.932919979095459,0.0
2025-11-28 08:00:00+00:00,0.9329100251197815,0.9330800175666809,0.9319400191307068,0.9329500198364258,0.0
2025-11-28 08:15:00+00:00,0.9329599738121033,0.9331700205802917,0.9319199919700623,0.9325500130653381,0.0
2025-11-28 08:30:00+00:00,0.9326000213623047,0.9327999949455261,0.9315099716186523,0.9323499798774719,0.0
2025-11-28 08:45:00+00:00,0.9323499798774719,0.932699978351593,0.9312899708747864,0.9317200183868408,0.0
2025-11-28 09:00:00+00:00,0.93190997838974,0.9331600069999695,0.9311699867248535,0.9329800009727478,0.0
2025-11-28 09:15:00+00:00,0.9330300092697144,0.9332000017166138,0.93190997838974,0.9323499798774719,0.0
2025-11-28 09:30:00+00:00,0.9324899911880493,0.9335399866104126,0.9322800040245056,0.9329000115394592,0.0
2025-11-28 09:45:00+00:00,0.9328799843788147,0.9333800077438354,0.9324399828910828,0.9327099919319153,0.0
2025-11-28 10:00:00+00:00,0.9326900243759155,0.9329599738121033,0.9319400191307068,0.9323800206184387,0.0
2025-11-28 10:15:00+00:00,0.9324300289154053,0.9327700138092041,0.9316200017929077,0.9325600266456604,0.0
2025-11-28 10:30:00+00:00,0.9325600266456604,0.9327999949455261,0.9319900274276733,0.9324899911880493,0.0
2025-11-28 10:45:00+00:00,0.9324700236320496,0.9327200055122375,0.9320099949836731,0.932640016078949,0.0
2025-11-28 11:00:00+00:00,0.9326500296592712,0.9330199956893921,0.9323099851608276,0.9328399896621704,0.0
2025-11-28 11:15:00+00:00,0.9328399896621704,0.9329000115394592,0.932129979133606,0.9326300024986267,0.0
2025-11-28 11:30:00+00:00,0.9326300024986267,0.9329000115394592,0.9321100115776062,0.9325600266456604,0.0
2025-11-28 11:45:00+00:00,0.9325500130653381,0.9326000213623047,0.9318600296974182,0.9321399927139282,0.0
2025-11-28 12:00:00+00:00,0.9320499897003174,0.9326000213623047,0.9313799738883972,0.9321900010108948,0.0
2025-11-28 12:15:00+00:00,0.9321900010108948,0.9323899745941162,0.9317200183868408,0.9321200251579285,0.0
2025-11-28 12:30:00+00:00,0.9321100115776062,0.9322999715805054,0.9316800236701965,0.9320600032806396,0.0
2025-11-28 12:45:00+00:00,0.9320999979972839,0.9324100017547607,0.9312599897384644,0.9316800236701965,0.0
2025-11-28 13:00:00+00:00,0.9316999912261963,0.9319999814033508,0.9311800003051758,0.9316800236701965,0.0
2025-11-28 13:15:00+00:00,0.9317299723625183,0.9320700168609619,0.9312499761581421,0.9318100214004517,0.0
2025-11-28 13:30:00+00:00,0.9317899942398071,0.9319900274276733,0.9311299920082092,0.9316200017929077,0.0
2025-11-28 13:45:00+00:00,0.9316200017929077,0.9319900274276733,0.9308599829673767,0.9316700100898743,0.0
2025-11-28 14:00:00+00:00,0.9316999912261963,0.9320600032806396,0.9312300086021423,0.9315699934959412,0.0
2025-11-28 14:15:00+00:00,0.9315699934959412,0.9319999814033508,0.9310799837112427,0.9319300055503845,0.0
2025-11-28 14:30:00+00:00,0.9319199919700623,0.9321600198745728,0.9311599731445312,0.9320799708366394,0.0
2025-11-28 14:45:00+00:00,0.9320700168609619,0.932919979095459,0.9316700100898743,0.9322599768638611,0.0
2025-11-28 15:00:00+00:00,0.9322999715805054,0.9331099987030029,0.9319199919700623,0.9329100251197815,0.0
2025-11-28 15:15:00+00:00,0.9329100251197815,0.9330499768257141,0.9322699904441833,0.9326800107955933,0.0
2025-11-28 15:30:00+00:00,0.9326599836349487,0.9328299760818481,0.9319199919700623,0.9325799942016602,0.0
2025-11-28 15:45:00+00:00,0.9325699806213379,0.9327999949455261,0.9313300251960754,0.9318100214004517,0.0
2025-11-28 16:00:00+00:00,0.9318199753761292,0.9319700002670288,0.9311800003051758,0.9317100048065186,0.0
2025-11-28 16:15:00+00:00,0.9316999912261963,0.932200014591217,0.9313099980354309,0.9320600032806396,0.0
2025-11-28 16:30:00+00:00,0.9320600032806396,0.9322999715805054,0.9315400123596191,0.9321399927139282,0.0
2025-11-28 16:45:00+00:00,0.9321200251579285,0.9322400093078613,0.9316200017929077,0.932129979133606,0.0
2025-11-28 17:00:00+00:00,0.9321200251579285,0.9322199821472168,0.9314799904823303,0.9320600032806396,0.0
2025-11-28 17:15:00+00:00,0.9320600032806396,0.9321200251579285,0.9314900040626526,0.9319400191307068,0.0
2025-11-28 17:30:00+00:00,0.9318900108337402,0.9319300055503845,0.9312599897384644,0.9318199753761292,0.0
2025-11-28 17:45:00+00:00,0.931850016117096,0.9320999979972839,0.9312999844551086,0.9317799806594849,0.0
2025-11-28 18:00:00+00:00,0.9318000078201294,0.9322400093078613,0.9313700199127197,0.931850016117096,0.0
2025-11-28 18:15:00+00:00,0.9318400025367737,0.9319999814033508,0.9313600063323975,0.9318299889564514,0.0
2025-11-28 18:30:00+00:00,0.9318699836730957,0.9321500062942505,0.9313700199127197,0.9320399761199951,0.0
2025-11-28 18:45:00+00:00,0.9320700168609619,0.932200014591217,0.9314200282096863,0.9318100214004517,0.0
2025-11-28 19:00:00+00:00,0.9318400025367737,0.9319999814033508,0.9313200116157532,0.9318699836730957,0.0
2025-11-28 19:15:00+00:00,0.9318699836730957,0.9319999814033508,0.9314000010490417,0.9319000244140625,0.0
2025-11-28 19:30:00+00:00,0.9318900108337402,0.9319999814033508,0.9314299821853638,0.9319000244140625,0.0
2025-11-28 19:45:00+00:00,0.93190997838974,0.9322299957275391,0.9315199851989746,0.9321900010108948,0.0
2025-11-28 20:00:00+00:00,0.9321500062942505,0.9322299957275391,0.9314799904823303,0.9318900108337402,0.0
2025-11-28 20:15:00+00:00,0.9319199919700623,0.9321100115776062,0.9315500259399414,0.9319800138473511,0.0
2025-11-28 20:30:00+00:00,0.9319700002670288,0.9321399927139282,0.9315599799156189,0.9319599866867065,0.0
2025-11-28 20:45:00+00:00,0.9320200085639954,0.9322800040245056,0.9312899708747864,0.9317100048065186,0.0
2025-11-28 21:00:00+00:00,0.9316499829292297,0.9320999979972839,0.931439995765686,0.9318699836730957,0.0
2025-11-28 21:15:00+00:00,0.9318699836730957,0.9320999979972839,0.931410014629364,0.9316499829292297,0.0
2025-11-28 21:30:00+00:00,0.9316400289535522,0.9320999979972839,0.931439995765686,0.9319499731063843,0.0
2025-11-28 21:45:00+00:00,0.9318699836730957,0.9321500062942505,0.931439995765686,0.9316999912261963,0.0
2025-11-28 22:00:00+00:00,0.9316999912261963,0.9317100048065186,0.9316999912261963,0.9317100048065186,0.0
2025-11-28 22:15:00+00:00,0.9317100048065186,0.9317100048065186,0.9317100048065186,0.9317100048065186,0.0
2025-12-01 00:00:00+00:00,0.9319599866867065,0.9322199821472168,0.9314799904823303,0.9321500062942505,0.0
2025-12-01 00:15:00+00:00,0.9321200251579285,0.9322999715805054,0.9316400289535522,0.9322199821472168,0.0
2025-12-01 00:30:00+00:00,0.932200014591217,0.9322400093078613,0.931439995765686,0.9319400191307068,0.0
2025-12-01 00:45:00+00:00,0.9319199919700623,0.932129979133606,0.9314500093460083,0.9320600032806396,0.0
2025-12-01 01:00:00+00:00,0.9320700168609619,0.9321699738502502,0.9315000176429749,0.9320099949836731,0.0
2025-12-01 01:15:00+00:00,0.9320099949836731,0.932200014591217,0.9315400123596191,0.9319800138473511,0.0
2025-12-01 01:30:00+00:00,0.9319400191307068,0.9325000047683716,0.9314600229263306,0.9323899745941162,0.0
2025-12-01 01:45:00+00:00,0.9323700070381165,0.9326000213623047,0.9318400025367737,0.9323700070381165,0.0
2025-12-01 02:00:00+00:00,0.9323899745941162,0.9324100017547607,0.9318299889564514,0.9321900010108948,0.0
2025-12-01 02:15:00+00:00,0.9322100281715393,0.9323099851608276,0.9316999912261963,0.9321500062942505,0.0
2025-12-01 02:30:00+00:00,0.9321500062942505,0.9323999881744385,0.9316499829292297,0.9320999979972839,0.0
2025-12-01 02:45:00+00:00,0.9320999979972839,0.9322999715805054,0.9316499829292297,0.9322699904441833,0.0
2025-12-01 03:00:00+00:00,0.9322699904441833,0.9323999881744385,0.9316999912261963,0.9321900010108948,0.0
2025-12-01 03:15:00+00:00,0.9322100281715393,0.932449996471405,0.9317399859428406,0.932449996471405,0.0
2025-12-01 03:30:00+00:00,0.9323999881744385,0.9326000213623047,0.9319900274276733,0.9324300289154053,0.0
2025-12-01 03:45:00+00:00,0.932449996471405,0.932640016078949,0.9319999814033508,0.9325299859046936,0.0
2025-12-01 04:00:00+00:00,0.9325199723243713,0.9326099753379822,0.9318299889564514,0.9326000213623047,0.0
2025-12-01 04:15:00+00:00,0.9325799942016602,0.9327099919319153,0.9321500062942505,0.9325699806213379,0.0
2025-12-01 04:30:00+00:00,0.9325500130653381,0.9327999949455261,0.9320799708366394,0.9326599836349487,0.0
2025-12-01 04:45:00+00:00,0.9326599836349487,0.9327200055122375,0.9321799874305725,0.9326300024986267,0.0
2025-12-01 05:00:00+00:00,0.932669997215271,0.9327999949455261,0.9322299957275391,0.9326599836349487,0.0
2025-12-01 05:15:00+00:00,0.932669997215271,0.9327399730682373,0.9320700168609619,0.9325000047683716,0.0
2025-12-01 05:30:00+00:00,0.9325000047683716,0.932640016078949,0.9320399761199951,0.9326199889183044,0.0
2025-12-01 05:45:00+00:00,0.9325900077819824,0.9330599904060364,0.932129979133606,0.9329299926757812,0.0
2025-12-01 06:00:00+00:00,0.9329299926757812,0.9330000281333923,0.9323099851608276,0.9327200055122375,0.0
2025-12-01 06:15:00+00:00,0.9327099919319153,0.9327999949455261,0.9321100115776062,0.9327899813652039,0.0
2025-12-01 06:30:00+00:00,0.9327800273895264,0.9327999949455261,0.9320700168609619,0.9326500296592712,0.0
2025-12-01 06:45:00+00:00,0.9326300024986267,0.9329400062561035,0.9322100281715393,0.9327999949455261,0.0
2025-12-01 07:00:00+00:00,0.9327800273895264,0.9329599738121033,0.9321399927139282,0.9329000115394592,0.0
2025-12-01 07:15:00+00:00,0.9328699707984924,0.9333599805831909,0.9323899745941162,0.9331899881362915,0.0
2025-12-01 07:30:00+00:00,0.9331899881362915,0.9333199858665466,0.9322699904441833,0.9326300024986267,0.0
2025-12-01 07:45:00+00:00,0.9326300024986267,0.9327300190925598,0.9320399761199951,0.9325399994850159,0.0
2025-12-01 08:00:00+00:00,0.9325399994850159,0.9326900243759155,0.931689977645874,0.9322699904441833,0.0
2025-12-01 08:15:00+00:00,0.9322500228881836,0.9328299760818481,0.93163001537323,0.9324899911880493,0.0
2025-12-01 08:30:00+00:00,0.932479977607727,0.9329000115394592,0.9320600032806396,0.9323899745941162,0.0
2025-12-01 08:45:00+00:00,0.9323999881744385,0.9327999949455261,0.9319199919700623,0.9324300289154053,0.0
2025-12-01 09:00:00+00:00,0.9324100017547607,0.9327600002288818,0.9320399761199951,0.9325399994850159,0.0
2025-12-01 09:15:00+00:00,0.9325399994850159,0.9326199889183044,0.9319999814033508,0.932479977607727,0.0
2025-12-01 09:30:00+00:00,0.9324600100517273,0.9328200221061707,0.9318900108337402,0.9326500296592712,0.0
2025-12-01 09:45:00+00:00,0.9326500296592712,0.9330899715423584,0.932200014591217,0.9330400228500366,0.0
2025-12-01 10:00:00+00:00,0.9330400228500366,0.9333299994468689,0.9325699806213379,0.9331600069999695,0.0
2025-12-01 10:15:00+00:00,0.9331600069999695,0.9337000250816345,0.9325699806213379,0.9332799911499023,0.0
2025-12-01 10:30:00+00:00,0.9333000183105469,0.9337599873542786,0.9329000115394592,0.9335899949073792,0.0
2025-12-01 10:45:00+00:00,0.9335899949073792,0.93367999792099,0.9329000115394592,0.9334400296211243,0.0
2025-12-01 11:00:00+00:00,0.9334700107574463,0.9334999918937683,0.9327999949455261,0.9333900213241577,0.0
2025-12-01 11:15:00+00:00,0.9333900213241577,0.9338099956512451,0.9329500198364258,0.9335700273513794,0.0
2025-12-01 11:30:00+00:00,0.9335700273513794,0.9336000084877014,0.9328100085258484,0.9332200288772583,0.0
2025-12-01 11:45:00+00:00,0.9332200288772583,0.9333099722862244,0.9326199889183044,0.9330099821090698,0.0
2025-12-01 12:00:00+00:00,0.9329900145530701,0.9332299828529358,0.9324700236320496,0.9332000017166138,0.0
2025-12-01 12:15:00+00:00,0.9331799745559692,0.9333000183105469,0.9325900077819824,0.9330499768257141,0.0
2025-12-01 12:30:00+00:00,0.9330099821090698,0.9332500100135803,0.9321900010108948,0.9325399994850159,0.0
2025-12-01 12:45:00+00:00,0.9325399994850159,0.9326000213623047,0.9313899874687195,0.9320700168609619,0.0
2025-12-01 13:00:00+00:00,0.9320600032806396,0.9323999881744385,0.9313899874687195,0.9323400259017944,0.0
2025-12-01 13:15:00+00:00,0.9323199987411499,0.932420015335083,0.9316800236701965,0.9323499798774719,0.0
2025-12-01 13:30:00+00:00,0.9323499798774719,0.9325699806213379,0.9315800070762634,0.9320999979972839,0.0
2025-12-01 13:45:00+00:00,0.9320899844169617,0.9326300024986267,0.9316099882125854,0.932420015335083,0.0
2025-12-01 14:00:00+00:00,0.9325000047683716,0.9327399730682373,0.9319800138473511,0.932640016078949,0.0
2025-12-01 14:15:00+00:00,0.932640016078949,0.9329000115394592,0.9321900010108948,0.9328500032424927,0.0
2025-12-01 14:30:00+00:00,0.9328600168228149,0.9333999752998352,0.9324399828910828,0.9331499934196472,0.0
2025-12-01 14:45:00+00:00,0.9331700205802917,0.9335700273513794,0.9327499866485596,0.9331700205802917,0.0
2025-12-01 15:00:00+00:00,0.9331799745559692,0.9336900115013123,0.9326300024986267,0.9334200024604797,0.0
2025-12-01 15:15:00+00:00,0.9334200024604797,0.933459997177124,0.9327800273895264,0.9333000183105469,0.0
2025-12-01 15:30:00+00:00,0.9332799911499023,0.9337000250816345,0.9329699873924255,0.9335700273513794,0.0
2025-12-01 15:45:00+00:00,0.9335600137710571,0.9337000250816345,0.9325699806213379,0.9329699873924255,0.0
2025-12-01 16:00:00+00:00,0.9329699873924255,0.933210015296936,0.9324700236320496,0.9329800009727478,0.0
2025-12-01 16:15:00+00:00,0.9329699873924255,0.9332200288772583,0.9325100183486938,0.9331799745559692,0.0
2025-12-01 16:30:00+00:00,0.9331799745559692,0.9336199760437012,0.9327600002288818,0.9335399866104126,0.0
2025-12-01 16:45:00+00:00,0.9335200190544128,0.9340000152587891,0.9330899715423584,0.9338700175285339,0.0
2025-12-01 17:00:00+00:00,0.9338399767875671,0.933929979801178,0.9333299994468689,0.9337900280952454,0.0
2025-12-01 17:15:00+00:00,0.9337900280952454,0.9340000152587891,0.9333500266075134,0.9338399767875671,0.0
2025-12-01 17:30:00+00:00,0.9338700175285339,0.9340199828147888,0.9332500100135803,0.9339500069618225,0.0
2025-12-01 17:45:00+00:00,0.9339500069618225,0.9340299963951111,0.9333099722862244,0.9339500069618225,0.0
2025-12-01 18:00:00+00:00,0.933929979801178,0.9340999722480774,0.9334800243377686,0.9340100288391113,0.0
2025-12-01 18:15:00+00:00,0.9339900016784668,0.9340400099754333,0.933210015296936,0.9336100220680237,0.0
2025-12-01 18:30:00+00:00,0.9336199760437012,0.933899998664856,0.9332000017166138,0.9337700009346008,0.0
2025-12-01 18:45:00+00:00,0.9337999820709229,0.933899998664856,0.9331700205802917,0.9338200092315674,0.0
2025-12-01 19:00:00+00:00,0.9337800145149231,0.933899998664856,0.9332299828529358,0.9337599873542786,0.0
2025-12-01 19:15:00+00:00,0.9337599873542786,0.9338600039482117,0.9332500100135803,0.9337700009346008,0.0
2025-12-01 19:30:00+00:00,0.9337700009346008,0.9340400099754333,0.9332799911499023,0.9339500069618225,0.0
2025-12-01 19:45:00+00:00,0.9339399933815002,0.9340000152587891,0.9333500266075134,0.9337300062179565,0.0
2025-12-01 20:00:00+00:00,0.9337000250816345,0.9338200092315674,0.9332600235939026,0.933709979057312,0.0
2025-12-01 20:15:00+00:00,0.9337199926376343,0.933899998664856,0.9332600235939026,0.9338200092315674,0.0
2025-12-01 20:30:00+00:00,0.9338399767875671,0.9340999722480774,0.9333999752998352,0.9340100288391113,0.0
2025-12-01 20:45:00+00:00,0.9340000152587891,0.9343500137329102,0.9335399866104126,0.9343299865722656,0.0
2025-12-01 21:00:00+00:00,0.9343400001525879,0.934440016746521,0.9336900115013123,0.9340999722480774,0.0
2025-12-01 21:15:00+00:00,0.9340800046920776,0.9343000054359436,0.9336299896240234,0.9341700077056885,0.0
2025-12-01 21:30:00+00:00,0.9341899752616882,0.9341999888420105,0.93367999792099,0.934149980545044,0.0
2025-12-01 21:45:00+00:00,0.934149980545044,0.9342700242996216,0.9334999918937683,0.9338499903678894,0.0
2025-12-01 22:00:00+00:00,0.9331200122833252,0.9337000250816345,0.9331200122833252,0.9337000250816345,0.0
2025-12-01 22:15:00+00:00,0.9337199926376343,0.9337400197982788,0.9331799745559692,0.9336100220680237,0.0
2025-12-01 22:30:00+00:00,0.9335600137710571,0.9338099956512451,0.9332399964332581,0.9337999820709229,0.0
2025-12-01 22:45:00+00:00,0.9334099888801575,0.9339200258255005,0.9333000183105469,0.9337599873542786,0.0
2025-12-01 23:00:00+00:00,0.9336599707603455,0.9340999722480774,0.9334800243377686,0.9339600205421448,0.0
2025-12-01 23:15:00+00:00,0.9339500069618225,0.9340999722480774,0.9335200190544128,0.9340999722480774,0.0
2025-12-01 23:30:00+00:00,0.9340500235557556,0.9341999888420105,0.933650016784668,0.9341700077056885,0.0
2025-12-01 23:45:00+00:00,0.9341899752616882,0.9341999888420105,0.9335899949073792,0.9340500235557556,0.0
2025-12-02 00:00:00+00:00,0.9340599775314331,0.9341999888420105,0.9335500001907349,0.9341800212860107,0.0
2025-12-02 00:15:00+00:00,0.9341999888420105,0.9341999888420105,0.9335500001907349,0.9340299963951111,0.0
2025-12-02 00:30:00+00:00,0.9340100288391113,0.9341999888420105,0.9336000084877014,0.9340900182723999,0.0
2025-12-02 00:45:00+00:00,0.9340999722480774,0.9341999888420105,0.9336299896240234,0.9340800046920776,0.0
2025-12-02 01:00:00+00:00,0.9340500235557556,0.9342600107192993,0.9336100220680237,0.9340999722480774,0.0
2025-12-02 01:15:00+00:00,0.9340999722480774,0.9341999888420105,0.933650016784668,0.9341099858283997,0.0
2025-12-02 01:30:00+00:00,0.9340999722480774,0.9341400265693665,0.9336299896240234,0.9340599775314331,0.0
2025-12-02 01:45:00+00:00,0.9340800046920776,0.9340999722480774,0.933430016040802,0.9338399767875671,0.0
2025-12-02 02:00:00+00:00,0.9338399767875671,0.9341199994087219,0.933430016040802,0.9340199828147888,0.0
2025-12-02 02:15:00+00:00,0.9340999722480774,0.9341300129890442,0.9335600137710571,0.9340500235557556,0.0
2025-12-02 02:30:00+00:00,0.9340999722480774,0.9341400265693665,0.9335600137710571,0.9340900182723999,0.0
2025-12-02 02:45:00+00:00,0.9340800046920776,0.9341099858283997,0.9335500001907349,0.9340000152587891,0.0
2025-12-02 03:00:00+00:00,0.9340000152587891,0.9340299963951111,0.9333999752998352,0.9338399767875671,0.0
2025-12-02 03:15:00+00:00,0.9338499903678894,0.933899998664856,0.9333000183105469,0.9338799715042114,0.0
2025-12-02 03:30:00+00:00,0.9338799715042114,0.9340000152587891,0.9333099722862244,0.9337800145149231,0.0
2025-12-02 03:45:00+00:00,0.9337800145149231,0.9337999820709229,0.9332500100135803,0.9337700009346008,0.0
2025-12-02 04:00:00+00:00,0.9337499737739563,0.9340000152587891,0.9333599805831909,0.933929979801178,0.0
2025-12-02 04:15:00+00:00,0.9339399933815002,0.9340000152587891,0.9334499835968018,0.9339500069618225,0.0
2025-12-02 04:30:00+00:00,0.9339500069618225,0.9340000152587891,0.933489978313446,0.933929979801178,0.0
2025-12-02 04:45:00+00:00,0.9340000152587891,0.9340000152587891,0.9334099888801575,0.9339500069618225,0.0
2025-12-02 05:00:00+00:00,0.9339399933815002,0.9341300129890442,0.9334700107574463,0.9340800046920776,0.0
2025-12-02 05:15:00+00:00,0.9340800046920776,0.9341999888420105,0.933489978313446,0.9339600205421448,0.0
2025-12-02 05:30:00+00:00,0.9339500069618225,0.9340299963951111,0.9335100054740906,0.9339600205421448,0.0
2025-12-02 05:45:00+00:00,0.9339600205421448,0.9341099858283997,0.9335399866104126,0.9340400099754333,0.0
2025-12-02 06:00:00+00:00,0.9340299963951111,0.9340999722480774,0.9335200190544128,0.9340000152587891,0.0
2025-12-02 06:15:00+00:00,0.9340000152587891,0.9341300129890442,0.9335600137710571,0.9340500235557556,0.0
2025-12-02 06:30:00+00:00,0.9340599775314331,0.9341099858283997,0.9332900047302246,0.9339100122451782,0.0
2025-12-02 06:45:00+00:00,0.9339200258255005,0.9339500069618225,0.9333800077438354,0.9338899850845337,0.0
2025-12-02 07:00:00+00:00,0.9338899850845337,0.933929979801178,0.9331700205802917,0.9336900115013123,0.0
2025-12-02 07:15:00+00:00,0.9336900115013123,0.9340400099754333,0.9332600235939026,0.9339399933815002,0.0
2025-12-02 07:30:00+00:00,0.9339399933815002,0.9340500235557556,0.9333699941635132,0.9338799715042114,0.0
2025-12-02 07:45:00+00:00,0.9338499903678894,0.9341999888420105,0.9333699941635132,0.9340699911117554,0.0
2025-12-02 08:00:00+00:00,0.9340800046920776,0.9341999888420105,0.9335200190544128,0.9340500235557556,0.0
2025-12-02 08:15:00+00:00,0.9340299963951111,0.9341099858283997,0.9334400296211243,0.9340699911117554,0.0
2025-12-02 08:30:00+00:00,0.9340699911117554,0.9341999888420105,0.9334999918937683,0.934149980545044,0.0
2025-12-02 08:45:00+00:00,0.934149980545044,0.9343000054359436,0.9335500001907349,0.9340599775314331,0.0
2025-12-02 09:00:00+00:00,0.9340599775314331,0.9343100190162659,0.9334700107574463,0.934249997138977,0.0
2025-12-02 09:15:00+00:00,0.9342300295829773,0.934440016746521,0.9336000084877014,0.9340699911117554,0.0
2025-12-02 09:30:00+00:00,0.9340699911117554,0.9340999722480774,0.9332900047302246,0.9337599873542786,0.0
2025-12-02 09:45:00+00:00,0.9337599873542786,0.9338099956512451,0.9331499934196472,0.9336299896240234,0.0
2025-12-02 10:00:00+00:00,0.9336299896240234,0.9339200258255005,0.9331200122833252,0.9338799715042114,0.0
2025-12-02 10:15:00+00:00,0.9338700175285339,0.9341199994087219,0.933210015296936,0.9337800145149231,0.0
2025-12-02 10:30:00+00:00,0.9337800145149231,0.9339399933815002,0.9333299994468689,0.9337499737739563,0.0
2025-12-02 10:45:00+00:00,0.9337599873542786,0.9343000054359436,0.9332600235939026,0.9341700077056885,0.0
2025-12-02 11:00:00+00:00,0.9341700077056885,0.9343000054359436,0.9335700273513794,0.9339699745178223,0.0
2025-12-02 11:15:00+00:00,0.9339500069618225,0.9340999722480774,0.9334400296211243,0.9340100288391113,0.0
2025-12-02 11:30:00+00:00,0.9340500235557556,0.9341999888420105,0.9335799813270569,0.9340199828147888,0.0
2025-12-02 11:45:00+00:00,0.9340400099754333,0.9342799782752991,0.9335700273513794,0.9340999722480774,0.0
2025-12-02 12:00:00+00:00,0.9340800046920776,0.9343000054359436,0.9336100220680237,0.934220016002655,0.0
2025-12-02 12:15:00+00:00,0.9342100024223328,0.9343299865722656,0.93367999792099,0.9343299865722656,0.0
2025-12-02 12:30:00+00:00,0.9342899918556213,0.9344000220298767,0.9337800145149231,0.934249997138977,0.0
2025-12-02 12:45:00+00:00,0.9342700242996216,0.9345999956130981,0.9337900280952454,0.9344099760055542,0.0
2025-12-02 13:00:00+00:00,0.9343799948692322,0.9347500205039978,0.9339500069618225,0.9347000122070312,0.0
2025-12-02 13:15:00+00:00,0.9347000122070312,0.934719979763031,0.9339799880981445,0.9344599843025208,0.0
2025-12-02 13:30:00+00:00,0.9344599843025208,0.9345999956130981,0.9339799880981445,0.9345099925994873,0.0
2025-12-02 13:45:00+00:00,0.9345099925994873,0.9347000122070312,0.933899998664856,0.9345399737358093,0.0
2025-12-02 14:00:00+00:00,0.9345399737358093,0.9348999857902527,0.9341400265693665,0.9346200227737427,0.0
2025-12-02 14:15:00+00:00,0.9346399903297424,0.9347299933433533,0.9340400099754333,0.934499979019165,0.0
2025-12-02 14:30:00+00:00,0.934499979019165,0.9345999956130981,0.9339100122451782,0.9342899918556213,0.0
2025-12-02 14:45:00+00:00,0.9343100190162659,0.9344000220298767,0.93367999792099,0.9343600273132324,0.0
2025-12-02 15:00:00+00:00,0.9343600273132324,0.9345200061798096,0.9333699941635132,0.9339900016784668,0.0
2025-12-02 15:15:00+00:00,0.9340000152587891,0.9340599775314331,0.932889997959137,0.9333199858665466,0.0
2025-12-02 15:30:00+00:00,0.9333500266075134,0.9333900213241577,0.9322900176048279,0.9330099821090698,0.0
2025-12-02 15:45:00+00:00,0.9330300092697144,0.9337000250816345,0.9325299859046936,0.9336599707603455,0.0
2025-12-02 16:00:00+00:00,0.9336400032043457,0.9337999820709229,0.932919979095459,0.9333299994468689,0.0
2025-12-02 16:15:00+00:00,0.9333400130271912,0.9335399866104126,0.9327499866485596,0.9334800243377686,0.0
2025-12-02 16:30:00+00:00,0.9334800243377686,0.9335399866104126,0.9327899813652039,0.933210015296936,0.0
2025-12-02 16:45:00+00:00,0.9332200288772583,0.9333699941635132,0.9324399828910828,0.9330099821090698,0.0
2025-12-02 17:00:00+00:00,0.9330099821090698,0.9332200288772583,0.9325100183486938,0.9330599904060364,0.0
2025-12-02 17:15:00+00:00,0.9330400228500366,0.9333299994468689,0.932640016078949,0.9332699775695801,0.0
2025-12-02 17:30:00+00:00,0.9332600235939026,0.9333999752998352,0.9327399730682373,0.9332500100135803,0.0
2025-12-02 17:45:00+00:00,0.9332399964332581,0.9333699941635132,0.9326800107955933,0.9332200288772583,0.0
2025-12-02 18:00:00+00:00,0.933210015296936,0.9335200190544128,0.9327999949455261,0.9333900213241577,0.0
2025-12-02 18:15:00+00:00,0.9333800077438354,0.9336000084877014,0.9329299926757812,0.9335399866104126,0.0
2025-12-02 18:30:00+00:00,0.9335399866104126,0.9337000250816345,0.9330999851226807,0.9336400032043457,0.0
2025-12-02 18:45:00+00:00,0.9336299896240234,0.9337000250816345,0.9330400228500366,0.9334200024604797,0.0
2025-12-02 19:00:00+00:00,0.9333999752998352,0.9334999918937683,0.932919979095459,0.9333699941635132,0.0
2025-12-02 19:15:00+00:00,0.9333699941635132,0.9334400296211243,0.932889997959137,0.9334400296211243,0.0
2025-12-02 19:30:00+00:00,0.9334099888801575,0.9335399866104126,0.9329800009727478,0.9334499835968018,0.0
2025-12-02 19:45:00+00:00,0.9334400296211243,0.9335100054740906,0.932889997959137,0.9333599805831909,0.0
2025-12-02 20:00:00+00:00,0.9333800077438354,0.9334999918937683,0.932669997215271,0.9332299828529358,0.0
2025-12-02 20:15:00+00:00,0.9332200288772583,0.9333599805831909,0.9327700138092041,0.9333299994468689,0.0
2025-12-02 20:30:00+00:00,0.9333299994468689,0.9334099888801575,0.9327399730682373,0.9332299828529358,0.0
2025-12-02 20:45:00+00:00,0.9332399964332581,0.9335200190544128,0.9327999949455261,0.9334200024604797,0.0
2025-12-02 21:00:00+00:00,0.9333999752998352,0.9336400032043457,0.9329500198364258,0.9336299896240234,0.0
2025-12-02 21:15:00+00:00,0.9336100220680237,0.9336299896240234,0.9330099821090698,0.9334800243377686,0.0
2025-12-02 21:30:00+00:00,0.9334499835968018,0.9335600137710571,0.9330300092697144,0.9334499835968018,0.0
2025-12-02 21:45:00+00:00,0.9334800243377686,0.9334999918937683,0.9328500032424927,0.9332699775695801,0.0
2025-12-02 22:00:00+00:00,0.9334999918937683,0.9336000084877014,0.9328200221061707,0.9331099987030029,0.0
2025-12-02 22:15:00+00:00,0.9331200122833252,0.9333099722862244,0.9323199987411499,0.9331200122833252,0.0
2025-12-02 22:30:00+00:00,0.9328100085258484,0.9334999918937683,0.9326900243759155,0.9333999752998352,0.0
2025-12-02 22:45:00+00:00,0.9333400130271912,0.9334999918937683,0.9326000213623047,0.9327800273895264,0.0
2025-12-02 23:00:00+00:00,0.9331099987030029,0.933489978313446,0.9326000213623047,0.9333900213241577,0.0
2025-12-02 23:15:00+00:00,0.9333400130271912,0.9336699843406677,0.9329400062561035,0.9334999918937683,0.0
2025-12-02 23:30:00+00:00,0.9334999918937683,0.9335200190544128,0.9329100251197815,0.9333299994468689,0.0
2025-12-02 23:45:00+00:00,0.9333299994468689,0.9336000084877014,0.932889997959137,0.9334800243377686,0.0
2025-12-03 00:00:00+00:00,0.9334800243377686,0.9336000084877014,0.9330199956893921,0.933459997177124,0.0
2025-12-03 00:15:00+00:00,0.9334800243377686,0.9335200190544128,0.9326900243759155,0.9332299828529358,0.0
2025-12-03 00:30:00+00:00,0.9332299828529358,0.9333000183105469,0.9327099919319153,0.933210015296936,0.0
2025-12-03 00:45:00+00:00,0.9331899881362915,0.9332399964332581,0.9325900077819824,0.9329699873924255,0.0
2025-12-03 01:00:00+00:00,0.9329699873924255,0.9332200288772583,0.9325799942016602,0.9331700205802917,0.0
2025-12-03 01:15:00+00:00,0.9332200288772583,0.9333000183105469,0.9326599836349487,0.9332299828529358,0.0
2025-12-03 01:30:00+00:00,0.9332299828529358,0.9333599805831909,0.9327899813652039,0.9333299994468689,0.0
2025-12-03 01:45:00+00:00,0.9332900047302246,0.9334200024604797,0.9328200221061707,0.9332900047302246,0.0
2025-12-03 02:00:00+00:00,0.9332500100135803,0.933430016040802,0.9328200221061707,0.9333699941635132,0.0
2025-12-03 02:15:00+00:00,0.9333699941635132,0.9334999918937683,0.9328699707984924,0.9333900213241577,0.0
2025-12-03 02:30:00+00:00,0.9333900213241577,0.9334400296211243,0.9328699707984924,0.9333199858665466,0.0
2025-12-03 02:45:00+00:00,0.9333099722862244,0.9333999752998352,0.9328500032424927,0.9333099722862244,0.0
2025-12-03 03:00:00+00:00,0.9333099722862244,0.9334200024604797,0.932889997959137,0.9333900213241577,0.0
2025-12-03 03:15:00+00:00,0.9333800077438354,0.9334999918937683,0.9329000115394592,0.9334499835968018,0.0
2025-12-03 03:30:00+00:00,0.9334499835968018,0.9334999918937683,0.9328299760818481,0.9333099722862244,0.0
2025-12-03 03:45:00+00:00,0.9332900047302246,0.9333999752998352,0.9328100085258484,0.9332799911499023,0.0
2025-12-03 04:00:00+00:00,0.9332799911499023,0.9334999918937683,0.9328699707984924,0.9334999918937683,0.0
2025-12-03 04:15:00+00:00,0.9334099888801575,0.9335100054740906,0.9329699873924255,0.9334400296211243,0.0
2025-12-03 04:30:00+00:00,0.933430016040802,0.9335100054740906,0.9329800009727478,0.9334200024604797,0.0
2025-12-03 04:45:00+00:00,0.9333999752998352,0.9335200190544128,0.9329800009727478,0.9334800243377686,0.0
2025-12-03 05:00:00+00:00,0.9334999918937683,0.9337000250816345,0.9330400228500366,0.9336100220680237,0.0
2025-12-03 05:15:00+00:00,0.9336100220680237,0.933650016784668,0.933139979839325,0.9336100220680237,0.0
2025-12-03 05:30:00+00:00,0.9336100220680237,0.9337000250816345,0.9330899715423584,0.9335600137710571,0.0
2025-12-03 05:45:00+00:00,0.9335700273513794,0.9337000250816345,0.9330999851226807,0.9336599707603455,0.0
2025-12-03 06:00:00+00:00,0.9336400032043457,0.9337999820709229,0.9332200288772583,0.9337499737739563,0.0
2025-12-03 06:15:00+00:00,0.9337999820709229,0.9337999820709229,0.9329400062561035,0.9333999752998352,0.0
2025-12-03 06:30:00+00:00,0.9333999752998352,0.9337499737739563,0.9329800009727478,0.9335799813270569,0.0
2025-12-03 06:45:00+00:00,0.9335799813270569,0.9336000084877014,0.9328699707984924,0.9333000183105469,0.0
2025-12-03 07:00:00+00:00,0.9333000183105469,0.9333999752998352,0.9327700138092041,0.9332399964332581,0.0
2025-12-03 07:15:00+00:00,0.9332200288772583,0.9334499835968018,0.9326300024986267,0.933139979839325,0.0
2025-12-03 07:30:00+00:00,0.9333000183105469,0.9339699745178223,0.9332000017166138,0.9337199926376343,0.0
2025-12-03 07:45:00+00:00,0.9337199926376343,0.9343299865722656,0.9330800175666809,0.9338399767875671,0.0
2025-12-03 08:00:00+00:00,0.9338399767875671,0.9340699911117554,0.9331600069999695,0.9335299730300903,0.0
2025-12-03 08:15:00+00:00,0.9334999918937683,0.9335299730300903,0.9326500296592712,0.9331200122833252,0.0
2025-12-03 08:30:00+00:00,0.9331200122833252,0.9332500100135803,0.9326199889183044,0.9331899881362915,0.0
2025-12-03 08:45:00+00:00,0.9332000017166138,0.9333000183105469,0.9325299859046936,0.9329699873924255,0.0
2025-12-03 09:00:00+00:00,0.9329599738121033,0.9331200122833252,0.9324700236320496,0.9329900145530701,0.0
2025-12-03 09:15:00+00:00,0.9330000281333923,0.9335100054740906,0.9326500296592712,0.9334800243377686,0.0
2025-12-03 09:30:00+00:00,0.9334800243377686,0.9338700175285339,0.9330400228500366,0.933650016784668,0.0
2025-12-03 09:45:00+00:00,0.9336199760437012,0.9338099956512451,0.9330400228500366,0.9337300062179565,0.0
2025-12-03 10:00:00+00:00,0.9337199926376343,0.9338300228118896,0.9330499768257141,0.9337999820709229,0.0
2025-12-03 10:15:00+00:00,0.9337999820709229,0.9340800046920776,0.9333299994468689,0.933709979057312,0.0
2025-12-03 10:30:00+00:00,0.933709979057312,0.933899998664856,0.9332299828529358,0.9337499737739563,0.0
2025-12-03 10:45:00+00:00,0.9337499737739563,0.9340000152587891,0.9332500100135803,0.9337700009346008,0.0
2025-12-03 11:00:00+00:00,0.9337800145149231,0.9338099956512451,0.9330300092697144,0.9335899949073792,0.0
2025-12-03 11:15:00+00:00,0.9335899949073792,0.9336000084877014,0.9327300190925598,0.9332200288772583,0.0
2025-12-03 11:30:00+00:00,0.933210015296936,0.9334999918937683,0.9327099919319153,0.9333599805831909,0.0
2025-12-03 11:45:00+00:00,0.9333599805831909,0.9335100054740906,0.9327899813652039,0.9333599805831909,0.0
2025-12-03 12:00:00+00:00,0.9333699941635132,0.9337000250816345,0.9329800009727478,0.9334700107574463,0.0
2025-12-03 12:15:00+00:00,0.9334700107574463,0.933650016784668,0.9329400062561035,0.9334499835968018,0.0
2025-12-03 12:30:00+00:00,0.9334499835968018,0.9336000084877014,0.9329599738121033,0.9335200190544128,0.0
2025-12-03 12:45:00+00:00,0.9335299730300903,0.9336100220680237,0.9330199956893921,0.9334499835968018,0.0
2025-12-03 13:00:00+00:00,0.9334499835968018,0.9337000250816345,0.9330499768257141,0.9335299730300903,0.0
2025-12-03 13:15:00+00:00,0.9335100054740906,0.9338700175285339,0.9329599738121033,0.933459997177124,0.0
2025-12-03 13:30:00+00:00,0.933459997177124,0.9335500001907349,0.9329000115394592,0.9334999918937683,0.0
2025-12-03 13:45:00+00:00,0.9335100054740906,0.9336100220680237,0.9330000281333923,0.9334499835968018,0.0
2025-12-03 14:00:00+00:00,0.933459997177124,0.9335100054740906,0.9323700070381165,0.9330199956893921,0.0
2025-12-03 14:15:00+00:00,0.9330199956893921,0.9333500266075134,0.932449996471405,0.9333199858665466,0.0
2025-12-03 14:30:00+00:00,0.9333099722862244,0.9333999752998352,0.9326599836349487,0.9330599904060364,0.0
2025-12-03 14:45:00+00:00,0.9331200122833252,0.9334800243377686,0.9326099753379822,0.9333800077438354,0.0
2025-12-03 15:00:00+00:00,0.9333400130271912,0.9337900280952454,0.9328399896621704,0.9333800077438354,0.0
2025-12-03 15:15:00+00:00,0.9333699941635132,0.9336900115013123,0.9327899813652039,0.9335500001907349,0.0
2025-12-03 15:30:00+00:00,0.9335299730300903,0.9340299963951111,0.9330999851226807,0.9337400197982788,0.0
2025-12-03 15:45:00+00:00,0.9337400197982788,0.9337999820709229,0.9328600168228149,0.933430016040802,0.0
2025-12-03 16:00:00+00:00,0.9334200024604797,0.9337199926376343,0.9329699873924255,0.9336100220680237,0.0
2025-12-03 16:15:00+00:00,0.9336000084877014,0.9337599873542786,0.9331099987030029,0.9334800243377686,0.0
2025-12-03 16:30:00+00:00,0.933459997177124,0.9336000084877014,0.9328799843788147,0.933430016040802,0.0
2025-12-03 16:45:00+00:00,0.9334400296211243,0.9334999918937683,0.9328200221061707,0.9332600235939026,0.0
2025-12-03 17:00:00+00:00,0.9332399964332581,0.9333000183105469,0.9327300190925598,0.9332299828529358,0.0
2025-12-03 17:15:00+00:00,0.9332299828529358,0.9333000183105469,0.932699978351593,0.9331600069999695,0.0
2025-12-03 17:30:00+00:00,0.9331499934196472,0.9333800077438354,0.932699978351593,0.9332600235939026,0.0
2025-12-03 17:45:00+00:00,0.9332500100135803,0.9333999752998352,0.9323800206184387,0.9328500032424927,0.0
2025-12-03 18:00:00+00:00,0.9328699707984924,0.9332000017166138,0.9324100017547607,0.9331499934196472,0.0
2025-12-03 18:15:00+00:00,0.9331099987030029,0.9332200288772583,0.9326000213623047,0.9330499768257141,0.0
2025-12-03 18:30:00+00:00,0.9330300092697144,0.9332000017166138,0.932420015335083,0.9330599904060364,0.0
2025-12-03 18:45:00+00:00,0.9330499768257141,0.9332000017166138,0.9325699806213379,0.9330700039863586,0.0
2025-12-03 19:00:00+00:00,0.9330599904060364,0.9332299828529358,0.932640016078949,0.9331899881362915,0.0
2025-12-03 19:15:00+00:00,0.9331899881362915,0.9333000183105469,0.9326300024986267,0.9331200122833252,0.0
2025-12-03 19:30:00+00:00,0.9331200122833252,0.9332399964332581,0.9326800107955933,0.9331899881362915,0.0
2025-12-03 19:45:00+00:00,0.9331899881362915,0.9332299828529358,0.932640016078949,0.9330800175666809,0.0
2025-12-03 20:00:00+00:00,0.9330599904060364,0.9331200122833252,0.932449996471405,0.932919979095459,0.0
2025-12-03 20:15:00+00:00,0.9329000115394592,0.9330499768257141,0.9324700236320496,0.9329500198364258,0.0
2025-12-03 20:30:00+00:00,0.9329699873924255,0.9330400228500366,0.932449996471405,0.9330000281333923,0.0
2025-12-03 20:45:00+00:00,0.9329699873924255,0.9330999851226807,0.9324899911880493,0.9329299926757812,0.0
2025-12-03 21:00:00+00:00,0.9329299926757812,0.9330000281333923,0.9324300289154053,0.9329699873924255,0.0
2025-12-03 21:15:00+00:00,0.9329400062561035,0.9330999851226807,0.9324300289154053,0.9329299926757812,0.0
2025-12-03 21:30:00+00:00,0.9329299926757812,0.9332000017166138,0.9325500130653381,0.9330899715423584,0.0
2025-12-03 21:45:00+00:00,0.9330700039863586,0.9337400197982788,0.9326500296592712,0.9327800273895264,0.0
2025-12-03 22:00:00+00:00,0.932669997215271,0.933650016784668,0.9325699806213379,0.9327800273895264,0.0
2025-12-03 22:15:00+00:00,0.932699978351593,0.9333000183105469,0.9326099753379822,0.9330400228500366,0.0
2025-12-03 22:30:00+00:00,0.9328500032424927,0.9332000017166138,0.932669997215271,0.9330000281333923,0.0
2025-12-03 22:45:00+00:00,0.9330999851226807,0.9332000017166138,0.9326000213623047,0.9328299760818481,0.0
2025-12-03 23:00:00+00:00,0.9327600002288818,0.9331499934196472,0.9325299859046936,0.9329699873924255,0.0
2025-12-03 23:15:00+00:00,0.9329699873924255,0.9331499934196472,0.9325100183486938,0.9331099987030029,0.0
2025-12-03 23:30:00+00:00,0.9331300258636475,0.933210015296936,0.9325600266456604,0.9329900145530701,0.0
2025-12-03 23:45:00+00:00,0.9329900145530701,0.9332000017166138,0.9325299859046936,0.9330000281333923,0.0
2025-12-04 00:00:00+00:00,0.9330199956893921,0.9333000183105469,0.9326599836349487,0.9330999851226807,0.0
2025-12-04 00:15:00+00:00,0.9330999851226807,0.9333000183105469,0.9326500296592712,0.9327700138092041,0.0
2025-12-04 00:30:00+00:00,0.9332000017166138,0.9333000183105469,0.9326500296592712,0.9331300258636475,0.0
2025-12-04 00:45:00+00:00,0.9331300258636475,0.9332299828529358,0.9326199889183044,0.9331499934196472,0.0
2025-12-04 01:00:00+00:00,0.9331700205802917,0.9332000017166138,0.9325799942016602,0.9330199956893921,0.0
2025-12-04 01:15:00+00:00,0.9330199956893921,0.933139979839325,0.9325799942016602,0.9330800175666809,0.0
2025-12-04 01:30:00+00:00,0.9330800175666809,0.9332299828529358,0.9325199723243713,0.9330300092697144,0.0
2025-12-04 01:45:00+00:00,0.9330300092697144,0.9332000017166138,0.9325799942016602,0.9330999851226807,0.0
2025-12-04 02:00:00+00:00,0.9330899715423584,0.9332000017166138,0.9325699806213379,0.9330000281333923,0.0
2025-12-04 02:15:00+00:00,0.9329599738121033,0.9332000017166138,0.9325900077819824,0.9330800175666809,0.0
2025-12-04 02:30:00+00:00,0.9330800175666809,0.9332000017166138,0.932640016078949,0.9330800175666809,0.0
2025-12-04 02:45:00+00:00,0.9330400228500366,0.9333299994468689,0.9327399730682373,0.9332900047302246,0.0
2025-12-04 03:00:00+00:00,0.9332900047302246,0.9333500266075134,0.9327999949455261,0.9332900047302246,0.0
2025-12-04 03:15:00+00:00,0.9333000183105469,0.9333999752998352,0.9327999949455261,0.932889997959137,0.0
2025-12-04 03:30:00+00:00,0.9333299994468689,0.9333999752998352,0.9326900243759155,0.9331600069999695,0.0
2025-12-04 03:45:00+00:00,0.9331899881362915,0.9334400296211243,0.9326500296592712,0.9329599738121033,0.0
2025-12-04 04:00:00+00:00,0.9334200024604797,0.9334999918937683,0.932919979095459,0.933430016040802,0.0
2025-12-04 04:15:00+00:00,0.9334400296211243,0.9334999918937683,0.9328699707984924,0.932889997959137,0.0
2025-12-04 04:30:00+00:00,0.9333400130271912,0.9334499835968018,0.9329100251197815,0.9333999752998352,0.0
2025-12-04 04:45:00+00:00,0.9334200024604797,0.9335600137710571,0.9329800009727478,0.933489978313446,0.0
2025-12-04 05:00:00+00:00,0.9334700107574463,0.9336699843406677,0.9330499768257141,0.9336699843406677,0.0
2025-12-04 05:15:00+00:00,0.9336699843406677,0.9337400197982788,0.9331499934196472,0.9336400032043457,0.0
2025-12-04 05:30:00+00:00,0.9336400032043457,0.9337999820709229,0.9332000017166138,0.9336900115013123,0.0
2025-12-04 05:45:00+00:00,0.9336699843406677,0.9338099956512451,0.9331799745559692,0.9337000250816345,0.0
2025-12-04 06:00:00+00:00,0.933709979057312,0.9337400197982788,0.933139979839325,0.9336400032043457,0.0
2025-12-04 06:15:00+00:00,0.9336100220680237,0.933899998664856,0.9330999851226807,0.9338499903678894,0.0
2025-12-04 06:30:00+00:00,0.9338499903678894,0.9340000152587891,0.9334200024604797,0.9338899850845337,0.0
2025-12-04 06:45:00+00:00,0.9338899850845337,0.9339200258255005,0.9331700205802917,0.9336400032043457,0.0
2025-12-04 07:00:00+00:00,0.9336400032043457,0.9340000152587891,0.9329699873924255,0.9337000250816345,0.0
2025-12-04 07:15:00+00:00,0.9336900115013123,0.9340599775314331,0.9333199858665466,0.9338099956512451,0.0
2025-12-04 07:30:00+00:00,0.9337999820709229,0.933899998664856,0.9332699775695801,0.9336599707603455,0.0
2025-12-04 07:45:00+00:00,0.9336599707603455,0.9340500235557556,0.9332000017166138,0.9339600205421448,0.0
2025-12-04 08:00:00+00:00,0.9339699745178223,0.934660017490387,0.9333599805831909,0.9346100091934204,0.0
2025-12-04 08:15:00+00:00,0.9345899820327759,0.9346200227737427,0.9334800243377686,0.9339100122451782,0.0
2025-12-04 08:30:00+00:00,0.9339200258255005,0.9346299767494202,0.9333099722862244,0.9345600008964539,0.0
2025-12-04 08:45:00+00:00,0.9345800280570984,0.9347000122070312,0.9337599873542786,0.9343500137329102,0.0
2025-12-04 09:00:00+00:00,0.9343500137329102,0.934469997882843,0.9337300062179565,0.9341700077056885,0.0
2025-12-04 09:15:00+00:00,0.934149980545044,0.9344300031661987,0.9336000084877014,0.9343299865722656,0.0
2025-12-04 09:30:00+00:00,0.9343299865722656,0.9343600273132324,0.9336400032043457,0.9341899752616882,0.0
2025-12-04 09:45:00+00:00,0.9341899752616882,0.9343000054359436,0.9335100054740906,0.9338300228118896,0.0
2025-12-04 10:00:00+00:00,0.9338399767875671,0.9341999888420105,0.9333599805831909,0.9340999722480774,0.0
2025-12-04 10:15:00+00:00,0.9340999722480774,0.9343000054359436,0.9336000084877014,0.9341999888420105,0.0
2025-12-04 10:30:00+00:00,0.9341899752616882,0.9342399835586548,0.9334200024604797,0.9338200092315674,0.0
2025-12-04 10:45:00+00:00,0.9338300228118896,0.9340999722480774,0.9333599805831909,0.9340100288391113,0.0
2025-12-04 11:00:00+00:00,0.9340100288391113,0.9340199828147888,0.9332000017166138,0.9336100220680237,0.0
2025-12-04 11:15:00+00:00,0.9336100220680237,0.933899998664856,0.9331300258636475,0.9338499903678894,0.0
2025-12-04 11:30:00+00:00,0.9338399767875671,0.9340000152587891,0.9333900213241577,0.9338700175285339,0.0
2025-12-04 11:45:00+00:00,0.9338700175285339,0.9340400099754333,0.9334099888801575,0.9339500069618225,0.0
2025-12-04 12:00:00+00:00,0.933929979801178,0.9340999722480774,0.9334400296211243,0.9339799880981445,0.0
2025-12-04 12:15:00+00:00,0.9340000152587891,0.9340999722480774,0.9333999752998352,0.9338799715042114,0.0
2025-12-04 12:30:00+00:00,0.933430016040802,0.9341300129890442,0.933430016040802,0.9340999722480774,0.0
2025-12-04 12:45:00+00:00,0.9340800046920776,0.934149980545044,0.933430016040802,0.9340199828147888,0.0
2025-12-04 13:00:00+00:00,0.9340100288391113,0.9340999722480774,0.933430016040802,0.9338799715042114,0.0
2025-12-04 13:15:00+00:00,0.933899998664856,0.9340999722480774,0.9334499835968018,0.9338099956512451,0.0
2025-12-04 13:30:00+00:00,0.9339399933815002,0.9342300295829773,0.9334700107574463,0.9340800046920776,0.0
2025-12-04 13:45:00+00:00,0.9340800046920776,0.9340999722480774,0.9333199858665466,0.9339399933815002,0.0
2025-12-04 14:00:00+00:00,0.9339399933815002,0.9340000152587891,0.933139979839325,0.9335700273513794,0.0
2025-12-04 14:15:00+00:00,0.9335700273513794,0.9337999820709229,0.9330599904060364,0.933650016784668,0.0
2025-12-04 14:30:00+00:00,0.9336599707603455,0.933929979801178,0.9330099821090698,0.9338899850845337,0.0
2025-12-04 14:45:00+00:00,0.9338899850845337,0.9343199729919434,0.9334999918937683,0.934249997138977,0.0
2025-12-04 15:00:00+00:00,0.9342600107192993,0.9348999857902527,0.933929979801178,0.9345800280570984,0.0
2025-12-04 15:15:00+00:00,0.9345899820327759,0.9346299767494202,0.9336100220680237,0.9341099858283997,0.0
2025-12-04 15:30:00+00:00,0.9340900182723999,0.934499979019165,0.9336000084877014,0.9344499707221985,0.0
2025-12-04 15:45:00+00:00,0.9344499707221985,0.9349200129508972,0.9340299963951111,0.9348800182342529,0.0
2025-12-04 16:00:00+00:00,0.9348700046539307,0.9351500272750854,0.9343299865722656,0.9350299835205078,0.0
2025-12-04 16:15:00+00:00,0.9350399971008301,0.9351000189781189,0.9343199729919434,0.9348499774932861,0.0
2025-12-04 16:30:00+00:00,0.9348499774932861,0.9351599812507629,0.9343900084495544,0.9349899888038635,0.0
2025-12-04 16:45:00+00:00,0.9349799752235413,0.9352499842643738,0.9345399737358093,0.9352499842643738,0.0
2025-12-04 17:00:00+00:00,0.9352099895477295,0.9354000091552734,0.9346799850463867,0.9353299736976624,0.0
2025-12-04 17:15:00+00:00,0.9353200197219849,0.9353399872779846,0.9347100257873535,0.9351400136947632,0.0
2025-12-04 17:30:00+00:00,0.9351400136947632,0.9354000091552734,0.9346699714660645,0.9351999759674072,0.0
2025-12-04 17:45:00+00:00,0.9351999759674072,0.9355999827384949,0.9347699880599976,0.9354299902915955,0.0
2025-12-04 18:00:00+00:00,0.9354000091552734,0.9357399940490723,0.9349799752235413,0.9355800151824951,0.0
2025-12-04 18:15:00+00:00,0.9355700016021729,0.9356300234794617,0.9350699782371521,0.9355800151824951,0.0
2025-12-04 18:30:00+00:00,0.9355800151824951,0.9358000159263611,0.9349899888038635,0.9355199933052063,0.0
2025-12-04 18:45:00+00:00,0.9355400204658508,0.9358299970626831,0.9351500272750854,0.9356799721717834,0.0
2025-12-04 19:00:00+00:00,0.9356899857521057,0.9357200264930725,0.9351199865341187,0.9355999827384949,0.0
2025-12-04 19:15:00+00:00,0.9355900287628174,0.9358000159263611,0.9351300001144409,0.935699999332428,0.0
2025-12-04 19:30:00+00:00,0.935699999332428,0.9358999729156494,0.9352700114250183,0.9357100129127502,0.0
2025-12-04 19:45:00+00:00,0.9356899857521057,0.9358999729156494,0.9352399706840515,0.9354599714279175,0.0
2025-12-04 20:00:00+00:00,0.9358800053596497,0.9360100030899048,0.9354199767112732,0.935949981212616,0.0
2025-12-04 20:15:00+00:00,0.9359300136566162,0.9359999895095825,0.9354699850082397,0.935949981212616,0.0
2025-12-04 20:30:00+00:00,0.9359400272369385,0.9359999895095825,0.9353399872779846,0.9358199834823608,0.0
2025-12-04 20:45:00+00:00,0.9358500242233276,0.9359999895095825,0.9353299736976624,0.9359400272369385,0.0
2025-12-04 21:00:00+00:00,0.9359400272369385,0.9359999895095825,0.9353899955749512,0.9359300136566162,0.0
2025-12-04 21:15:00+00:00,0.9359300136566162,0.9359599947929382,0.9353799819946289,0.9358299970626831,0.0
2025-12-04 21:30:00+00:00,0.9358299970626831,0.9359099864959717,0.9353600144386292,0.9358400106430054,0.0
2025-12-04 21:45:00+00:00,0.9358400106430054,0.9359899759292603,0.9352099895477295,0.9354000091552734,0.0
2025-12-04 22:00:00+00:00,0.9353899955749512,0.93572998046875,0.9348999857902527,0.935699999332428,0.0
2025-12-04 22:15:00+00:00,0.9356499910354614,0.9358000159263611,0.934939980506897,0.9354900121688843,0.0
2025-12-04 22:30:00+00:00,0.93545001745224,0.935699999332428,0.9347299933433533,0.9353700280189514,0.0
2025-12-04 22:45:00+00:00,0.9354000091552734,0.9355000257492065,0.9347000122070312,0.9351500272750854,0.0
2025-12-04 23:00:00+00:00,0.9350900053977966,0.9358000159263611,0.9350900053977966,0.9356899857521057,0.0
2025-12-04 23:15:00+00:00,0.9357100129127502,0.9358199834823608,0.9352800250053406,0.9353100061416626,0.0
2025-12-04 23:30:00+00:00,0.9357100129127502,0.9358100295066833,0.935230016708374,0.9356799721717834,0.0
2025-12-04 23:45:00+00:00,0.935699999332428,0.9358199834823608,0.9352999925613403,0.9357699751853943,0.0
2025-12-05 00:00:00+00:00,0.9357699751853943,0.9359999895095825,0.9354400038719177,0.9359099864959717,0.0
2025-12-05 00:15:00+00:00,0.9358999729156494,0.9359999895095825,0.9354299902915955,0.9358800053596497,0.0
2025-12-05 00:30:00+00:00,0.9354199767112732,0.9359999895095825,0.9353500008583069,0.9358900189399719,0.0
2025-12-05 00:45:00+00:00,0.9358999729156494,0.935920000076294,0.9353500008583069,0.9358100295066833,0.0
2025-12-05 01:00:00+00:00,0.9357799887657166,0.9360100030899048,0.9353500008583069,0.9359099864959717,0.0
2025-12-05 01:15:00+00:00,0.9359099864959717,0.9359999895095825,0.9354400038719177,0.9359300136566162,0.0
2025-12-05 01:30:00+00:00,0.9358999729156494,0.9359999895095825,0.9354299902915955,0.9359099864959717,0.0
2025-12-05 01:45:00+00:00,0.9359099864959717,0.9359999895095825,0.9354000091552734,0.935949981212616,0.0
2025-12-05 02:00:00+00:00,0.9359599947929382,0.9359999895095825,0.9354000091552734,0.9359099864959717,0.0
2025-12-05 02:15:00+00:00,0.9358999729156494,0.9359999895095825,0.9354699850082397,0.9359700083732605,0.0
2025-12-05 02:30:00+00:00,0.9359599947929382,0.9359999895095825,0.935479998588562,0.9359400272369385,0.0
2025-12-05 02:45:00+00:00,0.9359400272369385,0.9359999895095825,0.9354000091552734,0.9358800053596497,0.0
2025-12-05 03:00:00+00:00,0.9358699917793274,0.9359999895095825,0.9354400038719177,0.9359099864959717,0.0
2025-12-05 03:15:00+00:00,0.9359099864959717,0.9359999895095825,0.9354299902915955,0.935920000076294,0.0
2025-12-05 03:30:00+00:00,0.935920000076294,0.9359999895095825,0.93545001745224,0.9359400272369385,0.0
2025-12-05 03:45:00+00:00,0.9359599947929382,0.9359999895095825,0.9354400038719177,0.935509979724884,0.0
2025-12-05 04:00:00+00:00,0.9359400272369385,0.9359999895095825,0.9354699850082397,0.9359700083732605,0.0
2025-12-05 04:15:00+00:00,0.9359700083732605,0.9359999895095825,0.935479998588562,0.9359800219535828,0.0
2025-12-05 04:30:00+00:00,0.935509979724884,0.9359999895095825,0.9354699850082397,0.935949981212616,0.0
2025-12-05 04:45:00+00:00,0.9359700083732605,0.936020016670227,0.935509979724884,0.9359599947929382,0.0
2025-12-05 05:00:00+00:00,0.935949981212616,0.9360100030899048,0.9354299902915955,0.935920000076294,0.0
2025-12-05 05:15:00+00:00,0.9359099864959717,0.9359599947929382,0.9353700280189514,0.9358299970626831,0.0
2025-12-05 05:30:00+00:00,0.9358299970626831,0.935920000076294,0.9351999759674072,0.9358500242233276,0.0
2025-12-05 05:45:00+00:00,0.9358599781990051,0.9363499879837036,0.9353600144386292,0.9360899925231934,0.0
2025-12-05 06:00:00+00:00,0.9360799789428711,0.9361100196838379,0.9354599714279175,0.9358900189399719,0.0
2025-12-05 06:15:00+00:00,0.9358900189399719,0.9359599947929382,0.9353799819946289,0.9358400106430054,0.0
2025-12-05 06:30:00+00:00,0.9358599781990051,0.935920000076294,0.935259997844696,0.9357600212097168,0.0
2025-12-05 06:45:00+00:00,0.9357799887657166,0.9359999895095825,0.9352999925613403,0.9358999729156494,0.0
2025-12-05 07:00:00+00:00,0.9358999729156494,0.9361000061035156,0.9353500008583069,0.9358100295066833,0.0
2025-12-05 07:15:00+00:00,0.9358100295066833,0.9362000226974487,0.9353799819946289,0.9361400008201599,0.0
2025-12-05 07:30:00+00:00,0.9361400008201599,0.9362300038337708,0.93545001745224,0.9359899759292603,0.0
2025-12-05 07:45:00+00:00,0.9359899759292603,0.9363399744033813,0.935509979724884,0.9356399774551392,0.0
2025-12-05 08:00:00+00:00,0.9360600113868713,0.9365000128746033,0.9355000257492065,0.9363600015640259,0.0
2025-12-05 08:15:00+00:00,0.9363600015640259,0.9365000128746033,0.9355900287628174,0.9360700249671936,0.0
2025-12-05 08:30:00+00:00,0.9360399842262268,0.9363099932670593,0.9355999827384949,0.9361299872398376,0.0
2025-12-05 08:45:00+00:00,0.9361500144004822,0.9362000226974487,0.9355700016021729,0.9361299872398376,0.0
2025-12-05 09:00:00+00:00,0.9360799789428711,0.9362999796867371,0.9354699850082397,0.935920000076294,0.0
2025-12-05 09:15:00+00:00,0.935920000076294,0.935949981212616,0.9349300265312195,0.9353899955749512,0.0
2025-12-05 09:30:00+00:00,0.9354000091552734,0.9356399774551392,0.9349499940872192,0.935479998588562,0.0
2025-12-05 09:45:00+00:00,0.935479998588562,0.935699999332428,0.9349899888038635,0.9353899955749512,0.0
2025-12-05 10:00:00+00:00,0.9354599714279175,0.9358400106430054,0.9350399971008301,0.9358100295066833,0.0
2025-12-05 10:15:00+00:00,0.9357900023460388,0.9360299706459045,0.9353700280189514,0.9359599947929382,0.0
2025-12-05 10:30:00+00:00,0.935949981212616,0.9362000226974487,0.9352499842643738,0.9356499910354614,0.0
2025-12-05 10:45:00+00:00,0.9356200098991394,0.935699999332428,0.9349200129508972,0.9354199767112732,0.0
2025-12-05 11:00:00+00:00,0.9353899955749512,0.9355000257492065,0.9348899722099304,0.9353600144386292,0.0
2025-12-05 11:15:00+00:00,0.9353200197219849,0.9357100129127502,0.9348700046539307,0.935670018196106,0.0
2025-12-05 11:30:00+00:00,0.9356600046157837,0.9358000159263611,0.9349899888038635,0.9354100227355957,0.0
2025-12-05 11:45:00+00:00,0.9354000091552734,0.935699999332428,0.9349799752235413,0.9351199865341187,0.0
2025-12-05 12:00:00+00:00,0.9355800151824951,0.9358699917793274,0.9351599812507629,0.9358299970626831,0.0
2025-12-05 12:15:00+00:00,0.9358100295066833,0.9358999729156494,0.935230016708374,0.9357399940490723,0.0
2025-12-05 12:30:00+00:00,0.9357600212097168,0.9358999729156494,0.9352899789810181,0.9358199834823608,0.0
2025-12-05 12:45:00+00:00,0.9358400106430054,0.9366300106048584,0.9354199767112732,0.9366000294685364,0.0
2025-12-05 13:00:00+00:00,0.9365800023078918,0.9366000294685364,0.9358199834823608,0.9362800121307373,0.0
2025-12-05 13:15:00+00:00,0.9362800121307373,0.9363600015640259,0.9353100061416626,0.9357600212097168,0.0
2025-12-05 13:30:00+00:00,0.9357399940490723,0.9359999895095825,0.9352999925613403,0.9357699751853943,0.0
2025-12-05 13:45:00+00:00,0.9357699751853943,0.9362099766731262,0.9350900053977966,0.9361699819564819,0.0
2025-12-05 14:00:00+00:00,0.9361799955368042,0.9362599849700928,0.9354299902915955,0.9358400106430054,0.0
2025-12-05 14:15:00+00:00,0.9358599781990051,0.9362099766731262,0.9352899789810181,0.9361000061035156,0.0
2025-12-05 14:30:00+00:00,0.9360899925231934,0.936519980430603,0.9356300234794617,0.9362999796867371,0.0
2025-12-05 14:45:00+00:00,0.936269998550415,0.936460018157959,0.9356099963188171,0.9361199736595154,0.0
2025-12-05 15:00:00+00:00,0.9359800219535828,0.9364399909973145,0.9356899857521057,0.9361600279808044,0.0
2025-12-05 15:15:00+00:00,0.9361600279808044,0.9366300106048584,0.9357100129127502,0.9364799857139587,0.0
2025-12-05 15:30:00+00:00,0.9364699721336365,0.9369699954986572,0.936020016670227,0.9368699789047241,0.0
2025-12-05 15:45:00+00:00,0.9369000196456909,0.9370599985122681,0.9362199902534485,0.9362199902534485,0.0
2025-12-05 16:00:00+00:00,0.9366700053215027,0.9369000196456909,0.9361600279808044,0.936739981174469,0.0
2025-12-05 16:15:00+00:00,0.9367499947547913,0.9369000196456909,0.9361100196838379,0.9368000030517578,0.0
2025-12-05 16:30:00+00:00,0.9367799758911133,0.9368600249290466,0.9360600113868713,0.9364799857139587,0.0
2025-12-05 16:45:00+00:00,0.9364799857139587,0.9368000030517578,0.9359300136566162,0.9365699887275696,0.0
2025-12-05 17:00:00+00:00,0.9365699887275696,0.9369300007820129,0.9361199736595154,0.9367899894714355,0.0
2025-12-05 17:15:00+00:00,0.9367799758911133,0.9369999766349792,0.9363899827003479,0.9368399977684021,0.0
2025-12-05 17:30:00+00:00,0.9368399977684021,0.9369699954986572,0.9362900257110596,0.9369400143623352,0.0
2025-12-05 17:45:00+00:00,0.9369500279426575,0.9370999932289124,0.9364500045776367,0.9370800256729126,0.0
2025-12-05 18:00:00+00:00,0.9370899796485901,0.9372000098228455,0.9365400075912476,0.9370700120925903,0.0
2025-12-05 18:15:00+00:00,0.9370499849319458,0.9370999932289124,0.9363899827003479,0.9366000294685364,0.0
2025-12-05 18:30:00+00:00,0.9370499849319458,0.9371299743652344,0.9365599751472473,0.9370700120925903,0.0
2025-12-05 18:45:00+00:00,0.9370599985122681,0.9370999932289124,0.9364799857139587,0.9369400143623352,0.0
2025-12-05 19:00:00+00:00,0.9369400143623352,0.937030017375946,0.9363700151443481,0.9368199706077576,0.0
2025-12-05 19:15:00+00:00,0.9368199706077576,0.9369000196456909,0.9362000226974487,0.9366400241851807,0.0
2025-12-05 19:30:00+00:00,0.9366499781608582,0.9368000030517578,0.9361299872398376,0.9365400075912476,0.0
2025-12-05 19:45:00+00:00,0.9365400075912476,0.9366000294685364,0.9360399842262268,0.9360399842262268,0.0
2025-12-05 20:00:00+00:00,0.936489999294281,0.9366000294685364,0.9358999729156494,0.9363200068473816,0.0
2025-12-05 20:15:00+00:00,0.9363200068473816,0.9363999962806702,0.9358500242233276,0.9363600015640259,0.0
2025-12-05 20:30:00+00:00,0.9363499879837036,0.9364200234413147,0.9358500242233276,0.9363300204277039,0.0
2025-12-05 20:45:00+00:00,0.9363300204277039,0.9364299774169922,0.9358599781990051,0.9363700151443481,0.0
2025-12-05 21:00:00+00:00,0.9363700151443481,0.9366000294685364,0.9359400272369385,0.9365400075912476,0.0
2025-12-05 21:15:00+00:00,0.9365000128746033,0.9366999864578247,0.9360499978065491,0.9366700053215027,0.0
2025-12-05 21:30:00+00:00,0.9366400241851807,0.9368000030517578,0.9362300038337708,0.936680018901825,0.0
2025-12-05 21:45:00+00:00,0.936710000038147,0.9369000196456909,0.9362000226974487,0.9363700151443481,0.0
2025-12-05 22:00:00+00:00,0.9363700151443481,0.9364399909973145,0.9363700151443481,0.9364399909973145,0.0
2025-12-05 22:15:00+00:00,0.9364399909973145,0.9364399909973145,0.9364399909973145,0.9364399909973145,0.0
2025-12-08 00:00:00+00:00,0.9368000030517578,0.9369099736213684,0.9361500144004822,0.9366099834442139,0.0
2025-12-08 00:15:00+00:00,0.9366099834442139,0.9366999864578247,0.9360899925231934,0.9365699887275696,0.0
2025-12-08 00:30:00+00:00,0.9365500211715698,0.9366999864578247,0.9360600113868713,0.9365800023078918,0.0
2025-12-08 00:45:00+00:00,0.9366000294685364,0.9366300106048584,0.9360600113868713,0.9364200234413147,0.0
2025-12-08 01:00:00+00:00,0.9364200234413147,0.936519980430603,0.935920000076294,0.9362999796867371,0.0
2025-12-08 01:15:00+00:00,0.9362999796867371,0.9363999962806702,0.9357500076293945,0.9362300038337708,0.0
2025-12-08 01:30:00+00:00,0.9362499713897705,0.9365400075912476,0.9357799887657166,0.9363600015640259,0.0
2025-12-08 01:45:00+00:00,0.9363899827003479,0.9363999962806702,0.9357799887657166,0.9362300038337708,0.0
2025-12-08 02:00:00+00:00,0.9362199902534485,0.9363999962806702,0.9357900023460388,0.9362499713897705,0.0
2025-12-08 02:15:00+00:00,0.9362300038337708,0.9362999796867371,0.9357200264930725,0.936240017414093,0.0
2025-12-08 02:30:00+00:00,0.9362499713897705,0.9364200234413147,0.9358500242233276,0.9362900257110596,0.0
2025-12-08 02:45:00+00:00,0.9362999796867371,0.9364100098609924,0.9358500242233276,0.9363700151443481,0.0
2025-12-08 03:00:00+00:00,0.9363899827003479,0.9363999962806702,0.9358199834823608,0.9362099766731262,0.0
2025-12-08 03:15:00+00:00,0.9362099766731262,0.9362999796867371,0.9357100129127502,0.9361600279808044,0.0
2025-12-08 03:30:00+00:00,0.9361699819564819,0.9362999796867371,0.9357500076293945,0.9361900091171265,0.0
2025-12-08 03:45:00+00:00,0.9361900091171265,0.9363300204277039,0.9356799721717834,0.9361900091171265,0.0
2025-12-08 04:00:00+00:00,0.9362000226974487,0.9364299774169922,0.9358299970626831,0.9363800287246704,0.0
2025-12-08 04:15:00+00:00,0.9363800287246704,0.9364100098609924,0.9357900023460388,0.9362599849700928,0.0
2025-12-08 04:30:00+00:00,0.936269998550415,0.9363999962806702,0.9358100295066833,0.9363600015640259,0.0
2025-12-08 04:45:00+00:00,0.9363499879837036,0.9364200234413147,0.9358000159263611,0.9362300038337708,0.0
2025-12-08 05:00:00+00:00,0.9362800121307373,0.9363200068473816,0.9357799887657166,0.9362800121307373,0.0
2025-12-08 05:15:00+00:00,0.9362900257110596,0.9363999962806702,0.9358299970626831,0.9362999796867371,0.0
2025-12-08 05:30:00+00:00,0.9362900257110596,0.9363999962806702,0.9358599781990051,0.9363499879837036,0.0
2025-12-08 05:45:00+00:00,0.9363499879837036,0.936460018157959,0.9358599781990051,0.9363999962806702,0.0
2025-12-08 06:00:00+00:00,0.9363999962806702,0.9370399713516235,0.9363099932670593,0.9367799758911133,0.0
2025-12-08 06:15:00+00:00,0.9367899894714355,0.9369000196456909,0.9363499879837036,0.9368100166320801,0.0
2025-12-08 06:30:00+00:00,0.9368399977684021,0.9369000196456909,0.9363800287246704,0.9368199706077576,0.0
2025-12-08 06:45:00+00:00,0.9368299841880798,0.9369000196456909,0.9362099766731262,0.9366499781608582,0.0
2025-12-08 07:00:00+00:00,0.9366700053215027,0.9371299743652344,0.9363099932670593,0.9369699954986572,0.0
2025-12-08 07:15:00+00:00,0.9369699954986572,0.9372199773788452,0.936519980430603,0.9370599985122681,0.0
2025-12-08 07:30:00+00:00,0.9370399713516235,0.9370999932289124,0.9360700249671936,0.9364500045776367,0.0
2025-12-08 07:45:00+00:00,0.936460018157959,0.9369000196456909,0.9359700083732605,0.9366199970245361,0.0
2025-12-08 08:00:00+00:00,0.9365800023078918,0.9369000196456909,0.9361799955368042,0.9366700053215027,0.0
2025-12-08 08:15:00+00:00,0.9366700053215027,0.9368699789047241,0.9360899925231934,0.9368399977684021,0.0
2025-12-08 08:30:00+00:00,0.9367899894714355,0.9369999766349792,0.936269998550415,0.9366999864578247,0.0
2025-12-08 08:45:00+00:00,0.936680018901825,0.9373499751091003,0.9362300038337708,0.9371700286865234,0.0
2025-12-08 09:00:00+00:00,0.9371700286865234,0.9374200105667114,0.9364500045776367,0.936959981918335,0.0
2025-12-08 09:15:00+00:00,0.936959981918335,0.9369999766349792,0.9361299872398376,0.9368100166320801,0.0
2025-12-08 09:30:00+00:00,0.9368199706077576,0.9369999766349792,0.936269998550415,0.9368500113487244,0.0
2025-12-08 09:45:00+00:00,0.9368100166320801,0.9370499849319458,0.9361900091171265,0.9368399977684021,0.0
2025-12-08 10:00:00+00:00,0.9368500113487244,0.9371399879455566,0.9365299940109253,0.9369999766349792,0.0
2025-12-08 10:15:00+00:00,0.9369999766349792,0.9375,0.9365000128746033,0.937309980392456,0.0
2025-12-08 10:30:00+00:00,0.9372900128364563,0.9373000264167786,0.9363999962806702,0.9368299841880798,0.0
2025-12-08 10:45:00+00:00,0.9368199706077576,0.9370399713516235,0.9363099932670593,0.9369300007820129,0.0
2025-12-08 11:00:00+00:00,0.9369300007820129,0.9371200203895569,0.9365100264549255,0.9367799758911133,0.0
2025-12-08 11:15:00+00:00,0.9368000030517578,0.9373999834060669,0.9363200068473816,0.9373499751091003,0.0
2025-12-08 11:30:00+00:00,0.9373499751091003,0.938319981098175,0.9369900226593018,0.938319981098175,0.0
2025-12-08 11:45:00+00:00,0.9383100271224976,0.9388399720191956,0.9378799796104431,0.9385899901390076,0.0
2025-12-08 12:00:00+00:00,0.9385799765586853,0.9386399984359741,0.9379100203514099,0.938510000705719,0.0
2025-12-08 12:15:00+00:00,0.9385200142860413,0.9387000203132629,0.9379299879074097,0.9384300112724304,0.0
2025-12-08 12:30:00+00:00,0.9384300112724304,0.9387999773025513,0.9379600286483765,0.9385600090026855,0.0
2025-12-08 12:45:00+00:00,0.9385700225830078,0.9387000203132629,0.9380099773406982,0.9384899735450745,0.0
2025-12-08 13:00:00+00:00,0.9384899735450745,0.9388999938964844,0.9380699992179871,0.938759982585907,0.0
2025-12-08 13:15:00+00:00,0.9387699961662292,0.9388399720191956,0.9381099939346313,0.9384599924087524,0.0
2025-12-08 13:30:00+00:00,0.938480019569397,0.9390000104904175,0.9380999803543091,0.9389100074768066,0.0
2025-12-08 13:45:00+00:00,0.9389200210571289,0.9390000104904175,0.9381800293922424,0.9386500120162964,0.0
2025-12-08 14:00:00+00:00,0.9386399984359741,0.938759982585907,0.9380599856376648,0.9385799765586853,0.0
2025-12-08 14:15:00+00:00,0.9385799765586853,0.938730001449585,0.9379600286483765,0.9384599924087524,0.0
2025-12-08 14:30:00+00:00,0.9384400248527527,0.9386000037193298,0.9378499984741211,0.938539981842041,0.0
2025-12-08 14:45:00+00:00,0.9385300278663635,0.938759982585907,0.9380099773406982,0.9386600255966187,0.0
2025-12-08 15:00:00+00:00,0.9386399984359741,0.9391199946403503,0.9380599856376648,0.9390900135040283,0.0
2025-12-08 15:15:00+00:00,0.9391000270843506,0.9391800165176392,0.938539981842041,0.939050018787384,0.0
2025-12-08 15:30:00+00:00,0.9390699863433838,0.9394299983978271,0.9386299848556519,0.9393200278282166,0.0
2025-12-08 15:45:00+00:00,0.9393399953842163,0.9395400285720825,0.9386299848556519,0.9390900135040283,0.0
2025-12-08 16:00:00+00:00,0.9391099810600281,0.9391300082206726,0.9383299946784973,0.9389299750328064,0.0
2025-12-08 16:15:00+00:00,0.9389399886131287,0.9389600157737732,0.9383599758148193,0.9388899803161621,0.0
2025-12-08 16:30:00+00:00,0.9388899803161621,0.9391199946403503,0.9383900165557861,0.9388999938964844,0.0
2025-12-08 16:45:00+00:00,0.9388800263404846,0.9391199946403503,0.9384300112724304,0.9390699863433838,0.0
2025-12-08 17:00:00+00:00,0.9390400052070618,0.9391000270843506,0.9383900165557861,0.9388200044631958,0.0
2025-12-08 17:15:00+00:00,0.9388599991798401,0.9389100074768066,0.9382200241088867,0.9387999773025513,0.0
2025-12-08 17:30:00+00:00,0.9387900233268738,0.9390400052070618,0.9382699728012085,0.9389500021934509,0.0
2025-12-08 17:45:00+00:00,0.9389600157737732,0.9390000104904175,0.9382799863815308,0.9388700127601624,0.0
2025-12-08 18:00:00+00:00,0.9388899803161621,0.9389399886131287,0.9383999705314636,0.9388200044631958,0.0
2025-12-08 18:15:00+00:00,0.9388200044631958,0.9388499855995178,0.9381600022315979,0.9386799931526184,0.0
2025-12-08 18:30:00+00:00,0.9386799931526184,0.9388399720191956,0.9381300210952759,0.9387099742889404,0.0
2025-12-08 18:45:00+00:00,0.9386900067329407,0.9388099908828735,0.9382100105285645,0.9387500286102295,0.0
2025-12-08 19:00:00+00:00,0.9387500286102295,0.9388999938964844,0.9383000135421753,0.9387999773025513,0.0
2025-12-08 19:15:00+00:00,0.9387800097465515,0.9388399720191956,0.9381999969482422,0.9388099908828735,0.0
2025-12-08 19:30:00+00:00,0.9388099908828735,0.9390000104904175,0.9383699893951416,0.9387999773025513,0.0
2025-12-08 19:45:00+00:00,0.9383400082588196,0.9390000104904175,0.9383400082588196,0.9389500021934509,0.0
2025-12-08 20:00:00+00:00,0.9389399886131287,0.9391499757766724,0.9384700059890747,0.9391099810600281,0.0
2025-12-08 20:15:00+00:00,0.9391099810600281,0.9391999840736389,0.9385899901390076,0.9390599727630615,0.0
2025-12-08 20:30:00+00:00,0.9390699863433838,0.9391000270843506,0.9385200142860413,0.9390299916267395,0.0
2025-12-08 20:45:00+00:00,0.9390299916267395,0.9391499757766724,0.9385499954223633,0.939079999923706,0.0
2025-12-08 21:00:00+00:00,0.9391000270843506,0.9391400218009949,0.9385600090026855,0.9391099810600281,0.0
2025-12-08 21:15:00+00:00,0.9391099810600281,0.9391999840736389,0.9385700225830078,0.939079999923706,0.0
2025-12-08 21:30:00+00:00,0.939079999923706,0.9391999840736389,0.9384099841117859,0.9387000203132629,0.0
2025-12-08 21:45:00+00:00,0.9387000203132629,0.9390100240707397,0.9381899833679199,0.9384199976921082,0.0
2025-12-08 22:00:00+00:00,0.9383999705314636,0.9394000172615051,0.9381800293922424,0.9388499855995178,0.0
2025-12-08 22:15:00+00:00,0.9388899803161621,0.9388999938964844,0.9382500052452087,0.9384599924087524,0.0
2025-12-08 22:30:00+00:00,0.938510000705719,0.9387999773025513,0.9382500052452087,0.9387000203132629,0.0
2025-12-08 22:45:00+00:00,0.9386799931526184,0.9387999773025513,0.9382699728012085,0.9386000037193298,0.0
2025-12-08 23:00:00+00:00,0.9385600090026855,0.9390000104904175,0.9383999705314636,0.9388800263404846,0.0
2025-12-08 23:15:00+00:00,0.9388800263404846,0.9391099810600281,0.9384499788284302,0.9389899969100952,0.0
2025-12-08 23:30:00+00:00,0.9389899969100952,0.9391000270843506,0.9384999871253967,0.9389700293540955,0.0
2025-12-08 23:45:00+00:00,0.9389700293540955,0.9391000270843506,0.9385499954223633,0.9389899969100952,0.0
2025-12-09 00:00:00+00:00,0.938979983329773,0.9391400218009949,0.9384700059890747,0.9389600157737732,0.0
2025-12-09 00:15:00+00:00,0.9390000104904175,0.9391000270843506,0.938539981842041,0.9389899969100952,0.0
2025-12-09 00:30:00+00:00,0.9389899969100952,0.9390299916267395,0.9384400248527527,0.9388499855995178,0.0
2025-12-09 00:45:00+00:00,0.9388499855995178,0.9389100074768066,0.9383400082588196,0.9388800263404846,0.0
2025-12-09 01:00:00+00:00,0.9388800263404846,0.9390000104904175,0.938289999961853,0.938979983329773,0.0
2025-12-09 01:15:00+00:00,0.938979983329773,0.9390100240707397,0.9384599924087524,0.9389100074768066,0.0
2025-12-09 01:30:00+00:00,0.9389299750328064,0.9390199780464172,0.9384499788284302,0.9389500021934509,0.0
2025-12-09 01:45:00+00:00,0.9389299750328064,0.939050018787384,0.9384999871253967,0.938979983329773,0.0
2025-12-09 02:00:00+00:00,0.938979983329773,0.9390400052070618,0.9385300278663635,0.9390199780464172,0.0
2025-12-09 02:15:00+00:00,0.9390299916267395,0.9391000270843506,0.9385300278663635,0.9389500021934509,0.0
2025-12-09 02:30:00+00:00,0.9389500021934509,0.9390599727630615,0.9384899735450745,0.9389299750328064,0.0
2025-12-09 02:45:00+00:00,0.9389299750328064,0.9389600157737732,0.9383900165557861,0.9388200044631958,0.0
2025-12-09 03:00:00+00:00,0.9388200044631958,0.9388599991798401,0.938289999961853,0.9387999773025513,0.0
2025-12-09 03:15:00+00:00,0.9387900233268738,0.9388999938964844,0.9383299946784973,0.9387800097465515,0.0
2025-12-09 03:30:00+00:00,0.9387999773025513,0.9388999938964844,0.9383400082588196,0.9387900233268738,0.0
2025-12-09 03:45:00+00:00,0.9388099908828735,0.9388999938964844,0.9383100271224976,0.938759982585907,0.0
2025-12-09 04:00:00+00:00,0.9387500286102295,0.9389399886131287,0.938319981098175,0.9388999938964844,0.0
2025-12-09 04:15:00+00:00,0.9388800263404846,0.9391000270843506,0.9384300112724304,0.9390199780464172,0.0
2025-12-09 04:30:00+00:00,0.9390100240707397,0.9391999840736389,0.9386500120162964,0.9391700029373169,0.0
2025-12-09 04:45:00+00:00,0.9391700029373169,0.939300000667572,0.9387199878692627,0.9391800165176392,0.0
2025-12-09 05:00:00+00:00,0.9391800165176392,0.9392300248146057,0.9386199712753296,0.9390699863433838,0.0
2025-12-09 05:15:00+00:00,0.9390699863433838,0.9391000270843506,0.9384999871253967,0.9388899803161621,0.0
2025-12-09 05:30:00+00:00,0.9388899803161621,0.9391000270843506,0.9384700059890747,0.939079999923706,0.0
2025-12-09 05:45:00+00:00,0.939079999923706,0.9391000270843506,0.9376599788665771,0.9382500052452087,0.0
2025-12-09 06:00:00+00:00,0.9382399916648865,0.9387400150299072,0.9379799962043762,0.9385700225830078,0.0
2025-12-09 06:15:00+00:00,0.938539981842041,0.9387199878692627,0.9378899931907654,0.9384499788284302,0.0
2025-12-09 06:30:00+00:00,0.9384099841117859,0.9386000037193298,0.9379100203514099,0.9384999871253967,0.0
2025-12-09 06:45:00+00:00,0.9384899735450745,0.9386399984359741,0.9379199743270874,0.9384999871253967,0.0
2025-12-09 07:00:00+00:00,0.9384999871253967,0.9387000203132629,0.9379900097846985,0.9384499788284302,0.0
2025-12-09 07:15:00+00:00,0.9384499788284302,0.9385600090026855,0.9379100203514099,0.9383699893951416,0.0
2025-12-09 07:30:00+00:00,0.9383900165557861,0.9385200142860413,0.9378600120544434,0.9384499788284302,0.0
2025-12-09 07:45:00+00:00,0.9384999871253967,0.9387500286102295,0.9379100203514099,0.9385200142860413,0.0
2025-12-09 08:00:00+00:00,0.9385200142860413,0.9386699795722961,0.9378299713134766,0.9383999705314636,0.0
2025-12-09 08:15:00+00:00,0.9384199976921082,0.9385200142860413,0.9377899765968323,0.9382699728012085,0.0
2025-12-09 08:30:00+00:00,0.9382799863815308,0.938319981098175,0.9375399947166443,0.9381600022315979,0.0
2025-12-09 08:45:00+00:00,0.9381499886512756,0.9382200241088867,0.9374300241470337,0.9380900263786316,0.0
2025-12-09 09:00:00+00:00,0.9380699992179871,0.9381200075149536,0.9369099736213684,0.9378899931907654,0.0
2025-12-09 09:15:00+00:00,0.9379000067710876,0.9384999871253967,0.9371799826622009,0.9384899735450745,0.0
2025-12-09 09:30:00+00:00,0.9384999871253967,0.9390000104904175,0.9381600022315979,0.9388700127601624,0.0
2025-12-09 09:45:00+00:00,0.9388700127601624,0.9389299750328064,0.9381600022315979,0.9386699795722961,0.0
2025-12-09 10:00:00+00:00,0.9386600255966187,0.9389700293540955,0.9382200241088867,0.9388899803161621,0.0
2025-12-09 10:15:00+00:00,0.9388899803161621,0.9392099976539612,0.9384199976921082,0.9388499855995178,0.0
2025-12-09 10:30:00+00:00,0.9388399720191956,0.9389399886131287,0.9383000135421753,0.9388200044631958,0.0
2025-12-09 10:45:00+00:00,0.9388300180435181,0.9391999840736389,0.9383599758148193,0.9389700293540955,0.0
2025-12-09 11:00:00+00:00,0.9389899969100952,0.9391999840736389,0.9384999871253967,0.9388499855995178,0.0
2025-12-09 11:15:00+00:00,0.9388399720191956,0.9391999840736389,0.9383999705314636,0.939079999923706,0.0
2025-12-09 11:30:00+00:00,0.939079999923706,0.9392499923706055,0.9385300278663635,0.9390599727630615,0.0
2025-12-09 11:45:00+00:00,0.9390900135040283,0.9391400218009949,0.9384300112724304,0.9388700127601624,0.0
2025-12-09 12:00:00+00:00,0.9388399720191956,0.9391499757766724,0.9383299946784973,0.9389299750328064,0.0
2025-12-09 12:15:00+00:00,0.9389299750328064,0.9390299916267395,0.9381700158119202,0.938730001449585,0.0
2025-12-09 12:30:00+00:00,0.938730001449585,0.9388099908828735,0.9380300045013428,0.9385300278663635,0.0
2025-12-09 12:45:00+00:00,0.938539981842041,0.9388999938964844,0.9378799796104431,0.9385499954223633,0.0
2025-12-09 13:00:00+00:00,0.938539981842041,0.9387099742889404,0.9379199743270874,0.938319981098175,0.0
2025-12-09 13:15:00+00:00,0.938319981098175,0.9384300112724304,0.9375200271606445,0.9379299879074097,0.0
2025-12-09 13:30:00+00:00,0.9379299879074097,0.9383500218391418,0.9373000264167786,0.9376000165939331,0.0
2025-12-09 13:45:00+00:00,0.9376000165939331,0.9379000067710876,0.9371500015258789,0.9378200173377991,0.0
2025-12-09 14:00:00+00:00,0.9378200173377991,0.9381200075149536,0.9374399781227112,0.9380800127983093,0.0
2025-12-09 14:15:00+00:00,0.9380800127983093,0.9383999705314636,0.9374099969863892,0.9383400082588196,0.0
2025-12-09 14:30:00+00:00,0.9383599758148193,0.9385200142860413,0.9377300143241882,0.938319981098175,0.0
2025-12-09 14:45:00+00:00,0.9383299946784973,0.9385499954223633,0.9376999735832214,0.9382399916648865,0.0
2025-12-09 15:00:00+00:00,0.9381399750709534,0.9389200210571289,0.9378100037574768,0.9385700225830078,0.0
2025-12-09 15:15:00+00:00,0.938539981842041,0.9386199712753296,0.9377999901771545,0.938289999961853,0.0
2025-12-09 15:30:00+00:00,0.9383000135421753,0.938539981842041,0.937720000743866,0.9383699893951416,0.0
2025-12-09 15:45:00+00:00,0.9383699893951416,0.9386000037193298,0.9378299713134766,0.9384099841117859,0.0
2025-12-09 16:00:00+00:00,0.9383999705314636,0.9384999871253967,0.9375799894332886,0.9380499720573425,0.0
2025-12-09 16:15:00+00:00,0.9380499720573425,0.9383299946784973,0.9376199841499329,0.9381099939346313,0.0
2025-12-09 16:30:00+00:00,0.9381099939346313,0.938319981098175,0.9376400113105774,0.9381800293922424,0.0
2025-12-09 16:45:00+00:00,0.9381800293922424,0.9383000135421753,0.9376599788665771,0.9380999803543091,0.0
2025-12-09 17:00:00+00:00,0.9380800127983093,0.9381600022315979,0.9374899864196777,0.9381200075149536,0.0
2025-12-09 17:15:00+00:00,0.9381099939346313,0.9381999969482422,0.9373000264167786,0.9378100037574768,0.0
2025-12-09 17:30:00+00:00,0.9377999901771545,0.9378200173377991,0.9369800090789795,0.9373900294303894,0.0
2025-12-09 17:45:00+00:00,0.9373599886894226,0.9375,0.936710000038147,0.937309980392456,0.0
2025-12-09 18:00:00+00:00,0.937309980392456,0.9373999834060669,0.9367499947547913,0.9371700286865234,0.0
2025-12-09 18:15:00+00:00,0.9371799826622009,0.9372000098228455,0.9365500211715698,0.9370200037956238,0.0
2025-12-09 18:30:00+00:00,0.9370399713516235,0.9373700022697449,0.9366499781608582,0.9373199939727783,0.0
2025-12-09 18:45:00+00:00,0.9373400211334229,0.9374300241470337,0.9368699789047241,0.9373199939727783,0.0
2025-12-09 19:00:00+00:00,0.9373300075531006,0.9373999834060669,0.9368100166320801,0.9373900294303894,0.0
2025-12-09 19:15:00+00:00,0.9373900294303894,0.9375,0.9369000196456909,0.9374200105667114,0.0
2025-12-09 19:30:00+00:00,0.9374200105667114,0.9374799728393555,0.9368299841880798,0.9373000264167786,0.0
2025-12-09 19:45:00+00:00,0.9372900128364563,0.9373499751091003,0.936710000038147,0.9371399879455566,0.0
2025-12-09 20:00:00+00:00,0.9371100068092346,0.9372199773788452,0.9366000294685364,0.9370700120925903,0.0
2025-12-09 20:15:00+00:00,0.9370700120925903,0.9372299909591675,0.9366199970245361,0.9372100234031677,0.0
2025-12-09 20:30:00+00:00,0.9371899962425232,0.9373000264167786,0.9366899728775024,0.9371799826622009,0.0
2025-12-09 20:45:00+00:00,0.9371799826622009,0.9372299909591675,0.9366300106048584,0.9371100068092346,0.0
2025-12-09 21:00:00+00:00,0.9370999932289124,0.9372400045394897,0.9366499781608582,0.9371500015258789,0.0
2025-12-09 21:15:00+00:00,0.9370899796485901,0.9372000098228455,0.9365800023078918,0.9370800256729126,0.0
2025-12-09 21:30:00+00:00,0.9370599985122681,0.9372000098228455,0.9366000294685364,0.9371200203895569,0.0
2025-12-09 21:45:00+00:00,0.9371200203895569,0.9375799894332886,0.9366999864578247,0.9370800256729126,0.0
2025-12-09 22:00:00+00:00,0.9369199872016907,0.9380999803543091,0.9366400241851807,0.9370700120925903,0.0
2025-12-09 22:15:00+00:00,0.9370700120925903,0.9377300143241882,0.9369699954986572,0.9373800158500671,0.0
2025-12-09 22:30:00+00:00,0.9373400211334229,0.9376000165939331,0.9369099736213684,0.9374499917030334,0.0
2025-12-09 22:45:00+00:00,0.9374799728393555,0.9376000165939331,0.9368000030517578,0.9374799728393555,0.0
2025-12-09 23:00:00+00:00,0.9373400211334229,0.9375500082969666,0.9368799924850464,0.9372599720954895,0.0
2025-12-09 23:15:00+00:00,0.9372599720954895,0.9373999834060669,0.9368000030517578,0.9372699856758118,0.0
2025-12-09 23:30:00+00:00,0.9372299909591675,0.9373199939727783,0.9367499947547913,0.9372199773788452,0.0
2025-12-09 23:45:00+00:00,0.9372199773788452,0.937309980392456,0.936739981174469,0.9372199773788452,0.0
2025-12-10 00:00:00+00:00,0.9371899962425232,0.9373199939727783,0.9366899728775024,0.9372100234031677,0.0
2025-12-10 00:15:00+00:00,0.9372000098228455,0.9373000264167786,0.9367300271987915,0.9372400045394897,0.0
2025-12-10 00:30:00+00:00,0.9372299909591675,0.9373199939727783,0.936710000038147,0.9372599720954895,0.0
2025-12-10 00:45:00+00:00,0.9372599720954895,0.9373199939727783,0.9366400241851807,0.937279999256134,0.0
2025-12-10 01:00:00+00:00,0.9372699856758118,0.9373999834060669,0.9367499947547913,0.9373000264167786,0.0
2025-12-10 01:15:00+00:00,0.9373000264167786,0.9373999834060669,0.9367799758911133,0.9372699856758118,0.0
2025-12-10 01:30:00+00:00,0.9372299909591675,0.9373999834060669,0.9367799758911133,0.9373300075531006,0.0
2025-12-10 01:45:00+00:00,0.9373300075531006,0.9373999834060669,0.936739981174469,0.9372400045394897,0.0
2025-12-10 02:00:00+00:00,0.9372299909591675,0.9373400211334229,0.9367600083351135,0.9372199773788452,0.0
2025-12-10 02:15:00+00:00,0.9372199773788452,0.9373000264167786,0.9367300271987915,0.9371899962425232,0.0
2025-12-10 02:30:00+00:00,0.9371799826622009,0.9373000264167786,0.936739981174469,0.9372199773788452,0.0
2025-12-10 02:45:00+00:00,0.9372299909591675,0.9373400211334229,0.9367899894714355,0.9372400045394897,0.0
2025-12-10 03:00:00+00:00,0.937250018119812,0.9373000264167786,0.936710000038147,0.9371600151062012,0.0
2025-12-10 03:15:00+00:00,0.9371600151062012,0.9372199773788452,0.9366499781608582,0.9371100068092346,0.0
2025-12-10 03:30:00+00:00,0.9371200203895569,0.9373000264167786,0.9366999864578247,0.937250018119812,0.0
2025-12-10 03:45:00+00:00,0.9372100234031677,0.9373000264167786,0.9367600083351135,0.9372100234031677,0.0
2025-12-10 04:00:00+00:00,0.9371899962425232,0.9373300075531006,0.9367499947547913,0.9372199773788452,0.0
2025-12-10 04:15:00+00:00,0.9372199773788452,0.9373000264167786,0.9367600083351135,0.9372199773788452,0.0
2025-12-10 04:30:00+00:00,0.9372000098228455,0.937309980392456,0.9367300271987915,0.9372400045394897,0.0
2025-12-10 04:45:00+00:00,0.9372400045394897,0.9373400211334229,0.9367899894714355,0.937309980392456,0.0
2025-12-10 05:00:00+00:00,0.937309980392456,0.9373999834060669,0.9368699789047241,0.9372900128364563,0.0
2025-12-10 05:15:00+00:00,0.9373000264167786,0.9373999834060669,0.9368500113487244,0.9373499751091003,0.0
2025-12-10 05:30:00+00:00,0.9373499751091003,0.9373999834060669,0.9367899894714355,0.9372699856758118,0.0
2025-12-10 05:45:00+00:00,0.9372699856758118,0.9374200105667114,0.9367700219154358,0.9373999834060669,0.0
2025-12-10 06:00:00+00:00,0.9373999834060669,0.9374399781227112,0.9369099736213684,0.9373900294303894,0.0
2025-12-10 06:15:00+00:00,0.9373900294303894,0.9376000165939331,0.936959981918335,0.9374499917030334,0.0
2025-12-10 06:30:00+00:00,0.9374799728393555,0.9375,0.9369099736213684,0.9373700022697449,0.0
2025-12-10 06:45:00+00:00,0.9373800158500671,0.9375,0.9369500279426575,0.9373499751091003,0.0
2025-12-10 07:00:00+00:00,0.9373800158500671,0.9375100135803223,0.9369000196456909,0.9374200105667114,0.0
2025-12-10 07:15:00+00:00,0.9374200105667114,0.9376400113105774,0.936959981918335,0.9376000165939331,0.0
2025-12-10 07:30:00+00:00,0.9376000165939331,0.9377999901771545,0.9370700120925903,0.937279999256134,0.0
2025-12-10 07:45:00+00:00,0.9372699856758118,0.9379000067710876,0.9368299841880798,0.9377599954605103,0.0
2025-12-10 08:00:00+00:00,0.937720000743866,0.9377899765968323,0.9366499781608582,0.9375200271606445,0.0
2025-12-10 08:15:00+00:00,0.9375100135803223,0.9375200271606445,0.9368399977684021,0.9373700022697449,0.0
2025-12-10 08:30:00+00:00,0.9373800158500671,0.9375,0.936739981174469,0.9373499751091003,0.0
2025-12-10 08:45:00+00:00,0.9373400211334229,0.9373999834060669,0.9365699887275696,0.9370399713516235,0.0
2025-12-10 09:00:00+00:00,0.9370399713516235,0.9372299909591675,0.9364399909973145,0.9368699789047241,0.0
2025-12-10 09:15:00+00:00,0.9368699789047241,0.9369999766349792,0.9361900091171265,0.9368199706077576,0.0
2025-12-10 09:30:00+00:00,0.9367799758911133,0.9370999932289124,0.9363899827003479,0.9368799924850464,0.0
2025-12-10 09:45:00+00:00,0.9368799924850464,0.9370999932289124,0.9364299774169922,0.9369500279426575,0.0
2025-12-10 10:00:00+00:00,0.9369300007820129,0.9372000098228455,0.9365100264549255,0.9371299743652344,0.0
2025-12-10 10:15:00+00:00,0.9371299743652344,0.9372000098228455,0.9365800023078918,0.9369900226593018,0.0
2025-12-10 10:30:00+00:00,0.9369999766349792,0.9370200037956238,0.9362000226974487,0.9367200136184692,0.0
2025-12-10 10:45:00+00:00,0.9366999864578247,0.9370999932289124,0.9362000226974487,0.9369699954986572,0.0
2025-12-10 11:00:00+00:00,0.9369699954986572,0.9370099902153015,0.9361199736595154,0.9366400241851807,0.0
2025-12-10 11:15:00+00:00,0.9366400241851807,0.9368000030517578,0.9361699819564819,0.9366300106048584,0.0
2025-12-10 11:30:00+00:00,0.9366199970245361,0.9369000196456909,0.9361400008201599,0.9368399977684021,0.0
2025-12-10 11:45:00+00:00,0.9368399977684021,0.9369999766349792,0.9363099932670593,0.936959981918335,0.0
2025-12-10 12:00:00+00:00,0.9369500279426575,0.9370399713516235,0.9363899827003479,0.9368500113487244,0.0
2025-12-10 12:15:00+00:00,0.9368199706077576,0.936959981918335,0.9363300204277039,0.9367700219154358,0.0
2025-12-10 12:30:00+00:00,0.9367700219154358,0.9368199706077576,0.9358699917793274,0.9364799857139587,0.0
2025-12-10 12:45:00+00:00,0.9364699721336365,0.9366199970245361,0.9352200031280518,0.9358500242233276,0.0
2025-12-10 13:00:00+00:00,0.9358500242233276,0.9359999895095825,0.9350200295448303,0.9355300068855286,0.0
2025-12-10 13:15:00+00:00,0.9355300068855286,0.935699999332428,0.9349300265312195,0.9355700016021729,0.0
2025-12-10 13:30:00+00:00,0.9355700016021729,0.9356399774551392,0.9344599843025208,0.9351199865341187,0.0
2025-12-10 13:45:00+00:00,0.9351199865341187,0.9351999759674072,0.934499979019165,0.9349600076675415,0.0
2025-12-10 14:00:00+00:00,0.9349600076675415,0.9350000023841858,0.9342100024223328,0.9345499873161316,0.0
2025-12-10 14:15:00+00:00,0.9345600008964539,0.9348899722099304,0.934149980545044,0.9347299933433533,0.0
2025-12-10 14:30:00+00:00,0.9347599744796753,0.9349300265312195,0.9341599941253662,0.9347900152206421,0.0
2025-12-10 14:45:00+00:00,0.9348099827766418,0.9351000189781189,0.9341999888420105,0.9350000023841858,0.0
2025-12-10 15:00:00+00:00,0.9350100159645081,0.9351199865341187,0.934499979019165,0.934939980506897,0.0
2025-12-10 15:15:00+00:00,0.9349499940872192,0.9351000189781189,0.9340900182723999,0.934499979019165,0.0
2025-12-10 15:30:00+00:00,0.934499979019165,0.9346500039100647,0.9340000152587891,0.9345800280570984,0.0
2025-12-10 15:45:00+00:00,0.9345700144767761,0.9347000122070312,0.9339500069618225,0.9343900084495544,0.0
2025-12-10 16:00:00+00:00,0.9343799948692322,0.9348999857902527,0.9339699745178223,0.9348700046539307,0.0
2025-12-10 16:15:00+00:00,0.9348499774932861,0.9352200031280518,0.9344199895858765,0.9351900219917297,0.0
2025-12-10 16:30:00+00:00,0.9351900219917297,0.935259997844696,0.9345099925994873,0.9349600076675415,0.0
2025-12-10 16:45:00+00:00,0.9349499940872192,0.9352999925613403,0.934499979019165,0.9351500272750854,0.0
2025-12-10 17:00:00+00:00,0.9351500272750854,0.9351999759674072,0.9345099925994873,0.9348999857902527,0.0
2025-12-10 17:15:00+00:00,0.9348999857902527,0.9350600242614746,0.9344199895858765,0.9350100159645081,0.0
2025-12-10 17:30:00+00:00,0.9350200295448303,0.9352099895477295,0.9345800280570984,0.9351699948310852,0.0
2025-12-10 17:45:00+00:00,0.9351699948310852,0.9352999925613403,0.934719979763031,0.9352399706840515,0.0
2025-12-10 18:00:00+00:00,0.9352399706840515,0.9353200197219849,0.9346699714660645,0.9352200031280518,0.0
2025-12-10 18:15:00+00:00,0.9352399706840515,0.935509979724884,0.9348000288009644,0.93545001745224,0.0
2025-12-10 18:30:00+00:00,0.9354400038719177,0.935699999332428,0.9350299835205078,0.9356399774551392,0.0
2025-12-10 18:45:00+00:00,0.9356399774551392,0.93572998046875,0.9347400069236755,0.9350399971008301,0.0
2025-12-10 19:00:00+00:00,0.9350399971008301,0.9357100129127502,0.9347599744796753,0.9354299902915955,0.0
2025-12-10 19:15:00+00:00,0.9354199767112732,0.9356600046157837,0.9349600076675415,0.9354900121688843,0.0
2025-12-10 19:30:00+00:00,0.935479998588562,0.935699999332428,0.9347699880599976,0.9354100227355957,0.0
2025-12-10 19:45:00+00:00,0.9354000091552734,0.9356399774551392,0.9348999857902527,0.9355000257492065,0.0
2025-12-10 20:00:00+00:00,0.9355000257492065,0.9355999827384949,0.934660017490387,0.9351800084114075,0.0
2025-12-10 20:15:00+00:00,0.9351800084114075,0.9354400038719177,0.9345999956130981,0.9353399872779846,0.0
2025-12-10 20:30:00+00:00,0.9353500008583069,0.9355999827384949,0.9348400235176086,0.9354400038719177,0.0
2025-12-10 20:45:00+00:00,0.93545001745224,0.9355999827384949,0.9348899722099304,0.9355499744415283,0.0
2025-12-10 21:00:00+00:00,0.9355300068855286,0.9356499910354614,0.9347699880599976,0.935230016708374,0.0
2025-12-10 21:15:00+00:00,0.9352399706840515,0.9353500008583069,0.9347000122070312,0.9352999925613403,0.0
2025-12-10 21:30:00+00:00,0.9352700114250183,0.9355000257492065,0.9347800016403198,0.9354699850082397,0.0
2025-12-10 21:45:00+00:00,0.9353899955749512,0.9358999729156494,0.9346500039100647,0.9351900219917297,0.0
2025-12-10 22:00:00+00:00,0.9349499940872192,0.9352999925613403,0.9343600273132324,0.9348300099372864,0.0
2025-12-10 22:15:00+00:00,0.9348199963569641,0.9351999759674072,0.9344000220298767,0.9348800182342529,0.0
2025-12-10 22:30:00+00:00,0.9351599812507629,0.935509979724884,0.9345999956130981,0.9352399706840515,0.0
2025-12-10 22:45:00+00:00,0.9351199865341187,0.9355000257492065,0.9348700046539307,0.9352899789810181,0.0
2025-12-10 23:00:00+00:00,0.9352899789810181,0.935699999332428,0.9350399971008301,0.935509979724884,0.0
2025-12-10 23:15:00+00:00,0.935479998588562,0.9355999827384949,0.9350299835205078,0.9354199767112732,0.0
2025-12-10 23:30:00+00:00,0.9354199767112732,0.9355000257492065,0.9348899722099304,0.9353399872779846,0.0
2025-12-10 23:45:00+00:00,0.9353200197219849,0.93545001745224,0.9347400069236755,0.9352999925613403,0.0
2025-12-11 00:00:00+00:00,0.9353200197219849,0.9353299736976624,0.934719979763031,0.9352499842643738,0.0
2025-12-11 00:15:00+00:00,0.9351999759674072,0.9352999925613403,0.9345999956130981,0.9351199865341187,0.0
2025-12-11 00:30:00+00:00,0.9351199865341187,0.9352200031280518,0.9345700144767761,0.9351099729537964,0.0
2025-12-11 00:45:00+00:00,0.9351199865341187,0.9356200098991394,0.9347400069236755,0.9355800151824951,0.0
2025-12-11 01:00:00+00:00,0.9355900287628174,0.9355999827384949,0.9346500039100647,0.9350500106811523,0.0
2025-12-11 01:15:00+00:00,0.9350500106811523,0.9351099729537964,0.9345200061798096,0.9349700212478638,0.0
2025-12-11 01:30:00+00:00,0.9349700212478638,0.9350299835205078,0.9344800114631653,0.9349899888038635,0.0
2025-12-11 01:45:00+00:00,0.9349899888038635,0.9351000189781189,0.9345300197601318,0.934909999370575,0.0
2025-12-11 02:00:00+00:00,0.934909999370575,0.9351000189781189,0.9344800114631653,0.934939980506897,0.0
2025-12-11 02:15:00+00:00,0.9349200129508972,0.9350600242614746,0.9344800114631653,0.9349200129508972,0.0
2025-12-11 02:30:00+00:00,0.9349300265312195,0.9351000189781189,0.9344199895858765,0.9349499940872192,0.0
2025-12-11 02:45:00+00:00,0.934939980506897,0.9350000023841858,0.9343000054359436,0.9347100257873535,0.0
2025-12-11 03:00:00+00:00,0.9347100257873535,0.9348000288009644,0.9340599775314331,0.9345600008964539,0.0
2025-12-11 03:15:00+00:00,0.9345600008964539,0.9347000122070312,0.9339900016784668,0.9344499707221985,0.0
2025-12-11 03:30:00+00:00,0.9344499707221985,0.934499979019165,0.933709979057312,0.934149980545044,0.0
2025-12-11 03:45:00+00:00,0.9341400265693665,0.9341999888420105,0.9335399866104126,0.9340699911117554,0.0
2025-12-11 04:00:00+00:00,0.9340199828147888,0.9343000054359436,0.9335299730300903,0.9341899752616882,0.0
2025-12-11 04:15:00+00:00,0.9342100024223328,0.9343000054359436,0.9337300062179565,0.9342700242996216,0.0
2025-12-11 04:30:00+00:00,0.9342700242996216,0.934440016746521,0.9338099956512451,0.9343799948692322,0.0
2025-12-11 04:45:00+00:00,0.9343799948692322,0.9345999956130981,0.9339399933815002,0.9345200061798096,0.0
2025-12-11 05:00:00+00:00,0.9345499873161316,0.9347000122070312,0.9340999722480774,0.9346399903297424,0.0
2025-12-11 05:15:00+00:00,0.9346399903297424,0.9347100257873535,0.9340900182723999,0.9345499873161316,0.0
2025-12-11 05:30:00+00:00,0.9345399737358093,0.9345999956130981,0.9340599775314331,0.9345399737358093,0.0
2025-12-11 05:45:00+00:00,0.9345499873161316,0.9347000122070312,0.9341199994087219,0.9345200061798096,0.0
2025-12-11 06:00:00+00:00,0.9345200061798096,0.9345999956130981,0.9339500069618225,0.9344800114631653,0.0
2025-12-11 06:15:00+00:00,0.9344800114631653,0.9347000122070312,0.9340000152587891,0.9344800114631653,0.0
2025-12-11 06:30:00+00:00,0.934469997882843,0.9347000122070312,0.9340299963951111,0.9346399903297424,0.0
2025-12-11 06:45:00+00:00,0.9346399903297424,0.9347299933433533,0.934149980545044,0.9346699714660645,0.0
2025-12-11 07:00:00+00:00,0.9346500039100647,0.9348999857902527,0.9339900016784668,0.9347599744796753,0.0
2025-12-11 07:15:00+00:00,0.9347500205039978,0.9350000023841858,0.9343199729919434,0.9349799752235413,0.0
2025-12-11 07:30:00+00:00,0.9349799752235413,0.9355999827384949,0.9345899820327759,0.9355700016021729,0.0
2025-12-11 07:45:00+00:00,0.9355700016021729,0.935699999332428,0.9348300099372864,0.9351500272750854,0.0
2025-12-11 08:00:00+00:00,0.9351500272750854,0.9355000257492065,0.9345700144767761,0.9352200031280518,0.0
2025-12-11 08:15:00+00:00,0.9352200031280518,0.9355400204658508,0.9345999956130981,0.9354100227355957,0.0
2025-12-11 08:30:00+00:00,0.9354100227355957,0.9355700016021729,0.9342600107192993,0.934689998626709,0.0
2025-12-11 08:45:00+00:00,0.9346699714660645,0.9347500205039978,0.9340599775314331,0.9344900250434875,0.0
2025-12-11 09:00:00+00:00,0.9344800114631653,0.934660017490387,0.9335200190544128,0.9346500039100647,0.0
2025-12-11 09:15:00+00:00,0.9346299767494202,0.934909999370575,0.9338899850845337,0.934469997882843,0.0
2025-12-11 09:30:00+00:00,0.9344499707221985,0.9345399737358093,0.9330300092697144,0.933929979801178,0.0
2025-12-11 09:45:00+00:00,0.9339399933815002,0.9342300295829773,0.9334999918937683,0.9338499903678894,0.0
2025-12-11 10:00:00+00:00,0.9338499903678894,0.9340900182723999,0.9331300258636475,0.9335799813270569,0.0
2025-12-11 10:15:00+00:00,0.9335799813270569,0.9338200092315674,0.932889997959137,0.9334200024604797,0.0
2025-12-11 10:30:00+00:00,0.9334099888801575,0.9337999820709229,0.9327600002288818,0.9336900115013123,0.0
2025-12-11 10:45:00+00:00,0.9336900115013123,0.9337400197982788,0.9327600002288818,0.9332500100135803,0.0
2025-12-11 11:00:00+00:00,0.9332500100135803,0.9332600235939026,0.9322900176048279,0.9330000281333923,0.0
2025-12-11 11:15:00+00:00,0.9329900145530701,0.9333000183105469,0.9325799942016602,0.9331200122833252,0.0
2025-12-11 11:30:00+00:00,0.9330999851226807,0.9333199858665466,0.9325500130653381,0.9329100251197815,0.0
2025-12-11 11:45:00+00:00,0.9329100251197815,0.9331700205802917,0.9325199723243713,0.9328299760818481,0.0
2025-12-11 12:00:00+00:00,0.9328200221061707,0.9331499934196472,0.9321799874305725,0.9328399896621704,0.0
2025-12-11 12:15:00+00:00,0.9328399896621704,0.9330999851226807,0.9323899745941162,0.9328399896621704,0.0
2025-12-11 12:30:00+00:00,0.9328399896621704,0.9332900047302246,0.9323400259017944,0.9327499866485596,0.0
2025-12-11 12:45:00+00:00,0.9327600002288818,0.9330499768257141,0.9321500062942505,0.9330099821090698,0.0
2025-12-11 13:00:00+00:00,0.9330499768257141,0.9333000183105469,0.932640016078949,0.9330599904060364,0.0
2025-12-11 13:15:00+00:00,0.9330400228500366,0.9333999752998352,0.9323899745941162,0.932889997959137,0.0
2025-12-11 13:30:00+00:00,0.9330400228500366,0.9334200024604797,0.9326000213623047,0.9330499768257141,0.0
2025-12-11 13:45:00+00:00,0.9330499768257141,0.9333999752998352,0.932669997215271,0.9331899881362915,0.0
2025-12-11 14:00:00+00:00,0.9331899881362915,0.9333999752998352,0.9326599836349487,0.9331600069999695,0.0
2025-12-11 14:15:00+00:00,0.9331600069999695,0.9332000017166138,0.9326000213623047,0.9330700039863586,0.0
2025-12-11 14:30:00+00:00,0.9330599904060364,0.9330800175666809,0.9323199987411499,0.9327800273895264,0.0
2025-12-11 14:45:00+00:00,0.9327800273895264,0.9329000115394592,0.9318000078201294,0.9320999979972839,0.0
2025-12-11 15:00:00+00:00,0.932129979133606,0.9329500198364258,0.9317100048065186,0.9329100251197815,0.0
2025-12-11 15:15:00+00:00,0.9329100251197815,0.9337000250816345,0.932479977607727,0.9335500001907349,0.0
2025-12-11 15:30:00+00:00,0.9335500001907349,0.9336199760437012,0.9322199821472168,0.9326800107955933,0.0
2025-12-11 15:45:00+00:00,0.9326500296592712,0.9328500032424927,0.9318000078201294,0.9327200055122375,0.0
2025-12-11 16:00:00+00:00,0.9327300190925598,0.9333000183105469,0.9323400259017944,0.9327899813652039,0.0
2025-12-11 16:15:00+00:00,0.9327999949455261,0.9331099987030029,0.9321399927139282,0.9330599904060364,0.0
2025-12-11 16:30:00+00:00,0.9330700039863586,0.9331099987030029,0.9322999715805054,0.9328600168228149,0.0
2025-12-11 16:45:00+00:00,0.9328500032424927,0.9329000115394592,0.9318100214004517,0.932420015335083,0.0
2025-12-11 17:00:00+00:00,0.9324300289154053,0.9325600266456604,0.9318600296974182,0.9322100281715393,0.0
2025-12-11 17:15:00+00:00,0.9321699738502502,0.9324100017547607,0.9317799806594849,0.9323499798774719,0.0
2025-12-11 17:30:00+00:00,0.9323400259017944,0.932699978351593,0.9318600296974182,0.9325799942016602,0.0
2025-12-11 17:45:00+00:00,0.9325699806213379,0.9328100085258484,0.9321200251579285,0.9327200055122375,0.0
2025-12-11 18:00:00+00:00,0.9327399730682373,0.9327999949455261,0.9321900010108948,0.9327499866485596,0.0
2025-12-11 18:15:00+00:00,0.9327700138092041,0.9328500032424927,0.9322400093078613,0.9328399896621704,0.0
2025-12-11 18:30:00+00:00,0.9328200221061707,0.9329599738121033,0.9323800206184387,0.932919979095459,0.0
2025-12-11 18:45:00+00:00,0.9329100251197815,0.9330000281333923,0.9323700070381165,0.9329100251197815,0.0
2025-12-11 19:00:00+00:00,0.9329100251197815,0.9333000183105469,0.932479977607727,0.9332699775695801,0.0
2025-12-11 19:15:00+00:00,0.9332799911499023,0.933430016040802,0.9327700138092041,0.9333199858665466,0.0
2025-12-11 19:30:00+00:00,0.9333400130271912,0.9334200024604797,0.9326900243759155,0.9331700205802917,0.0
2025-12-11 19:45:00+00:00,0.9331700205802917,0.9335200190544128,0.932669997215271,0.933459997177124,0.0
2025-12-11 20:00:00+00:00,0.933430016040802,0.9336000084877014,0.9326000213623047,0.9331600069999695,0.0
2025-12-11 20:15:00+00:00,0.9331600069999695,0.9333199858665466,0.9326300024986267,0.9330499768257141,0.0
2025-12-11 20:30:00+00:00,0.9330499768257141,0.9330599904060364,0.9322800040245056,0.9327899813652039,0.0
2025-12-11 20:45:00+00:00,0.9327700138092041,0.9331300258636475,0.9322299957275391,0.9331200122833252,0.0
2025-12-11 21:00:00+00:00,0.9331200122833252,0.9333000183105469,0.9325399994850159,0.9332699775695801,0.0
2025-12-11 21:15:00+00:00,0.9332399964332581,0.933459997177124,0.9328500032424927,0.9332399964332581,0.0
2025-12-11 21:30:00+00:00,0.9332200288772583,0.9333299994468689,0.9326599836349487,0.9330999851226807,0.0
2025-12-11 21:45:00+00:00,0.9331200122833252,0.9336299896240234,0.932640016078949,0.9333800077438354,0.0
2025-12-11 22:00:00+00:00,0.9334499835968018,0.9335700273513794,0.9324300289154053,0.9327300190925598,0.0
2025-12-11 22:15:00+00:00,0.932200014591217,0.9331300258636475,0.932200014591217,0.9325699806213379,0.0
2025-12-11 22:30:00+00:00,0.9326300024986267,0.9330800175666809,0.9322299957275391,0.9329599738121033,0.0
2025-12-11 22:45:00+00:00,0.9329599738121033,0.9330400228500366,0.9321799874305725,0.9325000047683716,0.0
2025-12-11 23:00:00+00:00,0.9325500130653381,0.9334999918937683,0.9322999715805054,0.9331300258636475,0.0
2025-12-11 23:15:00+00:00,0.9331300258636475,0.9333000183105469,0.932699978351593,0.9330599904060364,0.0
2025-12-11 23:30:00+00:00,0.9330599904060364,0.9332299828529358,0.9325900077819824,0.9330199956893921,0.0
2025-12-11 23:45:00+00:00,0.9330099821090698,0.9330999851226807,0.9325299859046936,0.9329599738121033,0.0
2025-12-12 00:00:00+00:00,0.932919979095459,0.9330099821090698,0.9323899745941162,0.9328299760818481,0.0
2025-12-12 00:15:00+00:00,0.9328200221061707,0.9332000017166138,0.9323899745941162,0.9330599904060364,0.0
2025-12-12 00:30:00+00:00,0.9330599904060364,0.9332000017166138,0.9325399994850159,0.9329900145530701,0.0
2025-12-12 00:45:00+00:00,0.9329500198364258,0.9330999851226807,0.9322800040245056,0.9327499866485596,0.0
2025-12-12 01:00:00+00:00,0.9327499866485596,0.9330300092697144,0.9323300123214722,0.9328299760818481,0.0
2025-12-12 01:15:00+00:00,0.9329000115394592,0.9329100251197815,0.9323700070381165,0.9328699707984924,0.0
2025-12-12 01:30:00+00:00,0.9329000115394592,0.9329000115394592,0.9319599866867065,0.9323899745941162,0.0
2025-12-12 01:45:00+00:00,0.9323899745941162,0.9326000213623047,0.9318699836730957,0.9325600266456604,0.0
2025-12-12 02:00:00+00:00,0.9325799942016602,0.9326000213623047,0.931850016117096,0.9325100183486938,0.0
2025-12-12 02:15:00+00:00,0.9325000047683716,0.932640016078949,0.9320200085639954,0.932449996471405,0.0
2025-12-12 02:30:00+00:00,0.9324600100517273,0.9328200221061707,0.9320200085639954,0.9327700138092041,0.0
2025-12-12 02:45:00+00:00,0.9327999949455261,0.9327999949455261,0.9322199821472168,0.932669997215271,0.0
2025-12-12 03:00:00+00:00,0.932669997215271,0.932699978351593,0.9321100115776062,0.9326199889183044,0.0
2025-12-12 03:15:00+00:00,0.9326199889183044,0.9327399730682373,0.9321900010108948,0.9327399730682373,0.0
2025-12-12 03:30:00+00:00,0.9327200055122375,0.9327999949455261,0.9322100281715393,0.932699978351593,0.0
2025-12-12 03:45:00+00:00,0.932699978351593,0.9327999949455261,0.9322500228881836,0.9326800107955933,0.0
2025-12-12 04:00:00+00:00,0.9326800107955933,0.9327399730682373,0.9322199821472168,0.932699978351593,0.0
2025-12-12 04:15:00+00:00,0.932699978351593,0.9327999949455261,0.9322400093078613,0.9326900243759155,0.0
2025-12-12 04:30:00+00:00,0.9326900243759155,0.9327999949455261,0.9322500228881836,0.9327300190925598,0.0
2025-12-12 04:45:00+00:00,0.9327300190925598,0.9328100085258484,0.9322699904441833,0.9327099919319153,0.0
2025-12-12 05:00:00+00:00,0.9326900243759155,0.9329000115394592,0.9322400093078613,0.9327999949455261,0.0
2025-12-12 05:15:00+00:00,0.9328200221061707,0.932919979095459,0.9324100017547607,0.9328600168228149,0.0
2025-12-12 05:30:00+00:00,0.9328600168228149,0.9329000115394592,0.9323599934577942,0.9328200221061707,0.0
2025-12-12 05:45:00+00:00,0.9328100085258484,0.9329400062561035,0.9323800206184387,0.9328100085258484,0.0
2025-12-12 06:00:00+00:00,0.9328100085258484,0.9330099821090698,0.9323599934577942,0.932919979095459,0.0
2025-12-12 06:15:00+00:00,0.932919979095459,0.9330599904060364,0.9323400259017944,0.9330000281333923,0.0
2025-12-12 06:30:00+00:00,0.9330000281333923,0.9331099987030029,0.932479977607727,0.9329500198364258,0.0
2025-12-12 06:45:00+00:00,0.9329599738121033,0.9330999851226807,0.9324300289154053,0.9329400062561035,0.0
2025-12-12 07:00:00+00:00,0.9329100251197815,0.9329400062561035,0.9322800040245056,0.9329000115394592,0.0
2025-12-12 07:15:00+00:00,0.9329299926757812,0.9330000281333923,0.9322599768638611,0.9328699707984924,0.0
2025-12-12 07:30:00+00:00,0.9329000115394592,0.9330999851226807,0.9322800040245056,0.9327700138092041,0.0
2025-12-12 07:45:00+00:00,0.9327999949455261,0.9331600069999695,0.9322599768638611,0.9330999851226807,0.0
2025-12-12 08:00:00+00:00,0.9331099987030029,0.9332699775695801,0.9322800040245056,0.9330000281333923,0.0
2025-12-12 08:15:00+00:00,0.9329900145530701,0.9331700205802917,0.9322400093078613,0.932669997215271,0.0
2025-12-12 08:30:00+00:00,0.9326500296592712,0.9330599904060364,0.9320899844169617,0.932669997215271,0.0
2025-12-12 08:45:00+00:00,0.932669997215271,0.9330000281333923,0.9322299957275391,0.9326199889183044,0.0
2025-12-12 09:00:00+00:00,0.9326000213623047,0.9327999949455261,0.9321399927139282,0.9327399730682373,0.0
2025-12-12 09:15:00+00:00,0.9327399730682373,0.9328299760818481,0.9321399927139282,0.932669997215271,0.0
2025-12-12 09:30:00+00:00,0.9326800107955933,0.9327099919319153,0.9319199919700623,0.9323300123214722,0.0
2025-12-12 09:45:00+00:00,0.9322900176048279,0.9326300024986267,0.93190997838974,0.9325799942016602,0.0
2025-12-12 10:00:00+00:00,0.9325399994850159,0.9329500198364258,0.9319599866867065,0.9328100085258484,0.0
2025-12-12 10:15:00+00:00,0.9328100085258484,0.9328100085258484,0.9321699738502502,0.9325299859046936,0.0
2025-12-12 10:30:00+00:00,0.9325299859046936,0.9326000213623047,0.9319900274276733,0.9325399994850159,0.0
2025-12-12 10:45:00+00:00,0.9325399994850159,0.9329000115394592,0.9319900274276733,0.9327300190925598,0.0
2025-12-12 11:00:00+00:00,0.9327399730682373,0.9329000115394592,0.9322599768638611,0.9328299760818481,0.0
2025-12-12 11:15:00+00:00,0.9328399896621704,0.9329000115394592,0.9320899844169617,0.9325399994850159,0.0
2025-12-12 11:30:00+00:00,0.9325199723243713,0.9326099753379822,0.9320300221443176,0.9325399994850159,0.0
2025-12-12 11:45:00+00:00,0.9325299859046936,0.932699978351593,0.9320899844169617,0.9325900077819824,0.0
2025-12-12 12:00:00+00:00,0.9325699806213379,0.9330599904060364,0.9320799708366394,0.9328799843788147,0.0
2025-12-12 12:15:00+00:00,0.9329100251197815,0.9330099821090698,0.9324300289154053,0.9329299926757812,0.0
2025-12-12 12:30:00+00:00,0.9329299926757812,0.9330999851226807,0.9323800206184387,0.9329500198364258,0.0
2025-12-12 12:45:00+00:00,0.9330000281333923,0.9333999752998352,0.9325199723243713,0.9329699873924255,0.0
2025-12-12 13:00:00+00:00,0.9329699873924255,0.9333999752998352,0.9326199889183044,0.9331899881362915,0.0
2025-12-12 13:15:00+00:00,0.9331600069999695,0.9333400130271912,0.9326099753379822,0.9332699775695801,0.0
2025-12-12 13:30:00+00:00,0.9332699775695801,0.9336199760437012,0.9328399896621704,0.9335100054740906,0.0
2025-12-12 13:45:00+00:00,0.9335200190544128,0.9335399866104126,0.9328600168228149,0.9334099888801575,0.0
2025-12-12 14:00:00+00:00,0.9333900213241577,0.9336000084877014,0.9328100085258484,0.9332900047302246,0.0
2025-12-12 14:15:00+00:00,0.9333000183105469,0.9335799813270569,0.9328500032424927,0.9333099722862244,0.0
2025-12-12 14:30:00+00:00,0.9332900047302246,0.9333500266075134,0.9324899911880493,0.9329500198364258,0.0
2025-12-12 14:45:00+00:00,0.9329400062561035,0.9333000183105469,0.9325399994850159,0.9332000017166138,0.0
2025-12-12 15:00:00+00:00,0.9332000017166138,0.9333999752998352,0.9325500130653381,0.9333400130271912,0.0
2025-12-12 15:15:00+00:00,0.9333400130271912,0.9335200190544128,0.932699978351593,0.933139979839325,0.0
2025-12-12 15:30:00+00:00,0.9331300258636475,0.933650016784668,0.9325199723243713,0.9336400032043457,0.0
2025-12-12 15:45:00+00:00,0.9336400032043457,0.9342899918556213,0.9332900047302246,0.9339799880981445,0.0
2025-12-12 16:00:00+00:00,0.9339699745178223,0.934220016002655,0.9333199858665466,0.9338399767875671,0.0
2025-12-12 16:15:00+00:00,0.9338399767875671,0.9340999722480774,0.9332600235939026,0.9339600205421448,0.0
2025-12-12 16:30:00+00:00,0.9339200258255005,0.9341099858283997,0.9333199858665466,0.9340199828147888,0.0
2025-12-12 16:45:00+00:00,0.9340199828147888,0.9340999722480774,0.9333800077438354,0.9338099956512451,0.0
2025-12-12 17:00:00+00:00,0.9338099956512451,0.9341999888420105,0.9334099888801575,0.9340599775314331,0.0
2025-12-12 17:15:00+00:00,0.9340800046920776,0.9344000220298767,0.9336599707603455,0.9341199994087219,0.0
2025-12-12 17:30:00+00:00,0.9341099858283997,0.934499979019165,0.9336900115013123,0.9344199895858765,0.0
2025-12-12 17:45:00+00:00,0.9344300031661987,0.9345999956130981,0.9339399933815002,0.9343900084495544,0.0
2025-12-12 18:00:00+00:00,0.9343799948692322,0.934440016746521,0.9338099956512451,0.9342799782752991,0.0
2025-12-12 18:15:00+00:00,0.9342799782752991,0.9344599843025208,0.9337999820709229,0.9343500137329102,0.0
2025-12-12 18:30:00+00:00,0.9343600273132324,0.9344300031661987,0.9338399767875671,0.9342899918556213,0.0
2025-12-12 18:45:00+00:00,0.9342799782752991,0.9344199895858765,0.9338099956512451,0.9341899752616882,0.0
2025-12-12 19:00:00+00:00,0.9341999888420105,0.9344000220298767,0.9337499737739563,0.9343500137329102,0.0
2025-12-12 19:15:00+00:00,0.9343600273132324,0.9344199895858765,0.9338899850845337,0.9343600273132324,0.0
2025-12-12 19:30:00+00:00,0.9343500137329102,0.934499979019165,0.933929979801178,0.9343900084495544,0.0
2025-12-12 19:45:00+00:00,0.9344000220298767,0.9346100091934204,0.9339200258255005,0.9343900084495544,0.0
2025-12-12 20:00:00+00:00,0.9343699812889099,0.9345999956130981,0.9339500069618225,0.9345099925994873,0.0
2025-12-12 20:15:00+00:00,0.9345099925994873,0.9345999956130981,0.9340000152587891,0.9344599843025208,0.0
2025-12-12 20:30:00+00:00,0.9344499707221985,0.9347000122070312,0.9339500069618225,0.9345899820327759,0.0
2025-12-12 20:45:00+00:00,0.9345600008964539,0.934719979763031,0.9340999722480774,0.9345999956130981,0.0
2025-12-12 21:00:00+00:00,0.9345999956130981,0.9347000122070312,0.9340800046920776,0.9345899820327759,0.0
2025-12-12 21:15:00+00:00,0.9345999956130981,0.9346299767494202,0.9339600205421448,0.9343600273132324,0.0
2025-12-12 21:30:00+00:00,0.9343900084495544,0.9347100257873535,0.9339500069618225,0.9345200061798096,0.0
2025-12-12 21:45:00+00:00,0.934499979019165,0.9347000122070312,0.9340100288391113,0.9344300031661987,0.0
2025-12-12 22:00:00+00:00,0.9336299896240234,0.9336299896240234,0.9336299896240234,0.9336299896240234,0.0
2025-12-12 22:15:00+00:00,0.9336299896240234,0.9336299896240234,0.9336299896240234,0.9336299896240234,0.0
2025-12-15 00:00:00+00:00,0.9344199895858765,0.9346500039100647,0.9339799880981445,0.9345099925994873,0.0
2025-12-15 00:15:00+00:00,0.9344800114631653,0.9345499873161316,0.9340000152587891,0.9345099925994873,0.0
2025-12-15 00:30:00+00:00,0.934469997882843,0.9346299767494202,0.9340400099754333,0.9345600008964539,0.0
2025-12-15 00:45:00+00:00,0.9345600008964539,0.9345999956130981,0.9337900280952454,0.9342700242996216,0.0
2025-12-15 01:00:00+00:00,0.9342600107192993,0.934499979019165,0.9338399767875671,0.9343400001525879,0.0
2025-12-15 01:15:00+00:00,0.9343299865722656,0.9344300031661987,0.9338499903678894,0.933929979801178,0.0
2025-12-15 01:30:00+00:00,0.9343699812889099,0.9346299767494202,0.933929979801178,0.9345399737358093,0.0
2025-12-15 01:45:00+00:00,0.9345300197601318,0.9345999956130981,0.9340400099754333,0.934499979019165,0.0
2025-12-15 02:00:00+00:00,0.934499979019165,0.9345499873161316,0.9338399767875671,0.9342899918556213,0.0
2025-12-15 02:15:00+00:00,0.9343000054359436,0.9344199895858765,0.9338099956512451,0.9343299865722656,0.0
2025-12-15 02:30:00+00:00,0.9342899918556213,0.9344300031661987,0.9338099956512451,0.934249997138977,0.0
2025-12-15 02:45:00+00:00,0.934249997138977,0.9343100190162659,0.9336900115013123,0.9341400265693665,0.0
2025-12-15 03:00:00+00:00,0.9341099858283997,0.9342300295829773,0.9336599707603455,0.9341300129890442,0.0
2025-12-15 03:15:00+00:00,0.9341300129890442,0.9344000220298767,0.9336599707603455,0.9342100024223328,0.0
2025-12-15 03:30:00+00:00,0.9342100024223328,0.9344000220298767,0.9337199926376343,0.9342100024223328,0.0
2025-12-15 03:45:00+00:00,0.9341899752616882,0.9343000054359436,0.9337499737739563,0.9342100024223328,0.0
2025-12-15 04:00:00+00:00,0.934220016002655,0.9342399835586548,0.933650016784668,0.9340400099754333,0.0
2025-12-15 04:15:00+00:00,0.9340400099754333,0.9341999888420105,0.9335600137710571,0.934149980545044,0.0
2025-12-15 04:30:00+00:00,0.9341400265693665,0.9341999888420105,0.9336199760437012,0.9340400099754333,0.0
2025-12-15 04:45:00+00:00,0.9340400099754333,0.9341199994087219,0.9335200190544128,0.933650016784668,0.0
2025-12-15 05:00:00+00:00,0.9340699911117554,0.9341199994087219,0.9335700273513794,0.9340699911117554,0.0
2025-12-15 05:15:00+00:00,0.9340900182723999,0.9340999722480774,0.9335200190544128,0.9339699745178223,0.0
2025-12-15 05:30:00+00:00,0.9339699745178223,0.9341999888420105,0.9335200190544128,0.9340599775314331,0.0
2025-12-15 05:45:00+00:00,0.9340900182723999,0.9341400265693665,0.9336199760437012,0.9339500069618225,0.0
2025-12-15 06:00:00+00:00,0.9339500069618225,0.9343000054359436,0.9335100054740906,0.934149980545044,0.0
2025-12-15 06:15:00+00:00,0.9341300129890442,0.9343500137329102,0.9336199760437012,0.9340900182723999,0.0
2025-12-15 06:30:00+00:00,0.9340900182723999,0.9341999888420105,0.9335500001907349,0.9341199994087219,0.0
2025-12-15 06:45:00+00:00,0.9341199994087219,0.9344000220298767,0.9336199760437012,0.9343699812889099,0.0
2025-12-15 07:00:00+00:00,0.9343600273132324,0.934499979019165,0.933650016784668,0.9341199994087219,0.0
2025-12-15 07:15:00+00:00,0.9341199994087219,0.9344000220298767,0.933650016784668,0.9341400265693665,0.0
2025-12-15 07:30:00+00:00,0.9341199994087219,0.9343000054359436,0.933650016784668,0.9342300295829773,0.0
2025-12-15 07:45:00+00:00,0.934220016002655,0.934440016746521,0.9336400032043457,0.9342300295829773,0.0
2025-12-15 08:00:00+00:00,0.9342300295829773,0.9344099760055542,0.9337800145149231,0.9343400001525879,0.0
2025-12-15 08:15:00+00:00,0.9343400001525879,0.9348800182342529,0.9338700175285339,0.9344000220298767,0.0
2025-12-15 08:30:00+00:00,0.9343799948692322,0.9352399706840515,0.9339600205421448,0.9351900219917297,0.0
2025-12-15 08:45:00+00:00,0.9351900219917297,0.9353200197219849,0.9345499873161316,0.9352099895477295,0.0
2025-12-15 09:00:00+00:00,0.935230016708374,0.9355999827384949,0.9348000288009644,0.9354400038719177,0.0
2025-12-15 09:15:00+00:00,0.9354400038719177,0.9355400204658508,0.9347299933433533,0.9351500272750854,0.0
2025-12-15 09:30:00+00:00,0.9351500272750854,0.9352200031280518,0.9343400001525879,0.9348000288009644,0.0
2025-12-15 09:45:00+00:00,0.9348000288009644,0.934909999370575,0.9343199729919434,0.9348599910736084,0.0
2025-12-15 10:00:00+00:00,0.9348599910736084,0.9350000023841858,0.9340999722480774,0.9346799850463867,0.0
2025-12-15 10:15:00+00:00,0.9346799850463867,0.934939980506897,0.9340699911117554,0.934909999370575,0.0
2025-12-15 10:30:00+00:00,0.9348899722099304,0.9349300265312195,0.9342399835586548,0.9348300099372864,0.0
2025-12-15 10:45:00+00:00,0.9347900152206421,0.9349200129508972,0.9341999888420105,0.9348599910736084,0.0
2025-12-15 11:00:00+00:00,0.9348599910736084,0.9349499940872192,0.9343299865722656,0.934909999370575,0.0
2025-12-15 11:15:00+00:00,0.9349300265312195,0.9351999759674072,0.9344599843025208,0.9347100257873535,0.0
2025-12-15 11:30:00+00:00,0.9351400136947632,0.9352099895477295,0.9344499707221985,0.934939980506897,0.0
2025-12-15 11:45:00+00:00,0.9347800016403198,0.9351000189781189,0.9343600273132324,0.9350699782371521,0.0
2025-12-15 12:00:00+00:00,0.9350500106811523,0.9352200031280518,0.9345499873161316,0.9352099895477295,0.0
2025-12-15 12:15:00+00:00,0.9351900219917297,0.9352999925613403,0.9346200227737427,0.9351900219917297,0.0
2025-12-15 12:30:00+00:00,0.9351900219917297,0.9352200031280518,0.9345700144767761,0.9350299835205078,0.0
2025-12-15 12:45:00+00:00,0.9350399971008301,0.9352999925613403,0.9346399903297424,0.9352499842643738,0.0
2025-12-15 13:00:00+00:00,0.9352499842643738,0.9355999827384949,0.9347800016403198,0.935509979724884,0.0
2025-12-15 13:15:00+00:00,0.935509979724884,0.93572998046875,0.9350500106811523,0.9356399774551392,0.0
2025-12-15 13:30:00+00:00,0.9356600046157837,0.935699999332428,0.9349600076675415,0.9353899955749512,0.0
2025-12-15 13:45:00+00:00,0.9353600144386292,0.93545001745224,0.9346100091934204,0.9352700114250183,0.0
2025-12-15 14:00:00+00:00,0.9352800250053406,0.9354000091552734,0.934689998626709,0.9352499842643738,0.0
2025-12-15 14:15:00+00:00,0.9352700114250183,0.9352999925613403,0.9345899820327759,0.9350900053977966,0.0
2025-12-15 14:30:00+00:00,0.9350500106811523,0.9351800084114075,0.9343600273132324,0.9348499774932861,0.0
2025-12-15 14:45:00+00:00,0.9348599910736084,0.9348800182342529,0.9340000152587891,0.9341999888420105,0.0
2025-12-15 15:00:00+00:00,0.9341700077056885,0.9348999857902527,0.9336699843406677,0.9347699880599976,0.0
2025-12-15 15:15:00+00:00,0.9347800016403198,0.9349300265312195,0.9339200258255005,0.9342700242996216,0.0
2025-12-15 15:30:00+00:00,0.934249997138977,0.9347299933433533,0.9338099956512451,0.9346200227737427,0.0
2025-12-15 15:45:00+00:00,0.9346299767494202,0.9352999925613403,0.9341599941253662,0.935230016708374,0.0
2025-12-15 16:00:00+00:00,0.9352499842643738,0.9354100227355957,0.9346200227737427,0.9351500272750854,0.0
2025-12-15 16:15:00+00:00,0.9351099729537964,0.935699999332428,0.9347000122070312,0.9356200098991394,0.0
2025-12-15 16:30:00+00:00,0.9356200098991394,0.9359999895095825,0.9351199865341187,0.9358999729156494,0.0
2025-12-15 16:45:00+00:00,0.9358699917793274,0.9362199902534485,0.9354400038719177,0.9361000061035156,0.0
2025-12-15 17:00:00+00:00,0.9361000061035156,0.9362300038337708,0.9355999827384949,0.9360399842262268,0.0
2025-12-15 17:15:00+00:00,0.9360299706459045,0.9362300038337708,0.9355700016021729,0.9362099766731262,0.0
2025-12-15 17:30:00+00:00,0.9357799887657166,0.9363999962806702,0.9356499910354614,0.9360899925231934,0.0
2025-12-15 17:45:00+00:00,0.9360899925231934,0.9361199736595154,0.9355000257492065,0.9359800219535828,0.0
2025-12-15 18:00:00+00:00,0.9359700083732605,0.9359999895095825,0.9354299902915955,0.935920000076294,0.0
2025-12-15 18:15:00+00:00,0.935920000076294,0.9359999895095825,0.935230016708374,0.9356799721717834,0.0
2025-12-15 18:30:00+00:00,0.935670018196106,0.9358100295066833,0.9352099895477295,0.9357200264930725,0.0
2025-12-15 18:45:00+00:00,0.9356899857521057,0.9358500242233276,0.9351400136947632,0.935699999332428,0.0
2025-12-15 19:00:00+00:00,0.9357200264930725,0.9358999729156494,0.935259997844696,0.9358199834823608,0.0
2025-12-15 19:15:00+00:00,0.9358199834823608,0.9359999895095825,0.9352899789810181,0.9357399940490723,0.0
2025-12-15 19:30:00+00:00,0.9357399940490723,0.9358999729156494,0.9352200031280518,0.9358800053596497,0.0
2025-12-15 19:45:00+00:00,0.9358699917793274,0.9359999895095825,0.9353700280189514,0.9358999729156494,0.0
2025-12-15 20:00:00+00:00,0.9358900189399719,0.9359300136566162,0.935230016708374,0.9357200264930725,0.0
2025-12-15 20:15:00+00:00,0.935699999332428,0.9358999729156494,0.9352999925613403,0.9353399872779846,0.0
2025-12-15 20:30:00+00:00,0.9357600212097168,0.9359800219535828,0.9353500008583069,0.9359300136566162,0.0
2025-12-15 20:45:00+00:00,0.9359300136566162,0.936020016670227,0.9354299902915955,0.935949981212616,0.0
2025-12-15 21:00:00+00:00,0.935949981212616,0.9359999895095825,0.9353399872779846,0.935920000076294,0.0
2025-12-15 21:15:00+00:00,0.9359400272369385,0.9359400272369385,0.9353200197219849,0.9357500076293945,0.0
2025-12-15 21:30:00+00:00,0.9357500076293945,0.9358999729156494,0.9353100061416626,0.9358999729156494,0.0
2025-12-15 21:45:00+00:00,0.9357799887657166,0.9358900189399719,0.9352999925613403,0.9353700280189514,0.0
2025-12-15 22:00:00+00:00,0.9352099895477295,0.9353600144386292,0.9344000220298767,0.9352999925613403,0.0
2025-12-15 22:15:00+00:00,0.9350699782371521,0.93545001745224,0.9347000122070312,0.9351000189781189,0.0
2025-12-15 22:30:00+00:00,0.9352899789810181,0.935699999332428,0.9348999857902527,0.9355800151824951,0.0
2025-12-15 22:45:00+00:00,0.9355900287628174,0.9356099963188171,0.9348000288009644,0.9355999827384949,0.0
2025-12-15 23:00:00+00:00,0.9354599714279175,0.9359999895095825,0.9351099729537964,0.9358999729156494,0.0
2025-12-15 23:15:00+00:00,0.9358999729156494,0.9359999895095825,0.9354599714279175,0.9359999895095825,0.0
2025-12-15 23:30:00+00:00,0.9358900189399719,0.9359800219535828,0.9351500272750854,0.9356399774551392,0.0
2025-12-15 23:45:00+00:00,0.935699999332428,0.93572998046875,0.9351800084114075,0.935699999332428,0.0
2025-12-16 00:00:00+00:00,0.9357799887657166,0.9358400106430054,0.9348599910736084,0.9353100061416626,0.0
2025-12-16 00:15:00+00:00,0.9353100061416626,0.9355999827384949,0.9348999857902527,0.9355300068855286,0.0
2025-12-16 00:30:00+00:00,0.9355300068855286,0.935699999332428,0.9350699782371521,0.9355499744415283,0.0
2025-12-16 00:45:00+00:00,0.9355300068855286,0.9356300234794617,0.9349899888038635,0.9353600144386292,0.0
2025-12-16 01:00:00+00:00,0.9353700280189514,0.9355999827384949,0.9348499774932861,0.9354699850082397,0.0
2025-12-16 01:15:00+00:00,0.9355000257492065,0.9355499744415283,0.934939980506897,0.9353899955749512,0.0
2025-12-16 01:30:00+00:00,0.9353899955749512,0.9355000257492065,0.9347900152206421,0.9351900219917297,0.0
2025-12-16 01:45:00+00:00,0.9351999759674072,0.9352999925613403,0.9345700144767761,0.9351000189781189,0.0
2025-12-16 02:00:00+00:00,0.9351000189781189,0.9353399872779846,0.9345999956130981,0.9352099895477295,0.0
2025-12-16 02:15:00+00:00,0.9352999925613403,0.9352999925613403,0.934689998626709,0.9352399706840515,0.0
2025-12-16 02:30:00+00:00,0.9352999925613403,0.9352999925613403,0.934689998626709,0.9352099895477295,0.0
2025-12-16 02:45:00+00:00,0.9351999759674072,0.9352999925613403,0.9345300197601318,0.9349700212478638,0.0
2025-12-16 03:00:00+00:00,0.9349700212478638,0.9352499842643738,0.9345499873161316,0.9351300001144409,0.0
2025-12-16 03:15:00+00:00,0.9351500272750854,0.9352200031280518,0.9345999956130981,0.9346100091934204,0.0
2025-12-16 03:30:00+00:00,0.9350200295448303,0.9351199865341187,0.9345200061798096,0.9349700212478638,0.0
2025-12-16 03:45:00+00:00,0.9349899888038635,0.9351999759674072,0.9345399737358093,0.9351599812507629,0.0
2025-12-16 04:00:00+00:00,0.934719979763031,0.9352999925613403,0.9345899820327759,0.9352200031280518,0.0
2025-12-16 04:15:00+00:00,0.9352200031280518,0.9353500008583069,0.9348099827766418,0.9352800250053406,0.0
2025-12-16 04:30:00+00:00,0.9348300099372864,0.9354299902915955,0.9348300099372864,0.9354100227355957,0.0
2025-12-16 04:45:00+00:00,0.9354000091552734,0.9356099963188171,0.9349300265312195,0.9355400204658508,0.0
2025-12-16 05:00:00+00:00,0.9355499744415283,0.9357399940490723,0.9351300001144409,0.935670018196106,0.0
2025-12-16 05:15:00+00:00,0.935670018196106,0.93572998046875,0.9351400136947632,0.935670018196106,0.0
2025-12-16 05:30:00+00:00,0.935670018196106,0.9357399940490723,0.9350699782371521,0.9356600046157837,0.0
2025-12-16 05:45:00+00:00,0.9356499910354614,0.9358000159263611,0.935230016708374,0.9356899857521057,0.0
2025-12-16 06:00:00+00:00,0.9356799721717834,0.9359400272369385,0.9352399706840515,0.9358900189399719,0.0
2025-12-16 06:15:00+00:00,0.9358900189399719,0.9361600279808044,0.9353600144386292,0.9361100196838379,0.0
2025-12-16 06:30:00+00:00,0.9361000061035156,0.9362000226974487,0.9354900121688843,0.9360700249671936,0.0
2025-12-16 06:45:00+00:00,0.9360700249671936,0.9362999796867371,0.9355999827384949,0.9361000061035156,0.0
2025-12-16 07:00:00+00:00,0.9361299872398376,0.936240017414093,0.9354599714279175,0.9360799789428711,0.0
2025-12-16 07:15:00+00:00,0.9360499978065491,0.9362599849700928,0.9355999827384949,0.9362000226974487,0.0
2025-12-16 07:30:00+00:00,0.9361699819564819,0.9362999796867371,0.9356600046157837,0.9360600113868713,0.0
2025-12-16 07:45:00+00:00,0.9360600113868713,0.9363999962806702,0.9355599880218506,0.9361299872398376,0.0
2025-12-16 08:00:00+00:00,0.9361299872398376,0.9366000294685364,0.9357100129127502,0.9363300204277039,0.0
2025-12-16 08:15:00+00:00,0.936460018157959,0.9366999864578247,0.9358500242233276,0.9364799857139587,0.0
2025-12-16 08:30:00+00:00,0.9364799857139587,0.9367499947547913,0.9355400204658508,0.9361299872398376,0.0
2025-12-16 08:45:00+00:00,0.9361000061035156,0.9363399744033813,0.9356099963188171,0.9361199736595154,0.0
2025-12-16 09:00:00+00:00,0.9361500144004822,0.9362300038337708,0.9355000257492065,0.9360399842262268,0.0
2025-12-16 09:15:00+00:00,0.9360399842262268,0.9361000061035156,0.9353799819946289,0.9357900023460388,0.0
2025-12-16 09:30:00+00:00,0.9357500076293945,0.9361000061035156,0.9353100061416626,0.9358400106430054,0.0
2025-12-16 09:45:00+00:00,0.9358100295066833,0.9359999895095825,0.9351000189781189,0.9355599880218506,0.0
2025-12-16 10:00:00+00:00,0.9354699850082397,0.9358999729156494,0.9350200295448303,0.9358599781990051,0.0
2025-12-16 10:15:00+00:00,0.9358599781990051,0.9358999729156494,0.9351699948310852,0.9357500076293945,0.0
2025-12-16 10:30:00+00:00,0.93572998046875,0.9359400272369385,0.9350000023841858,0.9359400272369385,0.0
2025-12-16 10:45:00+00:00,0.9359099864959717,0.9359999895095825,0.9352800250053406,0.9358999729156494,0.0
2025-12-16 11:00:00+00:00,0.9358999729156494,0.9359999895095825,0.9353700280189514,0.9359300136566162,0.0
2025-12-16 11:15:00+00:00,0.9359300136566162,0.9360299706459045,0.9354100227355957,0.9358800053596497,0.0
2025-12-16 11:30:00+00:00,0.9358699917793274,0.935920000076294,0.9352999925613403,0.9358000159263611,0.0
2025-12-16 11:45:00+00:00,0.9357600212097168,0.9358100295066833,0.9352499842643738,0.9357500076293945,0.0
2025-12-16 12:00:00+00:00,0.9357500076293945,0.9358000159263611,0.9351599812507629,0.9355300068855286,0.0
2025-12-16 12:15:00+00:00,0.9355400204658508,0.9356399774551392,0.9350200295448303,0.935479998588562,0.0
2025-12-16 12:30:00+00:00,0.9354599714279175,0.9355300068855286,0.934719979763031,0.9351900219917297,0.0
2025-12-16 12:45:00+00:00,0.9351800084114075,0.9352200031280518,0.9345499873161316,0.9351400136947632,0.0
2025-12-16 13:00:00+00:00,0.9351400136947632,0.9351999759674072,0.9345200061798096,0.9351400136947632,0.0
2025-12-16 13:15:00+00:00,0.9351099729537964,0.93545001745224,0.9346399903297424,0.9352499842643738,0.0
2025-12-16 13:30:00+00:00,0.9349499940872192,0.9354699850082397,0.9343100190162659,0.9353200197219849,0.0
2025-12-16 13:45:00+00:00,0.9352899789810181,0.9360100030899048,0.9348800182342529,0.9358999729156494,0.0
2025-12-16 14:00:00+00:00,0.9358800053596497,0.9361000061035156,0.9352099895477295,0.9356300234794617,0.0
2025-12-16 14:15:00+00:00,0.9356300234794617,0.9361500144004822,0.9351999759674072,0.9358699917793274,0.0
2025-12-16 14:30:00+00:00,0.9358900189399719,0.9360700249671936,0.9353399872779846,0.9358299970626831,0.0
2025-12-16 14:45:00+00:00,0.9358699917793274,0.9362099766731262,0.9353600144386292,0.9361699819564819,0.0
2025-12-16 15:00:00+00:00,0.9361699819564819,0.9363300204277039,0.9354199767112732,0.9359099864959717,0.0
2025-12-16 15:15:00+00:00,0.9359099864959717,0.9361000061035156,0.9353299736976624,0.9358100295066833,0.0
2025-12-16 15:30:00+00:00,0.9357900023460388,0.9361000061035156,0.9353700280189514,0.9359599947929382,0.0
2025-12-16 15:45:00+00:00,0.935949981212616,0.9363099932670593,0.9355300068855286,0.9359099864959717,0.0
2025-12-16 16:00:00+00:00,0.9359099864959717,0.9359999895095825,0.9352399706840515,0.9356099963188171,0.0
2025-12-16 16:15:00+00:00,0.9355900287628174,0.9357100129127502,0.9348300099372864,0.9348800182342529,0.0
2025-12-16 16:30:00+00:00,0.9353200197219849,0.9358000159263611,0.9349700212478638,0.9356899857521057,0.0
2025-12-16 16:45:00+00:00,0.935699999332428,0.9358000159263611,0.9351599812507629,0.9355900287628174,0.0
2025-12-16 17:00:00+00:00,0.9355800151824951,0.9357399940490723,0.9348400235176086,0.9353200197219849,0.0
2025-12-16 17:15:00+00:00,0.9353200197219849,0.9354000091552734,0.934249997138977,0.9347500205039978,0.0
2025-12-16 17:30:00+00:00,0.9347599744796753,0.9348899722099304,0.9340599775314331,0.9345800280570984,0.0
2025-12-16 17:45:00+00:00,0.9345899820327759,0.934719979763031,0.9340199828147888,0.9342899918556213,0.0
2025-12-16 18:00:00+00:00,0.9342799782752991,0.9346500039100647,0.9338200092315674,0.9342700242996216,0.0
2025-12-16 18:15:00+00:00,0.9342799782752991,0.9344300031661987,0.933899998664856,0.9342899918556213,0.0
2025-12-16 18:30:00+00:00,0.9342700242996216,0.934499979019165,0.9338399767875671,0.9344000220298767,0.0
2025-12-16 18:45:00+00:00,0.9344000220298767,0.9345600008964539,0.9339600205421448,0.9344000220298767,0.0
2025-12-16 19:00:00+00:00,0.9344000220298767,0.9344099760055542,0.9338200092315674,0.934220016002655,0.0
2025-12-16 19:15:00+00:00,0.934220016002655,0.9344000220298767,0.933650016784668,0.9341300129890442,0.0
2025-12-16 19:30:00+00:00,0.9336900115013123,0.9343299865722656,0.9336599707603455,0.9342700242996216,0.0
2025-12-16 19:45:00+00:00,0.9342600107192993,0.9343500137329102,0.9337400197982788,0.934249997138977,0.0
2025-12-16 20:00:00+00:00,0.934249997138977,0.9343000054359436,0.933650016784668,0.934149980545044,0.0
2025-12-16 20:15:00+00:00,0.9341700077056885,0.9343000054359436,0.9336699843406677,0.934249997138977,0.0
2025-12-16 20:30:00+00:00,0.9342399835586548,0.9343299865722656,0.933650016784668,0.9341099858283997,0.0
2025-12-16 20:45:00+00:00,0.9341099858283997,0.9343699812889099,0.9336599707603455,0.934249997138977,0.0
2025-12-16 21:00:00+00:00,0.9342899918556213,0.9344000220298767,0.9336400032043457,0.9341700077056885,0.0
2025-12-16 21:15:00+00:00,0.9341899752616882,0.9341999888420105,0.9336000084877014,0.9340400099754333,0.0
2025-12-16 21:30:00+00:00,0.9340400099754333,0.9343500137329102,0.9335799813270569,0.9341800212860107,0.0
2025-12-16 21:45:00+00:00,0.9341300129890442,0.9343000054359436,0.9332900047302246,0.9333199858665466,0.0
2025-12-16 22:00:00+00:00,0.9336000084877014,0.9341999888420105,0.9332500100135803,0.9337999820709229,0.0
2025-12-16 22:15:00+00:00,0.9340000152587891,0.9341700077056885,0.9333699941635132,0.9339100122451782,0.0
2025-12-16 22:30:00+00:00,0.9337499737739563,0.9341199994087219,0.9332200288772583,0.933430016040802,0.0
2025-12-16 22:45:00+00:00,0.9339699745178223,0.9341999888420105,0.9332900047302246,0.9341099858283997,0.0
2025-12-16 23:00:00+00:00,0.9340199828147888,0.9343299865722656,0.9336400032043457,0.9342300295829773,0.0
2025-12-16 23:15:00+00:00,0.9342300295829773,0.9343000054359436,0.9337800145149231,0.934220016002655,0.0
2025-12-16 23:30:00+00:00,0.934220016002655,0.9344000220298767,0.9338099956512451,0.9343299865722656,0.0
2025-12-16 23:45:00+00:00,0.9343299865722656,0.9344000220298767,0.9338499903678894,0.9343199729919434,0.0
2025-12-17 00:00:00+00:00,0.9343400001525879,0.9344300031661987,0.9338099956512451,0.9342399835586548,0.0
2025-12-17 00:15:00+00:00,0.9342399835586548,0.9344000220298767,0.9337700009346008,0.9343000054359436,0.0
2025-12-17 00:30:00+00:00,0.9342399835586548,0.9344000220298767,0.9337800145149231,0.9342399835586548,0.0
2025-12-17 00:45:00+00:00,0.9342399835586548,0.9344000220298767,0.9337199926376343,0.9340599775314331,0.0
2025-12-17 01:00:00+00:00,0.9340599775314331,0.9344000220298767,0.933650016784668,0.9342300295829773,0.0
2025-12-17 01:15:00+00:00,0.9341800212860107,0.9342300295829773,0.933650016784668,0.9340699911117554,0.0
2025-12-17 01:30:00+00:00,0.9340699911117554,0.9341999888420105,0.9335799813270569,0.9340599775314331,0.0
2025-12-17 01:45:00+00:00,0.9340599775314331,0.9341199994087219,0.9335799813270569,0.9340699911117554,0.0
2025-12-17 02:00:00+00:00,0.9340699911117554,0.9341999888420105,0.9336199760437012,0.9340800046920776,0.0
2025-12-17 02:15:00+00:00,0.9340800046920776,0.9343000054359436,0.93367999792099,0.9341899752616882,0.0
2025-12-17 02:30:00+00:00,0.9341800212860107,0.9342300295829773,0.9336299896240234,0.9340900182723999,0.0
2025-12-17 02:45:00+00:00,0.9340900182723999,0.9341300129890442,0.9335100054740906,0.9340699911117554,0.0
2025-12-17 03:00:00+00:00,0.9340699911117554,0.9341300129890442,0.9335299730300903,0.9340800046920776,0.0
2025-12-17 03:15:00+00:00,0.9340800046920776,0.9341999888420105,0.9335899949073792,0.9340800046920776,0.0
2025-12-17 03:30:00+00:00,0.9340900182723999,0.9341999888420105,0.9335700273513794,0.9340699911117554,0.0
2025-12-17 03:45:00+00:00,0.9340699911117554,0.9340999722480774,0.9335399866104126,0.9340299963951111,0.0
2025-12-17 04:00:00+00:00,0.9340299963951111,0.9340999722480774,0.933459997177124,0.9339699745178223,0.0
2025-12-17 04:15:00+00:00,0.9339799880981445,0.9340000152587891,0.9333000183105469,0.9337999820709229,0.0
2025-12-17 04:30:00+00:00,0.9337900280952454,0.9340000152587891,0.9333299994468689,0.9338799715042114,0.0
2025-12-17 04:45:00+00:00,0.9338799715042114,0.9339100122451782,0.9333900213241577,0.9337900280952454,0.0
2025-12-17 05:00:00+00:00,0.9337900280952454,0.9340000152587891,0.9333800077438354,0.933929979801178,0.0
2025-12-17 05:15:00+00:00,0.9339500069618225,0.9340000152587891,0.9333099722862244,0.9333099722862244,0.0
2025-12-17 05:30:00+00:00,0.9337499737739563,0.933899998664856,0.9333199858665466,0.9338099956512451,0.0
2025-12-17 05:45:00+00:00,0.9337700009346008,0.9340000152587891,0.9333000183105469,0.933929979801178,0.0
2025-12-17 06:00:00+00:00,0.933929979801178,0.9343000054359436,0.933489978313446,0.9341999888420105,0.0
2025-12-17 06:15:00+00:00,0.9342600107192993,0.9344000220298767,0.93367999792099,0.9341199994087219,0.0
2025-12-17 06:30:00+00:00,0.9341199994087219,0.9343000054359436,0.9335899949073792,0.9340299963951111,0.0
2025-12-17 06:45:00+00:00,0.9340299963951111,0.9342300295829773,0.9335899949073792,0.9339399933815002,0.0
2025-12-17 07:00:00+00:00,0.9338799715042114,0.9348599910736084,0.9334099888801575,0.9344300031661987,0.0
2025-12-17 07:15:00+00:00,0.9344300031661987,0.9351000189781189,0.9340900182723999,0.9350699782371521,0.0
2025-12-17 07:30:00+00:00,0.9350699782371521,0.9351999759674072,0.9343699812889099,0.9347000122070312,0.0
2025-12-17 07:45:00+00:00,0.9347000122070312,0.9350000023841858,0.9340900182723999,0.9348700046539307,0.0
2025-12-17 08:00:00+00:00,0.9348700046539307,0.9350500106811523,0.934149980545044,0.9347599744796753,0.0
2025-12-17 08:15:00+00:00,0.9347400069236755,0.9354299902915955,0.9344499707221985,0.9350500106811523,0.0
2025-12-17 08:30:00+00:00,0.9350600242614746,0.9351699948310852,0.9339100122451782,0.9343100190162659,0.0
2025-12-17 08:45:00+00:00,0.9343199729919434,0.9351000189781189,0.9338399767875671,0.9349899888038635,0.0
2025-12-17 09:00:00+00:00,0.9350699782371521,0.9355999827384949,0.9346299767494202,0.9354400038719177,0.0
2025-12-17 09:15:00+00:00,0.9354699850082397,0.9355999827384949,0.9348400235176086,0.9354100227355957,0.0
2025-12-17 09:30:00+00:00,0.9354199767112732,0.9355000257492065,0.9346699714660645,0.9350500106811523,0.0
2025-12-17 09:45:00+00:00,0.9350399971008301,0.9351999759674072,0.9343199729919434,0.9346799850463867,0.0
2025-12-17 10:00:00+00:00,0.9346799850463867,0.9350500106811523,0.9343000054359436,0.9348000288009644,0.0
2025-12-17 10:15:00+00:00,0.9348099827766418,0.9349200129508972,0.9341999888420105,0.9344900250434875,0.0
2025-12-17 10:30:00+00:00,0.9344800114631653,0.934499979019165,0.933650016784668,0.9340100288391113,0.0
2025-12-17 10:45:00+00:00,0.9340100288391113,0.934220016002655,0.9335100054740906,0.9340100288391113,0.0
2025-12-17 11:00:00+00:00,0.9340100288391113,0.9343199729919434,0.9335600137710571,0.9339799880981445,0.0
2025-12-17 11:15:00+00:00,0.9339799880981445,0.9340999722480774,0.9332299828529358,0.9336900115013123,0.0
2025-12-17 11:30:00+00:00,0.9336699843406677,0.9337199926376343,0.9327200055122375,0.9332000017166138,0.0
2025-12-17 11:45:00+00:00,0.933210015296936,0.9334999918937683,0.9328299760818481,0.9334400296211243,0.0
2025-12-17 12:00:00+00:00,0.9333999752998352,0.9336299896240234,0.9325799942016602,0.9329900145530701,0.0
2025-12-17 12:15:00+00:00,0.9329699873924255,0.9330000281333923,0.9321500062942505,0.9326300024986267,0.0
2025-12-17 12:30:00+00:00,0.9326099753379822,0.9327999949455261,0.9321100115776062,0.9326099753379822,0.0
2025-12-17 12:45:00+00:00,0.9326099753379822,0.933139979839325,0.9321399927139282,0.9330199956893921,0.0
2025-12-17 13:00:00+00:00,0.9330199956893921,0.9332799911499023,0.932479977607727,0.9329699873924255,0.0
2025-12-17 13:15:00+00:00,0.9329900145530701,0.9332799911499023,0.9323599934577942,0.9329900145530701,0.0
2025-12-17 13:30:00+00:00,0.9330099821090698,0.9334499835968018,0.9324100017547607,0.9333299994468689,0.0
2025-12-17 13:45:00+00:00,0.9332799911499023,0.9336299896240234,0.9329000115394592,0.9335299730300903,0.0
2025-12-17 14:00:00+00:00,0.9335500001907349,0.9337800145149231,0.9329400062561035,0.9336299896240234,0.0
2025-12-17 14:15:00+00:00,0.9336100220680237,0.9342100024223328,0.9333299994468689,0.9339200258255005,0.0
2025-12-17 14:30:00+00:00,0.9339200258255005,0.934149980545044,0.9333599805831909,0.9340100288391113,0.0
2025-12-17 14:45:00+00:00,0.9339600205421448,0.9341199994087219,0.9333699941635132,0.9339200258255005,0.0
2025-12-17 15:00:00+00:00,0.9339200258255005,0.9339699745178223,0.9332699775695801,0.9337199926376343,0.0
2025-12-17 15:15:00+00:00,0.9337300062179565,0.9337999820709229,0.9328600168228149,0.9333299994468689,0.0
2025-12-17 15:30:00+00:00,0.9333299994468689,0.9333699941635132,0.9325299859046936,0.9329500198364258,0.0
2025-12-17 15:45:00+00:00,0.9329500198364258,0.9337999820709229,0.9325900077819824,0.9337499737739563,0.0
2025-12-17 16:00:00+00:00,0.9337300062179565,0.9341599941253662,0.9333000183105469,0.9336599707603455,0.0
2025-12-17 16:15:00+00:00,0.9336599707603455,0.9339699745178223,0.9333199858665466,0.9338799715042114,0.0
2025-12-17 16:30:00+00:00,0.9338799715042114,0.9340800046920776,0.9333599805831909,0.9337999820709229,0.0
2025-12-17 16:45:00+00:00,0.9338099956512451,0.9338499903678894,0.9331300258636475,0.9336699843406677,0.0
2025-12-17 17:00:00+00:00,0.9336699843406677,0.933899998664856,0.9331899881362915,0.9337400197982788,0.0
2025-12-17 17:15:00+00:00,0.9337400197982788,0.9340000152587891,0.9332600235939026,0.9338899850845337,0.0
2025-12-17 17:30:00+00:00,0.9338899850845337,0.9341999888420105,0.9334999918937683,0.9340100288391113,0.0
2025-12-17 17:45:00+00:00,0.9340299963951111,0.9340500235557556,0.933139979839325,0.9335500001907349,0.0
2025-12-17 18:00:00+00:00,0.9335500001907349,0.9337400197982788,0.9330999851226807,0.9336100220680237,0.0
2025-12-17 18:15:00+00:00,0.9336100220680237,0.9337000250816345,0.9331099987030029,0.9335799813270569,0.0
2025-12-17 18:30:00+00:00,0.9335700273513794,0.9337000250816345,0.9330199956893921,0.9336199760437012,0.0
2025-12-17 18:45:00+00:00,0.9336100220680237,0.9337199926376343,0.9331700205802917,0.9336199760437012,0.0
2025-12-17 19:00:00+00:00,0.9336199760437012,0.9338399767875671,0.9332000017166138,0.9338099956512451,0.0
2025-12-17 19:15:00+00:00,0.9337999820709229,0.933899998664856,0.9332900047302246,0.9337400197982788,0.0
2025-12-17 19:30:00+00:00,0.9337400197982788,0.933899998664856,0.9332900047302246,0.9337900280952454,0.0
2025-12-17 19:45:00+00:00,0.9337900280952454,0.9341099858283997,0.9333500266075134,0.9339500069618225,0.0
2025-12-17 20:00:00+00:00,0.9339799880981445,0.9340999722480774,0.9334700107574463,0.9340299963951111,0.0
2025-12-17 20:15:00+00:00,0.9340199828147888,0.9340999722480774,0.933489978313446,0.9339900016784668,0.0
2025-12-17 20:30:00+00:00,0.9339799880981445,0.9341300129890442,0.9335799813270569,0.9340599775314331,0.0
2025-12-17 20:45:00+00:00,0.9340400099754333,0.9342300295829773,0.9335700273513794,0.9341300129890442,0.0
2025-12-17 21:00:00+00:00,0.9341300129890442,0.9343000054359436,0.93367999792099,0.9341199994087219,0.0
2025-12-17 21:15:00+00:00,0.9341199994087219,0.934220016002655,0.933650016784668,0.9341899752616882,0.0
2025-12-17 21:30:00+00:00,0.9341700077056885,0.9342600107192993,0.9336400032043457,0.9341800212860107,0.0
2025-12-17 21:45:00+00:00,0.934149980545044,0.9343000054359436,0.932889997959137,0.933650016784668,0.0
2025-12-17 22:00:00+00:00,0.9338099956512451,0.933899998664856,0.9325299859046936,0.933459997177124,0.0
2025-12-17 22:15:00+00:00,0.9335700273513794,0.9340800046920776,0.9331700205802917,0.9336699843406677,0.0
2025-12-17 22:30:00+00:00,0.9336199760437012,0.9339500069618225,0.9331200122833252,0.9335700273513794,0.0
2025-12-17 22:45:00+00:00,0.9337000250816345,0.9340000152587891,0.9330000281333923,0.9332699775695801,0.0
2025-12-17 23:00:00+00:00,0.9332799911499023,0.9340299963951111,0.9329800009727478,0.9338600039482117,0.0
2025-12-17 23:15:00+00:00,0.9338600039482117,0.9340000152587891,0.9333900213241577,0.933899998664856,0.0
2025-12-17 23:30:00+00:00,0.9340000152587891,0.9340000152587891,0.9333299994468689,0.9337800145149231,0.0
2025-12-17 23:45:00+00:00,0.9337999820709229,0.9338399767875671,0.9332399964332581,0.93367999792099,0.0
2025-12-18 00:00:00+00:00,0.9336699843406677,0.9337999820709229,0.9330899715423584,0.9336000084877014,0.0
2025-12-18 00:15:00+00:00,0.9335799813270569,0.9337000250816345,0.9330800175666809,0.9335100054740906,0.0
2025-12-18 00:30:00+00:00,0.9335299730300903,0.9337000250816345,0.9330599904060364,0.9336199760437012,0.0
2025-12-18 00:45:00+00:00,0.9336400032043457,0.9338399767875671,0.9330499768257141,0.9330499768257141,0.0
2025-12-18 01:00:00+00:00,0.933459997177124,0.9337999820709229,0.9330899715423584,0.9337199926376343,0.0
2025-12-18 01:15:00+00:00,0.9337300062179565,0.9338499903678894,0.9332399964332581,0.9337300062179565,0.0
2025-12-18 01:30:00+00:00,0.9337199926376343,0.9337999820709229,0.933139979839325,0.9336000084877014,0.0
2025-12-18 01:45:00+00:00,0.9336299896240234,0.9337999820709229,0.9331600069999695,0.9336100220680237,0.0
2025-12-18 02:00:00+00:00,0.9337999820709229,0.9338300228118896,0.9332299828529358,0.9336699843406677,0.0
2025-12-18 02:15:00+00:00,0.93367999792099,0.9337999820709229,0.9332000017166138,0.9337199926376343,0.0
2025-12-18 02:30:00+00:00,0.933709979057312,0.9338099956512451,0.9332699775695801,0.9337199926376343,0.0
2025-12-18 02:45:00+00:00,0.9337199926376343,0.933929979801178,0.9333099722862244,0.9338799715042114,0.0
2025-12-18 03:00:00+00:00,0.9338799715042114,0.933899998664856,0.9333400130271912,0.9337800145149231,0.0
2025-12-18 03:15:00+00:00,0.9337800145149231,0.933899998664856,0.9332900047302246,0.9337999820709229,0.0
2025-12-18 03:30:00+00:00,0.9337000250816345,0.9337000250816345,0.9331899881362915,0.9336100220680237,0.0
2025-12-18 03:45:00+00:00,0.9336000084877014,0.933709979057312,0.933139979839325,0.933210015296936,0.0
2025-12-18 04:00:00+00:00,0.9336299896240234,0.9337300062179565,0.9331499934196472,0.9336400032043457,0.0
2025-12-18 04:15:00+00:00,0.9336400032043457,0.9337999820709229,0.9332299828529358,0.9337000250816345,0.0
2025-12-18 04:30:00+00:00,0.9332699775695801,0.9337999820709229,0.9331899881362915,0.9336699843406677,0.0
2025-12-18 04:45:00+00:00,0.9336699843406677,0.9337999820709229,0.9331799745559692,0.9337700009346008,0.0
2025-12-18 05:00:00+00:00,0.9337700009346008,0.9339699745178223,0.9333000183105469,0.9338899850845337,0.0
2025-12-18 05:15:00+00:00,0.9338799715042114,0.933929979801178,0.9333400130271912,0.9338399767875671,0.0
2025-12-18 05:30:00+00:00,0.9338399767875671,0.933899998664856,0.9333800077438354,0.9338099956512451,0.0
2025-12-18 05:45:00+00:00,0.9338300228118896,0.933899998664856,0.9333199858665466,0.9337499737739563,0.0
2025-12-18 06:00:00+00:00,0.9337599873542786,0.9338300228118896,0.9330899715423584,0.9335700273513794,0.0
2025-12-18 06:15:00+00:00,0.9335700273513794,0.9337300062179565,0.9330599904060364,0.9336599707603455,0.0
2025-12-18 06:30:00+00:00,0.9336599707603455,0.9338300228118896,0.9332000017166138,0.9338200092315674,0.0
2025-12-18 06:45:00+00:00,0.9337999820709229,0.9339100122451782,0.9332299828529358,0.9336900115013123,0.0
2025-12-18 07:00:00+00:00,0.9336599707603455,0.933899998664856,0.9331600069999695,0.9338099956512451,0.0
2025-12-18 07:15:00+00:00,0.9338099956512451,0.933899998664856,0.9331499934196472,0.9336699843406677,0.0
2025-12-18 07:30:00+00:00,0.9336299896240234,0.933899998664856,0.9332200288772583,0.9337199926376343,0.0
2025-12-18 07:45:00+00:00,0.9337400197982788,0.9338600039482117,0.9329800009727478,0.9334099888801575,0.0
2025-12-18 08:00:00+00:00,0.9333999752998352,0.9336000084877014,0.9327600002288818,0.9335200190544128,0.0
2025-12-18 08:15:00+00:00,0.933459997177124,0.9336400032043457,0.9329800009727478,0.9334700107574463,0.0
2025-12-18 08:30:00+00:00,0.9334800243377686,0.9335299730300903,0.932669997215271,0.9331899881362915,0.0
2025-12-18 08:45:00+00:00,0.9331899881362915,0.9333400130271912,0.9326199889183044,0.9332500100135803,0.0
2025-12-18 09:00:00+00:00,0.9332500100135803,0.9334499835968018,0.932699978351593,0.9332600235939026,0.0
2025-12-18 09:15:00+00:00,0.9332200288772583,0.9332900047302246,0.9325199723243713,0.9331499934196472,0.0
2025-12-18 09:30:00+00:00,0.9330899715423584,0.933489978313446,0.9326300024986267,0.9334800243377686,0.0
2025-12-18 09:45:00+00:00,0.9334499835968018,0.9338399767875671,0.9330000281333923,0.9336599707603455,0.0
2025-12-18 10:00:00+00:00,0.933650016784668,0.9337499737739563,0.9329800009727478,0.9333999752998352,0.0
2025-12-18 10:15:00+00:00,0.9333999752998352,0.9334999918937683,0.932640016078949,0.9330800175666809,0.0
2025-12-18 10:30:00+00:00,0.9330599904060364,0.9330999851226807,0.932420015335083,0.932919979095459,0.0
2025-12-18 10:45:00+00:00,0.932919979095459,0.9329299926757812,0.9319599866867065,0.932479977607727,0.0
2025-12-18 11:00:00+00:00,0.9324899911880493,0.9325100183486938,0.9314200282096863,0.9321900010108948,0.0
2025-12-18 11:15:00+00:00,0.9321900010108948,0.9323199987411499,0.9317499995231628,0.9322299957275391,0.0
2025-12-18 11:30:00+00:00,0.9322299957275391,0.9323199987411499,0.9316800236701965,0.9321900010108948,0.0
2025-12-18 11:45:00+00:00,0.9321399927139282,0.932420015335083,0.9316499829292297,0.9320799708366394,0.0
2025-12-18 12:00:00+00:00,0.9320700168609619,0.9321600198745728,0.9312899708747864,0.9317399859428406,0.0
2025-12-18 12:15:00+00:00,0.9317299723625183,0.9321500062942505,0.9312700033187866,0.9320700168609619,0.0
2025-12-18 12:30:00+00:00,0.9320799708366394,0.932200014591217,0.9316099882125854,0.9320700168609619,0.0
2025-12-18 12:45:00+00:00,0.9320700168609619,0.9320799708366394,0.9311599731445312,0.93163001537323,0.0
2025-12-18 13:00:00+00:00,0.9316099882125854,0.9318000078201294,0.9309999942779541,0.9313099980354309,0.0
2025-12-18 13:15:00+00:00,0.9314699769020081,0.9321900010108948,0.9312800168991089,0.9318199753761292,0.0
2025-12-18 13:30:00+00:00,0.9319000244140625,0.9324399828910828,0.9312400221824646,0.9320300221443176,0.0
2025-12-18 13:45:00+00:00,0.9320300221443176,0.932699978351593,0.9316200017929077,0.9323899745941162,0.0
2025-12-18 14:00:00+00:00,0.932420015335083,0.9326500296592712,0.9316400289535522,0.9320600032806396,0.0
2025-12-18 14:15:00+00:00,0.9320799708366394,0.9325000047683716,0.931689977645874,0.9322599768638611,0.0
2025-12-18 14:30:00+00:00,0.9322699904441833,0.9323999881744385,0.9317399859428406,0.9321600198745728,0.0
2025-12-18 14:45:00+00:00,0.9322400093078613,0.9324399828910828,0.9317499995231628,0.9322699904441833,0.0
2025-12-18 15:00:00+00:00,0.9322599768638611,0.9323999881744385,0.9315900206565857,0.9321900010108948,0.0
2025-12-18 15:15:00+00:00,0.932200014591217,0.9323999881744385,0.9315099716186523,0.93190997838974,0.0
2025-12-18 15:30:00+00:00,0.9318900108337402,0.9319000244140625,0.9308800101280212,0.9315199851989746,0.0
2025-12-18 15:45:00+00:00,0.9315099716186523,0.931879997253418,0.930620014667511,0.9309599995613098,0.0
2025-12-18 16:00:00+00:00,0.9309399724006653,0.9314699769020081,0.9304900169372559,0.9313499927520752,0.0
2025-12-18 16:15:00+00:00,0.9313700199127197,0.9316999912261963,0.9309200048446655,0.9313499927520752,0.0
2025-12-18 16:30:00+00:00,0.9313499927520752,0.9314699769020081,0.9305800199508667,0.9311500191688538,0.0
2025-12-18 16:45:00+00:00,0.9311500191688538,0.9317200183868408,0.9307100176811218,0.9310700297355652,0.0
2025-12-18 17:00:00+00:00,0.9314900040626526,0.931659996509552,0.9310100078582764,0.9315299987792969,0.0
2025-12-18 17:15:00+00:00,0.9315299987792969,0.9315999746322632,0.9307600259780884,0.9312899708747864,0.0
2025-12-18 17:30:00+00:00,0.9313099980354309,0.9314000010490417,0.9307500123977661,0.9312899708747864,0.0
2025-12-18 17:45:00+00:00,0.9313099980354309,0.9315000176429749,0.9307600259780884,0.9312499761581421,0.0
2025-12-18 18:00:00+00:00,0.9312300086021423,0.9312800168991089,0.930620014667511,0.9311800003051758,0.0
2025-12-18 18:15:00+00:00,0.9311800003051758,0.9312999844551086,0.9307199716567993,0.9311599731445312,0.0
2025-12-18 18:30:00+00:00,0.9311699867248535,0.9312000274658203,0.9305599927902222,0.9311000108718872,0.0
2025-12-18 18:45:00+00:00,0.9311100244522095,0.9312700033187866,0.9305899739265442,0.9311100244522095,0.0
2025-12-18 19:00:00+00:00,0.9311100244522095,0.9312999844551086,0.9306700229644775,0.9311500191688538,0.0
2025-12-18 19:15:00+00:00,0.931190013885498,0.9312300086021423,0.9307000041007996,0.9311599731445312,0.0
2025-12-18 19:30:00+00:00,0.9311599731445312,0.9312000274658203,0.930649995803833,0.9311299920082092,0.0
2025-12-18 19:45:00+00:00,0.9311500191688538,0.9312000274658203,0.9304999709129333,0.9309599995613098,0.0
2025-12-18 20:00:00+00:00,0.9309599995613098,0.9312000274658203,0.9304100275039673,0.9311000108718872,0.0
2025-12-18 20:15:00+00:00,0.9310899972915649,0.931119978427887,0.9304699897766113,0.9309399724006653,0.0
2025-12-18 20:30:00+00:00,0.9309399724006653,0.9311299920082092,0.9304900169372559,0.9310899972915649,0.0
2025-12-18 20:45:00+00:00,0.9310799837112427,0.9311000108718872,0.9303100109100342,0.9308099746704102,0.0
2025-12-18 21:00:00+00:00,0.9308099746704102,0.9309999942779541,0.9303600192070007,0.9308599829673767,0.0
2025-12-18 21:15:00+00:00,0.930869996547699,0.9309200048446655,0.9303200244903564,0.9308099746704102,0.0
2025-12-18 21:30:00+00:00,0.9308099746704102,0.9309999942779541,0.9303299784660339,0.9309499859809875,0.0
2025-12-18 21:45:00+00:00,0.9308800101280212,0.9311000108718872,0.930429995059967,0.9304400086402893,0.0
2025-12-18 22:00:00+00:00,0.9307399988174438,0.93163001537323,0.9305499792098999,0.9307900071144104,0.0
2025-12-18 22:15:00+00:00,0.930899977684021,0.9312000274658203,0.9306300282478333,0.9309499859809875,0.0
2025-12-18 22:30:00+00:00,0.9309899806976318,0.9312000274658203,0.9307399988174438,0.930899977684021,0.0
2025-12-18 22:45:00+00:00,0.9308900237083435,0.9312999844551086,0.9307699799537659,0.9310700297355652,0.0
2025-12-18 23:00:00+00:00,0.9310399889945984,0.9314200282096863,0.9307500123977661,0.9312099814414978,0.0
2025-12-18 23:15:00+00:00,0.9312000274658203,0.9314000010490417,0.9308199882507324,0.9312300086021423,0.0
2025-12-18 23:30:00+00:00,0.9312400221824646,0.9312999844551086,0.930620014667511,0.9310399889945984,0.0
2025-12-18 23:45:00+00:00,0.9310200214385986,0.9311400055885315,0.9305599927902222,0.9309899806976318,0.0
2025-12-19 00:00:00+00:00,0.9310299754142761,0.9312999844551086,0.9305899739265442,0.9312300086021423,0.0
2025-12-19 00:15:00+00:00,0.9312099814414978,0.9313099980354309,0.9307199716567993,0.9311699867248535,0.0
2025-12-19 00:30:00+00:00,0.9311599731445312,0.9314000010490417,0.9307199716567993,0.9313499927520752,0.0
2025-12-19 00:45:00+00:00,0.9313600063323975,0.9314299821853638,0.9308300018310547,0.9313200116157532,0.0
2025-12-19 01:00:00+00:00,0.9313099980354309,0.931439995765686,0.9308300018310547,0.931410014629364,0.0
2025-12-19 01:15:00+00:00,0.931410014629364,0.9315299987792969,0.9309499859809875,0.931410014629364,0.0
2025-12-19 01:30:00+00:00,0.931410014629364,0.9316099882125854,0.9309399724006653,0.9315699934959412,0.0
2025-12-19 01:45:00+00:00,0.9315699934959412,0.9316999912261963,0.9311299920082092,0.93163001537323,0.0
2025-12-19 02:00:00+00:00,0.9316099882125854,0.9317399859428406,0.9311800003051758,0.9316800236701965,0.0
2025-12-19 02:15:00+00:00,0.9316700100898743,0.9318000078201294,0.9312300086021423,0.931659996509552,0.0
2025-12-19 02:30:00+00:00,0.9316200017929077,0.9318000078201294,0.931190013885498,0.931689977645874,0.0
2025-12-19 02:45:00+00:00,0.931689977645874,0.9319000244140625,0.9312400221824646,0.9317499995231628,0.0
2025-12-19 03:00:00+00:00,0.9317499995231628,0.93190997838974,0.9313499927520752,0.931850016117096,0.0
2025-12-19 03:15:00+00:00,0.9318400025367737,0.9319300055503845,0.9312700033187866,0.931850016117096,0.0
2025-12-19 03:30:00+00:00,0.9314000010490417,0.9320099949836731,0.9312599897384644,0.9318199753761292,0.0
2025-12-19 03:45:00+00:00,0.9318199753761292,0.9319400191307068,0.9313099980354309,0.9318199753761292,0.0
2025-12-19 04:00:00+00:00,0.9318299889564514,0.9320999979972839,0.9313700199127197,0.9320399761199951,0.0
2025-12-19 04:15:00+00:00,0.9320200085639954,0.9320999979972839,0.9313399791717529,0.9318699836730957,0.0
2025-12-19 04:30:00+00:00,0.9318400025367737,0.9319000244140625,0.9312099814414978,0.9316400289535522,0.0
2025-12-19 04:45:00+00:00,0.931659996509552,0.9318000078201294,0.931190013885498,0.9317600131034851,0.0
2025-12-19 05:00:00+00:00,0.9317299723625183,0.9318100214004517,0.9312599897384644,0.931689977645874,0.0
2025-12-19 05:15:00+00:00,0.9316700100898743,0.9318000078201294,0.9312199950218201,0.9315699934959412,0.0
2025-12-19 05:30:00+00:00,0.9315900206565857,0.9316999912261963,0.9310899972915649,0.9316999912261963,0.0
2025-12-19 05:45:00+00:00,0.9316700100898743,0.9319999814033508,0.9311800003051758,0.9316200017929077,0.0
2025-12-19 06:00:00+00:00,0.9316200017929077,0.9318299889564514,0.9311500191688538,0.931659996509552,0.0
2025-12-19 06:15:00+00:00,0.931659996509552,0.9316999912261963,0.9309399724006653,0.9313499927520752,0.0
2025-12-19 06:30:00+00:00,0.9313799738883972,0.9317200183868408,0.9309700131416321,0.9315199851989746,0.0
2025-12-19 06:45:00+00:00,0.9315199851989746,0.9316999912261963,0.9310200214385986,0.9316200017929077,0.0
2025-12-19 07:00:00+00:00,0.9315299987792969,0.9316999912261963,0.9309700131416321,0.931659996509552,0.0
2025-12-19 07:15:00+00:00,0.9316999912261963,0.9317399859428406,0.930840015411377,0.9313099980354309,0.0
2025-12-19 07:30:00+00:00,0.9313099980354309,0.9314200282096863,0.9307500123977661,0.9312199950218201,0.0
2025-12-19 07:45:00+00:00,0.9312599897384644,0.9319700002670288,0.9307699799537659,0.9313499927520752,0.0
2025-12-19 08:00:00+00:00,0.9313399791717529,0.9318299889564514,0.930899977684021,0.9317799806594849,0.0
2025-12-19 08:15:00+00:00,0.9317799806594849,0.9319999814033508,0.9313899874687195,0.9317700266838074,0.0
2025-12-19 08:30:00+00:00,0.9317700266838074,0.9319999814033508,0.9310700297355652,0.9315800070762634,0.0
2025-12-19 08:45:00+00:00,0.9315699934959412,0.9317600131034851,0.9309499859809875,0.9314900040626526,0.0
2025-12-19 09:00:00+00:00,0.9315000176429749,0.93190997838974,0.9310600161552429,0.9317499995231628,0.0
2025-12-19 09:15:00+00:00,0.9317600131034851,0.9317600131034851,0.9309300184249878,0.9313200116157532,0.0
2025-12-19 09:30:00+00:00,0.9313099980354309,0.9315299987792969,0.9307500123977661,0.9312499761581421,0.0
2025-12-19 09:45:00+00:00,0.9312499761581421,0.931439995765686,0.930620014667511,0.930840015411377,0.0
2025-12-19 10:00:00+00:00,0.9312599897384644,0.9313200116157532,0.930649995803833,0.9312199950218201,0.0
2025-12-19 10:15:00+00:00,0.9312199950218201,0.9312400221824646,0.930620014667511,0.9311100244522095,0.0
2025-12-19 10:30:00+00:00,0.9311100244522095,0.9313499927520752,0.9305800199508667,0.9313099980354309,0.0
2025-12-19 10:45:00+00:00,0.9313099980354309,0.9316999912261963,0.9308500289916992,0.9313200116157532,0.0
2025-12-19 11:00:00+00:00,0.9313300251960754,0.9316999912261963,0.9308599829673767,0.9314900040626526,0.0
2025-12-19 11:15:00+00:00,0.9315000176429749,0.9318000078201294,0.9310399889945984,0.931659996509552,0.0
2025-12-19 11:30:00+00:00,0.93163001537323,0.9317399859428406,0.9310700297355652,0.9316800236701965,0.0
2025-12-19 11:45:00+00:00,0.9316999912261963,0.9319000244140625,0.9312000274658203,0.9318400025367737,0.0
2025-12-19 12:00:00+00:00,0.9318400025367737,0.9320099949836731,0.9313099980354309,0.9319199919700623,0.0
2025-12-19 12:15:00+00:00,0.9319199919700623,0.9320999979972839,0.9315299987792969,0.9320200085639954,0.0
2025-12-19 12:30:00+00:00,0.9319900274276733,0.9320300221443176,0.9314600229263306,0.9319499731063843,0.0
2025-12-19 12:45:00+00:00,0.9319400191307068,0.9320200085639954,0.9312400221824646,0.9318299889564514,0.0
2025-12-19 13:00:00+00:00,0.9318299889564514,0.9320399761199951,0.9312499761581421,0.931659996509552,0.0
2025-12-19 13:15:00+00:00,0.9316800236701965,0.9319199919700623,0.9310700297355652,0.9318400025367737,0.0
2025-12-19 13:30:00+00:00,0.9318299889564514,0.9319999814033508,0.9311699867248535,0.9318299889564514,0.0
2025-12-19 13:45:00+00:00,0.9318299889564514,0.9319000244140625,0.9311800003051758,0.9316999912261963,0.0
2025-12-19 14:00:00+00:00,0.9316999912261963,0.9320999979972839,0.9312499761581421,0.9318199753761292,0.0
2025-12-19 14:15:00+00:00,0.9318000078201294,0.9322999715805054,0.9315000176429749,0.9320700168609619,0.0
2025-12-19 14:30:00+00:00,0.9320499897003174,0.9324399828910828,0.9315199851989746,0.9324399828910828,0.0
2025-12-19 14:45:00+00:00,0.9324100017547607,0.9325500130653381,0.9318000078201294,0.9322999715805054,0.0
2025-12-19 15:00:00+00:00,0.9322800040245056,0.9327399730682373,0.9318600296974182,0.932669997215271,0.0
2025-12-19 15:15:00+00:00,0.9326900243759155,0.9327999949455261,0.9317399859428406,0.9322800040245056,0.0
2025-12-19 15:30:00+00:00,0.9322800040245056,0.9327600002288818,0.9318199753761292,0.932640016078949,0.0
2025-12-19 15:45:00+00:00,0.9326500296592712,0.932669997215271,0.9317600131034851,0.931879997253418,0.0
2025-12-19 16:00:00+00:00,0.931879997253418,0.9322299957275391,0.9312099814414978,0.931879997253418,0.0
2025-12-19 16:15:00+00:00,0.931879997253418,0.9321200251579285,0.9314500093460083,0.9315000176429749,0.0
2025-12-19 16:30:00+00:00,0.9319499731063843,0.9320200085639954,0.9313499927520752,0.9317899942398071,0.0
2025-12-19 16:45:00+00:00,0.9317899942398071,0.9320399761199951,0.9312899708747864,0.9318100214004517,0.0
2025-12-19 17:00:00+00:00,0.9318100214004517,0.9320999979972839,0.9313899874687195,0.9319800138473511,0.0
2025-12-19 17:15:00+00:00,0.9319900274276733,0.9320200085639954,0.9312099814414978,0.9316999912261963,0.0
2025-12-19 17:30:00+00:00,0.9312599897384644,0.9319000244140625,0.9311500191688538,0.9316400289535522,0.0
2025-12-19 17:45:00+00:00,0.9316499829292297,0.9318000078201294,0.9312000274658203,0.9317299723625183,0.0
2025-12-19 18:00:00+00:00,0.9317100048065186,0.9318100214004517,0.9310600161552429,0.931689977645874,0.0
2025-12-19 18:15:00+00:00,0.9316800236701965,0.9318199753761292,0.9312300086021423,0.931689977645874,0.0
2025-12-19 18:30:00+00:00,0.9316800236701965,0.9318299889564514,0.9311299920082092,0.9316999912261963,0.0
2025-12-19 18:45:00+00:00,0.9316800236701965,0.9321100115776062,0.9312099814414978,0.9319700002670288,0.0
2025-12-19 19:00:00+00:00,0.9319700002670288,0.9319900274276733,0.9311699867248535,0.9317399859428406,0.0
2025-12-19 19:15:00+00:00,0.9317499995231628,0.9318000078201294,0.9311699867248535,0.9316499829292297,0.0
2025-12-19 19:30:00+00:00,0.9316499829292297,0.9318000078201294,0.9312499761581421,0.9316499829292297,0.0
2025-12-19 19:45:00+00:00,0.9316499829292297,0.9319000244140625,0.931119978427887,0.931190013885498,0.0
2025-12-19 20:00:00+00:00,0.9316200017929077,0.9318000078201294,0.9311500191688538,0.931659996509552,0.0
2025-12-19 20:15:00+00:00,0.931659996509552,0.9317200183868408,0.9310799837112427,0.9315699934959412,0.0
2025-12-19 20:30:00+00:00,0.9315800070762634,0.93163001537323,0.9310700297355652,0.9315400123596191,0.0
2025-12-19 20:45:00+00:00,0.9315400123596191,0.9316999912261963,0.9310399889945984,0.931439995765686,0.0
2025-12-19 21:00:00+00:00,0.9313899874687195,0.9316099882125854,0.930899977684021,0.9315500259399414,0.0
2025-12-19 21:15:00+00:00,0.9315199851989746,0.9315999746322632,0.9310200214385986,0.9315299987792969,0.0
2025-12-19 21:30:00+00:00,0.9315199851989746,0.9316999912261963,0.9310399889945984,0.9315900206565857,0.0
2025-12-19 21:45:00+00:00,0.9315400123596191,0.9317200183868408,0.9310799837112427,0.9312599897384644,0.0
2025-12-19 22:00:00+00:00,0.9312599897384644,0.9312599897384644,0.9312400221824646,0.9312400221824646,0.0
2025-12-19 22:15:00+00:00,0.9312400221824646,0.9312400221824646,0.9312400221824646,0.9312400221824646,0.0
2025-12-22 00:00:00+00:00,0.9314799904823303,0.9315400123596191,0.9305899739265442,0.9310700297355652,0.0
2025-12-22 00:15:00+00:00,0.9310700297355652,0.9311400055885315,0.9304199814796448,0.9308300018310547,0.0
2025-12-22 00:30:00+00:00,0.9308300018310547,0.9310600161552429,0.9303399920463562,0.9307900071144104,0.0
2025-12-22 00:45:00+00:00,0.9307699799537659,0.9311100244522095,0.930400013923645,0.9309899806976318,0.0
2025-12-22 01:00:00+00:00,0.9309999942779541,0.9311400055885315,0.9304699897766113,0.9309800267219543,0.0
2025-12-22 01:15:00+00:00,0.9309800267219543,0.9311400055885315,0.9305300116539001,0.9309899806976318,0.0
2025-12-22 01:30:00+00:00,0.9310200214385986,0.9311100244522095,0.9304800033569336,0.9310600161552429,0.0
2025-12-22 01:45:00+00:00,0.9310500025749207,0.9312999844551086,0.9304500222206116,0.9312099814414978,0.0
2025-12-22 02:00:00+00:00,0.9312099814414978,0.9315000176429749,0.9308199882507324,0.9314000010490417,0.0
2025-12-22 02:15:00+00:00,0.9314000010490417,0.9314299821853638,0.930840015411377,0.9314000010490417,0.0
2025-12-22 02:30:00+00:00,0.9314000010490417,0.9315299987792969,0.9309099912643433,0.9315199851989746,0.0
2025-12-22 02:45:00+00:00,0.9314799904823303,0.9315999746322632,0.9310100078582764,0.9314799904823303,0.0
2025-12-22 03:00:00+00:00,0.9314799904823303,0.9315999746322632,0.9308199882507324,0.9312400221824646,0.0
2025-12-22 03:15:00+00:00,0.9312099814414978,0.9312999844551086,0.9305599927902222,0.9309700131416321,0.0
2025-12-22 03:30:00+00:00,0.9309700131416321,0.9309999942779541,0.9304199814796448,0.9309300184249878,0.0
2025-12-22 03:45:00+00:00,0.9309800267219543,0.9310200214385986,0.9304100275039673,0.9309599995613098,0.0
2025-12-22 04:00:00+00:00,0.9309700131416321,0.9309999942779541,0.930429995059967,0.930869996547699,0.0
2025-12-22 04:15:00+00:00,0.930869996547699,0.9309999942779541,0.9304500222206116,0.9309300184249878,0.0
2025-12-22 04:30:00+00:00,0.9309300184249878,0.9311000108718872,0.9305099844932556,0.9310399889945984,0.0
2025-12-22 04:45:00+00:00,0.9310399889945984,0.9312000274658203,0.9305599927902222,0.9310500025749207,0.0
2025-12-22 05:00:00+00:00,0.9310899972915649,0.9312000274658203,0.930620014667511,0.9311000108718872,0.0
2025-12-22 05:15:00+00:00,0.9311100244522095,0.9312999844551086,0.930679976940155,0.931190013885498,0.0
2025-12-22 05:30:00+00:00,0.931190013885498,0.9313700199127197,0.930620014667511,0.9310899972915649,0.0
2025-12-22 05:45:00+00:00,0.9310799837112427,0.9312000274658203,0.930620014667511,0.9311500191688538,0.0
2025-12-22 06:00:00+00:00,0.9311500191688538,0.9312099814414978,0.9306600093841553,0.9310799837112427,0.0
2025-12-22 06:15:00+00:00,0.9310799837112427,0.9311100244522095,0.9305400252342224,0.9310200214385986,0.0
2025-12-22 06:30:00+00:00,0.9310100078582764,0.9314000010490417,0.9305400252342224,0.9312800168991089,0.0
2025-12-22 06:45:00+00:00,0.9312400221824646,0.9316800236701965,0.9308000206947327,0.9313099980354309,0.0
2025-12-22 07:00:00+00:00,0.9313099980354309,0.9316400289535522,0.9308300018310547,0.9314799904823303,0.0
2025-12-22 07:15:00+00:00,0.9314699769020081,0.9316999912261963,0.9310299754142761,0.9315699934959412,0.0
2025-12-22 07:30:00+00:00,0.9315699934959412,0.9318299889564514,0.9310700297355652,0.9317700266838074,0.0
2025-12-22 07:45:00+00:00,0.9317700266838074,0.9319400191307068,0.9312700033187866,0.9317799806594849,0.0
2025-12-22 08:00:00+00:00,0.9317799806594849,0.9322500228881836,0.9313200116157532,0.9319700002670288,0.0
2025-12-22 08:15:00+00:00,0.9319800138473511,0.9320999979972839,0.9313799738883972,0.9319499731063843,0.0
2025-12-22 08:30:00+00:00,0.93190997838974,0.9320099949836731,0.9313399791717529,0.9317700266838074,0.0
2025-12-22 08:45:00+00:00,0.9317700266838074,0.9319000244140625,0.9312099814414978,0.9318600296974182,0.0
2025-12-22 09:00:00+00:00,0.9318600296974182,0.9320999979972839,0.9312599897384644,0.9316800236701965,0.0
2025-12-22 09:15:00+00:00,0.9317200183868408,0.9317200183868408,0.9309099912643433,0.9313300251960754,0.0
2025-12-22 09:30:00+00:00,0.9313300251960754,0.931410014629364,0.930400013923645,0.9308000206947327,0.0
2025-12-22 09:45:00+00:00,0.9308000206947327,0.9310200214385986,0.9301300048828125,0.9305700063705444,0.0
2025-12-22 10:00:00+00:00,0.9305700063705444,0.9312599897384644,0.930079996585846,0.931119978427887,0.0
2025-12-22 10:15:00+00:00,0.9311000108718872,0.9314000010490417,0.9306100010871887,0.9311400055885315,0.0
2025-12-22 10:30:00+00:00,0.9311400055885315,0.9312999844551086,0.9305599927902222,0.9310700297355652,0.0
2025-12-22 10:45:00+00:00,0.9311000108718872,0.9311000108718872,0.9303100109100342,0.9308099746704102,0.0
2025-12-22 11:00:00+00:00,0.9307799935340881,0.9310299754142761,0.9303699731826782,0.9307799935340881,0.0
2025-12-22 11:15:00+00:00,0.9308199882507324,0.9310299754142761,0.9303600192070007,0.9307799935340881,0.0
2025-12-22 11:30:00+00:00,0.9307900071144104,0.930899977684021,0.9301000237464905,0.9305899739265442,0.0
2025-12-22 11:45:00+00:00,0.9305700063705444,0.9309200048446655,0.930180013179779,0.9308599829673767,0.0
2025-12-22 12:00:00+00:00,0.930869996547699,0.9312999844551086,0.930429995059967,0.9311000108718872,0.0
2025-12-22 12:15:00+00:00,0.9311100244522095,0.9312999844551086,0.930679976940155,0.9312599897384644,0.0
2025-12-22 12:30:00+00:00,0.9312599897384644,0.9317200183868408,0.9308500289916992,0.9316800236701965,0.0
2025-12-22 12:45:00+00:00,0.9316700100898743,0.9317399859428406,0.9309999942779541,0.9314000010490417,0.0
2025-12-22 13:00:00+00:00,0.9314000010490417,0.9316999912261963,0.9308300018310547,0.9313399791717529,0.0
2025-12-22 13:15:00+00:00,0.9313399791717529,0.9318100214004517,0.9308599829673767,0.9316700100898743,0.0
2025-12-22 13:30:00+00:00,0.9316700100898743,0.9318000078201294,0.9310100078582764,0.9317600131034851,0.0
2025-12-22 13:45:00+00:00,0.9317600131034851,0.93190997838974,0.9311800003051758,0.9317600131034851,0.0
2025-12-22 14:00:00+00:00,0.9317600131034851,0.9320300221443176,0.9312599897384644,0.9319700002670288,0.0
2025-12-22 14:15:00+00:00,0.9319700002670288,0.9322100281715393,0.9313300251960754,0.9320799708366394,0.0
2025-12-22 14:30:00+00:00,0.9320999979972839,0.9322999715805054,0.9313399791717529,0.9318400025367737,0.0
2025-12-22 14:45:00+00:00,0.9318000078201294,0.9319700002670288,0.9311299920082092,0.9317499995231628,0.0
2025-12-22 15:00:00+00:00,0.9317499995231628,0.932200014591217,0.9312899708747864,0.9319999814033508,0.0
2025-12-22 15:15:00+00:00,0.9320099949836731,0.9323999881744385,0.9315299987792969,0.9322800040245056,0.0
2025-12-22 15:30:00+00:00,0.9322500228881836,0.9323999881744385,0.9316499829292297,0.9322699904441833,0.0
2025-12-22 15:45:00+00:00,0.9322500228881836,0.9323999881744385,0.9314799904823303,0.9319999814033508,0.0
2025-12-22 16:00:00+00:00,0.9319999814033508,0.932200014591217,0.9313799738883972,0.9317100048065186,0.0
2025-12-22 16:15:00+00:00,0.9317399859428406,0.9318400025367737,0.9309899806976318,0.9315900206565857,0.0
2025-12-22 16:30:00+00:00,0.9315999746322632,0.9316099882125854,0.9308300018310547,0.9313300251960754,0.0
2025-12-22 16:45:00+00:00,0.9312999844551086,0.9314000010490417,0.9307600259780884,0.9311299920082092,0.0
2025-12-22 17:00:00+00:00,0.9311299920082092,0.9314000010490417,0.9307000041007996,0.9313399791717529,0.0
2025-12-22 17:15:00+00:00,0.9313600063323975,0.9314000010490417,0.9306899905204773,0.9313300251960754,0.0
2025-12-22 17:30:00+00:00,0.9313200116157532,0.931410014629364,0.9307500123977661,0.9313799738883972,0.0
2025-12-22 17:45:00+00:00,0.9313799738883972,0.9314699769020081,0.9307500123977661,0.9311800003051758,0.0
2025-12-22 18:00:00+00:00,0.9311800003051758,0.9312999844551086,0.9306600093841553,0.9311299920082092,0.0
2025-12-22 18:15:00+00:00,0.931119978427887,0.9312000274658203,0.9304800033569336,0.9309300184249878,0.0
2025-12-22 18:30:00+00:00,0.9309300184249878,0.9311000108718872,0.9304599761962891,0.9309899806976318,0.0
2025-12-22 18:45:00+00:00,0.9309700131416321,0.9310299754142761,0.9303900003433228,0.9308599829673767,0.0
2025-12-22 19:00:00+00:00,0.9308599829673767,0.9311000108718872,0.9304500222206116,0.9309099912643433,0.0
2025-12-22 19:15:00+00:00,0.9309099912643433,0.9309999942779541,0.9303900003433228,0.9309499859809875,0.0
2025-12-22 19:30:00+00:00,0.9309599995613098,0.9311000108718872,0.9304800033569336,0.930899977684021,0.0
2025-12-22 19:45:00+00:00,0.9309099912643433,0.9310100078582764,0.9303299784660339,0.9307600259780884,0.0
2025-12-22 20:00:00+00:00,0.9307600259780884,0.9310299754142761,0.9302499890327454,0.9310100078582764,0.0
2025-12-22 20:15:00+00:00,0.9309899806976318,0.9311400055885315,0.9305499792098999,0.931119978427887,0.0
2025-12-22 20:30:00+00:00,0.931119978427887,0.9312199950218201,0.9306399822235107,0.9311000108718872,0.0
2025-12-22 20:45:00+00:00,0.9311000108718872,0.9312000274658203,0.9306100010871887,0.9310799837112427,0.0
2025-12-22 21:00:00+00:00,0.9310500025749207,0.9312000274658203,0.9306100010871887,0.9311500191688538,0.0
2025-12-22 21:15:00+00:00,0.9311500191688538,0.9312999844551086,0.9306100010871887,0.9312300086021423,0.0
2025-12-22 21:30:00+00:00,0.9312000274658203,0.9314000010490417,0.9307699799537659,0.9313300251960754,0.0
2025-12-22 21:45:00+00:00,0.9313099980354309,0.9323099851608276,0.930840015411377,0.9319700002670288,0.0
2025-12-22 22:00:00+00:00,0.9319900274276733,0.9320099949836731,0.9307000041007996,0.9313499927520752,0.0
2025-12-22 22:15:00+00:00,0.9311400055885315,0.9316999912261963,0.9307699799537659,0.9310299754142761,0.0
2025-12-22 22:30:00+00:00,0.931119978427887,0.931439995765686,0.930869996547699,0.9311800003051758,0.0
2025-12-22 22:45:00+00:00,0.9312700033187866,0.9314600229263306,0.9307000041007996,0.9311599731445312,0.0
2025-12-22 23:00:00+00:00,0.9310600161552429,0.9313200116157532,0.9306399822235107,0.931119978427887,0.0
2025-12-22 23:15:00+00:00,0.9311599731445312,0.9312999844551086,0.930679976940155,0.9310899972915649,0.0
2025-12-22 23:30:00+00:00,0.9310899972915649,0.9312000274658203,0.9305700063705444,0.9310799837112427,0.0
2025-12-22 23:45:00+00:00,0.9310799837112427,0.9312099814414978,0.9306600093841553,0.9311000108718872,0.0
2025-12-23 00:00:00+00:00,0.9310700297355652,0.9311400055885315,0.9304500222206116,0.9309800267219543,0.0
2025-12-23 00:15:00+00:00,0.9308800101280212,0.9309999942779541,0.930400013923645,0.9309099912643433,0.0
2025-12-23 00:30:00+00:00,0.9308800101280212,0.9309999942779541,0.930429995059967,0.9309099912643433,0.0
2025-12-23 00:45:00+00:00,0.9309599995613098,0.9311000108718872,0.9303799867630005,0.9308199882507324,0.0
2025-12-23 01:00:00+00:00,0.930840015411377,0.930899977684021,0.9301900267601013,0.9307000041007996,0.0
2025-12-23 01:15:00+00:00,0.9307100176811218,0.9308000206947327,0.9302099943161011,0.930679976940155,0.0
2025-12-23 01:30:00+00:00,0.930679976940155,0.9308000206947327,0.9301999807357788,0.9307500123977661,0.0
2025-12-23 01:45:00+00:00,0.9308000206947327,0.9308000206947327,0.930109977722168,0.9307299852371216,0.0
2025-12-23 02:00:00+00:00,0.9307100176811218,0.9308000206947327,0.9300100207328796,0.9305099844932556,0.0
2025-12-23 02:15:00+00:00,0.9304999709129333,0.9307000041007996,0.9300500154495239,0.9304999709129333,0.0
2025-12-23 02:30:00+00:00,0.9304800033569336,0.9305999875068665,0.9296299815177917,0.9300600290298462,0.0
2025-12-23 02:45:00+00:00,0.9301199913024902,0.9301999807357788,0.9294099807739258,0.9301300048828125,0.0
2025-12-23 03:00:00+00:00,0.930079996585846,0.9301999807357788,0.9292399883270264,0.9298200011253357,0.0
2025-12-23 03:15:00+00:00,0.9298999905586243,0.9298999905586243,0.9292500019073486,0.9296799898147583,0.0
2025-12-23 03:30:00+00:00,0.929669976234436,0.9297999739646912,0.9291999936103821,0.9296799898147583,0.0
2025-12-23 03:45:00+00:00,0.9297299981117249,0.9297999739646912,0.9292299747467041,0.9297199845314026,0.0
2025-12-23 04:00:00+00:00,0.9297199845314026,0.9298999905586243,0.9292600154876709,0.9297999739646912,0.0
2025-12-23 04:15:00+00:00,0.9297400116920471,0.9298999905586243,0.9293299913406372,0.9298499822616577,0.0
2025-12-23 04:30:00+00:00,0.9298999905586243,0.9299100041389465,0.9293500185012817,0.9298099875450134,0.0
2025-12-23 04:45:00+00:00,0.9297999739646912,0.9298999905586243,0.9292399883270264,0.9297099709510803,0.0
2025-12-23 05:00:00+00:00,0.9297400116920471,0.9300000071525574,0.9292299747467041,0.9299299716949463,0.0
2025-12-23 05:15:00+00:00,0.9299200177192688,0.9299299716949463,0.9292399883270264,0.9297400116920471,0.0
2025-12-23 05:30:00+00:00,0.9297500252723694,0.9298999905586243,0.9292100071907043,0.9297800064086914,0.0
2025-12-23 05:45:00+00:00,0.9298099875450134,0.9301199913024902,0.9293400049209595,0.9299499988555908,0.0
2025-12-23 06:00:00+00:00,0.9299899935722351,0.9303299784660339,0.9295200109481812,0.9301900267601013,0.0
2025-12-23 06:15:00+00:00,0.9302099943161011,0.9304999709129333,0.9297599792480469,0.9302600026130676,0.0
2025-12-23 06:30:00+00:00,0.9302600026130676,0.9307100176811218,0.929830014705658,0.9306700229644775,0.0
2025-12-23 06:45:00+00:00,0.9306700229644775,0.9308000206947327,0.930079996585846,0.9307299852371216,0.0
2025-12-23 07:00:00+00:00,0.9307299852371216,0.9307900071144104,0.9298999905586243,0.9305999875068665,0.0
2025-12-23 07:15:00+00:00,0.9305999875068665,0.930840015411377,0.930109977722168,0.9307000041007996,0.0
2025-12-23 07:30:00+00:00,0.9306600093841553,0.9312000274658203,0.9301499724388123,0.930899977684021,0.0
2025-12-23 07:45:00+00:00,0.9309099912643433,0.9310200214385986,0.9303100109100342,0.9309499859809875,0.0
2025-12-23 08:00:00+00:00,0.9309499859809875,0.9310500025749207,0.9299399852752686,0.930429995059967,0.0
2025-12-23 08:15:00+00:00,0.930429995059967,0.9304999709129333,0.9293000102043152,0.9297099709510803,0.0
2025-12-23 08:30:00+00:00,0.9297299981117249,0.9299399852752686,0.929099977016449,0.9297000169754028,0.0
2025-12-23 08:45:00+00:00,0.929639995098114,0.9297000169754028,0.9289399981498718,0.9294499754905701,0.0
2025-12-23 09:00:00+00:00,0.9294499754905701,0.9294999837875366,0.9285600185394287,0.9290500283241272,0.0
2025-12-23 09:15:00+00:00,0.9290300011634827,0.9291399717330933,0.9281799793243408,0.9287599921226501,0.0
2025-12-23 09:30:00+00:00,0.9287400245666504,0.9291999936103821,0.9281299710273743,0.9291300177574158,0.0
2025-12-23 09:45:00+00:00,0.9291399717330933,0.9299700260162354,0.9286999702453613,0.9296299815177917,0.0
2025-12-23 10:00:00+00:00,0.9296200275421143,0.9298099875450134,0.9282799959182739,0.9287199974060059,0.0
2025-12-23 10:15:00+00:00,0.9287199974060059,0.9296299815177917,0.9283499717712402,0.9292700290679932,0.0
2025-12-23 10:30:00+00:00,0.9292700290679932,0.9294099807739258,0.9286100268363953,0.9292399883270264,0.0
2025-12-23 10:45:00+00:00,0.9292200207710266,0.9294300079345703,0.9286100268363953,0.9290400147438049,0.0
2025-12-23 11:00:00+00:00,0.9290400147438049,0.9291099905967712,0.9282699823379517,0.9287300109863281,0.0
2025-12-23 11:15:00+00:00,0.9287400245666504,0.9291099905967712,0.9283599853515625,0.9289399981498718,0.0
2025-12-23 11:30:00+00:00,0.9289299845695496,0.9290900230407715,0.9284300208091736,0.9290300011634827,0.0
2025-12-23 11:45:00+00:00,0.9290500283241272,0.9293000102043152,0.9284200072288513,0.9290599822998047,0.0
2025-12-23 12:00:00+00:00,0.929069995880127,0.9292500019073486,0.9285500049591064,0.9291399717330933,0.0
2025-12-23 12:15:00+00:00,0.9291499853134155,0.9291999936103821,0.9283900260925293,0.9289299845695496,0.0
2025-12-23 12:30:00+00:00,0.9289299845695496,0.9289600253105164,0.9279500246047974,0.9284999966621399,0.0
2025-12-23 12:45:00+00:00,0.9284899830818176,0.9287599921226501,0.9279199838638306,0.9283599853515625,0.0
2025-12-23 13:00:00+00:00,0.9284200072288513,0.9288700222969055,0.9279599785804749,0.9283900260925293,0.0
2025-12-23 13:15:00+00:00,0.9284300208091736,0.9287499785423279,0.9279999732971191,0.9284899830818176,0.0
2025-12-23 13:30:00+00:00,0.9285699725151062,0.9294999837875366,0.9282699823379517,0.9292100071907043,0.0
2025-12-23 13:45:00+00:00,0.9291999936103821,0.929419994354248,0.9286900162696838,0.9292600154876709,0.0
2025-12-23 14:00:00+00:00,0.9292600154876709,0.9299600124359131,0.928879976272583,0.9299100041389465,0.0
2025-12-23 14:15:00+00:00,0.9298099875450134,0.930400013923645,0.9294800162315369,0.9301900267601013,0.0
2025-12-23 14:30:00+00:00,0.9301999807357788,0.9308000206947327,0.9297199845314026,0.9306600093841553,0.0
2025-12-23 14:45:00+00:00,0.9306700229644775,0.9308000206947327,0.9299799799919128,0.930429995059967,0.0
2025-12-23 15:00:00+00:00,0.9303799867630005,0.9305800199508667,0.9297000169754028,0.930180013179779,0.0
2025-12-23 15:15:00+00:00,0.930180013179779,0.9302999973297119,0.9296000003814697,0.9300100207328796,0.0
2025-12-23 15:30:00+00:00,0.9300100207328796,0.9304999709129333,0.9295399785041809,0.9302200078964233,0.0
2025-12-23 15:45:00+00:00,0.9302099943161011,0.9302300214767456,0.9293599724769592,0.9299499988555908,0.0
2025-12-23 16:00:00+00:00,0.9299499988555908,0.9300000071525574,0.9289600253105164,0.9294300079345703,0.0
2025-12-23 16:15:00+00:00,0.9293799996376038,0.9296200275421143,0.9287499785423279,0.9295300245285034,0.0
2025-12-23 16:30:00+00:00,0.9295300245285034,0.9297999739646912,0.9291599988937378,0.9296600222587585,0.0
2025-12-23 16:45:00+00:00,0.9296600222587585,0.9300100207328796,0.9293500185012817,0.9299600124359131,0.0
2025-12-23 17:00:00+00:00,0.9299100041389465,0.9300000071525574,0.9292399883270264,0.9297000169754028,0.0
2025-12-23 17:15:00+00:00,0.9296900033950806,0.9297999739646912,0.928879976272583,0.9292299747467041,0.0
2025-12-23 17:30:00+00:00,0.9292299747467041,0.9293000102043152,0.928600013256073,0.929099977016449,0.0
2025-12-23 17:45:00+00:00,0.9291099905967712,0.9291300177574158,0.9284700155258179,0.9289900064468384,0.0
2025-12-23 18:00:00+00:00,0.9289900064468384,0.9291200041770935,0.9285299777984619,0.9290000200271606,0.0
2025-12-23 18:15:00+00:00,0.9289799928665161,0.929099977016449,0.9283599853515625,0.9289699792861938,0.0
2025-12-23 18:30:00+00:00,0.9289399981498718,0.9291300177574158,0.9285100102424622,0.9290599822998047,0.0
2025-12-23 18:45:00+00:00,0.9290400147438049,0.9291099905967712,0.9285200238227844,0.9290800094604492,0.0
2025-12-23 19:00:00+00:00,0.9290500283241272,0.9292299747467041,0.928600013256073,0.9290800094604492,0.0
2025-12-23 19:15:00+00:00,0.9290300011634827,0.929099977016449,0.9283699989318848,0.9288100004196167,0.0
2025-12-23 19:30:00+00:00,0.928820013999939,0.9289100170135498,0.9283499717712402,0.9287999868392944,0.0
2025-12-23 19:45:00+00:00,0.9288100004196167,0.9289199709892273,0.9281399846076965,0.9286400079727173,0.0
2025-12-23 20:00:00+00:00,0.9286699891090393,0.9289100170135498,0.9282100200653076,0.9288600087165833,0.0
2025-12-23 20:15:00+00:00,0.9288600087165833,0.929099977016449,0.9285299777984619,0.9290300011634827,0.0
2025-12-23 20:30:00+00:00,0.9290300011634827,0.9291399717330933,0.9285299777984619,0.9289399981498718,0.0
2025-12-23 20:45:00+00:00,0.9289600253105164,0.9290000200271606,0.9284700155258179,0.9289299845695496,0.0
2025-12-23 21:00:00+00:00,0.9289299845695496,0.9290099740028381,0.9284800291061401,0.9289699792861938,0.0
2025-12-23 21:15:00+00:00,0.9289100170135498,0.9290000200271606,0.9284399747848511,0.9289600253105164,0.0
2025-12-23 21:30:00+00:00,0.9289100170135498,0.9290199875831604,0.9284800291061401,0.9289699792861938,0.0
2025-12-23 21:45:00+00:00,0.9289199709892273,0.9289600253105164,0.9283300042152405,0.9287099838256836,0.0
2025-12-23 22:00:00+00:00,0.9287099838256836,0.9304400086402893,0.9282500147819519,0.928629994392395,0.0
2025-12-23 22:15:00+00:00,0.9286500215530396,0.9289399981498718,0.9284399747848511,0.9289000034332275,0.0
2025-12-23 22:30:00+00:00,0.9286100268363953,0.9290000200271606,0.9285799860954285,0.9287199974060059,0.0
2025-12-23 22:45:00+00:00,0.9287099838256836,0.9289299845695496,0.9284399747848511,0.9287999868392944,0.0
2025-12-23 23:00:00+00:00,0.928659975528717,0.9289500117301941,0.9280200004577637,0.9284200072288513,0.0
2025-12-23 23:15:00+00:00,0.9284200072288513,0.9286999702453613,0.9280400276184082,0.9285899996757507,0.0
2025-12-23 23:30:00+00:00,0.9285899996757507,0.9289000034332275,0.9282199740409851,0.9287800192832947,0.0
2025-12-23 23:45:00+00:00,0.9287899732589722,0.9289000034332275,0.9282699823379517,0.928849995136261,0.0
2025-12-24 00:00:00+00:00,0.9288300275802612,0.9288600087165833,0.9281600117683411,0.9287899732589722,0.0
2025-12-24 00:15:00+00:00,0.9287899732589722,0.9288600087165833,0.9282400012016296,0.9286800026893616,0.0
2025-12-24 00:30:00+00:00,0.9286800026893616,0.9286999702453613,0.9280499815940857,0.9284499883651733,0.0
2025-12-24 00:45:00+00:00,0.9284499883651733,0.9288100004196167,0.9279999732971191,0.9284300208091736,0.0
2025-12-24 01:00:00+00:00,0.9284399747848511,0.9284999966621399,0.9278900027275085,0.9284200072288513,0.0
2025-12-24 01:15:00+00:00,0.9283999800682068,0.9284399747848511,0.9275799989700317,0.9279400110244751,0.0
2025-12-24 01:30:00+00:00,0.9279400110244751,0.9283000230789185,0.9275500178337097,0.9282000064849854,0.0
2025-12-24 01:45:00+00:00,0.9282199740409851,0.9283300042152405,0.9277099967002869,0.9282500147819519,0.0
2025-12-24 02:00:00+00:00,0.9282500147819519,0.9286100268363953,0.9278600215911865,0.9284700155258179,0.0
2025-12-24 02:15:00+00:00,0.9284700155258179,0.9285299777984619,0.9278600215911865,0.9283599853515625,0.0
2025-12-24 02:30:00+00:00,0.928309977054596,0.928600013256073,0.927869975566864,0.9285600185394287,0.0
2025-12-24 02:45:00+00:00,0.9285600185394287,0.9286999702453613,0.928059995174408,0.9285699725151062,0.0
2025-12-24 03:00:00+00:00,0.9286100268363953,0.9286999702453613,0.9280800223350525,0.9285899996757507,0.0
2025-12-24 03:15:00+00:00,0.928629994392395,0.9288100004196167,0.9281700253486633,0.9286199808120728,0.0
2025-12-24 03:30:00+00:00,0.9286100268363953,0.9287300109863281,0.9280499815940857,0.9284399747848511,0.0
2025-12-24 03:45:00+00:00,0.9284399747848511,0.9284999966621399,0.927839994430542,0.9281499981880188,0.0
2025-12-24 04:00:00+00:00,0.9281600117683411,0.9284200072288513,0.9277200102806091,0.9283499717712402,0.0
2025-12-24 04:15:00+00:00,0.9283499717712402,0.9284999966621399,0.9279400110244751,0.9283499717712402,0.0
2025-12-24 04:30:00+00:00,0.9283599853515625,0.9283999800682068,0.92781001329422,0.9282799959182739,0.0
2025-12-24 04:45:00+00:00,0.9282900094985962,0.9283300042152405,0.9277600049972534,0.9282100200653076,0.0
2025-12-24 05:00:00+00:00,0.9282299876213074,0.9283000230789185,0.9276900291442871,0.9282000064849854,0.0
2025-12-24 05:15:00+00:00,0.9282199740409851,0.9284200072288513,0.9277999997138977,0.928409993648529,0.0
2025-12-24 05:30:00+00:00,0.9283699989318848,0.928600013256073,0.9279999732971191,0.9285399913787842,0.0
2025-12-24 05:45:00+00:00,0.9285399913787842,0.9286999702453613,0.92808997631073,0.9285699725151062,0.0
2025-12-24 06:00:00+00:00,0.9285699725151062,0.9286500215530396,0.9280300140380859,0.9285899996757507,0.0
2025-12-24 06:15:00+00:00,0.9285600185394287,0.9286100268363953,0.9279699921607971,0.9284999966621399,0.0
2025-12-24 06:30:00+00:00,0.9284999966621399,0.928600013256073,0.9279699921607971,0.9284600019454956,0.0
2025-12-24 06:45:00+00:00,0.9284399747848511,0.9286999702453613,0.9279800057411194,0.9285299777984619,0.0
2025-12-24 07:00:00+00:00,0.9285500049591064,0.9286199808120728,0.9279199838638306,0.9283699989318848,0.0
2025-12-24 07:15:00+00:00,0.9284200072288513,0.928600013256073,0.9279000163078308,0.9283900260925293,0.0
2025-12-24 07:30:00+00:00,0.9283599853515625,0.9285200238227844,0.9278799891471863,0.9284499883651733,0.0
2025-12-24 07:45:00+00:00,0.9284499883651733,0.928600013256073,0.9279199838638306,0.9283900260925293,0.0
2025-12-24 08:00:00+00:00,0.9283999800682068,0.9285799860954285,0.9277799725532532,0.9284399747848511,0.0
2025-12-24 08:15:00+00:00,0.9284300208091736,0.9285100102424622,0.9279000163078308,0.9284200072288513,0.0
2025-12-24 08:30:00+00:00,0.9284600019454956,0.928659975528717,0.9280499815940857,0.9285399913787842,0.0
2025-12-24 08:45:00+00:00,0.9285399913787842,0.9286999702453613,0.9278799891471863,0.928380012512207,0.0
2025-12-24 09:00:00+00:00,0.9283499717712402,0.928380012512207,0.927590012550354,0.9281100034713745,0.0
2025-12-24 09:15:00+00:00,0.9281100034713745,0.9282000064849854,0.9274899959564209,0.9279900193214417,0.0
2025-12-24 09:30:00+00:00,0.9279900193214417,0.9281399846076965,0.9273599982261658,0.9280800223350525,0.0
2025-12-24 09:45:00+00:00,0.9280800223350525,0.9283000230789185,0.9273300170898438,0.9277600049972534,0.0
2025-12-24 10:00:00+00:00,0.9277600049972534,0.9279999732971191,0.9271399974822998,0.9277700185775757,0.0
2025-12-24 10:15:00+00:00,0.9277700185775757,0.9281600117683411,0.9274299740791321,0.9279900193214417,0.0
2025-12-24 10:30:00+00:00,0.9279900193214417,0.9283999800682068,0.9275500178337097,0.9283000230789185,0.0
2025-12-24 10:45:00+00:00,0.928309977054596,0.9283400177955627,0.9276700019836426,0.9281200170516968,0.0
2025-12-24 11:00:00+00:00,0.9281200170516968,0.9282000064849854,0.9275699853897095,0.9280300140380859,0.0
2025-12-24 11:15:00+00:00,0.9280300140380859,0.9282000064849854,0.9275500178337097,0.9278799891471863,0.0
2025-12-24 11:30:00+00:00,0.9278799891471863,0.9279099702835083,0.9270300269126892,0.9274799823760986,0.0
2025-12-24 11:45:00+00:00,0.9274799823760986,0.9276000261306763,0.9269400238990784,0.9274600148200989,0.0
2025-12-24 12:00:00+00:00,0.9274600148200989,0.9276099801063538,0.9269700050354004,0.9275699853897095,0.0
2025-12-24 12:15:00+00:00,0.927590012550354,0.9277399778366089,0.927079975605011,0.927649974822998,0.0
2025-12-24 12:30:00+00:00,0.9276400208473206,0.9282199740409851,0.9271000027656555,0.9281799793243408,0.0
2025-12-24 12:45:00+00:00,0.9281799793243408,0.9284200072288513,0.9276999831199646,0.9282000064849854,0.0
2025-12-24 13:00:00+00:00,0.9282400012016296,0.9284200072288513,0.9277600049972534,0.9282000064849854,0.0
2025-12-24 13:15:00+00:00,0.9282000064849854,0.9284999966621399,0.9278299808502197,0.928309977054596,0.0
2025-12-24 13:30:00+00:00,0.9282500147819519,0.9285200238227844,0.927649974822998,0.9281899929046631,0.0
2025-12-24 13:45:00+00:00,0.9281899929046631,0.9287099838256836,0.9278299808502197,0.9285799860954285,0.0
2025-12-24 14:00:00+00:00,0.9285799860954285,0.928820013999939,0.9280400276184082,0.9286999702453613,0.0
2025-12-24 14:15:00+00:00,0.9287099838256836,0.9289100170135498,0.928309977054596,0.9286800026893616,0.0
2025-12-24 14:30:00+00:00,0.9286999702453613,0.9287999868392944,0.9280700087547302,0.9287199974060059,0.0
2025-12-24 14:45:00+00:00,0.9287099838256836,0.9287999868392944,0.9281399846076965,0.9287199974060059,0.0
2025-12-24 15:00:00+00:00,0.9287199974060059,0.9289000034332275,0.9282199740409851,0.9286900162696838,0.0
2025-12-24 15:15:00+00:00,0.9286999702453613,0.9289000034332275,0.9281600117683411,0.928629994392395,0.0
2025-12-24 15:30:00+00:00,0.9286500215530396,0.9288600087165833,0.9282100200653076,0.9287499785423279,0.0
2025-12-24 15:45:00+00:00,0.9287599921226501,0.9291999936103821,0.9282199740409851,0.929099977016449,0.0
2025-12-24 16:00:00+00:00,0.929099977016449,0.9294000267982483,0.928629994392395,0.9292899966239929,0.0
2025-12-24 16:15:00+00:00,0.9292899966239929,0.9297800064086914,0.9287999868392944,0.9295200109481812,0.0
2025-12-24 16:30:00+00:00,0.9295099973678589,0.9296000003814697,0.9286699891090393,0.9291300177574158,0.0
2025-12-24 16:45:00+00:00,0.9291300177574158,0.9293000102043152,0.9286800026893616,0.9289699792861938,0.0
2025-12-24 17:00:00+00:00,0.9289699792861938,0.9290099740028381,0.928309977054596,0.9287499785423279,0.0
2025-12-24 17:15:00+00:00,0.9287599921226501,0.9287999868392944,0.9282600283622742,0.9287199974060059,0.0
2025-12-24 17:30:00+00:00,0.9287300109863281,0.9287999868392944,0.9279999732971191,0.9285299777984619,0.0
2025-12-24 17:45:00+00:00,0.9285500049591064,0.928629994392395,0.9280400276184082,0.9284700155258179,0.0
2025-12-24 18:00:00+00:00,0.9284700155258179,0.9285299777984619,0.9275400042533875,0.9279800057411194,0.0
2025-12-24 18:15:00+00:00,0.9280200004577637,0.9283999800682068,0.9276800155639648,0.9281799793243408,0.0
2025-12-24 18:30:00+00:00,0.9281899929046631,0.928600013256073,0.9276900291442871,0.9281499981880188,0.0
2025-12-24 18:45:00+00:00,0.9281499981880188,0.9283000230789185,0.9277099967002869,0.9282400012016296,0.0
2025-12-24 19:00:00+00:00,0.9281700253486633,0.9283400177955627,0.9277200102806091,0.9282400012016296,0.0
2025-12-24 19:15:00+00:00,0.9283000230789185,0.9283999800682068,0.9277499914169312,0.9282400012016296,0.0
2025-12-24 19:30:00+00:00,0.9282400012016296,0.928409993648529,0.9277799725532532,0.9282600283622742,0.0
2025-12-24 19:45:00+00:00,0.9282400012016296,0.9284999966621399,0.9278299808502197,0.9284399747848511,0.0
2025-12-24 20:00:00+00:00,0.928380012512207,0.9284999966621399,0.9277799725532532,0.9281700253486633,0.0
2025-12-24 20:15:00+00:00,0.9281700253486633,0.9283000230789185,0.927590012550354,0.9279999732971191,0.0
2025-12-24 20:30:00+00:00,0.9279299974441528,0.9283999800682068,0.9276400208473206,0.9281899929046631,0.0
2025-12-24 20:45:00+00:00,0.9281399846076965,0.9284999966621399,0.9277799725532532,0.9282100200653076,0.0
2025-12-24 21:00:00+00:00,0.9280800223350525,0.9283999800682068,0.927619993686676,0.928059995174408,0.0
2025-12-24 21:15:00+00:00,0.927839994430542,0.9282000064849854,0.9274500012397766,0.9280800223350525,0.0
2025-12-24 21:30:00+00:00,0.928059995174408,0.9282600283622742,0.9276700019836426,0.9279999732971191,0.0
2025-12-24 21:45:00+00:00,0.928059995174408,0.9284700155258179,0.927619993686676,0.928409993648529,0.0
2025-12-24 22:00:00+00:00,0.9282199740409851,0.9286400079727173,0.9280700087547302,0.9281600117683411,0.0
2025-12-24 22:15:00+00:00,0.9281600117683411,0.9282199740409851,0.9280999898910522,0.9281600117683411,0.0
2025-12-24 22:30:00+00:00,0.9281600117683411,0.9281600117683411,0.9280999898910522,0.9281600117683411,0.0
2025-12-24 23:00:00+00:00,0.9283999800682068,0.9284999966621399,0.9281399846076965,0.9281799793243408,0.0
2025-12-24 23:15:00+00:00,0.9280800223350525,0.9282000064849854,0.9274700284004211,0.9274700284004211,0.0
2025-12-24 23:30:00+00:00,0.9277099967002869,0.9278600215911865,0.9273099899291992,0.9273099899291992,0.0
2025-12-24 23:45:00+00:00,0.9279000163078308,0.9283999800682068,0.9273499846458435,0.9283999800682068,0.0
2025-12-25 00:00:00+00:00,0.9278799891471863,0.9282000064849854,0.9276300072669983,0.9279999732971191,0.0
2025-12-25 00:15:00+00:00,0.9280999898910522,0.9283000230789185,0.9277200102806091,0.9283000230789185,0.0
2025-12-25 00:30:00+00:00,0.9282000064849854,0.9286400079727173,0.9278299808502197,0.9280999898910522,0.0
2025-12-25 00:45:00+00:00,0.9280999898910522,0.9289000034332275,0.9265300035476685,0.9279000163078308,0.0
2025-12-25 01:00:00+00:00,0.9279999732971191,0.9283999800682068,0.927590012550354,0.9280999898910522,0.0
2025-12-25 01:15:00+00:00,0.9279999732971191,0.9280999898910522,0.9277499914169312,0.9279000163078308,0.0
2025-12-25 01:30:00+00:00,0.9279000163078308,0.9280999898910522,0.9272699952125549,0.9276900291442871,0.0
2025-12-25 01:45:00+00:00,0.9273300170898438,0.9278200268745422,0.9272599816322327,0.9276999831199646,0.0
2025-12-25 02:00:00+00:00,0.9277999997138977,0.9277999997138977,0.9275000095367432,0.9276999831199646,0.0
2025-12-25 02:15:00+00:00,0.9276999831199646,0.9277999997138977,0.9275000095367432,0.9276999831199646,0.0
2025-12-25 02:30:00+00:00,0.9276999831199646,0.9277899861335754,0.9276800155639648,0.9277099967002869,0.0
2025-12-25 02:45:00+00:00,0.9276000261306763,0.927839994430542,0.9272300004959106,0.9275000095367432,0.0
2025-12-25 03:00:00+00:00,0.9271699786186218,0.9275000095367432,0.9271699786186218,0.9275000095367432,0.0
2025-12-25 03:15:00+00:00,0.9275000095367432,0.9277499914169312,0.9271799921989441,0.9272000193595886,0.0
2025-12-25 03:30:00+00:00,0.9270600080490112,0.9277499914169312,0.9270600080490112,0.927299976348877,0.0
2025-12-25 03:45:00+00:00,0.9272900223731995,0.9279000163078308,0.9271699786186218,0.9275000095367432,0.0
2025-12-25 04:00:00+00:00,0.9273999929428101,0.9277999997138977,0.9272599816322327,0.9273999929428101,0.0
2025-12-25 04:15:00+00:00,0.9273999929428101,0.9277999997138977,0.927299976348877,0.9273999929428101,0.0
2025-12-25 04:30:00+00:00,0.9277999997138977,0.9277999997138977,0.9272699952125549,0.9273999929428101,0.0
2025-12-25 04:45:00+00:00,0.9277999997138977,0.9277999997138977,0.9273099899291992,0.9275000095367432,0.0
2025-12-25 05:00:00+00:00,0.9277999997138977,0.9277999997138977,0.9272699952125549,0.9275000095367432,0.0
2025-12-25 05:15:00+00:00,0.9277999997138977,0.9277999997138977,0.9273999929428101,0.9277099967002869,0.0
2025-12-25 05:30:00+00:00,0.9277700185775757,0.9277999997138977,0.9273300170898438,0.9277099967002869,0.0
2025-12-25 05:45:00+00:00,0.9277700185775757,0.9277999997138977,0.9273999929428101,0.9276000261306763,0.0
2025-12-25 06:00:00+00:00,0.9276999831199646,0.9280099868774414,0.9275000095367432,0.9277999997138977,0.0
2025-12-25 06:15:00+00:00,0.9276999831199646,0.9279699921607971,0.9275000095367432,0.9276000261306763,0.0
2025-12-25 06:30:00+00:00,0.9276000261306763,0.9279999732971191,0.9276000261306763,0.9277999997138977,0.0
2025-12-25 06:45:00+00:00,0.9276999831199646,0.92808997631073,0.9276000261306763,0.9276999831199646,0.0
2025-12-25 07:00:00+00:00,0.9277999997138977,0.9282900094985962,0.9276999831199646,0.9277999997138977,0.0
2025-12-25 07:15:00+00:00,0.9276999831199646,0.9286400079727173,0.9266600012779236,0.9270399808883667,0.0
2025-12-25 07:30:00+00:00,0.9283999800682068,0.929099977016449,0.9273499846458435,0.9285899996757507,0.0
2025-12-25 07:45:00+00:00,0.9276800155639648,0.9285500049591064,0.927049994468689,0.9279599785804749,0.0
2025-12-25 16:45:00+00:00,0.9255300164222717,0.9255300164222717,0.9254199862480164,0.9254199862480164,0.0
2025-12-25 17:00:00+00:00,0.9254400134086609,0.9255200028419495,0.9253699779510498,0.9253900051116943,0.0
2025-12-25 17:15:00+00:00,0.9255200028419495,0.9255399703979492,0.92535001039505,0.9253699779510498,0.0
2025-12-25 17:30:00+00:00,0.9254599809646606,0.9255200028419495,0.9253699779510498,0.9254299998283386,0.0
2025-12-25 17:45:00+00:00,0.9254400134086609,0.9255399703979492,0.9253699779510498,0.9253699779510498,0.0
2025-12-25 18:00:00+00:00,0.9254199862480164,0.9254299998283386,0.9254199862480164,0.9254199862480164,0.0
2025-12-25 18:15:00+00:00,0.9254199862480164,0.9254199862480164,0.9254199862480164,0.9254199862480164,0.0
2025-12-25 22:00:00+00:00,0.9272000193595886,0.9284300208091736,0.9271399974822998,0.9278600215911865,0.0
2025-12-25 22:15:00+00:00,0.9278600215911865,0.9280400276184082,0.9270700216293335,0.9277899861335754,0.0
2025-12-25 22:30:00+00:00,0.92781001329422,0.9280700087547302,0.927079975605011,0.9276000261306763,0.0
2025-12-25 22:45:00+00:00,0.9276099801063538,0.9277999997138977,0.9271799921989441,0.9276999831199646,0.0
2025-12-25 23:00:00+00:00,0.9275799989700317,0.9283499717712402,0.9275799989700317,0.9283499717712402,0.0
2025-12-25 23:15:00+00:00,0.9283699989318848,0.9285299777984619,0.9278200268745422,0.9283199906349182,0.0
2025-12-25 23:30:00+00:00,0.9282900094985962,0.9287199974060059,0.9279000163078308,0.9284300208091736,0.0
2025-12-25 23:45:00+00:00,0.928409993648529,0.9287400245666504,0.9279800057411194,0.9286800026893616,0.0
2025-12-26 00:00:00+00:00,0.9286800026893616,0.929099977016449,0.9282699823379517,0.9290199875831604,0.0
2025-12-26 00:15:00+00:00,0.9289399981498718,0.9291599988937378,0.9284899830818176,0.9289799928665161,0.0
2025-12-26 00:30:00+00:00,0.9290199875831604,0.9291599988937378,0.9285799860954285,0.9291099905967712,0.0
2025-12-26 00:45:00+00:00,0.9291200041770935,0.9293599724769592,0.9284700155258179,0.9287199974060059,0.0
2025-12-26 01:00:00+00:00,0.9287400245666504,0.9290400147438049,0.9278900027275085,0.9289500117301941,0.0
2025-12-26 01:15:00+00:00,0.9289500117301941,0.9291200041770935,0.9284899830818176,0.9289900064468384,0.0
2025-12-26 01:30:00+00:00,0.9289699792861938,0.9292200207710266,0.9284800291061401,0.9289600253105164,0.0
2025-12-26 01:45:00+00:00,0.9289699792861938,0.9291300177574158,0.9283000230789185,0.9287700057029724,0.0
2025-12-26 02:00:00+00:00,0.9287800192832947,0.9289000034332275,0.9282900094985962,0.9286900162696838,0.0
2025-12-26 02:15:00+00:00,0.9286900162696838,0.9287999868392944,0.9282600283622742,0.9287599921226501,0.0
2025-12-26 02:30:00+00:00,0.9287599921226501,0.9292500019073486,0.9283499717712402,0.9291800260543823,0.0
2025-12-26 02:45:00+00:00,0.9291800260543823,0.9292600154876709,0.9287199974060059,0.9291300177574158,0.0
2025-12-26 03:00:00+00:00,0.9291300177574158,0.9293100237846375,0.9286699891090393,0.9292600154876709,0.0
2025-12-26 03:15:00+00:00,0.9291999936103821,0.9293400049209595,0.9287099838256836,0.9292100071907043,0.0
2025-12-26 03:30:00+00:00,0.9292200207710266,0.9293000102043152,0.9286900162696838,0.9291700124740601,0.0
2025-12-26 03:45:00+00:00,0.9291700124740601,0.9292299747467041,0.928600013256073,0.9289699792861938,0.0
2025-12-26 04:00:00+00:00,0.9289699792861938,0.9290599822998047,0.9284300208091736,0.9288100004196167,0.0
2025-12-26 04:15:00+00:00,0.9288100004196167,0.9290000200271606,0.9283199906349182,0.9289199709892273,0.0
2025-12-26 04:30:00+00:00,0.9289199709892273,0.9290000200271606,0.9282500147819519,0.9286999702453613,0.0
2025-12-26 04:45:00+00:00,0.9287300109863281,0.9289000034332275,0.9282600283622742,0.9287999868392944,0.0
2025-12-26 05:00:00+00:00,0.9287800192832947,0.9289000034332275,0.9282600283622742,0.9286800026893616,0.0
2025-12-26 05:15:00+00:00,0.9286900162696838,0.9289000034332275,0.9282400012016296,0.9288300275802612,0.0
2025-12-26 05:30:00+00:00,0.9287899732589722,0.9289000034332275,0.928309977054596,0.9287300109863281,0.0
2025-12-26 05:45:00+00:00,0.9287400245666504,0.9289000034332275,0.9282699823379517,0.9287800192832947,0.0
2025-12-26 06:00:00+00:00,0.9287800192832947,0.9289199709892273,0.9282900094985962,0.9287700057029724,0.0
2025-12-26 06:15:00+00:00,0.9287599921226501,0.9287999868392944,0.9281200170516968,0.9285899996757507,0.0
2025-12-26 06:30:00+00:00,0.9285899996757507,0.9289000034332275,0.9280700087547302,0.9284800291061401,0.0
2025-12-26 06:45:00+00:00,0.9284800291061401,0.9286500215530396,0.9280200004577637,0.9286100268363953,0.0
2025-12-26 07:00:00+00:00,0.928600013256073,0.9290500283241272,0.9281899929046631,0.9290000200271606,0.0
2025-12-26 07:15:00+00:00,0.9289399981498718,0.9292200207710266,0.9285399913787842,0.9289600253105164,0.0
2025-12-26 07:30:00+00:00,0.9289600253105164,0.9294000267982483,0.9285299777984619,0.929069995880127,0.0
2025-12-26 07:45:00+00:00,0.929069995880127,0.9297000169754028,0.9286400079727173,0.9293000102043152,0.0
2025-12-26 08:00:00+00:00,0.9293100237846375,0.9299600124359131,0.9289000034332275,0.9298499822616577,0.0
2025-12-26 08:15:00+00:00,0.929830014705658,0.9299100041389465,0.9291899800300598,0.9297599792480469,0.0
2025-12-26 08:30:00+00:00,0.9297599792480469,0.9298999905586243,0.9290500283241272,0.9297000169754028,0.0
2025-12-26 08:45:00+00:00,0.929639995098114,0.9297000169754028,0.928879976272583,0.9292799830436707,0.0
2025-12-26 09:00:00+00:00,0.9292700290679932,0.9298200011253357,0.9288600087165833,0.9297000169754028,0.0
2025-12-26 09:15:00+00:00,0.9295899868011475,0.9297000169754028,0.9289799928665161,0.9295300245285034,0.0
2025-12-26 09:30:00+00:00,0.9295300245285034,0.9297000169754028,0.9289900064468384,0.9294700026512146,0.0
2025-12-26 09:45:00+00:00,0.9294599890708923,0.9298099875450134,0.9290300011634827,0.9297000169754028,0.0
2025-12-26 10:00:00+00:00,0.9297000169754028,0.9299200177192688,0.9291800260543823,0.9298800230026245,0.0
2025-12-26 10:15:00+00:00,0.9298800230026245,0.9301300048828125,0.9293500185012817,0.9301000237464905,0.0
2025-12-26 10:30:00+00:00,0.9301000237464905,0.9302999973297119,0.9293299913406372,0.9297099709510803,0.0
2025-12-26 10:45:00+00:00,0.9297999739646912,0.9297999739646912,0.9291399717330933,0.9296299815177917,0.0
2025-12-26 11:00:00+00:00,0.9296000003814697,0.9299299716949463,0.9291899800300598,0.9298200011253357,0.0
2025-12-26 11:15:00+00:00,0.9298999905586243,0.9298999905586243,0.9293000102043152,0.9297800064086914,0.0
2025-12-26 11:30:00+00:00,0.9297999739646912,0.9298999905586243,0.9292799830436707,0.9297599792480469,0.0
2025-12-26 11:45:00+00:00,0.9297699928283691,0.9298999905586243,0.9293100237846375,0.9297800064086914,0.0
2025-12-26 12:00:00+00:00,0.9297900199890137,0.9299299716949463,0.9293100237846375,0.9298200011253357,0.0
2025-12-26 12:15:00+00:00,0.9297699928283691,0.9299100041389465,0.9292700290679932,0.9296900033950806,0.0
2025-12-26 12:30:00+00:00,0.9297000169754028,0.92985999584198,0.9292399883270264,0.9297400116920471,0.0
2025-12-26 12:45:00+00:00,0.9297999739646912,0.9300299882888794,0.9292500019073486,0.9300199747085571,0.0
2025-12-26 13:00:00+00:00,0.9299899935722351,0.9300400018692017,0.9293199777603149,0.9297800064086914,0.0
2025-12-26 13:15:00+00:00,0.9297599792480469,0.9297999739646912,0.9291399717330933,0.9295899868011475,0.0
2025-12-26 13:30:00+00:00,0.9295300245285034,0.9298999905586243,0.929099977016449,0.929610013961792,0.0
2025-12-26 13:45:00+00:00,0.9296000003814697,0.9296799898147583,0.9290500283241272,0.9294899702072144,0.0
2025-12-26 14:00:00+00:00,0.9295200109481812,0.9296000003814697,0.9289299845695496,0.9293500185012817,0.0
2025-12-26 14:15:00+00:00,0.9293400049209595,0.9295499920845032,0.9289699792861938,0.929390013217926,0.0
2025-12-26 14:30:00+00:00,0.9294400215148926,0.9296000003814697,0.9289299845695496,0.9294499754905701,0.0
2025-12-26 14:45:00+00:00,0.9294999837875366,0.9294999837875366,0.928659975528717,0.9291800260543823,0.0
2025-12-26 15:00:00+00:00,0.9292399883270264,0.9293400049209595,0.9285200238227844,0.9292100071907043,0.0
2025-12-26 15:15:00+00:00,0.9292700290679932,0.9294000267982483,0.928600013256073,0.9291200041770935,0.0
2025-12-26 15:30:00+00:00,0.929069995880127,0.9293299913406372,0.928629994392395,0.9290500283241272,0.0
2025-12-26 15:45:00+00:00,0.9290500283241272,0.9291099905967712,0.9285399913787842,0.9289500117301941,0.0
2025-12-26 16:00:00+00:00,0.9289500117301941,0.9293500185012817,0.9286199808120728,0.9293299913406372,0.0
2025-12-26 16:15:00+00:00,0.9292799830436707,0.9294999837875366,0.9288700222969055,0.9292799830436707,0.0
2025-12-26 16:30:00+00:00,0.9292799830436707,0.9293500185012817,0.9286500215530396,0.9292899966239929,0.0
2025-12-26 16:45:00+00:00,0.9292600154876709,0.9295499920845032,0.9289399981498718,0.9294599890708923,0.0
2025-12-26 17:00:00+00:00,0.9294099807739258,0.929610013961792,0.9289799928665161,0.9295200109481812,0.0
2025-12-26 17:15:00+00:00,0.9295099973678589,0.929610013961792,0.9289900064468384,0.929390013217926,0.0
2025-12-26 17:30:00+00:00,0.9293699860572815,0.9295399785041809,0.9289600253105164,0.9294400215148926,0.0
2025-12-26 17:45:00+00:00,0.9294300079345703,0.9296000003814697,0.9290099740028381,0.9294800162315369,0.0
2025-12-26 18:00:00+00:00,0.9294999837875366,0.9297099709510803,0.9290300011634827,0.9296799898147583,0.0
2025-12-26 18:15:00+00:00,0.9296900033950806,0.9297999739646912,0.9292299747467041,0.9296000003814697,0.0
2025-12-26 18:30:00+00:00,0.9296000003814697,0.9297999739646912,0.9291399717330933,0.9296000003814697,0.0
2025-12-26 18:45:00+00:00,0.9295600056648254,0.9297500252723694,0.9291800260543823,0.9296500086784363,0.0
2025-12-26 19:00:00+00:00,0.9296600222587585,0.9297299981117249,0.929099977016449,0.9295099973678589,0.0
2025-12-26 19:15:00+00:00,0.9295600056648254,0.9296299815177917,0.9290099740028381,0.9294599890708923,0.0
2025-12-26 19:30:00+00:00,0.9294899702072144,0.9295099973678589,0.9289600253105164,0.9294099807739258,0.0
2025-12-26 19:45:00+00:00,0.9294099807739258,0.9294300079345703,0.9288600087165833,0.9292200207710266,0.0
2025-12-26 20:00:00+00:00,0.9292100071907043,0.9292500019073486,0.9286800026893616,0.9291499853134155,0.0
2025-12-26 20:15:00+00:00,0.9290800094604492,0.9293000102043152,0.9286999702453613,0.9291399717330933,0.0
2025-12-26 20:30:00+00:00,0.9291399717330933,0.9294000267982483,0.9287499785423279,0.9292600154876709,0.0
2025-12-26 20:45:00+00:00,0.9292600154876709,0.9294000267982483,0.9285600185394287,0.9290900230407715,0.0
2025-12-26 21:00:00+00:00,0.9289900064468384,0.9293000102043152,0.9286800026893616,0.9291499853134155,0.0
2025-12-26 21:15:00+00:00,0.9291499853134155,0.9293599724769592,0.9287899732589722,0.9293000102043152,0.0
2025-12-26 21:30:00+00:00,0.9293500185012817,0.9294099807739258,0.928659975528717,0.9290400147438049,0.0
2025-12-26 21:45:00+00:00,0.9290400147438049,0.9293000102043152,0.9284499883651733,0.9287700057029724,0.0
2025-12-26 22:00:00+00:00,0.9291499853134155,0.9291499853134155,0.9291499853134155,0.9291499853134155,0.0
2025-12-26 22:15:00+00:00,0.9291499853134155,0.9291499853134155,0.9291499853134155,0.9291499853134155,0.0
2025-12-29 00:00:00+00:00,0.9290599822998047,0.9292299747467041,0.9285299777984619,0.9289500117301941,0.0
2025-12-29 00:15:00+00:00,0.9289299845695496,0.9292299747467041,0.9285200238227844,0.9290500283241272,0.0
2025-12-29 00:30:00+00:00,0.9290800094604492,0.9291999936103821,0.9285200238227844,0.9291200041770935,0.0
2025-12-29 00:45:00+00:00,0.929069995880127,0.9291300177574158,0.9281899929046631,0.928659975528717,0.0
2025-12-29 01:00:00+00:00,0.9286400079727173,0.9288399815559387,0.9282299876213074,0.9287199974060059,0.0
2025-12-29 01:15:00+00:00,0.9287199974060059,0.9289500117301941,0.928309977054596,0.9289299845695496,0.0
2025-12-29 01:30:00+00:00,0.9289000034332275,0.9293000102043152,0.9285100102424622,0.9291200041770935,0.0
2025-12-29 01:45:00+00:00,0.9291200041770935,0.9293000102043152,0.9287199974060059,0.9292600154876709,0.0
2025-12-29 02:00:00+00:00,0.9292600154876709,0.9294499754905701,0.9288100004196167,0.9293799996376038,0.0
2025-12-29 02:15:00+00:00,0.929419994354248,0.9297000169754028,0.9289600253105164,0.9296799898147583,0.0
2025-12-29 02:30:00+00:00,0.9296799898147583,0.9297999739646912,0.9290400147438049,0.9297999739646912,0.0
2025-12-29 02:45:00+00:00,0.9297699928283691,0.9298999905586243,0.9291899800300598,0.9296299815177917,0.0
2025-12-29 03:00:00+00:00,0.929639995098114,0.9297299981117249,0.9291399717330933,0.9291399717330933,0.0
2025-12-29 03:15:00+00:00,0.9295799732208252,0.929639995098114,0.929069995880127,0.9295899868011475,0.0
2025-12-29 03:30:00+00:00,0.9295899868011475,0.9297000169754028,0.9289299845695496,0.929390013217926,0.0
2025-12-29 03:45:00+00:00,0.9293699860572815,0.9294999837875366,0.9289399981498718,0.9293699860572815,0.0
2025-12-29 04:00:00+00:00,0.9293699860572815,0.9296000003814697,0.9289199709892273,0.9290800094604492,0.0
2025-12-29 04:15:00+00:00,0.9295099973678589,0.9297000169754028,0.929099977016449,0.9295399785041809,0.0
2025-12-29 04:30:00+00:00,0.9295399785041809,0.9296000003814697,0.928820013999939,0.9291899800300598,0.0
2025-12-29 04:45:00+00:00,0.9292100071907043,0.9293000102043152,0.9284899830818176,0.9289600253105164,0.0
2025-12-29 05:00:00+00:00,0.9289600253105164,0.9290000200271606,0.9282199740409851,0.9286800026893616,0.0
2025-12-29 05:15:00+00:00,0.9287099838256836,0.9287999868392944,0.9281600117683411,0.9286400079727173,0.0
2025-12-29 05:30:00+00:00,0.9286900162696838,0.9287999868392944,0.9281700253486633,0.9286199808120728,0.0
2025-12-29 05:45:00+00:00,0.9286400079727173,0.9286999702453613,0.9281100034713745,0.928600013256073,0.0
2025-12-29 06:00:00+00:00,0.9286100268363953,0.9287999868392944,0.9281399846076965,0.9281499981880188,0.0
2025-12-29 06:15:00+00:00,0.9285799860954285,0.9287999868392944,0.9281600117683411,0.9287199974060059,0.0
2025-12-29 06:30:00+00:00,0.9287199974060059,0.9290500283241272,0.928380012512207,0.9289600253105164,0.0
2025-12-29 06:45:00+00:00,0.9289199709892273,0.9294000267982483,0.9285100102424622,0.9292899966239929,0.0
2025-12-29 07:00:00+00:00,0.9293199777603149,0.929639995098114,0.9285399913787842,0.9290500283241272,0.0
2025-12-29 07:15:00+00:00,0.9290500283241272,0.9291999936103821,0.9280099868774414,0.9285500049591064,0.0
2025-12-29 07:30:00+00:00,0.9285500049591064,0.9287999868392944,0.9278200268745422,0.9286400079727173,0.0
2025-12-29 07:45:00+00:00,0.9286100268363953,0.9291499853134155,0.9282600283622742,0.928820013999939,0.0
2025-12-29 08:00:00+00:00,0.928820013999939,0.9291700124740601,0.9282199740409851,0.9289600253105164,0.0
2025-12-29 08:15:00+00:00,0.9289600253105164,0.9294000267982483,0.9285500049591064,0.9291899800300598,0.0
2025-12-29 08:30:00+00:00,0.9291999936103821,0.9292399883270264,0.9282900094985962,0.9287800192832947,0.0
2025-12-29 08:45:00+00:00,0.928820013999939,0.929830014705658,0.9287400245666504,0.9294499754905701,0.0
2025-12-29 09:00:00+00:00,0.9294400215148926,0.9296200275421143,0.9280499815940857,0.9285500049591064,0.0
2025-12-29 09:15:00+00:00,0.9285500049591064,0.9287999868392944,0.9281100034713745,0.9284700155258179,0.0
2025-12-29 09:30:00+00:00,0.9284600019454956,0.9285399913787842,0.9276700019836426,0.9283599853515625,0.0
2025-12-29 09:45:00+00:00,0.9283599853515625,0.928659975528717,0.927839994430542,0.9285399913787842,0.0
2025-12-29 10:00:00+00:00,0.9284700155258179,0.9289900064468384,0.9279999732971191,0.9289000034332275,0.0
2025-12-29 10:15:00+00:00,0.9289000034332275,0.9291099905967712,0.9283900260925293,0.9290500283241272,0.0
2025-12-29 10:30:00+00:00,0.929099977016449,0.9295700192451477,0.9286500215530396,0.9292500019073486,0.0
2025-12-29 10:45:00+00:00,0.9292500019073486,0.9296600222587585,0.9287099838256836,0.9295099973678589,0.0
2025-12-29 11:00:00+00:00,0.9295600056648254,0.9307699799537659,0.9290599822998047,0.9307000041007996,0.0
2025-12-29 11:15:00+00:00,0.9307399988174438,0.9308000206947327,0.9295899868011475,0.9301000237464905,0.0
2025-12-29 11:30:00+00:00,0.9300600290298462,0.930109977722168,0.9291999936103821,0.9296600222587585,0.0
2025-12-29 11:45:00+00:00,0.9296900033950806,0.9298999905586243,0.9291599988937378,0.929830014705658,0.0
2025-12-29 12:00:00+00:00,0.9298700094223022,0.9299299716949463,0.9289100170135498,0.9295399785041809,0.0
2025-12-29 12:15:00+00:00,0.9295399785041809,0.9298099875450134,0.9289900064468384,0.9296200275421143,0.0
2025-12-29 12:30:00+00:00,0.9296600222587585,0.930079996585846,0.9292299747467041,0.9297800064086914,0.0
2025-12-29 12:45:00+00:00,0.9297999739646912,0.9298200011253357,0.929099977016449,0.9295700192451477,0.0
2025-12-29 13:00:00+00:00,0.9295799732208252,0.9296000003814697,0.9284999966621399,0.9289399981498718,0.0
2025-12-29 13:15:00+00:00,0.9289500117301941,0.9294999837875366,0.9285699725151062,0.9294599890708923,0.0
2025-12-29 13:30:00+00:00,0.9293799996376038,0.9296000003814697,0.928409993648529,0.928849995136261,0.0
2025-12-29 13:45:00+00:00,0.928879976272583,0.9298099875450134,0.9285699725151062,0.9297699928283691,0.0
2025-12-29 14:00:00+00:00,0.9297699928283691,0.9302200078964233,0.9291200041770935,0.9301499724388123,0.0
2025-12-29 14:15:00+00:00,0.930180013179779,0.9302099943161011,0.9295200109481812,0.9299700260162354,0.0
2025-12-29 14:30:00+00:00,0.9299799799919128,0.9301400184631348,0.9293400049209595,0.9297999739646912,0.0
2025-12-29 14:45:00+00:00,0.9297800064086914,0.9297999739646912,0.9287300109863281,0.9291099905967712,0.0
2025-12-29 15:00:00+00:00,0.9290900230407715,0.9295700192451477,0.9284999966621399,0.9294099807739258,0.0
2025-12-29 15:15:00+00:00,0.9294099807739258,0.929610013961792,0.9289299845695496,0.9294000267982483,0.0
2025-12-29 15:30:00+00:00,0.9293799996376038,0.929669976234436,0.9287400245666504,0.9295099973678589,0.0
2025-12-29 15:45:00+00:00,0.9294700026512146,0.9296500086784363,0.928409993648529,0.9287400245666504,0.0
2025-12-29 16:00:00+00:00,0.9287700057029724,0.9287999868392944,0.9280499815940857,0.9285100102424622,0.0
2025-12-29 16:15:00+00:00,0.9284700155258179,0.9291200041770935,0.9279500246047974,0.928849995136261,0.0
2025-12-29 16:30:00+00:00,0.9288600087165833,0.9289000034332275,0.9282000064849854,0.9283199906349182,0.0
2025-12-29 16:45:00+00:00,0.9287499785423279,0.9287999868392944,0.9281600117683411,0.928600013256073,0.0
2025-12-29 17:00:00+00:00,0.9286199808120728,0.9286999702453613,0.9277799725532532,0.9283400177955627,0.0
2025-12-29 17:15:00+00:00,0.9283499717712402,0.9287999868392944,0.927869975566864,0.9287199974060059,0.0
2025-12-29 17:30:00+00:00,0.9286900162696838,0.929099977016449,0.9283000230789185,0.9290300011634827,0.0
2025-12-29 17:45:00+00:00,0.9290199875831604,0.9294000267982483,0.9286400079727173,0.929099977016449,0.0
2025-12-29 18:00:00+00:00,0.9290900230407715,0.9291999936103821,0.9286500215530396,0.9291599988937378,0.0
2025-12-29 18:15:00+00:00,0.9291499853134155,0.9294099807739258,0.9287700057029724,0.9292600154876709,0.0
2025-12-29 18:30:00+00:00,0.9292700290679932,0.9294999837875366,0.9288600087165833,0.9290400147438049,0.0
2025-12-29 18:45:00+00:00,0.9294800162315369,0.9296000003814697,0.9289699792861938,0.9294400215148926,0.0
2025-12-29 19:00:00+00:00,0.9294499754905701,0.9295099973678589,0.9289000034332275,0.9294000267982483,0.0
2025-12-29 19:15:00+00:00,0.9294000267982483,0.9294999837875366,0.928849995136261,0.9292700290679932,0.0
2025-12-29 19:30:00+00:00,0.9292700290679932,0.9294000267982483,0.9287899732589722,0.9292700290679932,0.0
2025-12-29 19:45:00+00:00,0.9292700290679932,0.9293400049209595,0.928659975528717,0.9291099905967712,0.0
2025-12-29 20:00:00+00:00,0.929099977016449,0.9291999936103821,0.928600013256073,0.9290300011634827,0.0
2025-12-29 20:15:00+00:00,0.9286100268363953,0.9293000102043152,0.9285799860954285,0.9291999936103821,0.0
2025-12-29 20:30:00+00:00,0.9292299747467041,0.9294000267982483,0.9287999868392944,0.9293400049209595,0.0
2025-12-29 20:45:00+00:00,0.9293100237846375,0.9294000267982483,0.9287300109863281,0.9293699860572815,0.0
2025-12-29 21:00:00+00:00,0.9293799996376038,0.9294400215148926,0.9287899732589722,0.9292200207710266,0.0
2025-12-29 21:15:00+00:00,0.9292399883270264,0.9294000267982483,0.9287700057029724,0.9291899800300598,0.0
2025-12-29 21:30:00+00:00,0.9291599988937378,0.9293000102043152,0.9287400245666504,0.9291999936103821,0.0
2025-12-29 21:45:00+00:00,0.9291999936103821,0.9293000102043152,0.9283199906349182,0.9285100102424622,0.0
2025-12-29 22:00:00+00:00,0.9284800291061401,0.9290800094604492,0.9278600215911865,0.9289500117301941,0.0
2025-12-29 22:15:00+00:00,0.9290800094604492,0.9291599988937378,0.9283199906349182,0.9289399981498718,0.0
2025-12-29 22:30:00+00:00,0.9285799860954285,0.9290800094604492,0.9284499883651733,0.9284499883651733,0.0
2025-12-29 22:45:00+00:00,0.9286500215530396,0.929099977016449,0.928309977054596,0.9289399981498718,0.0
2025-12-29 23:00:00+00:00,0.9289000034332275,0.9290300011634827,0.9279500246047974,0.9285399913787842,0.0
2025-12-29 23:15:00+00:00,0.9285299777984619,0.9290500283241272,0.9282000064849854,0.9290099740028381,0.0
2025-12-29 23:30:00+00:00,0.9290000200271606,0.9291399717330933,0.9284399747848511,0.9284899830818176,0.0
2025-12-29 23:45:00+00:00,0.9290400147438049,0.929099977016449,0.9282100200653076,0.9282100200653076,0.0
2025-12-30 00:00:00+00:00,0.9287199974060059,0.9289000034332275,0.9279000163078308,0.9284399747848511,0.0
2025-12-30 00:15:00+00:00,0.9284399747848511,0.9284999966621399,0.9277700185775757,0.9284200072288513,0.0
2025-12-30 00:30:00+00:00,0.928409993648529,0.9287199974060059,0.9278500080108643,0.928659975528717,0.0
2025-12-30 00:45:00+00:00,0.9286199808120728,0.9290000200271606,0.9280700087547302,0.9289199709892273,0.0
2025-12-30 01:00:00+00:00,0.9289000034332275,0.9290000200271606,0.9281899929046631,0.9287599921226501,0.0
2025-12-30 01:15:00+00:00,0.9287800192832947,0.9289699792861938,0.9281700253486633,0.9288899898529053,0.0
2025-12-30 01:30:00+00:00,0.9288899898529053,0.9289500117301941,0.9281899929046631,0.9289000034332275,0.0
2025-12-30 01:45:00+00:00,0.928879976272583,0.9290000200271606,0.9282699823379517,0.9289199709892273,0.0
2025-12-30 02:00:00+00:00,0.9289500117301941,0.9290400147438049,0.9282799959182739,0.9290099740028381,0.0
2025-12-30 02:15:00+00:00,0.9290199875831604,0.9291999936103821,0.9284499883651733,0.9291399717330933,0.0
2025-12-30 02:30:00+00:00,0.9291399717330933,0.9292500019073486,0.9285699725151062,0.9285699725151062,0.0
2025-12-30 02:45:00+00:00,0.9291499853134155,0.9292399883270264,0.9285399913787842,0.9291300177574158,0.0
2025-12-30 03:00:00+00:00,0.929069995880127,0.9291200041770935,0.9283699989318848,0.9289399981498718,0.0
2025-12-30 03:15:00+00:00,0.9289199709892273,0.9290000200271606,0.9282900094985962,0.928849995136261,0.0
2025-12-30 03:30:00+00:00,0.928820013999939,0.9289000034332275,0.9281700253486633,0.9282000064849854,0.0
2025-12-30 03:45:00+00:00,0.9287599921226501,0.9287999868392944,0.9279299974441528,0.9285600185394287,0.0
2025-12-30 04:00:00+00:00,0.9285699725151062,0.9286999702453613,0.9279299974441528,0.9285299777984619,0.0
2025-12-30 04:15:00+00:00,0.9284800291061401,0.9286999702453613,0.9279199838638306,0.928629994392395,0.0
2025-12-30 04:30:00+00:00,0.928629994392395,0.9286999702453613,0.9279299974441528,0.928600013256073,0.0
2025-12-30 04:45:00+00:00,0.9285600185394287,0.928600013256073,0.9279000163078308,0.9285100102424622,0.0
2025-12-30 05:00:00+00:00,0.9285100102424622,0.928600013256073,0.9279099702835083,0.9285200238227844,0.0
2025-12-30 05:15:00+00:00,0.9284600019454956,0.9287999868392944,0.9279599785804749,0.9287199974060059,0.0
2025-12-30 05:30:00+00:00,0.9286900162696838,0.9288399815559387,0.9280700087547302,0.9282100200653076,0.0
2025-12-30 05:45:00+00:00,0.9287700057029724,0.928849995136261,0.9281399846076965,0.9287300109863281,0.0
2025-12-30 06:00:00+00:00,0.9287700057029724,0.9287999868392944,0.928059995174408,0.9287300109863281,0.0
2025-12-30 06:15:00+00:00,0.9286900162696838,0.9287400245666504,0.9279999732971191,0.9285399913787842,0.0
2025-12-30 06:30:00+00:00,0.9285799860954285,0.9286999702453613,0.9279500246047974,0.9285500049591064,0.0
2025-12-30 06:45:00+00:00,0.9285500049591064,0.9287999868392944,0.9280700087547302,0.9287199974060059,0.0
2025-12-30 07:00:00+00:00,0.9287199974060059,0.9287700057029724,0.9277799725532532,0.9284800291061401,0.0
2025-12-30 07:15:00+00:00,0.9284800291061401,0.928849995136261,0.9278900027275085,0.9287999868392944,0.0
2025-12-30 07:30:00+00:00,0.9287999868392944,0.9289500117301941,0.9281399846076965,0.9286500215530396,0.0
2025-12-30 07:45:00+00:00,0.9286400079727173,0.9287999868392944,0.9279500246047974,0.9285500049591064,0.0
2025-12-30 08:00:00+00:00,0.9285399913787842,0.9288600087165833,0.9279199838638306,0.9287800192832947,0.0
2025-12-30 08:15:00+00:00,0.9287800192832947,0.929419994354248,0.9284700155258179,0.9291700124740601,0.0
2025-12-30 08:30:00+00:00,0.9291399717330933,0.9293000102043152,0.9284300208091736,0.9289799928665161,0.0
2025-12-30 08:45:00+00:00,0.9290000200271606,0.9292200207710266,0.9283900260925293,0.9292100071907043,0.0
2025-12-30 09:00:00+00:00,0.9291999936103821,0.9293199777603149,0.9283499717712402,0.9291800260543823,0.0
2025-12-30 09:15:00+00:00,0.9291899800300598,0.9292600154876709,0.9280800223350525,0.9286400079727173,0.0
2025-12-30 09:30:00+00:00,0.928629994392395,0.9290199875831604,0.9279000163078308,0.9288300275802612,0.0
2025-12-30 09:45:00+00:00,0.9288600087165833,0.9289100170135498,0.9277999997138977,0.9283199906349182,0.0
2025-12-30 10:00:00+00:00,0.9283400177955627,0.9284999966621399,0.9275500178337097,0.9281899929046631,0.0
2025-12-30 10:15:00+00:00,0.9281899929046631,0.9283199906349182,0.9273999929428101,0.9279099702835083,0.0
2025-12-30 10:30:00+00:00,0.9279099702835083,0.9280499815940857,0.9270700216293335,0.9274299740791321,0.0
2025-12-30 10:45:00+00:00,0.9279699921607971,0.9282000064849854,0.9274600148200989,0.9281299710273743,0.0
2025-12-30 11:00:00+00:00,0.9281200170516968,0.9284300208091736,0.9275299906730652,0.9283000230789185,0.0
2025-12-30 11:15:00+00:00,0.9282799959182739,0.9283999800682068,0.9275000095367432,0.9283000230789185,0.0
2025-12-30 11:30:00+00:00,0.9283199906349182,0.928659975528717,0.9277099967002869,0.9285299777984619,0.0
2025-12-30 11:45:00+00:00,0.9285200238227844,0.9286100268363953,0.9277799725532532,0.9283900260925293,0.0
2025-12-30 12:00:00+00:00,0.9284300208091736,0.928600013256073,0.9277999997138977,0.9283400177955627,0.0
2025-12-30 12:15:00+00:00,0.9283400177955627,0.9287999868392944,0.927869975566864,0.9287199974060059,0.0
2025-12-30 12:30:00+00:00,0.9287199974060059,0.9290099740028381,0.9281399846076965,0.928879976272583,0.0
2025-12-30 12:45:00+00:00,0.9288700222969055,0.929099977016449,0.9282799959182739,0.9290099740028381,0.0
2025-12-30 13:00:00+00:00,0.9290000200271606,0.9293000102043152,0.9283599853515625,0.9290500283241272,0.0
2025-12-30 13:15:00+00:00,0.9290400147438049,0.9297500252723694,0.9286699891090393,0.9293000102043152,0.0
2025-12-30 13:30:00+00:00,0.9293199777603149,0.9294599890708923,0.9286500215530396,0.9293299913406372,0.0
2025-12-30 13:45:00+00:00,0.9293000102043152,0.9294099807739258,0.9283999800682068,0.9292500019073486,0.0
2025-12-30 14:00:00+00:00,0.9292399883270264,0.929830014705658,0.9286199808120728,0.9297900199890137,0.0
2025-12-30 14:15:00+00:00,0.9292200207710266,0.9299799799919128,0.9290500283241272,0.929610013961792,0.0
2025-12-30 14:30:00+00:00,0.929610013961792,0.9297000169754028,0.9288899898529053,0.9295700192451477,0.0
2025-12-30 14:45:00+00:00,0.9296299815177917,0.9301000237464905,0.9290000200271606,0.9300199747085571,0.0
2025-12-30 15:00:00+00:00,0.9300199747085571,0.9301300048828125,0.9291700124740601,0.9298700094223022,0.0
2025-12-30 15:15:00+00:00,0.9298499822616577,0.9300299882888794,0.9291999936103821,0.9298499822616577,0.0
2025-12-30 15:30:00+00:00,0.9298499822616577,0.9301000237464905,0.9292799830436707,0.929889976978302,0.0
2025-12-30 15:45:00+00:00,0.929889976978302,0.9301400184631348,0.9291899800300598,0.9300699830055237,0.0
2025-12-30 16:00:00+00:00,0.9300500154495239,0.930429995059967,0.9292200207710266,0.9303600192070007,0.0
2025-12-30 16:15:00+00:00,0.9303600192070007,0.930400013923645,0.9292899966239929,0.92985999584198,0.0
2025-12-30 16:30:00+00:00,0.9298800230026245,0.9304999709129333,0.9294000267982483,0.9302399754524231,0.0
2025-12-30 16:45:00+00:00,0.9302399754524231,0.9304699897766113,0.9296500086784363,0.930400013923645,0.0
2025-12-30 17:00:00+00:00,0.930400013923645,0.9304999709129333,0.9297000169754028,0.9302499890327454,0.0
2025-12-30 17:15:00+00:00,0.929669976234436,0.9303399920463562,0.9294700026512146,0.9300900101661682,0.0
2025-12-30 17:30:00+00:00,0.9301300048828125,0.9303600192070007,0.9295099973678589,0.9302899837493896,0.0
2025-12-30 17:45:00+00:00,0.9302899837493896,0.9304100275039673,0.9296200275421143,0.9301999807357788,0.0
2025-12-30 18:00:00+00:00,0.9301999807357788,0.9302999973297119,0.9294899702072144,0.9300500154495239,0.0
2025-12-30 18:15:00+00:00,0.9300600290298462,0.9301999807357788,0.9294599890708923,0.9301400184631348,0.0
2025-12-30 18:30:00+00:00,0.9301000237464905,0.9301999807357788,0.9294999837875366,0.9301199913024902,0.0
2025-12-30 18:45:00+00:00,0.9301199913024902,0.9302099943161011,0.9293599724769592,0.9297999739646912,0.0
2025-12-30 19:00:00+00:00,0.9297099709510803,0.9300100207328796,0.9292899966239929,0.9299200177192688,0.0
2025-12-30 19:15:00+00:00,0.9299200177192688,0.9300000071525574,0.9292700290679932,0.9298700094223022,0.0
2025-12-30 19:30:00+00:00,0.9298700094223022,0.9301199913024902,0.9293599724769592,0.9300000071525574,0.0
2025-12-30 19:45:00+00:00,0.9299899935722351,0.9301999807357788,0.9293299913406372,0.9301499724388123,0.0
2025-12-30 20:00:00+00:00,0.9301599860191345,0.9304999709129333,0.9295799732208252,0.9304199814796448,0.0
2025-12-30 20:15:00+00:00,0.930400013923645,0.9305599927902222,0.92985999584198,0.9304400086402893,0.0
2025-12-30 20:30:00+00:00,0.9304400086402893,0.9305999875068665,0.9298499822616577,0.9305599927902222,0.0
2025-12-30 20:45:00+00:00,0.9299799799919128,0.9307199716567993,0.9299499988555908,0.9305499792098999,0.0
2025-12-30 21:00:00+00:00,0.9305499792098999,0.9305999875068665,0.929889976978302,0.9305599927902222,0.0
2025-12-30 21:15:00+00:00,0.9305599927902222,0.9305999875068665,0.9298999905586243,0.9303900003433228,0.0
2025-12-30 21:30:00+00:00,0.930400013923645,0.9305700063705444,0.9298499822616577,0.9304999709129333,0.0
2025-12-30 21:45:00+00:00,0.9304999709129333,0.9305499792098999,0.9293599724769592,0.9299700260162354,0.0
2025-12-30 22:00:00+00:00,0.92985999584198,0.9302899837493896,0.9294400215148926,0.9294499754905701,0.0
2025-12-30 22:15:00+00:00,0.9299600124359131,0.9303500056266785,0.9294999837875366,0.9301499724388123,0.0
2025-12-30 22:30:00+00:00,0.9297099709510803,0.9302300214767456,0.9295499920845032,0.9299100041389465,0.0
2025-12-30 22:45:00+00:00,0.9299100041389465,0.9302999973297119,0.929390013217926,0.9301999807357788,0.0
2025-12-30 23:00:00+00:00,0.9299600124359131,0.9303200244903564,0.9295499920845032,0.929669976234436,0.0
2025-12-30 23:15:00+00:00,0.930079996585846,0.9303200244903564,0.9296799898147583,0.9302300214767456,0.0
2025-12-30 23:30:00+00:00,0.930180013179779,0.9302999973297119,0.9296500086784363,0.930180013179779,0.0
2025-12-30 23:45:00+00:00,0.9301300048828125,0.9302399754524231,0.929639995098114,0.9296500086784363,0.0
2025-12-31 00:00:00+00:00,0.9301599860191345,0.9302999973297119,0.9295499920845032,0.929669976234436,0.0
2025-12-31 00:15:00+00:00,0.9301000237464905,0.9301999807357788,0.9295399785041809,0.9300400018692017,0.0
2025-12-31 00:30:00+00:00,0.9300400018692017,0.9301999807357788,0.9295600056648254,0.9300100207328796,0.0
2025-12-31 00:45:00+00:00,0.9300100207328796,0.9301999807357788,0.9295600056648254,0.9301300048828125,0.0
2025-12-31 01:00:00+00:00,0.9301499724388123,0.9301999807357788,0.9294800162315369,0.9300699830055237,0.0
2025-12-31 01:15:00+00:00,0.9300699830055237,0.9301999807357788,0.9295499920845032,0.930079996585846,0.0
2025-12-31 01:30:00+00:00,0.9300600290298462,0.9301000237464905,0.9294599890708923,0.9299299716949463,0.0
2025-12-31 01:45:00+00:00,0.9299399852752686,0.9300299882888794,0.9294000267982483,0.9298499822616577,0.0
2025-12-31 02:00:00+00:00,0.92985999584198,0.9302999973297119,0.9294400215148926,0.9301999807357788,0.0
2025-12-31 02:15:00+00:00,0.9301999807357788,0.930400013923645,0.9297599792480469,0.9302999973297119,0.0
2025-12-31 02:30:00+00:00,0.9303399920463562,0.930400013923645,0.9298200011253357,0.9303299784660339,0.0
2025-12-31 02:45:00+00:00,0.9303500056266785,0.9304100275039673,0.9298400282859802,0.9303399920463562,0.0
2025-12-31 03:00:00+00:00,0.9303399920463562,0.9304400086402893,0.9297400116920471,0.9302099943161011,0.0
2025-12-31 03:15:00+00:00,0.9301999807357788,0.9302999973297119,0.9296900033950806,0.9302200078964233,0.0
2025-12-31 03:30:00+00:00,0.9302200078964233,0.9302999973297119,0.9297099709510803,0.9297099709510803,0.0
2025-12-31 03:45:00+00:00,0.9302099943161011,0.9302300214767456,0.9296500086784363,0.9301699995994568,0.0
2025-12-31 04:00:00+00:00,0.930180013179779,0.9303200244903564,0.9296900033950806,0.9302399754524231,0.0
2025-12-31 04:15:00+00:00,0.9297599792480469,0.9303100109100342,0.9296799898147583,0.9301499724388123,0.0
2025-12-31 04:30:00+00:00,0.9301599860191345,0.9301999807357788,0.9295300245285034,0.9295499920845032,0.0
2025-12-31 04:45:00+00:00,0.9300500154495239,0.9301000237464905,0.929419994354248,0.9299799799919128,0.0
2025-12-31 05:00:00+00:00,0.9299799799919128,0.9301999807357788,0.9295099973678589,0.9300400018692017,0.0
2025-12-31 05:15:00+00:00,0.9300500154495239,0.9302999973297119,0.9296000003814697,0.9302200078964233,0.0
2025-12-31 05:30:00+00:00,0.9302200078964233,0.930400013923645,0.9297500252723694,0.92985999584198,0.0
2025-12-31 05:45:00+00:00,0.9303100109100342,0.9305999875068665,0.9298999905586243,0.9305599927902222,0.0
2025-12-31 06:00:00+00:00,0.9305300116539001,0.9307000041007996,0.9299100041389465,0.9304699897766113,0.0
2025-12-31 06:15:00+00:00,0.9304599761962891,0.9305199980735779,0.9298200011253357,0.9304599761962891,0.0
2025-12-31 06:30:00+00:00,0.9304599761962891,0.930679976940155,0.9298800230026245,0.9306700229644775,0.0
2025-12-31 06:45:00+00:00,0.9306700229644775,0.9307000041007996,0.9300000071525574,0.9305599927902222,0.0
2025-12-31 07:00:00+00:00,0.9305599927902222,0.930899977684021,0.9300400018692017,0.9302800297737122,0.0
2025-12-31 07:15:00+00:00,0.9307699799537659,0.9308099746704102,0.929669976234436,0.9302200078964233,0.0
2025-12-31 07:30:00+00:00,0.9302200078964233,0.9305499792098999,0.9297699928283691,0.9305400252342224,0.0
2025-12-31 07:45:00+00:00,0.9300500154495239,0.930899977684021,0.9300299882888794,0.9307799935340881,0.0
2025-12-31 08:00:00+00:00,0.9307799935340881,0.9310399889945984,0.9303900003433228,0.9309599995613098,0.0
2025-12-31 08:15:00+00:00,0.9309700131416321,0.9312000274658203,0.9304100275039673,0.9308599829673767,0.0
2025-12-31 08:30:00+00:00,0.9308599829673767,0.9309999942779541,0.9301400184631348,0.9309499859809875,0.0
2025-12-31 08:45:00+00:00,0.9309499859809875,0.9311100244522095,0.9303399920463562,0.9307699799537659,0.0
2025-12-31 09:00:00+00:00,0.9307799935340881,0.9308000206947327,0.929830014705658,0.9300600290298462,0.0
2025-12-31 09:15:00+00:00,0.9305400252342224,0.9310700297355652,0.9302700161933899,0.9308099746704102,0.0
2025-12-31 09:30:00+00:00,0.9308099746704102,0.9311299920082092,0.9303699731826782,0.9310700297355652,0.0
2025-12-31 09:45:00+00:00,0.9310500025749207,0.9312400221824646,0.9305700063705444,0.9311500191688538,0.0
2025-12-31 10:00:00+00:00,0.9311500191688538,0.9311699867248535,0.9300600290298462,0.9308099746704102,0.0
2025-12-31 10:15:00+00:00,0.9308199882507324,0.9310299754142761,0.9303799867630005,0.9308900237083435,0.0
2025-12-31 10:30:00+00:00,0.930869996547699,0.9312999844551086,0.9304800033569336,0.930620014667511,0.0
2025-12-31 10:45:00+00:00,0.9311100244522095,0.9314500093460083,0.9306399822235107,0.9313499927520752,0.0
2025-12-31 11:00:00+00:00,0.9313300251960754,0.9316999912261963,0.9309399724006653,0.9314799904823303,0.0
2025-12-31 11:15:00+00:00,0.9314799904823303,0.9315199851989746,0.9305999875068665,0.9310799837112427,0.0
2025-12-31 11:30:00+00:00,0.9310799837112427,0.9312300086021423,0.9305800199508667,0.931119978427887,0.0
2025-12-31 11:45:00+00:00,0.9311400055885315,0.9313399791717529,0.9303900003433228,0.9308300018310547,0.0
2025-12-31 12:00:00+00:00,0.930840015411377,0.9312000274658203,0.9303200244903564,0.9310299754142761,0.0
2025-12-31 12:15:00+00:00,0.9309999942779541,0.9311000108718872,0.9303900003433228,0.9309599995613098,0.0
2025-12-31 12:30:00+00:00,0.9309499859809875,0.9312999844551086,0.9304599761962891,0.9312199950218201,0.0
2025-12-31 12:45:00+00:00,0.9312199950218201,0.9316499829292297,0.9307500123977661,0.9312800168991089,0.0
2025-12-31 13:00:00+00:00,0.9312899708747864,0.9316400289535522,0.9306300282478333,0.9311000108718872,0.0
2025-12-31 13:15:00+00:00,0.9310600161552429,0.9311299920082092,0.9303500056266785,0.9308500289916992,0.0
2025-12-31 13:30:00+00:00,0.9308500289916992,0.9312800168991089,0.9304999709129333,0.9309800267219543,0.0
2025-12-31 13:45:00+00:00,0.9309800267219543,0.9311100244522095,0.9299799799919128,0.9305300116539001,0.0
2025-12-31 14:00:00+00:00,0.9305400252342224,0.9305599927902222,0.9295799732208252,0.9300900101661682,0.0
2025-12-31 14:15:00+00:00,0.930109977722168,0.9305300116539001,0.9296200275421143,0.9301000237464905,0.0
2025-12-31 14:30:00+00:00,0.930109977722168,0.9302999973297119,0.9293699860572815,0.9299700260162354,0.0
2025-12-31 14:45:00+00:00,0.9299299716949463,0.9304400086402893,0.9292600154876709,0.9302999973297119,0.0
2025-12-31 15:00:00+00:00,0.9302700161933899,0.9307000041007996,0.9295799732208252,0.9305999875068665,0.0
2025-12-31 15:15:00+00:00,0.9305800199508667,0.931119978427887,0.9301999807357788,0.9309899806976318,0.0
2025-12-31 15:30:00+00:00,0.9309899806976318,0.9313399791717529,0.9301400184631348,0.9306100010871887,0.0
2025-12-31 15:45:00+00:00,0.9306399822235107,0.9308099746704102,0.9296900033950806,0.9304900169372559,0.0
2025-12-31 16:00:00+00:00,0.9304400086402893,0.9310299754142761,0.9299100041389465,0.9309499859809875,0.0
2025-12-31 16:15:00+00:00,0.9309499859809875,0.9312199950218201,0.9304400086402893,0.9310500025749207,0.0
2025-12-31 16:30:00+00:00,0.9310700297355652,0.9312000274658203,0.9304100275039673,0.9311400055885315,0.0
2025-12-31 16:45:00+00:00,0.9311299920082092,0.9314299821853638,0.9306100010871887,0.9312999844551086,0.0
2025-12-31 17:00:00+00:00,0.9313200116157532,0.9315299987792969,0.9307900071144104,0.9309399724006653,0.0
2025-12-31 17:15:00+00:00,0.9314500093460083,0.9315999746322632,0.930840015411377,0.9315500259399414,0.0
2025-12-31 17:30:00+00:00,0.9315400123596191,0.93163001537323,0.9309499859809875,0.9309499859809875,0.0
2025-12-31 17:45:00+00:00,0.9314200282096863,0.9315000176429749,0.9304400086402893,0.931190013885498,0.0
2025-12-31 18:00:00+00:00,0.9311500191688538,0.9312199950218201,0.9303900003433228,0.9309399724006653,0.0
2025-12-31 18:15:00+00:00,0.930899977684021,0.9312000274658203,0.9304199814796448,0.9310500025749207,0.0
2025-12-31 18:30:00+00:00,0.9310500025749207,0.9312999844551086,0.9305499792098999,0.9311400055885315,0.0
2025-12-31 18:45:00+00:00,0.9311100244522095,0.9312999844551086,0.9306100010871887,0.9310899972915649,0.0
2025-12-31 19:00:00+00:00,0.9310899972915649,0.9312300086021423,0.9305800199508667,0.9311400055885315,0.0
2025-12-31 19:15:00+00:00,0.9311500191688538,0.9312999844551086,0.9306399822235107,0.931119978427887,0.0
2025-12-31 19:30:00+00:00,0.9310600161552429,0.9311299920082092,0.9304100275039673,0.9309999942779541,0.0
2025-12-31 19:45:00+00:00,0.9309999942779541,0.9311000108718872,0.9304199814796448,0.9308900237083435,0.0
2025-12-31 20:00:00+00:00,0.9308900237083435,0.9309399724006653,0.9301400184631348,0.930620014667511,0.0
2025-12-31 20:15:00+00:00,0.930620014667511,0.9308000206947327,0.9301300048828125,0.930620014667511,0.0
2025-12-31 20:30:00+00:00,0.930620014667511,0.9310399889945984,0.9301699995994568,0.9305099844932556,0.0
2025-12-31 20:45:00+00:00,0.9309599995613098,0.9312000274658203,0.9304599761962891,0.9309399724006653,0.0
2025-12-31 21:00:00+00:00,0.9309399724006653,0.9309999942779541,0.930109977722168,0.9302499890327454,0.0
2025-12-31 21:15:00+00:00,0.9306899905204773,0.930899977684021,0.9301400184631348,0.9307100176811218,0.0
2025-12-31 21:30:00+00:00,0.9306399822235107,0.9309300184249878,0.9302300214767456,0.930840015411377,0.0
2025-12-31 21:45:00+00:00,0.930840015411377,0.9311599731445312,0.9303299784660339,0.9310200214385986,0.0
2025-12-31 22:00:00+00:00,0.9299299716949463,0.9304100275039673,0.9299299716949463,0.9304100275039673,0.0
2025-12-31 22:15:00+00:00,0.9304100275039673,0.9304100275039673,0.9304100275039673,0.9304100275039673,0.0
2025-12-31 23:45:00+00:00,0.9305400252342224,0.9305400252342224,0.9303399920463562,0.9303399920463562,0.0
2026-01-01 00:00:00+00:00,0.9303399920463562,0.9303399920463562,0.9303399920463562,0.9303399920463562,0.0
2026-01-01 00:15:00+00:00,0.9303399920463562,0.9303399920463562,0.9303399920463562,0.9303399920463562,0.0
2026-01-01 01:00:00+00:00,0.9305400252342224,0.9305400252342224,0.9303399920463562,0.9303399920463562,0.0
2026-01-01 01:15:00+00:00,0.9303399920463562,0.9303399920463562,0.9303399920463562,0.9303399920463562,0.0
2026-01-01 04:30:00+00:00,0.9305400252342224,0.9305400252342224,0.9303399920463562,0.9303399920463562,0.0
2026-01-01 04:45:00+00:00,0.9303399920463562,0.9303399920463562,0.9303399920463562,0.9303399920463562,0.0
2026-01-01 05:00:00+00:00,0.9303399920463562,0.9303399920463562,0.9303399920463562,0.9303399920463562,0.0
2026-01-01 10:00:00+00:00,0.9305400252342224,0.9305400252342224,0.9303399920463562,0.9303399920463562,0.0
2026-01-01 10:15:00+00:00,0.9303399920463562,0.9303399920463562,0.9303399920463562,0.9303399920463562,0.0
2026-01-01 10:30:00+00:00,0.9303399920463562,0.9303399920463562,0.9303399920463562,0.9303399920463562,0.0
2026-01-01 18:00:00+00:00,0.9311000108718872,0.9311000108718872,0.9306399822235107,0.9307000041007996,0.0
2026-01-01 18:15:00+00:00,0.9307000041007996,0.9307000041007996,0.9306399822235107,0.9307000041007996,0.0
2026-01-01 18:30:00+00:00,0.9307000041007996,0.9307000041007996,0.9307000041007996,0.9307000041007996,0.0
2026-01-01 21:00:00+00:00,0.9310399889945984,0.9312400221824646,0.9307000041007996,0.9312400221824646,0.0
2026-01-01 21:15:00+00:00,0.9308000206947327,0.9312400221824646,0.9307000041007996,0.9307000041007996,0.0
2026-01-01 21:30:00+00:00,0.9307000041007996,0.9309800267219543,0.9304999709129333,0.9309200048446655,0.0
2026-01-01 21:45:00+00:00,0.9304999709129333,0.9309200048446655,0.9304999709129333,0.9309200048446655,0.0
2026-01-01 22:00:00+00:00,0.9311599731445312,0.9311599731445312,0.9303399920463562,0.9303399920463562,0.0
2026-01-01 22:15:00+00:00,0.930620014667511,0.9309099912643433,0.9302800297737122,0.9303399920463562,0.0
2026-01-01 22:30:00+00:00,0.9304999709129333,0.9310100078582764,0.9303500056266785,0.9304500222206116,0.0
2026-01-01 22:45:00+00:00,0.9305099844932556,0.9310299754142761,0.9303299784660339,0.9304699897766113,0.0
2026-01-01 23:00:00+00:00,0.9304699897766113,0.9309099912643433,0.9303799867630005,0.9304999709129333,0.0
2026-01-01 23:15:00+00:00,0.9308199882507324,0.9309999942779541,0.9303399920463562,0.9308599829673767,0.0
2026-01-01 23:30:00+00:00,0.9308599829673767,0.9309200048446655,0.9303100109100342,0.9303500056266785,0.0
2026-01-01 23:45:00+00:00,0.9307199716567993,0.9308000206947327,0.9301400184631348,0.930180013179779,0.0
2026-01-02 00:00:00+00:00,0.9305899739265442,0.930840015411377,0.9301300048828125,0.9306100010871887,0.0
2026-01-02 00:15:00+00:00,0.9301699995994568,0.9308000206947327,0.9301699995994568,0.9306700229644775,0.0
2026-01-02 00:30:00+00:00,0.9306600093841553,0.9307000041007996,0.9301000237464905,0.9305700063705444,0.0
2026-01-02 00:45:00+00:00,0.9305400252342224,0.9307000041007996,0.930079996585846,0.9305300116539001,0.0
2026-01-02 01:00:00+00:00,0.9305300116539001,0.9305999875068665,0.9299499988555908,0.930400013923645,0.0
2026-01-02 01:15:00+00:00,0.9303799867630005,0.9304999709129333,0.9298200011253357,0.9302999973297119,0.0
2026-01-02 01:30:00+00:00,0.9302700161933899,0.9304999709129333,0.9297299981117249,0.9303799867630005,0.0
2026-01-02 01:45:00+00:00,0.9304500222206116,0.9305199980735779,0.929889976978302,0.9304100275039673,0.0
2026-01-02 02:00:00+00:00,0.9303900003433228,0.9304999709129333,0.9298700094223022,0.9303299784660339,0.0
2026-01-02 02:15:00+00:00,0.9303200244903564,0.930400013923645,0.9296600222587585,0.9301199913024902,0.0
2026-01-02 02:30:00+00:00,0.9301400184631348,0.9302499890327454,0.929610013961792,0.9300699830055237,0.0
2026-01-02 02:45:00+00:00,0.9300600290298462,0.9302099943161011,0.9295700192451477,0.9301599860191345,0.0
2026-01-02 03:00:00+00:00,0.9301400184631348,0.9304400086402893,0.9298499822616577,0.9303900003433228,0.0
2026-01-02 03:15:00+00:00,0.9303600192070007,0.9307299852371216,0.9300600290298462,0.930649995803833,0.0
2026-01-02 03:30:00+00:00,0.930649995803833,0.9308000206947327,0.9302099943161011,0.9303299784660339,0.0
2026-01-02 03:45:00+00:00,0.9307500123977661,0.9308300018310547,0.9303299784660339,0.9308000206947327,0.0
2026-01-02 04:00:00+00:00,0.9308000206947327,0.930899977684021,0.9303100109100342,0.9308199882507324,0.0
2026-01-02 04:15:00+00:00,0.9304100275039673,0.9309200048446655,0.9303799867630005,0.9308900237083435,0.0
2026-01-02 04:30:00+00:00,0.9308900237083435,0.931119978427887,0.9304999709129333,0.9309599995613098,0.0
2026-01-02 04:45:00+00:00,0.9309399724006653,0.9310100078582764,0.9304699897766113,0.9309499859809875,0.0
2026-01-02 05:00:00+00:00,0.9309499859809875,0.9310200214385986,0.9304400086402893,0.9309800267219543,0.0
2026-01-02 05:15:00+00:00,0.9309800267219543,0.9312099814414978,0.9304999709129333,0.9311000108718872,0.0
2026-01-02 05:30:00+00:00,0.9310899972915649,0.9312499761581421,0.9306600093841553,0.9311500191688538,0.0
2026-01-02 05:45:00+00:00,0.9311800003051758,0.9312999844551086,0.930649995803833,0.931190013885498,0.0
2026-01-02 06:00:00+00:00,0.9311800003051758,0.9313399791717529,0.9307500123977661,0.9312300086021423,0.0
2026-01-02 06:15:00+00:00,0.9312300086021423,0.9312999844551086,0.930679976940155,0.9311000108718872,0.0
2026-01-02 06:30:00+00:00,0.9311100244522095,0.9312300086021423,0.9305999875068665,0.9311299920082092,0.0
2026-01-02 06:45:00+00:00,0.9311500191688538,0.9312000274658203,0.9304599761962891,0.9310299754142761,0.0
2026-01-02 07:00:00+00:00,0.9309899806976318,0.9312999844551086,0.9305300116539001,0.9312099814414978,0.0
2026-01-02 07:15:00+00:00,0.9312099814414978,0.9314000010490417,0.9307799935340881,0.9313600063323975,0.0
2026-01-02 07:30:00+00:00,0.9313600063323975,0.93163001537323,0.9306899905204773,0.9311699867248535,0.0
2026-01-02 07:45:00+00:00,0.9311699867248535,0.9312400221824646,0.9305099844932556,0.9310299754142761,0.0
2026-01-02 08:00:00+00:00,0.9310399889945984,0.931119978427887,0.9299600124359131,0.9307199716567993,0.0
2026-01-02 08:15:00+00:00,0.9307500123977661,0.9309700131416321,0.9300299882888794,0.930899977684021,0.0
2026-01-02 08:30:00+00:00,0.930869996547699,0.930899977684021,0.9300500154495239,0.9307100176811218,0.0
2026-01-02 08:45:00+00:00,0.930679976940155,0.9308099746704102,0.9301000237464905,0.9305700063705444,0.0
2026-01-02 09:00:00+00:00,0.9305599927902222,0.9306100010871887,0.9295799732208252,0.9302300214767456,0.0
2026-01-02 09:15:00+00:00,0.930180013179779,0.9303100109100342,0.9294000267982483,0.9299499988555908,0.0
2026-01-02 09:30:00+00:00,0.9299700260162354,0.9302999973297119,0.929419994354248,0.9299299716949463,0.0
2026-01-02 09:45:00+00:00,0.9299399852752686,0.9302700161933899,0.9295200109481812,0.9302300214767456,0.0
2026-01-02 10:00:00+00:00,0.9302200078964233,0.930429995059967,0.9296900033950806,0.92985999584198,0.0
2026-01-02 10:15:00+00:00,0.9302800297737122,0.9303399920463562,0.9294499754905701,0.9300600290298462,0.0
2026-01-02 10:30:00+00:00,0.9300600290298462,0.9301999807357788,0.9290400147438049,0.9295300245285034,0.0
2026-01-02 10:45:00+00:00,0.9291200041770935,0.9298999905586243,0.929099977016449,0.9297900199890137,0.0
2026-01-02 11:00:00+00:00,0.9297900199890137,0.9298999905586243,0.9292399883270264,0.9297199845314026,0.0
2026-01-02 11:15:00+00:00,0.9297000169754028,0.9298999905586243,0.9292600154876709,0.9297199845314026,0.0
2026-01-02 11:30:00+00:00,0.9297299981117249,0.9299200177192688,0.9291700124740601,0.9298099875450134,0.0
2026-01-02 11:45:00+00:00,0.9297999739646912,0.9298999905586243,0.9290000200271606,0.9296000003814697,0.0
2026-01-02 12:00:00+00:00,0.9295899868011475,0.9297000169754028,0.9289100170135498,0.9295300245285034,0.0
2026-01-02 12:15:00+00:00,0.9295700192451477,0.9297999739646912,0.9290599822998047,0.929669976234436,0.0
2026-01-02 12:30:00+00:00,0.929639995098114,0.9299399852752686,0.9291700124740601,0.9299399852752686,0.0
2026-01-02 12:45:00+00:00,0.929889976978302,0.9300000071525574,0.9293599724769592,0.9297400116920471,0.0
2026-01-02 13:00:00+00:00,0.9297400116920471,0.9298999905586243,0.9290400147438049,0.9295799732208252,0.0
2026-01-02 13:15:00+00:00,0.9296000003814697,0.9298200011253357,0.9290900230407715,0.929610013961792,0.0
2026-01-02 13:30:00+00:00,0.929639995098114,0.9297999739646912,0.9290199875831604,0.9295399785041809,0.0
2026-01-02 13:45:00+00:00,0.9294899702072144,0.9297299981117249,0.9289100170135498,0.9296000003814697,0.0
2026-01-02 14:00:00+00:00,0.9296000003814697,0.9296299815177917,0.9289699792861938,0.9294099807739258,0.0
2026-01-02 14:15:00+00:00,0.9294099807739258,0.9294999837875366,0.9287199974060059,0.9291399717330933,0.0
2026-01-02 14:30:00+00:00,0.9291099905967712,0.9294099807739258,0.9286400079727173,0.9293299913406372,0.0
2026-01-02 14:45:00+00:00,0.9293500185012817,0.9294999837875366,0.9285399913787842,0.9289799928665161,0.0
2026-01-02 15:00:00+00:00,0.9290300011634827,0.929099977016449,0.9282600283622742,0.9287199974060059,0.0
2026-01-02 15:15:00+00:00,0.9287199974060059,0.9290000200271606,0.9282900094985962,0.9289100170135498,0.0
2026-01-02 15:30:00+00:00,0.9289199709892273,0.9289900064468384,0.928059995174408,0.9285600185394287,0.0
2026-01-02 15:45:00+00:00,0.9285600185394287,0.9288100004196167,0.9279099702835083,0.9287800192832947,0.0
2026-01-02 16:00:00+00:00,0.9287800192832947,0.9289799928665161,0.9282000064849854,0.9288300275802612,0.0
2026-01-02 16:15:00+00:00,0.928849995136261,0.929099977016449,0.9284200072288513,0.9289799928665161,0.0
2026-01-02 16:30:00+00:00,0.9289699792861938,0.9292600154876709,0.9285600185394287,0.9285899996757507,0.0
2026-01-02 16:45:00+00:00,0.9290400147438049,0.9294099807739258,0.9286699891090393,0.9293799996376038,0.0
2026-01-02 17:00:00+00:00,0.9293500185012817,0.9294000267982483,0.9286800026893616,0.9291899800300598,0.0
2026-01-02 17:15:00+00:00,0.9291800260543823,0.9292200207710266,0.9286100268363953,0.9290500283241272,0.0
2026-01-02 17:30:00+00:00,0.929069995880127,0.9292100071907043,0.9285899996757507,0.9287499785423279,0.0
2026-01-02 17:45:00+00:00,0.9291599988937378,0.9292100071907043,0.9284300208091736,0.9289000034332275,0.0
2026-01-02 18:00:00+00:00,0.9289000034332275,0.9291300177574158,0.9284300208091736,0.9288700222969055,0.0
2026-01-02 18:15:00+00:00,0.928849995136261,0.9289199709892273,0.9282900094985962,0.9287199974060059,0.0
2026-01-02 18:30:00+00:00,0.9287199974060059,0.9287999868392944,0.9281799793243408,0.928629994392395,0.0
2026-01-02 18:45:00+00:00,0.9286199808120728,0.9287099838256836,0.9281600117683411,0.928629994392395,0.0
2026-01-02 19:00:00+00:00,0.9286199808120728,0.9287099838256836,0.9280999898910522,0.9285200238227844,0.0
2026-01-02 19:15:00+00:00,0.9285200238227844,0.9286999702453613,0.9280999898910522,0.9285600185394287,0.0
2026-01-02 19:30:00+00:00,0.9285500049591064,0.928600013256073,0.9279099702835083,0.9284600019454956,0.0
2026-01-02 19:45:00+00:00,0.9284800291061401,0.9285299777984619,0.9279400110244751,0.9284600019454956,0.0
2026-01-02 20:00:00+00:00,0.9284899830818176,0.9285200238227844,0.9276999831199646,0.9282000064849854,0.0
2026-01-02 20:15:00+00:00,0.9281899929046631,0.9283000230789185,0.9276599884033203,0.9281899929046631,0.0
2026-01-02 20:30:00+00:00,0.9281899929046631,0.9283999800682068,0.9277099967002869,0.9281200170516968,0.0
2026-01-02 20:45:00+00:00,0.9277200102806091,0.9284999966621399,0.9276900291442871,0.9284600019454956,0.0
2026-01-02 21:00:00+00:00,0.9284899830818176,0.9286199808120728,0.9280300140380859,0.9284800291061401,0.0
2026-01-02 21:15:00+00:00,0.9284800291061401,0.9286999702453613,0.928059995174408,0.9286500215530396,0.0
2026-01-02 21:30:00+00:00,0.9286500215530396,0.9289000034332275,0.9282000064849854,0.9287999868392944,0.0
2026-01-02 21:45:00+00:00,0.9288100004196167,0.9290000200271606,0.9279599785804749,0.9284800291061401,0.0
2026-01-02 22:00:00+00:00,0.928600013256073,0.928600013256073,0.9282100200653076,0.9282100200653076,0.0
2026-01-02 22:15:00+00:00,0.9282100200653076,0.9282100200653076,0.9282100200653076,0.9282100200653076,0.0
2026-01-05 00:00:00+00:00,0.9284600019454956,0.9286199808120728,0.9272699952125549,0.9278900027275085,0.0
2026-01-05 00:15:00+00:00,0.9278900027275085,0.9280999898910522,0.9274600148200989,0.9279000163078308,0.0
2026-01-05 00:30:00+00:00,0.9279000163078308,0.9279999732971191,0.927370011806488,0.927869975566864,0.0
2026-01-05 00:45:00+00:00,0.927869975566864,0.9281200170516968,0.9274899959564209,0.9279999732971191,0.0
2026-01-05 01:00:00+00:00,0.9279999732971191,0.9280700087547302,0.9269499778747559,0.9274100065231323,0.0
2026-01-05 01:15:00+00:00,0.9274100065231323,0.9277999997138977,0.9269000291824341,0.9277300238609314,0.0
2026-01-05 01:30:00+00:00,0.9277300238609314,0.9279000163078308,0.9272599816322327,0.9276400208473206,0.0
2026-01-05 01:45:00+00:00,0.9276800155639648,0.9276999831199646,0.9269999861717224,0.9275000095367432,0.0
2026-01-05 02:00:00+00:00,0.9274799823760986,0.9276000261306763,0.9269499778747559,0.9274100065231323,0.0
2026-01-05 02:15:00+00:00,0.927370011806488,0.9276000261306763,0.9268699884414673,0.9273399710655212,0.0
2026-01-05 02:30:00+00:00,0.9273399710655212,0.9274200201034546,0.926639974117279,0.9271299839019775,0.0
2026-01-05 02:45:00+00:00,0.9271199703216553,0.9276099801063538,0.9265699982643127,0.927590012550354,0.0
2026-01-05 03:00:00+00:00,0.9275599718093872,0.927649974822998,0.9269800186157227,0.9275100231170654,0.0
2026-01-05 03:15:00+00:00,0.9274799823760986,0.9278299808502197,0.9270099997520447,0.9275799989700317,0.0
2026-01-05 03:30:00+00:00,0.9275799989700317,0.9279999732971191,0.9272099733352661,0.9279400110244751,0.0
2026-01-05 03:45:00+00:00,0.9279099702835083,0.9281399846076965,0.9274200201034546,0.9280499815940857,0.0
2026-01-05 04:00:00+00:00,0.9280499815940857,0.9282000064849854,0.9276099801063538,0.9279999732971191,0.0
2026-01-05 04:15:00+00:00,0.9279900193214417,0.9280999898910522,0.927370011806488,0.9278200268745422,0.0
2026-01-05 04:30:00+00:00,0.9278200268745422,0.927839994430542,0.9270899891853333,0.9276099801063538,0.0
2026-01-05 04:45:00+00:00,0.9275699853897095,0.9277999997138977,0.9271399974822998,0.9277200102806091,0.0
2026-01-05 05:00:00+00:00,0.9276900291442871,0.9277399778366089,0.9271299839019775,0.9275799989700317,0.0
2026-01-05 05:15:00+00:00,0.9275599718093872,0.9279999732971191,0.9271299839019775,0.9279099702835083,0.0
2026-01-05 05:30:00+00:00,0.9279099702835083,0.9279999732971191,0.9273200035095215,0.9279099702835083,0.0
2026-01-05 05:45:00+00:00,0.9279099702835083,0.9279999732971191,0.9273300170898438,0.9279400110244751,0.0
2026-01-05 06:00:00+00:00,0.9279400110244751,0.9280999898910522,0.9275100231170654,0.9279199838638306,0.0
2026-01-05 06:15:00+00:00,0.9279199838638306,0.9280999898910522,0.9274600148200989,0.9279599785804749,0.0
2026-01-05 06:30:00+00:00,0.9279599785804749,0.9282199740409851,0.9274899959564209,0.928059995174408,0.0
2026-01-05 06:45:00+00:00,0.9280400276184082,0.9282400012016296,0.9275199770927429,0.9279800057411194,0.0
2026-01-05 07:00:00+00:00,0.9279800057411194,0.9281399846076965,0.9274700284004211,0.9280999898910522,0.0
2026-01-05 07:15:00+00:00,0.9280800223350525,0.9283000230789185,0.9275000095367432,0.9281399846076965,0.0
2026-01-05 07:30:00+00:00,0.9281399846076965,0.9283300042152405,0.927619993686676,0.9280400276184082,0.0
2026-01-05 07:45:00+00:00,0.9280400276184082,0.928380012512207,0.9274799823760986,0.9279999732971191,0.0
2026-01-05 08:00:00+00:00,0.9279800057411194,0.928600013256073,0.9276999831199646,0.9284700155258179,0.0
2026-01-05 08:15:00+00:00,0.9284200072288513,0.928600013256073,0.927839994430542,0.9282900094985962,0.0
2026-01-05 08:30:00+00:00,0.9282699823379517,0.928600013256073,0.927839994430542,0.9284800291061401,0.0
2026-01-05 08:45:00+00:00,0.9284800291061401,0.9289000034332275,0.9279900193214417,0.928849995136261,0.0
2026-01-05 09:00:00+00:00,0.9288700222969055,0.9294000267982483,0.928380012512207,0.9293699860572815,0.0
2026-01-05 09:15:00+00:00,0.9293599724769592,0.9294000267982483,0.9287099838256836,0.9293199777603149,0.0
2026-01-05 09:30:00+00:00,0.9293100237846375,0.9300299882888794,0.9288399815559387,0.9299499988555908,0.0
2026-01-05 09:45:00+00:00,0.9299399852752686,0.9304100275039673,0.9294499754905701,0.9303200244903564,0.0
2026-01-05 10:00:00+00:00,0.9303200244903564,0.9306300282478333,0.9293400049209595,0.929830014705658,0.0
2026-01-05 10:15:00+00:00,0.9298400282859802,0.9300400018692017,0.9293500185012817,0.9299499988555908,0.0
2026-01-05 10:30:00+00:00,0.9299299716949463,0.9301999807357788,0.9285399913787842,0.929099977016449,0.0
2026-01-05 10:45:00+00:00,0.929099977016449,0.9293100237846375,0.928309977054596,0.9287800192832947,0.0
2026-01-05 11:00:00+00:00,0.9287599921226501,0.9291300177574158,0.9281700253486633,0.9285299777984619,0.0
2026-01-05 11:15:00+00:00,0.9285299777984619,0.9289000034332275,0.9280300140380859,0.9287300109863281,0.0
2026-01-05 11:30:00+00:00,0.9287300109863281,0.9291200041770935,0.9282500147819519,0.9286400079727173,0.0
2026-01-05 11:45:00+00:00,0.9286400079727173,0.9286999702453613,0.9277200102806091,0.9282600283622742,0.0
2026-01-05 12:00:00+00:00,0.9282799959182739,0.928629994392395,0.9277399778366089,0.9285500049591064,0.0
2026-01-05 12:15:00+00:00,0.9285699725151062,0.928820013999939,0.9278299808502197,0.9284200072288513,0.0
2026-01-05 12:30:00+00:00,0.9284200072288513,0.9284999966621399,0.9272300004959106,0.9276800155639648,0.0
2026-01-05 12:45:00+00:00,0.9276400208473206,0.9279699921607971,0.9271900057792664,0.927649974822998,0.0
2026-01-05 13:00:00+00:00,0.9276700019836426,0.9289299845695496,0.9274500012397766,0.9283900260925293,0.0
2026-01-05 13:15:00+00:00,0.9283499717712402,0.9289900064468384,0.9279000163078308,0.9287700057029724,0.0
2026-01-05 13:30:00+00:00,0.9287499785423279,0.9290000200271606,0.9280700087547302,0.9287499785423279,0.0
2026-01-05 13:45:00+00:00,0.9287499785423279,0.9290000200271606,0.9281799793243408,0.928629994392395,0.0
2026-01-05 14:00:00+00:00,0.9286100268363953,0.9289000034332275,0.9281100034713745,0.9287999868392944,0.0
2026-01-05 14:15:00+00:00,0.9288100004196167,0.9293699860572815,0.9282500147819519,0.9292399883270264,0.0
2026-01-05 14:30:00+00:00,0.9292399883270264,0.9294899702072144,0.9282799959182739,0.9287800192832947,0.0
2026-01-05 14:45:00+00:00,0.9287800192832947,0.9291999936103821,0.9284200072288513,0.928879976272583,0.0
2026-01-05 15:00:00+00:00,0.9290000200271606,0.929069995880127,0.9280400276184082,0.9284999966621399,0.0
2026-01-05 15:15:00+00:00,0.9285600185394287,0.928820013999939,0.9281100034713745,0.9287499785423279,0.0
2026-01-05 15:30:00+00:00,0.9287700057029724,0.9288399815559387,0.9280200004577637,0.9285600185394287,0.0
2026-01-05 15:45:00+00:00,0.9285200238227844,0.9287400245666504,0.9279500246047974,0.9286900162696838,0.0
2026-01-05 16:00:00+00:00,0.9287499785423279,0.9289000034332275,0.9282199740409851,0.9288100004196167,0.0
2026-01-05 16:15:00+00:00,0.9288100004196167,0.9288399815559387,0.927869975566864,0.9283300042152405,0.0
2026-01-05 16:30:00+00:00,0.9283199906349182,0.9287999868392944,0.927869975566864,0.928309977054596,0.0
2026-01-05 16:45:00+00:00,0.9282799959182739,0.9284200072288513,0.9277799725532532,0.9282699823379517,0.0
2026-01-05 17:00:00+00:00,0.9283000230789185,0.9287199974060059,0.9277399778366089,0.9286199808120728,0.0
2026-01-05 17:15:00+00:00,0.9286100268363953,0.9287999868392944,0.9280999898910522,0.9285399913787842,0.0
2026-01-05 17:30:00+00:00,0.9285399913787842,0.9287199974060059,0.9279900193214417,0.9286999702453613,0.0
2026-01-05 17:45:00+00:00,0.9286900162696838,0.9287300109863281,0.9279999732971191,0.9279999732971191,0.0
2026-01-05 18:00:00+00:00,0.9284499883651733,0.9287400245666504,0.9280300140380859,0.9286699891090393,0.0
2026-01-05 18:15:00+00:00,0.9286900162696838,0.9289199709892273,0.9282299876213074,0.9288100004196167,0.0
2026-01-05 18:30:00+00:00,0.9288100004196167,0.9289000034332275,0.928309977054596,0.9287700057029724,0.0
2026-01-05 18:45:00+00:00,0.9287499785423279,0.9288100004196167,0.92781001329422,0.9281899929046631,0.0
2026-01-05 19:00:00+00:00,0.9282199740409851,0.9283599853515625,0.9276000261306763,0.928059995174408,0.0
2026-01-05 19:15:00+00:00,0.9280400276184082,0.9280999898910522,0.9275100231170654,0.9279800057411194,0.0
2026-01-05 19:30:00+00:00,0.9279800057411194,0.9282000064849854,0.9275299906730652,0.9281299710273743,0.0
2026-01-05 19:45:00+00:00,0.9281299710273743,0.9283000230789185,0.9276599884033203,0.9282100200653076,0.0
2026-01-05 20:00:00+00:00,0.9282199740409851,0.9282299876213074,0.9275299906730652,0.9279599785804749,0.0
2026-01-05 20:15:00+00:00,0.9279599785804749,0.9280999898910522,0.9275199770927429,0.9279800057411194,0.0
2026-01-05 20:30:00+00:00,0.9279900193214417,0.9282000064849854,0.9275400042533875,0.9281600117683411,0.0
2026-01-05 20:45:00+00:00,0.9281499981880188,0.9282000064849854,0.9275000095367432,0.9279500246047974,0.0
2026-01-05 21:00:00+00:00,0.9279500246047974,0.9281399846076965,0.9275500178337097,0.9279800057411194,0.0
2026-01-05 21:15:00+00:00,0.9279800057411194,0.9280999898910522,0.9274399876594543,0.9279199838638306,0.0
2026-01-05 21:30:00+00:00,0.927869975566864,0.9279999732971191,0.9274200201034546,0.9279099702835083,0.0
2026-01-05 21:45:00+00:00,0.9279099702835083,0.9282100200653076,0.9271900057792664,0.9278900027275085,0.0
2026-01-05 22:00:00+00:00,0.9278900027275085,0.9280999898910522,0.9274100065231323,0.9275599718093872,0.0
2026-01-05 22:15:00+00:00,0.9278799891471863,0.9280099868774414,0.9275599718093872,0.9278200268745422,0.0
2026-01-05 22:30:00+00:00,0.9275599718093872,0.9279000163078308,0.9274299740791321,0.9279000163078308,0.0
2026-01-05 22:45:00+00:00,0.9278500080108643,0.9279999732971191,0.927370011806488,0.927649974822998,0.0
2026-01-05 23:00:00+00:00,0.9277399778366089,0.928059995174408,0.9275100231170654,0.9279299974441528,0.0
2026-01-05 23:15:00+00:00,0.9279500246047974,0.9280400276184082,0.9274899959564209,0.9279900193214417,0.0
2026-01-05 23:30:00+00:00,0.9279900193214417,0.9280999898910522,0.9274600148200989,0.9279299974441528,0.0
2026-01-05 23:45:00+00:00,0.9279900193214417,0.9280999898910522,0.9274700284004211,0.9279099702835083,0.0
2026-01-06 00:00:00+00:00,0.9280200004577637,0.9280999898910522,0.9275100231170654,0.9280200004577637,0.0
2026-01-06 00:15:00+00:00,0.9279699921607971,0.9282000064849854,0.9275400042533875,0.9281600117683411,0.0
2026-01-06 00:30:00+00:00,0.9281600117683411,0.9282699823379517,0.9276800155639648,0.9281600117683411,0.0
2026-01-06 00:45:00+00:00,0.9281600117683411,0.9283000230789185,0.9273800253868103,0.9278600215911865,0.0
2026-01-06 01:00:00+00:00,0.9278500080108643,0.9279999732971191,0.9273800253868103,0.9279000163078308,0.0
2026-01-06 01:15:00+00:00,0.9279099702835083,0.9281399846076965,0.9275000095367432,0.928059995174408,0.0
2026-01-06 01:30:00+00:00,0.9280800223350525,0.9281200170516968,0.9273200035095215,0.9278600215911865,0.0
2026-01-06 01:45:00+00:00,0.9278500080108643,0.9279999732971191,0.9273200035095215,0.9278200268745422,0.0
2026-01-06 02:00:00+00:00,0.927839994430542,0.9279400110244751,0.9273800253868103,0.9278299808502197,0.0
2026-01-06 02:15:00+00:00,0.9279000163078308,0.9279000163078308,0.9272000193595886,0.9278500080108643,0.0
2026-01-06 02:30:00+00:00,0.927869975566864,0.9280200004577637,0.9273999929428101,0.9279999732971191,0.0
2026-01-06 02:45:00+00:00,0.9279900193214417,0.9282000064849854,0.9275599718093872,0.9281200170516968,0.0
2026-01-06 03:00:00+00:00,0.9281299710273743,0.9282299876213074,0.9276800155639648,0.9281700253486633,0.0
2026-01-06 03:15:00+00:00,0.9281799793243408,0.9283000230789185,0.9277200102806091,0.9282500147819519,0.0
2026-01-06 03:30:00+00:00,0.9282500147819519,0.9283999800682068,0.9277399778366089,0.9282500147819519,0.0
2026-01-06 03:45:00+00:00,0.9282500147819519,0.9283000230789185,0.9276999831199646,0.9281899929046631,0.0
2026-01-06 04:00:00+00:00,0.9281899929046631,0.9283000230789185,0.9277600049972534,0.9281899929046631,0.0
2026-01-06 04:15:00+00:00,0.9281899929046631,0.9283499717712402,0.9277600049972534,0.9283000230789185,0.0
2026-01-06 04:30:00+00:00,0.928309977054596,0.9283999800682068,0.9277600049972534,0.9282400012016296,0.0
2026-01-06 04:45:00+00:00,0.9282000064849854,0.9283000230789185,0.9277499914169312,0.9282199740409851,0.0
2026-01-06 05:00:00+00:00,0.9282000064849854,0.9283000230789185,0.9277600049972534,0.9282400012016296,0.0
2026-01-06 05:15:00+00:00,0.9282299876213074,0.9283000230789185,0.9277200102806091,0.9281700253486633,0.0
2026-01-06 05:30:00+00:00,0.9281700253486633,0.9283499717712402,0.9277799725532532,0.9283000230789185,0.0
2026-01-06 05:45:00+00:00,0.9282699823379517,0.928309977054596,0.9276700019836426,0.9281799793243408,0.0
2026-01-06 06:00:00+00:00,0.9281600117683411,0.9283599853515625,0.9277200102806091,0.9283000230789185,0.0
2026-01-06 06:15:00+00:00,0.9283000230789185,0.928600013256073,0.9278600215911865,0.9284999966621399,0.0
2026-01-06 06:30:00+00:00,0.9284300208091736,0.9287700057029724,0.9280300140380859,0.9287199974060059,0.0
2026-01-06 06:45:00+00:00,0.9287099838256836,0.9287999868392944,0.9281200170516968,0.928629994392395,0.0
2026-01-06 07:00:00+00:00,0.928629994392395,0.9286999702453613,0.9280700087547302,0.9285399913787842,0.0
2026-01-06 07:15:00+00:00,0.9285399913787842,0.928600013256073,0.927839994430542,0.9283300042152405,0.0
2026-01-06 07:30:00+00:00,0.9283999800682068,0.9283999800682068,0.9275500178337097,0.9279699921607971,0.0
2026-01-06 07:45:00+00:00,0.9280499815940857,0.9281100034713745,0.9273800253868103,0.9279999732971191,0.0
2026-01-06 08:00:00+00:00,0.9279500246047974,0.9283000230789185,0.9274799823760986,0.928059995174408,0.0
2026-01-06 08:15:00+00:00,0.9281100034713745,0.928629994392395,0.927869975566864,0.9285500049591064,0.0
2026-01-06 08:30:00+00:00,0.9285600185394287,0.9289199709892273,0.9281100034713745,0.9288300275802612,0.0
2026-01-06 08:45:00+00:00,0.9288300275802612,0.9293400049209595,0.9283000230789185,0.9290800094604492,0.0
2026-01-06 09:00:00+00:00,0.9290900230407715,0.9291599988937378,0.9279500246047974,0.9284399747848511,0.0
2026-01-06 09:15:00+00:00,0.9284399747848511,0.9285699725151062,0.9277099967002869,0.9282299876213074,0.0
2026-01-06 09:30:00+00:00,0.9282500147819519,0.9283999800682068,0.9276599884033203,0.9282199740409851,0.0
2026-01-06 09:45:00+00:00,0.9282100200653076,0.9285399913787842,0.9278200268745422,0.9283599853515625,0.0
2026-01-06 10:00:00+00:00,0.9283599853515625,0.9285200238227844,0.92781001329422,0.9283400177955627,0.0
2026-01-06 10:15:00+00:00,0.9283400177955627,0.9287700057029724,0.9279099702835083,0.928600013256073,0.0
2026-01-06 10:30:00+00:00,0.9285899996757507,0.928600013256073,0.9278900027275085,0.9282699823379517,0.0
2026-01-06 10:45:00+00:00,0.9282699823379517,0.9283999800682068,0.9277600049972534,0.9282799959182739,0.0
2026-01-06 11:00:00+00:00,0.9282799959182739,0.9286100268363953,0.9277899861335754,0.9284899830818176,0.0
2026-01-06 11:15:00+00:00,0.9284600019454956,0.9286500215530396,0.9279500246047974,0.9284899830818176,0.0
2026-01-06 11:30:00+00:00,0.9284800291061401,0.928600013256073,0.9279299974441528,0.9285299777984619,0.0
2026-01-06 11:45:00+00:00,0.9285200238227844,0.9287099838256836,0.9280700087547302,0.9285200238227844,0.0
2026-01-06 12:00:00+00:00,0.9285200238227844,0.928600013256073,0.9277700185775757,0.9282000064849854,0.0
2026-01-06 12:15:00+00:00,0.9282000064849854,0.9284999966621399,0.9277899861335754,0.9283199906349182,0.0
2026-01-06 12:30:00+00:00,0.9283499717712402,0.9287999868392944,0.9279099702835083,0.9287099838256836,0.0
2026-01-06 12:45:00+00:00,0.9286999702453613,0.929099977016449,0.9281899929046631,0.9288100004196167,0.0
2026-01-06 13:00:00+00:00,0.9287999868392944,0.928879976272583,0.9279800057411194,0.9283199906349182,0.0
2026-01-06 13:15:00+00:00,0.928309977054596,0.9283999800682068,0.9276099801063538,0.9281899929046631,0.0
2026-01-06 13:30:00+00:00,0.9281899929046631,0.9286500215530396,0.9278299808502197,0.9283699989318848,0.0
2026-01-06 13:45:00+00:00,0.9283699989318848,0.9286999702453613,0.9279900193214417,0.9284700155258179,0.0
2026-01-06 14:00:00+00:00,0.9284700155258179,0.9285799860954285,0.9279500246047974,0.9283699989318848,0.0
2026-01-06 14:15:00+00:00,0.9283699989318848,0.9284499883651733,0.9278200268745422,0.9283499717712402,0.0
2026-01-06 14:30:00+00:00,0.9283199906349182,0.9283599853515625,0.9276300072669983,0.9281100034713745,0.0
2026-01-06 14:45:00+00:00,0.9283000230789185,0.9286800026893616,0.9279400110244751,0.9285399913787842,0.0
2026-01-06 15:00:00+00:00,0.9285600185394287,0.9290800094604492,0.9282900094985962,0.9290199875831604,0.0
2026-01-06 15:15:00+00:00,0.9290199875831604,0.9290599822998047,0.9283000230789185,0.9288600087165833,0.0
2026-01-06 15:30:00+00:00,0.9288700222969055,0.9294300079345703,0.9286199808120728,0.9293599724769592,0.0
2026-01-06 15:45:00+00:00,0.9293599724769592,0.9297999739646912,0.9289399981498718,0.9295700192451477,0.0
2026-01-06 16:00:00+00:00,0.9295700192451477,0.9300900101661682,0.9292200207710266,0.9299799799919128,0.0
2026-01-06 16:15:00+00:00,0.9299299716949463,0.9302300214767456,0.9295399785041809,0.9301000237464905,0.0
2026-01-06 16:30:00+00:00,0.9301000237464905,0.9301199913024902,0.9291399717330933,0.9295899868011475,0.0
2026-01-06 16:45:00+00:00,0.9296299815177917,0.9298200011253357,0.9291599988937378,0.929669976234436,0.0
2026-01-06 17:00:00+00:00,0.9296600222587585,0.9300699830055237,0.9294800162315369,0.9299100041389465,0.0
2026-01-06 17:15:00+00:00,0.9301199913024902,0.9301599860191345,0.9295700192451477,0.9299899935722351,0.0
2026-01-06 17:30:00+00:00,0.930079996585846,0.9302399754524231,0.9295899868011475,0.9300299882888794,0.0
2026-01-06 17:45:00+00:00,0.9300199747085571,0.9302999973297119,0.9296500086784363,0.9300900101661682,0.0
2026-01-06 18:00:00+00:00,0.9300900101661682,0.9301999807357788,0.9295799732208252,0.9299899935722351,0.0
2026-01-06 18:15:00+00:00,0.9299799799919128,0.9300199747085571,0.9293699860572815,0.9297900199890137,0.0
2026-01-06 18:30:00+00:00,0.92985999584198,0.9300199747085571,0.9294400215148926,0.9299600124359131,0.0
2026-01-06 18:45:00+00:00,0.9299700260162354,0.9301000237464905,0.9294800162315369,0.9299299716949463,0.0
2026-01-06 19:00:00+00:00,0.9299299716949463,0.9300199747085571,0.9294800162315369,0.9299200177192688,0.0
2026-01-06 19:15:00+00:00,0.9300000071525574,0.9301199913024902,0.9295200109481812,0.9299899935722351,0.0
2026-01-06 19:30:00+00:00,0.9299600124359131,0.9300000071525574,0.9293400049209595,0.9298499822616577,0.0
2026-01-06 19:45:00+00:00,0.9298400282859802,0.9298999905586243,0.9292799830436707,0.9297500252723694,0.0
2026-01-06 20:00:00+00:00,0.9297099709510803,0.9297999739646912,0.9291599988937378,0.9297299981117249,0.0
2026-01-06 20:15:00+00:00,0.9297099709510803,0.9297999739646912,0.9292799830436707,0.9297699928283691,0.0
2026-01-06 20:30:00+00:00,0.9297500252723694,0.929830014705658,0.9293199777603149,0.9297800064086914,0.0
2026-01-06 20:45:00+00:00,0.9298099875450134,0.9300000071525574,0.9294800162315369,0.9299100041389465,0.0
2026-01-06 21:00:00+00:00,0.9298700094223022,0.9299399852752686,0.929419994354248,0.92985999584198,0.0
2026-01-06 21:15:00+00:00,0.929889976978302,0.9300100207328796,0.9294700026512146,0.9299499988555908,0.0
2026-01-06 21:30:00+00:00,0.9299299716949463,0.9300100207328796,0.9294700026512146,0.9299499988555908,0.0
2026-01-06 21:45:00+00:00,0.9299499988555908,0.930180013179779,0.9293000102043152,0.9293199777603149,0.0
2026-01-06 22:00:00+00:00,0.9289399981498718,0.9294800162315369,0.9288600087165833,0.9294000267982483,0.0
2026-01-06 22:15:00+00:00,0.9291099905967712,0.929610013961792,0.9289600253105164,0.9291599988937378,0.0
2026-01-06 22:30:00+00:00,0.9292100071907043,0.9297000169754028,0.929099977016449,0.9296299815177917,0.0
2026-01-06 22:45:00+00:00,0.9297000169754028,0.9297999739646912,0.9291700124740601,0.9295700192451477,0.0
2026-01-06 23:00:00+00:00,0.9294400215148926,0.9300000071525574,0.9291599988937378,0.9299100041389465,0.0
2026-01-06 23:15:00+00:00,0.9299100041389465,0.9300500154495239,0.9294999837875366,0.9299399852752686,0.0
2026-01-06 23:30:00+00:00,0.9299100041389465,0.9301300048828125,0.9295700192451477,0.9300299882888794,0.0
2026-01-06 23:45:00+00:00,0.9300299882888794,0.9301000237464905,0.9295499920845032,0.9299799799919128,0.0
2026-01-07 00:00:00+00:00,0.9299299716949463,0.9301000237464905,0.9294999837875366,0.9299100041389465,0.0
2026-01-07 00:15:00+00:00,0.9299200177192688,0.9300299882888794,0.9294599890708923,0.9299799799919128,0.0
2026-01-07 00:30:00+00:00,0.9300199747085571,0.9301000237464905,0.9294800162315369,0.9299299716949463,0.0
2026-01-07 00:45:00+00:00,0.9299499988555908,0.9301000237464905,0.9295099973678589,0.9299600124359131,0.0
2026-01-07 01:00:00+00:00,0.9300000071525574,0.930109977722168,0.9295300245285034,0.9299799799919128,0.0
2026-01-07 01:15:00+00:00,0.9299799799919128,0.9301000237464905,0.9295399785041809,0.9299799799919128,0.0
2026-01-07 01:30:00+00:00,0.9299600124359131,0.9301000237464905,0.9292700290679932,0.9297400116920471,0.0
2026-01-07 01:45:00+00:00,0.9297400116920471,0.9298999905586243,0.9292700290679932,0.9297400116920471,0.0
2026-01-07 02:00:00+00:00,0.9297400116920471,0.9298999905586243,0.9291800260543823,0.9296600222587585,0.0
2026-01-07 02:15:00+00:00,0.9296600222587585,0.9297999739646912,0.9291700124740601,0.9297199845314026,0.0
2026-01-07 02:30:00+00:00,0.9297199845314026,0.9297999739646912,0.9291800260543823,0.9296299815177917,0.0
2026-01-07 02:45:00+00:00,0.9296299815177917,0.9301499724388123,0.9291499853134155,0.9300299882888794,0.0
2026-01-07 03:00:00+00:00,0.9300299882888794,0.9301000237464905,0.9295200109481812,0.9299299716949463,0.0
2026-01-07 03:15:00+00:00,0.9299100041389465,0.9300000071525574,0.929390013217926,0.929830014705658,0.0
2026-01-07 03:30:00+00:00,0.929830014705658,0.9298999905586243,0.9293599724769592,0.9297800064086914,0.0
2026-01-07 03:45:00+00:00,0.9297800064086914,0.9300000071525574,0.9293199777603149,0.9298200011253357,0.0
2026-01-07 04:00:00+00:00,0.929830014705658,0.9298999905586243,0.9292600154876709,0.9297099709510803,0.0
2026-01-07 04:15:00+00:00,0.9297199845314026,0.9297999739646912,0.9292600154876709,0.9297099709510803,0.0
2026-01-07 04:30:00+00:00,0.9297299981117249,0.929830014705658,0.9292600154876709,0.9297800064086914,0.0
2026-01-07 04:45:00+00:00,0.9297800064086914,0.9299299716949463,0.9292600154876709,0.9296900033950806,0.0
2026-01-07 05:00:00+00:00,0.9296900033950806,0.9297999739646912,0.9291399717330933,0.9295899868011475,0.0
2026-01-07 05:15:00+00:00,0.9295799732208252,0.9297000169754028,0.9291200041770935,0.9295700192451477,0.0
2026-01-07 05:30:00+00:00,0.9295799732208252,0.9297199845314026,0.929069995880127,0.9296500086784363,0.0
2026-01-07 05:45:00+00:00,0.9296500086784363,0.9297999739646912,0.9291599988937378,0.9297599792480469,0.0
2026-01-07 06:00:00+00:00,0.9297599792480469,0.9298099875450134,0.9292399883270264,0.9296500086784363,0.0
2026-01-07 06:15:00+00:00,0.9296500086784363,0.9297999739646912,0.929099977016449,0.9295300245285034,0.0
2026-01-07 06:30:00+00:00,0.9295300245285034,0.9296000003814697,0.9289199709892273,0.9293599724769592,0.0
2026-01-07 06:45:00+00:00,0.9293799996376038,0.9297000169754028,0.9289500117301941,0.9295399785041809,0.0
2026-01-07 07:00:00+00:00,0.9295399785041809,0.9297199845314026,0.9289100170135498,0.9295899868011475,0.0
2026-01-07 07:15:00+00:00,0.9296200275421143,0.9299899935722351,0.9291899800300598,0.9299499988555908,0.0
2026-01-07 07:30:00+00:00,0.9300000071525574,0.9301400184631348,0.9293699860572815,0.9300400018692017,0.0
2026-01-07 07:45:00+00:00,0.9300699830055237,0.9304999709129333,0.9296500086784363,0.9304199814796448,0.0
2026-01-07 08:00:00+00:00,0.9303699731826782,0.9304500222206116,0.9295200109481812,0.9298200011253357,0.0
2026-01-07 08:15:00+00:00,0.9298200011253357,0.9301699995994568,0.9293500185012817,0.9301199913024902,0.0
2026-01-07 08:30:00+00:00,0.9301300048828125,0.930620014667511,0.929830014705658,0.9305499792098999,0.0
2026-01-07 08:45:00+00:00,0.9305499792098999,0.9305499792098999,0.9294599890708923,0.9299499988555908,0.0
2026-01-07 09:00:00+00:00,0.9299600124359131,0.9299600124359131,0.9291399717330933,0.929830014705658,0.0
2026-01-07 09:15:00+00:00,0.9298700094223022,0.9299299716949463,0.9293299913406372,0.9297900199890137,0.0
2026-01-07 09:30:00+00:00,0.9297599792480469,0.9299200177192688,0.9292700290679932,0.9298099875450134,0.0
2026-01-07 09:45:00+00:00,0.9298499822616577,0.9300000071525574,0.9293199777603149,0.9297599792480469,0.0
2026-01-07 10:00:00+00:00,0.9298099875450134,0.9301300048828125,0.9294300079345703,0.9300400018692017,0.0
2026-01-07 10:15:00+00:00,0.9300299882888794,0.9305099844932556,0.9295899868011475,0.9304199814796448,0.0
2026-01-07 10:30:00+00:00,0.9303799867630005,0.9305999875068665,0.9296799898147583,0.930079996585846,0.0
2026-01-07 10:45:00+00:00,0.9300600290298462,0.9303500056266785,0.9296200275421143,0.9302899837493896,0.0
2026-01-07 11:00:00+00:00,0.9302899837493896,0.9307000041007996,0.9298800230026245,0.9303200244903564,0.0
2026-01-07 11:15:00+00:00,0.930400013923645,0.930899977684021,0.929889976978302,0.9306899905204773,0.0
2026-01-07 11:30:00+00:00,0.9306700229644775,0.9311100244522095,0.9302300214767456,0.9310700297355652,0.0
2026-01-07 11:45:00+00:00,0.9311100244522095,0.9312400221824646,0.9303399920463562,0.9307299852371216,0.0
2026-01-07 12:00:00+00:00,0.9307699799537659,0.9308000206947327,0.9300400018692017,0.9305800199508667,0.0
2026-01-07 12:15:00+00:00,0.9305899739265442,0.9308000206947327,0.9299700260162354,0.9307299852371216,0.0
2026-01-07 12:30:00+00:00,0.9307299852371216,0.9307299852371216,0.9299899935722351,0.9304900169372559,0.0
2026-01-07 12:45:00+00:00,0.9304900169372559,0.9305400252342224,0.9297000169754028,0.9301699995994568,0.0
2026-01-07 13:00:00+00:00,0.9301599860191345,0.930400013923645,0.9296600222587585,0.9302399754524231,0.0
2026-01-07 13:15:00+00:00,0.9302399754524231,0.9304999709129333,0.9295899868011475,0.9303699731826782,0.0
2026-01-07 13:30:00+00:00,0.9303900003433228,0.9304999709129333,0.9297099709510803,0.9302999973297119,0.0
2026-01-07 13:45:00+00:00,0.9302999973297119,0.9304500222206116,0.9297099709510803,0.9304199814796448,0.0
2026-01-07 14:00:00+00:00,0.9304199814796448,0.9309999942779541,0.930180013179779,0.9305899739265442,0.0
2026-01-07 14:15:00+00:00,0.9305899739265442,0.9307000041007996,0.9298400282859802,0.930429995059967,0.0
2026-01-07 14:30:00+00:00,0.9304100275039673,0.9304999709129333,0.9298400282859802,0.9302999973297119,0.0
2026-01-07 14:45:00+00:00,0.9302999973297119,0.930429995059967,0.9295799732208252,0.9300500154495239,0.0
2026-01-07 15:00:00+00:00,0.9300500154495239,0.9313799738883972,0.929610013961792,0.9312999844551086,0.0
2026-01-07 15:15:00+00:00,0.9312999844551086,0.9314299821853638,0.930620014667511,0.9311100244522095,0.0
2026-01-07 15:30:00+00:00,0.9311100244522095,0.9311500191688538,0.9302700161933899,0.9307799935340881,0.0
2026-01-07 15:45:00+00:00,0.9308000206947327,0.9313200116157532,0.9302899837493896,0.9311000108718872,0.0
2026-01-07 16:00:00+00:00,0.9310899972915649,0.9314000010490417,0.9306100010871887,0.9312400221824646,0.0
2026-01-07 16:15:00+00:00,0.9312400221824646,0.931439995765686,0.9307799935340881,0.9313099980354309,0.0
2026-01-07 16:30:00+00:00,0.9312899708747864,0.9314299821853638,0.9306899905204773,0.9312000274658203,0.0
2026-01-07 16:45:00+00:00,0.9312099814414978,0.931410014629364,0.9308199882507324,0.9312599897384644,0.0
2026-01-07 17:00:00+00:00,0.9312599897384644,0.931439995765686,0.9306700229644775,0.9314299821853638,0.0
2026-01-07 17:15:00+00:00,0.9314299821853638,0.9315400123596191,0.930649995803833,0.9311000108718872,0.0
2026-01-07 17:30:00+00:00,0.9310799837112427,0.9314200282096863,0.9307699799537659,0.9313399791717529,0.0
2026-01-07 17:45:00+00:00,0.9313399791717529,0.9315099716186523,0.9308800101280212,0.9313700199127197,0.0
2026-01-07 18:00:00+00:00,0.9314000010490417,0.9315500259399414,0.9309200048446655,0.931410014629364,0.0
2026-01-07 18:15:00+00:00,0.9314200282096863,0.9315500259399414,0.9309599995613098,0.9314200282096863,0.0
2026-01-07 18:30:00+00:00,0.9314200282096863,0.9315000176429749,0.9308900237083435,0.9313399791717529,0.0
2026-01-07 18:45:00+00:00,0.9313700199127197,0.9318100214004517,0.9309499859809875,0.9317700266838074,0.0
2026-01-07 19:00:00+00:00,0.9317700266838074,0.9318699836730957,0.931119978427887,0.9315999746322632,0.0
2026-01-07 19:15:00+00:00,0.9315699934959412,0.9317600131034851,0.9311599731445312,0.9316700100898743,0.0
2026-01-07 19:30:00+00:00,0.9316700100898743,0.9316999912261963,0.9311000108718872,0.9315299987792969,0.0
2026-01-07 19:45:00+00:00,0.9315299987792969,0.9316400289535522,0.9310700297355652,0.9315900206565857,0.0
2026-01-07 20:00:00+00:00,0.9315599799156189,0.9316400289535522,0.9309499859809875,0.9314900040626526,0.0
2026-01-07 20:15:00+00:00,0.9314600229263306,0.9315999746322632,0.9310299754142761,0.9315000176429749,0.0
2026-01-07 20:30:00+00:00,0.9314799904823303,0.9315199851989746,0.9309399724006653,0.9313799738883972,0.0
2026-01-07 20:45:00+00:00,0.9313600063323975,0.9315999746322632,0.9309499859809875,0.9315099716186523,0.0
2026-01-07 21:00:00+00:00,0.9314900040626526,0.9315400123596191,0.9309499859809875,0.9314200282096863,0.0
2026-01-07 21:15:00+00:00,0.9314500093460083,0.9315400123596191,0.9309800267219543,0.9314799904823303,0.0
2026-01-07 21:30:00+00:00,0.9314799904823303,0.9315400123596191,0.9309800267219543,0.9314600229263306,0.0
2026-01-07 21:45:00+00:00,0.9314200282096863,0.9315999746322632,0.9307500123977661,0.9313499927520752,0.0
2026-01-07 22:00:00+00:00,0.9313499927520752,0.9313499927520752,0.9301199913024902,0.9312999844551086,0.0
2026-01-07 22:15:00+00:00,0.9309099912643433,0.9315000176429749,0.9304999709129333,0.9311599731445312,0.0
2026-01-07 22:30:00+00:00,0.9311599731445312,0.9314299821853638,0.929830014705658,0.9310799837112427,0.0
2026-01-07 22:45:00+00:00,0.9309099912643433,0.9314000010490417,0.9304199814796448,0.9308099746704102,0.0
2026-01-07 23:00:00+00:00,0.9308099746704102,0.9316200017929077,0.9307699799537659,0.931190013885498,0.0
2026-01-07 23:15:00+00:00,0.9311599731445312,0.9314000010490417,0.9307900071144104,0.9313200116157532,0.0
2026-01-07 23:30:00+00:00,0.9312599897384644,0.9315000176429749,0.9309200048446655,0.9313899874687195,0.0
2026-01-07 23:45:00+00:00,0.9315000176429749,0.9315299987792969,0.9309800267219543,0.9314500093460083,0.0
2026-01-08 00:00:00+00:00,0.9314200282096863,0.9315199851989746,0.9308599829673767,0.9312899708747864,0.0
2026-01-08 00:15:00+00:00,0.9313099980354309,0.9314200282096863,0.9308599829673767,0.9313099980354309,0.0
2026-01-08 00:30:00+00:00,0.9312899708747864,0.9314000010490417,0.930840015411377,0.9312599897384644,0.0
2026-01-08 00:45:00+00:00,0.9312599897384644,0.931439995765686,0.9307799935340881,0.9312400221824646,0.0
2026-01-08 01:00:00+00:00,0.9312300086021423,0.9315500259399414,0.9308800101280212,0.9315400123596191,0.0
2026-01-08 01:15:00+00:00,0.9315099716186523,0.93163001537323,0.9310500025749207,0.9316099882125854,0.0
2026-01-08 01:30:00+00:00,0.9316099882125854,0.93163001537323,0.9309899806976318,0.9314500093460083,0.0
2026-01-08 01:45:00+00:00,0.9314600229263306,0.9315000176429749,0.930899977684021,0.9313799738883972,0.0
2026-01-08 02:00:00+00:00,0.9313799738883972,0.9315000176429749,0.9308599829673767,0.9312999844551086,0.0
2026-01-08 02:15:00+00:00,0.9312999844551086,0.9315000176429749,0.9309099912643433,0.9313899874687195,0.0
2026-01-08 02:30:00+00:00,0.9313899874687195,0.9315099716186523,0.9309499859809875,0.9314000010490417,0.0
2026-01-08 02:45:00+00:00,0.931410014629364,0.9315000176429749,0.9308800101280212,0.9313600063323975,0.0
2026-01-08 03:00:00+00:00,0.9313399791717529,0.9314000010490417,0.9307399988174438,0.9312099814414978,0.0
2026-01-08 03:15:00+00:00,0.9312199950218201,0.9312999844551086,0.9306600093841553,0.9311299920082092,0.0
2026-01-08 03:30:00+00:00,0.9311400055885315,0.9312099814414978,0.9307100176811218,0.931119978427887,0.0
2026-01-08 03:45:00+00:00,0.931119978427887,0.9312199950218201,0.9306600093841553,0.9311299920082092,0.0
2026-01-08 04:00:00+00:00,0.9311500191688538,0.9312999844551086,0.9307000041007996,0.9312400221824646,0.0
2026-01-08 04:15:00+00:00,0.9312499761581421,0.9313399791717529,0.9307900071144104,0.9312800168991089,0.0
2026-01-08 04:30:00+00:00,0.9312599897384644,0.9312999844551086,0.9307500123977661,0.931190013885498,0.0
2026-01-08 04:45:00+00:00,0.931190013885498,0.9312999844551086,0.9307399988174438,0.9312099814414978,0.0
2026-01-08 05:00:00+00:00,0.9312199950218201,0.9312999844551086,0.9307699799537659,0.9312599897384644,0.0
2026-01-08 05:15:00+00:00,0.9312499761581421,0.9312999844551086,0.9307600259780884,0.9312099814414978,0.0
2026-01-08 05:30:00+00:00,0.9312199950218201,0.9313099980354309,0.9307100176811218,0.9311400055885315,0.0
2026-01-08 05:45:00+00:00,0.9311599731445312,0.9313300251960754,0.9307000041007996,0.9313300251960754,0.0
2026-01-08 06:00:00+00:00,0.9313099980354309,0.9313099980354309,0.9306300282478333,0.9309999942779541,0.0
2026-01-08 06:15:00+00:00,0.9309999942779541,0.9310100078582764,0.9303100109100342,0.9307299852371216,0.0
2026-01-08 06:30:00+00:00,0.9307199716567993,0.9310200214385986,0.9303799867630005,0.9309399724006653,0.0
2026-01-08 06:45:00+00:00,0.9309599995613098,0.9312400221824646,0.9304900169372559,0.9311299920082092,0.0
2026-01-08 07:00:00+00:00,0.931119978427887,0.9314000010490417,0.9305599927902222,0.9312899708747864,0.0
2026-01-08 07:15:00+00:00,0.9312899708747864,0.9315800070762634,0.9308199882507324,0.9312099814414978,0.0
2026-01-08 07:30:00+00:00,0.9312099814414978,0.9315999746322632,0.9306100010871887,0.9313899874687195,0.0
2026-01-08 07:45:00+00:00,0.9313700199127197,0.9315999746322632,0.9307299852371216,0.9311400055885315,0.0
2026-01-08 08:00:00+00:00,0.9312000274658203,0.931410014629364,0.9306700229644775,0.9313700199127197,0.0
2026-01-08 08:15:00+00:00,0.9313499927520752,0.9315199851989746,0.9308599829673767,0.9313300251960754,0.0
2026-01-08 08:30:00+00:00,0.9313399791717529,0.9317600131034851,0.9308500289916992,0.9316499829292297,0.0
2026-01-08 08:45:00+00:00,0.9316400289535522,0.9316499829292297,0.9308900237083435,0.9315599799156189,0.0
2026-01-08 09:00:00+00:00,0.9315500259399414,0.9319000244140625,0.9311299920082092,0.9318299889564514,0.0
2026-01-08 09:15:00+00:00,0.9318600296974182,0.9319000244140625,0.9312199950218201,0.9316700100898743,0.0
2026-01-08 09:30:00+00:00,0.9316800236701965,0.9317299723625183,0.9310200214385986,0.9313799738883972,0.0
2026-01-08 09:45:00+00:00,0.9313399791717529,0.9315000176429749,0.9306600093841553,0.9311599731445312,0.0
2026-01-08 10:00:00+00:00,0.9311599731445312,0.9315999746322632,0.9307000041007996,0.9311299920082092,0.0
2026-01-08 10:15:00+00:00,0.931119978427887,0.9313399791717529,0.9304800033569336,0.9309300184249878,0.0
2026-01-08 10:30:00+00:00,0.9309200048446655,0.9309999942779541,0.9302300214767456,0.9307100176811218,0.0
2026-01-08 10:45:00+00:00,0.9307100176811218,0.9309499859809875,0.9302399754524231,0.9306700229644775,0.0
2026-01-08 11:00:00+00:00,0.9306700229644775,0.930840015411377,0.9302600026130676,0.9308000206947327,0.0
2026-01-08 11:15:00+00:00,0.9307699799537659,0.9311000108718872,0.9303299784660339,0.9309499859809875,0.0
2026-01-08 11:30:00+00:00,0.9309300184249878,0.9310500025749207,0.9304100275039673,0.9309200048446655,0.0
2026-01-08 11:45:00+00:00,0.9309300184249878,0.9309999942779541,0.9303699731826782,0.9308199882507324,0.0
2026-01-08 12:00:00+00:00,0.9308099746704102,0.9310299754142761,0.9303699731826782,0.9309099912643433,0.0
2026-01-08 12:15:00+00:00,0.9309099912643433,0.9312099814414978,0.9304599761962891,0.9310799837112427,0.0
2026-01-08 12:30:00+00:00,0.9310899972915649,0.9312000274658203,0.9305199980735779,0.9310600161552429,0.0
2026-01-08 12:45:00+00:00,0.9310600161552429,0.9312999844551086,0.9305800199508667,0.9312400221824646,0.0
2026-01-08 13:00:00+00:00,0.9312599897384644,0.9313200116157532,0.930679976940155,0.9311500191688538,0.0
2026-01-08 13:15:00+00:00,0.9311500191688538,0.9312099814414978,0.9304199814796448,0.9308900237083435,0.0
2026-01-08 13:30:00+00:00,0.930840015411377,0.9311500191688538,0.930429995059967,0.9309300184249878,0.0
2026-01-08 13:45:00+00:00,0.9309300184249878,0.9310200214385986,0.9302700161933899,0.9309200048446655,0.0
2026-01-08 14:00:00+00:00,0.9309300184249878,0.9311500191688538,0.930400013923645,0.931119978427887,0.0
2026-01-08 14:15:00+00:00,0.9311000108718872,0.9312999844551086,0.9305400252342224,0.9310500025749207,0.0
2026-01-08 14:30:00+00:00,0.9310899972915649,0.9314000010490417,0.9307799935340881,0.9312700033187866,0.0
2026-01-08 14:45:00+00:00,0.9312599897384644,0.9312999844551086,0.9304100275039673,0.9308300018310547,0.0
2026-01-08 15:00:00+00:00,0.9308599829673767,0.9312000274658203,0.9304900169372559,0.9310799837112427,0.0
2026-01-08 15:15:00+00:00,0.9310600161552429,0.9311299920082092,0.9304400086402893,0.9310200214385986,0.0
2026-01-08 15:30:00+00:00,0.9310200214385986,0.9315000176429749,0.9305300116539001,0.9312700033187866,0.0
2026-01-08 15:45:00+00:00,0.9312499761581421,0.9317299723625183,0.9305800199508667,0.9316999912261963,0.0
2026-01-08 16:00:00+00:00,0.9317200183868408,0.9319199919700623,0.9311400055885315,0.9318699836730957,0.0
2026-01-08 16:15:00+00:00,0.9318299889564514,0.9319300055503845,0.9311699867248535,0.931659996509552,0.0
2026-01-08 16:30:00+00:00,0.9316200017929077,0.9317200183868408,0.9309599995613098,0.9314799904823303,0.0
2026-01-08 16:45:00+00:00,0.9314900040626526,0.931659996509552,0.9310100078582764,0.9315299987792969,0.0
2026-01-08 17:00:00+00:00,0.9315099716186523,0.9315699934959412,0.9308300018310547,0.9312400221824646,0.0
2026-01-08 17:15:00+00:00,0.9312400221824646,0.9315099716186523,0.9307900071144104,0.9314799904823303,0.0
2026-01-08 17:30:00+00:00,0.9314699769020081,0.9315099716186523,0.930869996547699,0.9313499927520752,0.0
2026-01-08 17:45:00+00:00,0.9313499927520752,0.9314299821853638,0.9308599829673767,0.9314000010490417,0.0
2026-01-08 18:00:00+00:00,0.9314000010490417,0.9315099716186523,0.9308099746704102,0.9312800168991089,0.0
2026-01-08 18:15:00+00:00,0.9312999844551086,0.9314000010490417,0.9307399988174438,0.9312800168991089,0.0
2026-01-08 18:30:00+00:00,0.9312599897384644,0.931439995765686,0.9308300018310547,0.9313799738883972,0.0
2026-01-08 18:45:00+00:00,0.9313600063323975,0.9315999746322632,0.9309200048446655,0.9314299821853638,0.0
2026-01-08 19:00:00+00:00,0.931410014629364,0.9315000176429749,0.9308599829673767,0.931410014629364,0.0
2026-01-08 19:15:00+00:00,0.9314299821853638,0.9315000176429749,0.9309300184249878,0.9313499927520752,0.0
2026-01-08 19:30:00+00:00,0.9313700199127197,0.9315000176429749,0.930869996547699,0.9314000010490417,0.0
2026-01-08 19:45:00+00:00,0.9314000010490417,0.9315000176429749,0.9309099912643433,0.9313700199127197,0.0
2026-01-08 20:00:00+00:00,0.9313600063323975,0.931439995765686,0.930869996547699,0.9313399791717529,0.0
2026-01-08 20:15:00+00:00,0.9313200116157532,0.9315000176429749,0.930869996547699,0.9313499927520752,0.0
2026-01-08 20:30:00+00:00,0.9313200116157532,0.9315199851989746,0.9308900237083435,0.9313899874687195,0.0
2026-01-08 20:45:00+00:00,0.9313899874687195,0.9315500259399414,0.9309399724006653,0.9315299987792969,0.0
2026-01-08 21:00:00+00:00,0.9315400123596191,0.9315400123596191,0.9308800101280212,0.9313399791717529,0.0
2026-01-08 21:15:00+00:00,0.9313399791717529,0.931439995765686,0.930899977684021,0.9313899874687195,0.0
2026-01-08 21:30:00+00:00,0.9313600063323975,0.9315199851989746,0.9309399724006653,0.931410014629364,0.0
2026-01-08 21:45:00+00:00,0.9313899874687195,0.9315299987792969,0.9308300018310547,0.9312800168991089,0.0
2026-01-08 22:00:00+00:00,0.931439995765686,0.931439995765686,0.9304599761962891,0.9312099814414978,0.0
2026-01-08 22:15:00+00:00,0.9310799837112427,0.9315000176429749,0.9302899837493896,0.9307500123977661,0.0
2026-01-08 22:30:00+00:00,0.9311800003051758,0.9313700199127197,0.9305400252342224,0.9311000108718872,0.0
2026-01-08 22:45:00+00:00,0.9311100244522095,0.9314600229263306,0.930620014667511,0.9309399724006653,0.0
2026-01-08 23:00:00+00:00,0.9312599897384644,0.9315500259399414,0.9308000206947327,0.9314600229263306,0.0
2026-01-08 23:15:00+00:00,0.9315000176429749,0.9315999746322632,0.9309700131416321,0.9313899874687195,0.0
2026-01-08 23:30:00+00:00,0.9314000010490417,0.9315000176429749,0.9309999942779541,0.931439995765686,0.0
2026-01-08 23:45:00+00:00,0.9314299821853638,0.9315000176429749,0.9309899806976318,0.9314500093460083,0.0
2026-01-09 00:00:00+00:00,0.931439995765686,0.9315999746322632,0.9309200048446655,0.9314900040626526,0.0
2026-01-09 00:15:00+00:00,0.9314900040626526,0.9315999746322632,0.9310100078582764,0.9310399889945984,0.0
2026-01-09 00:30:00+00:00,0.9314900040626526,0.9315999746322632,0.9309300184249878,0.9314699769020081,0.0
2026-01-09 00:45:00+00:00,0.9314500093460083,0.9315999746322632,0.9309200048446655,0.9313499927520752,0.0
2026-01-09 01:00:00+00:00,0.9313499927520752,0.9315999746322632,0.9309599995613098,0.9315199851989746,0.0
2026-01-09 01:15:00+00:00,0.9315199851989746,0.9316999912261963,0.9311000108718872,0.9315900206565857,0.0
2026-01-09 01:30:00+00:00,0.9315999746322632,0.9316999912261963,0.9310299754142761,0.9315099716186523,0.0
2026-01-09 01:45:00+00:00,0.9315099716186523,0.9319999814033508,0.9310200214385986,0.9317100048065186,0.0
2026-01-09 02:00:00+00:00,0.9317100048065186,0.9318600296974182,0.9312999844551086,0.931689977645874,0.0
2026-01-09 02:15:00+00:00,0.931689977645874,0.9319400191307068,0.931190013885498,0.9318900108337402,0.0
2026-01-09 02:30:00+00:00,0.9318900108337402,0.9319499731063843,0.9312700033187866,0.9316999912261963,0.0
2026-01-09 02:45:00+00:00,0.9316700100898743,0.9316999912261963,0.9311000108718872,0.9315199851989746,0.0
2026-01-09 03:00:00+00:00,0.9315299987792969,0.93190997838974,0.9311400055885315,0.9318400025367737,0.0
2026-01-09 03:15:00+00:00,0.9318400025367737,0.9319999814033508,0.9313200116157532,0.9317600131034851,0.0
2026-01-09 03:30:00+00:00,0.9317600131034851,0.9319000244140625,0.9312700033187866,0.9317799806594849,0.0
2026-01-09 03:45:00+00:00,0.9317799806594849,0.9319400191307068,0.9313200116157532,0.9318900108337402,0.0
2026-01-09 04:00:00+00:00,0.9318900108337402,0.9319999814033508,0.9314699769020081,0.9319000244140625,0.0
2026-01-09 04:15:00+00:00,0.9319000244140625,0.9319300055503845,0.9313899874687195,0.9318400025367737,0.0
2026-01-09 04:30:00+00:00,0.9319000244140625,0.9319499731063843,0.9313700199127197,0.9318900108337402,0.0
2026-01-09 04:45:00+00:00,0.9319000244140625,0.9319300055503845,0.9313700199127197,0.9318000078201294,0.0
2026-01-09 05:00:00+00:00,0.9318000078201294,0.9319199919700623,0.9313700199127197,0.9318000078201294,0.0
2026-01-09 05:15:00+00:00,0.9318000078201294,0.9319300055503845,0.9313700199127197,0.9318199753761292,0.0
2026-01-09 05:30:00+00:00,0.9318000078201294,0.9319999814033508,0.9313099980354309,0.9318000078201294,0.0
2026-01-09 05:45:00+00:00,0.9317799806594849,0.9319000244140625,0.9313099980354309,0.9317399859428406,0.0
2026-01-09 06:00:00+00:00,0.9317399859428406,0.9319000244140625,0.9312199950218201,0.931659996509552,0.0
2026-01-09 06:15:00+00:00,0.931659996509552,0.9317100048065186,0.9311699867248535,0.9316499829292297,0.0
2026-01-09 06:30:00+00:00,0.9316499829292297,0.9316999912261963,0.9310799837112427,0.9315000176429749,0.0
2026-01-09 06:45:00+00:00,0.9314600229263306,0.9316999912261963,0.9310399889945984,0.9315500259399414,0.0
2026-01-09 07:00:00+00:00,0.9315500259399414,0.9317399859428406,0.9311000108718872,0.9314600229263306,0.0
2026-01-09 07:15:00+00:00,0.9314600229263306,0.9318400025367737,0.9310899972915649,0.9315900206565857,0.0
2026-01-09 07:30:00+00:00,0.9315800070762634,0.9317200183868408,0.9309899806976318,0.931689977645874,0.0
2026-01-09 07:45:00+00:00,0.9316800236701965,0.9318000078201294,0.9311000108718872,0.9315999746322632,0.0
2026-01-09 08:00:00+00:00,0.9315599799156189,0.9316800236701965,0.9310100078582764,0.9315500259399414,0.0
2026-01-09 08:15:00+00:00,0.9315299987792969,0.9317299723625183,0.9308099746704102,0.9315199851989746,0.0
2026-01-09 08:30:00+00:00,0.9315099716186523,0.9315999746322632,0.9309099912643433,0.9315400123596191,0.0
2026-01-09 08:45:00+00:00,0.9315199851989746,0.9319000244140625,0.9311800003051758,0.9316700100898743,0.0
2026-01-09 09:00:00+00:00,0.9316700100898743,0.9316999912261963,0.9307600259780884,0.9312300086021423,0.0
2026-01-09 09:15:00+00:00,0.9312599897384644,0.9314299821853638,0.9307900071144104,0.9313499927520752,0.0
2026-01-09 09:30:00+00:00,0.9313499927520752,0.9315999746322632,0.9309999942779541,0.9314900040626526,0.0
2026-01-09 09:45:00+00:00,0.9314900040626526,0.9316999912261963,0.9309800267219543,0.9315000176429749,0.0
2026-01-09 10:00:00+00:00,0.931410014629364,0.9315999746322632,0.9309899806976318,0.9315099716186523,0.0
2026-01-09 10:15:00+00:00,0.9315000176429749,0.9315999746322632,0.9309499859809875,0.9314799904823303,0.0
2026-01-09 10:30:00+00:00,0.9314799904823303,0.9317100048065186,0.930869996547699,0.9313499927520752,0.0
2026-01-09 10:45:00+00:00,0.9313300251960754,0.9314000010490417,0.9307500123977661,0.9312000274658203,0.0
2026-01-09 11:00:00+00:00,0.9312099814414978,0.9315400123596191,0.9309099912643433,0.9314900040626526,0.0
2026-01-09 11:15:00+00:00,0.9314900040626526,0.9315199851989746,0.930869996547699,0.9313499927520752,0.0
2026-01-09 11:30:00+00:00,0.9313099980354309,0.9315299987792969,0.9308300018310547,0.9313899874687195,0.0
2026-01-09 11:45:00+00:00,0.9313799738883972,0.9315000176429749,0.9307500123977661,0.9313799738883972,0.0
2026-01-09 12:00:00+00:00,0.9313799738883972,0.9315000176429749,0.9307199716567993,0.9313300251960754,0.0
2026-01-09 12:15:00+00:00,0.9312999844551086,0.9315400123596191,0.9308300018310547,0.9314799904823303,0.0
2026-01-09 12:30:00+00:00,0.9314799904823303,0.9316099882125854,0.9310200214385986,0.9314900040626526,0.0
2026-01-09 12:45:00+00:00,0.9314900040626526,0.9315999746322632,0.9309300184249878,0.9315199851989746,0.0
2026-01-09 13:00:00+00:00,0.9315199851989746,0.9315800070762634,0.9306300282478333,0.9310600161552429,0.0
2026-01-09 13:15:00+00:00,0.9310399889945984,0.9313200116157532,0.930620014667511,0.9310500025749207,0.0
2026-01-09 13:30:00+00:00,0.930840015411377,0.9316200017929077,0.9306300282478333,0.9311100244522095,0.0
2026-01-09 13:45:00+00:00,0.9310799837112427,0.9313899874687195,0.9306399822235107,0.9312199950218201,0.0
2026-01-09 14:00:00+00:00,0.9312099814414978,0.931439995765686,0.9306100010871887,0.9313099980354309,0.0
2026-01-09 14:15:00+00:00,0.9313099980354309,0.9318900108337402,0.930899977684021,0.9317600131034851,0.0
2026-01-09 14:30:00+00:00,0.9318000078201294,0.9318699836730957,0.9309099912643433,0.9315999746322632,0.0
2026-01-09 14:45:00+00:00,0.9316099882125854,0.9320999979972839,0.9311299920082092,0.9315400123596191,0.0
2026-01-09 15:00:00+00:00,0.9318299889564514,0.9323899745941162,0.9312300086021423,0.9318199753761292,0.0
2026-01-09 15:15:00+00:00,0.9318400025367737,0.9319300055503845,0.9309499859809875,0.9314699769020081,0.0
2026-01-09 15:30:00+00:00,0.9314900040626526,0.9321900010108948,0.9310600161552429,0.932129979133606,0.0
2026-01-09 15:45:00+00:00,0.932129979133606,0.9325000047683716,0.9315599799156189,0.9324300289154053,0.0
2026-01-09 16:00:00+00:00,0.9324300289154053,0.9326000213623047,0.9315699934959412,0.9321399927139282,0.0
2026-01-09 16:15:00+00:00,0.9321399927139282,0.9322999715805054,0.9315999746322632,0.932200014591217,0.0
2026-01-09 16:30:00+00:00,0.9321900010108948,0.9322400093078613,0.9315400123596191,0.9319499731063843,0.0
2026-01-09 16:45:00+00:00,0.9319499731063843,0.9322199821472168,0.9315000176429749,0.9320300221443176,0.0
2026-01-09 17:00:00+00:00,0.9320200085639954,0.932200014591217,0.9315199851989746,0.9319700002670288,0.0
2026-01-09 17:15:00+00:00,0.9319999814033508,0.9320999979972839,0.9314299821853638,0.9320999979972839,0.0
2026-01-09 17:30:00+00:00,0.9320899844169617,0.9322299957275391,0.9315500259399414,0.9322100281715393,0.0
2026-01-09 17:45:00+00:00,0.932200014591217,0.9322299957275391,0.9316400289535522,0.9321600198745728,0.0
2026-01-09 18:00:00+00:00,0.9321799874305725,0.9323199987411499,0.9317100048065186,0.9322699904441833,0.0
2026-01-09 18:15:00+00:00,0.9322599768638611,0.9322999715805054,0.9317100048065186,0.9321799874305725,0.0
2026-01-09 18:30:00+00:00,0.9321900010108948,0.9322500228881836,0.93163001537323,0.9320899844169617,0.0
2026-01-09 18:45:00+00:00,0.9320899844169617,0.9322999715805054,0.931659996509552,0.9322100281715393,0.0
2026-01-09 19:00:00+00:00,0.9322400093078613,0.9322999715805054,0.93163001537323,0.932129979133606,0.0
2026-01-09 19:15:00+00:00,0.9321200251579285,0.932200014591217,0.9315500259399414,0.9319999814033508,0.0
2026-01-09 19:30:00+00:00,0.9320099949836731,0.9321399927139282,0.9315800070762634,0.9320899844169617,0.0
2026-01-09 19:45:00+00:00,0.9320700168609619,0.9321200251579285,0.9314600229263306,0.9319000244140625,0.0
2026-01-09 20:00:00+00:00,0.931879997253418,0.93190997838974,0.9313700199127197,0.9318299889564514,0.0
2026-01-09 20:15:00+00:00,0.9318600296974182,0.9319199919700623,0.9313300251960754,0.9317600131034851,0.0
2026-01-09 20:30:00+00:00,0.9317600131034851,0.9318000078201294,0.9312099814414978,0.9316700100898743,0.0
2026-01-09 20:45:00+00:00,0.9316800236701965,0.9318000078201294,0.931190013885498,0.9316200017929077,0.0
2026-01-09 21:00:00+00:00,0.9316099882125854,0.9317299723625183,0.9311500191688538,0.9315900206565857,0.0
2026-01-09 21:15:00+00:00,0.9315900206565857,0.9317499995231628,0.9311800003051758,0.93163001537323,0.0
2026-01-09 21:30:00+00:00,0.9316800236701965,0.9318000078201294,0.9312000274658203,0.9317100048065186,0.0
2026-01-09 21:45:00+00:00,0.9317100048065186,0.9321100115776062,0.9312700033187866,0.9316700100898743,0.0
2026-01-09 22:00:00+00:00,0.9319599866867065,0.9319599866867065,0.9319599866867065,0.9319599866867065,0.0
2026-01-09 22:15:00+00:00,0.9319599866867065,0.9319599866867065,0.9319599866867065,0.9319599866867065,0.0
2026-01-12 00:00:00+00:00,0.9317899942398071,0.9319000244140625,0.9308300018310547,0.9312499761581421,0.0
2026-01-12 00:15:00+00:00,0.9312499761581421,0.9314200282096863,0.930620014667511,0.931190013885498,0.0
2026-01-12 00:30:00+00:00,0.931190013885498,0.9312599897384644,0.9301000237464905,0.930620014667511,0.0
2026-01-12 00:45:00+00:00,0.930620014667511,0.9308099746704102,0.9299100041389465,0.9302099943161011,0.0
2026-01-12 01:00:00+00:00,0.9301900267601013,0.930649995803833,0.9297900199890137,0.9305800199508667,0.0
2026-01-12 01:15:00+00:00,0.9305499792098999,0.930649995803833,0.9300000071525574,0.9304500222206116,0.0
2026-01-12 01:30:00+00:00,0.9304100275039673,0.9304999709129333,0.9298400282859802,0.9303900003433228,0.0
2026-01-12 01:45:00+00:00,0.9303900003433228,0.9307600259780884,0.9299100041389465,0.9306399822235107,0.0
2026-01-12 02:00:00+00:00,0.9305999875068665,0.9308000206947327,0.9301900267601013,0.9307000041007996,0.0
2026-01-12 02:15:00+00:00,0.9306600093841553,0.9310399889945984,0.9303299784660339,0.9309999942779541,0.0
2026-01-12 02:30:00+00:00,0.9309999942779541,0.9313200116157532,0.9305899739265442,0.931190013885498,0.0
2026-01-12 02:45:00+00:00,0.9311699867248535,0.9313099980354309,0.9306100010871887,0.9312700033187866,0.0
2026-01-12 03:00:00+00:00,0.9312599897384644,0.9313200116157532,0.9306700229644775,0.931190013885498,0.0
2026-01-12 03:15:00+00:00,0.931190013885498,0.9312999844551086,0.9307299852371216,0.9312300086021423,0.0
2026-01-12 03:30:00+00:00,0.9312300086021423,0.9314000010490417,0.9308099746704102,0.9312499761581421,0.0
2026-01-12 03:45:00+00:00,0.9312300086021423,0.9313399791717529,0.930620014667511,0.9313200116157532,0.0
2026-01-12 04:00:00+00:00,0.9313099980354309,0.931410014629364,0.9308099746704102,0.9312499761581421,0.0
2026-01-12 04:15:00+00:00,0.9312599897384644,0.9314000010490417,0.9308099746704102,0.9312700033187866,0.0
2026-01-12 04:30:00+00:00,0.9312400221824646,0.9314000010490417,0.9307199716567993,0.9313200116157532,0.0
2026-01-12 04:45:00+00:00,0.9313200116157532,0.9315000176429749,0.930899977684021,0.9312000274658203,0.0
2026-01-12 05:00:00+00:00,0.9312199950218201,0.9315000176429749,0.9307299852371216,0.9312800168991089,0.0
2026-01-12 05:15:00+00:00,0.9312599897384644,0.9314000010490417,0.9308000206947327,0.9312800168991089,0.0
2026-01-12 05:30:00+00:00,0.9312800168991089,0.9313300251960754,0.9305899739265442,0.9310700297355652,0.0
2026-01-12 05:45:00+00:00,0.9310700297355652,0.9312000274658203,0.9305899739265442,0.9311500191688538,0.0
2026-01-12 06:00:00+00:00,0.9311500191688538,0.9312000274658203,0.9305700063705444,0.9310899972915649,0.0
2026-01-12 06:15:00+00:00,0.9310899972915649,0.9311299920082092,0.9305700063705444,0.9310600161552429,0.0
2026-01-12 06:30:00+00:00,0.9310600161552429,0.9313200116157532,0.9305499792098999,0.931190013885498,0.0
2026-01-12 06:45:00+00:00,0.931190013885498,0.9314000010490417,0.9305599927902222,0.9310399889945984,0.0
2026-01-12 07:00:00+00:00,0.9310399889945984,0.9311000108718872,0.9302700161933899,0.9307299852371216,0.0
2026-01-12 07:15:00+00:00,0.9307199716567993,0.9308099746704102,0.9300199747085571,0.9304900169372559,0.0
2026-01-12 07:30:00+00:00,0.9304900169372559,0.9305999875068665,0.9297400116920471,0.930180013179779,0.0
2026-01-12 07:45:00+00:00,0.930180013179779,0.9306700229644775,0.9297400116920471,0.9305999875068665,0.0
2026-01-12 08:00:00+00:00,0.9306100010871887,0.9307399988174438,0.9298999905586243,0.9306399822235107,0.0
2026-01-12 08:15:00+00:00,0.9306300282478333,0.9308000206947327,0.9299600124359131,0.9305499792098999,0.0
2026-01-12 08:30:00+00:00,0.9305499792098999,0.9306399822235107,0.929830014705658,0.9303900003433228,0.0
2026-01-12 08:45:00+00:00,0.9303900003433228,0.930620014667511,0.9297400116920471,0.9302499890327454,0.0
2026-01-12 09:00:00+00:00,0.9302499890327454,0.9306399822235107,0.9297099709510803,0.9306100010871887,0.0
2026-01-12 09:15:00+00:00,0.9306100010871887,0.9308599829673767,0.9301499724388123,0.9307299852371216,0.0
2026-01-12 09:30:00+00:00,0.9307199716567993,0.9309499859809875,0.9302899837493896,0.9307500123977661,0.0
2026-01-12 09:45:00+00:00,0.9307199716567993,0.9311599731445312,0.9302800297737122,0.9310700297355652,0.0
2026-01-12 10:00:00+00:00,0.9310600161552429,0.931439995765686,0.9304199814796448,0.9313799738883972,0.0
2026-01-12 10:15:00+00:00,0.9313799738883972,0.9316999912261963,0.9309200048446655,0.9314900040626526,0.0
2026-01-12 10:30:00+00:00,0.9315000176429749,0.9318000078201294,0.9309899806976318,0.9314200282096863,0.0
2026-01-12 10:45:00+00:00,0.9315000176429749,0.9315000176429749,0.930679976940155,0.9312899708747864,0.0
2026-01-12 11:00:00+00:00,0.9312700033187866,0.9315000176429749,0.9307799935340881,0.9312700033187866,0.0
2026-01-12 11:15:00+00:00,0.9312599897384644,0.9314600229263306,0.9307799935340881,0.9312599897384644,0.0
2026-01-12 11:30:00+00:00,0.9312599897384644,0.9313499927520752,0.9307699799537659,0.9312000274658203,0.0
2026-01-12 11:45:00+00:00,0.9312099814414978,0.9316400289535522,0.9307900071144104,0.9315000176429749,0.0
2026-01-12 12:00:00+00:00,0.9315099716186523,0.931850016117096,0.9310600161552429,0.9317200183868408,0.0
2026-01-12 12:15:00+00:00,0.9317299723625183,0.9318100214004517,0.9311400055885315,0.9317399859428406,0.0
2026-01-12 12:30:00+00:00,0.9317100048065186,0.9318000078201294,0.9310700297355652,0.9315900206565857,0.0
2026-01-12 12:45:00+00:00,0.93163001537323,0.931850016117096,0.9310799837112427,0.9314799904823303,0.0
2026-01-12 13:00:00+00:00,0.9314900040626526,0.9315999746322632,0.9307399988174438,0.9312499761581421,0.0
2026-01-12 13:15:00+00:00,0.9312300086021423,0.9313099980354309,0.9305899739265442,0.9312000274658203,0.0
2026-01-12 13:30:00+00:00,0.9311699867248535,0.9312300086021423,0.9305999875068665,0.9311000108718872,0.0
2026-01-12 13:45:00+00:00,0.9310899972915649,0.9312099814414978,0.9302899837493896,0.9311400055885315,0.0
2026-01-12 14:00:00+00:00,0.9311299920082092,0.9313499927520752,0.9304500222206116,0.930869996547699,0.0
2026-01-12 14:15:00+00:00,0.930869996547699,0.9312999844551086,0.9304199814796448,0.9312499761581421,0.0
2026-01-12 14:30:00+00:00,0.9312000274658203,0.9315000176429749,0.9307299852371216,0.9313099980354309,0.0
2026-01-12 14:45:00+00:00,0.9314299821853638,0.9315000176429749,0.9304699897766113,0.9309200048446655,0.0
2026-01-12 15:00:00+00:00,0.9308900237083435,0.9309999942779541,0.9301300048828125,0.9306600093841553,0.0
2026-01-12 15:15:00+00:00,0.9306100010871887,0.9307000041007996,0.9299100041389465,0.9305300116539001,0.0
2026-01-12 15:30:00+00:00,0.9305099844932556,0.9306100010871887,0.9298700094223022,0.9302899837493896,0.0
2026-01-12 15:45:00+00:00,0.9302899837493896,0.9303299784660339,0.9292799830436707,0.9300500154495239,0.0
2026-01-12 16:00:00+00:00,0.9300600290298462,0.930400013923645,0.9294599890708923,0.9302499890327454,0.0
2026-01-12 16:15:00+00:00,0.9302399754524231,0.9302999973297119,0.9294400215148926,0.929889976978302,0.0
2026-01-12 16:30:00+00:00,0.9298700094223022,0.9300299882888794,0.9293400049209595,0.9299399852752686,0.0
2026-01-12 16:45:00+00:00,0.9299399852752686,0.9305099844932556,0.9295700192451477,0.9304400086402893,0.0
2026-01-12 17:00:00+00:00,0.9304199814796448,0.9305199980735779,0.9297999739646912,0.9303399920463562,0.0
2026-01-12 17:15:00+00:00,0.9303699731826782,0.9305999875068665,0.9298800230026245,0.9304599761962891,0.0
2026-01-12 17:30:00+00:00,0.9304800033569336,0.9305400252342224,0.929669976234436,0.9300900101661682,0.0
2026-01-12 17:45:00+00:00,0.9301000237464905,0.9301999807357788,0.9295799732208252,0.9300600290298462,0.0
2026-01-12 18:00:00+00:00,0.9300699830055237,0.9304999709129333,0.9296200275421143,0.9302999973297119,0.0
2026-01-12 18:15:00+00:00,0.9302899837493896,0.930400013923645,0.9298400282859802,0.9303399920463562,0.0
2026-01-12 18:30:00+00:00,0.9303399920463562,0.9304999709129333,0.929889976978302,0.9303799867630005,0.0
2026-01-12 18:45:00+00:00,0.9303799867630005,0.9304500222206116,0.9296900033950806,0.9300500154495239,0.0
2026-01-12 19:00:00+00:00,0.9301000237464905,0.9303500056266785,0.9295899868011475,0.9302999973297119,0.0
2026-01-12 19:15:00+00:00,0.9302800297737122,0.9303399920463562,0.9295600056648254,0.9301000237464905,0.0
2026-01-12 19:30:00+00:00,0.9301000237464905,0.9301999807357788,0.9296299815177917,0.9301400184631348,0.0
2026-01-12 19:45:00+00:00,0.9301400184631348,0.9302999973297119,0.9296500086784363,0.9302300214767456,0.0
2026-01-12 20:00:00+00:00,0.9302200078964233,0.9302999973297119,0.9296500086784363,0.930079996585846,0.0
2026-01-12 20:15:00+00:00,0.930079996585846,0.9303200244903564,0.9296299815177917,0.9302399754524231,0.0
2026-01-12 20:30:00+00:00,0.9302999973297119,0.9303299784660339,0.9297599792480469,0.9302499890327454,0.0
2026-01-12 20:45:00+00:00,0.9302399754524231,0.9305400252342224,0.9298099875450134,0.9304800033569336,0.0
2026-01-12 21:00:00+00:00,0.930429995059967,0.9307000041007996,0.9300400018692017,0.9305199980735779,0.0
2026-01-12 21:15:00+00:00,0.9305400252342224,0.9305999875068665,0.9299600124359131,0.9303799867630005,0.0
2026-01-12 21:30:00+00:00,0.9303799867630005,0.9305400252342224,0.9299200177192688,0.9305199980735779,0.0
2026-01-12 21:45:00+00:00,0.9304699897766113,0.9305400252342224,0.9291700124740601,0.9292700290679932,0.0
2026-01-12 22:00:00+00:00,0.9301699995994568,0.9302099943161011,0.9291099905967712,0.9300199747085571,0.0
2026-01-12 22:15:00+00:00,0.9301000237464905,0.9304400086402893,0.9297099709510803,0.9300199747085571,0.0
2026-01-12 22:30:00+00:00,0.9299799799919128,0.930400013923645,0.9298400282859802,0.9300199747085571,0.0
2026-01-12 22:45:00+00:00,0.9300000071525574,0.9303600192070007,0.9298099875450134,0.9299499988555908,0.0
2026-01-12 23:00:00+00:00,0.9301699995994568,0.930400013923645,0.9296200275421143,0.9302499890327454,0.0
2026-01-12 23:15:00+00:00,0.930180013179779,0.9304999709129333,0.9298400282859802,0.9303699731826782,0.0
2026-01-12 23:30:00+00:00,0.9303500056266785,0.9306100010871887,0.9299499988555908,0.9304800033569336,0.0
2026-01-12 23:45:00+00:00,0.9304599761962891,0.9305300116539001,0.9297999739646912,0.9302399754524231,0.0
2026-01-13 00:00:00+00:00,0.930180013179779,0.930400013923645,0.9297400116920471,0.9302999973297119,0.0
2026-01-13 00:15:00+00:00,0.9302800297737122,0.930400013923645,0.9298400282859802,0.9302600026130676,0.0
2026-01-13 00:30:00+00:00,0.9302600026130676,0.930400013923645,0.9298099875450134,0.9302700161933899,0.0
2026-01-13 00:45:00+00:00,0.9302999973297119,0.930400013923645,0.9297299981117249,0.9301599860191345,0.0
2026-01-13 01:00:00+00:00,0.9301499724388123,0.9302999973297119,0.9296200275421143,0.9300900101661682,0.0
2026-01-13 01:15:00+00:00,0.9300900101661682,0.9301999807357788,0.929639995098114,0.9301400184631348,0.0
2026-01-13 01:30:00+00:00,0.9301999807357788,0.9302200078964233,0.929669976234436,0.9301000237464905,0.0
2026-01-13 01:45:00+00:00,0.9301199913024902,0.9302300214767456,0.9296799898147583,0.9301999807357788,0.0
2026-01-13 02:00:00+00:00,0.9302200078964233,0.930400013923645,0.9297699928283691,0.9301900267601013,0.0
2026-01-13 02:15:00+00:00,0.9301999807357788,0.9302999973297119,0.9297099709510803,0.9301199913024902,0.0
2026-01-13 02:30:00+00:00,0.9300900101661682,0.9301999807357788,0.9295799732208252,0.9300299882888794,0.0
2026-01-13 02:45:00+00:00,0.9300299882888794,0.9301400184631348,0.9295799732208252,0.9299899935722351,0.0
2026-01-13 03:00:00+00:00,0.9299899935722351,0.9300000071525574,0.9294000267982483,0.9298700094223022,0.0
2026-01-13 03:15:00+00:00,0.929889976978302,0.9301000237464905,0.929419994354248,0.9299899935722351,0.0
2026-01-13 03:30:00+00:00,0.9300000071525574,0.9301000237464905,0.9294899702072144,0.9300299882888794,0.0
2026-01-13 03:45:00+00:00,0.9301000237464905,0.9301999807357788,0.9295499920845032,0.9301199913024902,0.0
2026-01-13 04:00:00+00:00,0.9301199913024902,0.9301999807357788,0.9295499920845032,0.9300400018692017,0.0
2026-01-13 04:15:00+00:00,0.9300299882888794,0.9301999807357788,0.9295799732208252,0.930079996585846,0.0
2026-01-13 04:30:00+00:00,0.9301000237464905,0.9301000237464905,0.9294599890708923,0.9299399852752686,0.0
2026-01-13 04:45:00+00:00,0.9299299716949463,0.9300100207328796,0.9294400215148926,0.9299200177192688,0.0
2026-01-13 05:00:00+00:00,0.9299100041389465,0.9299499988555908,0.9293100237846375,0.9297699928283691,0.0
2026-01-13 05:15:00+00:00,0.9297999739646912,0.9298099875450134,0.9291999936103821,0.9296900033950806,0.0
2026-01-13 05:30:00+00:00,0.9296900033950806,0.9298999905586243,0.9291399717330933,0.9297599792480469,0.0
2026-01-13 05:45:00+00:00,0.9297599792480469,0.9299399852752686,0.9293299913406372,0.9298099875450134,0.0
2026-01-13 06:00:00+00:00,0.9298200011253357,0.9298999905586243,0.9293100237846375,0.9297299981117249,0.0
2026-01-13 06:15:00+00:00,0.9297400116920471,0.9298999905586243,0.9293100237846375,0.929889976978302,0.0
2026-01-13 06:30:00+00:00,0.9298700094223022,0.9300000071525574,0.9293799996376038,0.9297999739646912,0.0
2026-01-13 06:45:00+00:00,0.9298099875450134,0.9300199747085571,0.9292899966239929,0.9299600124359131,0.0
2026-01-13 07:00:00+00:00,0.9299700260162354,0.930109977722168,0.9294700026512146,0.9299499988555908,0.0
2026-01-13 07:15:00+00:00,0.9299399852752686,0.9302999973297119,0.9295099973678589,0.9302200078964233,0.0
2026-01-13 07:30:00+00:00,0.9302300214767456,0.9302999973297119,0.9296000003814697,0.930079996585846,0.0
2026-01-13 07:45:00+00:00,0.930079996585846,0.9303100109100342,0.9296799898147583,0.9301400184631348,0.0
2026-01-13 08:00:00+00:00,0.9301499724388123,0.9301599860191345,0.9291800260543823,0.929889976978302,0.0
2026-01-13 08:15:00+00:00,0.9299200177192688,0.9301400184631348,0.929390013217926,0.9300100207328796,0.0
2026-01-13 08:30:00+00:00,0.9299700260162354,0.9303699731826782,0.9293400049209595,0.9303100109100342,0.0
2026-01-13 08:45:00+00:00,0.9303200244903564,0.9307600259780884,0.9297000169754028,0.930679976940155,0.0
2026-01-13 09:00:00+00:00,0.9306899905204773,0.9309200048446655,0.9301900267601013,0.9306899905204773,0.0
2026-01-13 09:15:00+00:00,0.9306899905204773,0.930899977684021,0.930109977722168,0.9308199882507324,0.0
2026-01-13 09:30:00+00:00,0.9308000206947327,0.9310399889945984,0.9303299784660339,0.9307699799537659,0.0
2026-01-13 09:45:00+00:00,0.9307500123977661,0.9310500025749207,0.9302399754524231,0.9310200214385986,0.0
2026-01-13 10:00:00+00:00,0.9310299754142761,0.9311100244522095,0.9304999709129333,0.9309499859809875,0.0
2026-01-13 10:15:00+00:00,0.9309499859809875,0.9314200282096863,0.9304699897766113,0.9313700199127197,0.0
2026-01-13 10:30:00+00:00,0.9313899874687195,0.9315400123596191,0.930840015411377,0.9314000010490417,0.0
2026-01-13 10:45:00+00:00,0.9314000010490417,0.9314699769020081,0.9307600259780884,0.9312899708747864,0.0
2026-01-13 11:00:00+00:00,0.9313200116157532,0.9314000010490417,0.9307600259780884,0.9312800168991089,0.0
2026-01-13 11:15:00+00:00,0.9312999844551086,0.9315000176429749,0.9308599829673767,0.9309999942779541,0.0
2026-01-13 11:30:00+00:00,0.931439995765686,0.9315999746322632,0.9309399724006653,0.9313899874687195,0.0
2026-01-13 11:45:00+00:00,0.9314000010490417,0.9315000176429749,0.9308800101280212,0.9314000010490417,0.0
2026-01-13 12:00:00+00:00,0.9314000010490417,0.9315000176429749,0.9308099746704102,0.9314600229263306,0.0
2026-01-13 12:15:00+00:00,0.931439995765686,0.9315500259399414,0.9309599995613098,0.931410014629364,0.0
2026-01-13 12:30:00+00:00,0.9314200282096863,0.9315500259399414,0.9308000206947327,0.9312199950218201,0.0
2026-01-13 12:45:00+00:00,0.9312300086021423,0.9314000010490417,0.930649995803833,0.9310799837112427,0.0
2026-01-13 13:00:00+00:00,0.9310799837112427,0.9312199950218201,0.9305300116539001,0.9311599731445312,0.0
2026-01-13 13:15:00+00:00,0.931119978427887,0.9313399791717529,0.9304100275039673,0.9309999942779541,0.0
2026-01-13 13:30:00+00:00,0.9308099746704102,0.9314600229263306,0.9304500222206116,0.9312000274658203,0.0
2026-01-13 13:45:00+00:00,0.9312300086021423,0.9315199851989746,0.930679976940155,0.9314500093460083,0.0
2026-01-13 14:00:00+00:00,0.9314500093460083,0.9315000176429749,0.9307799935340881,0.9312700033187866,0.0
2026-01-13 14:15:00+00:00,0.9312400221824646,0.9313099980354309,0.9305300116539001,0.9311500191688538,0.0
2026-01-13 14:30:00+00:00,0.9311400055885315,0.9318900108337402,0.930679976940155,0.9318000078201294,0.0
2026-01-13 14:45:00+00:00,0.9317899942398071,0.9318000078201294,0.9309499859809875,0.9314500093460083,0.0
2026-01-13 15:00:00+00:00,0.9314600229263306,0.9321200251579285,0.9310299754142761,0.9319599866867065,0.0
2026-01-13 15:15:00+00:00,0.9319599866867065,0.9320099949836731,0.9311500191688538,0.9317200183868408,0.0
2026-01-13 15:30:00+00:00,0.9317100048065186,0.9319999814033508,0.9312300086021423,0.9318000078201294,0.0
2026-01-13 15:45:00+00:00,0.9318199753761292,0.9320399761199951,0.9311599731445312,0.9319999814033508,0.0
2026-01-13 16:00:00+00:00,0.9319700002670288,0.9326500296592712,0.9314900040626526,0.9325199723243713,0.0
2026-01-13 16:15:00+00:00,0.9325100183486938,0.9328299760818481,0.931879997253418,0.932640016078949,0.0
2026-01-13 16:30:00+00:00,0.9326199889183044,0.932699978351593,0.9319499731063843,0.9325699806213379,0.0
2026-01-13 16:45:00+00:00,0.9325500130653381,0.9326099753379822,0.9318199753761292,0.9322500228881836,0.0
2026-01-13 17:00:00+00:00,0.9322199821472168,0.932699978351593,0.9316400289535522,0.9325900077819824,0.0
2026-01-13 17:15:00+00:00,0.9326199889183044,0.9329000115394592,0.9322299957275391,0.9327700138092041,0.0
2026-01-13 17:30:00+00:00,0.9327600002288818,0.9328200221061707,0.932129979133606,0.9325799942016602,0.0
2026-01-13 17:45:00+00:00,0.9325699806213379,0.9327300190925598,0.9320999979972839,0.9325900077819824,0.0
2026-01-13 18:00:00+00:00,0.9325699806213379,0.9327999949455261,0.9320899844169617,0.9326900243759155,0.0
2026-01-13 18:15:00+00:00,0.9327300190925598,0.9329000115394592,0.9321600198745728,0.9327200055122375,0.0
2026-01-13 18:30:00+00:00,0.9327200055122375,0.9327999949455261,0.9321100115776062,0.9325500130653381,0.0
2026-01-13 18:45:00+00:00,0.9325500130653381,0.9327999949455261,0.9320799708366394,0.932479977607727,0.0
2026-01-13 19:00:00+00:00,0.9324899911880493,0.9327399730682373,0.9320300221443176,0.9326300024986267,0.0
2026-01-13 19:15:00+00:00,0.9326300024986267,0.9327499866485596,0.9321699738502502,0.9326199889183044,0.0
2026-01-13 19:30:00+00:00,0.9326300024986267,0.9327600002288818,0.9321699738502502,0.9326599836349487,0.0
2026-01-13 19:45:00+00:00,0.9326599836349487,0.9327399730682373,0.932200014591217,0.9326300024986267,0.0
2026-01-13 20:00:00+00:00,0.9326599836349487,0.9327499866485596,0.9321799874305725,0.9326500296592712,0.0
2026-01-13 20:15:00+00:00,0.932640016078949,0.932699978351593,0.9320799708366394,0.9326300024986267,0.0
2026-01-13 20:30:00+00:00,0.9325900077819824,0.932640016078949,0.9320399761199951,0.9325000047683716,0.0
2026-01-13 20:45:00+00:00,0.9325100183486938,0.9326000213623047,0.9319999814033508,0.9325600266456604,0.0
2026-01-13 21:00:00+00:00,0.9325600266456604,0.9326000213623047,0.9320300221443176,0.9325299859046936,0.0
2026-01-13 21:15:00+00:00,0.9325000047683716,0.9326000213623047,0.9319400191307068,0.9323999881744385,0.0
2026-01-13 21:30:00+00:00,0.9323599934577942,0.9327200055122375,0.9319700002670288,0.9326199889183044,0.0
2026-01-13 21:45:00+00:00,0.9325699806213379,0.932699978351593,0.9318900108337402,0.9323599934577942,0.0
2026-01-13 22:00:00+00:00,0.9325900077819824,0.9326000213623047,0.9319199919700623,0.9323300123214722,0.0
2026-01-13 22:15:00+00:00,0.9325000047683716,0.9326000213623047,0.9317499995231628,0.9324300289154053,0.0
2026-01-13 22:30:00+00:00,0.9322299957275391,0.9326099753379822,0.9319900274276733,0.9323300123214722,0.0
2026-01-13 22:45:00+00:00,0.932479977607727,0.932699978351593,0.9320499897003174,0.9323400259017944,0.0
2026-01-13 23:00:00+00:00,0.9324700236320496,0.932699978351593,0.9320799708366394,0.9326500296592712,0.0
2026-01-13 23:15:00+00:00,0.9326000213623047,0.9327099919319153,0.932200014591217,0.9326500296592712,0.0
2026-01-13 23:30:00+00:00,0.9326500296592712,0.9327200055122375,0.9321600198745728,0.9326599836349487,0.0
2026-01-13 23:45:00+00:00,0.9326599836349487,0.9327200055122375,0.9321799874305725,0.9326599836349487,0.0
2026-01-14 00:00:00+00:00,0.932640016078949,0.9328100085258484,0.9322199821472168,0.932699978351593,0.0
2026-01-14 00:15:00+00:00,0.9327300190925598,0.9327399730682373,0.9321699738502502,0.9326300024986267,0.0
2026-01-14 00:30:00+00:00,0.9326300024986267,0.9329000115394592,0.932200014591217,0.9328399896621704,0.0
2026-01-14 00:45:00+00:00,0.9328500032424927,0.9329500198364258,0.9323499798774719,0.932889997959137,0.0
2026-01-14 01:00:00+00:00,0.932889997959137,0.9329400062561035,0.9323300123214722,0.9327600002288818,0.0
2026-01-14 01:15:00+00:00,0.9327399730682373,0.9329000115394592,0.9323300123214722,0.9328500032424927,0.0
2026-01-14 01:30:00+00:00,0.9324100017547607,0.9330000281333923,0.9324100017547607,0.9328299760818481,0.0
2026-01-14 01:45:00+00:00,0.9328600168228149,0.9330000281333923,0.9324100017547607,0.932919979095459,0.0
2026-01-14 02:00:00+00:00,0.9328699707984924,0.9330000281333923,0.9323999881744385,0.9328799843788147,0.0
2026-01-14 02:15:00+00:00,0.9328699707984924,0.9330000281333923,0.9324399828910828,0.9328799843788147,0.0
2026-01-14 02:30:00+00:00,0.9328799843788147,0.9330999851226807,0.9324300289154053,0.9330499768257141,0.0
2026-01-14 02:45:00+00:00,0.9330300092697144,0.9330999851226807,0.9324300289154053,0.9329800009727478,0.0
2026-01-14 03:00:00+00:00,0.9329800009727478,0.9330999851226807,0.9324899911880493,0.9330199956893921,0.0
2026-01-14 03:15:00+00:00,0.9329900145530701,0.9330999851226807,0.9322699904441833,0.9327200055122375,0.0
2026-01-14 03:30:00+00:00,0.9327200055122375,0.9327999949455261,0.9321200251579285,0.9325900077819824,0.0
2026-01-14 03:45:00+00:00,0.9325900077819824,0.9327499866485596,0.9321100115776062,0.932699978351593,0.0
2026-01-14 04:00:00+00:00,0.932699978351593,0.9328100085258484,0.9322599768638611,0.9327399730682373,0.0
2026-01-14 04:15:00+00:00,0.9327600002288818,0.9329000115394592,0.9322900176048279,0.9328600168228149,0.0
2026-01-14 04:30:00+00:00,0.9328600168228149,0.9330000281333923,0.9324300289154053,0.9329500198364258,0.0
2026-01-14 04:45:00+00:00,0.9329100251197815,0.9330999851226807,0.9324899911880493,0.9330099821090698,0.0
2026-01-14 05:00:00+00:00,0.9325900077819824,0.9330999851226807,0.9325900077819824,0.9330599904060364,0.0
2026-01-14 05:15:00+00:00,0.9330599904060364,0.9331200122833252,0.9326300024986267,0.9330499768257141,0.0
2026-01-14 05:30:00+00:00,0.9330800175666809,0.9330999851226807,0.9325199723243713,0.9329400062561035,0.0
2026-01-14 05:45:00+00:00,0.9329299926757812,0.9330099821090698,0.9323800206184387,0.932919979095459,0.0
2026-01-14 06:00:00+00:00,0.932919979095459,0.9330999851226807,0.932420015335083,0.9329599738121033,0.0
2026-01-14 06:15:00+00:00,0.9329299926757812,0.9330000281333923,0.932420015335083,0.9329500198364258,0.0
2026-01-14 06:30:00+00:00,0.9329400062561035,0.9330000281333923,0.9324300289154053,0.9329000115394592,0.0
2026-01-14 06:45:00+00:00,0.9329000115394592,0.9330000281333923,0.9323300123214722,0.9328200221061707,0.0
2026-01-14 07:00:00+00:00,0.9328100085258484,0.9329299926757812,0.9322400093078613,0.9327499866485596,0.0
2026-01-14 07:15:00+00:00,0.9327399730682373,0.9328799843788147,0.9321900010108948,0.9327300190925598,0.0
2026-01-14 07:30:00+00:00,0.932699978351593,0.9329000115394592,0.9322500228881836,0.9328299760818481,0.0
2026-01-14 07:45:00+00:00,0.9328299760818481,0.9330000281333923,0.9322699904441833,0.932919979095459,0.0
2026-01-14 08:00:00+00:00,0.9329299926757812,0.9330499768257141,0.9323999881744385,0.9330300092697144,0.0
2026-01-14 08:15:00+00:00,0.9330499768257141,0.9333299994468689,0.9325299859046936,0.9327700138092041,0.0
2026-01-14 08:30:00+00:00,0.9332000017166138,0.9346100091934204,0.9329400062561035,0.9344900250434875,0.0
2026-01-14 08:45:00+00:00,0.9344300031661987,0.9345099925994873,0.933709979057312,0.9342600107192993,0.0
2026-01-14 09:00:00+00:00,0.9342399835586548,0.9344000220298767,0.9336199760437012,0.9342899918556213,0.0
2026-01-14 09:15:00+00:00,0.9342700242996216,0.9349499940872192,0.9338300228118896,0.9348700046539307,0.0
2026-01-14 09:30:00+00:00,0.9348899722099304,0.934939980506897,0.9338700175285339,0.9343799948692322,0.0
2026-01-14 09:45:00+00:00,0.9343799948692322,0.934499979019165,0.9337199926376343,0.9344199895858765,0.0
2026-01-14 10:00:00+00:00,0.9344300031661987,0.9347000122070312,0.933899998664856,0.9343100190162659,0.0
2026-01-14 10:15:00+00:00,0.9343000054359436,0.9343299865722656,0.9331899881362915,0.9335700273513794,0.0
2026-01-14 10:30:00+00:00,0.9335399866104126,0.9337199926376343,0.932699978351593,0.9333299994468689,0.0
2026-01-14 10:45:00+00:00,0.9333299994468689,0.9336699843406677,0.9327499866485596,0.9335200190544128,0.0
2026-01-14 11:00:00+00:00,0.9335100054740906,0.9336000084877014,0.9326800107955933,0.9332000017166138,0.0
2026-01-14 11:15:00+00:00,0.9332000017166138,0.9334999918937683,0.9327600002288818,0.9332200288772583,0.0
2026-01-14 11:30:00+00:00,0.9332000017166138,0.9333000183105469,0.9322900176048279,0.9328100085258484,0.0
2026-01-14 11:45:00+00:00,0.9328200221061707,0.9329000115394592,0.932200014591217,0.9328699707984924,0.0
2026-01-14 12:00:00+00:00,0.9328600168228149,0.9330000281333923,0.9321699738502502,0.9329699873924255,0.0
2026-01-14 12:15:00+00:00,0.9329400062561035,0.9330000281333923,0.9322900176048279,0.9328299760818481,0.0
2026-01-14 12:30:00+00:00,0.9328299760818481,0.9330999851226807,0.9323899745941162,0.9329900145530701,0.0
2026-01-14 12:45:00+00:00,0.9330099821090698,0.9332399964332581,0.9325299859046936,0.9332200288772583,0.0
2026-01-14 13:00:00+00:00,0.9331899881362915,0.933459997177124,0.9324899911880493,0.9329400062561035,0.0
2026-01-14 13:15:00+00:00,0.9329400062561035,0.9330000281333923,0.9323199987411499,0.9327399730682373,0.0
2026-01-14 13:30:00+00:00,0.9327499866485596,0.9332699775695801,0.9323599934577942,0.9330400228500366,0.0
2026-01-14 13:45:00+00:00,0.9330700039863586,0.9333999752998352,0.9325399994850159,0.9333000183105469,0.0
2026-01-14 14:00:00+00:00,0.9332900047302246,0.9333099722862244,0.9323999881744385,0.9330000281333923,0.0
2026-01-14 14:15:00+00:00,0.932919979095459,0.9330000281333923,0.9320799708366394,0.9328200221061707,0.0
2026-01-14 14:30:00+00:00,0.9328100085258484,0.9329299926757812,0.9317399859428406,0.9323300123214722,0.0
2026-01-14 14:45:00+00:00,0.9323199987411499,0.9323999881744385,0.9313399791717529,0.9316999912261963,0.0
2026-01-14 15:00:00+00:00,0.9321200251579285,0.9323999881744385,0.9316099882125854,0.9321100115776062,0.0
2026-01-14 15:15:00+00:00,0.9320700168609619,0.9321500062942505,0.9313600063323975,0.9318299889564514,0.0
2026-01-14 15:30:00+00:00,0.9318299889564514,0.9319599866867065,0.931190013885498,0.9316400289535522,0.0
2026-01-14 15:45:00+00:00,0.9316400289535522,0.9318000078201294,0.930869996547699,0.9312800168991089,0.0
2026-01-14 16:00:00+00:00,0.9312800168991089,0.9313300251960754,0.9305700063705444,0.9309899806976318,0.0
2026-01-14 16:15:00+00:00,0.9309499859809875,0.9312999844551086,0.9305099844932556,0.9312000274658203,0.0
2026-01-14 16:30:00+00:00,0.9312000274658203,0.9314000010490417,0.930429995059967,0.9309300184249878,0.0
2026-01-14 16:45:00+00:00,0.9308900237083435,0.9310200214385986,0.9303600192070007,0.930840015411377,0.0
2026-01-14 17:00:00+00:00,0.930840015411377,0.9311000108718872,0.9304100275039673,0.9309999942779541,0.0
2026-01-14 17:15:00+00:00,0.9310100078582764,0.9312199950218201,0.9304999709129333,0.931190013885498,0.0
2026-01-14 17:30:00+00:00,0.931190013885498,0.9313300251960754,0.9307399988174438,0.9312400221824646,0.0
2026-01-14 17:45:00+00:00,0.9312400221824646,0.9312999844551086,0.9306100010871887,0.9307799935340881,0.0
2026-01-14 18:00:00+00:00,0.9312099814414978,0.9316200017929077,0.9308099746704102,0.9314600229263306,0.0
2026-01-14 18:15:00+00:00,0.9314500093460083,0.9315000176429749,0.9309200048446655,0.9313899874687195,0.0
2026-01-14 18:30:00+00:00,0.9309200048446655,0.9315000176429749,0.9307199716567993,0.9312099814414978,0.0
2026-01-14 18:45:00+00:00,0.9312199950218201,0.9314000010490417,0.9307799935340881,0.9312700033187866,0.0
2026-01-14 19:00:00+00:00,0.9312800168991089,0.931410014629364,0.9307100176811218,0.9313499927520752,0.0
2026-01-14 19:15:00+00:00,0.9313200116157532,0.9315000176429749,0.9308800101280212,0.9313899874687195,0.0
2026-01-14 19:30:00+00:00,0.9313700199127197,0.9315000176429749,0.930840015411377,0.9312999844551086,0.0
2026-01-14 19:45:00+00:00,0.9312999844551086,0.931410014629364,0.9308099746704102,0.9313700199127197,0.0
2026-01-14 20:00:00+00:00,0.9314000010490417,0.9315699934959412,0.930899977684021,0.9314799904823303,0.0
2026-01-14 20:15:00+00:00,0.9314699769020081,0.9315999746322632,0.9309499859809875,0.9314299821853638,0.0
2026-01-14 20:30:00+00:00,0.931439995765686,0.9316099882125854,0.9309599995613098,0.9315699934959412,0.0
2026-01-14 20:45:00+00:00,0.9315699934959412,0.9319000244140625,0.9311299920082092,0.9318900108337402,0.0
2026-01-14 21:00:00+00:00,0.9318900108337402,0.93190997838974,0.9313499927520752,0.9318000078201294,0.0
2026-01-14 21:15:00+00:00,0.9318000078201294,0.9319000244140625,0.9312599897384644,0.9317899942398071,0.0
2026-01-14 21:30:00+00:00,0.9317899942398071,0.9319199919700623,0.9312499761581421,0.9318000078201294,0.0
2026-01-14 21:45:00+00:00,0.9317899942398071,0.9319000244140625,0.9300299882888794,0.9309300184249878,0.0
2026-01-14 22:00:00+00:00,0.9309300184249878,0.9315999746322632,0.9302600026130676,0.9310700297355652,0.0
2026-01-14 22:15:00+00:00,0.9310700297355652,0.9315999746322632,0.9307900071144104,0.931439995765686,0.0
2026-01-14 22:30:00+00:00,0.9314299821853638,0.9315999746322632,0.9309999942779541,0.931190013885498,0.0
2026-01-14 22:45:00+00:00,0.9314600229263306,0.9315999746322632,0.930840015411377,0.9313099980354309,0.0
2026-01-14 23:00:00+00:00,0.9312000274658203,0.9315299987792969,0.9306700229644775,0.9310799837112427,0.0
2026-01-14 23:15:00+00:00,0.9310799837112427,0.9312000274658203,0.9305899739265442,0.931119978427887,0.0
2026-01-14 23:30:00+00:00,0.9310399889945984,0.9314200282096863,0.9306399822235107,0.9312499761581421,0.0
2026-01-14 23:45:00+00:00,0.9311800003051758,0.9315000176429749,0.9307100176811218,0.9313399791717529,0.0
2026-01-15 00:00:00+00:00,0.9312800168991089,0.9313499927520752,0.9307500123977661,0.9312099814414978,0.0
2026-01-15 00:15:00+00:00,0.9312099814414978,0.9312999844551086,0.9305400252342224,0.9309499859809875,0.0
2026-01-15 00:30:00+00:00,0.9309499859809875,0.9310100078582764,0.9304100275039673,0.930899977684021,0.0
2026-01-15 00:45:00+00:00,0.930899977684021,0.9309999942779541,0.9302300214767456,0.930649995803833,0.0
2026-01-15 01:00:00+00:00,0.930649995803833,0.9308300018310547,0.9301599860191345,0.9307000041007996,0.0
2026-01-15 01:15:00+00:00,0.9306899905204773,0.930899977684021,0.9302600026130676,0.9308500289916992,0.0
2026-01-15 01:30:00+00:00,0.9308800101280212,0.930899977684021,0.9302300214767456,0.9307600259780884,0.0
2026-01-15 01:45:00+00:00,0.9308000206947327,0.9309200048446655,0.9303500056266785,0.930840015411377,0.0
2026-01-15 02:00:00+00:00,0.930869996547699,0.9309399724006653,0.9302600026130676,0.9307799935340881,0.0
2026-01-15 02:15:00+00:00,0.9307900071144104,0.9309999942779541,0.9303100109100342,0.930869996547699,0.0
2026-01-15 02:30:00+00:00,0.9308500289916992,0.9311000108718872,0.9304100275039673,0.9310600161552429,0.0
2026-01-15 02:45:00+00:00,0.9310500025749207,0.9311599731445312,0.9306100010871887,0.9311000108718872,0.0
2026-01-15 03:00:00+00:00,0.9311000108718872,0.9312999844551086,0.930649995803833,0.9312400221824646,0.0
2026-01-15 03:15:00+00:00,0.9312400221824646,0.9313300251960754,0.9307699799537659,0.9313200116157532,0.0
2026-01-15 03:30:00+00:00,0.9313200116157532,0.9315999746322632,0.9308800101280212,0.9315199851989746,0.0
2026-01-15 03:45:00+00:00,0.9314900040626526,0.9316999912261963,0.9310200214385986,0.9316099882125854,0.0
2026-01-15 04:00:00+00:00,0.9315900206565857,0.9317200183868408,0.9311400055885315,0.9316700100898743,0.0
2026-01-15 04:15:00+00:00,0.9316700100898743,0.9317299723625183,0.9311699867248535,0.9316499829292297,0.0
2026-01-15 04:30:00+00:00,0.9316499829292297,0.9318400025367737,0.9312300086021423,0.9317700266838074,0.0
2026-01-15 04:45:00+00:00,0.9317700266838074,0.9320999979972839,0.9313799738883972,0.9319900274276733,0.0
2026-01-15 05:00:00+00:00,0.9319900274276733,0.9320999979972839,0.9314799904823303,0.9319499731063843,0.0
2026-01-15 05:15:00+00:00,0.9319199919700623,0.9320600032806396,0.9315099716186523,0.9319400191307068,0.0
2026-01-15 05:30:00+00:00,0.9319400191307068,0.9319999814033508,0.9314200282096863,0.9319999814033508,0.0
2026-01-15 05:45:00+00:00,0.9319800138473511,0.9320300221443176,0.9314600229263306,0.9319599866867065,0.0
2026-01-15 06:00:00+00:00,0.9319400191307068,0.9320999979972839,0.9314200282096863,0.9320399761199951,0.0
2026-01-15 06:15:00+00:00,0.9320300221443176,0.932200014591217,0.9315800070762634,0.9320799708366394,0.0
2026-01-15 06:30:00+00:00,0.9316200017929077,0.9320999979972839,0.9314799904823303,0.9319000244140625,0.0
2026-01-15 06:45:00+00:00,0.9319000244140625,0.9319400191307068,0.9313600063323975,0.9318400025367737,0.0
2026-01-15 07:00:00+00:00,0.9318199753761292,0.9320099949836731,0.9312899708747864,0.9318400025367737,0.0
2026-01-15 07:15:00+00:00,0.9318400025367737,0.9321100115776062,0.9314500093460083,0.9318299889564514,0.0
2026-01-15 07:30:00+00:00,0.9318100214004517,0.9319999814033508,0.9310600161552429,0.9315299987792969,0.0
2026-01-15 07:45:00+00:00,0.9315500259399414,0.9318000078201294,0.9309899806976318,0.9317299723625183,0.0
2026-01-15 08:00:00+00:00,0.9316999912261963,0.9321100115776062,0.9312999844551086,0.93190997838974,0.0
2026-01-15 08:15:00+00:00,0.9319000244140625,0.932420015335083,0.9314500093460083,0.9321799874305725,0.0
2026-01-15 08:30:00+00:00,0.9321799874305725,0.9323700070381165,0.9316499829292297,0.9322500228881836,0.0
2026-01-15 08:45:00+00:00,0.9322500228881836,0.9322999715805054,0.9316400289535522,0.9322500228881836,0.0
2026-01-15 09:00:00+00:00,0.9322699904441833,0.9324600100517273,0.931659996509552,0.9321699738502502,0.0
2026-01-15 09:15:00+00:00,0.932129979133606,0.9323599934577942,0.9315199851989746,0.9320600032806396,0.0
2026-01-15 09:30:00+00:00,0.9320700168609619,0.9320999979972839,0.9312099814414978,0.9317299723625183,0.0
2026-01-15 09:45:00+00:00,0.9317299723625183,0.9318000078201294,0.9308900237083435,0.9313799738883972,0.0
2026-01-15 10:00:00+00:00,0.9313899874687195,0.9316499829292297,0.9309300184249878,0.9315400123596191,0.0
2026-01-15 10:15:00+00:00,0.9315500259399414,0.9317100048065186,0.9311599731445312,0.931659996509552,0.0
2026-01-15 10:30:00+00:00,0.931659996509552,0.9317499995231628,0.9309499859809875,0.9313399791717529,0.0
2026-01-15 10:45:00+00:00,0.9313499927520752,0.931439995765686,0.9307199716567993,0.9312199950218201,0.0
2026-01-15 11:00:00+00:00,0.9312199950218201,0.9315199851989746,0.9307500123977661,0.9314699769020081,0.0
2026-01-15 11:15:00+00:00,0.9314600229263306,0.9316999912261963,0.9309899806976318,0.9314600229263306,0.0
2026-01-15 11:30:00+00:00,0.9314500093460083,0.9317499995231628,0.9309399724006653,0.931659996509552,0.0
2026-01-15 11:45:00+00:00,0.931659996509552,0.9319000244140625,0.9312300086021423,0.9318100214004517,0.0
2026-01-15 12:00:00+00:00,0.9318100214004517,0.9319999814033508,0.9313700199127197,0.9318100214004517,0.0
2026-01-15 12:15:00+00:00,0.9318199753761292,0.9319000244140625,0.931190013885498,0.9316499829292297,0.0
2026-01-15 12:30:00+00:00,0.9316400289535522,0.9316999912261963,0.9310299754142761,0.9314500093460083,0.0
2026-01-15 12:45:00+00:00,0.9314500093460083,0.9315999746322632,0.930869996547699,0.9313799738883972,0.0
2026-01-15 13:00:00+00:00,0.9313899874687195,0.9315999746322632,0.9307900071144104,0.9312400221824646,0.0
2026-01-15 13:15:00+00:00,0.9312499761581421,0.9313799738883972,0.930620014667511,0.931119978427887,0.0
2026-01-15 13:30:00+00:00,0.9310899972915649,0.93163001537323,0.9306600093841553,0.9312000274658203,0.0
2026-01-15 13:45:00+00:00,0.9312199950218201,0.9312499761581421,0.9304400086402893,0.9308900237083435,0.0
2026-01-15 14:00:00+00:00,0.9309099912643433,0.9312000274658203,0.9303799867630005,0.9308900237083435,0.0
2026-01-15 14:15:00+00:00,0.9309099912643433,0.9311500191688538,0.9304199814796448,0.9311000108718872,0.0
2026-01-15 14:30:00+00:00,0.9310700297355652,0.9320799708366394,0.930620014667511,0.9320099949836731,0.0
2026-01-15 14:45:00+00:00,0.9320399761199951,0.9324100017547607,0.931410014629364,0.9322699904441833,0.0
2026-01-15 15:00:00+00:00,0.9322699904441833,0.9327700138092041,0.9318400025367737,0.9327300190925598,0.0
2026-01-15 15:15:00+00:00,0.9327300190925598,0.9328200221061707,0.9319800138473511,0.9322599768638611,0.0
2026-01-15 15:30:00+00:00,0.9322299957275391,0.932640016078949,0.9318199753761292,0.9325699806213379,0.0
2026-01-15 15:45:00+00:00,0.9325799942016602,0.9326500296592712,0.9317600131034851,0.9321799874305725,0.0
2026-01-15 16:00:00+00:00,0.9321600198745728,0.9321900010108948,0.9315500259399414,0.9320799708366394,0.0
2026-01-15 16:15:00+00:00,0.9320899844169617,0.9320999979972839,0.9313600063323975,0.931850016117096,0.0
2026-01-15 16:30:00+00:00,0.931850016117096,0.9321200251579285,0.9312800168991089,0.9320099949836731,0.0
2026-01-15 16:45:00+00:00,0.9320099949836731,0.9320999979972839,0.9314699769020081,0.9318900108337402,0.0
2026-01-15 17:00:00+00:00,0.9318699836730957,0.9319999814033508,0.931410014629364,0.9319499731063843,0.0
2026-01-15 17:15:00+00:00,0.9319599866867065,0.9320200085639954,0.931410014629364,0.9319400191307068,0.0
2026-01-15 17:30:00+00:00,0.9319400191307068,0.9320999979972839,0.931439995765686,0.9318699836730957,0.0
2026-01-15 17:45:00+00:00,0.931879997253418,0.9323099851608276,0.9315000176429749,0.9321900010108948,0.0
2026-01-15 18:00:00+00:00,0.9321900010108948,0.9326000213623047,0.9316800236701965,0.9324700236320496,0.0
2026-01-15 18:15:00+00:00,0.9325000047683716,0.9325399994850159,0.9318699836730957,0.9324700236320496,0.0
2026-01-15 18:30:00+00:00,0.9324700236320496,0.9325500130653381,0.9319400191307068,0.9324300289154053,0.0
2026-01-15 18:45:00+00:00,0.932420015335083,0.9324300289154053,0.9318199753761292,0.9323999881744385,0.0
2026-01-15 19:00:00+00:00,0.932420015335083,0.9325600266456604,0.9319800138473511,0.932420015335083,0.0
2026-01-15 19:15:00+00:00,0.932420015335083,0.932449996471405,0.9317600131034851,0.9322900176048279,0.0
2026-01-15 19:30:00+00:00,0.9322999715805054,0.9326000213623047,0.9318299889564514,0.932479977607727,0.0
2026-01-15 19:45:00+00:00,0.932479977607727,0.9327300190925598,0.9319599866867065,0.9326500296592712,0.0
2026-01-15 20:00:00+00:00,0.9326500296592712,0.9328299760818481,0.9321500062942505,0.9327399730682373,0.0
2026-01-15 20:15:00+00:00,0.9327499866485596,0.9327999949455261,0.9321399927139282,0.9326000213623047,0.0
2026-01-15 20:30:00+00:00,0.9325799942016602,0.9326300024986267,0.9319900274276733,0.9324899911880493,0.0
2026-01-15 20:45:00+00:00,0.9324600100517273,0.9326000213623047,0.9320200085639954,0.9324700236320496,0.0
2026-01-15 21:00:00+00:00,0.932479977607727,0.9326000213623047,0.9319400191307068,0.9323800206184387,0.0
2026-01-15 21:15:00+00:00,0.9323800206184387,0.9325000047683716,0.9319400191307068,0.9323999881744385,0.0
2026-01-15 21:30:00+00:00,0.9323999881744385,0.9326000213623047,0.9319400191307068,0.9324600100517273,0.0
2026-01-15 21:45:00+00:00,0.9324600100517273,0.9326000213623047,0.9318600296974182,0.9318600296974182,0.0
2026-01-15 22:00:00+00:00,0.9318600296974182,0.9322500228881836,0.931689977645874,0.932200014591217,0.0
2026-01-15 22:15:00+00:00,0.9320200085639954,0.9324700236320496,0.9316800236701965,0.9319900274276733,0.0
2026-01-15 22:30:00+00:00,0.9319900274276733,0.9326000213623047,0.93190997838974,0.9324700236320496,0.0
2026-01-15 22:45:00+00:00,0.9324399828910828,0.9326000213623047,0.9318699836730957,0.9320399761199951,0.0
2026-01-15 23:00:00+00:00,0.9320399761199951,0.9326099753379822,0.9318699836730957,0.9325299859046936,0.0
2026-01-15 23:15:00+00:00,0.9325299859046936,0.9326000213623047,0.9320499897003174,0.9325199723243713,0.0
2026-01-15 23:30:00+00:00,0.9325199723243713,0.9327999949455261,0.9321200251579285,0.9326199889183044,0.0
2026-01-15 23:45:00+00:00,0.9326199889183044,0.9327200055122375,0.932129979133606,0.9326599836349487,0.0
2026-01-16 00:00:00+00:00,0.9326000213623047,0.9327700138092041,0.9321600198745728,0.9326800107955933,0.0
2026-01-16 00:15:00+00:00,0.9326800107955933,0.9327200055122375,0.9321699738502502,0.9326599836349487,0.0
2026-01-16 00:30:00+00:00,0.9326599836349487,0.9327999949455261,0.9321900010108948,0.9326300024986267,0.0
2026-01-16 00:45:00+00:00,0.9326300024986267,0.9328100085258484,0.9321699738502502,0.9326599836349487,0.0
2026-01-16 01:00:00+00:00,0.9326500296592712,0.9327999949455261,0.932200014591217,0.9326800107955933,0.0
2026-01-16 01:15:00+00:00,0.9326800107955933,0.9327300190925598,0.9320499897003174,0.9325299859046936,0.0
2026-01-16 01:30:00+00:00,0.9325299859046936,0.9326000213623047,0.9318900108337402,0.9323899745941162,0.0
2026-01-16 01:45:00+00:00,0.9323800206184387,0.9324300289154053,0.9318600296974182,0.9323700070381165,0.0
2026-01-16 02:00:00+00:00,0.9323599934577942,0.9324100017547607,0.9317200183868408,0.9321699738502502,0.0
2026-01-16 02:15:00+00:00,0.9321399927139282,0.9322400093078613,0.9316999912261963,0.9321399927139282,0.0
2026-01-16 02:30:00+00:00,0.9321600198745728,0.9322999715805054,0.9316700100898743,0.932129979133606,0.0
2026-01-16 02:45:00+00:00,0.9321200251579285,0.932200014591217,0.9316099882125854,0.9320799708366394,0.0
2026-01-16 03:00:00+00:00,0.9320600032806396,0.9320999979972839,0.9314900040626526,0.9319400191307068,0.0
2026-01-16 03:15:00+00:00,0.9319499731063843,0.9320200085639954,0.9314699769020081,0.931850016117096,0.0
2026-01-16 03:30:00+00:00,0.931850016117096,0.9319999814033508,0.931410014629364,0.9318299889564514,0.0
2026-01-16 03:45:00+00:00,0.9318600296974182,0.93190997838974,0.9313799738883972,0.9317899942398071,0.0
2026-01-16 04:00:00+00:00,0.9313600063323975,0.9318400025367737,0.9312099814414978,0.931689977645874,0.0
2026-01-16 04:15:00+00:00,0.931659996509552,0.9318000078201294,0.9311800003051758,0.9316800236701965,0.0
2026-01-16 04:30:00+00:00,0.9312400221824646,0.9317100048065186,0.9310700297355652,0.9315900206565857,0.0
2026-01-16 04:45:00+00:00,0.9315599799156189,0.9316999912261963,0.9310700297355652,0.9315699934959412,0.0
2026-01-16 05:00:00+00:00,0.9315599799156189,0.9315999746322632,0.9310100078582764,0.9314500093460083,0.0
2026-01-16 05:15:00+00:00,0.9314500093460083,0.9315999746322632,0.9309999942779541,0.9314699769020081,0.0
2026-01-16 05:30:00+00:00,0.9314600229263306,0.9315999746322632,0.9310100078582764,0.9315400123596191,0.0
2026-01-16 05:45:00+00:00,0.9315299987792969,0.93163001537323,0.9310399889945984,0.9315599799156189,0.0
2026-01-16 06:00:00+00:00,0.9315199851989746,0.9317299723625183,0.9310799837112427,0.931659996509552,0.0
2026-01-16 06:15:00+00:00,0.9316700100898743,0.9318000078201294,0.9311299920082092,0.9315800070762634,0.0
2026-01-16 06:30:00+00:00,0.9315800070762634,0.9316999912261963,0.9310600161552429,0.93163001537323,0.0
2026-01-16 06:45:00+00:00,0.93163001537323,0.9316999912261963,0.9311100244522095,0.9316099882125854,0.0
2026-01-16 07:00:00+00:00,0.9316400289535522,0.9318400025367737,0.9311299920082092,0.9318100214004517,0.0
2026-01-16 07:15:00+00:00,0.9318100214004517,0.9318699836730957,0.9312599897384644,0.9317299723625183,0.0
2026-01-16 07:30:00+00:00,0.9316999912261963,0.9318100214004517,0.9310899972915649,0.9315299987792969,0.0
2026-01-16 07:45:00+00:00,0.9315400123596191,0.9316999912261963,0.9308500289916992,0.9316400289535522,0.0
2026-01-16 08:00:00+00:00,0.9316700100898743,0.9319999814033508,0.9312400221824646,0.9317200183868408,0.0
2026-01-16 08:15:00+00:00,0.9317200183868408,0.9318000078201294,0.9311299920082092,0.9314900040626526,0.0
2026-01-16 08:30:00+00:00,0.9314600229263306,0.9317600131034851,0.9310299754142761,0.9315400123596191,0.0
2026-01-16 08:45:00+00:00,0.9315400123596191,0.931659996509552,0.9310600161552429,0.9314799904823303,0.0
2026-01-16 09:00:00+00:00,0.9314699769020081,0.9315699934959412,0.9309499859809875,0.9313700199127197,0.0
2026-01-16 09:15:00+00:00,0.9313600063323975,0.9315999746322632,0.9309300184249878,0.9313499927520752,0.0
2026-01-16 09:30:00+00:00,0.9313499927520752,0.9315000176429749,0.9305999875068665,0.9312300086021423,0.0
2026-01-16 09:45:00+00:00,0.9312000274658203,0.9315500259399414,0.9307000041007996,0.9312400221824646,0.0
2026-01-16 10:00:00+00:00,0.9312800168991089,0.9314000010490417,0.9307000041007996,0.931119978427887,0.0
2026-01-16 10:15:00+00:00,0.931119978427887,0.9312000274658203,0.9305499792098999,0.9310700297355652,0.0
2026-01-16 10:30:00+00:00,0.9310600161552429,0.9311500191688538,0.9302600026130676,0.9310299754142761,0.0
2026-01-16 10:45:00+00:00,0.9310100078582764,0.9312400221824646,0.9304699897766113,0.9310399889945984,0.0
2026-01-16 11:00:00+00:00,0.9310200214385986,0.9315000176429749,0.9305499792098999,0.9314900040626526,0.0
2026-01-16 11:15:00+00:00,0.9314699769020081,0.931659996509552,0.9310600161552429,0.9315400123596191,0.0
2026-01-16 11:30:00+00:00,0.9315400123596191,0.9316400289535522,0.9310700297355652,0.9314000010490417,0.0
2026-01-16 11:45:00+00:00,0.9313600063323975,0.9313799738883972,0.9305999875068665,0.9312199950218201,0.0
2026-01-16 12:00:00+00:00,0.9312199950218201,0.9318000078201294,0.9307900071144104,0.9317399859428406,0.0
2026-01-16 12:15:00+00:00,0.9317600131034851,0.9319800138473511,0.931190013885498,0.9315400123596191,0.0
2026-01-16 12:30:00+00:00,0.9315400123596191,0.93163001537323,0.9308500289916992,0.9314200282096863,0.0
2026-01-16 12:45:00+00:00,0.9313899874687195,0.9315099716186523,0.9308300018310547,0.931410014629364,0.0
2026-01-16 13:00:00+00:00,0.9314000010490417,0.9315000176429749,0.9307799935340881,0.9313200116157532,0.0
2026-01-16 13:15:00+00:00,0.9313099980354309,0.9314000010490417,0.9307600259780884,0.9312000274658203,0.0
2026-01-16 13:30:00+00:00,0.9312000274658203,0.9314000010490417,0.9307000041007996,0.9310600161552429,0.0
2026-01-16 13:45:00+00:00,0.9310600161552429,0.9313399791717529,0.9305599927902222,0.9312700033187866,0.0
2026-01-16 14:00:00+00:00,0.9312199950218201,0.9313499927520752,0.9307600259780884,0.9312300086021423,0.0
2026-01-16 14:15:00+00:00,0.9311800003051758,0.9312999844551086,0.930649995803833,0.9309999942779541,0.0
2026-01-16 14:30:00+00:00,0.9309999942779541,0.9311599731445312,0.9305499792098999,0.9309700131416321,0.0
2026-01-16 14:45:00+00:00,0.9309700131416321,0.9311100244522095,0.9304599761962891,0.9310700297355652,0.0
2026-01-16 15:00:00+00:00,0.9310700297355652,0.9313300251960754,0.9302999973297119,0.9307699799537659,0.0
2026-01-16 15:15:00+00:00,0.9307600259780884,0.9311599731445312,0.9302899837493896,0.9308599829673767,0.0
2026-01-16 15:30:00+00:00,0.9308599829673767,0.9311599731445312,0.9303799867630005,0.930649995803833,0.0
2026-01-16 15:45:00+00:00,0.9306100010871887,0.9312099814414978,0.9303600192070007,0.9308500289916992,0.0
2026-01-16 16:00:00+00:00,0.9308599829673767,0.9310399889945984,0.9303799867630005,0.9309499859809875,0.0
2026-01-16 16:15:00+00:00,0.9309300184249878,0.9311000108718872,0.9303500056266785,0.9307500123977661,0.0
2026-01-16 16:30:00+00:00,0.9307100176811218,0.930840015411377,0.9302099943161011,0.930620014667511,0.0
2026-01-16 16:45:00+00:00,0.930649995803833,0.9309300184249878,0.9301400184631348,0.930899977684021,0.0
2026-01-16 17:00:00+00:00,0.9308800101280212,0.9310600161552429,0.9303600192070007,0.9309800267219543,0.0
2026-01-16 17:15:00+00:00,0.9309800267219543,0.9310299754142761,0.9303600192070007,0.9308800101280212,0.0
2026-01-16 17:30:00+00:00,0.930869996547699,0.9310500025749207,0.930400013923645,0.930840015411377,0.0
2026-01-16 17:45:00+00:00,0.9308300018310547,0.9312300086021423,0.930429995059967,0.9311599731445312,0.0
2026-01-16 18:00:00+00:00,0.9311400055885315,0.9314799904823303,0.930679976940155,0.9312899708747864,0.0
2026-01-16 18:15:00+00:00,0.9312700033187866,0.9314000010490417,0.9308300018310547,0.9312599897384644,0.0
2026-01-16 18:30:00+00:00,0.9312599897384644,0.9315000176429749,0.9308099746704102,0.9313600063323975,0.0
2026-01-16 18:45:00+00:00,0.9313499927520752,0.9315000176429749,0.9307900071144104,0.931410014629364,0.0
2026-01-16 19:00:00+00:00,0.931439995765686,0.931439995765686,0.9308300018310547,0.9313499927520752,0.0
2026-01-16 19:15:00+00:00,0.9313499927520752,0.9315000176429749,0.9309300184249878,0.9313799738883972,0.0
2026-01-16 19:30:00+00:00,0.9313499927520752,0.9315999746322632,0.9309300184249878,0.9315400123596191,0.0
2026-01-16 19:45:00+00:00,0.9315400123596191,0.9316400289535522,0.9310200214385986,0.9315900206565857,0.0
2026-01-16 20:00:00+00:00,0.9315699934959412,0.93163001537323,0.9309700131416321,0.9314299821853638,0.0
2026-01-16 20:15:00+00:00,0.9314000010490417,0.9315999746322632,0.9309700131416321,0.9314500093460083,0.0
2026-01-16 20:30:00+00:00,0.9314500093460083,0.9315099716186523,0.9309499859809875,0.9315099716186523,0.0
2026-01-16 20:45:00+00:00,0.9315000176429749,0.9315999746322632,0.9310200214385986,0.9314900040626526,0.0
2026-01-16 21:00:00+00:00,0.9314799904823303,0.9316999912261963,0.9310700297355652,0.93163001537323,0.0
2026-01-16 21:15:00+00:00,0.9316099882125854,0.9316999912261963,0.9309800267219543,0.9314200282096863,0.0
2026-01-16 21:30:00+00:00,0.9313899874687195,0.9315000176429749,0.9309399724006653,0.9313799738883972,0.0
2026-01-16 21:45:00+00:00,0.9314000010490417,0.9315999746322632,0.930869996547699,0.931190013885498,0.0
2026-01-16 22:00:00+00:00,0.930899977684021,0.930899977684021,0.930899977684021,0.930899977684021,0.0
2026-01-16 22:15:00+00:00,0.930899977684021,0.930899977684021,0.930899977684021,0.930899977684021,0.0
2026-01-19 00:00:00+00:00,0.9284300208091736,0.9293000102043152,0.9279099702835083,0.9288899898529053,0.0
2026-01-19 00:15:00+00:00,0.9288899898529053,0.9289500117301941,0.9281399846076965,0.9285500049591064,0.0
2026-01-19 00:30:00+00:00,0.9285500049591064,0.9289900064468384,0.9280800223350525,0.9286699891090393,0.0
2026-01-19 00:45:00+00:00,0.928659975528717,0.9290099740028381,0.9281399846076965,0.928629994392395,0.0
2026-01-19 01:00:00+00:00,0.9286100268363953,0.9287899732589722,0.9277200102806091,0.928309977054596,0.0
2026-01-19 01:15:00+00:00,0.9282699823379517,0.9284999966621399,0.9277999997138977,0.9282100200653076,0.0
2026-01-19 01:30:00+00:00,0.9282199740409851,0.9286500215530396,0.9277899861335754,0.928600013256073,0.0
2026-01-19 01:45:00+00:00,0.9285500049591064,0.9290500283241272,0.9282000064849854,0.928849995136261,0.0
2026-01-19 02:00:00+00:00,0.9288399815559387,0.9290199875831604,0.9283400177955627,0.9289000034332275,0.0
2026-01-19 02:15:00+00:00,0.9288899898529053,0.9290500283241272,0.9283999800682068,0.9287800192832947,0.0
2026-01-19 02:30:00+00:00,0.9287800192832947,0.9288100004196167,0.9279599785804749,0.9284499883651733,0.0
2026-01-19 02:45:00+00:00,0.9284200072288513,0.9284499883651733,0.9277200102806091,0.9282000064849854,0.0
2026-01-19 03:00:00+00:00,0.9282000064849854,0.9284399747848511,0.9277300238609314,0.9283999800682068,0.0
2026-01-19 03:15:00+00:00,0.9283900260925293,0.928600013256073,0.9280200004577637,0.9284800291061401,0.0
2026-01-19 03:30:00+00:00,0.9284399747848511,0.9286999702453613,0.9280300140380859,0.9286800026893616,0.0
2026-01-19 03:45:00+00:00,0.928659975528717,0.9289100170135498,0.9282100200653076,0.9287599921226501,0.0
2026-01-19 04:00:00+00:00,0.9287599921226501,0.928849995136261,0.9282199740409851,0.928659975528717,0.0
2026-01-19 04:15:00+00:00,0.9286900162696838,0.9289000034332275,0.9282699823379517,0.928820013999939,0.0
2026-01-19 04:30:00+00:00,0.9287899732589722,0.9289299845695496,0.928380012512207,0.9287999868392944,0.0
2026-01-19 04:45:00+00:00,0.9287999868392944,0.929099977016449,0.928309977054596,0.9290000200271606,0.0
2026-01-19 05:00:00+00:00,0.9290000200271606,0.929099977016449,0.9285399913787842,0.9290199875831604,0.0
2026-01-19 05:15:00+00:00,0.9290199875831604,0.929099977016449,0.9282100200653076,0.9288100004196167,0.0
2026-01-19 05:30:00+00:00,0.9287700057029724,0.9291300177574158,0.9283499717712402,0.9290300011634827,0.0
2026-01-19 05:45:00+00:00,0.9289699792861938,0.929099977016449,0.9284800291061401,0.928879976272583,0.0
2026-01-19 06:00:00+00:00,0.9288399815559387,0.9290300011634827,0.9284200072288513,0.9288700222969055,0.0
2026-01-19 06:15:00+00:00,0.928849995136261,0.9290000200271606,0.9282900094985962,0.9289299845695496,0.0
2026-01-19 06:30:00+00:00,0.9289500117301941,0.9290099740028381,0.9283999800682068,0.928849995136261,0.0
2026-01-19 06:45:00+00:00,0.928849995136261,0.9289000034332275,0.9282600283622742,0.9286999702453613,0.0
2026-01-19 07:00:00+00:00,0.9286999702453613,0.9289000034332275,0.9281299710273743,0.9287099838256836,0.0
2026-01-19 07:15:00+00:00,0.9287199974060059,0.9287999868392944,0.9281399846076965,0.928659975528717,0.0
2026-01-19 07:30:00+00:00,0.928659975528717,0.9296500086784363,0.9284700155258179,0.9293000102043152,0.0
2026-01-19 07:45:00+00:00,0.9292799830436707,0.9294999837875366,0.9287499785423279,0.9292799830436707,0.0
2026-01-19 08:00:00+00:00,0.9292799830436707,0.9296900033950806,0.9287400245666504,0.9295300245285034,0.0
2026-01-19 08:15:00+00:00,0.9295300245285034,0.9297400116920471,0.9285500049591064,0.9289799928665161,0.0
2026-01-19 08:30:00+00:00,0.9289799928665161,0.9290000200271606,0.9279400110244751,0.9283900260925293,0.0
2026-01-19 08:45:00+00:00,0.928380012512207,0.9292100071907043,0.9280499815940857,0.929069995880127,0.0
2026-01-19 09:00:00+00:00,0.929069995880127,0.9292100071907043,0.9285100102424622,0.9290599822998047,0.0
2026-01-19 09:15:00+00:00,0.9290599822998047,0.9291999936103821,0.9283300042152405,0.9289799928665161,0.0
2026-01-19 09:30:00+00:00,0.9290000200271606,0.929099977016449,0.9281299710273743,0.9286199808120728,0.0
2026-01-19 09:45:00+00:00,0.9286199808120728,0.9286999702453613,0.9280099868774414,0.9284800291061401,0.0
2026-01-19 10:00:00+00:00,0.9284899830818176,0.9288600087165833,0.9280400276184082,0.9287899732589722,0.0
2026-01-19 10:15:00+00:00,0.9287700057029724,0.928820013999939,0.9282600283622742,0.9287300109863281,0.0
2026-01-19 10:30:00+00:00,0.9286999702453613,0.928849995136261,0.9280400276184082,0.9285100102424622,0.0
2026-01-19 10:45:00+00:00,0.9285100102424622,0.9287099838256836,0.9278200268745422,0.9286199808120728,0.0
2026-01-19 11:00:00+00:00,0.928600013256073,0.9287099838256836,0.9280400276184082,0.9285600185394287,0.0
2026-01-19 11:15:00+00:00,0.9285399913787842,0.9286500215530396,0.9279699921607971,0.9285699725151062,0.0
2026-01-19 11:30:00+00:00,0.9285699725151062,0.928659975528717,0.9281100034713745,0.9285399913787842,0.0
2026-01-19 11:45:00+00:00,0.9285399913787842,0.9287999868392944,0.92808997631073,0.928600013256073,0.0
2026-01-19 12:00:00+00:00,0.9286199808120728,0.9287400245666504,0.9279800057411194,0.9284700155258179,0.0
2026-01-19 12:15:00+00:00,0.9284499883651733,0.9285299777984619,0.9277099967002869,0.9281899929046631,0.0
2026-01-19 12:30:00+00:00,0.9281899929046631,0.9284200072288513,0.9276999831199646,0.9281899929046631,0.0
2026-01-19 12:45:00+00:00,0.9281899929046631,0.928409993648529,0.9277999997138977,0.928309977054596,0.0
2026-01-19 13:00:00+00:00,0.9283000230789185,0.9284700155258179,0.9275500178337097,0.9279800057411194,0.0
2026-01-19 13:15:00+00:00,0.9279900193214417,0.928059995174408,0.9273499846458435,0.9277899861335754,0.0
2026-01-19 13:30:00+00:00,0.92781001329422,0.9281700253486633,0.9273499846458435,0.9280999898910522,0.0
2026-01-19 13:45:00+00:00,0.9280999898910522,0.9281399846076965,0.9274200201034546,0.9279999732971191,0.0
2026-01-19 14:00:00+00:00,0.9279800057411194,0.9281600117683411,0.9272800087928772,0.9276900291442871,0.0
2026-01-19 14:15:00+00:00,0.9276999831199646,0.9278200268745422,0.9271399974822998,0.9275500178337097,0.0
2026-01-19 14:30:00+00:00,0.9275500178337097,0.9276999831199646,0.9270099997520447,0.9275000095367432,0.0
2026-01-19 14:45:00+00:00,0.9274500012397766,0.9275400042533875,0.9269199967384338,0.9274100065231323,0.0
2026-01-19 15:00:00+00:00,0.9274500012397766,0.9275500178337097,0.9266899824142456,0.9275100231170654,0.0
2026-01-19 15:15:00+00:00,0.9274700284004211,0.9276999831199646,0.9269999861717224,0.927619993686676,0.0
2026-01-19 15:30:00+00:00,0.9276000261306763,0.9281299710273743,0.9272699952125549,0.9277600049972534,0.0
2026-01-19 15:45:00+00:00,0.9277600049972534,0.9280999898910522,0.9272400140762329,0.9277300238609314,0.0
2026-01-19 16:00:00+00:00,0.9277499914169312,0.9280200004577637,0.9271699786186218,0.9279800057411194,0.0
2026-01-19 16:15:00+00:00,0.9279999732971191,0.9282000064849854,0.9275100231170654,0.9280700087547302,0.0
2026-01-19 16:30:00+00:00,0.9280300140380859,0.9281499981880188,0.9275299906730652,0.92808997631073,0.0
2026-01-19 16:45:00+00:00,0.9280499815940857,0.9283999800682068,0.9276400208473206,0.9283400177955627,0.0
2026-01-19 17:00:00+00:00,0.9283000230789185,0.9284999966621399,0.9278900027275085,0.9283900260925293,0.0
2026-01-19 17:15:00+00:00,0.9283900260925293,0.928600013256073,0.9279999732971191,0.9285100102424622,0.0
2026-01-19 17:30:00+00:00,0.9285200238227844,0.928600013256073,0.9280200004577637,0.9285299777984619,0.0
2026-01-19 17:45:00+00:00,0.9285299777984619,0.928629994392395,0.9280700087547302,0.9285500049591064,0.0
2026-01-19 18:00:00+00:00,0.9285500049591064,0.928600013256073,0.9280200004577637,0.9284999966621399,0.0
2026-01-19 18:15:00+00:00,0.9284700155258179,0.9285200238227844,0.9279000163078308,0.9283599853515625,0.0
2026-01-19 18:30:00+00:00,0.9283400177955627,0.9285299777984619,0.9279400110244751,0.9283499717712402,0.0
2026-01-19 18:45:00+00:00,0.9283699989318848,0.9285100102424622,0.9279199838638306,0.9284499883651733,0.0
2026-01-19 19:00:00+00:00,0.9284600019454956,0.9284999966621399,0.9279500246047974,0.928409993648529,0.0
2026-01-19 19:15:00+00:00,0.928409993648529,0.9284999966621399,0.9279599785804749,0.9283999800682068,0.0
2026-01-19 19:30:00+00:00,0.9283999800682068,0.928600013256073,0.9279400110244751,0.9284899830818176,0.0
2026-01-19 19:45:00+00:00,0.9284999966621399,0.928600013256073,0.9279099702835083,0.9283400177955627,0.0
2026-01-19 20:00:00+00:00,0.9283300042152405,0.928600013256073,0.9278799891471863,0.9284600019454956,0.0
2026-01-19 20:15:00+00:00,0.9284999966621399,0.9285200238227844,0.9280200004577637,0.9284999966621399,0.0
2026-01-19 20:30:00+00:00,0.9284600019454956,0.928600013256073,0.9280099868774414,0.9285200238227844,0.0
2026-01-19 20:45:00+00:00,0.9284999966621399,0.9286999702453613,0.9280499815940857,0.9286500215530396,0.0
2026-01-19 21:00:00+00:00,0.9286199808120728,0.9286699891090393,0.9281100034713745,0.9286199808120728,0.0
2026-01-19 21:15:00+00:00,0.928600013256073,0.9286199808120728,0.9279999732971191,0.9284399747848511,0.0
2026-01-19 21:30:00+00:00,0.9284399747848511,0.928600013256073,0.9279900193214417,0.9285100102424622,0.0
2026-01-19 21:45:00+00:00,0.9285100102424622,0.928600013256073,0.9280099868774414,0.9283499717712402,0.0
2026-01-19 22:00:00+00:00,0.9284899830818176,0.9286999702453613,0.9279999732971191,0.928380012512207,0.0
2026-01-19 22:15:00+00:00,0.928600013256073,0.9286900162696838,0.9279800057411194,0.9285200238227844,0.0
2026-01-19 22:30:00+00:00,0.9283499717712402,0.9285399913787842,0.9279299974441528,0.9280800223350525,0.0
2026-01-19 22:45:00+00:00,0.9285200238227844,0.928600013256073,0.9279199838638306,0.9279400110244751,0.0
2026-01-19 23:00:00+00:00,0.9279299974441528,0.928600013256073,0.9279299974441528,0.9284200072288513,0.0
2026-01-19 23:15:00+00:00,0.9284200072288513,0.9286100268363953,0.92808997631073,0.9285799860954285,0.0
2026-01-19 23:30:00+00:00,0.9285600185394287,0.928820013999939,0.9281100034713745,0.9287300109863281,0.0
2026-01-19 23:45:00+00:00,0.9287199974060059,0.9287999868392944,0.9282199740409851,0.9287099838256836,0.0
2026-01-20 00:00:00+00:00,0.9286900162696838,0.9288100004196167,0.9281600117683411,0.9286100268363953,0.0
2026-01-20 00:15:00+00:00,0.9286100268363953,0.9286999702453613,0.9280999898910522,0.9285100102424622,0.0
2026-01-20 00:30:00+00:00,0.9284999966621399,0.9288100004196167,0.9280999898910522,0.9287499785423279,0.0
2026-01-20 00:45:00+00:00,0.9287400245666504,0.9288300275802612,0.9282299876213074,0.9285399913787842,0.0
2026-01-20 01:00:00+00:00,0.9285500049591064,0.928600013256073,0.9279400110244751,0.9283900260925293,0.0
2026-01-20 01:15:00+00:00,0.928380012512207,0.9286100268363953,0.9279999732971191,0.9285500049591064,0.0
2026-01-20 01:30:00+00:00,0.9285699725151062,0.9286100268363953,0.928059995174408,0.9285500049591064,0.0
2026-01-20 01:45:00+00:00,0.9285500049591064,0.928600013256073,0.9279299974441528,0.9285100102424622,0.0
2026-01-20 02:00:00+00:00,0.9284800291061401,0.9285500049591064,0.9279299974441528,0.9283999800682068,0.0
2026-01-20 02:15:00+00:00,0.9284200072288513,0.9284999966621399,0.9279299974441528,0.9283499717712402,0.0
2026-01-20 02:30:00+00:00,0.9283499717712402,0.9284999966621399,0.9279099702835083,0.9283599853515625,0.0
2026-01-20 02:45:00+00:00,0.9283599853515625,0.9284999966621399,0.9278900027275085,0.9284499883651733,0.0
2026-01-20 03:00:00+00:00,0.9284300208091736,0.9284999966621399,0.9279400110244751,0.9284499883651733,0.0
2026-01-20 03:15:00+00:00,0.9284399747848511,0.9284999966621399,0.9277899861335754,0.9283699989318848,0.0
2026-01-20 03:30:00+00:00,0.9283599853515625,0.9285399913787842,0.9278799891471863,0.9284499883651733,0.0
2026-01-20 03:45:00+00:00,0.9284700155258179,0.9286999702453613,0.9280300140380859,0.9286100268363953,0.0
2026-01-20 04:00:00+00:00,0.9285899996757507,0.9287199974060059,0.9280999898910522,0.9285399913787842,0.0
2026-01-20 04:15:00+00:00,0.9285299777984619,0.928600013256073,0.9279599785804749,0.9284300208091736,0.0
2026-01-20 04:30:00+00:00,0.9284300208091736,0.9289000034332275,0.9278200268745422,0.9287300109863281,0.0
2026-01-20 04:45:00+00:00,0.9287300109863281,0.9287999868392944,0.9281299710273743,0.9287099838256836,0.0
2026-01-20 05:00:00+00:00,0.9287099838256836,0.9289399981498718,0.9282100200653076,0.9289199709892273,0.0
2026-01-20 05:15:00+00:00,0.9289199709892273,0.9289500117301941,0.9283400177955627,0.9287999868392944,0.0
2026-01-20 05:30:00+00:00,0.9288100004196167,0.929099977016449,0.9283699989318848,0.9289799928665161,0.0
2026-01-20 05:45:00+00:00,0.9290099740028381,0.9291300177574158,0.9283599853515625,0.9287499785423279,0.0
2026-01-20 06:00:00+00:00,0.9287400245666504,0.9289399981498718,0.9281600117683411,0.9288899898529053,0.0
2026-01-20 06:15:00+00:00,0.9289000034332275,0.9291499853134155,0.9284200072288513,0.9290599822998047,0.0
2026-01-20 06:30:00+00:00,0.929069995880127,0.9291399717330933,0.9280800223350525,0.9284999966621399,0.0
2026-01-20 06:45:00+00:00,0.9284800291061401,0.9286100268363953,0.9279599785804749,0.9285899996757507,0.0
2026-01-20 07:00:00+00:00,0.9285899996757507,0.9290199875831604,0.9282299876213074,0.9286800026893616,0.0
2026-01-20 07:15:00+00:00,0.9286800026893616,0.9290000200271606,0.9282400012016296,0.9287800192832947,0.0
2026-01-20 07:30:00+00:00,0.9287899732589722,0.9288600087165833,0.9275000095367432,0.9277399778366089,0.0
2026-01-20 07:45:00+00:00,0.9277099967002869,0.9279500246047974,0.9270700216293335,0.9275599718093872,0.0
2026-01-20 08:00:00+00:00,0.9276000261306763,0.9278200268745422,0.9268400073051453,0.9272500276565552,0.0
2026-01-20 08:15:00+00:00,0.9272500276565552,0.9277300238609314,0.9266200065612793,0.9270399808883667,0.0
2026-01-20 08:30:00+00:00,0.9270399808883667,0.9271600246429443,0.9256899952888489,0.9264500141143799,0.0
2026-01-20 08:45:00+00:00,0.9264500141143799,0.9266800284385681,0.9257000088691711,0.926639974117279,0.0
2026-01-20 09:00:00+00:00,0.926639974117279,0.9269999861717224,0.9259899854660034,0.9264199733734131,0.0
2026-01-20 09:15:00+00:00,0.9264299869537354,0.9266700148582458,0.9259399771690369,0.9264000058174133,0.0
2026-01-20 09:30:00+00:00,0.9264299869537354,0.9267200231552124,0.9257100224494934,0.9264699816703796,0.0
2026-01-20 09:45:00+00:00,0.9264299869537354,0.9271000027656555,0.9257699847221375,0.9269599914550781,0.0
2026-01-20 10:00:00+00:00,0.9269999861717224,0.9272900223731995,0.9263499975204468,0.9271500110626221,0.0
2026-01-20 10:15:00+00:00,0.9272000193595886,0.9273999929428101,0.9265499711036682,0.9268699884414673,0.0
2026-01-20 10:30:00+00:00,0.9268400073051453,0.9270099997520447,0.9255099892616272,0.9260299801826477,0.0
2026-01-20 10:45:00+00:00,0.9260299801826477,0.9265199899673462,0.925570011138916,0.9259099960327148,0.0
2026-01-20 11:00:00+00:00,0.9258999824523926,0.9260900020599365,0.9252499938011169,0.926010012626648,0.0
2026-01-20 11:15:00+00:00,0.926010012626648,0.9266999959945679,0.9255899786949158,0.9262700080871582,0.0
2026-01-20 11:30:00+00:00,0.9262800216674805,0.9263399839401245,0.9255300164222717,0.926110029220581,0.0
2026-01-20 11:45:00+00:00,0.926110029220581,0.9269899725914001,0.9254099726676941,0.9268900156021118,0.0
2026-01-20 12:00:00+00:00,0.9268900156021118,0.9271000027656555,0.9263100028038025,0.9266899824142456,0.0
2026-01-20 12:15:00+00:00,0.9266499876976013,0.9266899824142456,0.9255300164222717,0.9260200262069702,0.0
2026-01-20 12:30:00+00:00,0.9260200262069702,0.9269300103187561,0.9256600141525269,0.9269199967384338,0.0
2026-01-20 12:45:00+00:00,0.9269099831581116,0.9273200035095215,0.9263299703598022,0.9268500208854675,0.0
2026-01-20 13:00:00+00:00,0.9268900156021118,0.9269800186157227,0.9260299801826477,0.9265099763870239,0.0
2026-01-20 13:15:00+00:00,0.9265099763870239,0.9266200065612793,0.9259099960327148,0.9264799952507019,0.0
2026-01-20 13:30:00+00:00,0.9264699816703796,0.9273999929428101,0.9261299967765808,0.927079975605011,0.0
2026-01-20 13:45:00+00:00,0.9270899891853333,0.9274100065231323,0.9263700246810913,0.9271100163459778,0.0
2026-01-20 14:00:00+00:00,0.9271299839019775,0.927370011806488,0.9264199733734131,0.9269499778747559,0.0
2026-01-20 14:15:00+00:00,0.9269099831581116,0.9271500110626221,0.9263399839401245,0.9267799854278564,0.0
2026-01-20 14:30:00+00:00,0.9267799854278564,0.9279099702835083,0.9266200065612793,0.9277499914169312,0.0
2026-01-20 14:45:00+00:00,0.9277200102806091,0.9279199838638306,0.9269800186157227,0.9277600049972534,0.0
2026-01-20 15:00:00+00:00,0.9277700185775757,0.9279500246047974,0.926609992980957,0.9272300004959106,0.0
2026-01-20 15:15:00+00:00,0.9272099733352661,0.9276000261306763,0.9268199801445007,0.9274899959564209,0.0
2026-01-20 15:30:00+00:00,0.9274899959564209,0.9276599884033203,0.9266800284385681,0.9272500276565552,0.0
2026-01-20 15:45:00+00:00,0.9272500276565552,0.9273999929428101,0.9262499809265137,0.9265999794006348,0.0
2026-01-20 16:00:00+00:00,0.9265999794006348,0.9269000291824341,0.9259200096130371,0.9267399907112122,0.0
2026-01-20 16:15:00+00:00,0.9267399907112122,0.9269000291824341,0.9260200262069702,0.9265300035476685,0.0
2026-01-20 16:30:00+00:00,0.9265300035476685,0.9266999959945679,0.9258900284767151,0.9265199899673462,0.0
2026-01-20 16:45:00+00:00,0.9264900088310242,0.9266499876976013,0.9259600043296814,0.9263100028038025,0.0
2026-01-20 17:00:00+00:00,0.9263100028038025,0.9265000224113464,0.9255200028419495,0.9259799718856812,0.0
2026-01-20 17:15:00+00:00,0.9259799718856812,0.9262400269508362,0.9254599809646606,0.926069974899292,0.0
2026-01-20 17:30:00+00:00,0.92603999376297,0.9261800050735474,0.9254099726676941,0.9259700179100037,0.0
2026-01-20 17:45:00+00:00,0.9259700179100037,0.9262099862098694,0.9256200194358826,0.9260200262069702,0.0
2026-01-20 18:00:00+00:00,0.9260200262069702,0.9265499711036682,0.9255599975585938,0.9264600276947021,0.0
2026-01-20 18:15:00+00:00,0.9264600276947021,0.9265000224113464,0.9257500171661377,0.9261599779129028,0.0
2026-01-20 18:30:00+00:00,0.9261599779129028,0.9262499809265137,0.9254500269889832,0.9259499907493591,0.0
2026-01-20 18:45:00+00:00,0.9259899854660034,0.9261000156402588,0.9251300096511841,0.925570011138916,0.0
2026-01-20 19:00:00+00:00,0.925570011138916,0.9257000088691711,0.9250199794769287,0.9254999756813049,0.0
2026-01-20 19:15:00+00:00,0.9254900217056274,0.925599992275238,0.9250199794769287,0.9254599809646606,0.0
2026-01-20 19:30:00+00:00,0.9254599809646606,0.9258999824523926,0.9250100255012512,0.9258599877357483,0.0
2026-01-20 19:45:00+00:00,0.9258400201797485,0.9258999824523926,0.9250500202178955,0.9256700277328491,0.0
2026-01-20 20:00:00+00:00,0.9256500005722046,0.925849974155426,0.9251800179481506,0.9255800247192383,0.0
2026-01-20 20:15:00+00:00,0.925599992275238,0.9259300231933594,0.9251400232315063,0.9258999824523926,0.0
2026-01-20 20:30:00+00:00,0.9258599877357483,0.9259200096130371,0.9253399968147278,0.925849974155426,0.0
2026-01-20 20:45:00+00:00,0.9258400201797485,0.9262099862098694,0.9254099726676941,0.9261000156402588,0.0
2026-01-20 21:00:00+00:00,0.926110029220581,0.9261500239372253,0.9254400134086609,0.9259200096130371,0.0
2026-01-20 21:15:00+00:00,0.9259300231933594,0.9260299801826477,0.9254599809646606,0.9258999824523926,0.0
2026-01-20 21:30:00+00:00,0.9258999824523926,0.9261000156402588,0.9255099892616272,0.9260200262069702,0.0
2026-01-20 21:45:00+00:00,0.92603999376297,0.9262999892234802,0.9255399703979492,0.9255899786949158,0.0
2026-01-20 22:00:00+00:00,0.925570011138916,0.9258999824523926,0.9248600006103516,0.9255499839782715,0.0
2026-01-20 22:15:00+00:00,0.9255399703979492,0.9258999824523926,0.9251700043678284,0.9258999824523926,0.0
2026-01-20 22:30:00+00:00,0.9254299998283386,0.9258999824523926,0.9254299998283386,0.9255899786949158,0.0
2026-01-20 22:45:00+00:00,0.9261000156402588,0.9261299967765808,0.9254199862480164,0.925849974155426,0.0
2026-01-20 23:00:00+00:00,0.9258099794387817,0.9262999892234802,0.9254500269889832,0.9261800050735474,0.0
2026-01-20 23:15:00+00:00,0.9262499809265137,0.9264000058174133,0.9257799983024597,0.9262099862098694,0.0
2026-01-20 23:30:00+00:00,0.9262400269508362,0.9262999892234802,0.9256899952888489,0.9261400103569031,0.0
2026-01-20 23:45:00+00:00,0.9261000156402588,0.9261699914932251,0.9254500269889832,0.9259999990463257,0.0
2026-01-21 00:00:00+00:00,0.9259499907493591,0.9262999892234802,0.925599992275238,0.9261699914932251,0.0
2026-01-21 00:15:00+00:00,0.9262099862098694,0.9263499975204468,0.9256899952888489,0.9261599779129028,0.0
2026-01-21 00:30:00+00:00,0.9261599779129028,0.9262999892234802,0.9257199764251709,0.9262300133705139,0.0
2026-01-21 00:45:00+00:00,0.9262300133705139,0.9263299703598022,0.9255899786949158,0.9260500073432922,0.0
2026-01-21 01:00:00+00:00,0.9260500073432922,0.9261199831962585,0.9255499839782715,0.9259999990463257,0.0
2026-01-21 01:15:00+00:00,0.9259999990463257,0.9261599779129028,0.9255800247192383,0.9258599877357483,0.0
2026-01-21 01:30:00+00:00,0.9258599877357483,0.9259999990463257,0.9253000020980835,0.9259099960327148,0.0
2026-01-21 01:45:00+00:00,0.9259099960327148,0.926010012626648,0.9253399968147278,0.9258800148963928,0.0
2026-01-21 02:00:00+00:00,0.9258800148963928,0.9262400269508362,0.9254199862480164,0.9261999726295471,0.0
2026-01-21 02:15:00+00:00,0.9261599779129028,0.9262999892234802,0.9256899952888489,0.926069974899292,0.0
2026-01-21 02:30:00+00:00,0.926069974899292,0.9261999726295471,0.9254800081253052,0.9261400103569031,0.0
2026-01-21 02:45:00+00:00,0.9261900186538696,0.9261999726295471,0.9256200194358826,0.9261400103569031,0.0
2026-01-21 03:00:00+00:00,0.9261400103569031,0.9263200163841248,0.9256700277328491,0.9262300133705139,0.0
2026-01-21 03:15:00+00:00,0.9262300133705139,0.9272300004959106,0.9262199997901917,0.9271100163459778,0.0
2026-01-21 03:30:00+00:00,0.9271000027656555,0.9272099733352661,0.9264299869537354,0.9269499778747559,0.0
2026-01-21 03:45:00+00:00,0.9269300103187561,0.9270399808883667,0.9261999726295471,0.926580011844635,0.0
2026-01-21 04:00:00+00:00,0.9265699982643127,0.9270700216293335,0.926110029220581,0.926859974861145,0.0
2026-01-21 04:15:00+00:00,0.926859974861145,0.9269700050354004,0.9262400269508362,0.9267399907112122,0.0
2026-01-21 04:30:00+00:00,0.9267200231552124,0.926829993724823,0.9261999726295471,0.9266999959945679,0.0
2026-01-21 04:45:00+00:00,0.9266999959945679,0.9269000291824341,0.9262199997901917,0.9267200231552124,0.0
2026-01-21 05:00:00+00:00,0.9267200231552124,0.926800012588501,0.9260600209236145,0.9266800284385681,0.0
2026-01-21 05:15:00+00:00,0.9266800284385681,0.926800012588501,0.9261699914932251,0.9267399907112122,0.0
2026-01-21 05:30:00+00:00,0.9267399907112122,0.9269400238990784,0.9263299703598022,0.926829993724823,0.0
2026-01-21 05:45:00+00:00,0.926829993724823,0.9270200133323669,0.9263299703598022,0.9267399907112122,0.0
2026-01-21 06:00:00+00:00,0.9267299771308899,0.926800012588501,0.9261500239372253,0.9265999794006348,0.0
2026-01-21 06:15:00+00:00,0.9266300201416016,0.926800012588501,0.9261500239372253,0.9267600178718567,0.0
2026-01-21 06:30:00+00:00,0.9267699718475342,0.9272000193595886,0.9262800216674805,0.9271000027656555,0.0
2026-01-21 06:45:00+00:00,0.9270899891853333,0.9272000193595886,0.9265499711036682,0.9271600246429443,0.0
2026-01-21 07:00:00+00:00,0.9271199703216553,0.9276400208473206,0.9263499975204468,0.9274899959564209,0.0
2026-01-21 07:15:00+00:00,0.9274899959564209,0.9276999831199646,0.9263100028038025,0.926859974861145,0.0
2026-01-21 07:30:00+00:00,0.926859974861145,0.9275100231170654,0.9265099763870239,0.9274700284004211,0.0
2026-01-21 07:45:00+00:00,0.9274299740791321,0.9276000261306763,0.9266700148582458,0.9271600246429443,0.0
2026-01-21 08:00:00+00:00,0.9272000193595886,0.927590012550354,0.9268199801445007,0.9273599982261658,0.0
2026-01-21 08:15:00+00:00,0.9273599982261658,0.9277499914169312,0.9267500042915344,0.9273800253868103,0.0
2026-01-21 08:30:00+00:00,0.9273899793624878,0.9274299740791321,0.9264699816703796,0.9269300103187561,0.0
2026-01-21 08:45:00+00:00,0.9269700050354004,0.9271000027656555,0.9264000058174133,0.9268699884414673,0.0
2026-01-21 09:00:00+00:00,0.9268699884414673,0.9275000095367432,0.9264500141143799,0.9274500012397766,0.0
2026-01-21 09:15:00+00:00,0.9275000095367432,0.927619993686676,0.9269899725914001,0.9275299906730652,0.0
2026-01-21 09:30:00+00:00,0.9275699853897095,0.9276000261306763,0.9269000291824341,0.927370011806488,0.0
2026-01-21 09:45:00+00:00,0.927370011806488,0.9280099868774414,0.9269199967384338,0.9278600215911865,0.0
2026-01-21 10:00:00+00:00,0.9278200268745422,0.9282400012016296,0.9273099899291992,0.9277999997138977,0.0
2026-01-21 10:15:00+00:00,0.9277899861335754,0.9280200004577637,0.9272300004959106,0.9277700185775757,0.0
2026-01-21 10:30:00+00:00,0.9277399778366089,0.9277999997138977,0.9269400238990784,0.9273099899291992,0.0
2026-01-21 10:45:00+00:00,0.9273099899291992,0.9276000261306763,0.9267899990081787,0.9273999929428101,0.0
2026-01-21 11:00:00+00:00,0.9274100065231323,0.9276000261306763,0.926859974861145,0.9275299906730652,0.0
2026-01-21 11:15:00+00:00,0.9274899959564209,0.9277099967002869,0.9267799854278564,0.9272800087928772,0.0
2026-01-21 11:30:00+00:00,0.9272900223731995,0.9273499846458435,0.9261400103569031,0.9265599846839905,0.0
2026-01-21 11:45:00+00:00,0.9265199899673462,0.9268199801445007,0.9259399771690369,0.926580011844635,0.0
2026-01-21 12:00:00+00:00,0.926580011844635,0.9268199801445007,0.9255099892616272,0.9259999990463257,0.0
2026-01-21 12:15:00+00:00,0.9259999990463257,0.9264400005340576,0.925570011138916,0.9262300133705139,0.0
2026-01-21 12:30:00+00:00,0.9262199997901917,0.9264000058174133,0.9254599809646606,0.9261400103569031,0.0
2026-01-21 12:45:00+00:00,0.9261500239372253,0.9265300035476685,0.9253699779510498,0.9264299869537354,0.0
2026-01-21 13:00:00+00:00,0.9264299869537354,0.9269999861717224,0.9259499907493591,0.9268900156021118,0.0
2026-01-21 13:15:00+00:00,0.9268800020217896,0.9273499846458435,0.9264500141143799,0.927079975605011,0.0
2026-01-21 13:30:00+00:00,0.927079975605011,0.9272500276565552,0.9264799952507019,0.9269400238990784,0.0
2026-01-21 13:45:00+00:00,0.9269400238990784,0.9277700185775757,0.9264699816703796,0.9276000261306763,0.0
2026-01-21 14:00:00+00:00,0.9276000261306763,0.9284999966621399,0.9268100261688232,0.928409993648529,0.0
2026-01-21 14:15:00+00:00,0.9284200072288513,0.9285600185394287,0.9276300072669983,0.9282299876213074,0.0
2026-01-21 14:30:00+00:00,0.9282500147819519,0.9282600283622742,0.9272900223731995,0.9280099868774414,0.0
2026-01-21 14:45:00+00:00,0.9279999732971191,0.9287999868392944,0.9276099801063538,0.9284800291061401,0.0
2026-01-21 15:00:00+00:00,0.9284800291061401,0.9286800026893616,0.9277899861335754,0.9284399747848511,0.0
2026-01-21 15:15:00+00:00,0.9284399747848511,0.9291300177574158,0.9280700087547302,0.9288899898529053,0.0
2026-01-21 15:30:00+00:00,0.9288899898529053,0.9299399852752686,0.9284899830818176,0.929830014705658,0.0
2026-01-21 15:45:00+00:00,0.929830014705658,0.9298999905586243,0.9286900162696838,0.9291999936103821,0.0
2026-01-21 16:00:00+00:00,0.9291800260543823,0.929419994354248,0.9285100102424622,0.9291700124740601,0.0
2026-01-21 16:15:00+00:00,0.9291800260543823,0.9293000102043152,0.9283999800682068,0.9287599921226501,0.0
2026-01-21 16:30:00+00:00,0.9287599921226501,0.9288399815559387,0.9277399778366089,0.9282900094985962,0.0
2026-01-21 16:45:00+00:00,0.9282900094985962,0.928600013256073,0.9276400208473206,0.9281399846076965,0.0
2026-01-21 17:00:00+00:00,0.9281399846076965,0.9284800291061401,0.9276099801063538,0.9279500246047974,0.0
2026-01-21 17:15:00+00:00,0.9279800057411194,0.9282299876213074,0.9273899793624878,0.9282100200653076,0.0
2026-01-21 17:30:00+00:00,0.9281899929046631,0.9286100268363953,0.9277600049972534,0.9283499717712402,0.0
2026-01-21 17:45:00+00:00,0.9283499717712402,0.9286500215530396,0.9279900193214417,0.9284399747848511,0.0
2026-01-21 18:00:00+00:00,0.928409993648529,0.9285399913787842,0.9277099967002869,0.9284300208091736,0.0
2026-01-21 18:15:00+00:00,0.9284300208091736,0.928600013256073,0.927869975566864,0.9284700155258179,0.0
2026-01-21 18:30:00+00:00,0.9284600019454956,0.928629994392395,0.9279900193214417,0.9284700155258179,0.0
2026-01-21 18:45:00+00:00,0.9284499883651733,0.928659975528717,0.9277799725532532,0.9282600283622742,0.0
2026-01-21 19:00:00+00:00,0.9282699823379517,0.9285500049591064,0.9278200268745422,0.9285100102424622,0.0
2026-01-21 19:15:00+00:00,0.9284499883651733,0.928820013999939,0.9277799725532532,0.9286699891090393,0.0
2026-01-21 19:30:00+00:00,0.9294999837875366,0.9304100275039673,0.9293599724769592,0.9302999973297119,0.0
2026-01-21 19:45:00+00:00,0.9302999973297119,0.9307600259780884,0.9299200177192688,0.9301599860191345,0.0
2026-01-21 20:00:00+00:00,0.9301599860191345,0.9303399920463562,0.9296500086784363,0.930180013179779,0.0
2026-01-21 20:15:00+00:00,0.930180013179779,0.9302999973297119,0.9295899868011475,0.9298800230026245,0.0
2026-01-21 20:30:00+00:00,0.929830014705658,0.9300000071525574,0.9292700290679932,0.9298700094223022,0.0
2026-01-21 20:45:00+00:00,0.929830014705658,0.9298999905586243,0.9290000200271606,0.9294999837875366,0.0
2026-01-21 21:00:00+00:00,0.9294999837875366,0.9297000169754028,0.9289699792861938,0.9296299815177917,0.0
2026-01-21 21:15:00+00:00,0.929610013961792,0.9297099709510803,0.9290300011634827,0.929639995098114,0.0
2026-01-21 21:30:00+00:00,0.9296299815177917,0.9297199845314026,0.9290000200271606,0.9294700026512146,0.0
2026-01-21 21:45:00+00:00,0.9294300079345703,0.9298999905586243,0.9289900064468384,0.9291200041770935,0.0
2026-01-21 22:00:00+00:00,0.9287800192832947,0.9298200011253357,0.9287800192832947,0.9292700290679932,0.0
2026-01-21 22:15:00+00:00,0.9293000102043152,0.9297000169754028,0.9289000034332275,0.9294300079345703,0.0
2026-01-21 22:30:00+00:00,0.9293199777603149,0.9297000169754028,0.9291599988937378,0.9293400049209595,0.0
2026-01-21 22:45:00+00:00,0.9294700026512146,0.9296299815177917,0.9291999936103821,0.9295300245285034,0.0
2026-01-21 23:00:00+00:00,0.9294999837875366,0.9297299981117249,0.9289299845695496,0.9295300245285034,0.0
2026-01-21 23:15:00+00:00,0.9295300245285034,0.929639995098114,0.9289900064468384,0.9293599724769592,0.0
2026-01-21 23:30:00+00:00,0.9294499754905701,0.9296000003814697,0.9286699891090393,0.9293799996376038,0.0
2026-01-21 23:45:00+00:00,0.929419994354248,0.9297000169754028,0.9289500117301941,0.9295600056648254,0.0
2026-01-22 00:00:00+00:00,0.9295499920845032,0.9297999739646912,0.929069995880127,0.9294999837875366,0.0
2026-01-22 00:15:00+00:00,0.9295300245285034,0.9296000003814697,0.9290099740028381,0.9294800162315369,0.0
2026-01-22 00:30:00+00:00,0.9294800162315369,0.9296000003814697,0.928820013999939,0.9292700290679932,0.0
2026-01-22 00:45:00+00:00,0.9292700290679932,0.9294000267982483,0.9288100004196167,0.9292899966239929,0.0
2026-01-22 01:00:00+00:00,0.9292899966239929,0.9297199845314026,0.9288899898529053,0.929610013961792,0.0
2026-01-22 01:15:00+00:00,0.929610013961792,0.9298499822616577,0.9292600154876709,0.9297299981117249,0.0
2026-01-22 01:30:00+00:00,0.9297299981117249,0.929830014705658,0.9292100071907043,0.9297800064086914,0.0
2026-01-22 01:45:00+00:00,0.9297699928283691,0.9298999905586243,0.9292299747467041,0.9298499822616577,0.0
2026-01-22 02:00:00+00:00,0.9298400282859802,0.9301000237464905,0.9291399717330933,0.9295300245285034,0.0
2026-01-22 02:15:00+00:00,0.9295300245285034,0.9297199845314026,0.9291200041770935,0.929610013961792,0.0
2026-01-22 02:30:00+00:00,0.929610013961792,0.9297000169754028,0.9289500117301941,0.9294000267982483,0.0
2026-01-22 02:45:00+00:00,0.9294000267982483,0.9296200275421143,0.928879976272583,0.9294899702072144,0.0
2026-01-22 03:00:00+00:00,0.9294800162315369,0.9296000003814697,0.9289399981498718,0.929390013217926,0.0
2026-01-22 03:15:00+00:00,0.929390013217926,0.9296000003814697,0.9289900064468384,0.9295399785041809,0.0
2026-01-22 03:30:00+00:00,0.9295399785041809,0.9297000169754028,0.9289799928665161,0.9294800162315369,0.0
2026-01-22 03:45:00+00:00,0.9294899702072144,0.9296000003814697,0.928820013999939,0.9292200207710266,0.0
2026-01-22 04:00:00+00:00,0.9292100071907043,0.9293000102043152,0.9283900260925293,0.9289299845695496,0.0
2026-01-22 04:15:00+00:00,0.9289299845695496,0.9290000200271606,0.9282900094985962,0.9287599921226501,0.0
2026-01-22 04:30:00+00:00,0.9287599921226501,0.9290000200271606,0.9283199906349182,0.9289600253105164,0.0
2026-01-22 04:45:00+00:00,0.9289600253105164,0.9291300177574158,0.9285399913787842,0.9290199875831604,0.0
2026-01-22 05:00:00+00:00,0.9290199875831604,0.9291999936103821,0.9285200238227844,0.9291099905967712,0.0
2026-01-22 05:15:00+00:00,0.9291300177574158,0.9291300177574158,0.9283699989318848,0.9289699792861938,0.0
2026-01-22 05:30:00+00:00,0.9289399981498718,0.9290300011634827,0.9284499883651733,0.9289900064468384,0.0
2026-01-22 05:45:00+00:00,0.9289799928665161,0.929099977016449,0.9283499717712402,0.9288100004196167,0.0
2026-01-22 06:00:00+00:00,0.9287999868392944,0.9291700124740601,0.9283499717712402,0.929069995880127,0.0
2026-01-22 06:15:00+00:00,0.929069995880127,0.929099977016449,0.9282900094985962,0.9288100004196167,0.0
2026-01-22 06:30:00+00:00,0.9288100004196167,0.9289000034332275,0.9282500147819519,0.928820013999939,0.0
2026-01-22 06:45:00+00:00,0.928820013999939,0.9292100071907043,0.9283999800682068,0.9290099740028381,0.0
2026-01-22 07:00:00+00:00,0.9290000200271606,0.9291399717330933,0.9282500147819519,0.9290500283241272,0.0
2026-01-22 07:15:00+00:00,0.929069995880127,0.9294000267982483,0.928600013256073,0.9289900064468384,0.0
2026-01-22 07:30:00+00:00,0.9289900064468384,0.9290199875831604,0.9280099868774414,0.9285899996757507,0.0
2026-01-22 07:45:00+00:00,0.9286199808120728,0.9286999702453613,0.9276800155639648,0.9282900094985962,0.0
2026-01-22 08:00:00+00:00,0.928309977054596,0.9288300275802612,0.927839994430542,0.9283300042152405,0.0
2026-01-22 08:15:00+00:00,0.9283599853515625,0.9283999800682068,0.927370011806488,0.9276800155639648,0.0
2026-01-22 08:30:00+00:00,0.9276800155639648,0.92781001329422,0.9271100163459778,0.927619993686676,0.0
2026-01-22 08:45:00+00:00,0.9276300072669983,0.9277300238609314,0.9270099997520447,0.9275000095367432,0.0
2026-01-22 09:00:00+00:00,0.9274899959564209,0.9279400110244751,0.9270399808883667,0.9276800155639648,0.0
2026-01-22 09:15:00+00:00,0.9276700019836426,0.9279999732971191,0.9270099997520447,0.9274500012397766,0.0
2026-01-22 09:30:00+00:00,0.9274299740791321,0.92781001329422,0.926829993724823,0.9277099967002869,0.0
2026-01-22 09:45:00+00:00,0.9277099967002869,0.9279000163078308,0.9271299839019775,0.9275299906730652,0.0
2026-01-22 10:00:00+00:00,0.9275100231170654,0.9281600117683411,0.9271000027656555,0.9280200004577637,0.0
2026-01-22 10:15:00+00:00,0.9280300140380859,0.9281700253486633,0.9273200035095215,0.9279500246047974,0.0
2026-01-22 10:30:00+00:00,0.9279400110244751,0.9280999898910522,0.9274200201034546,0.9279999732971191,0.0
2026-01-22 10:45:00+00:00,0.9279900193214417,0.9281299710273743,0.9271399974822998,0.9277300238609314,0.0
2026-01-22 11:00:00+00:00,0.9277300238609314,0.9279999732971191,0.9272300004959106,0.927869975566864,0.0
2026-01-22 11:15:00+00:00,0.927839994430542,0.9279299974441528,0.9271100163459778,0.9278299808502197,0.0
2026-01-22 11:30:00+00:00,0.92781001329422,0.9280200004577637,0.9272199869155884,0.9276599884033203,0.0
2026-01-22 11:45:00+00:00,0.9276300072669983,0.9279099702835083,0.9269099831581116,0.9277600049972534,0.0
2026-01-22 12:00:00+00:00,0.9277899861335754,0.9277899861335754,0.9270600080490112,0.9274899959564209,0.0
2026-01-22 12:15:00+00:00,0.9275000095367432,0.9277200102806091,0.9270600080490112,0.9276400208473206,0.0
2026-01-22 12:30:00+00:00,0.927619993686676,0.9279099702835083,0.9271199703216553,0.92781001329422,0.0
2026-01-22 12:45:00+00:00,0.92781001329422,0.9282699823379517,0.9273499846458435,0.928059995174408,0.0
2026-01-22 13:00:00+00:00,0.9280800223350525,0.9283499717712402,0.9276800155639648,0.9281899929046631,0.0
2026-01-22 13:15:00+00:00,0.9281700253486633,0.9282299876213074,0.9273200035095215,0.9281100034713745,0.0
2026-01-22 13:30:00+00:00,0.9279000163078308,0.928409993648529,0.9274500012397766,0.9280700087547302,0.0
2026-01-22 13:45:00+00:00,0.9280700087547302,0.9283599853515625,0.927649974822998,0.9282799959182739,0.0
2026-01-22 14:00:00+00:00,0.9282500147819519,0.928309977054596,0.9276099801063538,0.9281399846076965,0.0
2026-01-22 14:15:00+00:00,0.9281399846076965,0.9282000064849854,0.9273899793624878,0.9281100034713745,0.0
2026-01-22 14:30:00+00:00,0.9281299710273743,0.9283199906349182,0.9273499846458435,0.9282199740409851,0.0
2026-01-22 14:45:00+00:00,0.9282299876213074,0.9284300208091736,0.927649974822998,0.9280499815940857,0.0
2026-01-22 15:00:00+00:00,0.9281200170516968,0.9282500147819519,0.9275299906730652,0.9280700087547302,0.0
2026-01-22 15:15:00+00:00,0.9280800223350525,0.9283000230789185,0.9276599884033203,0.9282000064849854,0.0
2026-01-22 15:30:00+00:00,0.9281600117683411,0.9283000230789185,0.9276300072669983,0.9280800223350525,0.0
2026-01-22 15:45:00+00:00,0.9280800223350525,0.9283000230789185,0.9273999929428101,0.9278600215911865,0.0
2026-01-22 16:00:00+00:00,0.9278900027275085,0.9280800223350525,0.9272900223731995,0.9279299974441528,0.0
2026-01-22 16:15:00+00:00,0.9279199838638306,0.9283999800682068,0.9274500012397766,0.92808997631073,0.0
2026-01-22 16:30:00+00:00,0.92808997631073,0.9282299876213074,0.9275699853897095,0.9279999732971191,0.0
2026-01-22 16:45:00+00:00,0.9279900193214417,0.9280999898910522,0.9273899793624878,0.9278299808502197,0.0
2026-01-22 17:00:00+00:00,0.927839994430542,0.9280099868774414,0.9271399974822998,0.9277300238609314,0.0
2026-01-22 17:15:00+00:00,0.9277300238609314,0.9277700185775757,0.9268699884414673,0.9276800155639648,0.0
2026-01-22 17:30:00+00:00,0.9276800155639648,0.9279000163078308,0.9272199869155884,0.9276400208473206,0.0
2026-01-22 17:45:00+00:00,0.9276300072669983,0.9280999898910522,0.9268699884414673,0.9279800057411194,0.0
2026-01-22 18:00:00+00:00,0.9279599785804749,0.9281200170516968,0.9274700284004211,0.9280499815940857,0.0
2026-01-22 18:15:00+00:00,0.9280800223350525,0.9280999898910522,0.9274100065231323,0.927869975566864,0.0
2026-01-22 18:30:00+00:00,0.927869975566864,0.9280300140380859,0.9272800087928772,0.9278799891471863,0.0
2026-01-22 18:45:00+00:00,0.9278600215911865,0.9280200004577637,0.9274200201034546,0.9278500080108643,0.0
2026-01-22 19:00:00+00:00,0.9278299808502197,0.9281100034713745,0.9273499846458435,0.9279800057411194,0.0
2026-01-22 19:15:00+00:00,0.9279800057411194,0.9280300140380859,0.9273999929428101,0.92781001329422,0.0
2026-01-22 19:30:00+00:00,0.92781001329422,0.9279000163078308,0.9272699952125549,0.9277300238609314,0.0
2026-01-22 19:45:00+00:00,0.9277099967002869,0.9279000163078308,0.9272300004959106,0.9278600215911865,0.0
2026-01-22 20:00:00+00:00,0.9278299808502197,0.9278299808502197,0.9271399974822998,0.9276000261306763,0.0
2026-01-22 20:15:00+00:00,0.9275699853897095,0.9276999831199646,0.9271100163459778,0.9275299906730652,0.0
2026-01-22 20:30:00+00:00,0.9275299906730652,0.9276099801063538,0.927049994468689,0.9275599718093872,0.0
2026-01-22 20:45:00+00:00,0.9275699853897095,0.9277399778366089,0.9271299839019775,0.9276599884033203,0.0
2026-01-22 21:00:00+00:00,0.9276900291442871,0.9277099967002869,0.9270600080490112,0.9275699853897095,0.0
2026-01-22 21:15:00+00:00,0.9275699853897095,0.9276999831199646,0.927049994468689,0.9275699853897095,0.0
2026-01-22 21:30:00+00:00,0.9275699853897095,0.9276099801063538,0.9270300269126892,0.9274899959564209,0.0
2026-01-22 21:45:00+00:00,0.9274399876594543,0.9276000261306763,0.926289975643158,0.927049994468689,0.0
2026-01-22 22:00:00+00:00,0.9269999861717224,0.9288399815559387,0.9269999861717224,0.9274700284004211,0.0
2026-01-22 22:15:00+00:00,0.9274500012397766,0.9277999997138977,0.9272300004959106,0.9273999929428101,0.0
2026-01-22 22:30:00+00:00,0.9274700284004211,0.9279400110244751,0.9273099899291992,0.9275699853897095,0.0
2026-01-22 22:45:00+00:00,0.9275799989700317,0.9279099702835083,0.9273800253868103,0.9277300238609314,0.0
2026-01-22 23:00:00+00:00,0.9277300238609314,0.9278200268745422,0.9269999861717224,0.9273999929428101,0.0
2026-01-22 23:15:00+00:00,0.9273999929428101,0.9275400042533875,0.9269599914550781,0.9274200201034546,0.0
2026-01-22 23:30:00+00:00,0.9274200201034546,0.9276000261306763,0.9270200133323669,0.9274899959564209,0.0
2026-01-22 23:45:00+00:00,0.9275100231170654,0.9276000261306763,0.9269999861717224,0.9274500012397766,0.0
2026-01-23 00:00:00+00:00,0.9274100065231323,0.9276000261306763,0.9270099997520447,0.9275400042533875,0.0
2026-01-23 00:15:00+00:00,0.9275199770927429,0.9276900291442871,0.9269300103187561,0.9273999929428101,0.0
2026-01-23 00:30:00+00:00,0.9274200201034546,0.9274399876594543,0.926829993724823,0.9272699952125549,0.0
2026-01-23 00:45:00+00:00,0.9272699952125549,0.9274399876594543,0.9268199801445007,0.9273899793624878,0.0
2026-01-23 01:00:00+00:00,0.9273899793624878,0.9275400042533875,0.9269300103187561,0.9275000095367432,0.0
2026-01-23 01:15:00+00:00,0.9274899959564209,0.9277099967002869,0.9270399808883667,0.9275299906730652,0.0
2026-01-23 01:30:00+00:00,0.9275199770927429,0.9276000261306763,0.9269199967384338,0.9276000261306763,0.0
2026-01-23 01:45:00+00:00,0.9275799989700317,0.9279000163078308,0.9271799921989441,0.9278299808502197,0.0
2026-01-23 02:00:00+00:00,0.9278299808502197,0.9279999732971191,0.9273599982261658,0.9279500246047974,0.0
2026-01-23 02:15:00+00:00,0.9279400110244751,0.9280999898910522,0.9273999929428101,0.9280700087547302,0.0
2026-01-23 02:30:00+00:00,0.928059995174408,0.9282400012016296,0.9275699853897095,0.9281600117683411,0.0
2026-01-23 02:45:00+00:00,0.9281600117683411,0.9283599853515625,0.9277399778366089,0.9282900094985962,0.0
2026-01-23 03:00:00+00:00,0.9282900094985962,0.9283199906349182,0.9277399778366089,0.9281700253486633,0.0
2026-01-23 03:15:00+00:00,0.9281899929046631,0.9282900094985962,0.9275699853897095,0.9282299876213074,0.0
2026-01-23 03:30:00+00:00,0.9281799793243408,0.9283599853515625,0.9277300238609314,0.9282900094985962,0.0
2026-01-23 03:45:00+00:00,0.9283300042152405,0.9283599853515625,0.9277899861335754,0.9282500147819519,0.0
2026-01-23 04:00:00+00:00,0.9282500147819519,0.928409993648529,0.927839994430542,0.928380012512207,0.0
2026-01-23 04:15:00+00:00,0.928380012512207,0.9284200072288513,0.9278600215911865,0.9283199906349182,0.0
2026-01-23 04:30:00+00:00,0.9283000230789185,0.9283999800682068,0.9277999997138977,0.9283400177955627,0.0
2026-01-23 04:45:00+00:00,0.9283499717712402,0.9283999800682068,0.9278799891471863,0.9283000230789185,0.0
2026-01-23 05:00:00+00:00,0.928309977054596,0.928600013256073,0.9279699921607971,0.9285200238227844,0.0
2026-01-23 05:15:00+00:00,0.9285200238227844,0.928600013256073,0.9280099868774414,0.9284300208091736,0.0
2026-01-23 05:30:00+00:00,0.9284300208091736,0.9284999966621399,0.9279699921607971,0.9284200072288513,0.0
2026-01-23 05:45:00+00:00,0.9284200072288513,0.9284999966621399,0.9279599785804749,0.9283699989318848,0.0
2026-01-23 06:00:00+00:00,0.9283699989318848,0.9284999966621399,0.9279099702835083,0.9284200072288513,0.0
2026-01-23 06:15:00+00:00,0.9283999800682068,0.9286999702453613,0.9279199838638306,0.9284999966621399,0.0
2026-01-23 06:30:00+00:00,0.9284999966621399,0.9286100268363953,0.9277899861335754,0.9283499717712402,0.0
2026-01-23 06:45:00+00:00,0.9283499717712402,0.9284300208091736,0.9277300238609314,0.9282299876213074,0.0
2026-01-23 07:00:00+00:00,0.9281799793243408,0.9282199740409851,0.9274200201034546,0.9279999732971191,0.0
2026-01-23 07:15:00+00:00,0.9279999732971191,0.9284999966621399,0.9275100231170654,0.9282600283622742,0.0
2026-01-23 07:30:00+00:00,0.9282400012016296,0.9283999800682068,0.9272699952125549,0.928059995174408,0.0
2026-01-23 07:45:00+00:00,0.9280700087547302,0.9281499981880188,0.9270300269126892,0.9276800155639648,0.0
2026-01-23 08:00:00+00:00,0.9276400208473206,0.9279199838638306,0.9270200133323669,0.92781001329422,0.0
2026-01-23 08:15:00+00:00,0.92781001329422,0.92781001329422,0.9270399808883667,0.9276700019836426,0.0
2026-01-23 08:30:00+00:00,0.9276700019836426,0.9282600283622742,0.9271799921989441,0.9276300072669983,0.0
2026-01-23 08:45:00+00:00,0.9276300072669983,0.9279199838638306,0.9272400140762329,0.92781001329422,0.0
2026-01-23 09:00:00+00:00,0.9277499914169312,0.9281200170516968,0.9273499846458435,0.9279599785804749,0.0
2026-01-23 09:15:00+00:00,0.9279599785804749,0.928059995174408,0.9273300170898438,0.9278900027275085,0.0
2026-01-23 09:30:00+00:00,0.9279199838638306,0.9281299710273743,0.9274399876594543,0.9280400276184082,0.0
2026-01-23 09:45:00+00:00,0.9280200004577637,0.9283300042152405,0.9276300072669983,0.9282299876213074,0.0
2026-01-23 10:00:00+00:00,0.9282400012016296,0.9284600019454956,0.9277899861335754,0.9283199906349182,0.0
2026-01-23 10:15:00+00:00,0.9283199906349182,0.9284999966621399,0.9274899959564209,0.9278900027275085,0.0
2026-01-23 10:30:00+00:00,0.9278900027275085,0.9279999732971191,0.9273099899291992,0.9278900027275085,0.0
2026-01-23 10:45:00+00:00,0.9278900027275085,0.9278900027275085,0.9270300269126892,0.9274700284004211,0.0
2026-01-23 11:00:00+00:00,0.9274600148200989,0.92808997631073,0.9271399974822998,0.9279900193214417,0.0
2026-01-23 11:15:00+00:00,0.9279999732971191,0.9283300042152405,0.9276900291442871,0.9282900094985962,0.0
2026-01-23 11:30:00+00:00,0.9282900094985962,0.9283499717712402,0.9276800155639648,0.9281499981880188,0.0
2026-01-23 11:45:00+00:00,0.9281499981880188,0.9282500147819519,0.9272300004959106,0.9277200102806091,0.0
2026-01-23 12:00:00+00:00,0.9276900291442871,0.9280499815940857,0.9272099733352661,0.9277999997138977,0.0
2026-01-23 12:15:00+00:00,0.9277899861335754,0.9279400110244751,0.9273499846458435,0.9279000163078308,0.0
2026-01-23 12:30:00+00:00,0.9278200268745422,0.9279299974441528,0.9273099899291992,0.92781001329422,0.0
2026-01-23 12:45:00+00:00,0.92781001329422,0.9280099868774414,0.9272699952125549,0.9278799891471863,0.0
2026-01-23 13:00:00+00:00,0.9278799891471863,0.9279299974441528,0.9271000027656555,0.9276300072669983,0.0
2026-01-23 13:15:00+00:00,0.927649974822998,0.9279000163078308,0.9272300004959106,0.9276599884033203,0.0
2026-01-23 13:30:00+00:00,0.9276700019836426,0.9279199838638306,0.9272300004959106,0.9279199838638306,0.0
2026-01-23 13:45:00+00:00,0.9279000163078308,0.9280200004577637,0.9274200201034546,0.9279099702835083,0.0
2026-01-23 14:00:00+00:00,0.9279099702835083,0.9282199740409851,0.9273399710655212,0.9279299974441528,0.0
2026-01-23 14:15:00+00:00,0.9279199838638306,0.9280499815940857,0.9273399710655212,0.9279999732971191,0.0
2026-01-23 14:30:00+00:00,0.9279999732971191,0.9281100034713745,0.9273599982261658,0.9275799989700317,0.0
2026-01-23 14:45:00+00:00,0.9275699853897095,0.928309977054596,0.9274100065231323,0.9281399846076965,0.0
2026-01-23 15:00:00+00:00,0.9281799793243408,0.9283699989318848,0.927619993686676,0.92808997631073,0.0
2026-01-23 15:15:00+00:00,0.9280700087547302,0.9286999702453613,0.9276900291442871,0.9285500049591064,0.0
2026-01-23 15:30:00+00:00,0.9285899996757507,0.9286999702453613,0.927869975566864,0.9284200072288513,0.0
2026-01-23 15:45:00+00:00,0.928409993648529,0.928600013256073,0.9270399808883667,0.9277799725532532,0.0
2026-01-23 16:00:00+00:00,0.9276599884033203,0.9280700087547302,0.9272300004959106,0.9279199838638306,0.0
2026-01-23 16:15:00+00:00,0.9279199838638306,0.9280400276184082,0.9270099997520447,0.927299976348877,0.0
2026-01-23 16:30:00+00:00,0.927299976348877,0.9273499846458435,0.9264799952507019,0.9270399808883667,0.0
2026-01-23 16:45:00+00:00,0.9270399808883667,0.9275299906730652,0.9266899824142456,0.9273899793624878,0.0
2026-01-23 17:00:00+00:00,0.9273399710655212,0.9279999732971191,0.9266899824142456,0.9279400110244751,0.0
2026-01-23 17:15:00+00:00,0.9279299974441528,0.9279800057411194,0.9267399907112122,0.9273200035095215,0.0
2026-01-23 17:30:00+00:00,0.9273099899291992,0.9273300170898438,0.9261299967765808,0.9266700148582458,0.0
2026-01-23 17:45:00+00:00,0.9266600012779236,0.9269700050354004,0.9261500239372253,0.9267299771308899,0.0
2026-01-23 18:00:00+00:00,0.9267799854278564,0.9272000193595886,0.9263799786567688,0.9270399808883667,0.0
2026-01-23 18:15:00+00:00,0.9270600080490112,0.9271500110626221,0.9261400103569031,0.9265900254249573,0.0
2026-01-23 18:30:00+00:00,0.9265499711036682,0.9266200065612793,0.9257100224494934,0.9263200163841248,0.0
2026-01-23 18:45:00+00:00,0.9263200163841248,0.9264400005340576,0.9257400035858154,0.9264400005340576,0.0
2026-01-23 19:00:00+00:00,0.9264100193977356,0.9265000224113464,0.9253000020980835,0.9256899952888489,0.0
2026-01-23 19:15:00+00:00,0.9256500005722046,0.9259399771690369,0.9251099824905396,0.9258900284767151,0.0
2026-01-23 19:30:00+00:00,0.9258300065994263,0.9261400103569031,0.9250199794769287,0.9255200028419495,0.0
2026-01-23 19:45:00+00:00,0.9254900217056274,0.9255200028419495,0.9231299757957458,0.9242600202560425,0.0
2026-01-23 20:00:00+00:00,0.9242600202560425,0.9245700240135193,0.9236099720001221,0.9242900013923645,0.0
2026-01-23 20:15:00+00:00,0.9242500066757202,0.9247499704360962,0.9236599802970886,0.924239993095398,0.0
2026-01-23 20:30:00+00:00,0.9242799878120422,0.9249399900436401,0.924049973487854,0.9249100089073181,0.0
2026-01-23 20:45:00+00:00,0.9248999953269958,0.9250400066375732,0.9235600233078003,0.9240300059318542,0.0
2026-01-23 21:00:00+00:00,0.9240099787712097,0.9243500232696533,0.9233300089836121,0.923740029335022,0.0
2026-01-23 21:15:00+00:00,0.9237099885940552,0.9238799810409546,0.921459972858429,0.922540009021759,0.0
2026-01-23 21:30:00+00:00,0.9225599765777588,0.9236999750137329,0.9217900037765503,0.9226899743080139,0.0
2026-01-23 21:45:00+00:00,0.9226700067520142,0.9235799908638,0.922249972820282,0.922249972820282,0.0
2026-01-23 22:00:00+00:00,0.9223300218582153,0.9223300218582153,0.9223300218582153,0.9223300218582153,0.0
2026-01-23 22:15:00+00:00,0.9223300218582153,0.9223300218582153,0.9223300218582153,0.9223300218582153,0.0
2026-01-26 00:00:00+00:00,0.9226499795913696,0.9230200052261353,0.9220100045204163,0.9228100180625916,0.0
2026-01-26 00:15:00+00:00,0.9228100180625916,0.9232000112533569,0.9223700165748596,0.922980010509491,0.0
2026-01-26 00:30:00+00:00,0.9229599833488464,0.9230300188064575,0.9216499924659729,0.9220700263977051,0.0
2026-01-26 00:45:00+00:00,0.9220700263977051,0.9225999712944031,0.9215700030326843,0.9220100045204163,0.0
2026-01-26 01:00:00+00:00,0.9220100045204163,0.9227200150489807,0.9213500022888184,0.9225900173187256,0.0
2026-01-26 01:15:00+00:00,0.9226499795913696,0.9229199886322021,0.9222099781036377,0.9226099848747253,0.0
2026-01-26 01:30:00+00:00,0.9226099848747253,0.9226999878883362,0.9216300249099731,0.9221400022506714,0.0
2026-01-26 01:45:00+00:00,0.9221600294113159,0.9222000241279602,0.9213600158691406,0.9219099879264832,0.0
2026-01-26 02:00:00+00:00,0.921970009803772,0.9222000241279602,0.9212599992752075,0.92180997133255,0.0
2026-01-26 02:15:00+00:00,0.9217600226402283,0.9221000075340271,0.9212999939918518,0.9219099879264832,0.0
2026-01-26 02:30:00+00:00,0.9219099879264832,0.921999990940094,0.9212200045585632,0.921720027923584,0.0
2026-01-26 02:45:00+00:00,0.9217000007629395,0.9221100211143494,0.9211400151252747,0.9218199849128723,0.0
2026-01-26 03:00:00+00:00,0.9218199849128723,0.921999990940094,0.9213200211524963,0.9218000173568726,0.0
2026-01-26 03:15:00+00:00,0.9217900037765503,0.9219300150871277,0.9213100075721741,0.9217900037765503,0.0
2026-01-26 03:30:00+00:00,0.921750009059906,0.9218999743461609,0.9211099743843079,0.9215499758720398,0.0
2026-01-26 03:45:00+00:00,0.9215199947357178,0.9218000173568726,0.9210600256919861,0.921750009059906,0.0
2026-01-26 04:00:00+00:00,0.921750009059906,0.9220200181007385,0.9213200211524963,0.9215899705886841,0.0
2026-01-26 04:15:00+00:00,0.9215599894523621,0.9218999743461609,0.921019971370697,0.9217100143432617,0.0
2026-01-26 04:30:00+00:00,0.921720027923584,0.9218999743461609,0.9212599992752075,0.9215999841690063,0.0
2026-01-26 04:45:00+00:00,0.9215899705886841,0.9218199849128723,0.9211099743843079,0.9216899871826172,0.0
2026-01-26 05:00:00+00:00,0.9216899871826172,0.9218999743461609,0.9212599992752075,0.9217100143432617,0.0
2026-01-26 05:15:00+00:00,0.9217100143432617,0.9218999743461609,0.9210399985313416,0.921500027179718,0.0
2026-01-26 05:30:00+00:00,0.921500027179718,0.9218000173568726,0.9211199879646301,0.9217000007629395,0.0
2026-01-26 05:45:00+00:00,0.9217000007629395,0.9219099879264832,0.9212999939918518,0.9218400120735168,0.0
2026-01-26 06:00:00+00:00,0.9218400120735168,0.9223499894142151,0.9212899804115295,0.9223300218582153,0.0
2026-01-26 06:15:00+00:00,0.9223300218582153,0.9223999977111816,0.9216499924659729,0.9220600128173828,0.0
2026-01-26 06:30:00+00:00,0.9220600128173828,0.9221400022506714,0.921209990978241,0.9218400120735168,0.0
2026-01-26 06:45:00+00:00,0.9218400120735168,0.9221199750900269,0.9213100075721741,0.9218999743461609,0.0
2026-01-26 07:00:00+00:00,0.9218699932098389,0.9222000241279602,0.9211999773979187,0.9216799736022949,0.0
2026-01-26 07:15:00+00:00,0.9216799736022949,0.9218000173568726,0.9209399819374084,0.9217299818992615,0.0
2026-01-26 07:30:00+00:00,0.9216899871826172,0.9227499961853027,0.9212700128555298,0.9225199818611145,0.0
2026-01-26 07:45:00+00:00,0.9225199818611145,0.9225500226020813,0.9216200113296509,0.9224500060081482,0.0
2026-01-26 08:00:00+00:00,0.9224299788475037,0.9228600263595581,0.9216099977493286,0.9218699932098389,0.0
2026-01-26 08:15:00+00:00,0.9218699932098389,0.922540009021759,0.9213799834251404,0.9222999811172485,0.0
2026-01-26 08:30:00+00:00,0.922290027141571,0.9223999977111816,0.9209200143814087,0.9213899970054626,0.0
2026-01-26 08:45:00+00:00,0.9213899970054626,0.921500027179718,0.9204699993133545,0.9210699796676636,0.0
2026-01-26 09:00:00+00:00,0.9210699796676636,0.9211400151252747,0.9200000166893005,0.9208400249481201,0.0
2026-01-26 09:15:00+00:00,0.9208199977874756,0.9208999872207642,0.9195500016212463,0.9199699759483337,0.0
2026-01-26 09:30:00+00:00,0.9199699759483337,0.9202799797058105,0.919219970703125,0.9202399849891663,0.0
2026-01-26 09:45:00+00:00,0.9202399849891663,0.9207299947738647,0.9197900295257568,0.9204000234603882,0.0
2026-01-26 10:00:00+00:00,0.9204000234603882,0.9204999804496765,0.9198200106620789,0.9203699827194214,0.0
2026-01-26 10:15:00+00:00,0.9203600287437439,0.9207199811935425,0.919700026512146,0.9206500053405762,0.0
2026-01-26 10:30:00+00:00,0.9206399917602539,0.9211199879646301,0.9200699925422668,0.9209799766540527,0.0
2026-01-26 10:45:00+00:00,0.9209700226783752,0.9214900135993958,0.9201599955558777,0.9213700294494629,0.0
2026-01-26 11:00:00+00:00,0.9213700294494629,0.9218000173568726,0.920930027961731,0.9217900037765503,0.0
2026-01-26 11:15:00+00:00,0.9217399954795837,0.9220200181007385,0.9212700128555298,0.9219499826431274,0.0
2026-01-26 11:30:00+00:00,0.9219800233840942,0.9220700263977051,0.9210399985313416,0.9216200113296509,0.0
2026-01-26 11:45:00+00:00,0.9216200113296509,0.9217000007629395,0.9210000038146973,0.9215400218963623,0.0
2026-01-26 12:00:00+00:00,0.9215700030326843,0.9222099781036377,0.921209990978241,0.9222000241279602,0.0
2026-01-26 12:15:00+00:00,0.9221900105476379,0.9224399924278259,0.9213299751281738,0.9218199849128723,0.0
2026-01-26 12:30:00+00:00,0.9218199849128723,0.92194002866745,0.921180009841919,0.9215700030326843,0.0
2026-01-26 12:45:00+00:00,0.9215700030326843,0.92194002866745,0.9210799932479858,0.9219300150871277,0.0
2026-01-26 13:00:00+00:00,0.9218900203704834,0.9225000143051147,0.92153000831604,0.9219599962234497,0.0
2026-01-26 13:15:00+00:00,0.9219599962234497,0.9223499894142151,0.9215899705886841,0.9221299886703491,0.0
2026-01-26 13:30:00+00:00,0.9221299886703491,0.9224399924278259,0.9215700030326843,0.9220700263977051,0.0
2026-01-26 13:45:00+00:00,0.9220700263977051,0.9222400188446045,0.9213700294494629,0.922029972076416,0.0
2026-01-26 14:00:00+00:00,0.9219899773597717,0.9220700263977051,0.9211000204086304,0.92153000831604,0.0
2026-01-26 14:15:00+00:00,0.92153000831604,0.9219800233840942,0.9210799932479858,0.9218500256538391,0.0
2026-01-26 14:30:00+00:00,0.9218599796295166,0.9220200181007385,0.9213500022888184,0.9219599962234497,0.0
2026-01-26 14:45:00+00:00,0.92194002866745,0.921999990940094,0.920799970626831,0.9212599992752075,0.0
2026-01-26 15:00:00+00:00,0.921209990978241,0.9213500022888184,0.9204599857330322,0.9211599826812744,0.0
2026-01-26 15:15:00+00:00,0.9211999773979187,0.9212999939918518,0.9203100204467773,0.9208700060844421,0.0
2026-01-26 15:30:00+00:00,0.9208700060844421,0.9213100075721741,0.9201300144195557,0.9206900000572205,0.0
2026-01-26 15:45:00+00:00,0.9206500053405762,0.9209100008010864,0.9199399948120117,0.9206699728965759,0.0
2026-01-26 16:00:00+00:00,0.9206399917602539,0.9211599826812744,0.9198099970817566,0.9210900068283081,0.0
2026-01-26 16:15:00+00:00,0.9211000204086304,0.9216700196266174,0.9204800128936768,0.921500027179718,0.0
2026-01-26 16:30:00+00:00,0.921459972858429,0.9218000173568726,0.9210000038146973,0.9214000105857849,0.0
2026-01-26 16:45:00+00:00,0.9214100241661072,0.9215999841690063,0.9208099842071533,0.9215199947357178,0.0
2026-01-26 17:00:00+00:00,0.9215199947357178,0.9217399954795837,0.9210299849510193,0.921720027923584,0.0
2026-01-26 17:15:00+00:00,0.9217399954795837,0.9223099946975708,0.9211099743843079,0.9219599962234497,0.0
2026-01-26 17:30:00+00:00,0.9219300150871277,0.9221100211143494,0.9213600158691406,0.921999990940094,0.0
2026-01-26 17:45:00+00:00,0.921999990940094,0.92221999168396,0.9215599894523621,0.9220499992370605,0.0
2026-01-26 18:00:00+00:00,0.9220200181007385,0.9221000075340271,0.9213299751281738,0.9219200015068054,0.0
2026-01-26 18:15:00+00:00,0.9219099879264832,0.921999990940094,0.9212499856948853,0.9217399954795837,0.0
2026-01-26 18:30:00+00:00,0.9217399954795837,0.922469973564148,0.9214199781417847,0.9224100112915039,0.0
2026-01-26 18:45:00+00:00,0.9224100112915039,0.9227200150489807,0.9220100045204163,0.9224299788475037,0.0
2026-01-26 19:00:00+00:00,0.9224600195884705,0.9227200150489807,0.921970009803772,0.9223099946975708,0.0
2026-01-26 19:15:00+00:00,0.9223600029945374,0.9225199818611145,0.9218500256538391,0.922469973564148,0.0
2026-01-26 19:30:00+00:00,0.9224399924278259,0.9226199984550476,0.9218800067901611,0.9223700165748596,0.0
2026-01-26 19:45:00+00:00,0.9223600029945374,0.9223999977111816,0.9215400218963623,0.9222099781036377,0.0
2026-01-26 20:00:00+00:00,0.9222099781036377,0.9224900007247925,0.9217100143432617,0.9221699833869934,0.0
2026-01-26 20:15:00+00:00,0.9221699833869934,0.9226499795913696,0.9217299818992615,0.922569990158081,0.0
2026-01-26 20:30:00+00:00,0.922569990158081,0.9228500127792358,0.9222000241279602,0.9226899743080139,0.0
2026-01-26 20:45:00+00:00,0.9226800203323364,0.9228600263595581,0.92221999168396,0.9227799773216248,0.0
2026-01-26 21:00:00+00:00,0.9227799773216248,0.9228399991989136,0.9221500158309937,0.9226499795913696,0.0
2026-01-26 21:15:00+00:00,0.9226499795913696,0.9229099750518799,0.9221299886703491,0.922789990901947,0.0
2026-01-26 21:30:00+00:00,0.9228000044822693,0.9228100180625916,0.9222599864006042,0.9227100014686584,0.0
2026-01-26 21:45:00+00:00,0.9227100014686584,0.9231500029563904,0.9223099946975708,0.9225199818611145,0.0
2026-01-26 22:00:00+00:00,0.9221299886703491,0.9226999878883362,0.9219300150871277,0.9226499795913696,0.0
2026-01-26 22:15:00+00:00,0.9225999712944031,0.922730028629303,0.9221400022506714,0.9225500226020813,0.0
2026-01-26 22:30:00+00:00,0.9225500226020813,0.9229000210762024,0.9212499856948853,0.9221000075340271,0.0
2026-01-26 22:45:00+00:00,0.9224200248718262,0.9232000112533569,0.9216300249099731,0.9229400157928467,0.0
2026-01-26 23:00:00+00:00,0.922819972038269,0.9232000112533569,0.922540009021759,0.9228799939155579,0.0
2026-01-26 23:15:00+00:00,0.9229000210762024,0.923009991645813,0.9223899841308594,0.9228399991989136,0.0
2026-01-26 23:30:00+00:00,0.9228600263595581,0.9229000210762024,0.9223700165748596,0.9228799939155579,0.0
2026-01-26 23:45:00+00:00,0.9228699803352356,0.9230999946594238,0.9224200248718262,0.9229999780654907,0.0
2026-01-27 00:00:00+00:00,0.9229699969291687,0.92330002784729,0.9224100112915039,0.9230899810791016,0.0
2026-01-27 00:15:00+00:00,0.9230999946594238,0.92330002784729,0.9226800203323364,0.9231200218200684,0.0
2026-01-27 00:30:00+00:00,0.9231200218200684,0.9232400059700012,0.9226199984550476,0.9230800271034241,0.0
2026-01-27 00:45:00+00:00,0.9230800271034241,0.9232199788093567,0.9225800037384033,0.923009991645813,0.0
2026-01-27 01:00:00+00:00,0.9229900240898132,0.9232800006866455,0.9225599765777588,0.9230300188064575,0.0
2026-01-27 01:15:00+00:00,0.9230499863624573,0.92330002784729,0.9224200248718262,0.9228699803352356,0.0
2026-01-27 01:30:00+00:00,0.9228799939155579,0.9230999946594238,0.9224200248718262,0.923009991645813,0.0
2026-01-27 01:45:00+00:00,0.9230499863624573,0.9231299757957458,0.9224799871444702,0.9229900240898132,0.0
2026-01-27 02:00:00+00:00,0.922980010509491,0.9230300188064575,0.9223999977111816,0.9228500127792358,0.0
2026-01-27 02:15:00+00:00,0.9228500127792358,0.9229099750518799,0.9222000241279602,0.9226199984550476,0.0
2026-01-27 02:30:00+00:00,0.9226199984550476,0.9226700067520142,0.9219200015068054,0.9225299954414368,0.0
2026-01-27 02:45:00+00:00,0.922540009021759,0.9226400256156921,0.921970009803772,0.922510027885437,0.0
2026-01-27 03:00:00+00:00,0.9224900007247925,0.9228000044822693,0.921970009803772,0.9226999878883362,0.0
2026-01-27 03:15:00+00:00,0.9226800203323364,0.9229000210762024,0.922290027141571,0.922789990901947,0.0
2026-01-27 03:30:00+00:00,0.9228000044822693,0.9230200052261353,0.9223700165748596,0.9229900240898132,0.0
2026-01-27 03:45:00+00:00,0.9229999780654907,0.9233999848365784,0.9225999712944031,0.9230300188064575,0.0
2026-01-27 04:00:00+00:00,0.9230300188064575,0.9233300089836121,0.9226800203323364,0.9230599999427795,0.0
2026-01-27 04:15:00+00:00,0.9230599999427795,0.9232000112533569,0.9226300120353699,0.9231600165367126,0.0
2026-01-27 04:30:00+00:00,0.9231399893760681,0.9234499931335449,0.9226700067520142,0.9233099818229675,0.0
2026-01-27 04:45:00+00:00,0.9233199954032898,0.9235600233078003,0.9229099750518799,0.9234399795532227,0.0
2026-01-27 05:00:00+00:00,0.9234399795532227,0.9236000180244446,0.922950029373169,0.9233800172805786,0.0
2026-01-27 05:15:00+00:00,0.9233800172805786,0.9235000014305115,0.922730028629303,0.9231899976730347,0.0
2026-01-27 05:30:00+00:00,0.9231699705123901,0.9233400225639343,0.9227499961853027,0.9231200218200684,0.0
2026-01-27 05:45:00+00:00,0.9231100082397461,0.9233099818229675,0.9226800203323364,0.9232500195503235,0.0
2026-01-27 06:00:00+00:00,0.9232199788093567,0.9233999848365784,0.9225999712944031,0.9229999780654907,0.0
2026-01-27 06:15:00+00:00,0.9229999780654907,0.9232100248336792,0.9225299954414368,0.9231600165367126,0.0
2026-01-27 06:30:00+00:00,0.9231500029563904,0.92330002784729,0.9223799705505371,0.922760009765625,0.0
2026-01-27 06:45:00+00:00,0.922760009765625,0.9230999946594238,0.9221900105476379,0.9230800271034241,0.0
2026-01-27 07:00:00+00:00,0.923039972782135,0.9232699871063232,0.922469973564148,0.922980010509491,0.0
2026-01-27 07:15:00+00:00,0.922980010509491,0.9232100248336792,0.922469973564148,0.9229199886322021,0.0
2026-01-27 07:30:00+00:00,0.9229199886322021,0.9230300188064575,0.9222800135612488,0.9226099848747253,0.0
2026-01-27 07:45:00+00:00,0.9226599931716919,0.9230200052261353,0.9220799803733826,0.9227399826049805,0.0
2026-01-27 08:00:00+00:00,0.9227100014686584,0.9231100082397461,0.9221400022506714,0.9228500127792358,0.0
2026-01-27 08:15:00+00:00,0.9228500127792358,0.9230999946594238,0.9218699932098389,0.9223700165748596,0.0
2026-01-27 08:30:00+00:00,0.9223700165748596,0.9225999712944031,0.9217699766159058,0.9221600294113159,0.0
2026-01-27 08:45:00+00:00,0.9221699833869934,0.9223999977111816,0.9216899871826172,0.9221699833869934,0.0
2026-01-27 09:00:00+00:00,0.9221500158309937,0.922730028629303,0.9216600060462952,0.9224299788475037,0.0
2026-01-27 09:15:00+00:00,0.9224299788475037,0.9226400256156921,0.9218999743461609,0.9224100112915039,0.0
2026-01-27 09:30:00+00:00,0.9224100112915039,0.9227200150489807,0.9218500256538391,0.9227100014686584,0.0
2026-01-27 09:45:00+00:00,0.9226499795913696,0.9228799939155579,0.9217000007629395,0.9221900105476379,0.0
2026-01-27 10:00:00+00:00,0.9221900105476379,0.9227700233459473,0.9216799736022949,0.9227200150489807,0.0
2026-01-27 10:15:00+00:00,0.9227100014686584,0.922819972038269,0.9219899773597717,0.9226099848747253,0.0
2026-01-27 10:30:00+00:00,0.9226099848747253,0.9226999878883362,0.9216899871826172,0.922290027141571,0.0
2026-01-27 10:45:00+00:00,0.922290027141571,0.9224100112915039,0.9211300015449524,0.9216099977493286,0.0
2026-01-27 11:00:00+00:00,0.9215999841690063,0.9217000007629395,0.9209799766540527,0.92153000831604,0.0
2026-01-27 11:15:00+00:00,0.92153000831604,0.9217100143432617,0.9208300113677979,0.9213700294494629,0.0
2026-01-27 11:30:00+00:00,0.9213700294494629,0.9216399788856506,0.9209100008010864,0.9215099811553955,0.0
2026-01-27 11:45:00+00:00,0.9215099811553955,0.9215999841690063,0.9206100106239319,0.9210399985313416,0.0
2026-01-27 12:00:00+00:00,0.9210399985313416,0.9211000204086304,0.920229971408844,0.920740008354187,0.0
2026-01-27 12:15:00+00:00,0.9207299947738647,0.9207500219345093,0.9193199872970581,0.9198099970817566,0.0
2026-01-27 12:30:00+00:00,0.9198099970817566,0.9198700189590454,0.9186499714851379,0.9191200137138367,0.0
2026-01-27 12:45:00+00:00,0.9191399812698364,0.919730007648468,0.9185799956321716,0.9195700287818909,0.0
2026-01-27 13:00:00+00:00,0.9195700287818909,0.9197400212287903,0.9188399910926819,0.9194899797439575,0.0
2026-01-27 13:15:00+00:00,0.9194700121879578,0.919510006904602,0.9184799790382385,0.9190899729728699,0.0
2026-01-27 13:30:00+00:00,0.9190899729728699,0.9194499850273132,0.9185299873352051,0.9190400242805481,0.0
2026-01-27 13:45:00+00:00,0.9190400242805481,0.9193999767303467,0.9180600047111511,0.9190599918365479,0.0
2026-01-27 14:00:00+00:00,0.9190300107002258,0.9195799827575684,0.9185400009155273,0.9192399978637695,0.0
2026-01-27 14:15:00+00:00,0.9192100167274475,0.9193199872970581,0.9183400273323059,0.9188299775123596,0.0
2026-01-27 14:30:00+00:00,0.9187899827957153,0.9189000129699707,0.9161199927330017,0.917639970779419,0.0
2026-01-27 14:45:00+00:00,0.9176499843597412,0.9184399843215942,0.9173300266265869,0.9180799722671509,0.0
2026-01-27 15:00:00+00:00,0.9182500243186951,0.9183200001716614,0.9166899919509888,0.917110025882721,0.0
2026-01-27 15:15:00+00:00,0.9170799851417542,0.917639970779419,0.9165400266647339,0.9174100160598755,0.0
2026-01-27 15:30:00+00:00,0.9174500107765198,0.9182999730110168,0.9168099761009216,0.9182000160217285,0.0
2026-01-27 15:45:00+00:00,0.9182999730110168,0.9182999730110168,0.9171900153160095,0.9176099896430969,0.0
2026-01-27 16:00:00+00:00,0.9176099896430969,0.9181299805641174,0.917169988155365,0.9179999828338623,0.0
2026-01-27 16:15:00+00:00,0.9180499911308289,0.9182999730110168,0.917460024356842,0.9181699752807617,0.0
2026-01-27 16:30:00+00:00,0.9181399941444397,0.9185500144958496,0.9176899790763855,0.9185100197792053,0.0
2026-01-27 16:45:00+00:00,0.9185199737548828,0.9185699820518494,0.9179099798202515,0.9183899760246277,0.0
2026-01-27 17:00:00+00:00,0.91839998960495,0.9185400009155273,0.9178199768066406,0.9182299971580505,0.0
2026-01-27 17:15:00+00:00,0.9182100296020508,0.9185799956321716,0.9178400039672852,0.91839998960495,0.0
2026-01-27 17:30:00+00:00,0.9183499813079834,0.9185699820518494,0.9177600145339966,0.9182900190353394,0.0
2026-01-27 17:45:00+00:00,0.9182699918746948,0.91839998960495,0.9175900220870972,0.9181100130081177,0.0
2026-01-27 18:00:00+00:00,0.9181100130081177,0.91839998960495,0.9175900220870972,0.9182599782943726,0.0
2026-01-27 18:15:00+00:00,0.9182800054550171,0.91839998960495,0.9175900220870972,0.9180499911308289,0.0
2026-01-27 18:30:00+00:00,0.9180499911308289,0.9183499813079834,0.9174699783325195,0.9182999730110168,0.0
2026-01-27 18:45:00+00:00,0.9183099865913391,0.9183700084686279,0.9175400137901306,0.9180799722671509,0.0
2026-01-27 19:00:00+00:00,0.9180499911308289,0.9183200001716614,0.9176200032234192,0.9180499911308289,0.0
2026-01-27 19:15:00+00:00,0.9180399775505066,0.9181100130081177,0.917460024356842,0.917900025844574,0.0
2026-01-27 19:30:00+00:00,0.9178699851036072,0.9179099798202515,0.9172700047492981,0.9178100228309631,0.0
2026-01-27 19:45:00+00:00,0.9177899956703186,0.9182500243186951,0.9173799753189087,0.9180300235748291,0.0
2026-01-27 20:00:00+00:00,0.9180799722671509,0.9182199835777283,0.9173700213432312,0.9178299903869629,0.0
2026-01-27 20:15:00+00:00,0.9178299903869629,0.9179400205612183,0.9168999791145325,0.9173300266265869,0.0
2026-01-27 20:30:00+00:00,0.9173300266265869,0.917900025844574,0.9170699715614319,0.9175800085067749,0.0
2026-01-27 20:45:00+00:00,0.9176200032234192,0.9188699722290039,0.9166499972343445,0.9172400236129761,0.0
2026-01-27 21:00:00+00:00,0.9172000288963318,0.9176899790763855,0.9167299866676331,0.9175599813461304,0.0
2026-01-27 21:15:00+00:00,0.9175599813461304,0.9175999760627747,0.916379988193512,0.9167400002479553,0.0
2026-01-27 21:30:00+00:00,0.9168099761009216,0.916949987411499,0.9161800146102905,0.9164900183677673,0.0
2026-01-27 21:45:00+00:00,0.9164000153541565,0.9171000123023987,0.9159700274467468,0.9159700274467468,0.0
2026-01-27 22:00:00+00:00,0.9165199995040894,0.9168400168418884,0.9162399768829346,0.9164299964904785,0.0
2026-01-27 22:15:00+00:00,0.9164299964904785,0.9169099926948547,0.9161999821662903,0.9164800047874451,0.0
2026-01-27 22:30:00+00:00,0.9164800047874451,0.917169988155365,0.916130006313324,0.9166399836540222,0.0
2026-01-27 22:45:00+00:00,0.9164199829101562,0.9172700047492981,0.9160799980163574,0.916450023651123,0.0
2026-01-27 23:00:00+00:00,0.9164299964904785,0.9171000123023987,0.9161999821662903,0.9167400002479553,0.0
2026-01-27 23:15:00+00:00,0.9167900085449219,0.9171000123023987,0.9163100123405457,0.9169999957084656,0.0
2026-01-27 23:30:00+00:00,0.9169999957084656,0.9174500107765198,0.9166899919509888,0.9172199964523315,0.0
2026-01-27 23:45:00+00:00,0.9172199964523315,0.9173200130462646,0.9166200160980225,0.9170799851417542,0.0
2026-01-28 00:00:00+00:00,0.917140007019043,0.9174000024795532,0.9166899919509888,0.9172599911689758,0.0
2026-01-28 00:15:00+00:00,0.9172700047492981,0.917680025100708,0.9168599843978882,0.9175000190734863,0.0
2026-01-28 00:30:00+00:00,0.9174900054931641,0.9177299737930298,0.9168400168418884,0.9175099730491638,0.0
2026-01-28 00:45:00+00:00,0.9174900054931641,0.9176700115203857,0.9168400168418884,0.917639970779419,0.0
2026-01-28 01:00:00+00:00,0.9176499843597412,0.9180200099945068,0.9171500205993652,0.9178199768066406,0.0
2026-01-28 01:15:00+00:00,0.9178299903869629,0.9184399843215942,0.9174900054931641,0.9183800220489502,0.0
2026-01-28 01:30:00+00:00,0.9183499813079834,0.918429970741272,0.9175800085067749,0.9180099964141846,0.0
2026-01-28 01:45:00+00:00,0.917959988117218,0.9185000061988831,0.9175500273704529,0.9183700084686279,0.0
2026-01-28 02:00:00+00:00,0.9183700084686279,0.9187999963760376,0.9179199934005737,0.9187399744987488,0.0
2026-01-28 02:15:00+00:00,0.918720006942749,0.9187300205230713,0.9178900122642517,0.9183300137519836,0.0
2026-01-28 02:30:00+00:00,0.9183300137519836,0.918429970741272,0.9178400039672852,0.91839998960495,0.0
2026-01-28 02:45:00+00:00,0.9183899760246277,0.9185000061988831,0.917900025844574,0.9183599948883057,0.0
2026-01-28 03:00:00+00:00,0.9183599948883057,0.9185699820518494,0.9179199934005737,0.9185400009155273,0.0
2026-01-28 03:15:00+00:00,0.9185299873352051,0.9186199903488159,0.9179900288581848,0.9184499979019165,0.0
2026-01-28 03:30:00+00:00,0.9184499979019165,0.918720006942749,0.9179499745368958,0.9186599850654602,0.0
2026-01-28 03:45:00+00:00,0.9186400175094604,0.9187700152397156,0.9181299805641174,0.9185600280761719,0.0
2026-01-28 04:00:00+00:00,0.9185900092124939,0.9186300039291382,0.9178699851036072,0.9185500144958496,0.0
2026-01-28 04:15:00+00:00,0.9185500144958496,0.9186000227928162,0.9179800152778625,0.9185299873352051,0.0
2026-01-28 04:30:00+00:00,0.9185299873352051,0.9186300039291382,0.9179700016975403,0.9183599948883057,0.0
2026-01-28 04:45:00+00:00,0.9183599948883057,0.9185299873352051,0.9177600145339966,0.9182100296020508,0.0
2026-01-28 05:00:00+00:00,0.9182100296020508,0.918429970741272,0.9175300002098083,0.9179999828338623,0.0
2026-01-28 05:15:00+00:00,0.9179800152778625,0.9182000160217285,0.9175199866294861,0.9181200265884399,0.0
2026-01-28 05:30:00+00:00,0.9180999994277954,0.9182599782943726,0.9176499843597412,0.9181900024414062,0.0
2026-01-28 05:45:00+00:00,0.9181699752807617,0.91839998960495,0.9175300002098083,0.9180200099945068,0.0
2026-01-28 06:00:00+00:00,0.9180300235748291,0.9182699918746948,0.9176700115203857,0.9181399941444397,0.0
2026-01-28 06:15:00+00:00,0.9181299805641174,0.9184100031852722,0.9176700115203857,0.9182000160217285,0.0
2026-01-28 06:30:00+00:00,0.9181900024414062,0.9182400107383728,0.9173700213432312,0.9178400039672852,0.0
2026-01-28 06:45:00+00:00,0.9178400039672852,0.917930006980896,0.9172700047492981,0.9176700115203857,0.0
2026-01-28 07:00:00+00:00,0.9176599979400635,0.9176899790763855,0.9168999791145325,0.9174200296401978,0.0
2026-01-28 07:15:00+00:00,0.9174000024795532,0.9175300002098083,0.9164400100708008,0.9174000024795532,0.0
2026-01-28 07:30:00+00:00,0.9173700213432312,0.9181299805641174,0.9168400168418884,0.9179999828338623,0.0
2026-01-28 07:45:00+00:00,0.9179999828338623,0.9182400107383728,0.9171299934387207,0.9175199866294861,0.0
2026-01-28 08:00:00+00:00,0.9175099730491638,0.9179099798202515,0.916700005531311,0.917639970779419,0.0
2026-01-28 08:15:00+00:00,0.9176300168037415,0.9183800220489502,0.9172199964523315,0.9179900288581848,0.0
2026-01-28 08:30:00+00:00,0.9179700016975403,0.9197099804878235,0.917639970779419,0.9196599721908569,0.0
2026-01-28 08:45:00+00:00,0.9196299910545349,0.9210299849510193,0.9191700220108032,0.919950008392334,0.0
2026-01-28 09:00:00+00:00,0.919950008392334,0.9202799797058105,0.918940007686615,0.9196100234985352,0.0
2026-01-28 09:15:00+00:00,0.9195399880409241,0.9200000166893005,0.9190099835395813,0.919730007648468,0.0
2026-01-28 09:30:00+00:00,0.919730007648468,0.920009970664978,0.9187600016593933,0.9196799993515015,0.0
2026-01-28 09:45:00+00:00,0.919700026512146,0.9198899865150452,0.9188500046730042,0.919439971446991,0.0
2026-01-28 10:00:00+00:00,0.9194899797439575,0.9196299910545349,0.9186999797821045,0.9193300008773804,0.0
2026-01-28 10:15:00+00:00,0.9193300008773804,0.9197400212287903,0.9187999963760376,0.9193900227546692,0.0
2026-01-28 10:30:00+00:00,0.919409990310669,0.9196699857711792,0.918749988079071,0.9192699790000916,0.0
2026-01-28 10:45:00+00:00,0.9192699790000916,0.9196000099182129,0.9188100099563599,0.9194200038909912,0.0
2026-01-28 11:00:00+00:00,0.9194599986076355,0.9200599789619446,0.9190999865531921,0.919700026512146,0.0
2026-01-28 11:15:00+00:00,0.9197199940681458,0.9197999835014343,0.9190700054168701,0.9196699857711792,0.0
2026-01-28 11:30:00+00:00,0.9196100234985352,0.9197999835014343,0.9186800122261047,0.9191700220108032,0.0
2026-01-28 11:45:00+00:00,0.9191399812698364,0.9193999767303467,0.9185699820518494,0.9193199872970581,0.0
2026-01-28 12:00:00+00:00,0.9193199872970581,0.9194999933242798,0.9180700182914734,0.9184899926185608,0.0
2026-01-28 12:15:00+00:00,0.9185299873352051,0.9186999797821045,0.9179400205612183,0.9185900092124939,0.0
2026-01-28 12:30:00+00:00,0.9185900092124939,0.918720006942749,0.9177299737930298,0.9186999797821045,0.0
2026-01-28 12:45:00+00:00,0.9186599850654602,0.9187399744987488,0.9179499745368958,0.918470025062561,0.0
2026-01-28 13:00:00+00:00,0.9184499979019165,0.9188399910926819,0.9179900288581848,0.9186699986457825,0.0
2026-01-28 13:15:00+00:00,0.9186699986457825,0.9189000129699707,0.9181100130081177,0.9187300205230713,0.0
2026-01-28 13:30:00+00:00,0.9187300205230713,0.9190999865531921,0.9181900024414062,0.918940007686615,0.0
2026-01-28 13:45:00+00:00,0.9189299941062927,0.9190499782562256,0.9180700182914734,0.9188299775123596,0.0
2026-01-28 14:00:00+00:00,0.9188399910926819,0.9190099835395813,0.9181900024414062,0.9187800288200378,0.0
2026-01-28 14:15:00+00:00,0.9187800288200378,0.9190999865531921,0.917930006980896,0.9183899760246277,0.0
2026-01-28 14:30:00+00:00,0.9183800220489502,0.9186000227928162,0.9177500009536743,0.9182100296020508,0.0
2026-01-28 14:45:00+00:00,0.9182199835777283,0.9187399744987488,0.917680025100708,0.9185699820518494,0.0
2026-01-28 15:00:00+00:00,0.9185600280761719,0.9207199811935425,0.9182000160217285,0.9204599857330322,0.0
2026-01-28 15:15:00+00:00,0.92044997215271,0.9211699962615967,0.919730007648468,0.920520007610321,0.0
2026-01-28 15:30:00+00:00,0.920520007610321,0.9205999970436096,0.9189500212669373,0.9194200038909912,0.0
2026-01-28 15:45:00+00:00,0.9193900227546692,0.9194700121879578,0.9182800054550171,0.9188100099563599,0.0
2026-01-28 16:00:00+00:00,0.9187600016593933,0.9191700220108032,0.9183400273323059,0.9190499782562256,0.0
2026-01-28 16:15:00+00:00,0.9190199971199036,0.9193999767303467,0.9184799790382385,0.9191399812698364,0.0
2026-01-28 16:30:00+00:00,0.9191100001335144,0.9196000099182129,0.9185799956321716,0.919439971446991,0.0
2026-01-28 16:45:00+00:00,0.91948002576828,0.9195299744606018,0.9182900190353394,0.9187700152397156,0.0
2026-01-28 17:00:00+00:00,0.918749988079071,0.9190000295639038,0.9182599782943726,0.9187999963760376,0.0
2026-01-28 17:15:00+00:00,0.9187999963760376,0.9190000295639038,0.9182400107383728,0.918720006942749,0.0
2026-01-28 17:30:00+00:00,0.918749988079071,0.9190199971199036,0.9182999730110168,0.9189800024032593,0.0
2026-01-28 17:45:00+00:00,0.9189800024032593,0.9192000031471252,0.9183899760246277,0.9188100099563599,0.0
2026-01-28 18:00:00+00:00,0.9188100099563599,0.919219970703125,0.9183899760246277,0.9191200137138367,0.0
2026-01-28 18:15:00+00:00,0.9190999865531921,0.9197099804878235,0.9187399744987488,0.9196299910545349,0.0
2026-01-28 18:30:00+00:00,0.9196400046348572,0.9200199842453003,0.9191100001335144,0.9196400046348572,0.0
2026-01-28 18:45:00+00:00,0.9196100234985352,0.9196599721908569,0.9188699722290039,0.919160008430481,0.0
2026-01-28 19:00:00+00:00,0.9191300272941589,0.9197199940681458,0.9188100099563599,0.9192500114440918,0.0
2026-01-28 19:15:00+00:00,0.9192500114440918,0.9196699857711792,0.9187300205230713,0.9192299842834473,0.0
2026-01-28 19:30:00+00:00,0.9192500114440918,0.9194200038909912,0.9186199903488159,0.9190499782562256,0.0
2026-01-28 19:45:00+00:00,0.9190499782562256,0.9194200038909912,0.9185799956321716,0.9193599820137024,0.0
2026-01-28 20:00:00+00:00,0.9193699955940247,0.9193800091743469,0.9185600280761719,0.9190400242805481,0.0
2026-01-28 20:15:00+00:00,0.9190400242805481,0.9191399812698364,0.9184499979019165,0.918969988822937,0.0
2026-01-28 20:30:00+00:00,0.9189500212669373,0.9190599918365479,0.9182999730110168,0.9188899993896484,0.0
2026-01-28 20:45:00+00:00,0.9188899993896484,0.9189500212669373,0.9182500243186951,0.9186699986457825,0.0
2026-01-28 21:00:00+00:00,0.9186699986457825,0.9187899827957153,0.9181299805641174,0.9186000227928162,0.0
2026-01-28 21:15:00+00:00,0.9185900092124939,0.9188200235366821,0.9181100130081177,0.9186699986457825,0.0
2026-01-28 21:30:00+00:00,0.9186599850654602,0.9188699722290039,0.9180700182914734,0.9186300039291382,0.0
2026-01-28 21:45:00+00:00,0.9186300039291382,0.9187999963760376,0.9170699715614319,0.9183700084686279,0.0
2026-01-28 22:00:00+00:00,0.9174500107765198,0.9185400009155273,0.917169988155365,0.9182199835777283,0.0
2026-01-28 22:15:00+00:00,0.9182199835777283,0.918720006942749,0.9180600047111511,0.9182800054550171,0.0
2026-01-28 22:30:00+00:00,0.9182299971580505,0.9188799858093262,0.9178599715232849,0.9180300235748291,0.0
2026-01-28 22:45:00+00:00,0.9180300235748291,0.9190300107002258,0.9178199768066406,0.9183300137519836,0.0
2026-01-28 23:00:00+00:00,0.9182400107383728,0.9187999963760376,0.9179900288581848,0.9182400107383728,0.0
2026-01-28 23:15:00+00:00,0.9182900190353394,0.918470025062561,0.9175500273704529,0.9179900288581848,0.0
2026-01-28 23:30:00+00:00,0.9178799986839294,0.9182999730110168,0.917169988155365,0.9178299903869629,0.0
2026-01-28 23:45:00+00:00,0.9178000092506409,0.9178599715232849,0.9167500138282776,0.9170899987220764,0.0
2026-01-29 00:00:00+00:00,0.9171000123023987,0.9171000123023987,0.9160699844360352,0.9166300296783447,0.0
2026-01-29 00:15:00+00:00,0.916670024394989,0.9166799783706665,0.9159299731254578,0.9165199995040894,0.0
2026-01-29 00:30:00+00:00,0.9165400266647339,0.9169399738311768,0.91593998670578,0.9168499708175659,0.0
2026-01-29 00:45:00+00:00,0.9168099761009216,0.916949987411499,0.9161099791526794,0.916700005531311,0.0
2026-01-29 01:00:00+00:00,0.916700005531311,0.9176499843597412,0.9164800047874451,0.9174500107765198,0.0
2026-01-29 01:15:00+00:00,0.9175300002098083,0.917959988117218,0.9168000221252441,0.9173600077629089,0.0
2026-01-29 01:30:00+00:00,0.9173700213432312,0.9175599813461304,0.9168099761009216,0.9174200296401978,0.0
2026-01-29 01:45:00+00:00,0.9174500107765198,0.9177799820899963,0.9170600175857544,0.9177500009536743,0.0
2026-01-29 02:00:00+00:00,0.917739987373352,0.9180999994277954,0.9174200296401978,0.9179900288581848,0.0
2026-01-29 02:15:00+00:00,0.9179900288581848,0.9181299805641174,0.9172599911689758,0.91771000623703,0.0
2026-01-29 02:30:00+00:00,0.917680025100708,0.9178100228309631,0.917140007019043,0.9176999926567078,0.0
2026-01-29 02:45:00+00:00,0.9176599979400635,0.9179099798202515,0.9172599911689758,0.9177700281143188,0.0
2026-01-29 03:00:00+00:00,0.9177600145339966,0.9178199768066406,0.9170699715614319,0.9175699949264526,0.0
2026-01-29 03:15:00+00:00,0.9175699949264526,0.917900025844574,0.9172000288963318,0.9178299903869629,0.0
2026-01-29 03:30:00+00:00,0.9177899956703186,0.917900025844574,0.9172099828720093,0.9176499843597412,0.0
2026-01-29 03:45:00+00:00,0.9176899790763855,0.9177200198173523,0.916890025138855,0.9174299836158752,0.0
2026-01-29 04:00:00+00:00,0.9174100160598755,0.9174299836158752,0.9167500138282776,0.9174100160598755,0.0
2026-01-29 04:15:00+00:00,0.9174000024795532,0.9176899790763855,0.9168400168418884,0.9172800183296204,0.0
2026-01-29 04:30:00+00:00,0.9172800183296204,0.9174000024795532,0.9167299866676331,0.9173200130462646,0.0
2026-01-29 04:45:00+00:00,0.9173300266265869,0.9175999760627747,0.9169300198554993,0.9174699783325195,0.0
2026-01-29 05:00:00+00:00,0.917389988899231,0.9175400137901306,0.9168599843978882,0.9173799753189087,0.0
2026-01-29 05:15:00+00:00,0.9173600077629089,0.9178000092506409,0.9169800281524658,0.9175599813461304,0.0
2026-01-29 05:30:00+00:00,0.9175000190734863,0.9176999926567078,0.9170200228691101,0.9176499843597412,0.0
2026-01-29 05:45:00+00:00,0.9176300168037415,0.9176700115203857,0.9169600009918213,0.9174000024795532,0.0
2026-01-29 06:00:00+00:00,0.9174000024795532,0.917639970779419,0.9170100092887878,0.9174699783325195,0.0
2026-01-29 06:15:00+00:00,0.9174699783325195,0.9176999926567078,0.916949987411499,0.9175699949264526,0.0
2026-01-29 06:30:00+00:00,0.9175699949264526,0.91771000623703,0.9170799851417542,0.9176599979400635,0.0
2026-01-29 06:45:00+00:00,0.9176599979400635,0.91771000623703,0.9170899987220764,0.9175000190734863,0.0
2026-01-29 07:00:00+00:00,0.9175000190734863,0.9175999760627747,0.9167799949645996,0.9174399971961975,0.0
2026-01-29 07:15:00+00:00,0.9174399971961975,0.9180999994277954,0.9169800281524658,0.9180300235748291,0.0
2026-01-29 07:30:00+00:00,0.9180700182914734,0.9183599948883057,0.9176200032234192,0.9181600213050842,0.0
2026-01-29 07:45:00+00:00,0.9181600213050842,0.9182199835777283,0.9173099994659424,0.9177600145339966,0.0
2026-01-29 08:00:00+00:00,0.9177500009536743,0.9181100130081177,0.9170299768447876,0.9173399806022644,0.0
2026-01-29 08:15:00+00:00,0.9174000024795532,0.9178100228309631,0.9167199730873108,0.91771000623703,0.0
2026-01-29 08:30:00+00:00,0.91771000623703,0.9181399941444397,0.9171000123023987,0.9180099964141846,0.0
2026-01-29 08:45:00+00:00,0.9180099964141846,0.9182999730110168,0.9174200296401978,0.9179099798202515,0.0
2026-01-29 09:00:00+00:00,0.9178799986839294,0.9179199934005737,0.9168699979782104,0.9175300002098083,0.0
2026-01-29 09:15:00+00:00,0.9175300002098083,0.9181699752807617,0.9170899987220764,0.9180099964141846,0.0
2026-01-29 09:30:00+00:00,0.9180099964141846,0.9180999994277954,0.9170699715614319,0.9176999926567078,0.0
2026-01-29 09:45:00+00:00,0.9176999926567078,0.9180099964141846,0.9172499775886536,0.9179400205612183,0.0
2026-01-29 10:00:00+00:00,0.9179900288581848,0.9180300235748291,0.9173200130462646,0.9176899790763855,0.0
2026-01-29 10:15:00+00:00,0.9177299737930298,0.917900025844574,0.9169999957084656,0.9177799820899963,0.0
2026-01-29 10:30:00+00:00,0.9177899956703186,0.9178199768066406,0.9169600009918213,0.9175300002098083,0.0
2026-01-29 10:45:00+00:00,0.9175300002098083,0.9177200198173523,0.9168400168418884,0.9175400137901306,0.0
2026-01-29 11:00:00+00:00,0.9175699949264526,0.9177600145339966,0.9170200228691101,0.9176999926567078,0.0
2026-01-29 11:15:00+00:00,0.91771000623703,0.9182100296020508,0.9172899723052979,0.9181600213050842,0.0
2026-01-29 11:30:00+00:00,0.9181399941444397,0.9182599782943726,0.917140007019043,0.9177200198173523,0.0
2026-01-29 11:45:00+00:00,0.9177200198173523,0.9179999828338623,0.9170600175857544,0.9178799986839294,0.0
2026-01-29 12:00:00+00:00,0.9179199934005737,0.9181399941444397,0.9172899723052979,0.9179199934005737,0.0
2026-01-29 12:15:00+00:00,0.9179199934005737,0.9180399775505066,0.9174200296401978,0.9178599715232849,0.0
2026-01-29 12:30:00+00:00,0.9178799986839294,0.9179700016975403,0.9173399806022644,0.9179700016975403,0.0
2026-01-29 12:45:00+00:00,0.9179700016975403,0.9181699752807617,0.9172999858856201,0.917959988117218,0.0
2026-01-29 13:00:00+00:00,0.917959988117218,0.9181600213050842,0.9173600077629089,0.9180099964141846,0.0
2026-01-29 13:15:00+00:00,0.9179999828338623,0.9180700182914734,0.9169700145721436,0.9173700213432312,0.0
2026-01-29 13:30:00+00:00,0.9171199798583984,0.9177299737930298,0.9167600274085999,0.917169988155365,0.0
2026-01-29 13:45:00+00:00,0.9171500205993652,0.9178100228309631,0.9168099761009216,0.9175900220870972,0.0
2026-01-29 14:00:00+00:00,0.9175900220870972,0.9181200265884399,0.9172499775886536,0.91771000623703,0.0
2026-01-29 14:15:00+00:00,0.9177299737930298,0.9180300235748291,0.9170500040054321,0.9176300168037415,0.0
2026-01-29 14:30:00+00:00,0.9175900220870972,0.9176700115203857,0.916130006313324,0.9165099859237671,0.0
2026-01-29 14:45:00+00:00,0.9165499806404114,0.9168800115585327,0.9161400198936462,0.9167500138282776,0.0
2026-01-29 15:00:00+00:00,0.9167299866676331,0.916949987411499,0.9160299897193909,0.916450023651123,0.0
2026-01-29 15:15:00+00:00,0.916450023651123,0.9175000190734863,0.9162099957466125,0.9172499775886536,0.0
2026-01-29 15:30:00+00:00,0.9172999858856201,0.9179099798202515,0.9165300130844116,0.9170500040054321,0.0
2026-01-29 15:45:00+00:00,0.9170299768447876,0.917110025882721,0.91566002368927,0.9162099957466125,0.0
2026-01-29 16:00:00+00:00,0.9162200093269348,0.9163399934768677,0.9153800010681152,0.9159700274467468,0.0
2026-01-29 16:15:00+00:00,0.9159799814224243,0.9165199995040894,0.9155700206756592,0.9163100123405457,0.0
2026-01-29 16:30:00+00:00,0.9163399934768677,0.9164999723434448,0.9157299995422363,0.9164100289344788,0.0
2026-01-29 16:45:00+00:00,0.9163900017738342,0.9166200160980225,0.9158999919891357,0.9165300130844116,0.0
2026-01-29 17:00:00+00:00,0.9164900183677673,0.9167100191116333,0.9158099889755249,0.9166799783706665,0.0
2026-01-29 17:15:00+00:00,0.9166200160980225,0.9167100191116333,0.9159200191497803,0.9164999723434448,0.0
2026-01-29 17:30:00+00:00,0.9164900183677673,0.9165899753570557,0.9155399799346924,0.9160699844360352,0.0
2026-01-29 17:45:00+00:00,0.9160699844360352,0.9164699912071228,0.9155099987983704,0.916450023651123,0.0
2026-01-29 18:00:00+00:00,0.916379988193512,0.9164800047874451,0.9155799746513367,0.9164000153541565,0.0
2026-01-29 18:15:00+00:00,0.9164199829101562,0.916700005531311,0.9159799814224243,0.9163699746131897,0.0
2026-01-29 18:30:00+00:00,0.9163900017738342,0.9166399836540222,0.9157199859619141,0.9163699746131897,0.0
2026-01-29 18:45:00+00:00,0.9163600206375122,0.9165599942207336,0.9159299731254578,0.9164599776268005,0.0
2026-01-29 19:00:00+00:00,0.9164599776268005,0.9165599942207336,0.9158099889755249,0.9163100123405457,0.0
2026-01-29 19:15:00+00:00,0.9163100123405457,0.9164199829101562,0.9157800078392029,0.9162700176239014,0.0
2026-01-29 19:30:00+00:00,0.9162600040435791,0.9164000153541565,0.9157500267028809,0.9161199927330017,0.0
2026-01-29 19:45:00+00:00,0.9161499738693237,0.9162399768829346,0.915440022945404,0.9159899950027466,0.0
2026-01-29 20:00:00+00:00,0.9159899950027466,0.916100025177002,0.9154700040817261,0.9159600138664246,0.0
2026-01-29 20:15:00+00:00,0.9159600138664246,0.9160500168800354,0.9154300093650818,0.9159899950027466,0.0
2026-01-29 20:30:00+00:00,0.9159899950027466,0.9160000085830688,0.9151700139045715,0.9158499836921692,0.0
2026-01-29 20:45:00+00:00,0.9158599972724915,0.9158999919891357,0.9151600003242493,0.9158700108528137,0.0
2026-01-29 21:00:00+00:00,0.915880024433136,0.9161999821662903,0.9153800010681152,0.9159899950027466,0.0
2026-01-29 21:15:00+00:00,0.9159899950027466,0.916100025177002,0.9151700139045715,0.9156200289726257,0.0
2026-01-29 21:30:00+00:00,0.9155799746513367,0.9156200289726257,0.9147999882698059,0.9151800274848938,0.0
2026-01-29 21:45:00+00:00,0.9151700139045715,0.9157400131225586,0.9135400056838989,0.9157299995422363,0.0
2026-01-29 22:00:00+00:00,0.9148200154304504,0.9160299897193909,0.9145500063896179,0.9148100018501282,0.0
2026-01-29 22:15:00+00:00,0.9148100018501282,0.9151700139045715,0.9144700169563293,0.914680004119873,0.0
2026-01-29 22:30:00+00:00,0.9145799875259399,0.915090024471283,0.9142299890518188,0.9148399829864502,0.0
2026-01-29 22:45:00+00:00,0.9148100018501282,0.9153000116348267,0.914680004119873,0.915090024471283,0.0
2026-01-29 23:00:00+00:00,0.9150800108909607,0.9153100252151489,0.9145299792289734,0.9150400161743164,0.0
2026-01-29 23:15:00+00:00,0.9149600267410278,0.9151099920272827,0.9140999913215637,0.9147800207138062,0.0
2026-01-29 23:30:00+00:00,0.9148200154304504,0.914900004863739,0.9140499830245972,0.9146599769592285,0.0
2026-01-29 23:45:00+00:00,0.914680004119873,0.9148200154304504,0.9140999913215637,0.914680004119873,0.0
2026-01-30 00:00:00+00:00,0.9147300124168396,0.9148300290107727,0.9141200184822083,0.9146100282669067,0.0
2026-01-30 00:15:00+00:00,0.9146100282669067,0.9150300025939941,0.9142799973487854,0.9148899912834167,0.0
2026-01-30 00:30:00+00:00,0.9148600101470947,0.9152500033378601,0.9144899845123291,0.9150300025939941,0.0
2026-01-30 00:45:00+00:00,0.9150300025939941,0.9154999852180481,0.9146000146865845,0.9152899980545044,0.0
2026-01-30 01:00:00+00:00,0.9152899980545044,0.9157999753952026,0.9147599935531616,0.9155799746513367,0.0
2026-01-30 01:15:00+00:00,0.9155799746513367,0.9158700108528137,0.9150800108909607,0.9156299829483032,0.0
2026-01-30 01:30:00+00:00,0.9155799746513367,0.9157000184059143,0.914929986000061,0.9154000282287598,0.0
2026-01-30 01:45:00+00:00,0.9154000282287598,0.9159899950027466,0.9148300290107727,0.9155799746513367,0.0
2026-01-30 02:00:00+00:00,0.9155799746513367,0.916100025177002,0.9148600101470947,0.9160100221633911,0.0
2026-01-30 02:15:00+00:00,0.9160299897193909,0.9161700010299683,0.9153599739074707,0.9158599972724915,0.0
2026-01-30 02:30:00+00:00,0.9158499836921692,0.916130006313324,0.9153000116348267,0.9160699844360352,0.0
2026-01-30 02:45:00+00:00,0.9161099791526794,0.9162700176239014,0.9155200123786926,0.9159700274467468,0.0
2026-01-30 03:00:00+00:00,0.9159700274467468,0.9162999987602234,0.9156500101089478,0.9161900281906128,0.0
2026-01-30 03:15:00+00:00,0.9161900281906128,0.9162999987602234,0.9156299829483032,0.916130006313324,0.0
2026-01-30 03:30:00+00:00,0.916100025177002,0.9162999987602234,0.9156000018119812,0.9161400198936462,0.0
2026-01-30 03:45:00+00:00,0.9161400198936462,0.9164000153541565,0.9157000184059143,0.916159987449646,0.0
2026-01-30 04:00:00+00:00,0.9161700010299683,0.9164100289344788,0.9156100153923035,0.9163200259208679,0.0
2026-01-30 04:15:00+00:00,0.9163100123405457,0.9164000153541565,0.9157199859619141,0.9161900281906128,0.0
2026-01-30 04:30:00+00:00,0.9161900281906128,0.9162999987602234,0.915690004825592,0.9161900281906128,0.0
2026-01-30 04:45:00+00:00,0.9161999821662903,0.9162999987602234,0.9157099723815918,0.9162499904632568,0.0
2026-01-30 05:00:00+00:00,0.9161999821662903,0.9163200259208679,0.9157299995422363,0.9161700010299683,0.0
2026-01-30 05:15:00+00:00,0.916159987449646,0.9163600206375122,0.9157099723815918,0.9162200093269348,0.0
2026-01-30 05:30:00+00:00,0.9162300229072571,0.9166200160980225,0.9159600138664246,0.9164000153541565,0.0
2026-01-30 05:45:00+00:00,0.916450023651123,0.9166100025177002,0.91593998670578,0.9164900183677673,0.0
2026-01-30 06:00:00+00:00,0.9164599776268005,0.9165099859237671,0.9156799912452698,0.9161199927330017,0.0
2026-01-30 06:15:00+00:00,0.9160799980163574,0.9161999821662903,0.9153500199317932,0.9158200025558472,0.0
2026-01-30 06:30:00+00:00,0.91593998670578,0.916100025177002,0.9154599905014038,0.9159600138664246,0.0
2026-01-30 06:45:00+00:00,0.9159500002861023,0.9161099791526794,0.9153800010681152,0.9159899950027466,0.0
2026-01-30 07:00:00+00:00,0.9159899950027466,0.9160299897193909,0.9150400161743164,0.9156399965286255,0.0
2026-01-30 07:15:00+00:00,0.9156100153923035,0.9161499738693237,0.9151800274848938,0.9158400297164917,0.0
2026-01-30 07:30:00+00:00,0.9158700108528137,0.9166600108146667,0.9152600169181824,0.9164000153541565,0.0
2026-01-30 07:45:00+00:00,0.9163900017738342,0.9164999723434448,0.9155300259590149,0.9160699844360352,0.0
2026-01-30 08:00:00+00:00,0.9160699844360352,0.9162499904632568,0.9152600169181824,0.9158200025558472,0.0
2026-01-30 08:15:00+00:00,0.9157900214195251,0.9163600206375122,0.9154800176620483,0.9160100221633911,0.0
2026-01-30 08:30:00+00:00,0.9160400032997131,0.916450023651123,0.9157099723815918,0.9162700176239014,0.0
2026-01-30 08:45:00+00:00,0.9162799715995789,0.9164299964904785,0.9157500267028809,0.9163299798965454,0.0
2026-01-30 09:00:00+00:00,0.9162899851799011,0.9167400002479553,0.9158599972724915,0.9165700078010559,0.0
2026-01-30 09:15:00+00:00,0.9165999889373779,0.917389988899231,0.9161099791526794,0.9172000288963318,0.0
2026-01-30 09:30:00+00:00,0.9172000288963318,0.9172400236129761,0.9158099889755249,0.9163299798965454,0.0
2026-01-30 09:45:00+00:00,0.9162999987602234,0.9166100025177002,0.9156799912452698,0.9165199995040894,0.0
2026-01-30 10:00:00+00:00,0.9165199995040894,0.9167199730873108,0.9156299829483032,0.9161099791526794,0.0
2026-01-30 10:15:00+00:00,0.9161099791526794,0.9162700176239014,0.9154099822044373,0.9158599972724915,0.0
2026-01-30 10:30:00+00:00,0.9158599972724915,0.9165599942207336,0.9156200289726257,0.9164599776268005,0.0
2026-01-30 10:45:00+00:00,0.9164100289344788,0.9167500138282776,0.9159799814224243,0.9164699912071228,0.0
2026-01-30 11:00:00+00:00,0.9165099859237671,0.9169399738311768,0.9159700274467468,0.9168800115585327,0.0
2026-01-30 11:15:00+00:00,0.9168800115585327,0.916949987411499,0.9160100221633911,0.9164400100708008,0.0
2026-01-30 11:30:00+00:00,0.9164299964904785,0.9169700145721436,0.916159987449646,0.9166300296783447,0.0
2026-01-30 11:45:00+00:00,0.9166200160980225,0.9168400168418884,0.9159799814224243,0.9164100289344788,0.0
2026-01-30 12:00:00+00:00,0.9164100289344788,0.9164900183677673,0.9154899716377258,0.9158400297164917,0.0
2026-01-30 12:15:00+00:00,0.9158899784088135,0.9162700176239014,0.915369987487793,0.9159500002861023,0.0
2026-01-30 12:30:00+00:00,0.9159600138664246,0.9164199829101562,0.9155899882316589,0.916100025177002,0.0
2026-01-30 12:45:00+00:00,0.9161400198936462,0.9162300229072571,0.9154800176620483,0.9159299731254578,0.0
2026-01-30 13:00:00+00:00,0.9160100221633911,0.9161999821662903,0.9149699807167053,0.9156000018119812,0.0
2026-01-30 13:15:00+00:00,0.9156200289726257,0.9158099889755249,0.9149900078773499,0.9154800176620483,0.0
2026-01-30 13:30:00+00:00,0.9154899716377258,0.9158499836921692,0.9148399829864502,0.915440022945404,0.0
2026-01-30 13:45:00+00:00,0.9154199957847595,0.916130006313324,0.9150300025939941,0.9159700274467468,0.0
2026-01-30 14:00:00+00:00,0.91593998670578,0.9161999821662903,0.9153500199317932,0.91593998670578,0.0
2026-01-30 14:15:00+00:00,0.9159500002861023,0.9160500168800354,0.9150500297546387,0.9154999852180481,0.0
2026-01-30 14:30:00+00:00,0.9155300259590149,0.9157500267028809,0.9149399995803833,0.915340006351471,0.0
2026-01-30 14:45:00+00:00,0.915340006351471,0.9155399799346924,0.9146400094032288,0.9153800010681152,0.0
2026-01-30 15:00:00+00:00,0.915369987487793,0.9155399799346924,0.9146400094032288,0.9150400161743164,0.0
2026-01-30 15:15:00+00:00,0.9150400161743164,0.9151399731636047,0.9142600297927856,0.9147300124168396,0.0
2026-01-30 15:30:00+00:00,0.9147400259971619,0.9156799912452698,0.9141899943351746,0.9156100153923035,0.0
2026-01-30 15:45:00+00:00,0.9155799746513367,0.9162200093269348,0.9148399829864502,0.9160699844360352,0.0
2026-01-30 16:00:00+00:00,0.9160799980163574,0.9162499904632568,0.9155300259590149,0.9158599972724915,0.0
2026-01-30 16:15:00+00:00,0.9158400297164917,0.916100025177002,0.915340006351471,0.9158400297164917,0.0
2026-01-30 16:30:00+00:00,0.9157999753952026,0.9161800146102905,0.9152500033378601,0.9160699844360352,0.0
2026-01-30 16:45:00+00:00,0.9160699844360352,0.916700005531311,0.9156200289726257,0.9163500070571899,0.0
2026-01-30 17:00:00+00:00,0.9163500070571899,0.9164999723434448,0.9155300259590149,0.9162700176239014,0.0
2026-01-30 17:15:00+00:00,0.9162499904632568,0.9166300296783447,0.9157599806785583,0.9164000153541565,0.0
2026-01-30 17:30:00+00:00,0.9164299964904785,0.9166300296783447,0.9159500002861023,0.9162799715995789,0.0
2026-01-30 17:45:00+00:00,0.9162799715995789,0.9164299964904785,0.91566002368927,0.9163500070571899,0.0
2026-01-30 18:00:00+00:00,0.9162799715995789,0.9166600108146667,0.9160000085830688,0.9162799715995789,0.0
2026-01-30 18:15:00+00:00,0.9162799715995789,0.9164199829101562,0.9154000282287598,0.9161900281906128,0.0
2026-01-30 18:30:00+00:00,0.9161700010299683,0.9164100289344788,0.9157400131225586,0.916130006313324,0.0
2026-01-30 18:45:00+00:00,0.9161700010299683,0.916379988193512,0.9154800176620483,0.9160199761390686,0.0
2026-01-30 19:00:00+00:00,0.9160199761390686,0.9161499738693237,0.9154800176620483,0.9160599708557129,0.0
2026-01-30 19:15:00+00:00,0.9160699844360352,0.9162600040435791,0.9156000018119812,0.9161900281906128,0.0
2026-01-30 19:30:00+00:00,0.9161999821662903,0.9163200259208679,0.9156299829483032,0.916100025177002,0.0
2026-01-30 19:45:00+00:00,0.916100025177002,0.9163500070571899,0.9156500101089478,0.9161499738693237,0.0
2026-01-30 20:00:00+00:00,0.9161199927330017,0.9164000153541565,0.9156799912452698,0.9162999987602234,0.0
2026-01-30 20:15:00+00:00,0.9162600040435791,0.9163399934768677,0.9154300093650818,0.9160000085830688,0.0
2026-01-30 20:30:00+00:00,0.9159600138664246,0.9162300229072571,0.9155899882316589,0.9161199927330017,0.0
2026-01-30 20:45:00+00:00,0.9161199927330017,0.9162600040435791,0.9155200123786926,0.9162200093269348,0.0
2026-01-30 21:00:00+00:00,0.9161999821662903,0.9164599776268005,0.9156500101089478,0.916130006313324,0.0
2026-01-30 21:15:00+00:00,0.9161199927330017,0.9162999987602234,0.9156299829483032,0.9161499738693237,0.0
2026-01-30 21:30:00+00:00,0.916130006313324,0.9162099957466125,0.9156699776649475,0.9161400198936462,0.0
2026-01-30 21:45:00+00:00,0.9161199927330017,0.9162700176239014,0.9153599739074707,0.91593998670578,0.0
2026-01-30 22:00:00+00:00,0.916100025177002,0.916100025177002,0.9156399965286255,0.9156399965286255,0.0
2026-01-30 22:15:00+00:00,0.9156399965286255,0.9156399965286255,0.9156399965286255,0.9156399965286255,0.0
