Datetime,Open,High,Low,Close,Volume
2026-01-26 00:00:00+00:00,0.9226499795913696,0.9227200150489807,0.9224600195884705,0.9226400256156921,1163.0977467461362
2026-01-26 00:01:00+00:00,0.922569990158081,0.9230200052261353,0.9224799871444702,0.9228299856185913,29970.509122334428
2026-01-26 00:02:00+00:00,0.9228799939155579,0.9229400157928467,0.9223799705505371,0.922540009021759,53174.54437801315
2026-01-26 00:03:00+00:00,0.9226400256156921,0.9227200150489807,0.9220100045204163,0.9225299954414368,75530.65800471917
2026-01-26 00:04:00+00:00,0.9225900173187256,0.9226400256156921,0.9222300052642822,0.9225000143051147,71561.68862976183
2026-01-26 00:05:00+00:00,0.9225000143051147,0.9227399826049805,0.9222300052642822,0.9226499795913696,66133.60117563061
2026-01-26 00:06:00+00:00,0.9226099848747253,0.9227200150489807,0.922469973564148,0.9225599765777588,52030.32047355568
2026-01-26 00:07:00+00:00,0.9226199984550476,0.9226999878883362,0.9222300052642822,0.9226899743080139,60346.83989503398
2026-01-26 00:08:00+00:00,0.9226300120353699,0.9229000210762024,0.9225800037384033,0.9228399991989136,42544.05488276935
2026-01-26 00:09:00+00:00,0.9228100180625916,0.9228600263595581,0.9222800135612488,0.9226800203323364,51537.55227099631
2026-01-26 00:10:00+00:00,0.9226999878883362,0.9229000210762024,0.9226599931716919,0.9228699803352356,48191.000547619784
2026-01-26 00:11:00+00:00,0.922819972038269,0.9229000210762024,0.9224200248718262,0.9227700233459473,46359.52845393652
2026-01-26 00:12:00+00:00,0.9228100180625916,0.9229199886322021,0.9227399826049805,0.9228000044822693,40077.73018986613
2026-01-26 00:13:00+00:00,0.922789990901947,0.9229699969291687,0.9223700165748596,0.922760009765625,43450.65965768127
2026-01-26 00:14:00+00:00,0.9227499961853027,0.9229000210762024,0.9227200150489807,0.9228100180625916,48149.770857277654
2026-01-26 00:15:00+00:00,0.9228100180625916,0.9229999780654907,0.922569990158081,0.9229300022125244,45432.34504740273
2026-01-26 00:16:00+00:00,0.9229000210762024,0.9229199886322021,0.9227200150489807,0.9228299856185913,36605.40703548317
2026-01-26 00:17:00+00:00,0.9228799939155579,0.9229199886322021,0.9223700165748596,0.922789990901947,27756.203514914825
2026-01-26 00:18:00+00:00,0.9227200150489807,0.9229400157928467,0.9227200150489807,0.9228399991989136,29418.344944306155
2026-01-26 00:19:00+00:00,0.9228500127792358,0.9230599999427795,0.9225500226020813,0.922980010509491,29282.72297931154
2026-01-26 00:20:00+00:00,0.9229699969291687,0.9230200052261353,0.9228399991989136,0.9229300022125244,28699.3031075825
2026-01-26 00:21:00+00:00,0.9229300022125244,0.9230300188064575,0.9224799871444702,0.9229900240898132,30948.89398756367
2026-01-26 00:22:00+00:00,0.9229300022125244,0.9231299757957458,0.9228900074958801,0.923039972782135,26778.10287897162
2026-01-26 00:23:00+00:00,0.9229999780654907,0.9232000112533569,0.9226899743080139,0.9231200218200684,25942.401380607196
2026-01-26 00:24:00+00:00,0.9231100082397461,0.9231699705123901,0.9229099750518799,0.9229699969291687,22811.831372623714
2026-01-26 00:25:00+00:00,0.9229400157928467,0.922980010509491,0.9224600195884705,0.9228399991989136,27701.341794478016
2026-01-26 00:26:00+00:00,0.9228799939155579,0.923039972782135,0.9228000044822693,0.922950029373169,28157.583455933607
2026-01-26 00:27:00+00:00,0.922950029373169,0.9230300188064575,0.9225599765777588,0.9229900240898132,27647.24191635334
2026-01-26 00:28:00+00:00,0.9229999780654907,0.9230700135231018,0.922950029373169,0.9229699969291687,20947.489341368455
2026-01-26 00:29:00+00:00,0.9229699969291687,0.9230800271034241,0.9225900173187256,0.922980010509491,23008.638916292253
2026-01-26 00:30:00+00:00,0.9229599833488464,0.9230300188064575,0.9228500127792358,0.9228600263595581,26236.44044038968
2026-01-26 00:31:00+00:00,0.9228699803352356,0.9229099750518799,0.9223799705505371,0.9228000044822693,25671.898130105656
2026-01-26 00:32:00+00:00,0.9228299856185913,0.9228699803352356,0.9225500226020813,0.9225599765777588,26626.049045486667
2026-01-26 00:33:00+00:00,0.9225599765777588,0.9226199984550476,0.922029972076416,0.9224600195884705,27768.30379736776
2026-01-26 00:34:00+00:00,0.9224200248718262,0.9225299954414368,0.9224200248718262,0.9224399924278259,24639.686313138074
2026-01-26 00:35:00+00:00,0.9224500060081482,0.9225000143051147,0.922029972076416,0.922469973564148,21687.76376281434
2026-01-26 00:36:00+00:00,0.9224500060081482,0.9225199818611145,0.9224299788475037,0.9224399924278259,24378.294137215926
2026-01-26 00:37:00+00:00,0.9224399924278259,0.9226099848747253,0.9220399856567383,0.9224799871444702,25768.106774940454
2026-01-26 00:38:00+00:00,0.9224799871444702,0.9226099848747253,0.922469973564148,0.922540009021759,16173.456786937699
2026-01-26 00:39:00+00:00,0.9224900007247925,0.9225900173187256,0.9220100045204163,0.922469973564148,20961.223265244727
2026-01-26 00:40:00+00:00,0.9224299788475037,0.9225000143051147,0.9222699999809265,0.9222699999809265,18821.534832113357
2026-01-26 00:41:00+00:00,0.9222800135612488,0.9223200082778931,0.9216799736022949,0.9221600294113159,19079.84122397701
2026-01-26 00:42:00+00:00,0.9221500158309937,0.92221999168396,0.9221100211143494,0.9221500158309937,22882.723424754393
2026-01-26 00:43:00+00:00,0.9221500158309937,0.9222000241279602,0.9216499924659729,0.9220600128173828,27365.262576301462
2026-01-26 00:44:00+00:00,0.9220700263977051,0.9222000241279602,0.922029972076416,0.9220700263977051,25719.35009967839
2026-01-26 00:45:00+00:00,0.9220700263977051,0.9222999811172485,0.921720027923584,0.9221799969673157,26011.21371265511
2026-01-26 00:46:00+00:00,0.9221400022506714,0.9224399924278259,0.9221299886703491,0.9224299788475037,28367.160913663545
2026-01-26 00:47:00+00:00,0.9224299788475037,0.922540009021759,0.9220100045204163,0.9224900007247925,25090.356107547806
2026-01-26 00:48:00+00:00,0.9224799871444702,0.9225500226020813,0.9223899841308594,0.9224299788475037,25817.325443940415
2026-01-26 00:49:00+00:00,0.9224299788475037,0.9225500226020813,0.9220200181007385,0.922469973564148,29333.407725604415
2026-01-26 00:50:00+00:00,0.922469973564148,0.9225999712944031,0.922469973564148,0.922569990158081,27932.376403819297
2026-01-26 00:51:00+00:00,0.9225500226020813,0.922569990158081,0.9219800233840942,0.9223799705505371,29443.12872674354
2026-01-26 00:52:00+00:00,0.9223799705505371,0.9224399924278259,0.92221999168396,0.9222599864006042,25444.519170514406
2026-01-26 00:53:00+00:00,0.9222300052642822,0.9222400188446045,0.9217000007629395,0.9220799803733826,23842.293424103376
2026-01-26 00:54:00+00:00,0.9221699833869934,0.9223399758338928,0.9220600128173828,0.9221199750900269,34245.34434877633
2026-01-26 00:55:00+00:00,0.9220799803733826,0.9223999977111816,0.9218299984931946,0.9222099781036377,26653.954438968496
2026-01-26 00:56:00+00:00,0.9222099781036377,0.9222699999809265,0.9221100211143494,0.9221199750900269,30768.53552536171
2026-01-26 00:57:00+00:00,0.9221500158309937,0.9222999811172485,0.9217000007629395,0.9221199750900269,35154.20792192085
2026-01-26 00:58:00+00:00,0.9221199750900269,0.9221699833869934,0.9218699932098389,0.9218800067901611,26865.400265918073
2026-01-26 00:59:00+00:00,0.9218800067901611,0.9220499992370605,0.9215700030326843,0.9220100045204163,33979.78281017871
2026-01-26 01:00:00+00:00,0.9220100045204163,0.9220799803733826,0.9215999841690063,0.9217900037765503,33939.88967510581
2026-01-26 01:01:00+00:00,0.9217600226402283,0.9218500256538391,0.9213500022888184,0.9218000173568726,40995.71910715259
2026-01-26 01:02:00+00:00,0.9217600226402283,0.9218299984931946,0.921720027923584,0.9217699766159058,30921.27628191686
2026-01-26 01:03:00+00:00,0.9217600226402283,0.9220100045204163,0.92153000831604,0.9219300150871277,37856.357202067564
2026-01-26 01:04:00+00:00,0.921970009803772,0.9221299886703491,0.9218400120735168,0.9220100045204163,37775.1721584378
2026-01-26 01:05:00+00:00,0.9220399856567383,0.92221999168396,0.9217299818992615,0.9220899939537048,36061.055711462526
2026-01-26 01:06:00+00:00,0.9220799803733826,0.92221999168396,0.9220700263977051,0.9220700263977051,31909.376668034794
2026-01-26 01:07:00+00:00,0.9220700263977051,0.9223999977111816,0.9218800067901611,0.9223399758338928,32089.54449800204
2026-01-26 01:08:00+00:00,0.9223200082778931,0.9223499894142151,0.9221299886703491,0.9221500158309937,31634.868758245335
2026-01-26 01:09:00+00:00,0.9221199750900269,0.9222800135612488,0.9217299818992615,0.9222300052642822,29336.569799426583
2026-01-26 01:10:00+00:00,0.9222300052642822,0.9223399758338928,0.9222000241279602,0.9222699999809265,25990.13447080865
2026-01-26 01:11:00+00:00,0.9222699999809265,0.9223300218582153,0.9218400120735168,0.9222300052642822,24240.172740468206
2026-01-26 01:12:00+00:00,0.9222300052642822,0.9222999811172485,0.9221799969673157,0.9222000241279602,24681.954463841765
2026-01-26 01:13:00+00:00,0.9222000241279602,0.9224399924278259,0.9219499826431274,0.9223899841308594,22541.6798732291
2026-01-26 01:14:00+00:00,0.9224100112915039,0.9227200150489807,0.9223499894142151,0.9225900173187256,21161.698996574014
2026-01-26 01:15:00+00:00,0.9226499795913696,0.922819972038269,0.922290027141571,0.9227499961853027,20805.38862241483
2026-01-26 01:16:00+00:00,0.9228100180625916,0.9228699803352356,0.9227200150489807,0.9227499961853027,22917.789633747634
2026-01-26 01:17:00+00:00,0.9227499961853027,0.9229000210762024,0.9223600029945374,0.9227499961853027,19022.714418214262
2026-01-26 01:18:00+00:00,0.922789990901947,0.9229199886322021,0.922730028629303,0.9228500127792358,21886.262526155813
2026-01-26 01:19:00+00:00,0.9228299856185913,0.9228799939155579,0.9223399758338928,0.9227200150489807,21452.318913977648
2026-01-26 01:20:00+00:00,0.9227399826049805,0.9229000210762024,0.9227399826049805,0.9228100180625916,22462.882374562374
2026-01-26 01:21:00+00:00,0.9228100180625916,0.9229000210762024,0.9224100112915039,0.9227799773216248,25608.798357421114
2026-01-26 01:22:00+00:00,0.9228100180625916,0.9228399991989136,0.9227200150489807,0.9227200150489807,19840.599330917074
2026-01-26 01:23:00+00:00,0.9227700233459473,0.9228000044822693,0.9222300052642822,0.922760009765625,20530.557600544824
2026-01-26 01:24:00+00:00,0.9227100014686584,0.9228100180625916,0.9226800203323364,0.922760009765625,23738.202634319216
2026-01-26 01:25:00+00:00,0.9226999878883362,0.9229000210762024,0.922249972820282,0.9226800203323364,24916.419397483773
2026-01-26 01:26:00+00:00,0.9227200150489807,0.922730028629303,0.9225000143051147,0.9226599931716919,21535.85576952884
2026-01-26 01:27:00+00:00,0.9226599931716919,0.9226999878883362,0.9222099781036377,0.922569990158081,23786.90884382425
2026-01-26 01:28:00+00:00,0.922569990158081,0.922760009765625,0.922540009021759,0.9226700067520142,22573.469291883695
2026-01-26 01:29:00+00:00,0.9226700067520142,0.9227200150489807,0.92221999168396,0.9226099848747253,20862.27366778394
2026-01-26 01:30:00+00:00,0.9226099848747253,0.9226999878883362,0.9225500226020813,0.9226300120353699,24209.490769182197
2026-01-26 01:31:00+00:00,0.9226099848747253,0.9226599931716919,0.9220600128173828,0.922510027885437,17971.289994774685
2026-01-26 01:32:00+00:00,0.922469973564148,0.9226199984550476,0.9224600195884705,0.9225800037384033,20141.349762620393
2026-01-26 01:33:00+00:00,0.9225500226020813,0.9226199984550476,0.9221199750900269,0.9225299954414368,25880.01995568134
2026-01-26 01:34:00+00:00,0.9225000143051147,0.9225999712944031,0.9224900007247925,0.922540009021759,20597.304033465196
2026-01-26 01:35:00+00:00,0.922540009021759,0.9225900173187256,0.9220100045204163,0.9223899841308594,26335.31683600589
2026-01-26 01:36:00+00:00,0.9224200248718262,0.9224399924278259,0.922249972820282,0.922249972820282,23742.869082077756
2026-01-26 01:37:00+00:00,0.922249972820282,0.9223200082778931,0.92180997133255,0.92221999168396,21923.954855639993
2026-01-26 01:38:00+00:00,0.9221699833869934,0.92221999168396,0.9220200181007385,0.9220499992370605,25737.11643887633
2026-01-26 01:39:00+00:00,0.9220899939537048,0.9222000241279602,0.9216300249099731,0.9220899939537048,25581.33898220404
2026-01-26 01:40:00+00:00,0.9220899939537048,0.9223200082778931,0.9220799803733826,0.9222999811172485,21390.25611615125
2026-01-26 01:41:00+00:00,0.9222800135612488,0.9223200082778931,0.9217299818992615,0.9221699833869934,27378.96205805001
2026-01-26 01:42:00+00:00,0.9221199750900269,0.9222000241279602,0.9220600128173828,0.9221199750900269,27017.49934215153
2026-01-26 01:43:00+00:00,0.9220799803733826,0.9222000241279602,0.9216700196266174,0.9220899939537048,21528.594761030814
2026-01-26 01:44:00+00:00,0.9220899939537048,0.9222300052642822,0.9220700263977051,0.9221400022506714,27980.966773992765
2026-01-26 01:45:00+00:00,0.9221600294113159,0.9222000241279602,0.9216200113296509,0.9220399856567383,25344.35218782832
2026-01-26 01:46:00+00:00,0.9220700263977051,0.9221199750900269,0.9219599962234497,0.9219800233840942,22462.44184206559
2026-01-26 01:47:00+00:00,0.921970009803772,0.9221000075340271,0.9214800000190735,0.9219499826431274,29436.492062871905
2026-01-26 01:48:00+00:00,0.9219200015068054,0.9220399856567383,0.9218400120735168,0.9218599796295166,27951.434227763948
2026-01-26 01:49:00+00:00,0.9218500256538391,0.9219099879264832,0.9214400053024292,0.92180997133255,28144.066815452756
2026-01-26 01:50:00+00:00,0.9218500256538391,0.9219099879264832,0.9218000173568726,0.9218900203704834,26106.817811684763
2026-01-26 01:51:00+00:00,0.9218599796295166,0.921999990940094,0.9214000105857849,0.9218699932098389,25157.066899485373
2026-01-26 01:52:00+00:00,0.9218500256538391,0.921999990940094,0.9217699766159058,0.9218699932098389,22214.35963037018
2026-01-26 01:53:00+00:00,0.9218900203704834,0.9219300150871277,0.9214299917221069,0.9218500256538391,24979.39195347836
2026-01-26 01:54:00+00:00,0.9218599796295166,0.9219200015068054,0.9217100143432617,0.921720027923584,27541.134363718484
2026-01-26 01:55:00+00:00,0.9217299818992615,0.9218999743461609,0.9213600158691406,0.9218000173568726,21764.901257806545
2026-01-26 01:56:00+00:00,0.9217600226402283,0.9218400120735168,0.9216799736022949,0.921779990196228,23907.329252385694
2026-01-26 01:57:00+00:00,0.9217900037765503,0.92194002866745,0.9214500188827515,0.9218900203704834,21694.929550647164
2026-01-26 01:58:00+00:00,0.9218699932098389,0.921999990940094,0.9218299984931946,0.9219300150871277,20368.572889723662
2026-01-26 01:59:00+00:00,0.9219499826431274,0.921999990940094,0.921459972858429,0.9219099879264832,21607.0958647447
2026-01-26 02:00:00+00:00,0.921970009803772,0.9221000075340271,0.9219300150871277,0.9219300150871277,18955.209155482044
2026-01-26 02:01:00+00:00,0.9219300150871277,0.921999990940094,0.9214800000190735,0.9219099879264832,28729.272674416334
2026-01-26 02:02:00+00:00,0.9219099879264832,0.9219300150871277,0.9217299818992615,0.9217600226402283,17894.329384060457
2026-01-26 02:03:00+00:00,0.9217699766159058,0.92180997133255,0.9212899804115295,0.921720027923584,25442.708056106025
2026-01-26 02:04:00+00:00,0.921720027923584,0.9218000173568726,0.9217100143432617,0.9217600226402283,23896.389005000692
2026-01-26 02:05:00+00:00,0.9217600226402283,0.9218999743461609,0.9214199781417847,0.9218500256538391,19221.223448805595
2026-01-26 02:06:00+00:00,0.9218400120735168,0.9220200181007385,0.921779990196228,0.921970009803772,17829.457074870174
2026-01-26 02:07:00+00:00,0.9219800233840942,0.9221400022506714,0.9216600060462952,0.9220700263977051,19721.68549289808
2026-01-26 02:08:00+00:00,0.9220700263977051,0.9222000241279602,0.922029972076416,0.9221000075340271,19692.572476940797
2026-01-26 02:09:00+00:00,0.9221100211143494,0.9221299886703491,0.9215199947357178,0.9219499826431274,18076.837633755196
2026-01-26 02:10:00+00:00,0.92194002866745,0.921999990940094,0.921779990196228,0.9218199849128723,17706.566240952474
2026-01-26 02:11:00+00:00,0.9217900037765503,0.9218199849128723,0.9212599992752075,0.9216399788856506,20931.149413158128
2026-01-26 02:12:00+00:00,0.9216899871826172,0.9218000173568726,0.9216300249099731,0.9217399954795837,22536.497658129632
2026-01-26 02:13:00+00:00,0.9217399954795837,0.9218500256538391,0.9213299751281738,0.9217299818992615,25244.551748298607
2026-01-26 02:14:00+00:00,0.9217299818992615,0.9219599962234497,0.921720027923584,0.92180997133255,22896.960610263006
2026-01-26 02:15:00+00:00,0.9217600226402283,0.9218999743461609,0.9214100241661072,0.9218599796295166,23134.899407093675
2026-01-26 02:16:00+00:00,0.9218299984931946,0.9219499826431274,0.92180997133255,0.9218299984931946,26026.857838785876
2026-01-26 02:17:00+00:00,0.9218299984931946,0.9218999743461609,0.9213700294494629,0.9217399954795837,21875.842130434008
2026-01-26 02:18:00+00:00,0.921750009059906,0.9218999743461609,0.921720027923584,0.9218000173568726,27594.10000288437
2026-01-26 02:19:00+00:00,0.9217900037765503,0.921999990940094,0.9214299917221069,0.9218800067901611,32016.255166249743
2026-01-26 02:20:00+00:00,0.9218800067901611,0.922029972076416,0.9218800067901611,0.9219300150871277,26142.235221115498
2026-01-26 02:21:00+00:00,0.921970009803772,0.9221000075340271,0.921500027179718,0.9219200015068054,22081.38015993827
2026-01-26 02:22:00+00:00,0.9219200015068054,0.9220100045204163,0.9218699932098389,0.921970009803772,27423.2426091116
2026-01-26 02:23:00+00:00,0.92194002866745,0.9220200181007385,0.9215400218963623,0.9219200015068054,19818.533066138305
2026-01-26 02:24:00+00:00,0.9219200015068054,0.9219800233840942,0.9217100143432617,0.9217900037765503,26861.708841849628
2026-01-26 02:25:00+00:00,0.9218199849128723,0.9218199849128723,0.9212999939918518,0.9216899871826172,25060.21290712495
2026-01-26 02:26:00+00:00,0.9216799736022949,0.9218999743461609,0.9216799736022949,0.92180997133255,27775.637260006097
2026-01-26 02:27:00+00:00,0.92180997133255,0.9219300150871277,0.9214100241661072,0.9217900037765503,26902.51940175738
2026-01-26 02:28:00+00:00,0.9218299984931946,0.9219599962234497,0.9217699766159058,0.9218199849128723,23874.75730108968
2026-01-26 02:29:00+00:00,0.9218400120735168,0.921999990940094,0.9214900135993958,0.9219099879264832,22722.566449599188
2026-01-26 02:30:00+00:00,0.9219099879264832,0.921970009803772,0.9218400120735168,0.9218699932098389,21309.17799927981
2026-01-26 02:31:00+00:00,0.9218900203704834,0.9219300150871277,0.9214299917221069,0.9217900037765503,26375.334756025328
2026-01-26 02:32:00+00:00,0.9217900037765503,0.9219099879264832,0.9217699766159058,0.9217699766159058,20585.432688292385
2026-01-26 02:33:00+00:00,0.9218000173568726,0.9218999743461609,0.9213899970054626,0.9218000173568726,22205.977674295358
2026-01-26 02:34:00+00:00,0.92180997133255,0.9218599796295166,0.9217600226402283,0.9217699766159058,17940.63369688128
2026-01-26 02:35:00+00:00,0.9217699766159058,0.9218999743461609,0.9214199781417847,0.9218199849128723,15607.167013199298
2026-01-26 02:36:00+00:00,0.9218199849128723,0.921999990940094,0.9218199849128723,0.9218699932098389,18843.570215199397
2026-01-26 02:37:00+00:00,0.9218299984931946,0.9219099879264832,0.9214100241661072,0.9218199849128723,19269.70031183959
2026-01-26 02:38:00+00:00,0.9218400120735168,0.9218999743461609,0.9217600226402283,0.9218000173568726,16463.173154011278
2026-01-26 02:39:00+00:00,0.9218699932098389,0.9218999743461609,0.9213600158691406,0.92180997133255,13510.54614163749
2026-01-26 02:40:00+00:00,0.921779990196228,0.9219099879264832,0.921779990196228,0.9218299984931946,13023.353314503662
2026-01-26 02:41:00+00:00,0.9217900037765503,0.9218400120735168,0.9212200045585632,0.9216700196266174,14233.214028950702
2026-01-26 02:42:00+00:00,0.9216399788856506,0.9218000173568726,0.9216200113296509,0.9217100143432617,16460.054654726177
2026-01-26 02:43:00+00:00,0.9216799736022949,0.9218000173568726,0.9213200211524963,0.9217299818992615,16131.39849771673
2026-01-26 02:44:00+00:00,0.9217299818992615,0.9218000173568726,0.9216300249099731,0.921720027923584,15414.34465087775
2026-01-26 02:45:00+00:00,0.9217000007629395,0.921750009059906,0.9212700128555298,0.9216700196266174,14396.806620406074
2026-01-26 02:46:00+00:00,0.9216499924659729,0.9217299818992615,0.9216300249099731,0.9216700196266174,15715.638615825019
2026-01-26 02:47:00+00:00,0.9216600060462952,0.9218299984931946,0.9213299751281738,0.9217699766159058,14819.303450388108
2026-01-26 02:48:00+00:00,0.92180997133255,0.9218500256538391,0.9216799736022949,0.921720027923584,16767.432108789963
2026-01-26 02:49:00+00:00,0.9216899871826172,0.9218299984931946,0.9213399887084961,0.9217299818992615,17881.255224185654
2026-01-26 02:50:00+00:00,0.9217299818992615,0.9218500256538391,0.9217100143432617,0.92180997133255,14057.54189324147
2026-01-26 02:51:00+00:00,0.92180997133255,0.9218999743461609,0.9213700294494629,0.9217600226402283,14364.79362073505
2026-01-26 02:52:00+00:00,0.9217900037765503,0.9218299984931946,0.9215899705886841,0.9215899705886841,16959.362027003674
2026-01-26 02:53:00+00:00,0.9215899705886841,0.9216700196266174,0.9211400151252747,0.9215599894523621,17788.45952895389
2026-01-26 02:54:00+00:00,0.9216099977493286,0.9217299818992615,0.9215499758720398,0.9217299818992615,20054.270316146798
2026-01-26 02:55:00+00:00,0.9216899871826172,0.9218299984931946,0.9213399887084961,0.921779990196228,17470.51008096546
2026-01-26 02:56:00+00:00,0.921779990196228,0.9221000075340271,0.9217699766159058,0.9220600128173828,21775.17166352528
2026-01-26 02:57:00+00:00,0.9220700263977051,0.9221100211143494,0.9215099811553955,0.9219499826431274,24501.10253528286
2026-01-26 02:58:00+00:00,0.9219099879264832,0.921999990940094,0.9218400120735168,0.9218999743461609,19950.054250396675
2026-01-26 02:59:00+00:00,0.9218900203704834,0.9219499826431274,0.9214400053024292,0.9218199849128723,24206.47871450357
2026-01-26 03:00:00+00:00,0.9218199849128723,0.9218999743461609,0.9217600226402283,0.9218299984931946,19390.53190990887
2026-01-26 03:01:00+00:00,0.9218500256538391,0.921970009803772,0.9213799834251404,0.9219099879264832,28635.398875559094
2026-01-26 03:02:00+00:00,0.9219099879264832,0.921999990940094,0.9218000173568726,0.9219899773597717,25615.143450648724
2026-01-26 03:03:00+00:00,0.92194002866745,0.921999990940094,0.9214500188827515,0.9218699932098389,24215.199383520634
2026-01-26 03:04:00+00:00,0.9218699932098389,0.9219099879264832,0.9217600226402283,0.921779990196228,28179.82875835592
2026-01-26 03:05:00+00:00,0.9217699766159058,0.9218999743461609,0.9214199781417847,0.9218199849128723,29270.902532857348
2026-01-26 03:06:00+00:00,0.92180997133255,0.921999990940094,0.92180997133255,0.9219599962234497,27431.15567379421
2026-01-26 03:07:00+00:00,0.92194002866745,0.9219800233840942,0.9214500188827515,0.9218199849128723,26522.52482571286
2026-01-26 03:08:00+00:00,0.9218299984931946,0.9218999743461609,0.9217699766159058,0.921779990196228,21949.7481656455
2026-01-26 03:09:00+00:00,0.9217699766159058,0.9218999743461609,0.9213899970054626,0.9218199849128723,25260.79047505133
2026-01-26 03:10:00+00:00,0.9218000173568726,0.9218999743461609,0.9217600226402283,0.9218199849128723,21438.65679923846
2026-01-26 03:11:00+00:00,0.9218599796295166,0.9218999743461609,0.9213700294494629,0.9218199849128723,19719.035347150926
2026-01-26 03:12:00+00:00,0.9218699932098389,0.9218699932098389,0.9217399954795837,0.9217900037765503,20539.86973619686
2026-01-26 03:13:00+00:00,0.921779990196228,0.9218299984931946,0.9213200211524963,0.921779990196228,16054.234552974027
2026-01-26 03:14:00+00:00,0.921779990196228,0.9218999743461609,0.9217699766159058,0.9218000173568726,18292.398929909345
2026-01-26 03:15:00+00:00,0.9217900037765503,0.9218400120735168,0.9213100075721741,0.9217399954795837,16510.872705570095
2026-01-26 03:16:00+00:00,0.9217399954795837,0.9218000173568726,0.9217399954795837,0.921779990196228,11150.544559446604
2026-01-26 03:17:00+00:00,0.9217699766159058,0.9218199849128723,0.9213200211524963,0.9218000173568726,14609.919205373399
2026-01-26 03:18:00+00:00,0.9217600226402283,0.9218999743461609,0.9217600226402283,0.9217600226402283,11371.332636353427
2026-01-26 03:19:00+00:00,0.9218000173568726,0.9218999743461609,0.9213500022888184,0.921779990196228,12241.6638805698
2026-01-26 03:20:00+00:00,0.921779990196228,0.9219099879264832,0.921779990196228,0.9218900203704834,14557.702952247837
2026-01-26 03:21:00+00:00,0.9218699932098389,0.9219300150871277,0.9214000105857849,0.9218500256538391,13056.656636844473
2026-01-26 03:22:00+00:00,0.9218299984931946,0.9219300150871277,0.92180997133255,0.9218599796295166,12236.820291144986
2026-01-26 03:23:00+00:00,0.9218599796295166,0.9218999743461609,0.9213399887084961,0.921779990196228,14331.152870525932
2026-01-26 03:24:00+00:00,0.921779990196228,0.9218999743461609,0.921750009059906,0.9217600226402283,11836.374460473608
2026-01-26 03:25:00+00:00,0.92180997133255,0.9219099879264832,0.9214299917221069,0.9218599796295166,10751.87061364751
2026-01-26 03:26:00+00:00,0.9218500256538391,0.9219300150871277,0.9218400120735168,0.9218800067901611,10718.753752652441
2026-01-26 03:27:00+00:00,0.9218400120735168,0.9218999743461609,0.9214199781417847,0.9218500256538391,11656.619865033035
2026-01-26 03:28:00+00:00,0.9218699932098389,0.9218999743461609,0.9218199849128723,0.9218199849128723,10261.891561017042
2026-01-26 03:29:00+00:00,0.9218299984931946,0.9218999743461609,0.9213600158691406,0.9217900037765503,9044.842026545597
2026-01-26 03:30:00+00:00,0.921750009059906,0.9218000173568726,0.9216499924659729,0.9216700196266174,12134.586643737548
2026-01-26 03:31:00+00:00,0.9216700196266174,0.9217299818992615,0.9212200045585632,0.9216499924659729,9489.828050135524
2026-01-26 03:32:00+00:00,0.9216499924659729,0.9218000173568726,0.9216499924659729,0.9216799736022949,11785.631312944997
2026-01-26 03:33:00+00:00,0.9217000007629395,0.9217299818992615,0.9212200045585632,0.9216799736022949,9621.924057714856
2026-01-26 03:34:00+00:00,0.9216799736022949,0.9218199849128723,0.9216499924659729,0.9218000173568726,10401.13463027123
2026-01-26 03:35:00+00:00,0.9217900037765503,0.9218999743461609,0.9214199781417847,0.9218900203704834,11547.921063017206
2026-01-26 03:36:00+00:00,0.9218400120735168,0.9218999743461609,0.9217900037765503,0.9218500256538391,9274.102914179683
2026-01-26 03:37:00+00:00,0.9218199849128723,0.9218999743461609,0.9213700294494629,0.9217699766159058,9720.454587711258
2026-01-26 03:38:00+00:00,0.9217699766159058,0.9218999743461609,0.9217699766159058,0.9218500256538391,9462.377847237813
2026-01-26 03:39:00+00:00,0.9218299984931946,0.9218599796295166,0.9211500287055969,0.9216099977493286,15727.3428175679
2026-01-26 03:40:00+00:00,0.9215700030326843,0.9216499924659729,0.9215199947357178,0.9215499758720398,15543.859556549112
2026-01-26 03:41:00+00:00,0.9215400218963623,0.9216300249099731,0.9211300015449524,0.9215999841690063,18400.278648173044
2026-01-26 03:42:00+00:00,0.9215499758720398,0.9215999841690063,0.9214900135993958,0.9215199947357178,17979.562047593412
2026-01-26 03:43:00+00:00,0.9215400218963623,0.9215999841690063,0.9211099743843079,0.9215199947357178,16873.24193881247
2026-01-26 03:44:00+00:00,0.9215199947357178,0.9215999841690063,0.9214900135993958,0.9215499758720398,13324.902875356302
2026-01-26 03:45:00+00:00,0.9215199947357178,0.9217000007629395,0.9211900234222412,0.9216200113296509,13907.70407542022
2026-01-26 03:46:00+00:00,0.9216200113296509,0.9217000007629395,0.9215999841690063,0.9216399788856506,15440.218057221218
2026-01-26 03:47:00+00:00,0.9216200113296509,0.9216799736022949,0.9210600256919861,0.9214800000190735,18798.452833883817
2026-01-26 03:48:00+00:00,0.9215199947357178,0.9216200113296509,0.9214900135993958,0.9215800166130066,15577.027380367857
2026-01-26 03:49:00+00:00,0.9215400218963623,0.9217000007629395,0.9211400151252747,0.9215800166130066,16241.318910555436
2026-01-26 03:50:00+00:00,0.9215400218963623,0.9217000007629395,0.9215400218963623,0.9215800166130066,17113.36177681501
2026-01-26 03:51:00+00:00,0.9215599894523621,0.9217000007629395,0.9211599826812744,0.9215700030326843,18062.82725101932
2026-01-26 03:52:00+00:00,0.9215899705886841,0.9216200113296509,0.9215599894523621,0.9215800166130066,18175.747261396275
2026-01-26 03:53:00+00:00,0.9215800166130066,0.9217000007629395,0.9212200045585632,0.9216700196266174,11557.498655274818
2026-01-26 03:54:00+00:00,0.9216200113296509,0.9217000007629395,0.9215700030326843,0.9216300249099731,12324.59125923486
2026-01-26 03:55:00+00:00,0.9216399788856506,0.9218000173568726,0.921239972114563,0.9216799736022949,11449.842498321148
2026-01-26 03:56:00+00:00,0.9216799736022949,0.9218000173568726,0.9216799736022949,0.9217100143432617,14634.602185365513
2026-01-26 03:57:00+00:00,0.9217100143432617,0.9218000173568726,0.9212899804115295,0.9217299818992615,15623.323160869557
2026-01-26 03:58:00+00:00,0.9216899871826172,0.9218000173568726,0.9216899871826172,0.9217299818992615,16227.18187137273
2026-01-26 03:59:00+00:00,0.9217600226402283,0.9218000173568726,0.9213399887084961,0.921750009059906,14632.639428244709
2026-01-26 04:00:00+00:00,0.921750009059906,0.9219200015068054,0.921750009059906,0.9218500256538391,13298.430596820293
2026-01-26 04:01:00+00:00,0.9218500256538391,0.9219099879264832,0.9213200211524963,0.9217699766159058,14717.774657206468
2026-01-26 04:02:00+00:00,0.92180997133255,0.9219300150871277,0.9217699766159058,0.9219099879264832,16654.12462954996
2026-01-26 04:03:00+00:00,0.9219300150871277,0.9220200181007385,0.9214699864387512,0.9218999743461609,12925.890125490534
2026-01-26 04:04:00+00:00,0.9218999743461609,0.92194002866745,0.9218199849128723,0.9218599796295166,12151.274451899399
2026-01-26 04:05:00+00:00,0.9218299984931946,0.9218999743461609,0.9214199781417847,0.9218800067901611,12468.561880163876
2026-01-26 04:06:00+00:00,0.9218500256538391,0.9218999743461609,0.9218199849128723,0.9218400120735168,11444.182718218626
2026-01-26 04:07:00+00:00,0.9218500256538391,0.9218999743461609,0.9213799834251404,0.9218800067901611,12783.337016603062
2026-01-26 04:08:00+00:00,0.9218500256538391,0.9218999743461609,0.9218000173568726,0.9218299984931946,12850.135915607978
2026-01-26 04:09:00+00:00,0.9218299984931946,0.9218999743461609,0.9214000105857849,0.9218199849128723,11500.341533060517
2026-01-26 04:10:00+00:00,0.9217900037765503,0.9218999743461609,0.921779990196228,0.9218599796295166,13166.680498437077
2026-01-26 04:11:00+00:00,0.9218599796295166,0.9218999743461609,0.9213899970054626,0.9218999743461609,13681.192652445692
2026-01-26 04:12:00+00:00,0.9218199849128723,0.9219099879264832,0.9218000173568726,0.92180997133255,11263.030167591225
2026-01-26 04:13:00+00:00,0.92180997133255,0.9218999743461609,0.9213200211524963,0.9217600226402283,12947.573097554823
2026-01-26 04:14:00+00:00,0.9217600226402283,0.9218000173568726,0.9215400218963623,0.9215899705886841,17094.534169543265
2026-01-26 04:15:00+00:00,0.9215599894523621,0.9216499924659729,0.9211699962615967,0.9216200113296509,14415.415265226431
2026-01-26 04:16:00+00:00,0.9215999841690063,0.9216200113296509,0.921500027179718,0.9215400218963623,14082.29947792185
2026-01-26 04:17:00+00:00,0.9215400218963623,0.9215800166130066,0.9210299849510193,0.9214900135993958,12263.454770150194
2026-01-26 04:18:00+00:00,0.9214800000190735,0.9215999841690063,0.9214299917221069,0.9214699864387512,14281.355752205342
2026-01-26 04:19:00+00:00,0.9214699864387512,0.9215400218963623,0.921019971370697,0.9214500188827515,14076.829447811677
2026-01-26 04:20:00+00:00,0.9214500188827515,0.9215999841690063,0.9214100241661072,0.9215700030326843,17077.971201668755
2026-01-26 04:21:00+00:00,0.92153000831604,0.9216499924659729,0.9211199879646301,0.9216099977493286,18472.200555238564
2026-01-26 04:22:00+00:00,0.9215999841690063,0.9218999743461609,0.9215999841690063,0.92180997133255,16803.728105882583
2026-01-26 04:23:00+00:00,0.92180997133255,0.9218699932098389,0.9213799834251404,0.9218000173568726,21472.995934938863
2026-01-26 04:24:00+00:00,0.9218199849128723,0.9218500256538391,0.9216899871826172,0.9217000007629395,15420.78138805851
2026-01-26 04:25:00+00:00,0.9217100143432617,0.9218000173568726,0.9212899804115295,0.921750009059906,22181.268827795528
2026-01-26 04:26:00+00:00,0.921720027923584,0.9218000173568726,0.9216899871826172,0.9217000007629395,18100.859884867117
2026-01-26 04:27:00+00:00,0.9217000007629395,0.9218500256538391,0.9213700294494629,0.92180997133255,18216.815491437825
2026-01-26 04:28:00+00:00,0.921779990196228,0.9218199849128723,0.9217100143432617,0.921779990196228,14883.852307146404
2026-01-26 04:29:00+00:00,0.9217699766159058,0.9218299984931946,0.9213200211524963,0.9217100143432617,19225.93210460832
2026-01-26 04:30:00+00:00,0.921720027923584,0.9218299984931946,0.9217100143432617,0.9217900037765503,19599.569497757082
2026-01-26 04:31:00+00:00,0.921779990196228,0.9218999743461609,0.9214100241661072,0.92180997133255,15232.572620958943
2026-01-26 04:32:00+00:00,0.92180997133255,0.9218599796295166,0.9217000007629395,0.9217000007629395,16024.159187566449
2026-01-26 04:33:00+00:00,0.921720027923584,0.9218000173568726,0.9212700128555298,0.921750009059906,15124.825000854506
2026-01-26 04:34:00+00:00,0.921720027923584,0.9218000173568726,0.9216799736022949,0.921720027923584,13233.692915107116
2026-01-26 04:35:00+00:00,0.9217100143432617,0.9218000173568726,0.9212899804115295,0.9217000007629395,13424.245285769419
2026-01-26 04:36:00+00:00,0.921720027923584,0.9218000173568726,0.9217000007629395,0.9217699766159058,10308.635673700484
2026-01-26 04:37:00+00:00,0.9217399954795837,0.9218000173568726,0.9212999939918518,0.9218000173568726,8823.374659555175
2026-01-26 04:38:00+00:00,0.921720027923584,0.9218999743461609,0.921720027923584,0.92180997133255,10315.56007515837
2026-01-26 04:39:00+00:00,0.9217900037765503,0.9218199849128723,0.9213399887084961,0.921750009059906,10631.941292111074
2026-01-26 04:40:00+00:00,0.921750009059906,0.92180997133255,0.921720027923584,0.92180997133255,7361.479093751987
2026-01-26 04:41:00+00:00,0.9217600226402283,0.9218299984931946,0.9212999939918518,0.9217399954795837,9636.580340462991
2026-01-26 04:42:00+00:00,0.9217399954795837,0.9218000173568726,0.9216700196266174,0.9216799736022949,11656.5041990195
2026-01-26 04:43:00+00:00,0.9217000007629395,0.921720027923584,0.9212599992752075,0.9217000007629395,10077.16078042065
2026-01-26 04:44:00+00:00,0.9216600060462952,0.9217100143432617,0.9215599894523621,0.9215999841690063,10393.419136982004
2026-01-26 04:45:00+00:00,0.9215899705886841,0.9216300249099731,0.9211099743843079,0.9215999841690063,12014.137252444069
2026-01-26 04:46:00+00:00,0.92153000831604,0.9215999841690063,0.9214800000190735,0.921500027179718,11010.292256206429
2026-01-26 04:47:00+00:00,0.92153000831604,0.9215999841690063,0.9211300015449524,0.9215400218963623,10122.419980995417
2026-01-26 04:48:00+00:00,0.9215599894523621,0.9217000007629395,0.92153000831604,0.9216399788856506,10482.397394767684
2026-01-26 04:49:00+00:00,0.9216700196266174,0.9218000173568726,0.921239972114563,0.9216499924659729,10047.287543737424
2026-01-26 04:50:00+00:00,0.9216700196266174,0.9218000173568726,0.9216300249099731,0.9216899871826172,12789.47955225284
2026-01-26 04:51:00+00:00,0.921720027923584,0.9218000173568726,0.9212899804115295,0.9217000007629395,15189.817159580565
2026-01-26 04:52:00+00:00,0.9217000007629395,0.921750009059906,0.9215999841690063,0.9216899871826172,13326.030936373136
2026-01-26 04:53:00+00:00,0.9216499924659729,0.9218000173568726,0.9212700128555298,0.921750009059906,14913.139259691636
2026-01-26 04:54:00+00:00,0.921720027923584,0.9218000173568726,0.9216499924659729,0.9216499924659729,16518.490272735995
2026-01-26 04:55:00+00:00,0.9216499924659729,0.9218000173568726,0.921239972114563,0.9217100143432617,14427.689497823974
2026-01-26 04:56:00+00:00,0.9216499924659729,0.9218000173568726,0.9216499924659729,0.9216899871826172,15545.316854418763
2026-01-26 04:57:00+00:00,0.921720027923584,0.92180997133255,0.9213399887084961,0.9217699766159058,19681.54395666526
2026-01-26 04:58:00+00:00,0.9217900037765503,0.9218199849128723,0.9217000007629395,0.921750009059906,16367.931940743338
2026-01-26 04:59:00+00:00,0.9217299818992615,0.9218000173568726,0.9212700128555298,0.9216899871826172,18312.489007021577
2026-01-26 05:00:00+00:00,0.9216899871826172,0.9218000173568726,0.9216899871826172,0.9217600226402283,14921.472496932234
2026-01-26 05:01:00+00:00,0.9217299818992615,0.9218000173568726,0.9213299751281738,0.921750009059906,16038.871513504935
2026-01-26 05:02:00+00:00,0.9217699766159058,0.9218000173568726,0.9216300249099731,0.9216499924659729,15297.624421085275
2026-01-26 05:03:00+00:00,0.9216600060462952,0.9218000173568726,0.921280026435852,0.9217100143432617,16019.728384195403
2026-01-26 05:04:00+00:00,0.9217100143432617,0.9218000173568726,0.9217000007629395,0.921720027923584,11469.463189222617
2026-01-26 05:05:00+00:00,0.921720027923584,0.9218000173568726,0.9212999939918518,0.9217299818992615,11711.037749829042
2026-01-26 05:06:00+00:00,0.9217399954795837,0.9218999743461609,0.921720027923584,0.9217900037765503,14548.741698026266
2026-01-26 05:07:00+00:00,0.921750009059906,0.9218999743461609,0.9213899970054626,0.9217900037765503,11949.749845744404
2026-01-26 05:08:00+00:00,0.92180997133255,0.9218299984931946,0.9216399788856506,0.9216499924659729,12525.064579110756
2026-01-26 05:09:00+00:00,0.9216499924659729,0.9218000173568726,0.9212899804115295,0.921750009059906,14329.6752671922
2026-01-26 05:10:00+00:00,0.9217100143432617,0.9217600226402283,0.9216399788856506,0.9217100143432617,11757.62746379392
2026-01-26 05:11:00+00:00,0.9217000007629395,0.9218000173568726,0.9212999939918518,0.9217299818992615,11925.729920363345
2026-01-26 05:12:00+00:00,0.9217399954795837,0.9218000173568726,0.921720027923584,0.9217299818992615,11549.506741023304
2026-01-26 05:13:00+00:00,0.9217600226402283,0.9217699766159058,0.9212599992752075,0.9217000007629395,13215.38423737915
2026-01-26 05:14:00+00:00,0.9216899871826172,0.9218000173568726,0.9216700196266174,0.9217100143432617,11446.253568441949
2026-01-26 05:15:00+00:00,0.9217100143432617,0.9218000173568726,0.9213299751281738,0.921779990196228,12434.904230785576
2026-01-26 05:16:00+00:00,0.921750009059906,0.9218000173568726,0.9217299818992615,0.9217600226402283,9461.901501090299
2026-01-26 05:17:00+00:00,0.9217900037765503,0.9218400120735168,0.9213500022888184,0.9217900037765503,9603.12282326351
2026-01-26 05:18:00+00:00,0.9218299984931946,0.9218999743461609,0.921779990196228,0.9218599796295166,10113.046260499736
2026-01-26 05:19:00+00:00,0.9218400120735168,0.9218999743461609,0.9213899970054626,0.9218400120735168,9915.190531237926
2026-01-26 05:20:00+00:00,0.9218500256538391,0.9218999743461609,0.9217600226402283,0.9217900037765503,9003.477478304982
2026-01-26 05:21:00+00:00,0.9217900037765503,0.9218400120735168,0.9213200211524963,0.9218000173568726,8899.475741510296
2026-01-26 05:22:00+00:00,0.921779990196228,0.92180997133255,0.9217100143432617,0.9217399954795837,5593.018721606053
2026-01-26 05:23:00+00:00,0.9217299818992615,0.9218000173568726,0.9212300181388855,0.9216700196266174,8780.207682460607
2026-01-26 05:24:00+00:00,0.9216499924659729,0.9217100143432617,0.9215899705886841,0.9215899705886841,9193.246889798167
2026-01-26 05:25:00+00:00,0.9216099977493286,0.9216300249099731,0.9211500287055969,0.9215599894523621,7827.975444408813
2026-01-26 05:26:00+00:00,0.9215599894523621,0.9216499924659729,0.92153000831604,0.9215599894523621,8027.1021206277255
2026-01-26 05:27:00+00:00,0.9215700030326843,0.9215999841690063,0.9210399985313416,0.921459972858429,9869.324623922526
2026-01-26 05:28:00+00:00,0.921500027179718,0.9215999841690063,0.921459972858429,0.9215400218963623,10122.514378692409
2026-01-26 05:29:00+00:00,0.9215400218963623,0.9215999841690063,0.9211000204086304,0.921500027179718,11331.180324510486
2026-01-26 05:30:00+00:00,0.921500027179718,0.9215999841690063,0.921459972858429,0.9214900135993958,12792.19806681472
2026-01-26 05:31:00+00:00,0.9214800000190735,0.9215999841690063,0.9211199879646301,0.92153000831604,11287.869496105419
2026-01-26 05:32:00+00:00,0.9215499758720398,0.9217100143432617,0.9214900135993958,0.9217000007629395,12766.670795567963
2026-01-26 05:33:00+00:00,0.9216300249099731,0.9217000007629395,0.921180009841919,0.9215999841690063,14732.8895367904
2026-01-26 05:34:00+00:00,0.9215899705886841,0.9217000007629395,0.9215599894523621,0.9216399788856506,14092.096945158313
2026-01-26 05:35:00+00:00,0.9215899705886841,0.9217000007629395,0.9211999773979187,0.9211999773979187,13526.418758721507
2026-01-26 05:36:00+00:00,0.9216600060462952,0.9217000007629395,0.9215899705886841,0.9216399788856506,24963.306319738913
2026-01-26 05:37:00+00:00,0.9216099977493286,0.9217000007629395,0.9212200045585632,0.9216200113296509,22030.537762894277
2026-01-26 05:38:00+00:00,0.9216499924659729,0.9217000007629395,0.9216099977493286,0.9216200113296509,21390.153296675006
2026-01-26 05:39:00+00:00,0.9216399788856506,0.9217000007629395,0.9211900234222412,0.9215999841690063,24781.172184751365
2026-01-26 05:40:00+00:00,0.9216200113296509,0.9217399954795837,0.9215999841690063,0.9216799736022949,22105.813390417523
2026-01-26 05:41:00+00:00,0.9216600060462952,0.921720027923584,0.9212599992752075,0.9216799736022949,19747.237755217884
2026-01-26 05:42:00+00:00,0.9216499924659729,0.921720027923584,0.9216399788856506,0.9216899871826172,17978.464559820568
2026-01-26 05:43:00+00:00,0.9216899871826172,0.9217399954795837,0.9212300181388855,0.9217100143432617,14219.749458370363
2026-01-26 05:44:00+00:00,0.9216600060462952,0.9218000173568726,0.9216300249099731,0.9217000007629395,20434.42621030667
2026-01-26 05:45:00+00:00,0.9217000007629395,0.9218000173568726,0.9213299751281738,0.921720027923584,15705.97261532736
2026-01-26 05:46:00+00:00,0.921750009059906,0.9218400120735168,0.9216600060462952,0.9217699766159058,15651.369832671042
2026-01-26 05:47:00+00:00,0.9217699766159058,0.9218500256538391,0.9214000105857849,0.9217900037765503,17901.596820921615
2026-01-26 05:48:00+00:00,0.9217900037765503,0.9218500256538391,0.921750009059906,0.9217699766159058,14706.303186142259
2026-01-26 05:49:00+00:00,0.92180997133255,0.9218999743461609,0.9214000105857849,0.9218400120735168,12805.229683108804
2026-01-26 05:50:00+00:00,0.9218400120735168,0.9218999743461609,0.9217600226402283,0.9218000173568726,7279.458620845536
2026-01-26 05:51:00+00:00,0.9218000173568726,0.9219099879264832,0.9214500188827515,0.92180997133255,7064.338231387775
2026-01-26 05:52:00+00:00,0.9218699932098389,0.9218999743461609,0.921779990196228,0.9218400120735168,7122.272628938695
2026-01-26 05:53:00+00:00,0.9217900037765503,0.9218999743461609,0.9214000105857849,0.9218400120735168,9450.780863207727
2026-01-26 05:54:00+00:00,0.9218199849128723,0.9218800067901611,0.9217299818992615,0.921779990196228,8664.410481609988
2026-01-26 05:55:00+00:00,0.9217299818992615,0.9218000173568726,0.9212999939918518,0.9217399954795837,7382.238611473986
2026-01-26 05:56:00+00:00,0.921779990196228,0.9218500256538391,0.9217600226402283,0.9218000173568726,8656.917700798207
2026-01-26 05:57:00+00:00,0.9217900037765503,0.9218999743461609,0.9213700294494629,0.9217900037765503,12150.327593967384
2026-01-26 05:58:00+00:00,0.921779990196228,0.9218699932098389,0.9217299818992615,0.9218500256538391,9253.416098864534
2026-01-26 05:59:00+00:00,0.9218400120735168,0.9218999743461609,0.9214100241661072,0.9218400120735168,9950.9076373326
2026-01-26 06:00:00+00:00,0.9218400120735168,0.9219099879264832,0.92180997133255,0.9218699932098389,7691.863007985247
2026-01-26 06:01:00+00:00,0.9218599796295166,0.9221000075340271,0.9216099977493286,0.9220799803733826,8392.192896814393
2026-01-26 06:02:00+00:00,0.9220799803733826,0.9221100211143494,0.9220100045204163,0.9220700263977051,9637.26406255125
2026-01-26 06:03:00+00:00,0.9220700263977051,0.9221600294113159,0.9216399788856506,0.9220700263977051,7432.586575403781
2026-01-26 06:04:00+00:00,0.9220799803733826,0.9221400022506714,0.922029972076416,0.9220600128173828,9889.48334803295
2026-01-26 06:05:00+00:00,0.9220600128173828,0.9221000075340271,0.9215999841690063,0.9220399856567383,8223.165768134637
2026-01-26 06:06:00+00:00,0.9220399856567383,0.9221600294113159,0.921999990940094,0.9220200181007385,8980.510774111028
2026-01-26 06:07:00+00:00,0.9220200181007385,0.9221000075340271,0.9215599894523621,0.9219899773597717,14087.721239347224
2026-01-26 06:08:00+00:00,0.9219899773597717,0.9220399856567383,0.9218599796295166,0.9219099879264832,12156.267845243237
2026-01-26 06:09:00+00:00,0.9218900203704834,0.921999990940094,0.9212899804115295,0.9216600060462952,13742.705336780913
2026-01-26 06:10:00+00:00,0.9216499924659729,0.9218999743461609,0.9216499924659729,0.9218500256538391,22022.20043374929
2026-01-26 06:11:00+00:00,0.92180997133255,0.9219899773597717,0.9214400053024292,0.9219200015068054,18597.114962426644
2026-01-26 06:12:00+00:00,0.9219599962234497,0.9221000075340271,0.9218999743461609,0.922029972076416,19441.897655073262
2026-01-26 06:13:00+00:00,0.9219899773597717,0.9222300052642822,0.9217399954795837,0.9221699833869934,23095.61647275207
2026-01-26 06:14:00+00:00,0.9221500158309937,0.9223499894142151,0.9220899939537048,0.9223300218582153,20128.76747695982
2026-01-26 06:15:00+00:00,0.9223300218582153,0.9223999977111816,0.9219300150871277,0.9223499894142151,27374.010903799695
2026-01-26 06:16:00+00:00,0.9223499894142151,0.9223499894142151,0.9221400022506714,0.9221900105476379,29162.291437148167
2026-01-26 06:17:00+00:00,0.9221900105476379,0.9222999811172485,0.9217600226402283,0.92221999168396,23163.763455532233
2026-01-26 06:18:00+00:00,0.9222300052642822,0.9222999811172485,0.9221600294113159,0.9222400188446045,28181.616701032737
2026-01-26 06:19:00+00:00,0.9222099781036377,0.9222999811172485,0.9217000007629395,0.9221699833869934,23794.063777660587
2026-01-26 06:20:00+00:00,0.9221500158309937,0.9222000241279602,0.9220499992370605,0.9220600128173828,28175.674624816755
2026-01-26 06:21:00+00:00,0.9221100211143494,0.9222000241279602,0.9216600060462952,0.9221100211143494,31673.44449316039
2026-01-26 06:22:00+00:00,0.9221100211143494,0.9221199750900269,0.9219899773597717,0.9219899773597717,26233.23507250793
2026-01-26 06:23:00+00:00,0.9219899773597717,0.9222000241279602,0.9216799736022949,0.9221199750900269,23630.926963924056
2026-01-26 06:24:00+00:00,0.9221600294113159,0.9222999811172485,0.9220799803733826,0.9222400188446045,22064.804991296332
2026-01-26 06:25:00+00:00,0.922249972820282,0.9222999811172485,0.9216899871826172,0.9220899939537048,22830.106372421043
2026-01-26 06:26:00+00:00,0.9220799803733826,0.9222000241279602,0.9220600128173828,0.9221299886703491,24214.719667258687
2026-01-26 06:27:00+00:00,0.9221400022506714,0.9222999811172485,0.9217900037765503,0.92221999168396,21552.681823052317
2026-01-26 06:28:00+00:00,0.9222099781036377,0.922249972820282,0.9221299886703491,0.9221900105476379,19181.160424741804
2026-01-26 06:29:00+00:00,0.9221900105476379,0.9222000241279602,0.9216499924659729,0.9220600128173828,21554.84669169959
2026-01-26 06:30:00+00:00,0.9220600128173828,0.9221400022506714,0.9219300150871277,0.9219800233840942,21816.519627342448
2026-01-26 06:31:00+00:00,0.9219499826431274,0.9220200181007385,0.9214900135993958,0.92194002866745,19773.974484894883
2026-01-26 06:32:00+00:00,0.9219200015068054,0.9219499826431274,0.9217900037765503,0.9218400120735168,24065.88457921678
2026-01-26 06:33:00+00:00,0.9218299984931946,0.9219099879264832,0.9214100241661072,0.9218400120735168,20546.93375069867
2026-01-26 06:34:00+00:00,0.9218400120735168,0.9218999743461609,0.9218199849128723,0.9218599796295166,17676.80912684468
2026-01-26 06:35:00+00:00,0.9218599796295166,0.9218999743461609,0.9213799834251404,0.9218400120735168,20731.27444104981
2026-01-26 06:36:00+00:00,0.9218299984931946,0.9218999743461609,0.921779990196228,0.9218400120735168,17930.87518756322
2026-01-26 06:37:00+00:00,0.9218400120735168,0.9219099879264832,0.9214000105857849,0.9218599796295166,16354.134856330125
2026-01-26 06:38:00+00:00,0.9218199849128723,0.9218599796295166,0.9216700196266174,0.9217100143432617,17402.026859145193
2026-01-26 06:39:00+00:00,0.9216899871826172,0.9217299818992615,0.921209990978241,0.9216399788856506,15059.455596969618
2026-01-26 06:40:00+00:00,0.9216399788856506,0.9217299818992615,0.9216300249099731,0.9217299818992615,16202.129167925306
2026-01-26 06:41:00+00:00,0.9217000007629395,0.9219099879264832,0.9214299917221069,0.9218900203704834,14278.287051288922
2026-01-26 06:42:00+00:00,0.9218699932098389,0.92194002866745,0.9217900037765503,0.9217900037765503,15682.234398718485
2026-01-26 06:43:00+00:00,0.9218500256538391,0.92194002866745,0.9214699864387512,0.9218999743461609,12413.01809711982
2026-01-26 06:44:00+00:00,0.9218699932098389,0.92194002866745,0.9218299984931946,0.9218400120735168,10607.203370906675
2026-01-26 06:45:00+00:00,0.9218400120735168,0.9219099879264832,0.9213100075721741,0.921750009059906,10867.545190873718
2026-01-26 06:46:00+00:00,0.9218000173568726,0.9218999743461609,0.921750009059906,0.9218199849128723,13327.122496679005
2026-01-26 06:47:00+00:00,0.9217600226402283,0.9219899773597717,0.9214299917221069,0.9219300150871277,10618.80558102296
2026-01-26 06:48:00+00:00,0.9219300150871277,0.9221199750900269,0.9219300150871277,0.9220799803733826,13640.288688463243
2026-01-26 06:49:00+00:00,0.9220200181007385,0.9221100211143494,0.92153000831604,0.9219899773597717,16357.42376273853
2026-01-26 06:50:00+00:00,0.9219800233840942,0.9220399856567383,0.9218900203704834,0.9218999743461609,18491.138673417736
2026-01-26 06:51:00+00:00,0.9219099879264832,0.9220200181007385,0.9215199947357178,0.921999990940094,15474.032823713089
2026-01-26 06:52:00+00:00,0.9219599962234497,0.9220200181007385,0.9219099879264832,0.9219599962234497,16385.107812433565
2026-01-26 06:53:00+00:00,0.921970009803772,0.9220100045204163,0.9215099811553955,0.9219200015068054,16987.528666366194
2026-01-26 06:54:00+00:00,0.9219200015068054,0.9221000075340271,0.9218900203704834,0.9220100045204163,14521.89948700813
2026-01-26 06:55:00+00:00,0.921970009803772,0.922029972076416,0.921500027179718,0.921970009803772,17606.71614236121
2026-01-26 06:56:00+00:00,0.922029972076416,0.9220399856567383,0.9218299984931946,0.9219200015068054,21569.29552405956
2026-01-26 06:57:00+00:00,0.9219300150871277,0.921999990940094,0.921500027179718,0.9219300150871277,21978.920056609826
2026-01-26 06:58:00+00:00,0.9218999743461609,0.9220399856567383,0.9218400120735168,0.9218599796295166,25125.825983051283
2026-01-26 06:59:00+00:00,0.9219099879264832,0.921999990940094,0.9214699864387512,0.9218999743461609,21674.292389440547
2026-01-26 07:00:00+00:00,0.9218699932098389,0.9219499826431274,0.9216799736022949,0.9218199849128723,22949.00808877422
2026-01-26 07:01:00+00:00,0.9218500256538391,0.921999990940094,0.9214299917221069,0.9218599796295166,28424.65821517329
2026-01-26 07:02:00+00:00,0.9219099879264832,0.9219200015068054,0.9217299818992615,0.9218500256538391,26761.927888696784
2026-01-26 07:03:00+00:00,0.9218500256538391,0.9221299886703491,0.9216399788856506,0.9221100211143494,22338.312733903364
2026-01-26 07:04:00+00:00,0.9221000075340271,0.9221100211143494,0.9219300150871277,0.9220499992370605,22587.407901865943
2026-01-26 07:05:00+00:00,0.9220899939537048,0.9222000241279602,0.9216099977493286,0.9220399856567383,26260.3143924532
2026-01-26 07:06:00+00:00,0.9219800233840942,0.9220499992370605,0.9218599796295166,0.9219899773597717,25480.352355858973
2026-01-26 07:07:00+00:00,0.9219899773597717,0.9220700263977051,0.9214400053024292,0.9218699932098389,28309.798086638886
2026-01-26 07:08:00+00:00,0.9219099879264832,0.9220499992370605,0.9218599796295166,0.9219499826431274,25287.573446183604
2026-01-26 07:09:00+00:00,0.921999990940094,0.9220100045204163,0.9215099811553955,0.9218699932098389,26882.591504468895
2026-01-26 07:10:00+00:00,0.9218699932098389,0.9219899773597717,0.9217399954795837,0.92180997133255,32174.037953108073
2026-01-26 07:11:00+00:00,0.92180997133255,0.9219499826431274,0.9213600158691406,0.92180997133255,31297.582561859042
2026-01-26 07:12:00+00:00,0.92180997133255,0.9219200015068054,0.9217699766159058,0.9217699766159058,31738.22513703383
2026-01-26 07:13:00+00:00,0.9217699766159058,0.9218000173568726,0.9211999773979187,0.9216200113296509,38526.668372407534
2026-01-26 07:14:00+00:00,0.9215999841690063,0.9217399954795837,0.9215700030326843,0.9216799736022949,27077.139752842504
2026-01-26 07:15:00+00:00,0.9216799736022949,0.921720027923584,0.9211000204086304,0.9215199947357178,26491.48743118928
2026-01-26 07:16:00+00:00,0.9215199947357178,0.9215999841690063,0.9214500188827515,0.9215700030326843,27694.015208303535
2026-01-26 07:17:00+00:00,0.9215700030326843,0.9215899705886841,0.9210000038146973,0.921459972858429,29619.209974223024
2026-01-26 07:18:00+00:00,0.9214400053024292,0.921500027179718,0.9213700294494629,0.9214100241661072,33690.941649776956
2026-01-26 07:19:00+00:00,0.9214100241661072,0.921500027179718,0.920960009098053,0.9214500188827515,29063.5786015329
2026-01-26 07:20:00+00:00,0.9214199781417847,0.9215999841690063,0.9214100241661072,0.92153000831604,31314.375834696526
2026-01-26 07:21:00+00:00,0.92153000831604,0.9215999841690063,0.9210100173950195,0.9215199947357178,29450.224480919867
2026-01-26 07:22:00+00:00,0.9215199947357178,0.9215800166130066,0.921280026435852,0.9214199781417847,37187.68346607477
2026-01-26 07:23:00+00:00,0.9213799834251404,0.921500027179718,0.9209799766540527,0.9214400053024292,36481.04999050105
2026-01-26 07:24:00+00:00,0.9214199781417847,0.9215199947357178,0.921280026435852,0.9213600158691406,25956.002687865523
2026-01-26 07:25:00+00:00,0.9213200211524963,0.9214299917221069,0.9209399819374084,0.9213700294494629,31386.590444425365
2026-01-26 07:26:00+00:00,0.9213700294494629,0.921500027179718,0.9212700128555298,0.9214100241661072,33226.9530031608
2026-01-26 07:27:00+00:00,0.9213799834251404,0.9215999841690063,0.9210900068283081,0.9215599894523621,31523.410624407607
2026-01-26 07:28:00+00:00,0.9215400218963623,0.921720027923584,0.9214900135993958,0.9216700196266174,27245.982081401373
2026-01-26 07:29:00+00:00,0.9216799736022949,0.9218000173568726,0.9212599992752075,0.9217299818992615,25981.751096909786
2026-01-26 07:30:00+00:00,0.9216899871826172,0.9218999743461609,0.9216700196266174,0.9218299984931946,31736.91762022194
2026-01-26 07:31:00+00:00,0.9217900037765503,0.9218999743461609,0.9214000105857849,0.9218500256538391,25772.407803851856
2026-01-26 07:32:00+00:00,0.9218900203704834,0.9220700263977051,0.9218400120735168,0.9220499992370605,31538.92538995802
2026-01-26 07:33:00+00:00,0.922029972076416,0.9220799803733826,0.9212700128555298,0.9217000007629395,39069.066626375396
2026-01-26 07:34:00+00:00,0.9217100143432617,0.9219099879264832,0.9216499924659729,0.9218299984931946,39530.67994676129
2026-01-26 07:35:00+00:00,0.9218400120735168,0.9220499992370605,0.9215599894523621,0.9220200181007385,41167.38218650395
2026-01-26 07:36:00+00:00,0.9219599962234497,0.92221999168396,0.92194002866745,0.9222000241279602,39951.64243809038
2026-01-26 07:37:00+00:00,0.9221500158309937,0.9223300218582153,0.9218400120735168,0.9223099946975708,33287.4778884541
2026-01-26 07:38:00+00:00,0.9222800135612488,0.9223999977111816,0.9222599864006042,0.9223600029945374,32667.043539387858
2026-01-26 07:39:00+00:00,0.9223600029945374,0.9224200248718262,0.9219099879264832,0.9223700165748596,32826.29383937861
2026-01-26 07:40:00+00:00,0.9223700165748596,0.9226700067520142,0.9223099946975708,0.9226300120353699,30714.245428039914
2026-01-26 07:41:00+00:00,0.9226499795913696,0.9227499961853027,0.9221699833869934,0.9226099848747253,36728.989240987394
2026-01-26 07:42:00+00:00,0.9225900173187256,0.922730028629303,0.9225599765777588,0.9226199984550476,35040.25753848244
2026-01-26 07:43:00+00:00,0.9226199984550476,0.9226499795913696,0.9219499826431274,0.9223600029945374,39326.958277213584
2026-01-26 07:44:00+00:00,0.9223799705505371,0.9225999712944031,0.9223499894142151,0.9225199818611145,37589.7513841623
2026-01-26 07:45:00+00:00,0.9225199818611145,0.9225500226020813,0.9219300150871277,0.9223899841308594,44301.97854396692
2026-01-26 07:46:00+00:00,0.9223700165748596,0.9225199818611145,0.9222400188446045,0.9223099946975708,41084.06324548386
2026-01-26 07:47:00+00:00,0.9222999811172485,0.9224200248718262,0.9218500256538391,0.9222699999809265,36369.501277890886
2026-01-26 07:48:00+00:00,0.9222699999809265,0.9225000143051147,0.9222099781036377,0.9223499894142151,38723.72415326469
2026-01-26 07:49:00+00:00,0.9222999811172485,0.9223999977111816,0.9216200113296509,0.9220600128173828,47715.69818708612
2026-01-26 07:50:00+00:00,0.9220600128173828,0.9222000241279602,0.9219200015068054,0.9220499992370605,44416.90417753998
2026-01-26 07:51:00+00:00,0.9221000075340271,0.9221799969673157,0.9216300249099731,0.9221000075340271,39014.67975327058
2026-01-26 07:52:00+00:00,0.9220700263977051,0.9223099946975708,0.9220700263977051,0.9222400188446045,45210.41624063844
2026-01-26 07:53:00+00:00,0.9222400188446045,0.9222999811172485,0.921720027923584,0.92221999168396,43488.3969360681
2026-01-26 07:54:00+00:00,0.9221900105476379,0.9223999977111816,0.9221600294113159,0.9222999811172485,58746.28503887167
2026-01-26 07:55:00+00:00,0.922290027141571,0.9222999811172485,0.9217699766159058,0.9222300052642822,45960.04878954855
2026-01-26 07:56:00+00:00,0.9222699999809265,0.9224100112915039,0.9222099781036377,0.9223300218582153,42730.16124254432
2026-01-26 07:57:00+00:00,0.9223200082778931,0.9224299788475037,0.9219300150871277,0.9223600029945374,45618.122378041415
2026-01-26 07:58:00+00:00,0.9223600029945374,0.9224600195884705,0.922290027141571,0.9223899841308594,39383.25388637251
2026-01-26 07:59:00+00:00,0.9224100112915039,0.9225000143051147,0.9219300150871277,0.9224500060081482,43197.960324067295
2026-01-26 08:00:00+00:00,0.9224299788475037,0.922569990158081,0.922249972820282,0.9223399758338928,37910.136171191734
2026-01-26 08:01:00+00:00,0.9223499894142151,0.9223499894142151,0.9218000173568726,0.9221799969673157,36640.22741425304
2026-01-26 08:02:00+00:00,0.9222099781036377,0.9222999811172485,0.9221500158309937,0.92221999168396,34095.405827819246
2026-01-26 08:03:00+00:00,0.9222400188446045,0.9222999811172485,0.9216600060462952,0.9221699833869934,32105.630628577223
2026-01-26 08:04:00+00:00,0.9221699833869934,0.9224399924278259,0.9221299886703491,0.9224399924278259,33764.597930633194
2026-01-26 08:05:00+00:00,0.9223999977111816,0.9225000143051147,0.9219099879264832,0.9223799705505371,32817.96904816242
2026-01-26 08:06:00+00:00,0.9223999977111816,0.9225999712944031,0.9223600029945374,0.9225299954414368,36289.29375728122
2026-01-26 08:07:00+00:00,0.9225500226020813,0.9226099848747253,0.9220100045204163,0.922469973564148,35091.964580270214
2026-01-26 08:08:00+00:00,0.922469973564148,0.9228600263595581,0.9224100112915039,0.9227499961853027,37827.710332881754
2026-01-26 08:09:00+00:00,0.922760009765625,0.9228100180625916,0.9218900203704834,0.9223200082778931,43275.81876394938
2026-01-26 08:10:00+00:00,0.9222800135612488,0.9223999977111816,0.9221799969673157,0.922290027141571,50456.21888816984
2026-01-26 08:11:00+00:00,0.922290027141571,0.9223999977111816,0.9216700196266174,0.9221400022506714,47494.02426032157
2026-01-26 08:12:00+00:00,0.9221600294113159,0.922249972820282,0.9221100211143494,0.9221400022506714,51038.01221124174
2026-01-26 08:13:00+00:00,0.9221400022506714,0.9222000241279602,0.9216099977493286,0.9220600128173828,55865.45241167742
2026-01-26 08:14:00+00:00,0.9220200181007385,0.9221000075340271,0.9218500256538391,0.9218699932098389,55869.119129707324
2026-01-26 08:15:00+00:00,0.9218699932098389,0.921999990940094,0.9214500188827515,0.9218800067901611,65573.66878741058
2026-01-26 08:16:00+00:00,0.9218800067901611,0.921970009803772,0.92180997133255,0.9218500256538391,49205.65315217796
2026-01-26 08:17:00+00:00,0.9218699932098389,0.9219800233840942,0.9213799834251404,0.9219599962234497,47787.633557970774
2026-01-26 08:18:00+00:00,0.92194002866745,0.921999990940094,0.921720027923584,0.9218500256538391,46684.38848869606
2026-01-26 08:19:00+00:00,0.9218800067901611,0.9220600128173828,0.921500027179718,0.9220600128173828,52080.17789828361
2026-01-26 08:20:00+00:00,0.922029972076416,0.9221299886703491,0.9220200181007385,0.9220700263977051,53146.713327112586
2026-01-26 08:21:00+00:00,0.9220899939537048,0.9222800135612488,0.921779990196228,0.9222400188446045,42412.31240838682
2026-01-26 08:22:00+00:00,0.9222400188446045,0.9223499894142151,0.9221000075340271,0.9223099946975708,46312.094406605436
2026-01-26 08:23:00+00:00,0.9223499894142151,0.9223999977111816,0.9218400120735168,0.9223300218582153,35491.40070281901
2026-01-26 08:24:00+00:00,0.9223099946975708,0.9224100112915039,0.9222800135612488,0.9223399758338928,28715.490889965065
2026-01-26 08:25:00+00:00,0.922290027141571,0.9225199818611145,0.9219499826431274,0.9224399924278259,25978.29547743086
2026-01-26 08:26:00+00:00,0.9224299788475037,0.922540009021759,0.9223600029945374,0.9224299788475037,28543.88506269524
2026-01-26 08:27:00+00:00,0.9224299788475037,0.9225000143051147,0.9219099879264832,0.9223200082778931,28017.949740484324
2026-01-26 08:28:00+00:00,0.9223200082778931,0.9224299788475037,0.922290027141571,0.9222999811172485,28856.07331675679
2026-01-26 08:29:00+00:00,0.9222999811172485,0.9223999977111816,0.9218699932098389,0.9222999811172485,25182.01847283362
2026-01-26 08:30:00+00:00,0.922290027141571,0.9223999977111816,0.9220799803733826,0.9221000075340271,24369.012323669867
2026-01-26 08:31:00+00:00,0.9221199750900269,0.9222099781036377,0.921720027923584,0.9221600294113159,27765.57838069186
2026-01-26 08:32:00+00:00,0.9221699833869934,0.9223099946975708,0.9219599962234497,0.921999990940094,27566.559529444556
2026-01-26 08:33:00+00:00,0.9220200181007385,0.9221000075340271,0.9214199781417847,0.92180997133255,31938.008096594476
2026-01-26 08:34:00+00:00,0.9217900037765503,0.9219300150871277,0.9216099977493286,0.9216300249099731,35618.22233952181
2026-01-26 08:35:00+00:00,0.9216300249099731,0.9217000007629395,0.9211099743843079,0.9215199947357178,33522.547136414876
2026-01-26 08:36:00+00:00,0.9215400218963623,0.9215999841690063,0.9213500022888184,0.9215499758720398,29945.93364570145
2026-01-26 08:37:00+00:00,0.9215499758720398,0.9219599962234497,0.9213799834251404,0.92180997133255,39444.1291605219
2026-01-26 08:38:00+00:00,0.9218000173568726,0.9218299984931946,0.9215899705886841,0.9215899705886841,44922.19892864583
2026-01-26 08:39:00+00:00,0.9216300249099731,0.9216700196266174,0.9210799932479858,0.921500027179718,40559.120218672055
2026-01-26 08:40:00+00:00,0.9214699864387512,0.9215999841690063,0.9213100075721741,0.9214199781417847,32881.45053111558
2026-01-26 08:41:00+00:00,0.9214100241661072,0.9215499758720398,0.9209200143814087,0.921280026435852,44004.1358866446
2026-01-26 08:42:00+00:00,0.921280026435852,0.921500027179718,0.9212499856948853,0.9214100241661072,52614.793119822
2026-01-26 08:43:00+00:00,0.9214100241661072,0.9217000007629395,0.9211400151252747,0.9215999841690063,48981.10904023063
2026-01-26 08:44:00+00:00,0.9215700030326843,0.9216099977493286,0.9213899970054626,0.9213899970054626,47656.66962643074
2026-01-26 08:45:00+00:00,0.9213899970054626,0.9214699864387512,0.920989990234375,0.9214199781417847,41307.111009069406
2026-01-26 08:46:00+00:00,0.9214199781417847,0.921500027179718,0.9211300015449524,0.9211999773979187,47011.54763832801
2026-01-26 08:47:00+00:00,0.9212300181388855,0.9212999939918518,0.9207599759101868,0.9211900234222412,45142.27838805664
2026-01-26 08:48:00+00:00,0.9211599826812744,0.9213500022888184,0.9211300015449524,0.9211900234222412,43312.27978562108
2026-01-26 08:49:00+00:00,0.9211500287055969,0.9212999939918518,0.9205800294876099,0.9210600256919861,46187.3299897957
2026-01-26 08:50:00+00:00,0.9210399985313416,0.9211999773979187,0.921019971370697,0.9210399985313416,42046.35618917688
2026-01-26 08:51:00+00:00,0.9210500121116638,0.9212300181388855,0.9206699728965759,0.9210500121116638,42282.563216518574
2026-01-26 08:52:00+00:00,0.9210299849510193,0.9211000204086304,0.9210100173950195,0.9210299849510193,41451.09983874674
2026-01-26 08:53:00+00:00,0.9210500121116638,0.9211199879646301,0.9204699993133545,0.920960009098053,36565.88646716252
2026-01-26 08:54:00+00:00,0.9209499955177307,0.9211000204086304,0.9209399819374084,0.9210100173950195,40902.0556039161
2026-01-26 08:55:00+00:00,0.9210399985313416,0.9211300015449524,0.9206600189208984,0.9210900068283081,33328.41538895718
2026-01-26 08:56:00+00:00,0.9210699796676636,0.921180009841919,0.9210399985313416,0.9210799932479858,24666.517032980148
2026-01-26 08:57:00+00:00,0.9210799932479858,0.9211999773979187,0.9207199811935425,0.9211699962615967,31391.60238332231
2026-01-26 08:58:00+00:00,0.9211599826812744,0.9212599992752075,0.9211099743843079,0.9212300181388855,25440.409990398985
2026-01-26 08:59:00+00:00,0.9212499856948853,0.9212999939918518,0.9205800294876099,0.9210699796676636,28423.413569887372
2026-01-26 09:00:00+00:00,0.9210699796676636,0.9211300015449524,0.9207199811935425,0.9211099743843079,34206.8280271366
2026-01-26 09:01:00+00:00,0.9211099743843079,0.9211400151252747,0.9204699993133545,0.9208199977874756,40176.89120654527
2026-01-26 09:02:00+00:00,0.9208499789237976,0.9210000038146973,0.9207800030708313,0.920799970626831,33440.28424716559
2026-01-26 09:03:00+00:00,0.9207900166511536,0.9208300113677979,0.9201599955558777,0.9206200242042542,34475.45195711043
2026-01-26 09:04:00+00:00,0.9205899834632874,0.9207800030708313,0.9205600023269653,0.9207299947738647,33692.92397614966
2026-01-26 09:05:00+00:00,0.9206900000572205,0.9208400249481201,0.9203400015830994,0.9207500219345093,34016.991518359566
2026-01-26 09:06:00+00:00,0.9207299947738647,0.920799970626831,0.9206200242042542,0.920769989490509,31584.85518744864
2026-01-26 09:07:00+00:00,0.920710027217865,0.9208300113677979,0.920199990272522,0.920710027217865,45228.69366857308
2026-01-26 09:08:00+00:00,0.9206500053405762,0.9207199811935425,0.9205399751663208,0.9205499887466431,41274.70453842379
2026-01-26 09:09:00+00:00,0.9205800294876099,0.9205999970436096,0.9200000166893005,0.920490026473999,43654.58431571548
2026-01-26 09:10:00+00:00,0.9204999804496765,0.9206900000572205,0.9204400181770325,0.9206200242042542,43432.42807857455
2026-01-26 09:11:00+00:00,0.9205800294876099,0.9207000136375427,0.9201700091362,0.9205600023269653,43079.78623610524
2026-01-26 09:12:00+00:00,0.9205700159072876,0.9207000136375427,0.9204999804496765,0.9206699728965759,48285.18287715152
2026-01-26 09:13:00+00:00,0.9206699728965759,0.920740008354187,0.9202399849891663,0.920710027217865,37108.250267568415
2026-01-26 09:14:00+00:00,0.9206600189208984,0.9208400249481201,0.9206100106239319,0.9208400249481201,35949.78873462273
2026-01-26 09:15:00+00:00,0.9208199977874756,0.9208999872207642,0.9204300045967102,0.920769989490509,28207.074424664374
2026-01-26 09:16:00+00:00,0.920710027217865,0.9208999872207642,0.920710027217865,0.9208300113677979,25819.857696646293
2026-01-26 09:17:00+00:00,0.9208099842071533,0.9208499789237976,0.9203100204467773,0.9207900166511536,27033.425515141094
2026-01-26 09:18:00+00:00,0.9207500219345093,0.920799970626831,0.9204699993133545,0.9205300211906433,27520.63729461296
2026-01-26 09:19:00+00:00,0.9205300211906433,0.9205999970436096,0.9201200008392334,0.9205300211906433,27882.946805044583
2026-01-26 09:20:00+00:00,0.9205700159072876,0.9205999970436096,0.9204300045967102,0.920490026473999,26572.730239740187
2026-01-26 09:21:00+00:00,0.92044997215271,0.9205499887466431,0.9200299978256226,0.9204699993133545,24335.356590496544
2026-01-26 09:22:00+00:00,0.9204400181770325,0.9204999804496765,0.9202899932861328,0.9203500151634216,28430.22978461999
2026-01-26 09:23:00+00:00,0.9203500151634216,0.9204000234603882,0.9198600053787231,0.9202899932861328,27818.06501591429
2026-01-26 09:24:00+00:00,0.9203299880027771,0.9204000234603882,0.9202200174331665,0.9203400015830994,23567.73284817769
2026-01-26 09:25:00+00:00,0.9203199744224548,0.9204099774360657,0.9198099970817566,0.9202799797058105,23181.74711121162
2026-01-26 09:26:00+00:00,0.920229971408844,0.9205099940299988,0.920229971408844,0.92044997215271,24576.07623278374
2026-01-26 09:27:00+00:00,0.92044997215271,0.9205099940299988,0.9198899865150452,0.9202799797058105,29024.100753952247
2026-01-26 09:28:00+00:00,0.9202799797058105,0.9204199910163879,0.9201599955558777,0.9201700091362,28871.781968683626
2026-01-26 09:29:00+00:00,0.9201599955558777,0.9202200174331665,0.9195500016212463,0.9199699759483337,40648.70067247158
2026-01-26 09:30:00+00:00,0.9199699759483337,0.920009970664978,0.9197999835014343,0.9199399948120117,41627.698143303605
2026-01-26 09:31:00+00:00,0.9199100136756897,0.9200599789619446,0.919439971446991,0.9199299812316895,36028.26976758598
2026-01-26 09:32:00+00:00,0.9199000000953674,0.9200400114059448,0.9198600053787231,0.919979989528656,32806.901019903555
2026-01-26 09:33:00+00:00,0.9199699759483337,0.9200999736785889,0.9195200204849243,0.9198899865150452,31902.769764782548
2026-01-26 09:34:00+00:00,0.919920027256012,0.9199600219726562,0.9197700023651123,0.9197900295257568,32346.258928969277
2026-01-26 09:35:00+00:00,0.9198099970817566,0.9199299812316895,0.9194300174713135,0.9198399782180786,37683.565715588564
2026-01-26 09:36:00+00:00,0.9198200106620789,0.919920027256012,0.9197900295257568,0.9198700189590454,37074.74411803432
2026-01-26 09:37:00+00:00,0.9198700189590454,0.9199000000953674,0.919219970703125,0.9197800159454346,38699.00381291034
2026-01-26 09:38:00+00:00,0.9197400212287903,0.9197999835014343,0.9196199774742126,0.9196299910545349,34641.31490479516
2026-01-26 09:39:00+00:00,0.9196299910545349,0.9198200106620789,0.9192799925804138,0.9197700023651123,30744.648563426435
2026-01-26 09:40:00+00:00,0.9197700023651123,0.919979989528656,0.9197099804878235,0.9199000000953674,33686.9377754149
2026-01-26 09:41:00+00:00,0.9199299812316895,0.9202200174331665,0.9196500182151794,0.9201300144195557,41641.514051165
2026-01-26 09:42:00+00:00,0.9200599789619446,0.9201300144195557,0.919950008392334,0.9200500249862671,33804.20630925911
2026-01-26 09:43:00+00:00,0.9200500249862671,0.920199990272522,0.9196900129318237,0.920199990272522,32561.42654271368
2026-01-26 09:44:00+00:00,0.9201499819755554,0.9202799797058105,0.9201499819755554,0.9202399849891663,20760.420279067952
2026-01-26 09:45:00+00:00,0.9202399849891663,0.9203500151634216,0.9198799729347229,0.9203100204467773,29882.58975528305
2026-01-26 09:46:00+00:00,0.9203000068664551,0.9203400015830994,0.920229971408844,0.9203000068664551,22389.890455037737
2026-01-26 09:47:00+00:00,0.9202600121498108,0.9203500151634216,0.9198399782180786,0.9202399849891663,19735.409916275737
2026-01-26 09:48:00+00:00,0.9202399849891663,0.9203299880027771,0.9202399849891663,0.9203000068664551,20450.350357061783
2026-01-26 09:49:00+00:00,0.9202799797058105,0.9204999804496765,0.9199600219726562,0.9203699827194214,20149.456818215494
2026-01-26 09:50:00+00:00,0.9203900098800659,0.9204999804496765,0.9203299880027771,0.92044997215271,18566.106154165078
2026-01-26 09:51:00+00:00,0.92044997215271,0.9205499887466431,0.9200699925422668,0.9205099940299988,15574.240252626909
2026-01-26 09:52:00+00:00,0.9205099940299988,0.9205399751663208,0.9202799797058105,0.9203299880027771,18950.008388720704
2026-01-26 09:53:00+00:00,0.9203000068664551,0.9204000234603882,0.9197900295257568,0.920229971408844,23022.845664411296
2026-01-26 09:54:00+00:00,0.920229971408844,0.9204400181770325,0.920229971408844,0.9203799962997437,18092.25755911525
2026-01-26 09:55:00+00:00,0.9203900098800659,0.9204999804496765,0.9199900031089783,0.9204599857330322,20447.447903157048
2026-01-26 09:56:00+00:00,0.9204400181770325,0.9204999804496765,0.9204000234603882,0.9204300045967102,16843.203543301228
2026-01-26 09:57:00+00:00,0.9204599857330322,0.9207299947738647,0.920229971408844,0.920520007610321,13947.185019269677
2026-01-26 09:58:00+00:00,0.9205600023269653,0.9205800294876099,0.9204300045967102,0.9204800128936768,16446.772180525364
2026-01-26 09:59:00+00:00,0.9204800128936768,0.9205099940299988,0.920009970664978,0.9204000234603882,16749.58272344218
2026-01-26 10:00:00+00:00,0.9204000234603882,0.9204400181770325,0.9203400015830994,0.9203500151634216,19091.654704127435
2026-01-26 10:01:00+00:00,0.9203500151634216,0.9204199910163879,0.9198399782180786,0.9203500151634216,18035.70711833148
2026-01-26 10:02:00+00:00,0.9203400015830994,0.9204699993133545,0.9203199744224548,0.9204599857330322,21845.619821073757
2026-01-26 10:03:00+00:00,0.9204400181770325,0.9204999804496765,0.9199900031089783,0.9204300045967102,18836.28283877166
2026-01-26 10:04:00+00:00,0.92044997215271,0.9204999804496765,0.9204099774360657,0.9204300045967102,15987.077115621321
2026-01-26 10:05:00+00:00,0.9204300045967102,0.9204999804496765,0.919920027256012,0.9203799962997437,18944.837758648133
2026-01-26 10:06:00+00:00,0.9203799962997437,0.9204099774360657,0.9202100038528442,0.9202499985694885,19116.05833917161
2026-01-26 10:07:00+00:00,0.9202499985694885,0.9203100204467773,0.9198200106620789,0.9202499985694885,18211.170316408206
2026-01-26 10:08:00+00:00,0.9202899932861328,0.9204000234603882,0.9202399849891663,0.9202899932861328,14678.921964778117
2026-01-26 10:09:00+00:00,0.9203199744224548,0.9204300045967102,0.9198899865150452,0.9203900098800659,15186.237436585125
2026-01-26 10:10:00+00:00,0.9203699827194214,0.9204999804496765,0.9203199744224548,0.9203900098800659,18223.515483785446
2026-01-26 10:11:00+00:00,0.9203799962997437,0.9204999804496765,0.9199299812316895,0.9203500151634216,22228.914569627817
2026-01-26 10:12:00+00:00,0.9203500151634216,0.9204599857330322,0.9203400015830994,0.9204599857330322,16169.93026243448
2026-01-26 10:13:00+00:00,0.92044997215271,0.9204999804496765,0.9199399948120117,0.9203699827194214,18447.76869931549
2026-01-26 10:14:00+00:00,0.9203600287437439,0.9204999804496765,0.9203500151634216,0.9203699827194214,18615.7259646124
2026-01-26 10:15:00+00:00,0.9203600287437439,0.9204000234603882,0.9199000000953674,0.9203199744224548,20953.12301839344
2026-01-26 10:16:00+00:00,0.9203199744224548,0.9203500151634216,0.9202100038528442,0.9202499985694885,21150.191282155873
2026-01-26 10:17:00+00:00,0.9202399849891663,0.9203000068664551,0.9197400212287903,0.9201599955558777,24250.872431741995
2026-01-26 10:18:00+00:00,0.9201200008392334,0.9203000068664551,0.9201200008392334,0.9202100038528442,20449.937756402607
2026-01-26 10:19:00+00:00,0.9201599955558777,0.9202399849891663,0.919700026512146,0.9201099872589111,16479.981940042646
2026-01-26 10:20:00+00:00,0.9201099872589111,0.9202399849891663,0.9200699925422668,0.9202100038528442,17906.80679889708
2026-01-26 10:21:00+00:00,0.9201800227165222,0.9203000068664551,0.919730007648468,0.9201400279998779,21773.042250465205
2026-01-26 10:22:00+00:00,0.9201400279998779,0.9202499985694885,0.9201400279998779,0.920199990272522,22633.469060835803
2026-01-26 10:23:00+00:00,0.920199990272522,0.9203699827194214,0.9199100136756897,0.9203500151634216,15107.21418212717
2026-01-26 10:24:00+00:00,0.9203400015830994,0.9204000234603882,0.9202200174331665,0.9203299880027771,15112.181250604435
2026-01-26 10:25:00+00:00,0.9203299880027771,0.92044997215271,0.919920027256012,0.9203900098800659,22185.092959920807
2026-01-26 10:26:00+00:00,0.9203900098800659,0.9204999804496765,0.9203500151634216,0.9203900098800659,18538.178606878162
2026-01-26 10:27:00+00:00,0.9203600287437439,0.9205300211906433,0.9200299978256226,0.920490026473999,16586.576528728863
2026-01-26 10:28:00+00:00,0.9204699993133545,0.9205800294876099,0.9204599857330322,0.9205700159072876,15695.38867671651
2026-01-26 10:29:00+00:00,0.9205300211906433,0.9207199811935425,0.920199990272522,0.9206500053405762,19232.414682478164
2026-01-26 10:30:00+00:00,0.9206399917602539,0.9207500219345093,0.9206399917602539,0.920740008354187,12030.355864334024
2026-01-26 10:31:00+00:00,0.920710027217865,0.9208300113677979,0.9202899932861328,0.9207599759101868,13643.906076824918
2026-01-26 10:32:00+00:00,0.9207299947738647,0.9207599759101868,0.9206100106239319,0.9206799864768982,13555.561086266564
2026-01-26 10:33:00+00:00,0.9206299781799316,0.920799970626831,0.9202399849891663,0.9206699728965759,15261.354548816958
2026-01-26 10:34:00+00:00,0.9206500053405762,0.9207000136375427,0.9205999970436096,0.9206500053405762,15957.745989203613
2026-01-26 10:35:00+00:00,0.9206600189208984,0.920710027217865,0.9202100038528442,0.9206500053405762,13525.046862253745
2026-01-26 10:36:00+00:00,0.9206600189208984,0.9207000136375427,0.9205399751663208,0.9205700159072876,15829.330722241859
2026-01-26 10:37:00+00:00,0.9205499887466431,0.9206200242042542,0.9200699925422668,0.9204999804496765,16213.016871645988
2026-01-26 10:38:00+00:00,0.9205099940299988,0.920710027217865,0.9204800128936768,0.9206399917602539,14268.346680173314
2026-01-26 10:39:00+00:00,0.9205999970436096,0.9207000136375427,0.9201499819755554,0.9205899834632874,21623.91994829242
2026-01-26 10:40:00+00:00,0.9206200242042542,0.9207299947738647,0.9205800294876099,0.9206699728965759,17033.186667967977
2026-01-26 10:41:00+00:00,0.9206699728965759,0.9207199811935425,0.9202499985694885,0.9206699728965759,15375.290482889293
2026-01-26 10:42:00+00:00,0.9206699728965759,0.9208899736404419,0.9206699728965759,0.9208499789237976,20295.017190224895
2026-01-26 10:43:00+00:00,0.9208599925041199,0.9210399985313416,0.9205499887466431,0.9210000038146973,18554.310698954694
2026-01-26 10:44:00+00:00,0.9210000038146973,0.9211199879646301,0.920960009098053,0.9209799766540527,17403.1389241806
2026-01-26 10:45:00+00:00,0.9209700226783752,0.9210000038146973,0.9201599955558777,0.9206299781799316,28027.362455931452
2026-01-26 10:46:00+00:00,0.9206399917602539,0.9208300113677979,0.9205899834632874,0.920799970626831,32542.129238692407
2026-01-26 10:47:00+00:00,0.9208300113677979,0.9209200143814087,0.9204000234603882,0.9208700060844421,25073.903819696672
2026-01-26 10:48:00+00:00,0.9208700060844421,0.920930027961731,0.9207500219345093,0.920769989490509,33150.144454626294
2026-01-26 10:49:00+00:00,0.9207500219345093,0.9209100008010864,0.9204699993133545,0.9208599925041199,27882.2799320687
2026-01-26 10:50:00+00:00,0.9208599925041199,0.9210000038146973,0.9208499789237976,0.9209700226783752,35050.143668371406
2026-01-26 10:51:00+00:00,0.920930027961731,0.9211199879646301,0.9206399917602539,0.9211199879646301,24492.987489555668
2026-01-26 10:52:00+00:00,0.9210600256919861,0.9211599826812744,0.9210000038146973,0.9211099743843079,25603.718528437377
2026-01-26 10:53:00+00:00,0.9211099743843079,0.9213200211524963,0.9208099842071533,0.921239972114563,22157.57131669444
2026-01-26 10:54:00+00:00,0.9211999773979187,0.9213399887084961,0.9211400151252747,0.9212300181388855,23867.77789854999
2026-01-26 10:55:00+00:00,0.9212599992752075,0.9214000105857849,0.9208199977874756,0.9213299751281738,27590.353820515218
2026-01-26 10:56:00+00:00,0.9213600158691406,0.9214000105857849,0.9212599992752075,0.9212899804115295,25440.06069849416
2026-01-26 10:57:00+00:00,0.921280026435852,0.9214900135993958,0.920989990234375,0.9213700294494629,24030.9944230897
2026-01-26 10:58:00+00:00,0.9213700294494629,0.9214699864387512,0.9213500022888184,0.9214100241661072,25501.920764989893
2026-01-26 10:59:00+00:00,0.9213500022888184,0.9214299917221069,0.920930027961731,0.9213700294494629,17860.070098233195
2026-01-26 11:00:00+00:00,0.9213700294494629,0.92153000831604,0.9213399887084961,0.9214500188827515,15331.484186064186
2026-01-26 11:01:00+00:00,0.9214800000190735,0.921500027179718,0.920989990234375,0.9214400053024292,16861.842128484328
2026-01-26 11:02:00+00:00,0.9214400053024292,0.9216200113296509,0.9214000105857849,0.9214900135993958,17266.027776203977
2026-01-26 11:03:00+00:00,0.9214699864387512,0.9215999841690063,0.9210900068283081,0.92153000831604,23624.444238366174
2026-01-26 11:04:00+00:00,0.9215199947357178,0.9216200113296509,0.9215099811553955,0.9215400218963623,13567.499804773355
2026-01-26 11:05:00+00:00,0.9215800166130066,0.9215999841690063,0.920930027961731,0.9215199947357178,19166.113981214115
2026-01-26 11:06:00+00:00,0.921459972858429,0.9216200113296509,0.9214500188827515,0.9215899705886841,23162.138775373
2026-01-26 11:07:00+00:00,0.9215599894523621,0.9217399954795837,0.9211599826812744,0.9215599894523621,23846.931121319314
2026-01-26 11:08:00+00:00,0.9215999841690063,0.9216399788856506,0.9214900135993958,0.9215499758720398,20092.957815618392
2026-01-26 11:09:00+00:00,0.9215499758720398,0.9217299818992615,0.9211900234222412,0.9216399788856506,18717.680814340696
2026-01-26 11:10:00+00:00,0.9216399788856506,0.9217900037765503,0.9216300249099731,0.9217000007629395,17571.855952124515
2026-01-26 11:11:00+00:00,0.9217100143432617,0.9218000173568726,0.9212599992752075,0.9216899871826172,19580.315964145317
2026-01-26 11:12:00+00:00,0.9217100143432617,0.9217299818992615,0.9215700030326843,0.9216499924659729,26054.779131004456
2026-01-26 11:13:00+00:00,0.9216600060462952,0.9217100143432617,0.9211999773979187,0.9216399788856506,28676.122335791268
2026-01-26 11:14:00+00:00,0.9216399788856506,0.9218000173568726,0.9216300249099731,0.9217900037765503,23440.177025201254
2026-01-26 11:15:00+00:00,0.9217399954795837,0.9218000173568726,0.9212700128555298,0.9217600226402283,22506.563273803433
2026-01-26 11:16:00+00:00,0.9217399954795837,0.9218000173568726,0.9216099977493286,0.9216899871826172,22845.25468001513
2026-01-26 11:17:00+00:00,0.921720027923584,0.9218000173568726,0.9213200211524963,0.9217699766159058,21265.266373036913
2026-01-26 11:18:00+00:00,0.921750009059906,0.9218000173568726,0.9216899871826172,0.9217100143432617,23262.37922992567
2026-01-26 11:19:00+00:00,0.9217399954795837,0.9218000173568726,0.9212899804115295,0.9217699766159058,14908.437037897644
2026-01-26 11:20:00+00:00,0.921779990196228,0.9218000173568726,0.9216700196266174,0.9217399954795837,16005.837246442452
2026-01-26 11:21:00+00:00,0.9216899871826172,0.9218299984931946,0.9213799834251404,0.9217699766159058,17795.166501587013
2026-01-26 11:22:00+00:00,0.9217699766159058,0.9218999743461609,0.9217699766159058,0.9218000173568726,12271.57564822017
2026-01-26 11:23:00+00:00,0.9217900037765503,0.9218999743461609,0.9214000105857849,0.9218500256538391,14263.440474714393
2026-01-26 11:24:00+00:00,0.9218400120735168,0.9218999743461609,0.921750009059906,0.9218299984931946,13491.962312131349
2026-01-26 11:25:00+00:00,0.92180997133255,0.92194002866745,0.9214000105857849,0.9218500256538391,14880.213763245645
2026-01-26 11:26:00+00:00,0.9218500256538391,0.9218800067901611,0.9217900037765503,0.9218400120735168,10617.256796345398
2026-01-26 11:27:00+00:00,0.9218400120735168,0.9218999743461609,0.9213399887084961,0.9218599796295166,12237.091691284702
2026-01-26 11:28:00+00:00,0.9218500256538391,0.9220200181007385,0.9218299984931946,0.9218900203704834,12692.09839194149
2026-01-26 11:29:00+00:00,0.9218900203704834,0.9220100045204163,0.9214900135993958,0.9219499826431274,14023.728811403376
2026-01-26 11:30:00+00:00,0.9219800233840942,0.9220700263977051,0.9218699932098389,0.9218699932098389,12048.676648187355
2026-01-26 11:31:00+00:00,0.9218699932098389,0.921999990940094,0.9214900135993958,0.92194002866745,13251.937384289706
2026-01-26 11:32:00+00:00,0.92194002866745,0.921999990940094,0.9217699766159058,0.921779990196228,15499.174454372587
2026-01-26 11:33:00+00:00,0.921779990196228,0.92180997133255,0.9212999939918518,0.921750009059906,16735.55932979144
2026-01-26 11:34:00+00:00,0.921750009059906,0.9218000173568726,0.9217100143432617,0.9217299818992615,16373.082758076835
2026-01-26 11:35:00+00:00,0.9217299818992615,0.92180997133255,0.9213399887084961,0.921720027923584,18113.550914437667
2026-01-26 11:36:00+00:00,0.921750009059906,0.9218000173568726,0.9216799736022949,0.9216899871826172,14260.112939460458
2026-01-26 11:37:00+00:00,0.9217000007629395,0.9218000173568726,0.9212300181388855,0.9216700196266174,17924.039568711436
2026-01-26 11:38:00+00:00,0.9216899871826172,0.921750009059906,0.9216700196266174,0.9216799736022949,15684.727791235095
2026-01-26 11:39:00+00:00,0.9216799736022949,0.9217299818992615,0.9210399985313416,0.9215099811553955,19280.095597680935
2026-01-26 11:40:00+00:00,0.9215199947357178,0.9215999841690063,0.9213700294494629,0.9214400053024292,22168.379394967244
2026-01-26 11:41:00+00:00,0.9214299917221069,0.9216200113296509,0.9211300015449524,0.9215499758720398,19873.209961755147
2026-01-26 11:42:00+00:00,0.9215499758720398,0.9216099977493286,0.9215400218963623,0.9215800166130066,18489.319452096537
2026-01-26 11:43:00+00:00,0.9215599894523621,0.9216799736022949,0.921239972114563,0.9216700196266174,15978.83459927161
2026-01-26 11:44:00+00:00,0.9216600060462952,0.9217000007629395,0.9215700030326843,0.9216200113296509,14453.268856702645
2026-01-26 11:45:00+00:00,0.9216200113296509,0.9216499924659729,0.9211999773979187,0.9216300249099731,12452.535495796172
2026-01-26 11:46:00+00:00,0.9216200113296509,0.9217000007629395,0.9215199947357178,0.9215999841690063,11938.558398638623
2026-01-26 11:47:00+00:00,0.9216300249099731,0.9217000007629395,0.921180009841919,0.9216200113296509,14911.295543262937
2026-01-26 11:48:00+00:00,0.9216099977493286,0.9217000007629395,0.9215800166130066,0.9215899705886841,12862.447574609563
2026-01-26 11:49:00+00:00,0.9215899705886841,0.9216499924659729,0.9211500287055969,0.9215700030326843,16666.973011186306
2026-01-26 11:50:00+00:00,0.9215700030326843,0.9216499924659729,0.9215599894523621,0.9215800166130066,14433.570288636367
2026-01-26 11:51:00+00:00,0.9215800166130066,0.9217000007629395,0.9210299849510193,0.9214299917221069,12126.351275717518
2026-01-26 11:52:00+00:00,0.9214400053024292,0.9216700196266174,0.9214299917221069,0.9215199947357178,19157.624227615743
2026-01-26 11:53:00+00:00,0.9215099811553955,0.9215700030326843,0.9210699796676636,0.9215099811553955,15904.497061982938
2026-01-26 11:54:00+00:00,0.9214900135993958,0.9215199947357178,0.9214100241661072,0.921459972858429,15324.457554304676
2026-01-26 11:55:00+00:00,0.9214299917221069,0.9215999841690063,0.9210799932479858,0.921500027179718,12075.44313385731
2026-01-26 11:56:00+00:00,0.921500027179718,0.9216600060462952,0.921500027179718,0.9216300249099731,15017.637405809073
2026-01-26 11:57:00+00:00,0.9216300249099731,0.9216399788856506,0.9210000038146973,0.9214800000190735,16983.805057454992
2026-01-26 11:58:00+00:00,0.9214800000190735,0.9215400218963623,0.9214000105857849,0.9214900135993958,16713.086100448883
2026-01-26 11:59:00+00:00,0.9214800000190735,0.9216099977493286,0.9211099743843079,0.9215400218963623,19411.60241645851
2026-01-26 12:00:00+00:00,0.9215700030326843,0.9215999841690063,0.9215099811553955,0.9215599894523621,17338.548303268068
2026-01-26 12:01:00+00:00,0.9215599894523621,0.9217100143432617,0.921209990978241,0.9216600060462952,16217.663155130858
2026-01-26 12:02:00+00:00,0.9216799736022949,0.9219099879264832,0.9216300249099731,0.9218400120735168,24296.835445655055
2026-01-26 12:03:00+00:00,0.9218400120735168,0.9219099879264832,0.9214299917221069,0.9218699932098389,18834.27140370242
2026-01-26 12:04:00+00:00,0.9218400120735168,0.9220399856567383,0.9218400120735168,0.9220100045204163,24351.184364562305
2026-01-26 12:05:00+00:00,0.9219899773597717,0.921999990940094,0.9213799834251404,0.9218199849128723,21778.422014289128
2026-01-26 12:06:00+00:00,0.9218299984931946,0.9218500256538391,0.9215899705886841,0.9216399788856506,23905.752414828872
2026-01-26 12:07:00+00:00,0.9216700196266174,0.921720027923584,0.9212200045585632,0.9216600060462952,21743.279914123363
2026-01-26 12:08:00+00:00,0.9216700196266174,0.9217600226402283,0.9216099977493286,0.9216700196266174,22173.442483101
2026-01-26 12:09:00+00:00,0.9216700196266174,0.9218699932098389,0.9214199781417847,0.9218299984931946,26790.846359545667
2026-01-26 12:10:00+00:00,0.9218299984931946,0.921999990940094,0.92180997133255,0.9219899773597717,23678.278260079882
2026-01-26 12:11:00+00:00,0.9219499826431274,0.9221000075340271,0.9216099977493286,0.9220600128173828,21113.07182092975
2026-01-26 12:12:00+00:00,0.9220499992370605,0.9221299886703491,0.921999990940094,0.9220499992370605,22326.277525820748
2026-01-26 12:13:00+00:00,0.9220499992370605,0.9221000075340271,0.9215899705886841,0.922029972076416,16660.43408968305
2026-01-26 12:14:00+00:00,0.922029972076416,0.9222099781036377,0.922029972076416,0.9222000241279602,19127.96366550992
2026-01-26 12:15:00+00:00,0.9221900105476379,0.9222099781036377,0.9216700196266174,0.9221600294113159,18850.99324837824
2026-01-26 12:16:00+00:00,0.9221299886703491,0.9221900105476379,0.9219899773597717,0.9221900105476379,22725.05102442878
2026-01-26 12:17:00+00:00,0.9221400022506714,0.9223600029945374,0.9218800067901611,0.9223300218582153,16505.887323048148
2026-01-26 12:18:00+00:00,0.9223300218582153,0.9224299788475037,0.9222699999809265,0.9222999811172485,20831.02675017738
2026-01-26 12:19:00+00:00,0.922290027141571,0.9223999977111816,0.9218800067901611,0.9223200082778931,19868.816575638644
2026-01-26 12:20:00+00:00,0.9223099946975708,0.9224399924278259,0.9222599864006042,0.9222800135612488,15874.275573244426
2026-01-26 12:21:00+00:00,0.9222699999809265,0.9223399758338928,0.921720027923584,0.9221699833869934,20016.121987644045
2026-01-26 12:22:00+00:00,0.9221699833869934,0.9222300052642822,0.9220700263977051,0.9221199750900269,19753.741521430726
2026-01-26 12:23:00+00:00,0.9221199750900269,0.9221699833869934,0.921500027179718,0.9219599962234497,26437.745651284236
2026-01-26 12:24:00+00:00,0.9219599962234497,0.921999990940094,0.9218500256538391,0.9219099879264832,20358.085784242303
2026-01-26 12:25:00+00:00,0.9218699932098389,0.9219099879264832,0.9213600158691406,0.9218000173568726,25463.074576657087
2026-01-26 12:26:00+00:00,0.9217900037765503,0.9218900203704834,0.921779990196228,0.9218199849128723,23668.01322250212
2026-01-26 12:27:00+00:00,0.9218000173568726,0.9218299984931946,0.9213299751281738,0.9217699766159058,24162.433551095983
2026-01-26 12:28:00+00:00,0.9217900037765503,0.9218699932098389,0.921750009059906,0.9218400120735168,24662.377001535533
2026-01-26 12:29:00+00:00,0.9218299984931946,0.9218999743461609,0.9213500022888184,0.9218199849128723,24782.96715410958
2026-01-26 12:30:00+00:00,0.9218199849128723,0.9218999743461609,0.921720027923584,0.921750009059906,18954.117211507833
2026-01-26 12:31:00+00:00,0.921720027923584,0.9218500256538391,0.9213100075721741,0.9216799736022949,19550.262592219424
2026-01-26 12:32:00+00:00,0.9216799736022949,0.9217100143432617,0.9216099977493286,0.9216499924659729,26551.30717359993
2026-01-26 12:33:00+00:00,0.9216700196266174,0.9217299818992615,0.921180009841919,0.9216200113296509,26992.43450793708
2026-01-26 12:34:00+00:00,0.9216200113296509,0.9218400120735168,0.9215999841690063,0.9218400120735168,21923.093805935998
2026-01-26 12:35:00+00:00,0.9217900037765503,0.9219099879264832,0.9214400053024292,0.9218900203704834,22787.551147244827
2026-01-26 12:36:00+00:00,0.9218500256538391,0.92194002866745,0.92180997133255,0.9218199849128723,18229.521204173536
2026-01-26 12:37:00+00:00,0.92180997133255,0.9218999743461609,0.9214199781417847,0.9218999743461609,15630.378063741182
2026-01-26 12:38:00+00:00,0.9218199849128723,0.9218800067901611,0.9217100143432617,0.9218000173568726,18063.816012608775
2026-01-26 12:39:00+00:00,0.9217399954795837,0.9218000173568726,0.9213299751281738,0.9217299818992615,15857.063883793018
2026-01-26 12:40:00+00:00,0.921720027923584,0.9217399954795837,0.9215999841690063,0.9216600060462952,15982.383086378859
2026-01-26 12:41:00+00:00,0.9216300249099731,0.9218000173568726,0.921239972114563,0.9216799736022949,14706.844504613358
2026-01-26 12:42:00+00:00,0.9217000007629395,0.9218500256538391,0.9216099977493286,0.9216799736022949,21430.008389860737
2026-01-26 12:43:00+00:00,0.9216799736022949,0.921720027923584,0.921180009841919,0.9215800166130066,20153.97888363632
2026-01-26 12:44:00+00:00,0.9215999841690063,0.9217100143432617,0.9215199947357178,0.9215700030326843,19592.58865966428
2026-01-26 12:45:00+00:00,0.9215700030326843,0.9216600060462952,0.9210799932479858,0.9214800000190735,21604.00085813763
2026-01-26 12:46:00+00:00,0.9214800000190735,0.9216200113296509,0.9214800000190735,0.9215099811553955,21013.495445483266
2026-01-26 12:47:00+00:00,0.9215599894523621,0.9216799736022949,0.9211900234222412,0.9216600060462952,21430.083648095537
2026-01-26 12:48:00+00:00,0.9216700196266174,0.921720027923584,0.9214900135993958,0.921500027179718,18059.794213269754
2026-01-26 12:49:00+00:00,0.9214900135993958,0.9217100143432617,0.9211900234222412,0.9216700196266174,18547.79139131004
2026-01-26 12:50:00+00:00,0.9216700196266174,0.921750009059906,0.9216099977493286,0.9216799736022949,22357.63110029247
2026-01-26 12:51:00+00:00,0.921720027923584,0.9217699766159058,0.921239972114563,0.9216700196266174,23132.460048066034
2026-01-26 12:52:00+00:00,0.9216799736022949,0.9217299818992615,0.9215499758720398,0.9216799736022949,18638.71603259013
2026-01-26 12:53:00+00:00,0.9216799736022949,0.9218000173568726,0.9212999939918518,0.9216700196266174,21982.254033672896
2026-01-26 12:54:00+00:00,0.9217100143432617,0.9218000173568726,0.9216399788856506,0.9217399954795837,24978.127854728322
2026-01-26 12:55:00+00:00,0.9217399954795837,0.9217699766159058,0.921239972114563,0.921720027923584,22801.250259720622
2026-01-26 12:56:00+00:00,0.9216799736022949,0.9218000173568726,0.9216700196266174,0.9217600226402283,18354.376349391023
2026-01-26 12:57:00+00:00,0.9217299818992615,0.9219099879264832,0.9214000105857849,0.9218599796295166,19654.29872377669
2026-01-26 12:58:00+00:00,0.9219099879264832,0.92194002866745,0.9218199849128723,0.9218299984931946,15558.005417374745
2026-01-26 12:59:00+00:00,0.9218299984931946,0.92194002866745,0.9214500188827515,0.9219300150871277,16023.659746077894
2026-01-26 13:00:00+00:00,0.9218900203704834,0.9220100045204163,0.9218199849128723,0.9218599796295166,18233.15204601861
2026-01-26 13:01:00+00:00,0.9218599796295166,0.9220399856567383,0.92153000831604,0.9220100045204163,19652.02303122285
2026-01-26 13:02:00+00:00,0.9220100045204163,0.9222400188446045,0.9219499826431274,0.9222099781036377,20958.428731624615
2026-01-26 13:03:00+00:00,0.9222099781036377,0.9222999811172485,0.9218000173568726,0.9222699999809265,20571.936297385477
2026-01-26 13:04:00+00:00,0.9222699999809265,0.9223499894142151,0.9222099781036377,0.9223200082778931,19120.544007529752
2026-01-26 13:05:00+00:00,0.9223200082778931,0.9224500060081482,0.9219899773597717,0.9223700165748596,17326.502401724774
2026-01-26 13:06:00+00:00,0.9223700165748596,0.9225000143051147,0.9222000241279602,0.922249972820282,17741.875096411964
2026-01-26 13:07:00+00:00,0.9222599864006042,0.9223700165748596,0.9218599796295166,0.9222999811172485,20273.925850432515
2026-01-26 13:08:00+00:00,0.9222999811172485,0.9223200082778931,0.9221799969673157,0.9222300052642822,21542.35303951538
2026-01-26 13:09:00+00:00,0.9222000241279602,0.9222999811172485,0.9217000007629395,0.9222000241279602,21239.16024632903
2026-01-26 13:10:00+00:00,0.9222099781036377,0.9222999811172485,0.9221500158309937,0.92221999168396,23916.88250628101
2026-01-26 13:11:00+00:00,0.92221999168396,0.922290027141571,0.9216799736022949,0.9221199750900269,25523.77469857599
2026-01-26 13:12:00+00:00,0.9221400022506714,0.9222300052642822,0.9220399856567383,0.9222000241279602,22199.01647666691
2026-01-26 13:13:00+00:00,0.9221799969673157,0.9222400188446045,0.9216799736022949,0.9221400022506714,28011.016535386727
2026-01-26 13:14:00+00:00,0.9221100211143494,0.9222000241279602,0.9219599962234497,0.9219599962234497,26202.529804287835
2026-01-26 13:15:00+00:00,0.9219599962234497,0.9221600294113159,0.9216799736022949,0.9221000075340271,26313.530665237366
2026-01-26 13:16:00+00:00,0.9221000075340271,0.9221299886703491,0.921970009803772,0.9220799803733826,24064.940279603717
2026-01-26 13:17:00+00:00,0.9220799803733826,0.9221299886703491,0.9215899705886841,0.9220399856567383,24734.59065050317
2026-01-26 13:18:00+00:00,0.9220499992370605,0.9221100211143494,0.9219599962234497,0.9220200181007385,21327.255177819967
2026-01-26 13:19:00+00:00,0.9220200181007385,0.9221900105476379,0.9216399788856506,0.9221699833869934,29653.868588546302
2026-01-26 13:20:00+00:00,0.9221600294113159,0.9222999811172485,0.9221100211143494,0.9222599864006042,24341.810675293775
2026-01-26 13:21:00+00:00,0.9222599864006042,0.9222999811172485,0.9217399954795837,0.9222400188446045,25189.63368616914
2026-01-26 13:22:00+00:00,0.9222400188446045,0.9222800135612488,0.9221000075340271,0.9221000075340271,25280.175297363978
2026-01-26 13:23:00+00:00,0.9221000075340271,0.9222999811172485,0.9218000173568726,0.9222300052642822,23608.56505217789
2026-01-26 13:24:00+00:00,0.9222599864006042,0.9223499894142151,0.9221900105476379,0.9222300052642822,23114.05904012718
2026-01-26 13:25:00+00:00,0.9222800135612488,0.9222999811172485,0.9215999841690063,0.9220600128173828,27016.885979905484
2026-01-26 13:26:00+00:00,0.9220399856567383,0.9222099781036377,0.9220399856567383,0.9221600294113159,23402.27465015724
2026-01-26 13:27:00+00:00,0.9221400022506714,0.9222000241279602,0.9216600060462952,0.9220700263977051,24937.94466895101
2026-01-26 13:28:00+00:00,0.9220600128173828,0.9221299886703491,0.9220100045204163,0.9220499992370605,23629.364852378952
2026-01-26 13:29:00+00:00,0.9220600128173828,0.9221600294113159,0.9216200113296509,0.9221299886703491,22786.291940450687
2026-01-26 13:30:00+00:00,0.9221299886703491,0.922249972820282,0.9219899773597717,0.9221799969673157,29721.055229464895
2026-01-26 13:31:00+00:00,0.9221799969673157,0.9222099781036377,0.9215700030326843,0.9219899773597717,28882.96479853378
2026-01-26 13:32:00+00:00,0.9220200181007385,0.9221100211143494,0.921970009803772,0.9220799803733826,28502.88733119249
2026-01-26 13:33:00+00:00,0.9220700263977051,0.9221600294113159,0.9216799736022949,0.9221000075340271,30802.395011857952
2026-01-26 13:34:00+00:00,0.9221199750900269,0.9222999811172485,0.9220499992370605,0.9222800135612488,31517.2303352561
2026-01-26 13:35:00+00:00,0.922249972820282,0.9223499894142151,0.9218500256538391,0.9223200082778931,19697.701740852743
2026-01-26 13:36:00+00:00,0.9223499894142151,0.9224399924278259,0.922290027141571,0.9223899841308594,23212.82849329718
2026-01-26 13:37:00+00:00,0.9223899841308594,0.9224100112915039,0.921779990196228,0.9222400188446045,31491.528880448226
2026-01-26 13:38:00+00:00,0.9222400188446045,0.9223200082778931,0.9221799969673157,0.9222800135612488,26273.476016871864
2026-01-26 13:39:00+00:00,0.9222699999809265,0.9223200082778931,0.9218199849128723,0.9222599864006042,22003.337713379533
2026-01-26 13:40:00+00:00,0.9222599864006042,0.9223200082778931,0.9221600294113159,0.9221699833869934,23659.603788069307
2026-01-26 13:41:00+00:00,0.9221799969673157,0.92221999168396,0.9216499924659729,0.922029972076416,23256.40018109256
2026-01-26 13:42:00+00:00,0.9220100045204163,0.9220700263977051,0.921970009803772,0.922029972076416,25051.49189505576
2026-01-26 13:43:00+00:00,0.922029972076416,0.9221400022506714,0.9216399788856506,0.9220899939537048,26626.33909657374
2026-01-26 13:44:00+00:00,0.9221000075340271,0.9221100211143494,0.9220200181007385,0.9220700263977051,21269.49083193734
2026-01-26 13:45:00+00:00,0.9220700263977051,0.9221400022506714,0.9216300249099731,0.9220600128173828,15451.456084498235
2026-01-26 13:46:00+00:00,0.9220799803733826,0.9221199750900269,0.9220499992370605,0.9220700263977051,14734.843484332976
2026-01-26 13:47:00+00:00,0.9220700263977051,0.9221500158309937,0.9215999841690063,0.9220799803733826,13793.685743571246
2026-01-26 13:48:00+00:00,0.9220899939537048,0.9221600294113159,0.9220100045204163,0.922029972076416,14787.63438346739
2026-01-26 13:49:00+00:00,0.922029972076416,0.9220499992370605,0.9215499758720398,0.9220100045204163,15658.457850521496
2026-01-26 13:50:00+00:00,0.9220200181007385,0.9221199750900269,0.92194002866745,0.9220100045204163,15502.644565982164
2026-01-26 13:51:00+00:00,0.9220100045204163,0.9221000075340271,0.9215199947357178,0.9219800233840942,14786.897132684373
2026-01-26 13:52:00+00:00,0.9219899773597717,0.922029972076416,0.9218999743461609,0.921970009803772,13996.352951575702
2026-01-26 13:53:00+00:00,0.9219599962234497,0.9220799803733826,0.9215499758720398,0.9220200181007385,14454.714734422118
2026-01-26 13:54:00+00:00,0.921970009803772,0.9220200181007385,0.9218699932098389,0.9219300150871277,14128.126871370852
2026-01-26 13:55:00+00:00,0.9219300150871277,0.9219800233840942,0.9213700294494629,0.9218599796295166,15916.266658520773
2026-01-26 13:56:00+00:00,0.9218400120735168,0.9219099879264832,0.9218000173568726,0.9218000173568726,16548.967874975933
2026-01-26 13:57:00+00:00,0.9218000173568726,0.9221100211143494,0.9215400218963623,0.9221000075340271,18105.14171622741
2026-01-26 13:58:00+00:00,0.9220600128173828,0.9222400188446045,0.9220200181007385,0.9220399856567383,16560.443811186175
2026-01-26 13:59:00+00:00,0.922029972076416,0.9220700263977051,0.9215599894523621,0.922029972076416,22032.947023033907
2026-01-26 14:00:00+00:00,0.9219899773597717,0.9220399856567383,0.9218699932098389,0.9218800067901611,20686.911060899314
2026-01-26 14:01:00+00:00,0.9219099879264832,0.9220700263977051,0.9215999841690063,0.9220200181007385,23125.89056257483
2026-01-26 14:02:00+00:00,0.921999990940094,0.9220700263977051,0.9218999743461609,0.9219099879264832,24422.404766955427
2026-01-26 14:03:00+00:00,0.9218999743461609,0.921970009803772,0.9212999939918518,0.9217900037765503,19509.631980570914
2026-01-26 14:04:00+00:00,0.9217900037765503,0.9218500256538391,0.9217299818992615,0.9218199849128723,21155.35409970194
2026-01-26 14:05:00+00:00,0.9218199849128723,0.9218900203704834,0.9212599992752075,0.921720027923584,20229.334477039883
2026-01-26 14:06:00+00:00,0.921720027923584,0.9218299984931946,0.9216499924659729,0.9217399954795837,18739.68749050852
2026-01-26 14:07:00+00:00,0.921750009059906,0.9218000173568726,0.9211300015449524,0.9215599894523621,30593.92692006887
2026-01-26 14:08:00+00:00,0.9215499758720398,0.9216600060462952,0.92153000831604,0.9215499758720398,23433.159927136443
2026-01-26 14:09:00+00:00,0.9215499758720398,0.9216300249099731,0.9211199879646301,0.9216099977493286,23723.697784526452
2026-01-26 14:10:00+00:00,0.9216200113296509,0.9216399788856506,0.9214800000190735,0.9215099811553955,29769.947228587236
2026-01-26 14:11:00+00:00,0.9214900135993958,0.9216099977493286,0.9211000204086304,0.92153000831604,24590.862891576715
2026-01-26 14:12:00+00:00,0.92153000831604,0.9216200113296509,0.9214900135993958,0.9216200113296509,23689.719202429907
2026-01-26 14:13:00+00:00,0.9215999841690063,0.921720027923584,0.921209990978241,0.9216399788856506,24078.54619862011
2026-01-26 14:14:00+00:00,0.9216600060462952,0.9216600060462952,0.921500027179718,0.92153000831604,22467.986622981203
2026-01-26 14:15:00+00:00,0.92153000831604,0.9215999841690063,0.9210799932479858,0.9215700030326843,22317.022476898772
2026-01-26 14:16:00+00:00,0.9215800166130066,0.9216099977493286,0.9215199947357178,0.9215400218963623,26276.907713367636
2026-01-26 14:17:00+00:00,0.92153000831604,0.9217000007629395,0.921209990978241,0.9216899871826172,16446.71163643743
2026-01-26 14:18:00+00:00,0.9216700196266174,0.921779990196228,0.9216399788856506,0.9216399788856506,18434.802163163353
2026-01-26 14:19:00+00:00,0.9216399788856506,0.9217299818992615,0.9212499856948853,0.9216799736022949,18129.007355526694
2026-01-26 14:20:00+00:00,0.9217000007629395,0.9218000173568726,0.9215800166130066,0.9216399788856506,16497.891475038916
2026-01-26 14:21:00+00:00,0.9216300249099731,0.9218000173568726,0.9212700128555298,0.9216799736022949,12334.860751007167
2026-01-26 14:22:00+00:00,0.921720027923584,0.9217699766159058,0.9216700196266174,0.9217699766159058,11521.11210051258
2026-01-26 14:23:00+00:00,0.9217699766159058,0.921779990196228,0.9212499856948853,0.9216200113296509,16378.060294251753
2026-01-26 14:24:00+00:00,0.9216200113296509,0.9217000007629395,0.9215700030326843,0.9216099977493286,15275.516472827649
2026-01-26 14:25:00+00:00,0.9215999841690063,0.921720027923584,0.921239972114563,0.9216799736022949,12910.845284013109
2026-01-26 14:26:00+00:00,0.9216899871826172,0.9218000173568726,0.9216700196266174,0.9217399954795837,11206.531933296963
2026-01-26 14:27:00+00:00,0.9217399954795837,0.9218000173568726,0.9212200045585632,0.9216700196266174,14531.826948112463
2026-01-26 14:28:00+00:00,0.9216700196266174,0.9219800233840942,0.9216099977493286,0.9219099879264832,20689.074116250482
2026-01-26 14:29:00+00:00,0.9219099879264832,0.921970009803772,0.9214299917221069,0.9218500256538391,21309.21195059989
2026-01-26 14:30:00+00:00,0.9218599796295166,0.9218999743461609,0.9216700196266174,0.9217299818992615,21723.561982477568
2026-01-26 14:31:00+00:00,0.9217000007629395,0.9220200181007385,0.921459972858429,0.9219599962234497,22958.57571478798
2026-01-26 14:32:00+00:00,0.921970009803772,0.9220200181007385,0.9218699932098389,0.9219499826431274,26732.88854018116
2026-01-26 14:33:00+00:00,0.9219499826431274,0.9220200181007385,0.9214699864387512,0.9219499826431274,22503.080081110875
2026-01-26 14:34:00+00:00,0.9218999743461609,0.9219800233840942,0.9218800067901611,0.9218999743461609,21977.191671661247
2026-01-26 14:35:00+00:00,0.9218999743461609,0.92194002866745,0.9213899970054626,0.9218299984931946,25130.80213831583
2026-01-26 14:36:00+00:00,0.9218299984931946,0.9219200015068054,0.9218000173568726,0.9218500256538391,22685.56343000102
2026-01-26 14:37:00+00:00,0.9218500256538391,0.9218999743461609,0.9214000105857849,0.92180997133255,20662.02096624094
2026-01-26 14:38:00+00:00,0.92180997133255,0.9218999743461609,0.9217299818992615,0.921779990196228,27697.620255825033
2026-01-26 14:39:00+00:00,0.9217699766159058,0.9218500256538391,0.9213500022888184,0.9218199849128723,16368.449225393872
2026-01-26 14:40:00+00:00,0.9218400120735168,0.9218999743461609,0.9217600226402283,0.92180997133255,25321.549654286126
2026-01-26 14:41:00+00:00,0.9218299984931946,0.9219300150871277,0.9214699864387512,0.9218800067901611,25690.57584071094
2026-01-26 14:42:00+00:00,0.9219099879264832,0.9219099879264832,0.921750009059906,0.9218400120735168,14780.461775292353
2026-01-26 14:43:00+00:00,0.9218400120735168,0.9218999743461609,0.9213899970054626,0.9217900037765503,14639.790142451953
2026-01-26 14:44:00+00:00,0.9217900037765503,0.9219800233840942,0.921779990196228,0.9219599962234497,16566.691655792336
2026-01-26 14:45:00+00:00,0.92194002866745,0.921999990940094,0.9213299751281738,0.9218000173568726,20925.977634787014
2026-01-26 14:46:00+00:00,0.92180997133255,0.921970009803772,0.9217699766159058,0.92194002866745,21272.923907016426
2026-01-26 14:47:00+00:00,0.9219300150871277,0.9219499826431274,0.9213700294494629,0.92180997133255,20506.506333362828
2026-01-26 14:48:00+00:00,0.92180997133255,0.9218999743461609,0.9217699766159058,0.9218000173568726,21100.992760158395
2026-01-26 14:49:00+00:00,0.9218199849128723,0.9218900203704834,0.9213200211524963,0.921720027923584,23762.39004022484
2026-01-26 14:50:00+00:00,0.9217299818992615,0.9218599796295166,0.9216600060462952,0.9216600060462952,22972.474765220122
2026-01-26 14:51:00+00:00,0.9216600060462952,0.92180997133255,0.9212599992752075,0.921720027923584,23812.005442137437
2026-01-26 14:52:00+00:00,0.9216799736022949,0.92180997133255,0.9216799736022949,0.9217900037765503,27196.1565390982
2026-01-26 14:53:00+00:00,0.9217699766159058,0.9218999743461609,0.9214100241661072,0.92180997133255,19901.321239792644
2026-01-26 14:54:00+00:00,0.9218000173568726,0.9218299984931946,0.9217000007629395,0.9217699766159058,21472.228441557454
2026-01-26 14:55:00+00:00,0.9217600226402283,0.9218199849128723,0.9211999773979187,0.9215899705886841,28758.11856047667
2026-01-26 14:56:00+00:00,0.9215599894523621,0.9217000007629395,0.9215099811553955,0.92153000831604,21688.83345353734
2026-01-26 14:57:00+00:00,0.9215099811553955,0.9215999841690063,0.9208999872207642,0.9213299751281738,32475.9813511158
2026-01-26 14:58:00+00:00,0.9213399887084961,0.9213899970054626,0.9211500287055969,0.9212300181388855,35828.54634781863
2026-01-26 14:59:00+00:00,0.9212599992752075,0.9213200211524963,0.920799970626831,0.9212599992752075,27586.60299654686
2026-01-26 15:00:00+00:00,0.921209990978241,0.9212999939918518,0.9211500287055969,0.9211900234222412,28053.751452522294
2026-01-26 15:01:00+00:00,0.921180009841919,0.9212599992752075,0.9207000136375427,0.9211000204086304,28595.37704903543
2026-01-26 15:02:00+00:00,0.9211000204086304,0.9211599826812744,0.9209399819374084,0.9210500121116638,24306.83484980075
2026-01-26 15:03:00+00:00,0.9210500121116638,0.9213500022888184,0.9208400249481201,0.9211500287055969,25793.582541235042
2026-01-26 15:04:00+00:00,0.921209990978241,0.921209990978241,0.9210000038146973,0.9210600256919861,26941.535661946913
2026-01-26 15:05:00+00:00,0.9211000204086304,0.9211999773979187,0.9206399917602539,0.9210699796676636,29594.306642070795
2026-01-26 15:06:00+00:00,0.9210699796676636,0.9211999773979187,0.920989990234375,0.9210399985313416,29027.68119796756
2026-01-26 15:07:00+00:00,0.9210299849510193,0.9211000204086304,0.9205899834632874,0.9210000038146973,26213.74215710212
2026-01-26 15:08:00+00:00,0.9210100173950195,0.921019971370697,0.9208899736404419,0.9208899736404419,27293.57331524173
2026-01-26 15:09:00+00:00,0.9209100008010864,0.920960009098053,0.9204599857330322,0.9209100008010864,21087.248579434934
2026-01-26 15:10:00+00:00,0.9209100008010864,0.9210699796676636,0.9209100008010864,0.9210299849510193,26505.942789612054
2026-01-26 15:11:00+00:00,0.9210299849510193,0.9211699962615967,0.9206900000572205,0.9211699962615967,21134.72831810416
2026-01-26 15:12:00+00:00,0.9211199879646301,0.9212200045585632,0.9210900068283081,0.921180009841919,20022.125306165784
2026-01-26 15:13:00+00:00,0.9211400151252747,0.921239972114563,0.920740008354187,0.921209990978241,19297.694131016153
2026-01-26 15:14:00+00:00,0.921180009841919,0.9212200045585632,0.9211300015449524,0.9211599826812744,18004.411192881038
2026-01-26 15:15:00+00:00,0.9211999773979187,0.9212300181388855,0.920710027217865,0.9211500287055969,15596.516684199327
2026-01-26 15:16:00+00:00,0.9211500287055969,0.9212999939918518,0.9211000204086304,0.9211599826812744,16647.238156193
2026-01-26 15:17:00+00:00,0.9211599826812744,0.9212200045585632,0.920740008354187,0.9211699962615967,16878.89314084678
2026-01-26 15:18:00+00:00,0.921180009841919,0.9212200045585632,0.9210000038146973,0.921019971370697,13920.581170999518
2026-01-26 15:19:00+00:00,0.9210500121116638,0.9211099743843079,0.9204400181770325,0.9208899736404419,17502.28305492518
2026-01-26 15:20:00+00:00,0.9208999872207642,0.9209700226783752,0.9206799864768982,0.9208599925041199,20776.94397723369
2026-01-26 15:21:00+00:00,0.920799970626831,0.9211000204086304,0.9205800294876099,0.9210100173950195,17825.721149075336
2026-01-26 15:22:00+00:00,0.9210299849510193,0.9211000204086304,0.9209200143814087,0.920989990234375,24563.099957943996
2026-01-26 15:23:00+00:00,0.920989990234375,0.9210600256919861,0.920490026473999,0.9209399819374084,21852.03088616468
2026-01-26 15:24:00+00:00,0.9209700226783752,0.9210299849510193,0.9207900166511536,0.920799970626831,24304.954733515864
2026-01-26 15:25:00+00:00,0.9207900166511536,0.9208999872207642,0.9203799962997437,0.9208199977874756,25275.74817434139
2026-01-26 15:26:00+00:00,0.9208199977874756,0.9208700060844421,0.920740008354187,0.9207800030708313,23808.127177508726
2026-01-26 15:27:00+00:00,0.9207800030708313,0.920799970626831,0.9203100204467773,0.920710027217865,22817.237092257943
2026-01-26 15:28:00+00:00,0.9207199811935425,0.9208899736404419,0.920710027217865,0.9208300113677979,23742.748967421896
2026-01-26 15:29:00+00:00,0.9208300113677979,0.9209200143814087,0.9204099774360657,0.9208700060844421,32072.44438995378
2026-01-26 15:30:00+00:00,0.9208700060844421,0.920960009098053,0.9208300113677979,0.9209200143814087,28276.34764947894
2026-01-26 15:31:00+00:00,0.9209100008010864,0.9210000038146973,0.92044997215271,0.9208899736404419,27031.748646988122
2026-01-26 15:32:00+00:00,0.9208899736404419,0.9210000038146973,0.9208700060844421,0.920930027961731,20519.781158391113
2026-01-26 15:33:00+00:00,0.9209100008010864,0.9212999939918518,0.920769989490509,0.9211500287055969,20215.728753474206
2026-01-26 15:34:00+00:00,0.9211400151252747,0.921239972114563,0.9210799932479858,0.921180009841919,16018.492395416102
2026-01-26 15:35:00+00:00,0.9212200045585632,0.9212999939918518,0.9207500219345093,0.9212200045585632,22544.158441882722
2026-01-26 15:36:00+00:00,0.9212300181388855,0.9213100075721741,0.9211900234222412,0.9212599992752075,21229.127923356267
2026-01-26 15:37:00+00:00,0.9212599992752075,0.9212899804115295,0.9206500053405762,0.9210500121116638,22542.821713243284
2026-01-26 15:38:00+00:00,0.9210600256919861,0.9211000204086304,0.920930027961731,0.9209700226783752,20297.7089310847
2026-01-26 15:39:00+00:00,0.9209700226783752,0.9210000038146973,0.9203699827194214,0.920799970626831,21530.67212123583
2026-01-26 15:40:00+00:00,0.9208099842071533,0.9208400249481201,0.9206500053405762,0.9207299947738647,22582.541753835452
2026-01-26 15:41:00+00:00,0.9207199811935425,0.9208400249481201,0.9203500151634216,0.9207900166511536,24059.047249381234
2026-01-26 15:42:00+00:00,0.9207900166511536,0.9208400249481201,0.9206500053405762,0.9206900000572205,23520.822469385694
2026-01-26 15:43:00+00:00,0.9206900000572205,0.920799970626831,0.9201300144195557,0.9206500053405762,25589.184129735517
2026-01-26 15:44:00+00:00,0.9206500053405762,0.920710027217865,0.9206100106239319,0.9206900000572205,26313.859863117217
2026-01-26 15:45:00+00:00,0.9206500053405762,0.920710027217865,0.9201200008392334,0.9205399751663208,24782.94127233723
2026-01-26 15:46:00+00:00,0.9205399751663208,0.9207299947738647,0.9205399751663208,0.9207000136375427,26001.824680193098
2026-01-26 15:47:00+00:00,0.9206799864768982,0.920740008354187,0.9200599789619446,0.9204999804496765,21547.067372209618
2026-01-26 15:48:00+00:00,0.920520007610321,0.9206699728965759,0.920490026473999,0.9206699728965759,24445.688317930897
2026-01-26 15:49:00+00:00,0.9206399917602539,0.9208599925041199,0.9203299880027771,0.9208300113677979,28691.590646220808
2026-01-26 15:50:00+00:00,0.9208400249481201,0.9209100008010864,0.920520007610321,0.920520007610321,39541.521239807545
2026-01-26 15:51:00+00:00,0.920520007610321,0.9206299781799316,0.9201400279998779,0.9205399751663208,33266.34164085896
2026-01-26 15:52:00+00:00,0.9205399751663208,0.9207299947738647,0.9205399751663208,0.9206900000572205,29100.692367110652
2026-01-26 15:53:00+00:00,0.9206900000572205,0.9207299947738647,0.9200299978256226,0.92044997215271,30557.463589683357
2026-01-26 15:54:00+00:00,0.92044997215271,0.9205399751663208,0.9203299880027771,0.9204400181770325,37509.39296146084
2026-01-26 15:55:00+00:00,0.9204699993133545,0.9205499887466431,0.9200699925422668,0.9204800128936768,31117.452001247715
2026-01-26 15:56:00+00:00,0.9204800128936768,0.9207000136375427,0.9204000234603882,0.9205399751663208,34532.125804726835
2026-01-26 15:57:00+00:00,0.9205499887466431,0.9205999970436096,0.9199399948120117,0.9203900098800659,40319.388078299824
2026-01-26 15:58:00+00:00,0.9203799962997437,0.9204999804496765,0.9203500151634216,0.9204300045967102,45016.463108913325
2026-01-26 15:59:00+00:00,0.9204300045967102,0.9207000136375427,0.9201899766921997,0.9206699728965759,34352.37901589704
2026-01-26 16:00:00+00:00,0.9206399917602539,0.9206900000572205,0.9205099940299988,0.9205600023269653,35920.813715170785
2026-01-26 16:01:00+00:00,0.9205099940299988,0.9206600189208984,0.9201300144195557,0.9205700159072876,31993.332700924602
2026-01-26 16:02:00+00:00,0.9205800294876099,0.9205999970436096,0.9202700257301331,0.9202799797058105,37843.158818015894
2026-01-26 16:03:00+00:00,0.9203199744224548,0.9203400015830994,0.9198099970817566,0.9201800227165222,33473.21536129717
2026-01-26 16:04:00+00:00,0.9201800227165222,0.9207000136375427,0.9201599955558777,0.9207000136375427,37170.8376869869
2026-01-26 16:05:00+00:00,0.9206399917602539,0.9207000136375427,0.9201200008392334,0.9206699728965759,35978.626407333766
2026-01-26 16:06:00+00:00,0.9206600189208984,0.920930027961731,0.9206299781799316,0.9207599759101868,44176.47412819836
2026-01-26 16:07:00+00:00,0.9207599759101868,0.920930027961731,0.9203799962997437,0.9208899736404419,41800.19333272912
2026-01-26 16:08:00+00:00,0.9208899736404419,0.920930027961731,0.9207500219345093,0.9208400249481201,39393.627391529466
2026-01-26 16:09:00+00:00,0.9208400249481201,0.9209200143814087,0.9204400181770325,0.9208400249481201,39888.866024800736
2026-01-26 16:10:00+00:00,0.9208400249481201,0.9209200143814087,0.9206799864768982,0.9208700060844421,33179.16494083102
2026-01-26 16:11:00+00:00,0.9208700060844421,0.9210600256919861,0.9205499887466431,0.9210600256919861,31895.836963031816
2026-01-26 16:12:00+00:00,0.9210100173950195,0.9211400151252747,0.920960009098053,0.9210500121116638,35215.94033340809
2026-01-26 16:13:00+00:00,0.9210699796676636,0.9210799932479858,0.9204999804496765,0.920989990234375,33548.6498019083
2026-01-26 16:14:00+00:00,0.920989990234375,0.9211599826812744,0.920930027961731,0.9210900068283081,46186.59473914054
2026-01-26 16:15:00+00:00,0.9211000204086304,0.9211699962615967,0.9206500053405762,0.9210600256919861,37538.68148209254
2026-01-26 16:16:00+00:00,0.9211000204086304,0.9211000204086304,0.9209499955177307,0.9210900068283081,29525.378568184078
2026-01-26 16:17:00+00:00,0.9210600256919861,0.9211500287055969,0.9206399917602539,0.9210799932479858,33075.2891446518
2026-01-26 16:18:00+00:00,0.9210799932479858,0.9211199879646301,0.9208899736404419,0.9210100173950195,32041.71386947171
2026-01-26 16:19:00+00:00,0.921019971370697,0.9211400151252747,0.9206900000572205,0.9210799932479858,27108.704415253353
2026-01-26 16:20:00+00:00,0.9210799932479858,0.9211099743843079,0.9208499789237976,0.9208599925041199,21468.963219368045
2026-01-26 16:21:00+00:00,0.9208499789237976,0.9209700226783752,0.9204800128936768,0.9209499955177307,24691.670309415094
2026-01-26 16:22:00+00:00,0.9209100008010864,0.9211000204086304,0.9208999872207642,0.9210900068283081,26075.78105777752
2026-01-26 16:23:00+00:00,0.9210399985313416,0.9211999773979187,0.9206600189208984,0.9211599826812744,23063.135538183138
2026-01-26 16:24:00+00:00,0.9211099743843079,0.9212300181388855,0.9210000038146973,0.9211400151252747,27725.286944361193
2026-01-26 16:25:00+00:00,0.9211300015449524,0.921500027179718,0.9209799766540527,0.921459972858429,20733.796341814417
2026-01-26 16:26:00+00:00,0.9214100241661072,0.9216700196266174,0.9214100241661072,0.9216099977493286,24987.556851346886
2026-01-26 16:27:00+00:00,0.92153000831604,0.9215800166130066,0.921019971370697,0.9213899970054626,27838.180000310305
2026-01-26 16:28:00+00:00,0.9213899970054626,0.9214400053024292,0.9213299751281738,0.9213700294494629,23810.62959957136
2026-01-26 16:29:00+00:00,0.9213700294494629,0.9215099811553955,0.9210299849510193,0.921500027179718,23147.271284437073
2026-01-26 16:30:00+00:00,0.921459972858429,0.9216600060462952,0.9213899970054626,0.9214199781417847,24242.32195284651
2026-01-26 16:31:00+00:00,0.9214100241661072,0.9215999841690063,0.9210699796676636,0.9214900135993958,29647.38532597948
2026-01-26 16:32:00+00:00,0.9214900135993958,0.9216600060462952,0.9214900135993958,0.9216200113296509,27859.312508781746
2026-01-26 16:33:00+00:00,0.9216200113296509,0.9217399954795837,0.9212200045585632,0.9216799736022949,29706.438025921485
2026-01-26 16:34:00+00:00,0.9217100143432617,0.9217699766159058,0.9215999841690063,0.9216200113296509,24433.062592968072
2026-01-26 16:35:00+00:00,0.9215999841690063,0.9217299818992615,0.9212599992752075,0.9216899871826172,25317.13521283616
2026-01-26 16:36:00+00:00,0.9216899871826172,0.9217399954795837,0.9215599894523621,0.9215599894523621,18612.856502350493
2026-01-26 16:37:00+00:00,0.9215700030326843,0.9216600060462952,0.9211699962615967,0.9216600060462952,23231.636640208973
2026-01-26 16:38:00+00:00,0.9216499924659729,0.9217000007629395,0.9215499758720398,0.9216300249099731,19290.86802245443
2026-01-26 16:39:00+00:00,0.9216300249099731,0.921750009059906,0.9212499856948853,0.921720027923584,21621.431379822905
2026-01-26 16:40:00+00:00,0.9217100143432617,0.9218000173568726,0.921500027179718,0.9215499758720398,20467.683560499758
2026-01-26 16:41:00+00:00,0.9215499758720398,0.9215999841690063,0.9210000038146973,0.921459972858429,20972.99545885041
2026-01-26 16:42:00+00:00,0.9214299917221069,0.9215599894523621,0.9214000105857849,0.921459972858429,23039.04088313088
2026-01-26 16:43:00+00:00,0.921459972858429,0.9215999841690063,0.921019971370697,0.921500027179718,22032.73792838604
2026-01-26 16:44:00+00:00,0.9214900135993958,0.9215599894523621,0.9213600158691406,0.9214000105857849,25856.9747658346
2026-01-26 16:45:00+00:00,0.9214100241661072,0.9214500188827515,0.9208999872207642,0.9213600158691406,24141.13154341022
2026-01-26 16:46:00+00:00,0.9213600158691406,0.9214500188827515,0.9213200211524963,0.9213600158691406,22429.961780556852
2026-01-26 16:47:00+00:00,0.9213899970054626,0.9214000105857849,0.9208999872207642,0.9213200211524963,24193.396407983422
2026-01-26 16:48:00+00:00,0.9213200211524963,0.9214000105857849,0.921239972114563,0.921280026435852,19535.780353393115
2026-01-26 16:49:00+00:00,0.9212999939918518,0.9213100075721741,0.9208099842071533,0.9212499856948853,23582.32091749642
2026-01-26 16:50:00+00:00,0.9212200045585632,0.9212999939918518,0.9211599826812744,0.921209990978241,20909.621748942238
2026-01-26 16:51:00+00:00,0.921180009841919,0.9212899804115295,0.9208199977874756,0.9212499856948853,26631.49938326848
2026-01-26 16:52:00+00:00,0.9212200045585632,0.9213200211524963,0.921180009841919,0.9212700128555298,22796.08796741003
2026-01-26 16:53:00+00:00,0.921209990978241,0.9213700294494629,0.9208700060844421,0.9213100075721741,22126.433635898116
2026-01-26 16:54:00+00:00,0.9213500022888184,0.9214000105857849,0.921239972114563,0.9213200211524963,17466.43907261078
2026-01-26 16:55:00+00:00,0.9213200211524963,0.9214000105857849,0.9208499789237976,0.9212700128555298,16418.63226225031
2026-01-26 16:56:00+00:00,0.9212700128555298,0.9214299917221069,0.9212599992752075,0.9213899970054626,19519.35653990535
2026-01-26 16:57:00+00:00,0.9213899970054626,0.9215099811553955,0.9209700226783752,0.9214000105857849,15970.25086963108
2026-01-26 16:58:00+00:00,0.9214100241661072,0.9215400218963623,0.9213799834251404,0.9214500188827515,15670.512570737641
2026-01-26 16:59:00+00:00,0.9214500188827515,0.9215999841690063,0.9210900068283081,0.9215199947357178,18380.30166491001
2026-01-26 17:00:00+00:00,0.9215199947357178,0.9216600060462952,0.9215099811553955,0.9215400218963623,17396.377802961902
2026-01-26 17:01:00+00:00,0.9215099811553955,0.9216099977493286,0.9211400151252747,0.9215999841690063,14414.83998794231
2026-01-26 17:02:00+00:00,0.9216099977493286,0.9216099977493286,0.9215400218963623,0.9215599894523621,11851.84160549513
2026-01-26 17:03:00+00:00,0.9215599894523621,0.9216099977493286,0.9211000204086304,0.9215700030326843,12229.318218135924
2026-01-26 17:04:00+00:00,0.92153000831604,0.9216300249099731,0.9215199947357178,0.9215499758720398,12378.099799536334
2026-01-26 17:05:00+00:00,0.9215899705886841,0.9215999841690063,0.9210699796676636,0.921459972858429,15086.909666045074
2026-01-26 17:06:00+00:00,0.921459972858429,0.9215400218963623,0.9214000105857849,0.92153000831604,13243.451172413981
2026-01-26 17:07:00+00:00,0.9214800000190735,0.9215499758720398,0.9210600256919861,0.9214699864387512,14612.912482160464
2026-01-26 17:08:00+00:00,0.9214699864387512,0.92153000831604,0.9214199781417847,0.9214199781417847,10683.620924828907
2026-01-26 17:09:00+00:00,0.9214400053024292,0.9215199947357178,0.9210299849510193,0.9214100241661072,11690.02520059193
2026-01-26 17:10:00+00:00,0.9214100241661072,0.9216200113296509,0.9214000105857849,0.9215800166130066,13543.26552097586
2026-01-26 17:11:00+00:00,0.9215999841690063,0.9217299818992615,0.9212499856948853,0.9216700196266174,11592.27942170268
2026-01-26 17:12:00+00:00,0.9216700196266174,0.9217000007629395,0.9215400218963623,0.9215400218963623,9677.412041706406
2026-01-26 17:13:00+00:00,0.9215400218963623,0.9216300249099731,0.9210799932479858,0.9215999841690063,10663.36904169578
2026-01-26 17:14:00+00:00,0.9216099977493286,0.9217399954795837,0.9215800166130066,0.921720027923584,12144.974378338946
2026-01-26 17:15:00+00:00,0.9217399954795837,0.9218000173568726,0.9212700128555298,0.9217100143432617,13586.092923827537
2026-01-26 17:16:00+00:00,0.921720027923584,0.9218000173568726,0.9215800166130066,0.921720027923584,16482.651826250327
2026-01-26 17:17:00+00:00,0.9216899871826172,0.9217100143432617,0.9211900234222412,0.9215999841690063,16874.199670172202
2026-01-26 17:18:00+00:00,0.9216099977493286,0.9217000007629395,0.9215800166130066,0.9215899705886841,15218.772434169521
2026-01-26 17:19:00+00:00,0.9216200113296509,0.9216700196266174,0.9211099743843079,0.9215199947357178,20290.259638065705
2026-01-26 17:20:00+00:00,0.9215199947357178,0.9218900203704834,0.9215099811553955,0.9218400120735168,21437.7884206898
2026-01-26 17:21:00+00:00,0.9218599796295166,0.9220200181007385,0.9214500188827515,0.9219899773597717,25414.267264830567
2026-01-26 17:22:00+00:00,0.9219499826431274,0.921999990940094,0.9218599796295166,0.921970009803772,29477.607456347374
2026-01-26 17:23:00+00:00,0.9219800233840942,0.9220899939537048,0.9215700030326843,0.9220100045204163,22981.23896761417
2026-01-26 17:24:00+00:00,0.921999990940094,0.9221900105476379,0.9219200015068054,0.9221500158309937,25743.59310829566
2026-01-26 17:25:00+00:00,0.9221500158309937,0.9223099946975708,0.9217600226402283,0.9221400022506714,26491.883503667697
2026-01-26 17:26:00+00:00,0.9221500158309937,0.9222000241279602,0.9220399856567383,0.9220700263977051,31090.4146234499
2026-01-26 17:27:00+00:00,0.9220899939537048,0.9220899939537048,0.9214800000190735,0.92194002866745,31922.975905847343
2026-01-26 17:28:00+00:00,0.9219599962234497,0.9220700263977051,0.9219099879264832,0.921999990940094,30301.46333038811
2026-01-26 17:29:00+00:00,0.921999990940094,0.9220200181007385,0.9214699864387512,0.9219599962234497,31093.86847076159
2026-01-26 17:30:00+00:00,0.9219300150871277,0.9221100211143494,0.9219099879264832,0.9220600128173828,29204.966131055888
2026-01-26 17:31:00+00:00,0.9220700263977051,0.9221000075340271,0.9214199781417847,0.9218500256538391,31967.86654466476
2026-01-26 17:32:00+00:00,0.9218500256538391,0.9220100045204163,0.9218400120735168,0.921970009803772,37844.15418630034
2026-01-26 17:33:00+00:00,0.9219599962234497,0.9220100045204163,0.9215099811553955,0.9219499826431274,33158.51267825438
2026-01-26 17:34:00+00:00,0.921970009803772,0.921999990940094,0.9219200015068054,0.921970009803772,23457.723599647074
2026-01-26 17:35:00+00:00,0.9219899773597717,0.9220399856567383,0.9214199781417847,0.9218999743461609,27199.922446753353
2026-01-26 17:36:00+00:00,0.9218699932098389,0.921999990940094,0.9218699932098389,0.9219200015068054,24396.19100388254
2026-01-26 17:37:00+00:00,0.9219099879264832,0.921999990940094,0.921459972858429,0.9218999743461609,31874.308796239
2026-01-26 17:38:00+00:00,0.9218999743461609,0.921999990940094,0.9218699932098389,0.9218900203704834,24394.12122092093
2026-01-26 17:39:00+00:00,0.9218900203704834,0.9219200015068054,0.9214299917221069,0.9218900203704834,23965.766491205024
2026-01-26 17:40:00+00:00,0.9218699932098389,0.9219300150871277,0.9218199849128723,0.9218699932098389,23817.101289028527
2026-01-26 17:41:00+00:00,0.9218599796295166,0.9218999743461609,0.9213600158691406,0.9217699766159058,19168.858705807812
2026-01-26 17:42:00+00:00,0.9217699766159058,0.921999990940094,0.9217699766159058,0.9219599962234497,21601.888393076093
2026-01-26 17:43:00+00:00,0.92194002866745,0.9220399856567383,0.9215999841690063,0.9220200181007385,18202.300303353426
2026-01-26 17:44:00+00:00,0.921970009803772,0.9220499992370605,0.9219599962234497,0.921999990940094,17164.35055401979
2026-01-26 17:45:00+00:00,0.921999990940094,0.9222000241279602,0.9217299818992615,0.9221799969673157,11989.463188359668
2026-01-26 17:46:00+00:00,0.9221299886703491,0.92221999168396,0.9221299886703491,0.9221299886703491,12115.561618815693
2026-01-26 17:47:00+00:00,0.9221400022506714,0.9222000241279602,0.9217100143432617,0.9221600294113159,12865.441455724302
2026-01-26 17:48:00+00:00,0.9221199750900269,0.9222000241279602,0.9220200181007385,0.922029972076416,13640.74903845205
2026-01-26 17:49:00+00:00,0.9220700263977051,0.9221199750900269,0.9215899705886841,0.9220600128173828,12269.550710834943
2026-01-26 17:50:00+00:00,0.9220200181007385,0.9221500158309937,0.9219899773597717,0.9220399856567383,14416.866593410105
2026-01-26 17:51:00+00:00,0.9221000075340271,0.9221600294113159,0.9216600060462952,0.9221100211143494,11681.007031112971
2026-01-26 17:52:00+00:00,0.9221199750900269,0.9221799969673157,0.9220200181007385,0.9220700263977051,10182.637792108382
2026-01-26 17:53:00+00:00,0.922029972076416,0.9221000075340271,0.9216200113296509,0.922029972076416,11472.475702654408
2026-01-26 17:54:00+00:00,0.9220100045204163,0.9221000075340271,0.9220100045204163,0.9220899939537048,10103.745560100399
2026-01-26 17:55:00+00:00,0.9220700263977051,0.9221199750900269,0.9215599894523621,0.9220399856567383,12413.298188965568
2026-01-26 17:56:00+00:00,0.921999990940094,0.9221299886703491,0.921999990940094,0.9220799803733826,11351.414728980131
2026-01-26 17:57:00+00:00,0.9221100211143494,0.9222000241279602,0.9216700196266174,0.9221000075340271,10430.682516044422
2026-01-26 17:58:00+00:00,0.9221000075340271,0.9221400022506714,0.9219899773597717,0.9220200181007385,13600.936329259688
2026-01-26 17:59:00+00:00,0.9220200181007385,0.9221000075340271,0.9215700030326843,0.9220499992370605,14362.63385798647
2026-01-26 18:00:00+00:00,0.9220200181007385,0.9221000075340271,0.9219899773597717,0.9220100045204163,14309.993562236457
2026-01-26 18:01:00+00:00,0.9220399856567383,0.9220399856567383,0.9215099811553955,0.921970009803772,14101.658761672266
2026-01-26 18:02:00+00:00,0.9219300150871277,0.9221000075340271,0.9218999743461609,0.9219300150871277,14392.03726942544
2026-01-26 18:03:00+00:00,0.9219200015068054,0.922029972076416,0.9215199947357178,0.9220200181007385,14961.260715912591
2026-01-26 18:04:00+00:00,0.921999990940094,0.9220399856567383,0.92180997133255,0.9218299984931946,15882.82462681727
2026-01-26 18:05:00+00:00,0.9218299984931946,0.9218999743461609,0.9213899970054626,0.9218599796295166,18324.05860703436
2026-01-26 18:06:00+00:00,0.9218599796295166,0.9218999743461609,0.9218299984931946,0.9218500256538391,16357.148509574656
2026-01-26 18:07:00+00:00,0.9218400120735168,0.921999990940094,0.9214299917221069,0.9218599796295166,18100.023953620475
2026-01-26 18:08:00+00:00,0.9218599796295166,0.9218999743461609,0.921779990196228,0.92180997133255,16995.169874080184
2026-01-26 18:09:00+00:00,0.9218199849128723,0.9218599796295166,0.9213299751281738,0.9218199849128723,14182.30367156365
2026-01-26 18:10:00+00:00,0.9218199849128723,0.9218599796295166,0.9217900037765503,0.9218199849128723,18361.188073594905
2026-01-26 18:11:00+00:00,0.9218299984931946,0.9218999743461609,0.9214299917221069,0.9218599796295166,15375.987610589696
2026-01-26 18:12:00+00:00,0.9218900203704834,0.9219099879264832,0.92180997133255,0.9218999743461609,13302.081190305507
2026-01-26 18:13:00+00:00,0.9218800067901611,0.9219099879264832,0.9214299917221069,0.9218900203704834,11287.338157477474
2026-01-26 18:14:00+00:00,0.9218599796295166,0.921999990940094,0.9218599796295166,0.9219200015068054,12027.927071017873
2026-01-26 18:15:00+00:00,0.9219099879264832,0.921999990940094,0.921459972858429,0.9219200015068054,15592.436597655522
2026-01-26 18:16:00+00:00,0.9219200015068054,0.921999990940094,0.9218900203704834,0.9219300150871277,12764.81341360077
2026-01-26 18:17:00+00:00,0.9219300150871277,0.921999990940094,0.9214299917221069,0.9219099879264832,13031.803224703595
2026-01-26 18:18:00+00:00,0.9218800067901611,0.9219099879264832,0.9217399954795837,0.9217399954795837,12958.244118838558
2026-01-26 18:19:00+00:00,0.9217399954795837,0.9218000173568726,0.9212499856948853,0.9216700196266174,12707.526783781794
2026-01-26 18:20:00+00:00,0.9216700196266174,0.9218000173568726,0.9216600060462952,0.921750009059906,14959.07242893113
2026-01-26 18:21:00+00:00,0.9217399954795837,0.9218400120735168,0.9213600158691406,0.9218000173568726,10652.163650286962
2026-01-26 18:22:00+00:00,0.921779990196228,0.9218299984931946,0.9217600226402283,0.92180997133255,12005.833107555083
2026-01-26 18:23:00+00:00,0.9218199849128723,0.9219099879264832,0.9214100241661072,0.9218400120735168,11351.465366246102
2026-01-26 18:24:00+00:00,0.9218299984931946,0.9219499826431274,0.92180997133255,0.92180997133255,12543.394947327224
2026-01-26 18:25:00+00:00,0.92180997133255,0.9218999743461609,0.9213399887084961,0.921779990196228,12788.214010104222
2026-01-26 18:26:00+00:00,0.921779990196228,0.92180997133255,0.9216899871826172,0.9217299818992615,14878.85205778261
2026-01-26 18:27:00+00:00,0.9217299818992615,0.92180997133255,0.9212700128555298,0.9217100143432617,15444.802732861184
2026-01-26 18:28:00+00:00,0.921720027923584,0.9218000173568726,0.9217000007629395,0.921750009059906,12591.47772756634
2026-01-26 18:29:00+00:00,0.9217299818992615,0.92180997133255,0.9213299751281738,0.9217399954795837,13609.565474491124
2026-01-26 18:30:00+00:00,0.9217399954795837,0.9218400120735168,0.9217399954795837,0.9217699766159058,15017.680139887678
2026-01-26 18:31:00+00:00,0.9217600226402283,0.9219099879264832,0.9214199781417847,0.9218299984931946,10227.567000389698
2026-01-26 18:32:00+00:00,0.9218299984931946,0.9218800067901611,0.9218000173568726,0.9218400120735168,9141.621155348326
2026-01-26 18:33:00+00:00,0.9218400120735168,0.9219099879264832,0.9214299917221069,0.9218900203704834,7295.095440955759
2026-01-26 18:34:00+00:00,0.9218699932098389,0.9219200015068054,0.9218199849128723,0.9218900203704834,6774.985634192576
2026-01-26 18:35:00+00:00,0.9218900203704834,0.92194002866745,0.9214699864387512,0.9218900203704834,6855.06082014162
2026-01-26 18:36:00+00:00,0.9218900203704834,0.921999990940094,0.9218299984931946,0.9218999743461609,8372.76116811868
2026-01-26 18:37:00+00:00,0.9218999743461609,0.9220100045204163,0.9215199947357178,0.9219599962234497,9427.567275499954
2026-01-26 18:38:00+00:00,0.9219599962234497,0.9220200181007385,0.9219499826431274,0.9219800233840942,6597.656752555533
2026-01-26 18:39:00+00:00,0.9219599962234497,0.9220499992370605,0.9215400218963623,0.9220100045204163,5305.751479782066
2026-01-26 18:40:00+00:00,0.9220100045204163,0.9221699833869934,0.9219800233840942,0.9221299886703491,8089.797205350754
2026-01-26 18:41:00+00:00,0.9221299886703491,0.922290027141571,0.9218000173568726,0.9222800135612488,6159.403167242128
2026-01-26 18:42:00+00:00,0.922249972820282,0.9223200082778931,0.9222000241279602,0.922249972820282,8148.585897247216
2026-01-26 18:43:00+00:00,0.922290027141571,0.9223999977111816,0.9218599796295166,0.9223399758338928,8593.552906984809
2026-01-26 18:44:00+00:00,0.9222999811172485,0.922469973564148,0.922290027141571,0.9224100112915039,8105.100071998441
2026-01-26 18:45:00+00:00,0.9224100112915039,0.9225999712944031,0.9220899939537048,0.9225299954414368,10302.980654694553
2026-01-26 18:46:00+00:00,0.9225299954414368,0.9226499795913696,0.9225000143051147,0.9226300120353699,13371.019373196363
2026-01-26 18:47:00+00:00,0.9226199984550476,0.9226999878883362,0.9221299886703491,0.9226199984550476,13027.17006084705
2026-01-26 18:48:00+00:00,0.9226099848747253,0.9226599931716919,0.922510027885437,0.9225599765777588,14862.683737086998
2026-01-26 18:49:00+00:00,0.9225599765777588,0.9226400256156921,0.9221799969673157,0.9226400256156921,14678.050135114909
2026-01-26 18:50:00+00:00,0.9225900173187256,0.9227200150489807,0.9225599765777588,0.9226499795913696,13542.35309618251
2026-01-26 18:51:00+00:00,0.9226499795913696,0.9227200150489807,0.9222400188446045,0.9226599931716919,13989.064926281719
2026-01-26 18:52:00+00:00,0.9226099848747253,0.9226700067520142,0.922510027885437,0.9225599765777588,17837.510982342577
2026-01-26 18:53:00+00:00,0.9225199818611145,0.9226099848747253,0.9221100211143494,0.9225299954414368,14247.838699391421
2026-01-26 18:54:00+00:00,0.9225299954414368,0.9225999712944031,0.9223899841308594,0.9224200248718262,16778.06953447705
2026-01-26 18:55:00+00:00,0.9223899841308594,0.9225500226020813,0.9220799803733826,0.9225199818611145,18733.11529002616
2026-01-26 18:56:00+00:00,0.9225000143051147,0.9225999712944031,0.9224100112915039,0.922469973564148,17078.68978862205
2026-01-26 18:57:00+00:00,0.9224299788475037,0.9225000143051147,0.9220100045204163,0.9224500060081482,17728.983382008948
2026-01-26 18:58:00+00:00,0.9224399924278259,0.9225500226020813,0.9224299788475037,0.9224900007247925,16826.804096361717
2026-01-26 18:59:00+00:00,0.9224399924278259,0.922510027885437,0.9220200181007385,0.9224299788475037,13124.687914239044
2026-01-26 19:00:00+00:00,0.9224600195884705,0.9225999712944031,0.9224299788475037,0.9225299954414368,14383.497000601481
2026-01-26 19:01:00+00:00,0.9225199818611145,0.9226999878883362,0.9222000241279602,0.9226700067520142,11679.710848451363
2026-01-26 19:02:00+00:00,0.9226300120353699,0.9227200150489807,0.9226099848747253,0.9226099848747253,9681.114998605699
2026-01-26 19:03:00+00:00,0.9226099848747253,0.9226499795913696,0.9221299886703491,0.9226099848747253,15113.289029153288
2026-01-26 19:04:00+00:00,0.922569990158081,0.9226499795913696,0.9223899841308594,0.9223999977111816,16580.197957832203
2026-01-26 19:05:00+00:00,0.9223999977111816,0.9226199984550476,0.9221400022506714,0.9225800037384033,17678.51150616588
2026-01-26 19:06:00+00:00,0.9225800037384033,0.9226300120353699,0.9225199818611145,0.922540009021759,12132.853683055537
2026-01-26 19:07:00+00:00,0.9225500226020813,0.9226099848747253,0.9220700263977051,0.9225199818611145,15231.75858243771
2026-01-26 19:08:00+00:00,0.9225199818611145,0.9226099848747253,0.9224799871444702,0.9225199818611145,12095.013153758746
2026-01-26 19:09:00+00:00,0.922510027885437,0.9225299954414368,0.922029972076416,0.9225000143051147,13046.011739796173
2026-01-26 19:10:00+00:00,0.9225199818611145,0.9225199818611145,0.9224200248718262,0.9224299788475037,10081.147582391031
2026-01-26 19:11:00+00:00,0.9224399924278259,0.9225000143051147,0.9220200181007385,0.9224299788475037,13729.108581691264
2026-01-26 19:12:00+00:00,0.9224600195884705,0.922469973564148,0.9223499894142151,0.9223799705505371,12867.385255670895
2026-01-26 19:13:00+00:00,0.9223799705505371,0.9225000143051147,0.921970009803772,0.9224100112915039,11414.949957634482
2026-01-26 19:14:00+00:00,0.9223499894142151,0.9223999977111816,0.9222400188446045,0.9223099946975708,14271.750620392895
2026-01-26 19:15:00+00:00,0.9223600029945374,0.9224399924278259,0.9218999743461609,0.9223999977111816,11803.472317768594
2026-01-26 19:16:00+00:00,0.9223600029945374,0.9223999977111816,0.9223300218582153,0.9223499894142151,14024.976842102535
2026-01-26 19:17:00+00:00,0.9223499894142151,0.9223999977111816,0.9219099879264832,0.9223499894142151,12832.962601700623
2026-01-26 19:18:00+00:00,0.9223499894142151,0.9223999977111816,0.9222999811172485,0.9223499894142151,9900.720510008834
2026-01-26 19:19:00+00:00,0.9223099946975708,0.9224799871444702,0.921999990940094,0.9223999977111816,8726.390478346479
2026-01-26 19:20:00+00:00,0.9224299788475037,0.9225000143051147,0.9223399758338928,0.9223600029945374,10271.920744245115
2026-01-26 19:21:00+00:00,0.9223799705505371,0.9224299788475037,0.92194002866745,0.9223700165748596,9049.977169159669
2026-01-26 19:22:00+00:00,0.9223700165748596,0.9223999977111816,0.9223200082778931,0.9223600029945374,9036.194433615028
2026-01-26 19:23:00+00:00,0.9223600029945374,0.9223999977111816,0.9218500256538391,0.9223300218582153,9759.493819493962
2026-01-26 19:24:00+00:00,0.9223700165748596,0.9223999977111816,0.9222699999809265,0.9223700165748596,11922.837710770727
2026-01-26 19:25:00+00:00,0.9223700165748596,0.9224399924278259,0.9218699932098389,0.9223399758338928,13043.308336664306
2026-01-26 19:26:00+00:00,0.9223799705505371,0.9224100112915039,0.9223099946975708,0.9223600029945374,10423.976797874444
2026-01-26 19:27:00+00:00,0.9223600029945374,0.9225000143051147,0.9220100045204163,0.9224399924278259,10371.789206639638
2026-01-26 19:28:00+00:00,0.9224399924278259,0.9225000143051147,0.9223999977111816,0.9224200248718262,8322.112461065997
2026-01-26 19:29:00+00:00,0.9224200248718262,0.9225199818611145,0.9220200181007385,0.922469973564148,7775.740156004254
2026-01-26 19:30:00+00:00,0.9224399924278259,0.922540009021759,0.9224399924278259,0.9224799871444702,7376.404220133125
2026-01-26 19:31:00+00:00,0.9224799871444702,0.9225900173187256,0.9219899773597717,0.9225599765777588,10267.91783160591
2026-01-26 19:32:00+00:00,0.9225599765777588,0.9226199984550476,0.9224799871444702,0.9224900007247925,10445.047674494132
2026-01-26 19:33:00+00:00,0.9224900007247925,0.922540009021759,0.9220200181007385,0.9224600195884705,12305.512348152546
2026-01-26 19:34:00+00:00,0.9224600195884705,0.922510027885437,0.9224399924278259,0.9224600195884705,10756.949298111087
2026-01-26 19:35:00+00:00,0.9224399924278259,0.9225000143051147,0.92194002866745,0.9223799705505371,12970.501244426237
2026-01-26 19:36:00+00:00,0.9223600029945374,0.9225000143051147,0.9223600029945374,0.9223899841308594,13206.988331622106
2026-01-26 19:37:00+00:00,0.9224100112915039,0.9224299788475037,0.9219200015068054,0.9223499894142151,15391.248487984842
2026-01-26 19:38:00+00:00,0.9223499894142151,0.9223999977111816,0.9222999811172485,0.9223300218582153,12218.879009231261
2026-01-26 19:39:00+00:00,0.9223499894142151,0.9223999977111816,0.9219300150871277,0.9223600029945374,10061.946051362222
2026-01-26 19:40:00+00:00,0.9223600029945374,0.9224299788475037,0.9223499894142151,0.9223899841308594,10446.124310908199
2026-01-26 19:41:00+00:00,0.9223899841308594,0.9224600195884705,0.9219599962234497,0.9224100112915039,9227.748898699028
2026-01-26 19:42:00+00:00,0.9224100112915039,0.9225000143051147,0.9223899841308594,0.9223999977111816,9845.291068884912
2026-01-26 19:43:00+00:00,0.9223999977111816,0.9224299788475037,0.9218800067901611,0.9223300218582153,10209.534501734539
2026-01-26 19:44:00+00:00,0.9223099946975708,0.9223999977111816,0.9222999811172485,0.9223700165748596,10590.017611103995
2026-01-26 19:45:00+00:00,0.9223600029945374,0.9223999977111816,0.9218699932098389,0.9223200082778931,9419.523379301034
2026-01-26 19:46:00+00:00,0.9223099946975708,0.9223999977111816,0.922249972820282,0.9222999811172485,10072.570863954441
2026-01-26 19:47:00+00:00,0.9222999811172485,0.9223999977111816,0.9218400120735168,0.922290027141571,10305.102464452131
2026-01-26 19:48:00+00:00,0.9222999811172485,0.9223999977111816,0.9222699999809265,0.9223200082778931,15347.97609592524
2026-01-26 19:49:00+00:00,0.922290027141571,0.9223300218582153,0.9218000173568726,0.92221999168396,11919.569332551808
2026-01-26 19:50:00+00:00,0.92221999168396,0.9222999811172485,0.9222099781036377,0.9222300052642822,10742.576974429625
2026-01-26 19:51:00+00:00,0.9222300052642822,0.9222999811172485,0.9217699766159058,0.9221900105476379,10588.674520986151
2026-01-26 19:52:00+00:00,0.9221900105476379,0.9222300052642822,0.9221500158309937,0.9221699833869934,9465.368035530875
2026-01-26 19:53:00+00:00,0.9221699833869934,0.922290027141571,0.9215400218963623,0.9219899773597717,17287.894599931777
2026-01-26 19:54:00+00:00,0.9220399856567383,0.9220799803733826,0.9219499826431274,0.921999990940094,15611.06974012131
2026-01-26 19:55:00+00:00,0.9219499826431274,0.9221000075340271,0.9216099977493286,0.9220200181007385,17045.905380286018
2026-01-26 19:56:00+00:00,0.9220200181007385,0.9221000075340271,0.921970009803772,0.9220399856567383,18237.09132107591
2026-01-26 19:57:00+00:00,0.9220399856567383,0.9221500158309937,0.9216399788856506,0.9221400022506714,18209.57254310725
2026-01-26 19:58:00+00:00,0.9221500158309937,0.9223399758338928,0.9221100211143494,0.922249972820282,19430.706770736066
2026-01-26 19:59:00+00:00,0.922249972820282,0.9223600029945374,0.92180997133255,0.9222099781036377,19065.588188395308
2026-01-26 20:00:00+00:00,0.9222099781036377,0.9222599864006042,0.9221299886703491,0.9221900105476379,21609.932586340157
2026-01-26 20:01:00+00:00,0.9222099781036377,0.9222999811172485,0.9217900037765503,0.9222099781036377,19097.24775510367
2026-01-26 20:02:00+00:00,0.92221999168396,0.9223099946975708,0.9221699833869934,0.9222599864006042,13029.828576390428
2026-01-26 20:03:00+00:00,0.9222599864006042,0.9223200082778931,0.9218400120735168,0.922290027141571,20849.98473272164
2026-01-26 20:04:00+00:00,0.922290027141571,0.9224900007247925,0.9222800135612488,0.9224100112915039,17907.739779030846
2026-01-26 20:05:00+00:00,0.9223999977111816,0.9224299788475037,0.9219099879264832,0.9223600029945374,21006.974008391917
2026-01-26 20:06:00+00:00,0.9223700165748596,0.9223999977111816,0.9223300218582153,0.9223899841308594,20383.092491720156
2026-01-26 20:07:00+00:00,0.9223700165748596,0.9224399924278259,0.9219599962234497,0.9223999977111816,15681.992952331095
2026-01-26 20:08:00+00:00,0.9223799705505371,0.9224100112915039,0.9223200082778931,0.9223700165748596,14409.55607350398
2026-01-26 20:09:00+00:00,0.9223700165748596,0.9223999977111816,0.9218900203704834,0.9223200082778931,13331.925182654191
2026-01-26 20:10:00+00:00,0.9223300218582153,0.9223999977111816,0.922290027141571,0.922290027141571,13961.109208519954
2026-01-26 20:11:00+00:00,0.9222999811172485,0.9223200082778931,0.9218299984931946,0.9222400188446045,13443.065805928862
2026-01-26 20:12:00+00:00,0.9222699999809265,0.9222999811172485,0.9221000075340271,0.9221699833869934,13637.059411662527
2026-01-26 20:13:00+00:00,0.9221500158309937,0.9222099781036377,0.9217100143432617,0.9221199750900269,12611.916054661891
2026-01-26 20:14:00+00:00,0.9221299886703491,0.9222000241279602,0.9221000075340271,0.9221699833869934,11940.15365119646
2026-01-26 20:15:00+00:00,0.9221699833869934,0.9222099781036377,0.9217299818992615,0.9221900105476379,8484.504928042285
2026-01-26 20:16:00+00:00,0.9222000241279602,0.9222999811172485,0.9221900105476379,0.92221999168396,9387.041466414981
2026-01-26 20:17:00+00:00,0.9222400188446045,0.9222599864006042,0.9217900037765503,0.9222099781036377,10057.477633225519
2026-01-26 20:18:00+00:00,0.9222099781036377,0.9222999811172485,0.9222000241279602,0.9222300052642822,7049.772804142375
2026-01-26 20:19:00+00:00,0.9222300052642822,0.9223399758338928,0.9218500256538391,0.9223300218582153,6846.345952346564
2026-01-26 20:20:00+00:00,0.9223300218582153,0.9223700165748596,0.9222400188446045,0.9223499894142151,7259.34792633516
2026-01-26 20:21:00+00:00,0.9223600029945374,0.9223999977111816,0.9218800067901611,0.9223200082778931,6227.149172378765
2026-01-26 20:22:00+00:00,0.922290027141571,0.9224100112915039,0.9222800135612488,0.9223600029945374,9313.583849857323
2026-01-26 20:23:00+00:00,0.9223399758338928,0.9224100112915039,0.9218999743461609,0.9224100112915039,10328.275950306135
2026-01-26 20:24:00+00:00,0.9224100112915039,0.9224900007247925,0.9223600029945374,0.9224399924278259,8055.250718305349
2026-01-26 20:25:00+00:00,0.9224799871444702,0.9225199818611145,0.9220399856567383,0.9225000143051147,9810.01547400037
2026-01-26 20:26:00+00:00,0.9224600195884705,0.9226099848747253,0.9224600195884705,0.9225599765777588,8441.427233922168
2026-01-26 20:27:00+00:00,0.9225599765777588,0.9226499795913696,0.9221699833869934,0.9226099848747253,6766.722668274268
2026-01-26 20:28:00+00:00,0.9226300120353699,0.9226300120353699,0.9225199818611145,0.9225299954414368,7184.326743910335
2026-01-26 20:29:00+00:00,0.922540009021759,0.9226300120353699,0.9221400022506714,0.922569990158081,8055.458306538982
2026-01-26 20:30:00+00:00,0.922569990158081,0.9226999878883362,0.922540009021759,0.9226199984550476,10849.339399678529
2026-01-26 20:31:00+00:00,0.9226199984550476,0.922760009765625,0.9222599864006042,0.9227200150489807,10041.823139828319
2026-01-26 20:32:00+00:00,0.922730028629303,0.922819972038269,0.9227100014686584,0.9227700233459473,10456.62912500608
2026-01-26 20:33:00+00:00,0.922760009765625,0.9228100180625916,0.9222599864006042,0.9227499961853027,12093.910798823317
2026-01-26 20:34:00+00:00,0.9227499961853027,0.9228100180625916,0.9227200150489807,0.9227700233459473,9934.586599202003
2026-01-26 20:35:00+00:00,0.9227700233459473,0.9228000044822693,0.9222699999809265,0.9226999878883362,10874.754929314282
2026-01-26 20:36:00+00:00,0.9227100014686584,0.9228399991989136,0.9226899743080139,0.9228100180625916,11845.20825014505
2026-01-26 20:37:00+00:00,0.9228000044822693,0.9228500127792358,0.9223300218582153,0.9227499961853027,11594.500211996141
2026-01-26 20:38:00+00:00,0.922760009765625,0.9228299856185913,0.922730028629303,0.922760009765625,10755.548946386427
2026-01-26 20:39:00+00:00,0.9227499961853027,0.9228000044822693,0.922290027141571,0.922760009765625,12907.149849435604
2026-01-26 20:40:00+00:00,0.922760009765625,0.9228000044822693,0.9226899743080139,0.9227399826049805,10694.500125868663
2026-01-26 20:41:00+00:00,0.9227399826049805,0.9228000044822693,0.9222699999809265,0.9226899743080139,11471.60154395105
2026-01-26 20:42:00+00:00,0.9226899743080139,0.922730028629303,0.9226599931716919,0.9226899743080139,11315.876940772707
2026-01-26 20:43:00+00:00,0.9226999878883362,0.922730028629303,0.9222000241279602,0.9226499795913696,9442.577620402939
2026-01-26 20:44:00+00:00,0.9226400256156921,0.9227100014686584,0.9226300120353699,0.9226899743080139,9862.02365049313
2026-01-26 20:45:00+00:00,0.9226800203323364,0.9227700233459473,0.9222999811172485,0.9227700233459473,8549.970318182228
2026-01-26 20:46:00+00:00,0.9227399826049805,0.9228000044822693,0.9227100014686584,0.922730028629303,9380.551888927172
2026-01-26 20:47:00+00:00,0.922730028629303,0.9228000044822693,0.9222800135612488,0.9227399826049805,8886.707249094383
2026-01-26 20:48:00+00:00,0.922730028629303,0.9228000044822693,0.9226999878883362,0.9227399826049805,8112.445107367293
2026-01-26 20:49:00+00:00,0.9227200150489807,0.9228000044822693,0.9222999811172485,0.9227399826049805,6562.168880178069
2026-01-26 20:50:00+00:00,0.9227499961853027,0.9228000044822693,0.9227100014686584,0.9227399826049805,6089.4241168044055
2026-01-26 20:51:00+00:00,0.9227399826049805,0.9228600263595581,0.9223399758338928,0.9227799773216248,6059.353443605478
2026-01-26 20:52:00+00:00,0.9227799773216248,0.9228100180625916,0.9227399826049805,0.9227700233459473,6428.902541712093
2026-01-26 20:53:00+00:00,0.9227700233459473,0.9228100180625916,0.9223700165748596,0.9227399826049805,3927.8888349412973
2026-01-26 20:54:00+00:00,0.9227399826049805,0.9228000044822693,0.9226800203323364,0.9226999878883362,4692.6787375601725
2026-01-26 20:55:00+00:00,0.9226999878883362,0.9227399826049805,0.9222400188446045,0.9226700067520142,4203.108640803145
2026-01-26 20:56:00+00:00,0.9226700067520142,0.922760009765625,0.9226300120353699,0.9227399826049805,5635.6942279579425
2026-01-26 20:57:00+00:00,0.9227499961853027,0.922819972038269,0.92221999168396,0.9226999878883362,6356.105234988315
2026-01-26 20:58:00+00:00,0.9226999878883362,0.9227499961853027,0.9226800203323364,0.9227100014686584,6552.425337973905
2026-01-26 20:59:00+00:00,0.9227200150489807,0.9228100180625916,0.9223300218582153,0.9227799773216248,6965.613449066413
2026-01-26 21:00:00+00:00,0.9227799773216248,0.9228399991989136,0.922760009765625,0.9228100180625916,6956.535715157056
2026-01-26 21:01:00+00:00,0.9228000044822693,0.9228399991989136,0.9222999811172485,0.922730028629303,7480.3122726408865
2026-01-26 21:02:00+00:00,0.922730028629303,0.9228299856185913,0.9227200150489807,0.922730028629303,9248.461495668449
2026-01-26 21:03:00+00:00,0.922730028629303,0.922760009765625,0.9222599864006042,0.9227200150489807,7878.2454589650815
2026-01-26 21:04:00+00:00,0.9226899743080139,0.9227499961853027,0.9226599931716919,0.9226899743080139,7380.5679898590415
2026-01-26 21:05:00+00:00,0.9227100014686584,0.9227200150489807,0.9221900105476379,0.9226499795913696,7953.761974929761
2026-01-26 21:06:00+00:00,0.9226199984550476,0.9227200150489807,0.9226199984550476,0.9226300120353699,7614.454865782394
2026-01-26 21:07:00+00:00,0.9226300120353699,0.9226999878883362,0.9221699833869934,0.9225999712944031,8796.367895069872
2026-01-26 21:08:00+00:00,0.9225999712944031,0.9226999878883362,0.9225999712944031,0.9225999712944031,9526.714656143344
2026-01-26 21:09:00+00:00,0.9226199984550476,0.9226999878883362,0.92221999168396,0.9226599931716919,10440.531679144626
2026-01-26 21:10:00+00:00,0.9226400256156921,0.9226999878883362,0.9226199984550476,0.9226199984550476,7695.85899746836
2026-01-26 21:11:00+00:00,0.9226599931716919,0.9226999878883362,0.9221500158309937,0.9225599765777588,6980.410907133135
2026-01-26 21:12:00+00:00,0.9225599765777588,0.9226099848747253,0.922540009021759,0.9225900173187256,6671.5697786811625
2026-01-26 21:13:00+00:00,0.9225599765777588,0.9226599931716919,0.9221900105476379,0.9226300120353699,6595.617922200188
2026-01-26 21:14:00+00:00,0.9226199984550476,0.9226999878883362,0.9226199984550476,0.9226499795913696,6745.4099865670805
2026-01-26 21:15:00+00:00,0.9226499795913696,0.9226999878883362,0.9221799969673157,0.9226400256156921,5918.707086457851
2026-01-26 21:16:00+00:00,0.9226400256156921,0.9226599931716919,0.922569990158081,0.9225999712944031,6011.6969521558085
2026-01-26 21:17:00+00:00,0.922569990158081,0.9226099848747253,0.9221299886703491,0.922569990158081,4911.839604009981
2026-01-26 21:18:00+00:00,0.922569990158081,0.9226700067520142,0.9225599765777588,0.9225999712944031,6451.302855210292
2026-01-26 21:19:00+00:00,0.9225999712944031,0.9226999878883362,0.9221799969673157,0.9226199984550476,5514.259306085746
2026-01-26 21:20:00+00:00,0.9226199984550476,0.9227399826049805,0.9226199984550476,0.9227200150489807,6047.645602017902
2026-01-26 21:21:00+00:00,0.9226999878883362,0.9228000044822693,0.9223099946975708,0.922789990901947,6346.346843169555
2026-01-26 21:22:00+00:00,0.9227399826049805,0.9229000210762024,0.9227200150489807,0.9228000044822693,6872.1486403985145
2026-01-26 21:23:00+00:00,0.9228100180625916,0.9228500127792358,0.9223499894142151,0.922789990901947,7611.619676984971
2026-01-26 21:24:00+00:00,0.922789990901947,0.9228299856185913,0.922730028629303,0.922760009765625,7805.447262189096
2026-01-26 21:25:00+00:00,0.922760009765625,0.9228000044822693,0.9222699999809265,0.9227100014686584,6651.236690878479
2026-01-26 21:26:00+00:00,0.9227100014686584,0.9228000044822693,0.9227100014686584,0.9227700233459473,8005.764657927818
2026-01-26 21:27:00+00:00,0.9227700233459473,0.9228699803352356,0.9222999811172485,0.9228699803352356,11408.676961939513
2026-01-26 21:28:00+00:00,0.9228399991989136,0.9228600263595581,0.9227200150489807,0.9227200150489807,12344.424580144361
2026-01-26 21:29:00+00:00,0.9227200150489807,0.9229099750518799,0.9223200082778931,0.922789990901947,14127.09640296452
2026-01-26 21:30:00+00:00,0.9228000044822693,0.9228100180625916,0.9226999878883362,0.9227200150489807,13583.210990885764
2026-01-26 21:31:00+00:00,0.922730028629303,0.9228000044822693,0.9223099946975708,0.922730028629303,14087.100419509316
2026-01-26 21:32:00+00:00,0.922730028629303,0.9228000044822693,0.9226899743080139,0.9226899743080139,12153.8689211967
2026-01-26 21:33:00+00:00,0.9226899743080139,0.9227399826049805,0.9222699999809265,0.9227200150489807,11006.598840407547
2026-01-26 21:34:00+00:00,0.9227100014686584,0.9227200150489807,0.9226700067520142,0.9226700067520142,10409.5259531646
2026-01-26 21:35:00+00:00,0.9226700067520142,0.9228000044822693,0.9222599864006042,0.9226999878883362,12256.309945702227
2026-01-26 21:36:00+00:00,0.9226999878883362,0.9228000044822693,0.9226999878883362,0.9226999878883362,10200.212600475366
2026-01-26 21:37:00+00:00,0.9226999878883362,0.9228000044822693,0.9222800135612488,0.9227200150489807,9574.328991058199
2026-01-26 21:38:00+00:00,0.9227100014686584,0.9228000044822693,0.9227100014686584,0.9227399826049805,11051.058488556448
2026-01-26 21:39:00+00:00,0.9227399826049805,0.9228000044822693,0.9222599864006042,0.922730028629303,7917.569823995123
2026-01-26 21:40:00+00:00,0.9227100014686584,0.9227399826049805,0.9226800203323364,0.9227200150489807,10912.598621776473
2026-01-26 21:41:00+00:00,0.9226800203323364,0.922760009765625,0.9222800135612488,0.9226800203323364,7300.82144967764
2026-01-26 21:42:00+00:00,0.922730028629303,0.9228000044822693,0.9226800203323364,0.922730028629303,6890.890709306826
2026-01-26 21:43:00+00:00,0.9226899743080139,0.922760009765625,0.9222699999809265,0.9226800203323364,5297.145594150592
2026-01-26 21:44:00+00:00,0.9226800203323364,0.9227700233459473,0.9226700067520142,0.9227100014686584,5019.423384528161
2026-01-26 21:45:00+00:00,0.9227100014686584,0.9228000044822693,0.9223099946975708,0.9227100014686584,5064.400812977239
2026-01-26 21:46:00+00:00,0.9227100014686584,0.9228000044822693,0.9226800203323364,0.9227100014686584,6803.014947223824
2026-01-26 21:47:00+00:00,0.922730028629303,0.9228399991989136,0.9223600029945374,0.9227700233459473,5288.983725971483
2026-01-26 21:48:00+00:00,0.9227700233459473,0.9229099750518799,0.9227700233459473,0.9228100180625916,7983.007399104344
2026-01-26 21:49:00+00:00,0.9228100180625916,0.9229099750518799,0.9224600195884705,0.9228399991989136,5955.685079919448
2026-01-26 21:50:00+00:00,0.9228399991989136,0.9229300022125244,0.922819972038269,0.9228699803352356,5743.986089170553
2026-01-26 21:51:00+00:00,0.9229099750518799,0.9229400157928467,0.9224600195884705,0.9228399991989136,5766.420568503185
2026-01-26 21:52:00+00:00,0.9228500127792358,0.9229999780654907,0.922819972038269,0.9229699969291687,7967.458610775051
2026-01-26 21:53:00+00:00,0.9229300022125244,0.9229999780654907,0.922540009021759,0.9229300022125244,4520.949762252437
2026-01-26 21:54:00+00:00,0.9229099750518799,0.9230200052261353,0.9228799939155579,0.9229400157928467,7679.76042726272
2026-01-26 21:55:00+00:00,0.9229900240898132,0.9230800271034241,0.9225999712944031,0.9230599999427795,6176.074662379702
2026-01-26 21:56:00+00:00,0.9229699969291687,0.9231500029563904,0.9229699969291687,0.9230999946594238,8348.140192235087
2026-01-26 21:57:00+00:00,0.9230499863624573,0.9231299757957458,0.9226400256156921,0.9228799939155579,8174.273414330912
2026-01-26 21:58:00+00:00,0.9228799939155579,0.9230999946594238,0.9228600263595581,0.9228600263595581,11267.520061153471
2026-01-26 21:59:00+00:00,0.9228600263595581,0.9231299757957458,0.9225199818611145,0.9225199818611145,16875.940250612417
2026-01-26 22:01:00+00:00,0.9221299886703491,0.9222099781036377,0.921970009803772,0.921970009803772,21746.994828616367
2026-01-26 22:02:00+00:00,0.9222000241279602,0.9222000241279602,0.9221900105476379,0.9222000241279602,17216.373673617687
2026-01-26 22:03:00+00:00,0.9221400022506714,0.9221900105476379,0.9221400022506714,0.9221900105476379,13555.938404063041
2026-01-26 22:04:00+00:00,0.9223600029945374,0.9223600029945374,0.9223600029945374,0.9223600029945374,10487.996094103803
2026-01-26 22:05:00+00:00,0.9222999811172485,0.9224600195884705,0.9222000241279602,0.9222000241279602,14674.280708503415
2026-01-26 22:06:00+00:00,0.9222000241279602,0.9223200082778931,0.9222000241279602,0.9223099946975708,6376.824780751423
2026-01-26 22:07:00+00:00,0.9223200082778931,0.9225000143051147,0.9221699833869934,0.9222000241279602,7654.882243664934
2026-01-26 22:08:00+00:00,0.9222000241279602,0.9224299788475037,0.9221900105476379,0.9221900105476379,3263.1417640034456
2026-01-26 22:09:00+00:00,0.9222000241279602,0.9223600029945374,0.921999990940094,0.9221500158309937,9328.574013869003
2026-01-26 22:10:00+00:00,0.9222300052642822,0.9223099946975708,0.9219499826431274,0.9220700263977051,6100.041047539963
2026-01-26 22:11:00+00:00,0.9222000241279602,0.9222999811172485,0.9219300150871277,0.9221100211143494,11570.960907177774
2026-01-26 22:12:00+00:00,0.9222000241279602,0.9222000241279602,0.9219499826431274,0.9220200181007385,5518.841260465962
2026-01-26 22:13:00+00:00,0.9222000241279602,0.9226999878883362,0.9220600128173828,0.9226599931716919,14124.448556709169
2026-01-26 22:14:00+00:00,0.9225999712944031,0.9226999878883362,0.9224500060081482,0.9226499795913696,5557.120870410383
2026-01-26 22:15:00+00:00,0.9225999712944031,0.9226999878883362,0.9222999811172485,0.9224500060081482,3517.5421839293076
2026-01-26 22:16:00+00:00,0.9225999712944031,0.9227200150489807,0.9223300218582153,0.9223300218582153,6708.71949174086
2026-01-26 22:17:00+00:00,0.9225000143051147,0.9227100014686584,0.9221400022506714,0.9226599931716919,18824.1655510523
2026-01-26 22:18:00+00:00,0.9225999712944031,0.9227100014686584,0.9223200082778931,0.9227100014686584,23255.42988536137
2026-01-26 22:19:00+00:00,0.9225999712944031,0.9227100014686584,0.92221999168396,0.9224100112915039,27512.775815030644
2026-01-26 22:20:00+00:00,0.9225999712944031,0.9227200150489807,0.9223399758338928,0.9226400256156921,33596.21036537642
2026-01-26 22:21:00+00:00,0.9225800037384033,0.9227200150489807,0.9221400022506714,0.9223700165748596,41696.107616507725
2026-01-26 22:22:00+00:00,0.9225999712944031,0.9227200150489807,0.9221400022506714,0.9225900173187256,48497.382007756205
2026-01-26 22:23:00+00:00,0.9225999712944031,0.9226400256156921,0.9221400022506714,0.9221400022506714,53198.58152999555
2026-01-26 22:24:00+00:00,0.9225999712944031,0.9226700067520142,0.922290027141571,0.9226499795913696,53618.15464769909
2026-01-26 22:25:00+00:00,0.9225999712944031,0.9226999878883362,0.922249972820282,0.9226400256156921,52087.50438163538
2026-01-26 22:26:00+00:00,0.9225999712944031,0.9226999878883362,0.9221600294113159,0.9223200082778931,64513.692038735826
2026-01-26 22:27:00+00:00,0.9225999712944031,0.9226899743080139,0.92221999168396,0.9223700165748596,63241.62681428248
2026-01-26 22:28:00+00:00,0.9225999712944031,0.9225999712944031,0.9224200248718262,0.9225299954414368,66939.33696683236
2026-01-26 22:29:00+00:00,0.9225999712944031,0.922730028629303,0.922290027141571,0.9225500226020813,59266.40646584703
2026-01-26 22:30:00+00:00,0.9225500226020813,0.9226999878883362,0.9212499856948853,0.9225599765777588,74165.89914426123
2026-01-26 22:31:00+00:00,0.9225999712944031,0.9226899743080139,0.9221100211143494,0.9222699999809265,73595.67232536792
2026-01-26 22:32:00+00:00,0.9225999712944031,0.9226899743080139,0.9225999712944031,0.9226599931716919,83839.51962381623
2026-01-26 22:33:00+00:00,0.9225999712944031,0.9227499961853027,0.9223300218582153,0.9223300218582153,70259.04560421585
2026-01-26 22:34:00+00:00,0.9225999712944031,0.9226700067520142,0.9225900173187256,0.9225900173187256,77207.44166278456
2026-01-26 22:35:00+00:00,0.9225900173187256,0.9228799939155579,0.9221400022506714,0.9226899743080139,78033.33440865228
2026-01-26 22:36:00+00:00,0.9229000210762024,0.9229000210762024,0.9221799969673157,0.9226800203323364,95196.50807951004
2026-01-26 22:37:00+00:00,0.9229000210762024,0.9229000210762024,0.9221799969673157,0.9228100180625916,82010.70671173389
2026-01-26 22:38:00+00:00,0.922819972038269,0.9229000210762024,0.9226499795913696,0.922819972038269,74732.61403433897
2026-01-26 22:39:00+00:00,0.9229000210762024,0.9229000210762024,0.9221900105476379,0.9228699803352356,77194.61961145396
2026-01-26 22:40:00+00:00,0.9226599931716919,0.9229000210762024,0.9218699932098389,0.9224299788475037,92825.49097535246
2026-01-26 22:41:00+00:00,0.9222800135612488,0.9226199984550476,0.9218999743461609,0.922510027885437,100000.0
2026-01-26 22:42:00+00:00,0.9225900173187256,0.9225999712944031,0.9221600294113159,0.9225000143051147,100000.0
2026-01-26 22:43:00+00:00,0.9223999977111816,0.9225900173187256,0.9222000241279602,0.9223099946975708,100000.0
2026-01-26 22:44:00+00:00,0.9223899841308594,0.9224600195884705,0.9221000075340271,0.9221000075340271,77493.78933061879
2026-01-26 22:45:00+00:00,0.9224200248718262,0.9226400256156921,0.9216700196266174,0.9225000143051147,63057.362297369466
2026-01-26 22:46:00+00:00,0.9222000241279602,0.9224100112915039,0.9218999743461609,0.9222099781036377,80411.53123381575
2026-01-26 22:47:00+00:00,0.92221999168396,0.9224500060081482,0.9216600060462952,0.9216600060462952,100000.0
2026-01-26 22:48:00+00:00,0.92221999168396,0.9229999780654907,0.9216300249099731,0.9223999977111816,78723.01887814062
2026-01-26 22:49:00+00:00,0.9225199818611145,0.9229999780654907,0.9223999977111816,0.922819972038269,100000.0
2026-01-26 22:50:00+00:00,0.9226800203323364,0.9229000210762024,0.9224299788475037,0.9228699803352356,99574.51295358126
2026-01-26 22:51:00+00:00,0.9226999878883362,0.9229999780654907,0.9224399924278259,0.9227499961853027,99379.75543287522
2026-01-26 22:52:00+00:00,0.9227499961853027,0.9229999780654907,0.9225900173187256,0.9227700233459473,89924.51231468945
2026-01-26 22:53:00+00:00,0.9227700233459473,0.9229999780654907,0.9224500060081482,0.9227700233459473,100000.0
2026-01-26 22:54:00+00:00,0.9227700233459473,0.9229999780654907,0.9224500060081482,0.9229999780654907,100000.0
2026-01-26 22:55:00+00:00,0.9228600263595581,0.9229999780654907,0.9223899841308594,0.9228699803352356,85034.38649857805
2026-01-26 22:56:00+00:00,0.9228000044822693,0.9230999946594238,0.9224399924278259,0.9230999946594238,94388.39824035249
2026-01-26 22:57:00+00:00,0.9228100180625916,0.9230999946594238,0.9225299954414368,0.9230999946594238,79263.16918163863
2026-01-26 22:58:00+00:00,0.9229400157928467,0.9230999946594238,0.9225299954414368,0.9229199886322021,100000.0
2026-01-26 22:59:00+00:00,0.9228000044822693,0.9232000112533569,0.922540009021759,0.9229400157928467,100000.0
2026-01-26 23:00:00+00:00,0.922819972038269,0.9232000112533569,0.922819972038269,0.9230599999427795,88997.33145406358
2026-01-26 23:01:00+00:00,0.9230599999427795,0.9231399893760681,0.9226300120353699,0.922980010509491,100000.0
2026-01-26 23:02:00+00:00,0.922980010509491,0.923039972782135,0.9229400157928467,0.9229999780654907,63537.75756761453
2026-01-26 23:03:00+00:00,0.922980010509491,0.923009991645813,0.922569990158081,0.922950029373169,69552.87900929037
2026-01-26 23:04:00+00:00,0.9229099750518799,0.9229999780654907,0.9229099750518799,0.9229300022125244,53634.72723351631
2026-01-26 23:05:00+00:00,0.9229300022125244,0.9230499863624573,0.9225599765777588,0.922950029373169,60337.87967155803
2026-01-26 23:06:00+00:00,0.922950029373169,0.9230300188064575,0.9229400157928467,0.9229900240898132,54143.92432258709
2026-01-26 23:07:00+00:00,0.9229599833488464,0.9230300188064575,0.9226099848747253,0.922980010509491,43737.66411874388
2026-01-26 23:08:00+00:00,0.9229599833488464,0.923039972782135,0.9229099750518799,0.9229099750518799,43006.781973810976
2026-01-26 23:09:00+00:00,0.9229099750518799,0.9230499863624573,0.9226199984550476,0.9229999780654907,31560.01709754238
2026-01-26 23:10:00+00:00,0.922950029373169,0.9230300188064575,0.9229400157928467,0.9229699969291687,19838.0195544792
2026-01-26 23:11:00+00:00,0.9229999780654907,0.9230999946594238,0.922540009021759,0.9229400157928467,22533.838944536597
2026-01-26 23:12:00+00:00,0.9229400157928467,0.923039972782135,0.9229099750518799,0.9229300022125244,11792.620913584271
2026-01-26 23:13:00+00:00,0.9229300022125244,0.9230200052261353,0.9225500226020813,0.9229400157928467,8159.018431911671
2026-01-26 23:14:00+00:00,0.9229300022125244,0.9229999780654907,0.9228699803352356,0.9228799939155579,3403.220344373724
2026-01-26 23:15:00+00:00,0.9229000210762024,0.9229999780654907,0.9225000143051147,0.9228900074958801,3224.9191130654463
2026-01-26 23:16:00+00:00,0.9228900074958801,0.923009991645813,0.9228900074958801,0.9229199886322021,3428.0985556165447
2026-01-26 23:17:00+00:00,0.9229199886322021,0.9229999780654907,0.9224900007247925,0.9229099750518799,5983.885391344923
2026-01-26 23:18:00+00:00,0.9229400157928467,0.9229999780654907,0.9228699803352356,0.9228699803352356,6924.3494560431745
2026-01-26 23:19:00+00:00,0.9228699803352356,0.9229099750518799,0.9224600195884705,0.9228600263595581,4908.308834165515
2026-01-26 23:20:00+00:00,0.9228600263595581,0.9229099750518799,0.9228399991989136,0.9228600263595581,4959.065272722345
2026-01-26 23:21:00+00:00,0.9228799939155579,0.9229000210762024,0.9224600195884705,0.9228600263595581,5239.4021959954
2026-01-26 23:22:00+00:00,0.9228799939155579,0.9229099750518799,0.9228500127792358,0.9228699803352356,3794.0790291617727
2026-01-26 23:23:00+00:00,0.9228799939155579,0.9229099750518799,0.9224500060081482,0.9228799939155579,3909.7793473898455
2026-01-26 23:24:00+00:00,0.9228399991989136,0.9229000210762024,0.922819972038269,0.9228299856185913,4146.107579769258
2026-01-26 23:25:00+00:00,0.9228299856185913,0.9229000210762024,0.9223999977111816,0.9228000044822693,2928.71508003442
2026-01-26 23:26:00+00:00,0.9228100180625916,0.9229000210762024,0.9227799773216248,0.922819972038269,2651.4878967714176
2026-01-26 23:27:00+00:00,0.9227799773216248,0.9229000210762024,0.9223899841308594,0.9227799773216248,4033.453692115516
2026-01-26 23:28:00+00:00,0.9227799773216248,0.922819972038269,0.9227700233459473,0.922789990901947,1542.5031251230819
2026-01-26 23:29:00+00:00,0.9227799773216248,0.9229000210762024,0.9224100112915039,0.9228399991989136,1578.681169356379
2026-01-26 23:30:00+00:00,0.9228600263595581,0.9229000210762024,0.9228000044822693,0.9229000210762024,1461.8297379694657
2026-01-26 23:31:00+00:00,0.9228299856185913,0.9229000210762024,0.9223700165748596,0.922789990901947,1746.8048973755865
2026-01-26 23:32:00+00:00,0.9228100180625916,0.9229000210762024,0.922789990901947,0.922819972038269,1061.0457899280595
2026-01-26 23:33:00+00:00,0.9228299856185913,0.9229000210762024,0.9223700165748596,0.922789990901947,2552.4806374779337
2026-01-26 23:34:00+00:00,0.922789990901947,0.9229000210762024,0.922789990901947,0.922789990901947,3622.478197606251
2026-01-26 23:35:00+00:00,0.922789990901947,0.9229000210762024,0.9223700165748596,0.9228000044822693,6317.889434409482
2026-01-26 23:36:00+00:00,0.922789990901947,0.9229000210762024,0.922789990901947,0.922819972038269,6292.806069644494
2026-01-26 23:37:00+00:00,0.9228100180625916,0.9229000210762024,0.9224200248718262,0.9228299856185913,8264.047826451044
2026-01-26 23:38:00+00:00,0.9228399991989136,0.9229000210762024,0.9228100180625916,0.9228100180625916,7762.994418667955
2026-01-26 23:39:00+00:00,0.9228100180625916,0.9228399991989136,0.9223700165748596,0.9227700233459473,6182.044919402995
2026-01-26 23:40:00+00:00,0.922760009765625,0.9228000044822693,0.9227100014686584,0.922760009765625,5779.770966009181
2026-01-26 23:41:00+00:00,0.922730028629303,0.9228500127792358,0.9223899841308594,0.9228000044822693,4281.921272864122
2026-01-26 23:42:00+00:00,0.922789990901947,0.9228299856185913,0.9227700233459473,0.922789990901947,5363.4100391504435
2026-01-26 23:43:00+00:00,0.9227700233459473,0.9229000210762024,0.9224200248718262,0.9228399991989136,5363.568584915449
2026-01-26 23:44:00+00:00,0.9228399991989136,0.9229000210762024,0.9228100180625916,0.9228799939155579,4947.615308864894
2026-01-26 23:45:00+00:00,0.9228699803352356,0.9229400157928467,0.922469973564148,0.9228699803352356,2991.972344479626
2026-01-26 23:46:00+00:00,0.9228500127792358,0.9229300022125244,0.9228399991989136,0.9228500127792358,2896.9949769385967
2026-01-26 23:47:00+00:00,0.9228799939155579,0.9229099750518799,0.9224500060081482,0.9228600263595581,1567.9522718566177
2026-01-26 23:48:00+00:00,0.9228500127792358,0.9229300022125244,0.9228299856185913,0.9229000210762024,1478.9828043481202
2026-01-26 23:49:00+00:00,0.9228799939155579,0.922950029373169,0.9224500060081482,0.9229099750518799,1000.0
2026-01-26 23:50:00+00:00,0.9229000210762024,0.9229999780654907,0.9228399991989136,0.9229199886322021,1674.9498643893635
2026-01-26 23:51:00+00:00,0.9229199886322021,0.9229699969291687,0.9224200248718262,0.9227799773216248,3489.8442868982997
2026-01-26 23:52:00+00:00,0.9227799773216248,0.9229099750518799,0.9227799773216248,0.9228900074958801,4413.479567659698
2026-01-26 23:53:00+00:00,0.9228699803352356,0.9229999780654907,0.9225000143051147,0.9229599833488464,5131.0881850310725
2026-01-26 23:54:00+00:00,0.9229300022125244,0.9230300188064575,0.9229199886322021,0.9229699969291687,6164.48536678156
2026-01-26 23:55:00+00:00,0.9229699969291687,0.9230999946594238,0.9225800037384033,0.9229599833488464,7202.171955593184
2026-01-26 23:56:00+00:00,0.9229599833488464,0.9230999946594238,0.922950029373169,0.9230200052261353,8215.191927639582
2026-01-26 23:57:00+00:00,0.9230200052261353,0.9230599999427795,0.922540009021759,0.9229699969291687,8486.368605352287
2026-01-26 23:58:00+00:00,0.9229699969291687,0.9230999946594238,0.9229699969291687,0.9229999780654907,10851.038482273785
2026-01-27 00:00:00+00:00,0.9229699969291687,0.9230200052261353,0.9228900074958801,0.922950029373169,2938.0655439315497
2026-01-27 00:01:00+00:00,0.922980010509491,0.9229900240898132,0.9224100112915039,0.9228600263595581,10123.253598593721
2026-01-27 00:02:00+00:00,0.9228500127792358,0.9229999780654907,0.922819972038269,0.9229699969291687,6681.844815952785
2026-01-27 00:03:00+00:00,0.922950029373169,0.9229999780654907,0.922540009021759,0.9229699969291687,17209.69385677458
2026-01-27 00:04:00+00:00,0.9229599833488464,0.9229999780654907,0.9229300022125244,0.922950029373169,5438.356054574924
2026-01-27 00:05:00+00:00,0.922950029373169,0.923009991645813,0.9225500226020813,0.9229999780654907,11309.535677765249
2026-01-27 00:06:00+00:00,0.9229900240898132,0.9231500029563904,0.922980010509491,0.9231399893760681,4101.36871112155
2026-01-27 00:07:00+00:00,0.9231100082397461,0.9232000112533569,0.9227399826049805,0.9231600165367126,8927.478298706992
2026-01-27 00:08:00+00:00,0.9231600165367126,0.9232000112533569,0.9231399893760681,0.9231799840927124,1978.8069010164722
2026-01-27 00:09:00+00:00,0.9231500029563904,0.9232100248336792,0.9226999878883362,0.9231399893760681,9537.648320372855
2026-01-27 00:10:00+00:00,0.9231200218200684,0.92330002784729,0.9230599999427795,0.9232000112533569,4613.657598606683
2026-01-27 00:11:00+00:00,0.9231899976730347,0.9232199788093567,0.9226999878883362,0.9231299757957458,14820.356453978999
2026-01-27 00:12:00+00:00,0.9231200218200684,0.9231600165367126,0.9229999780654907,0.9230899810791016,5321.272875560293
2026-01-27 00:13:00+00:00,0.9231100082397461,0.9231200218200684,0.9226599931716919,0.9230999946594238,11245.43264966527
2026-01-27 00:14:00+00:00,0.9230999946594238,0.9231399893760681,0.9230800271034241,0.9230899810791016,10030.526022969552
2026-01-27 00:15:00+00:00,0.9230999946594238,0.9231200218200684,0.9226800203323364,0.9230899810791016,6682.924311636147
2026-01-27 00:16:00+00:00,0.9231100082397461,0.92330002784729,0.9230899810791016,0.923229992389679,7583.96481206556
2026-01-27 00:17:00+00:00,0.923229992389679,0.92330002784729,0.9227799773216248,0.9232000112533569,8355.132281101112
2026-01-27 00:18:00+00:00,0.9231899976730347,0.92330002784729,0.9231899976730347,0.9232400059700012,8518.47113547339
2026-01-27 00:19:00+00:00,0.9232400059700012,0.92330002784729,0.9228399991989136,0.9232500195503235,11654.934293068422
2026-01-27 00:20:00+00:00,0.9232500195503235,0.9232699871063232,0.9231799840927124,0.9232100248336792,8438.166013036354
2026-01-27 00:21:00+00:00,0.9232199788093567,0.9232400059700012,0.9228000044822693,0.9232000112533569,7690.562178228512
2026-01-27 00:22:00+00:00,0.9232000112533569,0.923229992389679,0.9231600165367126,0.9231899976730347,7567.379989423772
2026-01-27 00:23:00+00:00,0.9231899976730347,0.923229992389679,0.9227499961853027,0.9231600165367126,7185.199615034594
2026-01-27 00:24:00+00:00,0.9231600165367126,0.9231799840927124,0.9230700135231018,0.9231200218200684,4937.5379976544045
2026-01-27 00:25:00+00:00,0.9231500029563904,0.9231500029563904,0.9226800203323364,0.9231100082397461,3362.0878733634436
2026-01-27 00:26:00+00:00,0.9231100082397461,0.9232100248336792,0.9230899810791016,0.9231500029563904,2878.541723653971
2026-01-27 00:27:00+00:00,0.9231100082397461,0.9232100248336792,0.922730028629303,0.9231200218200684,3349.5913860958226
2026-01-27 00:28:00+00:00,0.9231299757957458,0.9232000112533569,0.9230899810791016,0.9231399893760681,3872.701289875695
2026-01-27 00:29:00+00:00,0.9231299757957458,0.9232000112533569,0.9226899743080139,0.9231200218200684,6790.427117639231
2026-01-27 00:30:00+00:00,0.9231200218200684,0.9231200218200684,0.9230300188064575,0.923039972782135,3801.9999041825467
2026-01-27 00:31:00+00:00,0.923039972782135,0.9232000112533569,0.9226999878883362,0.9231100082397461,2478.687989196976
2026-01-27 00:32:00+00:00,0.9231100082397461,0.9231500029563904,0.9230800271034241,0.9231100082397461,2009.3321156204365
2026-01-27 00:33:00+00:00,0.9231200218200684,0.9232400059700012,0.9228000044822693,0.9232100248336792,1390.818082526023
2026-01-27 00:34:00+00:00,0.9232100248336792,0.923229992389679,0.9231500029563904,0.9232100248336792,1378.763970891397
2026-01-27 00:35:00+00:00,0.9232199788093567,0.9232400059700012,0.9227700233459473,0.9232000112533569,2059.357986395932
2026-01-27 00:36:00+00:00,0.923229992389679,0.923229992389679,0.9231399893760681,0.9231500029563904,2248.2457874137476
2026-01-27 00:37:00+00:00,0.9231600165367126,0.9232000112533569,0.9227499961853027,0.9231699705123901,1953.421766671151
2026-01-27 00:38:00+00:00,0.9231399893760681,0.9232000112533569,0.9230899810791016,0.9231200218200684,1654.5157388379778
2026-01-27 00:39:00+00:00,0.9230999946594238,0.9232000112533569,0.9227200150489807,0.9231299757957458,1675.5978179541037
2026-01-27 00:40:00+00:00,0.9231399893760681,0.9231500029563904,0.9230700135231018,0.9230800271034241,1000.0
2026-01-27 00:41:00+00:00,0.9230800271034241,0.9231100082397461,0.9226199984550476,0.9230300188064575,1592.367741286335
2026-01-27 00:42:00+00:00,0.9230300188064575,0.9231100082397461,0.9230300188064575,0.9230700135231018,1000.0
2026-01-27 00:43:00+00:00,0.9230800271034241,0.9231100082397461,0.9226700067520142,0.9230899810791016,1145.822639390956
2026-01-27 00:44:00+00:00,0.9230899810791016,0.9231100082397461,0.9230599999427795,0.9230800271034241,1000.0
2026-01-27 00:45:00+00:00,0.9230800271034241,0.9230999946594238,0.9225800037384033,0.923039972782135,1000.0
2026-01-27 00:46:00+00:00,0.9230300188064575,0.9231200218200684,0.9230300188064575,0.9230999946594238,1000.0
2026-01-27 00:47:00+00:00,0.9230999946594238,0.9231200218200684,0.9225999712944031,0.9230200052261353,1107.4677991735505
2026-01-27 00:48:00+00:00,0.9230200052261353,0.9230999946594238,0.922980010509491,0.9230200052261353,1691.8781801413966
2026-01-27 00:49:00+00:00,0.9229900240898132,0.9231100082397461,0.9226499795913696,0.9230800271034241,1505.0951627431682
2026-01-27 00:50:00+00:00,0.9230499863624573,0.9231299757957458,0.923039972782135,0.9230800271034241,1301.738907369469
2026-01-27 00:51:00+00:00,0.9230999946594238,0.9230999946594238,0.9226300120353699,0.9230599999427795,2156.0509071155066
2026-01-27 00:52:00+00:00,0.923039972782135,0.9230999946594238,0.923009991645813,0.923009991645813,1484.6053978922378
2026-01-27 00:53:00+00:00,0.9230200052261353,0.9230999946594238,0.9225900173187256,0.923039972782135,2382.3640721467723
2026-01-27 00:54:00+00:00,0.923039972782135,0.9230999946594238,0.9229199886322021,0.9230200052261353,4508.567869161493
2026-01-27 00:55:00+00:00,0.9230200052261353,0.9232199788093567,0.9227399826049805,0.9231899976730347,4574.646176365585
2026-01-27 00:56:00+00:00,0.9231500029563904,0.9232000112533569,0.9230700135231018,0.9230800271034241,5487.217346926382
2026-01-27 00:57:00+00:00,0.9230700135231018,0.9230999946594238,0.9226300120353699,0.9230599999427795,5472.823521859841
2026-01-27 00:58:00+00:00,0.923039972782135,0.9230999946594238,0.9229699969291687,0.9229900240898132,7031.971232836722
2026-01-27 00:59:00+00:00,0.923009991645813,0.9230999946594238,0.9225900173187256,0.923009991645813,5768.8296428014355
2026-01-27 01:00:00+00:00,0.9229900240898132,0.9230999946594238,0.9229599833488464,0.9229699969291687,6819.006529140001
2026-01-27 01:01:00+00:00,0.9229599833488464,0.9232000112533569,0.9226300120353699,0.9231600165367126,9484.900475855451
2026-01-27 01:02:00+00:00,0.9231899976730347,0.9232800006866455,0.9231100082397461,0.9231600165367126,11355.164655384659
2026-01-27 01:03:00+00:00,0.9231600165367126,0.9232000112533569,0.9225800037384033,0.9230499863624573,13412.620555870084
2026-01-27 01:04:00+00:00,0.9230300188064575,0.9231600165367126,0.9230300188064575,0.9230599999427795,14690.766116363327
2026-01-27 01:05:00+00:00,0.923039972782135,0.9231100082397461,0.9226400256156921,0.9230899810791016,15216.81362524838
2026-01-27 01:06:00+00:00,0.9230899810791016,0.9231200218200684,0.923009991645813,0.9230499863624573,15586.723451221054
2026-01-27 01:07:00+00:00,0.9230499863624573,0.9230999946594238,0.9225800037384033,0.922980010509491,13567.977699013001
2026-01-27 01:08:00+00:00,0.9229900240898132,0.923039972782135,0.9229300022125244,0.922950029373169,13213.674800155348
2026-01-27 01:09:00+00:00,0.9229400157928467,0.9230999946594238,0.9225599765777588,0.9229999780654907,16789.575654561795
2026-01-27 01:10:00+00:00,0.9229900240898132,0.9230999946594238,0.922980010509491,0.9230499863624573,14986.291043988711
2026-01-27 01:11:00+00:00,0.9230800271034241,0.9230999946594238,0.9226199984550476,0.9230700135231018,14867.669737515875
2026-01-27 01:12:00+00:00,0.923039972782135,0.9231299757957458,0.923039972782135,0.9230599999427795,11944.37801171643
2026-01-27 01:13:00+00:00,0.9230599999427795,0.9231500029563904,0.9226499795913696,0.9230999946594238,11353.067184470838
2026-01-27 01:14:00+00:00,0.9230700135231018,0.9231100082397461,0.9230200052261353,0.9230300188064575,14408.789223439215
2026-01-27 01:15:00+00:00,0.9230499863624573,0.9231100082397461,0.9226400256156921,0.9230999946594238,10931.844833400377
2026-01-27 01:16:00+00:00,0.9230999946594238,0.92330002784729,0.9230800271034241,0.9232400059700012,11770.056979347128
2026-01-27 01:17:00+00:00,0.9232500195503235,0.923259973526001,0.9226800203323364,0.9231100082397461,10101.865801523885
2026-01-27 01:18:00+00:00,0.9230899810791016,0.9232000112533569,0.9229199886322021,0.9229900240898132,17061.393796604847
2026-01-27 01:19:00+00:00,0.922950029373169,0.9230999946594238,0.9225800037384033,0.9230200052261353,15175.89415434939
2026-01-27 01:20:00+00:00,0.9230200052261353,0.923039972782135,0.9229000210762024,0.9229300022125244,16847.18047251953
2026-01-27 01:21:00+00:00,0.9229400157928467,0.9230200052261353,0.922469973564148,0.9228799939155579,14453.828799598512
2026-01-27 01:22:00+00:00,0.9228600263595581,0.9229400157928467,0.9228000044822693,0.9228600263595581,18939.723351822588
2026-01-27 01:23:00+00:00,0.9228900074958801,0.9229300022125244,0.9224299788475037,0.9228299856185913,16296.691438798623
2026-01-27 01:24:00+00:00,0.9228500127792358,0.9229199886322021,0.9228100180625916,0.9228900074958801,16695.815580301583
2026-01-27 01:25:00+00:00,0.9228799939155579,0.9229400157928467,0.9224299788475037,0.9228399991989136,14800.76792334033
2026-01-27 01:26:00+00:00,0.9228600263595581,0.9229000210762024,0.9228299856185913,0.9228399991989136,17777.27137371008
2026-01-27 01:27:00+00:00,0.9228399991989136,0.9229999780654907,0.9224900007247925,0.922950029373169,16996.87227927276
2026-01-27 01:28:00+00:00,0.9229599833488464,0.9229599833488464,0.9228399991989136,0.9228799939155579,17048.21826739872
2026-01-27 01:29:00+00:00,0.9228799939155579,0.9229999780654907,0.9224200248718262,0.9228699803352356,20579.47851297752
2026-01-27 01:30:00+00:00,0.9228799939155579,0.9229999780654907,0.9228000044822693,0.9228900074958801,13959.826328532403
2026-01-27 01:31:00+00:00,0.9229099750518799,0.9229400157928467,0.9224200248718262,0.9228900074958801,15618.577504474477
2026-01-27 01:32:00+00:00,0.9228900074958801,0.9229000210762024,0.922819972038269,0.9228699803352356,13153.676655051973
2026-01-27 01:33:00+00:00,0.9228500127792358,0.9229999780654907,0.9224600195884705,0.9229400157928467,11157.971548067004
2026-01-27 01:34:00+00:00,0.9229199886322021,0.9229999780654907,0.9228600263595581,0.9228799939155579,11550.664647740521
2026-01-27 01:35:00+00:00,0.9228799939155579,0.9229599833488464,0.9224299788475037,0.9228799939155579,12189.234364760812
2026-01-27 01:36:00+00:00,0.9228600263595581,0.9229099750518799,0.922819972038269,0.9228399991989136,13389.425405992612
2026-01-27 01:37:00+00:00,0.9228299856185913,0.9229999780654907,0.9224799871444702,0.9229300022125244,11925.276916967032
2026-01-27 01:38:00+00:00,0.9229599833488464,0.9229699969291687,0.9227799773216248,0.9229199886322021,17899.001890201467
2026-01-27 01:39:00+00:00,0.9229199886322021,0.9229999780654907,0.9225199818611145,0.9229099750518799,14471.856807501083
2026-01-27 01:40:00+00:00,0.9229000210762024,0.9229999780654907,0.9229000210762024,0.9229099750518799,13060.942789982522
2026-01-27 01:41:00+00:00,0.9229099750518799,0.9230200052261353,0.9225599765777588,0.9230200052261353,13851.871095237992
2026-01-27 01:42:00+00:00,0.9229900240898132,0.9230499863624573,0.922950029373169,0.9229999780654907,13033.777959640915
2026-01-27 01:43:00+00:00,0.9229699969291687,0.923009991645813,0.922510027885437,0.922950029373169,12121.89118063181
2026-01-27 01:44:00+00:00,0.922950029373169,0.9230999946594238,0.922950029373169,0.923009991645813,10133.946961073436
2026-01-27 01:45:00+00:00,0.9230499863624573,0.9230999946594238,0.9226199984550476,0.9229999780654907,9743.255927158707
2026-01-27 01:46:00+00:00,0.923009991645813,0.9231100082397461,0.9229999780654907,0.923039972782135,8938.948572860456
2026-01-27 01:47:00+00:00,0.9230800271034241,0.9231200218200684,0.9226499795913696,0.9230700135231018,8666.583715466491
2026-01-27 01:48:00+00:00,0.9230599999427795,0.9231299757957458,0.9230599999427795,0.9230999946594238,6779.085118675233
2026-01-27 01:49:00+00:00,0.9230700135231018,0.9231299757957458,0.9226300120353699,0.9230599999427795,5579.853538252861
2026-01-27 01:50:00+00:00,0.9230599999427795,0.9230999946594238,0.9229999780654907,0.9230200052261353,6866.751787526299
2026-01-27 01:51:00+00:00,0.9230200052261353,0.9230999946594238,0.9226400256156921,0.9230899810791016,5199.52670584676
2026-01-27 01:52:00+00:00,0.9230800271034241,0.9230999946594238,0.923039972782135,0.923039972782135,2718.4237805538555
2026-01-27 01:53:00+00:00,0.923039972782135,0.9230499863624573,0.9224799871444702,0.9229999780654907,5078.596085245747
2026-01-27 01:54:00+00:00,0.9229300022125244,0.9229999780654907,0.9229300022125244,0.922950029373169,4181.4375530001635
2026-01-27 01:55:00+00:00,0.922950029373169,0.9229999780654907,0.9225199818611145,0.9229300022125244,4002.014936992962
2026-01-27 01:56:00+00:00,0.9229300022125244,0.9229999780654907,0.9228799939155579,0.9229000210762024,3971.536119419601
2026-01-27 01:57:00+00:00,0.9228900074958801,0.9229999780654907,0.9224900007247925,0.922950029373169,5466.760822463515
2026-01-27 01:58:00+00:00,0.9229900240898132,0.923009991645813,0.9229099750518799,0.9229599833488464,4157.599096205682
2026-01-27 01:59:00+00:00,0.9229400157928467,0.9230200052261353,0.9225599765777588,0.9229900240898132,3068.3469109947478
2026-01-27 02:00:00+00:00,0.922980010509491,0.923009991645813,0.9229300022125244,0.9229599833488464,2550.0792394941823
2026-01-27 02:01:00+00:00,0.9229599833488464,0.9229999780654907,0.922510027885437,0.9229400157928467,3033.181665519199
2026-01-27 02:02:00+00:00,0.9229400157928467,0.9229999780654907,0.9229199886322021,0.9229699969291687,3664.5353593493364
2026-01-27 02:03:00+00:00,0.9229300022125244,0.9229699969291687,0.9223999977111816,0.9228500127792358,4946.670356923471
2026-01-27 02:04:00+00:00,0.9228299856185913,0.9229300022125244,0.922819972038269,0.9229000210762024,5714.884724283695
2026-01-27 02:05:00+00:00,0.9229199886322021,0.9229999780654907,0.9225199818611145,0.9229999780654907,5535.067339158004
2026-01-27 02:06:00+00:00,0.9229699969291687,0.9230300188064575,0.9229599833488464,0.922980010509491,5869.403231761697
2026-01-27 02:07:00+00:00,0.9229699969291687,0.923009991645813,0.9224900007247925,0.9228799939155579,4180.600914327211
2026-01-27 02:08:00+00:00,0.9228799939155579,0.9229999780654907,0.9228799939155579,0.922950029373169,6587.726211521417
2026-01-27 02:09:00+00:00,0.9229599833488464,0.9229999780654907,0.9225299954414368,0.9229900240898132,5117.662941652453
2026-01-27 02:10:00+00:00,0.9229599833488464,0.922980010509491,0.9228500127792358,0.9228900074958801,5827.711910485242
2026-01-27 02:11:00+00:00,0.9228600263595581,0.9229999780654907,0.922469973564148,0.9228799939155579,6591.169213659322
2026-01-27 02:12:00+00:00,0.9229000210762024,0.9229300022125244,0.9228600263595581,0.9228799939155579,5038.467001598854
2026-01-27 02:13:00+00:00,0.9229000210762024,0.9229099750518799,0.9224200248718262,0.9228799939155579,6448.623074137981
2026-01-27 02:14:00+00:00,0.9229000210762024,0.9229000210762024,0.9228399991989136,0.9228500127792358,6546.849590159814
2026-01-27 02:15:00+00:00,0.9228500127792358,0.9229000210762024,0.9224399924278259,0.9228500127792358,5137.890123991119
2026-01-27 02:16:00+00:00,0.9228699803352356,0.9229000210762024,0.922819972038269,0.9229000210762024,6536.657096956442
2026-01-27 02:17:00+00:00,0.9228500127792358,0.9229099750518799,0.9224500060081482,0.9228500127792358,3270.3710497570028
2026-01-27 02:18:00+00:00,0.9228399991989136,0.9228799939155579,0.9227499961853027,0.9228399991989136,3675.7279992620984
2026-01-27 02:19:00+00:00,0.9228000044822693,0.9228500127792358,0.9222999811172485,0.9227200150489807,5272.548884077374
2026-01-27 02:20:00+00:00,0.922730028629303,0.9228000044822693,0.9227200150489807,0.9227399826049805,5494.482348000498
2026-01-27 02:21:00+00:00,0.9227399826049805,0.9228000044822693,0.9222599864006042,0.9226999878883362,5770.921315385173
2026-01-27 02:22:00+00:00,0.9226899743080139,0.9228000044822693,0.9226800203323364,0.9227100014686584,5973.645048007025
2026-01-27 02:23:00+00:00,0.9227100014686584,0.922730028629303,0.9222300052642822,0.9226700067520142,5190.42991335747
2026-01-27 02:24:00+00:00,0.9226700067520142,0.9227100014686584,0.9226499795913696,0.9226700067520142,4398.224288230437
2026-01-27 02:25:00+00:00,0.9226599931716919,0.9226999878883362,0.92221999168396,0.9226800203323364,4006.4045256119275
2026-01-27 02:26:00+00:00,0.9226599931716919,0.9226800203323364,0.9225800037384033,0.9225800037384033,4186.659330856352
2026-01-27 02:27:00+00:00,0.9225800037384033,0.9226999878883362,0.92221999168396,0.9226199984550476,4222.417411217845
2026-01-27 02:28:00+00:00,0.9226199984550476,0.9226999878883362,0.9226199984550476,0.9226700067520142,4419.987406655183
2026-01-27 02:29:00+00:00,0.9226700067520142,0.9226999878883362,0.9222000241279602,0.9226199984550476,5953.315767918887
2026-01-27 02:30:00+00:00,0.9226199984550476,0.9226700067520142,0.9225500226020813,0.9225599765777588,5169.863498233303
2026-01-27 02:31:00+00:00,0.9225599765777588,0.9226199984550476,0.9220899939537048,0.922540009021759,8061.111307798492
2026-01-27 02:32:00+00:00,0.9225299954414368,0.9225999712944031,0.9225000143051147,0.9225299954414368,6384.064113588732
2026-01-27 02:33:00+00:00,0.9225299954414368,0.9225999712944031,0.9220700263977051,0.9225000143051147,6504.311201412165
2026-01-27 02:34:00+00:00,0.9225299954414368,0.9225500226020813,0.9224500060081482,0.9225000143051147,6846.10849831754
2026-01-27 02:35:00+00:00,0.9225000143051147,0.9225299954414368,0.922029972076416,0.9224500060081482,4723.222286769276
2026-01-27 02:36:00+00:00,0.922469973564148,0.9225000143051147,0.9224200248718262,0.9224399924278259,5499.810487787304
2026-01-27 02:37:00+00:00,0.9224600195884705,0.9225000143051147,0.9219800233840942,0.9224200248718262,6302.683637557198
2026-01-27 02:38:00+00:00,0.9224100112915039,0.9224399924278259,0.922290027141571,0.9223200082778931,6494.6176747020045
2026-01-27 02:39:00+00:00,0.9223099946975708,0.9224100112915039,0.9219200015068054,0.9223799705505371,7627.4848347265515
2026-01-27 02:40:00+00:00,0.9223899841308594,0.9225000143051147,0.9223799705505371,0.9224600195884705,8760.035511974427
2026-01-27 02:41:00+00:00,0.9224399924278259,0.922510027885437,0.9220799803733826,0.9225000143051147,5175.42748160772
2026-01-27 02:42:00+00:00,0.9224900007247925,0.9226199984550476,0.9224600195884705,0.9225999712944031,8281.301553643178
2026-01-27 02:43:00+00:00,0.9225599765777588,0.9226300120353699,0.9221400022506714,0.9225800037384033,7453.087875108059
2026-01-27 02:44:00+00:00,0.9225800037384033,0.9226199984550476,0.9224799871444702,0.9225299954414368,10072.094362552378
2026-01-27 02:45:00+00:00,0.922540009021759,0.9225599765777588,0.922029972076416,0.922469973564148,7311.961552597934
2026-01-27 02:46:00+00:00,0.9224799871444702,0.9225999712944031,0.9224600195884705,0.9225000143051147,8531.550419251684
2026-01-27 02:47:00+00:00,0.9225000143051147,0.9226099848747253,0.9220700263977051,0.922510027885437,9765.30247078735
2026-01-27 02:48:00+00:00,0.922510027885437,0.9225299954414368,0.9224299788475037,0.9224399924278259,9742.379707348162
2026-01-27 02:49:00+00:00,0.9224299788475037,0.9225000143051147,0.921970009803772,0.9224100112915039,12105.184116260352
2026-01-27 02:50:00+00:00,0.9223999977111816,0.9225000143051147,0.9223899841308594,0.9224100112915039,11387.451956532346
2026-01-27 02:51:00+00:00,0.9224100112915039,0.9225000143051147,0.9220100045204163,0.9224500060081482,11047.998683415366
2026-01-27 02:52:00+00:00,0.9224500060081482,0.9225000143051147,0.9224200248718262,0.9224500060081482,7482.527023355766
2026-01-27 02:53:00+00:00,0.9224500060081482,0.9225000143051147,0.9220200181007385,0.9224299788475037,9622.36382854081
2026-01-27 02:54:00+00:00,0.922469973564148,0.9225599765777588,0.9224200248718262,0.922510027885437,9616.482580528467
2026-01-27 02:55:00+00:00,0.922510027885437,0.922569990158081,0.9220700263977051,0.9225299954414368,11322.471315379553
2026-01-27 02:56:00+00:00,0.922510027885437,0.9225599765777588,0.9224500060081482,0.9225199818611145,9753.091874586353
2026-01-27 02:57:00+00:00,0.922469973564148,0.9226199984550476,0.9221400022506714,0.9225500226020813,8549.80307257305
2026-01-27 02:58:00+00:00,0.9226199984550476,0.9226400256156921,0.922510027885437,0.9225199818611145,9622.454924895357
2026-01-27 02:59:00+00:00,0.9225199818611145,0.9225999712944031,0.9220399856567383,0.922510027885437,8987.089339729575
2026-01-27 03:00:00+00:00,0.9224900007247925,0.922510027885437,0.9223899841308594,0.9224299788475037,7156.865977848808
2026-01-27 03:01:00+00:00,0.9224100112915039,0.922510027885437,0.921970009803772,0.9224299788475037,10774.711418226398
2026-01-27 03:02:00+00:00,0.9224200248718262,0.9225900173187256,0.9224200248718262,0.9225500226020813,11740.85720936807
2026-01-27 03:03:00+00:00,0.9225599765777588,0.9227200150489807,0.9222400188446045,0.9226499795913696,10719.577175135862
2026-01-27 03:04:00+00:00,0.9226800203323364,0.9227399826049805,0.9226199984550476,0.9226899743080139,10857.587396082983
2026-01-27 03:05:00+00:00,0.9227399826049805,0.9228000044822693,0.9223200082778931,0.922760009765625,10914.366982347665
2026-01-27 03:06:00+00:00,0.9227799773216248,0.9228000044822693,0.9227399826049805,0.9227799773216248,9783.899339742462
2026-01-27 03:07:00+00:00,0.922760009765625,0.9228000044822693,0.9222999811172485,0.9227399826049805,11668.49614751868
2026-01-27 03:08:00+00:00,0.9227399826049805,0.922760009765625,0.9225500226020813,0.922569990158081,12183.399728671939
2026-01-27 03:09:00+00:00,0.9225599765777588,0.9225999712944031,0.9221500158309937,0.9225800037384033,10662.527636663603
2026-01-27 03:10:00+00:00,0.9225900173187256,0.9226999878883362,0.9225599765777588,0.9226700067520142,12578.72196539721
2026-01-27 03:11:00+00:00,0.9226700067520142,0.9227200150489807,0.9222400188446045,0.9226800203323364,10210.408519744691
2026-01-27 03:12:00+00:00,0.9226599931716919,0.9227200150489807,0.9226400256156921,0.9226800203323364,9738.671924786611
2026-01-27 03:13:00+00:00,0.9226700067520142,0.9228000044822693,0.9222699999809265,0.9226899743080139,9095.732736660544
2026-01-27 03:14:00+00:00,0.9226999878883362,0.9228000044822693,0.9226499795913696,0.9226999878883362,8653.936762781595
2026-01-27 03:15:00+00:00,0.9226800203323364,0.9228000044822693,0.922290027141571,0.9226400256156921,10457.441918717539
2026-01-27 03:16:00+00:00,0.9226400256156921,0.9228000044822693,0.9226300120353699,0.9226999878883362,7611.391610469545
2026-01-27 03:17:00+00:00,0.9226999878883362,0.9228000044822693,0.9223099946975708,0.9227499961853027,10927.382139835307
2026-01-27 03:18:00+00:00,0.9226700067520142,0.9228000044822693,0.9226700067520142,0.9227399826049805,10407.506752232095
2026-01-27 03:19:00+00:00,0.9227499961853027,0.9228000044822693,0.9223099946975708,0.9226700067520142,11144.931201928763
2026-01-27 03:20:00+00:00,0.9226700067520142,0.9228000044822693,0.9226599931716919,0.9226999878883362,12498.442177045188
2026-01-27 03:21:00+00:00,0.9226999878883362,0.9228000044822693,0.9223300218582153,0.9227499961853027,10571.743667727815
2026-01-27 03:22:00+00:00,0.9227499961853027,0.9228299856185913,0.9227100014686584,0.922760009765625,10105.672688040722
2026-01-27 03:23:00+00:00,0.922760009765625,0.9228299856185913,0.9223499894142151,0.9227399826049805,9445.264317957954
2026-01-27 03:24:00+00:00,0.9227499961853027,0.9228399991989136,0.9227499961853027,0.9228100180625916,9229.222618195248
2026-01-27 03:25:00+00:00,0.922819972038269,0.9229000210762024,0.9224200248718262,0.9228000044822693,9328.886311442071
2026-01-27 03:26:00+00:00,0.9228100180625916,0.9229000210762024,0.9227200150489807,0.9227200150489807,11778.875567173
2026-01-27 03:27:00+00:00,0.922730028629303,0.9228500127792358,0.9223999977111816,0.9227799773216248,7677.318456944688
2026-01-27 03:28:00+00:00,0.922789990901947,0.9228600263595581,0.922760009765625,0.9227700233459473,6115.548958591118
2026-01-27 03:29:00+00:00,0.9227700233459473,0.9229000210762024,0.9223799705505371,0.922789990901947,7778.32076146429
2026-01-27 03:30:00+00:00,0.9228000044822693,0.9229999780654907,0.9227499961853027,0.9228900074958801,11583.221152919212
2026-01-27 03:31:00+00:00,0.9228900074958801,0.922950029373169,0.922469973564148,0.9228500127792358,10312.180195940855
2026-01-27 03:32:00+00:00,0.9228500127792358,0.9229400157928467,0.9228399991989136,0.9228600263595581,9946.037253283122
2026-01-27 03:33:00+00:00,0.9228600263595581,0.9229199886322021,0.9223700165748596,0.9227399826049805,10204.4286797533
2026-01-27 03:34:00+00:00,0.9228000044822693,0.9229000210762024,0.9227399826049805,0.9228399991989136,10137.072880343401
2026-01-27 03:35:00+00:00,0.9228900074958801,0.9229300022125244,0.9224399924278259,0.922789990901947,12584.424712748803
2026-01-27 03:36:00+00:00,0.9228900074958801,0.9229199886322021,0.9227799773216248,0.9229199886322021,11562.577427507127
2026-01-27 03:37:00+00:00,0.9229099750518799,0.9229199886322021,0.9224200248718262,0.9228299856185913,12068.550171570572
2026-01-27 03:38:00+00:00,0.9228799939155579,0.9229199886322021,0.9228299856185913,0.9228900074958801,13543.402596443579
2026-01-27 03:39:00+00:00,0.9229000210762024,0.9229199886322021,0.9224200248718262,0.9228399991989136,12805.09742905942
2026-01-27 03:40:00+00:00,0.9228500127792358,0.9228699803352356,0.9227499961853027,0.922789990901947,10272.494422022834
2026-01-27 03:41:00+00:00,0.922789990901947,0.9229000210762024,0.9224100112915039,0.9227799773216248,13479.914012072371
2026-01-27 03:42:00+00:00,0.922760009765625,0.9229199886322021,0.9227499961853027,0.922819972038269,12752.9000456416
2026-01-27 03:43:00+00:00,0.9227799773216248,0.922980010509491,0.9224799871444702,0.9229699969291687,13482.508029472869
2026-01-27 03:44:00+00:00,0.922980010509491,0.9230200052261353,0.9229199886322021,0.9229900240898132,8825.1611730256
2026-01-27 03:45:00+00:00,0.9229999780654907,0.9230999946594238,0.9225999712944031,0.9230200052261353,10811.746522786509
2026-01-27 03:46:00+00:00,0.9230200052261353,0.923039972782135,0.9229099750518799,0.9229199886322021,12398.27103591695
2026-01-27 03:47:00+00:00,0.9229199886322021,0.9232699871063232,0.922789990901947,0.9231799840927124,8962.488722972847
2026-01-27 03:48:00+00:00,0.9231799840927124,0.92330002784729,0.9231200218200684,0.9232199788093567,11405.559537407999
2026-01-27 03:49:00+00:00,0.9232100248336792,0.9232199788093567,0.922760009765625,0.9231899976730347,9071.714183542783
2026-01-27 03:50:00+00:00,0.9231799840927124,0.92330002784729,0.9231500029563904,0.9232699871063232,10873.923150254059
2026-01-27 03:51:00+00:00,0.9232900142669678,0.9233999848365784,0.9228699803352356,0.9232900142669678,11276.29858054219
2026-01-27 03:52:00+00:00,0.9232900142669678,0.9233199954032898,0.923229992389679,0.9232400059700012,9141.116762935964
2026-01-27 03:53:00+00:00,0.9232400059700012,0.92330002784729,0.9228299856185913,0.9232699871063232,10839.864349677573
2026-01-27 03:54:00+00:00,0.9232699871063232,0.92330002784729,0.9232100248336792,0.9232199788093567,8354.616201865747
2026-01-27 03:55:00+00:00,0.9232199788093567,0.92330002784729,0.9228000044822693,0.9232199788093567,11047.673581329604
2026-01-27 03:56:00+00:00,0.9232100248336792,0.923229992389679,0.9230800271034241,0.9230800271034241,8835.452143743812
2026-01-27 03:57:00+00:00,0.9230800271034241,0.9231299757957458,0.9226099848747253,0.9230200052261353,9938.525628442314
2026-01-27 03:58:00+00:00,0.9230200052261353,0.9230999946594238,0.9229599833488464,0.923009991645813,9064.252501334067
2026-01-27 03:59:00+00:00,0.9230200052261353,0.9230999946594238,0.9226400256156921,0.9230300188064575,9994.574930325325
2026-01-27 04:00:00+00:00,0.9230300188064575,0.9231200218200684,0.9230200052261353,0.9230800271034241,7509.281006176855
2026-01-27 04:01:00+00:00,0.9230800271034241,0.9232199788093567,0.9227200150489807,0.9231600165367126,9652.769242599841
2026-01-27 04:02:00+00:00,0.9231600165367126,0.9232000112533569,0.9230999946594238,0.9231500029563904,7820.704539650698
2026-01-27 04:03:00+00:00,0.9231500029563904,0.9232000112533569,0.922730028629303,0.9231500029563904,8996.244564287335
2026-01-27 04:04:00+00:00,0.9231500029563904,0.9233300089836121,0.9231399893760681,0.9233099818229675,8437.093153007552
2026-01-27 04:05:00+00:00,0.9233099818229675,0.9233300089836121,0.9227799773216248,0.9231899976730347,11341.931196904437
2026-01-27 04:06:00+00:00,0.9231899976730347,0.92330002784729,0.9231899976730347,0.923229992389679,9477.411303459312
2026-01-27 04:07:00+00:00,0.9232199788093567,0.92330002784729,0.9227799773216248,0.9231600165367126,9918.718226087049
2026-01-27 04:08:00+00:00,0.9231500029563904,0.9232000112533569,0.9230700135231018,0.9230700135231018,12450.026543997179
2026-01-27 04:09:00+00:00,0.9230700135231018,0.9231399893760681,0.922730028629303,0.9231100082397461,7987.625352240396
2026-01-27 04:10:00+00:00,0.9231100082397461,0.9232000112533569,0.9230999946594238,0.9231200218200684,8055.055901689915
2026-01-27 04:11:00+00:00,0.9231100082397461,0.9231399893760681,0.9226800203323364,0.9231100082397461,7221.991205961229
2026-01-27 04:12:00+00:00,0.9230800271034241,0.9232000112533569,0.9230800271034241,0.9231100082397461,6819.17432941492
2026-01-27 04:13:00+00:00,0.9231100082397461,0.9232000112533569,0.922730028629303,0.9231299757957458,6389.117922193699
2026-01-27 04:14:00+00:00,0.9231299757957458,0.9231299757957458,0.9230300188064575,0.9230599999427795,6919.480551924622
2026-01-27 04:15:00+00:00,0.9230599999427795,0.9232000112533569,0.9226999878883362,0.9231600165367126,5985.7781310177525
2026-01-27 04:16:00+00:00,0.9231699705123901,0.9232000112533569,0.9231299757957458,0.9231600165367126,6332.900038213379
2026-01-27 04:17:00+00:00,0.9231600165367126,0.9232000112533569,0.9226700067520142,0.9230999946594238,6793.1497709398045
2026-01-27 04:18:00+00:00,0.9230999946594238,0.9231299757957458,0.9230700135231018,0.9230700135231018,4326.571280673719
2026-01-27 04:19:00+00:00,0.9230700135231018,0.9230999946594238,0.9226400256156921,0.9230499863624573,3024.634435577546
2026-01-27 04:20:00+00:00,0.923039972782135,0.9230999946594238,0.9230200052261353,0.9230300188064575,2043.3786518779473
2026-01-27 04:21:00+00:00,0.9230300188064575,0.9230999946594238,0.9226300120353699,0.9230599999427795,1000.0
2026-01-27 04:22:00+00:00,0.9230700135231018,0.9231299757957458,0.9230599999427795,0.9231100082397461,1029.337714847481
2026-01-27 04:23:00+00:00,0.9230999946594238,0.9232000112533569,0.922730028629303,0.9231500029563904,1000.0
2026-01-27 04:24:00+00:00,0.9231399893760681,0.9231600165367126,0.9230700135231018,0.9231299757957458,1000.0
2026-01-27 04:25:00+00:00,0.9231299757957458,0.9232000112533569,0.9227200150489807,0.9231399893760681,1329.6290531716224
2026-01-27 04:26:00+00:00,0.9231399893760681,0.9232000112533569,0.9230999946594238,0.9231399893760681,1090.8981385105003
2026-01-27 04:27:00+00:00,0.9231399893760681,0.9232000112533569,0.9226599931716919,0.9230999946594238,2325.3926564619924
2026-01-27 04:28:00+00:00,0.9230899810791016,0.9231200218200684,0.9230300188064575,0.9230999946594238,2062.2462486812756
2026-01-27 04:29:00+00:00,0.9230800271034241,0.9232000112533569,0.9226899743080139,0.9231600165367126,2267.126925629931
2026-01-27 04:30:00+00:00,0.9231399893760681,0.9232000112533569,0.9231100082397461,0.9231200218200684,2897.62063076429
2026-01-27 04:31:00+00:00,0.9231200218200684,0.9232000112533569,0.9226700067520142,0.9231100082397461,2763.747014093606
2026-01-27 04:32:00+00:00,0.9231100082397461,0.9232000112533569,0.9230899810791016,0.9231299757957458,3933.717203949768
2026-01-27 04:33:00+00:00,0.9231299757957458,0.9232199788093567,0.922760009765625,0.9231899976730347,3534.412823978686
2026-01-27 04:34:00+00:00,0.9231899976730347,0.92330002784729,0.9231899976730347,0.9232400059700012,4680.95754679828
2026-01-27 04:35:00+00:00,0.9232400059700012,0.9233400225639343,0.9228699803352356,0.92330002784729,4423.927357907375
2026-01-27 04:36:00+00:00,0.92330002784729,0.9233999848365784,0.923259973526001,0.9233400225639343,5964.319187766835
2026-01-27 04:37:00+00:00,0.9233800172805786,0.9234499931335449,0.9229900240898132,0.9234200119972229,5704.917200173856
2026-01-27 04:38:00+00:00,0.9234200119972229,0.9234499931335449,0.9233099818229675,0.9233099818229675,6559.404740997798
2026-01-27 04:39:00+00:00,0.9233099818229675,0.9233899712562561,0.9228799939155579,0.9233199954032898,7193.2282344400755
2026-01-27 04:40:00+00:00,0.9233099818229675,0.9234099984169006,0.92330002784729,0.9233099818229675,7890.887124194924
2026-01-27 04:41:00+00:00,0.9233099818229675,0.9233999848365784,0.9229199886322021,0.9233300089836121,6613.736191594583
2026-01-27 04:42:00+00:00,0.9233300089836121,0.9233999848365784,0.9232699871063232,0.9233400225639343,6945.976110873736
2026-01-27 04:43:00+00:00,0.9233400225639343,0.9233999848365784,0.9228900074958801,0.9233199954032898,7132.338214885119
2026-01-27 04:44:00+00:00,0.9233199954032898,0.9233499765396118,0.92330002784729,0.9233099818229675,5910.752168697672
2026-01-27 04:45:00+00:00,0.9233199954032898,0.9233999848365784,0.9229099750518799,0.9233999848365784,6309.117854856003
2026-01-27 04:46:00+00:00,0.9233300089836121,0.9233499765396118,0.9232800006866455,0.92330002784729,5660.579100710935
2026-01-27 04:47:00+00:00,0.92330002784729,0.9234499931335449,0.9229699969291687,0.9234300255775452,5382.866686440529
2026-01-27 04:48:00+00:00,0.9234300255775452,0.9235000014305115,0.9233700037002563,0.9233800172805786,6797.063056823128
2026-01-27 04:49:00+00:00,0.9234099984169006,0.9235299825668335,0.9230599999427795,0.923520028591156,7157.393352075638
2026-01-27 04:50:00+00:00,0.9235000014305115,0.9235000014305115,0.9234200119972229,0.9234399795532227,4863.0186795147065
2026-01-27 04:51:00+00:00,0.9234499931335449,0.9235000014305115,0.9229900240898132,0.9234300255775452,7414.938807779849
2026-01-27 04:52:00+00:00,0.9234300255775452,0.9235100150108337,0.9234099984169006,0.9234499931335449,7214.023129974661
2026-01-27 04:53:00+00:00,0.9234499931335449,0.9235600233078003,0.9230700135231018,0.923550009727478,5712.635998066118
2026-01-27 04:54:00+00:00,0.9235299825668335,0.9235399961471558,0.9234799742698669,0.9234899878501892,4491.954527862134
2026-01-27 04:55:00+00:00,0.9235000014305115,0.923520028591156,0.9230200052261353,0.9234899878501892,5172.472128690169
2026-01-27 04:56:00+00:00,0.9234799742698669,0.9235100150108337,0.9234700202941895,0.9235000014305115,3327.8697253588175
2026-01-27 04:57:00+00:00,0.9234700202941895,0.923520028591156,0.9230599999427795,0.9235000014305115,2442.5053897695475
2026-01-27 04:58:00+00:00,0.9234799742698669,0.9235600233078003,0.9234700202941895,0.9235000014305115,3026.6881517163124
2026-01-27 04:59:00+00:00,0.9235000014305115,0.923520028591156,0.9230300188064575,0.9234399795532227,2940.6840342787627
2026-01-27 05:00:00+00:00,0.9234399795532227,0.9235000014305115,0.9233999848365784,0.9234799742698669,2261.010791625714
2026-01-27 05:01:00+00:00,0.9234700202941895,0.9235000014305115,0.9229699969291687,0.9234499931335449,3278.5758021201395
2026-01-27 05:02:00+00:00,0.9234600067138672,0.9235000014305115,0.9233800172805786,0.9233899712562561,3173.42032418838
2026-01-27 05:03:00+00:00,0.9233800172805786,0.9234300255775452,0.922980010509491,0.9234200119972229,3145.330852115226
2026-01-27 05:04:00+00:00,0.9234099984169006,0.9235000014305115,0.9233899712562561,0.9234099984169006,2830.147905532952
2026-01-27 05:05:00+00:00,0.9234099984169006,0.9235100150108337,0.9230499863624573,0.9234700202941895,2419.532722185438
2026-01-27 05:06:00+00:00,0.9234600067138672,0.9236000180244446,0.9234600067138672,0.923520028591156,2711.8888197156766
2026-01-27 05:07:00+00:00,0.9235000014305115,0.9235299825668335,0.9230599999427795,0.9234799742698669,2623.0699421945687
2026-01-27 05:08:00+00:00,0.9235100150108337,0.9236000180244446,0.9234600067138672,0.9236000180244446,4090.9931302152236
2026-01-27 05:09:00+00:00,0.923520028591156,0.9235299825668335,0.9230200052261353,0.9234399795532227,5360.281551708603
2026-01-27 05:10:00+00:00,0.9234200119972229,0.9235000014305115,0.9234099984169006,0.9234399795532227,7069.224738616686
2026-01-27 05:11:00+00:00,0.9234499931335449,0.9235000014305115,0.9230300188064575,0.9235000014305115,6741.923802373099
2026-01-27 05:12:00+00:00,0.9234499931335449,0.9235000014305115,0.9233700037002563,0.9234099984169006,7300.601342607426
2026-01-27 05:13:00+00:00,0.9233899712562561,0.9234200119972229,0.922950029373169,0.9233999848365784,7341.733263450592
2026-01-27 05:14:00+00:00,0.9233999848365784,0.9234200119972229,0.9233300089836121,0.9233800172805786,6431.820638549547
2026-01-27 05:15:00+00:00,0.9233800172805786,0.9235000014305115,0.923039972782135,0.9234600067138672,6072.617215490426
2026-01-27 05:16:00+00:00,0.9234300255775452,0.9235000014305115,0.9233599901199341,0.9233700037002563,6525.738171413106
2026-01-27 05:17:00+00:00,0.9233700037002563,0.9233999848365784,0.9229000210762024,0.9233499765396118,6722.301468520996
2026-01-27 05:18:00+00:00,0.9233499765396118,0.9233999848365784,0.92330002784729,0.9233199954032898,8762.121571186624
2026-01-27 05:19:00+00:00,0.9233199954032898,0.9233999848365784,0.9228699803352356,0.9233400225639343,7364.399886470203
2026-01-27 05:20:00+00:00,0.9233300089836121,0.9233999848365784,0.92330002784729,0.9233199954032898,8191.23637971789
2026-01-27 05:21:00+00:00,0.9233199954032898,0.9233999848365784,0.9229099750518799,0.92330002784729,9159.568159205677
2026-01-27 05:22:00+00:00,0.9232900142669678,0.9233999848365784,0.9232199788093567,0.9232400059700012,9684.839605284544
2026-01-27 05:23:00+00:00,0.9232500195503235,0.92330002784729,0.922760009765625,0.9231799840927124,8433.803418853888
2026-01-27 05:24:00+00:00,0.9231799840927124,0.92330002784729,0.9231699705123901,0.9232100248336792,9733.139279021962
2026-01-27 05:25:00+00:00,0.9231600165367126,0.92330002784729,0.9227799773216248,0.9232199788093567,9641.657171444034
2026-01-27 05:26:00+00:00,0.9232199788093567,0.923229992389679,0.9231600165367126,0.9231799840927124,8896.986609837733
2026-01-27 05:27:00+00:00,0.9231899976730347,0.9232400059700012,0.9227700233459473,0.9231699705123901,9792.699464852029
2026-01-27 05:28:00+00:00,0.9231699705123901,0.923229992389679,0.9231600165367126,0.9231799840927124,7798.502651681921
2026-01-27 05:29:00+00:00,0.9231799840927124,0.9232199788093567,0.922730028629303,0.9231899976730347,8292.559435929112
2026-01-27 05:30:00+00:00,0.9231699705123901,0.92330002784729,0.9231600165367126,0.9231600165367126,8229.989711379749
2026-01-27 05:31:00+00:00,0.9231899976730347,0.9232199788093567,0.9227700233459473,0.9231799840927124,9022.07027668872
2026-01-27 05:32:00+00:00,0.9232000112533569,0.92330002784729,0.9231699705123901,0.9232500195503235,8639.3043701124
2026-01-27 05:33:00+00:00,0.9232400059700012,0.92330002784729,0.922789990901947,0.923229992389679,8345.792050362259
2026-01-27 05:34:00+00:00,0.923229992389679,0.92330002784729,0.923229992389679,0.9232500195503235,8078.766047916512
2026-01-27 05:35:00+00:00,0.9232500195503235,0.92330002784729,0.9228100180625916,0.9232699871063232,6912.318109428845
2026-01-27 05:36:00+00:00,0.9232699871063232,0.9233400225639343,0.923229992389679,0.923259973526001,5896.141109672076
2026-01-27 05:37:00+00:00,0.9232400059700012,0.9233099818229675,0.9228299856185913,0.9232900142669678,3829.0119609735148
2026-01-27 05:38:00+00:00,0.9232900142669678,0.9233199954032898,0.9232699871063232,0.9232900142669678,3133.3453378606696
2026-01-27 05:39:00+00:00,0.9232699871063232,0.9233099818229675,0.9228699803352356,0.9232699871063232,1369.351047830079
2026-01-27 05:40:00+00:00,0.9232699871063232,0.92330002784729,0.9232400059700012,0.9232400059700012,1254.223950334508
2026-01-27 05:41:00+00:00,0.9232699871063232,0.92330002784729,0.9227499961853027,0.92330002784729,2892.0707728252296
2026-01-27 05:42:00+00:00,0.9232100248336792,0.9232699871063232,0.9231600165367126,0.9231600165367126,4189.699154840346
2026-01-27 05:43:00+00:00,0.9231699705123901,0.9232000112533569,0.922760009765625,0.9231399893760681,2885.2782570203703
2026-01-27 05:44:00+00:00,0.9231399893760681,0.9232000112533569,0.9231100082397461,0.9231200218200684,1739.1203931759856
2026-01-27 05:45:00+00:00,0.9231100082397461,0.9232000112533569,0.9226800203323364,0.9231100082397461,3634.1865458578513
2026-01-27 05:46:00+00:00,0.9231100082397461,0.9232000112533569,0.9230999946594238,0.9231100082397461,3456.574543554907
2026-01-27 05:47:00+00:00,0.9231299757957458,0.9232000112533569,0.9226800203323364,0.9231100082397461,3039.510690195763
2026-01-27 05:48:00+00:00,0.9231200218200684,0.9232000112533569,0.9230999946594238,0.9231699705123901,4084.3841958254384
2026-01-27 05:49:00+00:00,0.9231399893760681,0.9232000112533569,0.9227200150489807,0.9231600165367126,3404.0647886311367
2026-01-27 05:50:00+00:00,0.9231600165367126,0.9232000112533569,0.9231399893760681,0.9231500029563904,2802.558742341475
2026-01-27 05:51:00+00:00,0.9231399893760681,0.9232000112533569,0.9226899743080139,0.9231200218200684,3223.96007074352
2026-01-27 05:52:00+00:00,0.9231399893760681,0.9232000112533569,0.9231200218200684,0.9231799840927124,3692.4668752628018
2026-01-27 05:53:00+00:00,0.9231699705123901,0.9233099818229675,0.9228500127792358,0.9232699871063232,4058.8091176569847
2026-01-27 05:54:00+00:00,0.9232699871063232,0.92330002784729,0.9231899976730347,0.9232400059700012,4690.572137084473
2026-01-27 05:55:00+00:00,0.923229992389679,0.9232699871063232,0.922730028629303,0.9231799840927124,4257.92206862581
2026-01-27 05:56:00+00:00,0.9231699705123901,0.92330002784729,0.9231399893760681,0.923259973526001,5813.700551875854
2026-01-27 05:57:00+00:00,0.923259973526001,0.92330002784729,0.922760009765625,0.9231899976730347,8232.568031940034
2026-01-27 05:58:00+00:00,0.9231899976730347,0.9232500195503235,0.9231500029563904,0.9231799840927124,9084.678322848342
2026-01-27 05:59:00+00:00,0.9231899976730347,0.9232500195503235,0.9227499961853027,0.9232500195503235,8045.454618694811
2026-01-27 06:00:00+00:00,0.9232199788093567,0.9233099818229675,0.9232100248336792,0.9232500195503235,7554.217825574827
2026-01-27 06:01:00+00:00,0.9232400059700012,0.92330002784729,0.9228000044822693,0.923259973526001,7133.622829757694
2026-01-27 06:02:00+00:00,0.923229992389679,0.92330002784729,0.9232199788093567,0.9232500195503235,7082.819270309678
2026-01-27 06:03:00+00:00,0.9232500195503235,0.9233199954032898,0.9228600263595581,0.9233099818229675,5830.483560186217
2026-01-27 06:04:00+00:00,0.9233099818229675,0.9233999848365784,0.9232900142669678,0.9233400225639343,7508.2668315818855
2026-01-27 06:05:00+00:00,0.92330002784729,0.9233199954032898,0.9228299856185913,0.9232699871063232,9008.754255745976
2026-01-27 06:06:00+00:00,0.9232699871063232,0.92330002784729,0.9232000112533569,0.9232199788093567,7532.390175814759
2026-01-27 06:07:00+00:00,0.9232500195503235,0.92330002784729,0.9227700233459473,0.9231899976730347,8302.822176439313
2026-01-27 06:08:00+00:00,0.9231899976730347,0.9232199788093567,0.9231399893760681,0.9231500029563904,8983.998958179927
2026-01-27 06:09:00+00:00,0.9231600165367126,0.9232000112533569,0.9226999878883362,0.9231200218200684,5730.352114849578
2026-01-27 06:10:00+00:00,0.9231100082397461,0.9232000112533569,0.9230899810791016,0.9230999946594238,6129.084040276293
2026-01-27 06:11:00+00:00,0.9230999946594238,0.9232000112533569,0.9226999878883362,0.9231200218200684,5307.362414231
2026-01-27 06:12:00+00:00,0.9231200218200684,0.9232000112533569,0.9230700135231018,0.9230700135231018,6816.543258950988
2026-01-27 06:13:00+00:00,0.9230700135231018,0.9230999946594238,0.9225999712944031,0.9229999780654907,6372.530075501561
2026-01-27 06:14:00+00:00,0.9229699969291687,0.9230999946594238,0.922950029373169,0.9229999780654907,7686.33986778193
2026-01-27 06:15:00+00:00,0.9229999780654907,0.9230999946594238,0.9225299954414368,0.923009991645813,8503.468101067077
2026-01-27 06:16:00+00:00,0.9229900240898132,0.923009991645813,0.9229300022125244,0.9229400157928467,8217.23776938174
2026-01-27 06:17:00+00:00,0.9229400157928467,0.923039972782135,0.9225299954414368,0.9230300188064575,9116.597412847535
2026-01-27 06:18:00+00:00,0.9230300188064575,0.9230599999427795,0.922980010509491,0.9229999780654907,8569.144010883845
2026-01-27 06:19:00+00:00,0.9229999780654907,0.9230999946594238,0.922569990158081,0.9230200052261353,9615.863459580914
2026-01-27 06:20:00+00:00,0.923009991645813,0.9230999946594238,0.9229999780654907,0.9230300188064575,8976.011423211512
2026-01-27 06:21:00+00:00,0.9230200052261353,0.9230999946594238,0.9225900173187256,0.9230200052261353,8923.158090713207
2026-01-27 06:22:00+00:00,0.9230200052261353,0.9231299757957458,0.9229999780654907,0.9230999946594238,10885.28587900276
2026-01-27 06:23:00+00:00,0.9230999946594238,0.9230999946594238,0.9225800037384033,0.923009991645813,9281.143489902212
2026-01-27 06:24:00+00:00,0.923009991645813,0.9230999946594238,0.922980010509491,0.9230300188064575,10219.996538894562
2026-01-27 06:25:00+00:00,0.923039972782135,0.923039972782135,0.9225599765777588,0.9230300188064575,9555.652293301217
2026-01-27 06:26:00+00:00,0.9230300188064575,0.9231399893760681,0.9229900240898132,0.9230899810791016,10558.604926560978
2026-01-27 06:27:00+00:00,0.9230999946594238,0.9231600165367126,0.9226700067520142,0.9230899810791016,9848.994038277335
2026-01-27 06:28:00+00:00,0.9230999946594238,0.9232100248336792,0.9230800271034241,0.9231299757957458,10228.496562701837
2026-01-27 06:29:00+00:00,0.9231500029563904,0.9232000112533569,0.9227100014686584,0.9231600165367126,8355.894651722396
2026-01-27 06:30:00+00:00,0.9231500029563904,0.923229992389679,0.9231200218200684,0.9232000112533569,9864.399256083992
2026-01-27 06:31:00+00:00,0.9231799840927124,0.92330002784729,0.9228000044822693,0.9232400059700012,8995.124740931384
2026-01-27 06:32:00+00:00,0.9232400059700012,0.92330002784729,0.9232400059700012,0.9232800006866455,8208.343660803821
2026-01-27 06:33:00+00:00,0.9232800006866455,0.92330002784729,0.9227200150489807,0.9231600165367126,9860.526359857176
2026-01-27 06:34:00+00:00,0.9231399893760681,0.9232000112533569,0.9230999946594238,0.9231799840927124,9913.70297676409
2026-01-27 06:35:00+00:00,0.9231699705123901,0.9232000112533569,0.9226899743080139,0.9231200218200684,10389.404359264743
2026-01-27 06:36:00+00:00,0.9231200218200684,0.9232000112533569,0.923009991645813,0.9230499863624573,10991.277911882198
2026-01-27 06:37:00+00:00,0.9230200052261353,0.9230999946594238,0.9225900173187256,0.923009991645813,9332.130049767822
2026-01-27 06:38:00+00:00,0.923009991645813,0.9230999946594238,0.9229699969291687,0.922980010509491,10646.489107945845
2026-01-27 06:39:00+00:00,0.9229699969291687,0.923009991645813,0.922540009021759,0.922980010509491,12430.651458024544
2026-01-27 06:40:00+00:00,0.922980010509491,0.9229999780654907,0.9229199886322021,0.9229699969291687,8589.141516613687
2026-01-27 06:41:00+00:00,0.9229599833488464,0.9229999780654907,0.9224799871444702,0.9229400157928467,10165.365233738472
2026-01-27 06:42:00+00:00,0.9229199886322021,0.9229999780654907,0.9227399826049805,0.9227399826049805,11977.878643806589
2026-01-27 06:43:00+00:00,0.9227700233459473,0.9229000210762024,0.9223799705505371,0.9227799773216248,13457.212622223775
2026-01-27 06:44:00+00:00,0.9227799773216248,0.9228100180625916,0.9227499961853027,0.922760009765625,10453.301575713009
2026-01-27 06:45:00+00:00,0.922760009765625,0.9228399991989136,0.9223099946975708,0.922730028629303,14283.288617947259
2026-01-27 06:46:00+00:00,0.922730028629303,0.9228000044822693,0.9226800203323364,0.922760009765625,14695.633819346054
2026-01-27 06:47:00+00:00,0.922760009765625,0.9228000044822693,0.922290027141571,0.922730028629303,12545.606355891456
2026-01-27 06:48:00+00:00,0.9227100014686584,0.922760009765625,0.9225800037384033,0.9226400256156921,15413.241263510348
2026-01-27 06:49:00+00:00,0.9225900173187256,0.9226999878883362,0.9221900105476379,0.9225800037384033,12369.579170641713
2026-01-27 06:50:00+00:00,0.9225900173187256,0.9226400256156921,0.9225500226020813,0.9225800037384033,12118.01914699222
2026-01-27 06:51:00+00:00,0.9226199984550476,0.9226999878883362,0.9221900105476379,0.9226300120353699,10820.41216770616
2026-01-27 06:52:00+00:00,0.9226300120353699,0.9226999878883362,0.9225900173187256,0.9226099848747253,9602.983264243856
2026-01-27 06:53:00+00:00,0.9226099848747253,0.9226999878883362,0.92221999168396,0.9226800203323364,11107.238678688265
2026-01-27 06:54:00+00:00,0.9226400256156921,0.9228799939155579,0.9226300120353699,0.922819972038269,14900.035580155703
2026-01-27 06:55:00+00:00,0.9228799939155579,0.9229999780654907,0.9224399924278259,0.9229000210762024,14432.669658373929
2026-01-27 06:56:00+00:00,0.9228600263595581,0.9230999946594238,0.9228600263595581,0.9230200052261353,12412.171124278684
2026-01-27 06:57:00+00:00,0.923039972782135,0.9230700135231018,0.9224600195884705,0.9229699969291687,16803.811992165327
2026-01-27 06:58:00+00:00,0.9229300022125244,0.9229999780654907,0.9228600263595581,0.9229699969291687,19264.528170393907
2026-01-27 06:59:00+00:00,0.9229199886322021,0.9230999946594238,0.9225599765777588,0.9230800271034241,16862.83555104279
2026-01-27 07:00:00+00:00,0.923039972782135,0.9230700135231018,0.9226899743080139,0.9228699803352356,24557.772277140546
2026-01-27 07:01:00+00:00,0.9228500127792358,0.9229999780654907,0.922469973564148,0.9229400157928467,23625.652895246232
2026-01-27 07:02:00+00:00,0.9229199886322021,0.9229999780654907,0.9228000044822693,0.9228600263595581,26445.388872305928
2026-01-27 07:03:00+00:00,0.9228600263595581,0.9232400059700012,0.9226999878883362,0.9231399893760681,25132.138643183836
2026-01-27 07:04:00+00:00,0.9231100082397461,0.9232000112533569,0.9230300188064575,0.923039972782135,31595.98018228961
2026-01-27 07:05:00+00:00,0.923039972782135,0.9232100248336792,0.9226800203323364,0.9231100082397461,27230.73424828673
2026-01-27 07:06:00+00:00,0.9231100082397461,0.9231399893760681,0.9229999780654907,0.9230599999427795,28643.1215870483
2026-01-27 07:07:00+00:00,0.9230200052261353,0.9232699871063232,0.9227399826049805,0.9231799840927124,31934.93691843655
2026-01-27 07:08:00+00:00,0.9231899976730347,0.9232100248336792,0.9230899810791016,0.9231799840927124,27563.30875089045
2026-01-27 07:09:00+00:00,0.9231899976730347,0.9231899976730347,0.922540009021759,0.9230300188064575,33993.57302036602
2026-01-27 07:10:00+00:00,0.923009991645813,0.9230999946594238,0.9229699969291687,0.9230999946594238,28574.42044474716
2026-01-27 07:11:00+00:00,0.9230700135231018,0.9230999946594238,0.9226300120353699,0.9230499863624573,26899.63869432999
2026-01-27 07:12:00+00:00,0.9230800271034241,0.9231100082397461,0.9229699969291687,0.9229699969291687,26649.447809238878
2026-01-27 07:13:00+00:00,0.9229999780654907,0.9230999946594238,0.9225999712944031,0.9230999946594238,24056.637093925212
2026-01-27 07:14:00+00:00,0.923039972782135,0.9230800271034241,0.9229300022125244,0.922980010509491,17864.97605310418
2026-01-27 07:15:00+00:00,0.922980010509491,0.9230200052261353,0.9225500226020813,0.922980010509491,18148.87634921657
2026-01-27 07:16:00+00:00,0.9229599833488464,0.9230999946594238,0.9229400157928467,0.9229999780654907,15300.082066610246
2026-01-27 07:17:00+00:00,0.9229900240898132,0.923009991645813,0.922469973564148,0.922950029373169,17314.530128216178
2026-01-27 07:18:00+00:00,0.922950029373169,0.923039972782135,0.9229199886322021,0.923009991645813,18166.179720623855
2026-01-27 07:19:00+00:00,0.922980010509491,0.923039972782135,0.922540009021759,0.9229599833488464,16767.520388742105
2026-01-27 07:20:00+00:00,0.9229300022125244,0.923039972782135,0.9229000210762024,0.9229999780654907,18084.81684938546
2026-01-27 07:21:00+00:00,0.922980010509491,0.9230999946594238,0.9225800037384033,0.9230999946594238,13887.301263030296
2026-01-27 07:22:00+00:00,0.9230200052261353,0.9231899976730347,0.9229999780654907,0.9230200052261353,19566.507308536624
2026-01-27 07:23:00+00:00,0.9229999780654907,0.9232100248336792,0.9227100014686584,0.9231200218200684,15966.42610004551
2026-01-27 07:24:00+00:00,0.9231299757957458,0.9231600165367126,0.9230499863624573,0.9230499863624573,13197.76924517799
2026-01-27 07:25:00+00:00,0.9230499863624573,0.9231100082397461,0.9226300120353699,0.9229999780654907,15006.085506138734
2026-01-27 07:26:00+00:00,0.9230499863624573,0.9232000112533569,0.9229999780654907,0.9230599999427795,14409.582396249618
2026-01-27 07:27:00+00:00,0.9230800271034241,0.9231699705123901,0.9226300120353699,0.9230999946594238,13991.028023989807
2026-01-27 07:28:00+00:00,0.9230999946594238,0.9231200218200684,0.922950029373169,0.922950029373169,14065.40501205935
2026-01-27 07:29:00+00:00,0.922950029373169,0.9230200052261353,0.9224799871444702,0.9229199886322021,15004.950593594567
2026-01-27 07:30:00+00:00,0.9229199886322021,0.9229199886322021,0.9226999878883362,0.9227799773216248,19342.587869207848
2026-01-27 07:31:00+00:00,0.922789990901947,0.9229000210762024,0.9223999977111816,0.9228600263595581,16841.21887202098
2026-01-27 07:32:00+00:00,0.9228399991989136,0.9229300022125244,0.922819972038269,0.9228900074958801,16482.27919506467
2026-01-27 07:33:00+00:00,0.9228799939155579,0.9230300188064575,0.922569990158081,0.9229999780654907,13167.344378115113
2026-01-27 07:34:00+00:00,0.9229900240898132,0.923009991645813,0.9228000044822693,0.9228600263595581,15789.34162335199
2026-01-27 07:35:00+00:00,0.9228600263595581,0.9229099750518799,0.9223999977111816,0.9228100180625916,18027.74858107706
2026-01-27 07:36:00+00:00,0.9228100180625916,0.9229999780654907,0.9228000044822693,0.9229400157928467,19034.546371537715
2026-01-27 07:37:00+00:00,0.9229400157928467,0.9229999780654907,0.9224900007247925,0.9229300022125244,18637.47884785191
2026-01-27 07:38:00+00:00,0.9229199886322021,0.9229300022125244,0.9228399991989136,0.9228699803352356,18107.626535408235
2026-01-27 07:39:00+00:00,0.9228699803352356,0.9228900074958801,0.9223300218582153,0.922789990901947,18376.206601701586
2026-01-27 07:40:00+00:00,0.922789990901947,0.9228100180625916,0.9226599931716919,0.9227200150489807,19402.512376338345
2026-01-27 07:41:00+00:00,0.9227399826049805,0.9228000044822693,0.9222800135612488,0.9226999878883362,19207.09589007047
2026-01-27 07:42:00+00:00,0.9226800203323364,0.9228000044822693,0.9226400256156921,0.9228000044822693,16168.68407359152
2026-01-27 07:43:00+00:00,0.922730028629303,0.9228000044822693,0.9222800135612488,0.9227399826049805,16503.711021994564
2026-01-27 07:44:00+00:00,0.9226899743080139,0.9227799773216248,0.9225900173187256,0.9226099848747253,17894.822043872693
2026-01-27 07:45:00+00:00,0.9226599931716919,0.9226999878883362,0.9221299886703491,0.9225599765777588,16715.459318330417
2026-01-27 07:46:00+00:00,0.9226099848747253,0.9226199984550476,0.9225299954414368,0.9225500226020813,14622.286764173992
2026-01-27 07:47:00+00:00,0.9225900173187256,0.9225999712944031,0.9220799803733826,0.922510027885437,17291.58057853167
2026-01-27 07:48:00+00:00,0.922569990158081,0.9226199984550476,0.9224799871444702,0.9225800037384033,14325.126464283529
2026-01-27 07:49:00+00:00,0.9225299954414368,0.9225999712944031,0.9220899939537048,0.922510027885437,12625.03821077604
2026-01-27 07:50:00+00:00,0.922510027885437,0.9225999712944031,0.9224500060081482,0.9225000143051147,15483.621381993109
2026-01-27 07:51:00+00:00,0.9225299954414368,0.9226300120353699,0.9221400022506714,0.9225800037384033,17697.57658095474
2026-01-27 07:52:00+00:00,0.9225900173187256,0.9228799939155579,0.9225299954414368,0.9228799939155579,23233.27939638652
2026-01-27 07:53:00+00:00,0.9228000044822693,0.9229300022125244,0.9222699999809265,0.9226999878883362,23221.818543298257
2026-01-27 07:54:00+00:00,0.9227499961853027,0.922819972038269,0.9226499795913696,0.9227499961853027,25423.19483298076
2026-01-27 07:55:00+00:00,0.9227499961853027,0.9229000210762024,0.9224100112915039,0.9228399991989136,22415.23567495766
2026-01-27 07:56:00+00:00,0.9228100180625916,0.9230200052261353,0.9228000044822693,0.9229900240898132,21144.207133045333
2026-01-27 07:57:00+00:00,0.922980010509491,0.9229999780654907,0.9223499894142151,0.9228399991989136,28182.12552170611
2026-01-27 07:58:00+00:00,0.9228500127792358,0.9228900074958801,0.9227200150489807,0.9227700233459473,29435.43641140872
2026-01-27 07:59:00+00:00,0.922760009765625,0.9228399991989136,0.9223099946975708,0.9227399826049805,28164.228050591148
2026-01-27 08:00:00+00:00,0.9227100014686584,0.9228399991989136,0.9225199818611145,0.9227200150489807,35059.44566631899
2026-01-27 08:01:00+00:00,0.9227200150489807,0.9228699803352356,0.9223600029945374,0.9227799773216248,26645.2321112602
2026-01-27 08:02:00+00:00,0.9227700233459473,0.9231100082397461,0.9227700233459473,0.9229999780654907,41240.71356707624
2026-01-27 08:03:00+00:00,0.9230200052261353,0.9230499863624573,0.9224600195884705,0.9229099750518799,30986.73720557436
2026-01-27 08:04:00+00:00,0.9229000210762024,0.9229300022125244,0.922760009765625,0.9228900074958801,33097.479644126186
2026-01-27 08:05:00+00:00,0.9229000210762024,0.9229199886322021,0.9223999977111816,0.9228699803352356,41153.72130087631
2026-01-27 08:06:00+00:00,0.9228500127792358,0.9229000210762024,0.9227100014686584,0.922760009765625,35660.72941864627
2026-01-27 08:07:00+00:00,0.9227200150489807,0.9228000044822693,0.9221799969673157,0.9226700067520142,28964.254657510042
2026-01-27 08:08:00+00:00,0.9226300120353699,0.922819972038269,0.9226300120353699,0.922730028629303,31097.092588098716
2026-01-27 08:09:00+00:00,0.9227100014686584,0.9228000044822693,0.9221400022506714,0.9225900173187256,28998.662189359045
2026-01-27 08:10:00+00:00,0.9225999712944031,0.922760009765625,0.9225199818611145,0.9226999878883362,31781.990181037527
2026-01-27 08:11:00+00:00,0.9226700067520142,0.9228399991989136,0.9223099946975708,0.9227700233459473,36866.19785425658
2026-01-27 08:12:00+00:00,0.9227200150489807,0.9228600263595581,0.9226300120353699,0.9228100180625916,40787.740923443045
2026-01-27 08:13:00+00:00,0.9228000044822693,0.9229199886322021,0.9224299788475037,0.9229199886322021,32865.163090549984
2026-01-27 08:14:00+00:00,0.9228799939155579,0.9229199886322021,0.9228000044822693,0.9228500127792358,32659.505837847813
2026-01-27 08:15:00+00:00,0.9228500127792358,0.9229900240898132,0.922469973564148,0.9229900240898132,34269.88963423349
2026-01-27 08:16:00+00:00,0.9229400157928467,0.9230300188064575,0.9229199886322021,0.9229900240898132,28924.986651721763
2026-01-27 08:17:00+00:00,0.9230200052261353,0.9230999946594238,0.9223799705505371,0.9228299856185913,32818.10847457451
2026-01-27 08:18:00+00:00,0.9228399991989136,0.9229000210762024,0.9226199984550476,0.9226700067520142,29718.920018820812
2026-01-27 08:19:00+00:00,0.9226400256156921,0.9226999878883362,0.9222000241279602,0.9226099848747253,30158.931695170824
2026-01-27 08:20:00+00:00,0.9225800037384033,0.922760009765625,0.9225800037384033,0.9226599931716919,33589.3588534874
2026-01-27 08:21:00+00:00,0.9226800203323364,0.9227700233459473,0.922249972820282,0.9227399826049805,27434.011357774114
2026-01-27 08:22:00+00:00,0.9227100014686584,0.9228000044822693,0.9226800203323364,0.9227200150489807,30778.425717775026
2026-01-27 08:23:00+00:00,0.9226999878883362,0.9228000044822693,0.9221299886703491,0.922540009021759,34373.22226051715
2026-01-27 08:24:00+00:00,0.922540009021759,0.9226199984550476,0.9225000143051147,0.9225199818611145,26832.604341091894
2026-01-27 08:25:00+00:00,0.9225199818611145,0.9225999712944031,0.921999990940094,0.9224299788475037,27028.69764057588
2026-01-27 08:26:00+00:00,0.9224399924278259,0.9225000143051147,0.9222999811172485,0.9223300218582153,30390.724196137075
2026-01-27 08:27:00+00:00,0.9223399758338928,0.9224100112915039,0.9218699932098389,0.9223399758338928,25586.444902886804
2026-01-27 08:28:00+00:00,0.9223799705505371,0.9223999977111816,0.9223200082778931,0.9223399758338928,25669.83768549041
2026-01-27 08:29:00+00:00,0.9223399758338928,0.9225500226020813,0.9219599962234497,0.9223700165748596,26610.34396047539
2026-01-27 08:30:00+00:00,0.9223700165748596,0.9224299788475037,0.9221799969673157,0.922290027141571,31758.98818865681
2026-01-27 08:31:00+00:00,0.9222999811172485,0.9223399758338928,0.9218500256538391,0.9222999811172485,26127.237235789224
2026-01-27 08:32:00+00:00,0.9223300218582153,0.9223999977111816,0.9222599864006042,0.9223499894142151,26251.876831204212
2026-01-27 08:33:00+00:00,0.9223399758338928,0.9224100112915039,0.92194002866745,0.9223600029945374,18397.543549679503
2026-01-27 08:34:00+00:00,0.9223300218582153,0.9224600195884705,0.9223099946975708,0.9224100112915039,23570.247879379716
2026-01-27 08:35:00+00:00,0.9223899841308594,0.9225999712944031,0.922029972076416,0.9224600195884705,24995.651456959193
2026-01-27 08:36:00+00:00,0.9224600195884705,0.9225000143051147,0.9223399758338928,0.9223499894142151,25792.06192392792
2026-01-27 08:37:00+00:00,0.9223600029945374,0.9224200248718262,0.9219300150871277,0.9223600029945374,20601.79087078117
2026-01-27 08:38:00+00:00,0.9223600029945374,0.9224399924278259,0.9222999811172485,0.9223700165748596,21431.72549906405
2026-01-27 08:39:00+00:00,0.9223300218582153,0.9224600195884705,0.9218800067901611,0.9222999811172485,18143.389127166152
2026-01-27 08:40:00+00:00,0.9222999811172485,0.9224900007247925,0.9222999811172485,0.9224100112915039,17221.34022721651
2026-01-27 08:41:00+00:00,0.9224100112915039,0.9225299954414368,0.921970009803772,0.9224200248718262,20295.47221796185
2026-01-27 08:42:00+00:00,0.9224200248718262,0.9224600195884705,0.9222599864006042,0.9222999811172485,20402.647098769616
2026-01-27 08:43:00+00:00,0.9222999811172485,0.9223499894142151,0.9217699766159058,0.9221799969673157,22564.198875762977
2026-01-27 08:44:00+00:00,0.9222400188446045,0.9222999811172485,0.9221600294113159,0.9221600294113159,21047.555873342633
2026-01-27 08:45:00+00:00,0.9221699833869934,0.9223200082778931,0.92180997133255,0.922290027141571,17993.032666439634
2026-01-27 08:46:00+00:00,0.922290027141571,0.9223399758338928,0.9221100211143494,0.9221799969673157,21930.32504372076
2026-01-27 08:47:00+00:00,0.9221699833869934,0.9222999811172485,0.921720027923584,0.9222099781036377,25624.80284048491
2026-01-27 08:48:00+00:00,0.9221699833869934,0.9222999811172485,0.9221100211143494,0.9222400188446045,23968.527852916366
2026-01-27 08:49:00+00:00,0.9222300052642822,0.9223200082778931,0.9218500256538391,0.9222800135612488,23067.172009393627
2026-01-27 08:50:00+00:00,0.9222300052642822,0.9222999811172485,0.9221799969673157,0.922290027141571,21081.58411475442
2026-01-27 08:51:00+00:00,0.9222999811172485,0.9222999811172485,0.9217699766159058,0.9221900105476379,22976.49334416707
2026-01-27 08:52:00+00:00,0.9221900105476379,0.9222999811172485,0.9221600294113159,0.92221999168396,25673.012152461546
2026-01-27 08:53:00+00:00,0.9222300052642822,0.9223999977111816,0.9218699932098389,0.9223399758338928,23876.721135823704
2026-01-27 08:54:00+00:00,0.9223099946975708,0.9223999977111816,0.9222599864006042,0.9222800135612488,22848.15433221716
2026-01-27 08:55:00+00:00,0.9222699999809265,0.9223999977111816,0.9218000173568726,0.92221999168396,22422.431634222783
2026-01-27 08:56:00+00:00,0.922249972820282,0.9222999811172485,0.9221400022506714,0.9222099781036377,24581.875518729976
2026-01-27 08:57:00+00:00,0.9221699833869934,0.9222999811172485,0.9216899871826172,0.9221500158309937,25994.276625484945
2026-01-27 08:58:00+00:00,0.9220899939537048,0.922249972820282,0.9220899939537048,0.9222000241279602,23508.70732473708
2026-01-27 08:59:00+00:00,0.9222099781036377,0.9222400188446045,0.9217100143432617,0.9221699833869934,23020.971934093148
2026-01-27 09:00:00+00:00,0.9221500158309937,0.92221999168396,0.9221199750900269,0.9221299886703491,21082.442932095397
2026-01-27 09:01:00+00:00,0.9221699833869934,0.9222000241279602,0.9216600060462952,0.9221500158309937,18660.488863628732
2026-01-27 09:02:00+00:00,0.9221699833869934,0.9222000241279602,0.9220799803733826,0.9220899939537048,18308.875869651227
2026-01-27 09:03:00+00:00,0.9220899939537048,0.9224600195884705,0.92194002866745,0.9224600195884705,20116.047251176944
2026-01-27 09:04:00+00:00,0.9224299788475037,0.9224600195884705,0.9221600294113159,0.92221999168396,22717.410186122805
2026-01-27 09:05:00+00:00,0.9222000241279602,0.922249972820282,0.9216799736022949,0.9221500158309937,22221.78464035765
2026-01-27 09:06:00+00:00,0.9221400022506714,0.9224100112915039,0.9221100211143494,0.9223999977111816,26215.455091162177
2026-01-27 09:07:00+00:00,0.9223499894142151,0.9223999977111816,0.9219300150871277,0.9223399758338928,26827.910164998488
2026-01-27 09:08:00+00:00,0.9223300218582153,0.9223999977111816,0.9222400188446045,0.9223200082778931,27735.68071406944
2026-01-27 09:09:00+00:00,0.922290027141571,0.9226599931716919,0.9218900203704834,0.9224900007247925,29982.35963837939
2026-01-27 09:10:00+00:00,0.9225000143051147,0.9226099848747253,0.9224299788475037,0.9224799871444702,32863.4600010563
2026-01-27 09:11:00+00:00,0.9225299954414368,0.9226199984550476,0.9221000075340271,0.9225199818611145,29266.526343706922
2026-01-27 09:12:00+00:00,0.922540009021759,0.922730028629303,0.9225199818611145,0.9226300120353699,26279.766921444807
2026-01-27 09:13:00+00:00,0.9226300120353699,0.9226599931716919,0.9220700263977051,0.9225900173187256,29693.48197560973
2026-01-27 09:14:00+00:00,0.9225800037384033,0.9225999712944031,0.9224299788475037,0.9224299788475037,28858.446816766944
2026-01-27 09:15:00+00:00,0.9224299788475037,0.9225000143051147,0.9218999743461609,0.9223300218582153,36125.561134904696
2026-01-27 09:16:00+00:00,0.9223300218582153,0.9225000143051147,0.9223099946975708,0.9224799871444702,34055.13776876458
2026-01-27 09:17:00+00:00,0.922469973564148,0.9225000143051147,0.921999990940094,0.9224500060081482,33106.941909400404
2026-01-27 09:18:00+00:00,0.9224299788475037,0.9225000143051147,0.9223799705505371,0.9224100112915039,22034.855076565516
2026-01-27 09:19:00+00:00,0.9224200248718262,0.9224299788475037,0.92194002866745,0.9223799705505371,29751.423623237763
2026-01-27 09:20:00+00:00,0.9223799705505371,0.9224200248718262,0.9222999811172485,0.9223999977111816,27292.313084826535
2026-01-27 09:21:00+00:00,0.9223899841308594,0.9224200248718262,0.9219300150871277,0.9223999977111816,24977.60938124949
2026-01-27 09:22:00+00:00,0.9223600029945374,0.9225599765777588,0.9223499894142151,0.9224900007247925,23757.96098841338
2026-01-27 09:23:00+00:00,0.9225000143051147,0.9226199984550476,0.9221400022506714,0.9225800037384033,20880.34407204389
2026-01-27 09:24:00+00:00,0.9225599765777588,0.9226400256156921,0.9224900007247925,0.922510027885437,19825.752475970196
2026-01-27 09:25:00+00:00,0.9225000143051147,0.9225500226020813,0.9220799803733826,0.9225199818611145,18077.25030365011
2026-01-27 09:26:00+00:00,0.922510027885437,0.9225999712944031,0.9225000143051147,0.9225500226020813,15706.962919481732
2026-01-27 09:27:00+00:00,0.9225500226020813,0.9225999712944031,0.9220100045204163,0.9224100112915039,16623.490745078092
2026-01-27 09:28:00+00:00,0.9224100112915039,0.9225000143051147,0.9223700165748596,0.9224200248718262,14330.321322936228
2026-01-27 09:29:00+00:00,0.9224100112915039,0.9225000143051147,0.921970009803772,0.9224100112915039,14764.459911595855
2026-01-27 09:30:00+00:00,0.9224100112915039,0.9225000143051147,0.9223499894142151,0.9224100112915039,14210.28902703791
2026-01-27 09:31:00+00:00,0.9223899841308594,0.9224399924278259,0.92194002866745,0.9224100112915039,13214.03391696022
2026-01-27 09:32:00+00:00,0.9224100112915039,0.9224200248718262,0.9223600029945374,0.9223999977111816,13522.62503621945
2026-01-27 09:33:00+00:00,0.9223700165748596,0.9224299788475037,0.9219499826431274,0.9223999977111816,10848.522927482185
2026-01-27 09:34:00+00:00,0.9223999977111816,0.9224399924278259,0.9223499894142151,0.9223600029945374,10782.03566787115
2026-01-27 09:35:00+00:00,0.9223700165748596,0.9224100112915039,0.9218900203704834,0.9223300218582153,10138.142992996607
2026-01-27 09:36:00+00:00,0.9223300218582153,0.9223999977111816,0.9223099946975708,0.9223300218582153,8780.460697515206
2026-01-27 09:37:00+00:00,0.9223399758338928,0.9223999977111816,0.9218500256538391,0.9222999811172485,9863.433812767204
2026-01-27 09:38:00+00:00,0.9222999811172485,0.9223999977111816,0.9222699999809265,0.9223999977111816,11908.232049909699
2026-01-27 09:39:00+00:00,0.9223499894142151,0.9224200248718262,0.9218500256538391,0.9222699999809265,11526.322388485944
2026-01-27 09:40:00+00:00,0.9222699999809265,0.9223999977111816,0.9222699999809265,0.9223099946975708,10966.808752756573
2026-01-27 09:41:00+00:00,0.9223099946975708,0.9224500060081482,0.921970009803772,0.9223999977111816,11474.243930447326
2026-01-27 09:42:00+00:00,0.9224299788475037,0.9224500060081482,0.9223300218582153,0.9224100112915039,7431.65852647114
2026-01-27 09:43:00+00:00,0.9223600029945374,0.922510027885437,0.9220499992370605,0.922469973564148,9315.544362370256
2026-01-27 09:44:00+00:00,0.9224299788475037,0.9227200150489807,0.9224200248718262,0.9227100014686584,13030.31398419726
2026-01-27 09:45:00+00:00,0.9226499795913696,0.9227100014686584,0.9221799969673157,0.9225999712944031,14830.910228014356
2026-01-27 09:46:00+00:00,0.9226400256156921,0.9227200150489807,0.922569990158081,0.9226800203323364,17438.963781307375
2026-01-27 09:47:00+00:00,0.9226999878883362,0.9228799939155579,0.9224200248718262,0.9228000044822693,14154.673855205607
2026-01-27 09:48:00+00:00,0.9228500127792358,0.9228500127792358,0.9226700067520142,0.9227700233459473,16483.552517841734
2026-01-27 09:49:00+00:00,0.9226999878883362,0.9228000044822693,0.9222599864006042,0.9227200150489807,18643.31727094554
2026-01-27 09:50:00+00:00,0.9227200150489807,0.9228000044822693,0.9226099848747253,0.9227499961853027,18239.550678448617
2026-01-27 09:51:00+00:00,0.9227499961853027,0.922760009765625,0.9222699999809265,0.922730028629303,16334.323304108322
2026-01-27 09:52:00+00:00,0.922730028629303,0.922819972038269,0.9221799969673157,0.9223899841308594,29486.93280683428
2026-01-27 09:53:00+00:00,0.9223499894142151,0.9228000044822693,0.9223200082778931,0.9226599931716919,27106.169679077073
2026-01-27 09:54:00+00:00,0.9226400256156921,0.9227100014686584,0.9220700263977051,0.9221299886703491,36642.27457415166
2026-01-27 09:55:00+00:00,0.9221000075340271,0.9223200082778931,0.921750009059906,0.9221699833869934,36909.47911034266
2026-01-27 09:56:00+00:00,0.9221699833869934,0.9223099946975708,0.9221000075340271,0.9222699999809265,34124.883337524065
2026-01-27 09:57:00+00:00,0.9222699999809265,0.9223099946975708,0.9217000007629395,0.92221999168396,42425.28499187662
2026-01-27 09:58:00+00:00,0.9221900105476379,0.9222999811172485,0.9220799803733826,0.9220799803733826,42067.57336549806
2026-01-27 09:59:00+00:00,0.9220899939537048,0.92221999168396,0.9217299818992615,0.9221900105476379,40088.63623411055
2026-01-27 10:00:00+00:00,0.9221900105476379,0.9223999977111816,0.9221900105476379,0.922290027141571,47288.23722619581
2026-01-27 10:01:00+00:00,0.922249972820282,0.9223099946975708,0.9216799736022949,0.9221000075340271,47672.10996345133
2026-01-27 10:02:00+00:00,0.9221000075340271,0.92221999168396,0.9220600128173828,0.9221299886703491,43765.641052334184
2026-01-27 10:03:00+00:00,0.9221299886703491,0.9223700165748596,0.9218699932098389,0.9222099781036377,42596.08810223687
2026-01-27 10:04:00+00:00,0.9222599864006042,0.9223399758338928,0.9221900105476379,0.9222599864006042,43844.462036107834
2026-01-27 10:05:00+00:00,0.9222300052642822,0.9223600029945374,0.9218500256538391,0.9223300218582153,45196.249654369945
2026-01-27 10:06:00+00:00,0.9223600029945374,0.9224399924278259,0.9222300052642822,0.9223200082778931,40632.529785802755
2026-01-27 10:07:00+00:00,0.9223799705505371,0.9224399924278259,0.9219300150871277,0.9224399924278259,37551.90234340514
2026-01-27 10:08:00+00:00,0.9224100112915039,0.922540009021759,0.9223600029945374,0.922469973564148,24607.271434159735
2026-01-27 10:09:00+00:00,0.9224100112915039,0.922469973564148,0.9218900203704834,0.9223300218582153,30163.084940081033
2026-01-27 10:10:00+00:00,0.922290027141571,0.9224200248718262,0.9222400188446045,0.9223300218582153,25342.262403246106
2026-01-27 10:11:00+00:00,0.922290027141571,0.9224799871444702,0.9219800233840942,0.9223600029945374,26346.718183550758
2026-01-27 10:12:00+00:00,0.9223700165748596,0.9225500226020813,0.9223499894142151,0.9223899841308594,23045.23802211625
2026-01-27 10:13:00+00:00,0.9224500060081482,0.922569990158081,0.9220499992370605,0.9225199818611145,25065.462652830476
2026-01-27 10:14:00+00:00,0.922469973564148,0.9227700233459473,0.9224600195884705,0.9227200150489807,26391.848199577264
2026-01-27 10:15:00+00:00,0.9227100014686584,0.9228000044822693,0.92221999168396,0.9227399826049805,24219.860653790845
2026-01-27 10:16:00+00:00,0.9226800203323364,0.9228000044822693,0.9226400256156921,0.922730028629303,27183.584495608484
2026-01-27 10:17:00+00:00,0.9227499961853027,0.922819972038269,0.92221999168396,0.9225900173187256,27501.23607889824
2026-01-27 10:18:00+00:00,0.9225900173187256,0.922730028629303,0.9225800037384033,0.9226400256156921,23552.562148889214
2026-01-27 10:19:00+00:00,0.9226099848747253,0.9226999878883362,0.922029972076416,0.9224799871444702,30781.263441564894
2026-01-27 10:20:00+00:00,0.9224500060081482,0.9225199818611145,0.9223499894142151,0.9223600029945374,29112.961133701872
2026-01-27 10:21:00+00:00,0.9223399758338928,0.9225000143051147,0.9219899773597717,0.9224200248718262,33774.59767188655
2026-01-27 10:22:00+00:00,0.9224100112915039,0.9225299954414368,0.9223899841308594,0.9225199818611145,26811.741010128026
2026-01-27 10:23:00+00:00,0.9225000143051147,0.922540009021759,0.9220499992370605,0.9224900007247925,30735.232386638636
2026-01-27 10:24:00+00:00,0.9224900007247925,0.922540009021759,0.9224600195884705,0.9224799871444702,24263.51506676503
2026-01-27 10:25:00+00:00,0.9224799871444702,0.9226300120353699,0.9221000075340271,0.9225199818611145,24722.448805732784
2026-01-27 10:26:00+00:00,0.9225299954414368,0.9226199984550476,0.9224900007247925,0.9225199818611145,22837.62912449124
2026-01-27 10:27:00+00:00,0.9225599765777588,0.9225999712944031,0.9220899939537048,0.922569990158081,25060.775111755636
2026-01-27 10:28:00+00:00,0.9225199818611145,0.9226599931716919,0.9225000143051147,0.9226199984550476,23273.233396243144
2026-01-27 10:29:00+00:00,0.9226199984550476,0.9226999878883362,0.9221900105476379,0.9226099848747253,19928.217234464817
2026-01-27 10:30:00+00:00,0.9226099848747253,0.9226999878883362,0.9225299954414368,0.9225500226020813,16807.4389928627
2026-01-27 10:31:00+00:00,0.9225500226020813,0.9225999712944031,0.9220600128173828,0.922510027885437,19348.793756690135
2026-01-27 10:32:00+00:00,0.922510027885437,0.922540009021759,0.9224100112915039,0.9224100112915039,17300.824764250054
2026-01-27 10:33:00+00:00,0.9224399924278259,0.9225000143051147,0.9218800067901611,0.9223499894142151,16572.539351657444
2026-01-27 10:34:00+00:00,0.9223499894142151,0.9224200248718262,0.9223099946975708,0.9223200082778931,12969.545809977923
2026-01-27 10:35:00+00:00,0.9223499894142151,0.9224600195884705,0.92194002866745,0.9223700165748596,15046.248919621314
2026-01-27 10:36:00+00:00,0.9223700165748596,0.9223999977111816,0.9222699999809265,0.9223499894142151,15029.485231667211
2026-01-27 10:37:00+00:00,0.9223499894142151,0.9223999977111816,0.9218699932098389,0.9222599864006042,19713.210499019006
2026-01-27 10:38:00+00:00,0.9222599864006042,0.9223999977111816,0.922249972820282,0.9222800135612488,17672.59528942705
2026-01-27 10:39:00+00:00,0.9223099946975708,0.9223300218582153,0.9218500256538391,0.9222699999809265,17813.31800164782
2026-01-27 10:40:00+00:00,0.9222699999809265,0.9223200082778931,0.9222000241279602,0.9222000241279602,13537.22534277241
2026-01-27 10:41:00+00:00,0.9222000241279602,0.9222999811172485,0.9216899871826172,0.9221100211143494,14931.74116234902
2026-01-27 10:42:00+00:00,0.9221100211143494,0.9221500158309937,0.9220200181007385,0.922029972076416,13455.594094381762
2026-01-27 10:43:00+00:00,0.9220700263977051,0.9222999811172485,0.9217699766159058,0.9222699999809265,19122.414834411167
2026-01-27 10:44:00+00:00,0.9222699999809265,0.9223600029945374,0.92221999168396,0.922290027141571,20809.40407942826
2026-01-27 10:45:00+00:00,0.922290027141571,0.9224100112915039,0.9219200015068054,0.9223700165748596,15823.428879467974
2026-01-27 10:46:00+00:00,0.9223600029945374,0.9223999977111816,0.9222300052642822,0.9223099946975708,17508.53352395976
2026-01-27 10:47:00+00:00,0.9223499894142151,0.9223700165748596,0.9216399788856506,0.9220499992370605,21296.949085814864
2026-01-27 10:48:00+00:00,0.9220399856567383,0.9221799969673157,0.9220200181007385,0.9221799969673157,18226.796586262393
2026-01-27 10:49:00+00:00,0.9221400022506714,0.9222000241279602,0.9214500188827515,0.92194002866745,23029.260195664094
2026-01-27 10:50:00+00:00,0.92194002866745,0.9220399856567383,0.9218800067901611,0.92194002866745,26857.821958169527
2026-01-27 10:51:00+00:00,0.9219499826431274,0.921999990940094,0.9214199781417847,0.9218500256538391,22934.320441003365
2026-01-27 10:52:00+00:00,0.9218500256538391,0.9219099879264832,0.9217699766159058,0.92180997133255,25334.48839928994
2026-01-27 10:53:00+00:00,0.9217699766159058,0.9218400120735168,0.9213700294494629,0.92180997133255,27366.399008108885
2026-01-27 10:54:00+00:00,0.9218299984931946,0.9218299984931946,0.9217000007629395,0.921720027923584,27012.311023548853
2026-01-27 10:55:00+00:00,0.921720027923584,0.9218000173568726,0.9212899804115295,0.921720027923584,23447.698513163556
2026-01-27 10:56:00+00:00,0.9217399954795837,0.9217699766159058,0.9216499924659729,0.9217000007629395,28511.46417127568
2026-01-27 10:57:00+00:00,0.9216700196266174,0.9217100143432617,0.9211300015449524,0.92153000831604,22188.452879196044
2026-01-27 10:58:00+00:00,0.92153000831604,0.9215599894523621,0.9213899970054626,0.9214199781417847,30774.906178695182
2026-01-27 10:59:00+00:00,0.9214199781417847,0.9216099977493286,0.9211599826812744,0.9216099977493286,33155.18838000271
2026-01-27 11:00:00+00:00,0.9215999841690063,0.9216399788856506,0.9214299917221069,0.9215700030326843,21570.13381944558
2026-01-27 11:01:00+00:00,0.9215700030326843,0.9215899705886841,0.9209799766540527,0.9214400053024292,24526.84884760186
2026-01-27 11:02:00+00:00,0.9214699864387512,0.92153000831604,0.9212999939918518,0.9215099811553955,24624.757136883698
2026-01-27 11:03:00+00:00,0.9215099811553955,0.9216200113296509,0.9210699796676636,0.9215400218963623,19524.977270092295
2026-01-27 11:04:00+00:00,0.9215400218963623,0.9216600060462952,0.921500027179718,0.9216099977493286,18715.620495344454
2026-01-27 11:05:00+00:00,0.9215999841690063,0.9216499924659729,0.9211300015449524,0.9215800166130066,21581.236143878254
2026-01-27 11:06:00+00:00,0.9215700030326843,0.9215999841690063,0.9214900135993958,0.9214900135993958,19476.992714101223
2026-01-27 11:07:00+00:00,0.9215099811553955,0.9215499758720398,0.9210600256919861,0.9215199947357178,21942.257150618632
2026-01-27 11:08:00+00:00,0.92153000831604,0.9215999841690063,0.9214900135993958,0.9215400218963623,18346.54903820258
2026-01-27 11:09:00+00:00,0.9215999841690063,0.9216200113296509,0.9211099743843079,0.9215700030326843,13850.507003707695
2026-01-27 11:10:00+00:00,0.9215599894523621,0.9216899871826172,0.9215499758720398,0.9216600060462952,13521.569760902361
2026-01-27 11:11:00+00:00,0.9216600060462952,0.9217000007629395,0.9211199879646301,0.92153000831604,21623.453603278977
2026-01-27 11:12:00+00:00,0.92153000831604,0.9215999841690063,0.9214500188827515,0.9214500188827515,19993.347969319842
2026-01-27 11:13:00+00:00,0.9214500188827515,0.92153000831604,0.9210699796676636,0.9214900135993958,19747.781829699485
2026-01-27 11:14:00+00:00,0.9214900135993958,0.9215999841690063,0.921459972858429,0.92153000831604,16557.644060870927
2026-01-27 11:15:00+00:00,0.92153000831604,0.9216499924659729,0.9211699962615967,0.9215999841690063,15336.922931935613
2026-01-27 11:16:00+00:00,0.9215999841690063,0.9216700196266174,0.9215599894523621,0.9215999841690063,12466.702472747576
2026-01-27 11:17:00+00:00,0.9216099977493286,0.9217100143432617,0.9212200045585632,0.9216499924659729,12391.342270386382
2026-01-27 11:18:00+00:00,0.9216600060462952,0.9217000007629395,0.9216300249099731,0.9216300249099731,9983.094026612529
2026-01-27 11:19:00+00:00,0.9216300249099731,0.9217000007629395,0.9211500287055969,0.9215700030326843,8902.59567214072
2026-01-27 11:20:00+00:00,0.9215800166130066,0.9216200113296509,0.9213399887084961,0.9213399887084961,13720.099566665122
2026-01-27 11:21:00+00:00,0.9213399887084961,0.9214000105857849,0.9208300113677979,0.9212700128555298,13437.385949920414
2026-01-27 11:22:00+00:00,0.9212700128555298,0.9212999939918518,0.9211699962615967,0.921180009841919,17645.74825788313
2026-01-27 11:23:00+00:00,0.9211699962615967,0.9213500022888184,0.9208800196647644,0.9213100075721741,18861.833977622613
2026-01-27 11:24:00+00:00,0.9213100075721741,0.9214100241661072,0.921280026435852,0.9213600158691406,14843.859565573983
2026-01-27 11:25:00+00:00,0.9213600158691406,0.921500027179718,0.920989990234375,0.9214000105857849,13448.826031136465
2026-01-27 11:26:00+00:00,0.9214000105857849,0.9215099811553955,0.9213899970054626,0.9214299917221069,12177.914550349096
2026-01-27 11:27:00+00:00,0.9214299917221069,0.921500027179718,0.9210100173950195,0.9214900135993958,13767.994905423266
2026-01-27 11:28:00+00:00,0.921459972858429,0.9215099811553955,0.9213500022888184,0.9214699864387512,15835.277189706878
2026-01-27 11:29:00+00:00,0.9214299917221069,0.921500027179718,0.920989990234375,0.9213700294494629,14155.622237947342
2026-01-27 11:30:00+00:00,0.9213700294494629,0.9214699864387512,0.921280026435852,0.9214100241661072,17683.297906043932
2026-01-27 11:31:00+00:00,0.9214100241661072,0.9214500188827515,0.9209100008010864,0.9213799834251404,18460.086223357685
2026-01-27 11:32:00+00:00,0.9213899970054626,0.9213899970054626,0.9212899804115295,0.9213200211524963,15051.054794693728
2026-01-27 11:33:00+00:00,0.9213299751281738,0.9214500188827515,0.9209700226783752,0.9213600158691406,14635.577345490348
2026-01-27 11:34:00+00:00,0.9213600158691406,0.9214199781417847,0.9213399887084961,0.9213600158691406,11173.241187230675
2026-01-27 11:35:00+00:00,0.9213600158691406,0.9214500188827515,0.9209100008010864,0.9213500022888184,11168.113401785862
2026-01-27 11:36:00+00:00,0.9213500022888184,0.9215400218963623,0.9213500022888184,0.921500027179718,10391.027999463888
2026-01-27 11:37:00+00:00,0.9214900135993958,0.9216200113296509,0.9211300015449524,0.9215499758720398,16101.926329075834
2026-01-27 11:38:00+00:00,0.9215499758720398,0.9216399788856506,0.9215400218963623,0.9215999841690063,12595.929695973806
2026-01-27 11:39:00+00:00,0.9215499758720398,0.9216200113296509,0.9211500287055969,0.9216099977493286,13194.756221547867
2026-01-27 11:40:00+00:00,0.9216099977493286,0.9216399788856506,0.9215499758720398,0.9215999841690063,12793.189416011595
2026-01-27 11:41:00+00:00,0.9215899705886841,0.9216399788856506,0.9210600256919861,0.9213399887084961,13120.596997691076
2026-01-27 11:42:00+00:00,0.9213500022888184,0.92153000831604,0.9213399887084961,0.9215099811553955,12791.334480944566
2026-01-27 11:43:00+00:00,0.9214900135993958,0.9215400218963623,0.9210699796676636,0.921500027179718,11949.544036589234
2026-01-27 11:44:00+00:00,0.921500027179718,0.9215499758720398,0.9214299917221069,0.9215099811553955,9486.596302625732
2026-01-27 11:45:00+00:00,0.9215099811553955,0.9215999841690063,0.9211000204086304,0.92153000831604,10485.673251789638
2026-01-27 11:46:00+00:00,0.92153000831604,0.9215700030326843,0.9213200211524963,0.9213500022888184,12404.991039729885
2026-01-27 11:47:00+00:00,0.9213500022888184,0.9214100241661072,0.9209700226783752,0.9213899970054626,12023.733301383623
2026-01-27 11:48:00+00:00,0.9213700294494629,0.9214000105857849,0.9213100075721741,0.9213200211524963,13677.79509645906
2026-01-27 11:49:00+00:00,0.9213200211524963,0.9214000105857849,0.9208800196647644,0.9213799834251404,11085.462474432377
2026-01-27 11:50:00+00:00,0.9213799834251404,0.9214100241661072,0.9213200211524963,0.9213600158691406,8742.988547330084
2026-01-27 11:51:00+00:00,0.9213500022888184,0.9214100241661072,0.920930027961731,0.9213700294494629,10777.211736269906
2026-01-27 11:52:00+00:00,0.9213700294494629,0.9214299917221069,0.9213500022888184,0.9213500022888184,9051.028026762699
2026-01-27 11:53:00+00:00,0.9213500022888184,0.9213500022888184,0.920769989490509,0.9212200045585632,13933.147705866757
2026-01-27 11:54:00+00:00,0.9211999773979187,0.9212300181388855,0.9211500287055969,0.921180009841919,12469.340823386216
2026-01-27 11:55:00+00:00,0.9211500287055969,0.9212200045585632,0.9206299781799316,0.9211199879646301,13057.169777891297
2026-01-27 11:56:00+00:00,0.9211599826812744,0.921209990978241,0.9211099743843079,0.9211699962615967,9931.839789010664
2026-01-27 11:57:00+00:00,0.921180009841919,0.921209990978241,0.9206100106239319,0.9210500121116638,13669.685418873129
2026-01-27 11:58:00+00:00,0.9210500121116638,0.9211199879646301,0.9210100173950195,0.9210299849510193,13778.897583742071
2026-01-27 11:59:00+00:00,0.9210299849510193,0.9211400151252747,0.9206100106239319,0.9210399985313416,14098.83861538292
2026-01-27 12:00:00+00:00,0.9210399985313416,0.9211000204086304,0.9209499955177307,0.9209499955177307,12693.827293814395
2026-01-27 12:01:00+00:00,0.9209499955177307,0.921019971370697,0.920520007610321,0.9210100173950195,12093.273601646393
2026-01-27 12:02:00+00:00,0.9209700226783752,0.9210100173950195,0.9207599759101868,0.9207599759101868,17540.070661525056
2026-01-27 12:03:00+00:00,0.9207599759101868,0.9209200143814087,0.92044997215271,0.9208300113677979,13420.148650686295
2026-01-27 12:04:00+00:00,0.9208499789237976,0.9210000038146973,0.9208300113677979,0.920960009098053,15198.96793507291
2026-01-27 12:05:00+00:00,0.920930027961731,0.9210000038146973,0.920490026473999,0.9208899736404419,18935.024024206305
2026-01-27 12:06:00+00:00,0.9208899736404419,0.921019971370697,0.9208899736404419,0.9209200143814087,17304.962954390936
2026-01-27 12:07:00+00:00,0.9208999872207642,0.9210100173950195,0.9205600023269653,0.9209700226783752,12016.259875824659
2026-01-27 12:08:00+00:00,0.9209799766540527,0.9210600256919861,0.9209200143814087,0.9209700226783752,14689.317748596088
2026-01-27 12:09:00+00:00,0.9209700226783752,0.9210000038146973,0.9204999804496765,0.9209200143814087,14887.561325351564
2026-01-27 12:10:00+00:00,0.9209200143814087,0.9210000038146973,0.9208599925041199,0.9208700060844421,15621.33838365622
2026-01-27 12:11:00+00:00,0.9208800196647644,0.920930027961731,0.9203699827194214,0.9207199811935425,15342.725385908874
2026-01-27 12:12:00+00:00,0.9207599759101868,0.9208300113677979,0.9206699728965759,0.9207000136375427,15251.589895930849
2026-01-27 12:13:00+00:00,0.9206799864768982,0.9208400249481201,0.920229971408844,0.9206299781799316,19041.99549515006
2026-01-27 12:14:00+00:00,0.9206200242042542,0.920799970626831,0.9205999970436096,0.920740008354187,20768.08196386518
2026-01-27 12:15:00+00:00,0.9207299947738647,0.9207500219345093,0.9200699925422668,0.92044997215271,22599.484904441724
2026-01-27 12:16:00+00:00,0.9204199910163879,0.9205399751663208,0.9203699827194214,0.920490026473999,20907.350264416884
2026-01-27 12:17:00+00:00,0.9204800128936768,0.9206200242042542,0.9200999736785889,0.9205300211906433,22812.438540632902
2026-01-27 12:18:00+00:00,0.9205399751663208,0.9205999970436096,0.9202899932861328,0.9203799962997437,28065.67697973871
2026-01-27 12:19:00+00:00,0.9203600287437439,0.9204000234603882,0.9197800159454346,0.9202899932861328,27721.03531254724
2026-01-27 12:20:00+00:00,0.9202499985694885,0.9205300211906433,0.9202399849891663,0.9203799962997437,31831.896172585253
2026-01-27 12:21:00+00:00,0.9203600287437439,0.9204099774360657,0.91975998878479,0.9201899766921997,29955.29682967146
2026-01-27 12:22:00+00:00,0.920229971408844,0.9203500151634216,0.9201300144195557,0.9203299880027771,32778.739169668144
2026-01-27 12:23:00+00:00,0.9203400015830994,0.9204000234603882,0.9198099970817566,0.9202200174331665,43493.23266766935
2026-01-27 12:24:00+00:00,0.9202200174331665,0.9203000068664551,0.9198499917984009,0.919920027256012,49433.13999379206
2026-01-27 12:25:00+00:00,0.9199299812316895,0.9200299978256226,0.9193199872970581,0.919730007648468,50756.3414207308
2026-01-27 12:26:00+00:00,0.9197400212287903,0.9198899865150452,0.9196100234985352,0.9198399782180786,51570.2504035746
2026-01-27 12:27:00+00:00,0.9197999835014343,0.9199299812316895,0.9194300174713135,0.9197499752044678,49167.837647699715
2026-01-27 12:28:00+00:00,0.9197400212287903,0.9198399782180786,0.9194700121879578,0.9196100234985352,48580.73755424512
2026-01-27 12:29:00+00:00,0.9196500182151794,0.9198799729347229,0.919409990310669,0.9198099970817566,43729.85126012648
2026-01-27 12:30:00+00:00,0.9198099970817566,0.9198700189590454,0.9193099737167358,0.9193699955940247,59383.34188947959
2026-01-27 12:31:00+00:00,0.9193699955940247,0.9198099970817566,0.919160008430481,0.9196000099182129,67699.51486517383
2026-01-27 12:32:00+00:00,0.9195799827575684,0.9198200106620789,0.91948002576828,0.9195299744606018,58867.20984391108
2026-01-27 12:33:00+00:00,0.9195299744606018,0.9195700287818909,0.9189800024032593,0.9193999767303467,48524.13872677634
2026-01-27 12:34:00+00:00,0.9193999767303467,0.9194999933242798,0.9193099737167358,0.9193400144577026,55797.16187370773
2026-01-27 12:35:00+00:00,0.9193800091743469,0.9196400046348572,0.9189000129699707,0.9193300008773804,54686.33145563619
2026-01-27 12:36:00+00:00,0.9193800091743469,0.9194300174713135,0.9190999865531921,0.9192299842834473,64099.27066131703
2026-01-27 12:37:00+00:00,0.9192100167274475,0.9193999767303467,0.9186499714851379,0.9190999865531921,64124.612157770636
2026-01-27 12:38:00+00:00,0.9191399812698364,0.9192500114440918,0.9190099835395813,0.9191300272941589,63984.690055914616
2026-01-27 12:39:00+00:00,0.9190700054168701,0.9192000031471252,0.918690025806427,0.9191200137138367,54533.86964793737
2026-01-27 12:40:00+00:00,0.9191300272941589,0.9193999767303467,0.9190400242805481,0.9190800189971924,60782.575930178755
2026-01-27 12:41:00+00:00,0.9191300272941589,0.9193000197410583,0.9187999963760376,0.9192799925804138,53370.82765809908
2026-01-27 12:42:00+00:00,0.9192699790000916,0.9193099737167358,0.9189299941062927,0.9192299842834473,52344.201248109195
2026-01-27 12:43:00+00:00,0.9192100167274475,0.9192500114440918,0.9186800122261047,0.919160008430481,54821.39457827018
2026-01-27 12:44:00+00:00,0.9190999865531921,0.919219970703125,0.9190300107002258,0.9191200137138367,37344.45984780189
2026-01-27 12:45:00+00:00,0.9191399812698364,0.9192600250244141,0.9185799956321716,0.918969988822937,51408.2527728606
2026-01-27 12:46:00+00:00,0.918969988822937,0.9190099835395813,0.9188399910926819,0.918969988822937,37280.84103607213
2026-01-27 12:47:00+00:00,0.9189500212669373,0.9192699790000916,0.9186099767684937,0.9190400242805481,47946.943296284095
2026-01-27 12:48:00+00:00,0.9190300107002258,0.919189989566803,0.9189299941062927,0.9190400242805481,47112.08808118528
2026-01-27 12:49:00+00:00,0.9189500212669373,0.919439971446991,0.9189500212669373,0.9193999767303467,35488.86740365066
2026-01-27 12:50:00+00:00,0.9193900227546692,0.919439971446991,0.9190099835395813,0.9192699790000916,52929.02138166166
2026-01-27 12:51:00+00:00,0.9192699790000916,0.919409990310669,0.9188600182533264,0.919409990310669,42935.730536314106
2026-01-27 12:52:00+00:00,0.9193599820137024,0.919409990310669,0.9191100001335144,0.9191300272941589,44234.08681886781
2026-01-27 12:53:00+00:00,0.9191300272941589,0.919409990310669,0.9188699722290039,0.9193199872970581,44730.75654968233
2026-01-27 12:54:00+00:00,0.9193199872970581,0.9194200038909912,0.9193099737167358,0.9193999767303467,44050.565396221995
2026-01-27 12:55:00+00:00,0.9194200038909912,0.9195600152015686,0.9190199971199036,0.9195200204849243,41012.71581133173
2026-01-27 12:56:00+00:00,0.9195500016212463,0.9196900129318237,0.919510006904602,0.9196699857711792,31814.120523920574
2026-01-27 12:57:00+00:00,0.9196599721908569,0.919730007648468,0.9191799759864807,0.9196699857711792,33980.17432533128
2026-01-27 12:58:00+00:00,0.9196400046348572,0.9197099804878235,0.9195399880409241,0.9195600152015686,30892.398998230943
2026-01-27 12:59:00+00:00,0.9195399880409241,0.9196500182151794,0.9191399812698364,0.9195700287818909,28865.780627374854
2026-01-27 13:00:00+00:00,0.9195700287818909,0.9196299910545349,0.9193800091743469,0.9195200204849243,33117.498999424584
2026-01-27 13:01:00+00:00,0.9195299744606018,0.9195399880409241,0.9189000129699707,0.9193599820137024,35732.107209039365
2026-01-27 13:02:00+00:00,0.9193599820137024,0.9196500182151794,0.9192699790000916,0.9196100234985352,38350.833376233175
2026-01-27 13:03:00+00:00,0.9196100234985352,0.9196799993515015,0.9192100167274475,0.9196500182151794,28963.582844105116
2026-01-27 13:04:00+00:00,0.9196299910545349,0.9196400046348572,0.9192900061607361,0.9193000197410583,32822.63791464512
2026-01-27 13:05:00+00:00,0.9193300008773804,0.9196000099182129,0.9190400242805481,0.9195500016212463,31144.71430465115
2026-01-27 13:06:00+00:00,0.9195399880409241,0.9196599721908569,0.9193999767303467,0.9193999767303467,38182.570283745066
2026-01-27 13:07:00+00:00,0.919409990310669,0.9195700287818909,0.9190599918365479,0.9195399880409241,33740.22002368762
2026-01-27 13:08:00+00:00,0.9195399880409241,0.9196199774742126,0.9193099737167358,0.9196000099182129,38910.15019909023
2026-01-27 13:09:00+00:00,0.9195799827575684,0.919730007648468,0.9192600250244141,0.919700026512146,41256.24125945653
2026-01-27 13:10:00+00:00,0.9196599721908569,0.9197400212287903,0.9194599986076355,0.9194999933242798,36798.617901224825
2026-01-27 13:11:00+00:00,0.91948002576828,0.9195600152015686,0.9190300107002258,0.91948002576828,37778.010985243265
2026-01-27 13:12:00+00:00,0.9194300174713135,0.91948002576828,0.9192900061607361,0.9192900061607361,35843.40324811173
2026-01-27 13:13:00+00:00,0.9193099737167358,0.9193999767303467,0.9188399910926819,0.9192600250244141,38730.2872350311
2026-01-27 13:14:00+00:00,0.9192600250244141,0.9194899797439575,0.9192399978637695,0.9194899797439575,36785.13482500643
2026-01-27 13:15:00+00:00,0.9194700121879578,0.919510006904602,0.9186999797821045,0.9191300272941589,39362.20125126648
2026-01-27 13:16:00+00:00,0.9191700220108032,0.9192500114440918,0.9191300272941589,0.9192000031471252,38930.50842046872
2026-01-27 13:17:00+00:00,0.9191700220108032,0.9192100167274475,0.9185400009155273,0.918969988822937,35239.93555937489
2026-01-27 13:18:00+00:00,0.918969988822937,0.9190400242805481,0.9189199805259705,0.918940007686615,34165.24987056832
2026-01-27 13:19:00+00:00,0.918940007686615,0.9191300272941589,0.9186599850654602,0.9191100001335144,29587.889030002247
2026-01-27 13:20:00+00:00,0.9191200137138367,0.9191300272941589,0.9189299941062927,0.9189800024032593,28423.806692931706
2026-01-27 13:21:00+00:00,0.9189800024032593,0.9193500280380249,0.9187899827957153,0.9193500280380249,30264.738043928304
2026-01-27 13:22:00+00:00,0.9193000197410583,0.9193999767303467,0.9189500212669373,0.9189500212669373,34494.26517482476
2026-01-27 13:23:00+00:00,0.9189500212669373,0.9190300107002258,0.9184799790382385,0.9189500212669373,40138.94591879009
2026-01-27 13:24:00+00:00,0.9189500212669373,0.9190300107002258,0.9189000129699707,0.9190300107002258,31958.90028555319
2026-01-27 13:25:00+00:00,0.9189900159835815,0.9192000031471252,0.9186699986457825,0.9191700220108032,31648.755824856948
2026-01-27 13:26:00+00:00,0.9191799759864807,0.919189989566803,0.9190499782562256,0.9190700054168701,31079.251439935928
2026-01-27 13:27:00+00:00,0.9190899729728699,0.919219970703125,0.9187300205230713,0.9191700220108032,36033.4431239226
2026-01-27 13:28:00+00:00,0.9191399812698364,0.9192000031471252,0.9190599918365479,0.9191799759864807,30675.939070059663
2026-01-27 13:29:00+00:00,0.919189989566803,0.9192000031471252,0.9186300039291382,0.9190899729728699,25002.92699959313
2026-01-27 13:30:00+00:00,0.9190899729728699,0.9191700220108032,0.9190099835395813,0.9190700054168701,27186.634030797086
2026-01-27 13:31:00+00:00,0.9190499782562256,0.9192399978637695,0.9187300205230713,0.9192399978637695,19511.347714585874
2026-01-27 13:32:00+00:00,0.9191799759864807,0.9193599820137024,0.9191499948501587,0.9192600250244141,27422.43534585198
2026-01-27 13:33:00+00:00,0.9192600250244141,0.919439971446991,0.9189299941062927,0.919439971446991,26172.732357193217
2026-01-27 13:34:00+00:00,0.9194300174713135,0.9194499850273132,0.9192299842834473,0.9192500114440918,25164.34315442597
2026-01-27 13:35:00+00:00,0.9192500114440918,0.9193000197410583,0.9187099933624268,0.919219970703125,25803.243909015244
2026-01-27 13:36:00+00:00,0.9191799759864807,0.9193300008773804,0.9191399812698364,0.9192000031471252,23611.152519920517
2026-01-27 13:37:00+00:00,0.919160008430481,0.919219970703125,0.9186400175094604,0.9191700220108032,24634.201013137295
2026-01-27 13:38:00+00:00,0.9191200137138367,0.919219970703125,0.918940007686615,0.9190300107002258,23813.846745351446
2026-01-27 13:39:00+00:00,0.9190199971199036,0.9190999865531921,0.9185299873352051,0.918969988822937,27535.160199819198
2026-01-27 13:40:00+00:00,0.918969988822937,0.919160008430481,0.9189599752426147,0.9189800024032593,25115.180315187095
2026-01-27 13:41:00+00:00,0.9189900159835815,0.9190999865531921,0.9185900092124939,0.9190400242805481,29518.006281274585
2026-01-27 13:42:00+00:00,0.9190000295639038,0.9190999865531921,0.9188500046730042,0.9190499782562256,30525.869780308567
2026-01-27 13:43:00+00:00,0.9190199971199036,0.919160008430481,0.918690025806427,0.9191200137138367,24166.634760414803
2026-01-27 13:44:00+00:00,0.9191399812698364,0.9192000031471252,0.9190099835395813,0.9190400242805481,25646.44638374747
2026-01-27 13:45:00+00:00,0.9190400242805481,0.9192000031471252,0.9186400175094604,0.9190400242805481,30723.075459040178
2026-01-27 13:46:00+00:00,0.9190800189971924,0.9190999865531921,0.9187999963760376,0.918910026550293,27100.957463018553
2026-01-27 13:47:00+00:00,0.9189599752426147,0.9189800024032593,0.9180700182914734,0.9184799790382385,45046.80942336213
2026-01-27 13:48:00+00:00,0.918470025062561,0.9186499714851379,0.9183899760246277,0.9185600280761719,37951.566992844244
2026-01-27 13:49:00+00:00,0.9185400009155273,0.9186000227928162,0.9180600047111511,0.9185500144958496,38416.68510472192
2026-01-27 13:50:00+00:00,0.9185600280761719,0.9186499714851379,0.918429970741272,0.9186499714851379,42986.869164397496
2026-01-27 13:51:00+00:00,0.9186400175094604,0.9188799858093262,0.9183599948883057,0.9188500046730042,40059.902709720205
2026-01-27 13:52:00+00:00,0.9188600182533264,0.9190499782562256,0.9188500046730042,0.9190300107002258,43765.36731662976
2026-01-27 13:53:00+00:00,0.9190199971199036,0.9190999865531921,0.9185799956321716,0.9190099835395813,42404.14094524235
2026-01-27 13:54:00+00:00,0.9190400242805481,0.9192299842834473,0.9190199971199036,0.9191200137138367,31361.781448454
2026-01-27 13:55:00+00:00,0.9190999865531921,0.9191300272941589,0.9184200167655945,0.9189299941062927,35292.900776968716
2026-01-27 13:56:00+00:00,0.918910026550293,0.9193000197410583,0.9188799858093262,0.9191799759864807,34742.83439805473
2026-01-27 13:57:00+00:00,0.9191799759864807,0.9193999767303467,0.9189199805259705,0.9193699955940247,42840.44242330453
2026-01-27 13:58:00+00:00,0.9193300008773804,0.9193999767303467,0.9191799759864807,0.9193000197410583,42391.123377645206
2026-01-27 13:59:00+00:00,0.9193199872970581,0.9193599820137024,0.9186300039291382,0.9190599918365479,50001.9565995616
2026-01-27 14:00:00+00:00,0.9190300107002258,0.9190499782562256,0.9188500046730042,0.918910026550293,41831.623911694805
2026-01-27 14:01:00+00:00,0.918910026550293,0.9190099835395813,0.9185400009155273,0.9189500212669373,38007.732088710916
2026-01-27 14:02:00+00:00,0.9189900159835815,0.9193000197410583,0.918969988822937,0.9191499948501587,40421.50296860114
2026-01-27 14:03:00+00:00,0.9191499948501587,0.9192500114440918,0.9187399744987488,0.9192500114440918,35043.44097721794
2026-01-27 14:04:00+00:00,0.9192100167274475,0.9195200204849243,0.9191799759864807,0.9193900227546692,48768.3209718189
2026-01-27 14:05:00+00:00,0.9193900227546692,0.9194999933242798,0.918940007686615,0.9194200038909912,45004.36318595982
2026-01-27 14:06:00+00:00,0.919409990310669,0.919439971446991,0.919219970703125,0.9192699790000916,44100.20901687557
2026-01-27 14:07:00+00:00,0.9192699790000916,0.9195299744606018,0.9190099835395813,0.91948002576828,45541.76580201386
2026-01-27 14:08:00+00:00,0.9194999933242798,0.9195500016212463,0.9194200038909912,0.9194999933242798,36730.47238803859
2026-01-27 14:09:00+00:00,0.9194700121879578,0.9195399880409241,0.9190199971199036,0.919510006904602,32647.385000026108
2026-01-27 14:10:00+00:00,0.9194700121879578,0.9195799827575684,0.9191700220108032,0.9192000031471252,35978.15871649269
2026-01-27 14:11:00+00:00,0.9192100167274475,0.9193000197410583,0.9186999797821045,0.919219970703125,44418.69575111701
2026-01-27 14:12:00+00:00,0.9192000031471252,0.919409990310669,0.9192000031471252,0.9192500114440918,43610.14615671229
2026-01-27 14:13:00+00:00,0.9192500114440918,0.919409990310669,0.918910026550293,0.9193500280380249,39667.0061074396
2026-01-27 14:14:00+00:00,0.9193500280380249,0.9195600152015686,0.9191499948501587,0.9192399978637695,38624.68929308256
2026-01-27 14:15:00+00:00,0.9192100167274475,0.9192399978637695,0.9187399744987488,0.9191399812698364,37317.66304415461
2026-01-27 14:16:00+00:00,0.9191399812698364,0.9193199872970581,0.9191300272941589,0.919219970703125,35228.655226774215
2026-01-27 14:17:00+00:00,0.919219970703125,0.9193000197410583,0.9187899827957153,0.919219970703125,35036.54454584525
2026-01-27 14:18:00+00:00,0.919219970703125,0.9193000197410583,0.9190899729728699,0.9191200137138367,30845.242821765733
2026-01-27 14:19:00+00:00,0.9190999865531921,0.9192000031471252,0.9186599850654602,0.9191399812698364,29268.543988724443
2026-01-27 14:20:00+00:00,0.9191499948501587,0.9193000197410583,0.9190800189971924,0.9190800189971924,38500.4824058399
2026-01-27 14:21:00+00:00,0.9191100001335144,0.9191300272941589,0.918429970741272,0.9188699722290039,31677.759998680587
2026-01-27 14:22:00+00:00,0.9188299775123596,0.9189199805259705,0.918720006942749,0.9188699722290039,39151.058155517516
2026-01-27 14:23:00+00:00,0.9188699722290039,0.9189599752426147,0.9184399843215942,0.9188500046730042,33067.82895239609
2026-01-27 14:24:00+00:00,0.9188399910926819,0.9190400242805481,0.9188399910926819,0.918910026550293,37889.087197346686
2026-01-27 14:25:00+00:00,0.9189199805259705,0.9190300107002258,0.9183400273323059,0.9188799858093262,33154.39242586739
2026-01-27 14:26:00+00:00,0.9188500046730042,0.9190499782562256,0.9188500046730042,0.9190199971199036,33938.69344018813
2026-01-27 14:27:00+00:00,0.9190199971199036,0.9190599918365479,0.9185900092124939,0.9189500212669373,35913.91485795812
2026-01-27 14:28:00+00:00,0.9189599752426147,0.9190700054168701,0.918910026550293,0.9189599752426147,33234.354201010174
2026-01-27 14:29:00+00:00,0.918969988822937,0.9190000295639038,0.9183599948883057,0.9188299775123596,33306.56971351142
2026-01-27 14:30:00+00:00,0.9187899827957153,0.9189000129699707,0.9183200001716614,0.9183400273323059,36365.62735219395
2026-01-27 14:31:00+00:00,0.9183200001716614,0.9184200167655945,0.9171800017356873,0.9175699949264526,54612.058339238705
2026-01-27 14:32:00+00:00,0.9175800085067749,0.9178299903869629,0.9174200296401978,0.9178299903869629,52156.16274974728
2026-01-27 14:33:00+00:00,0.9178500175476074,0.917930006980896,0.9173099994659424,0.9176899790763855,61451.497106479525
2026-01-27 14:34:00+00:00,0.917680025100708,0.9177500009536743,0.9169600009918213,0.9170600175857544,76087.88022926629
2026-01-27 14:35:00+00:00,0.9170699715614319,0.9173799753189087,0.9165800213813782,0.9170899987220764,83588.99269374402
2026-01-27 14:36:00+00:00,0.9170899987220764,0.9172899723052979,0.9165999889373779,0.9172000288963318,93479.6383443126
2026-01-27 14:37:00+00:00,0.9171900153160095,0.9172999858856201,0.9167900085449219,0.9171500205993652,89833.04288998044
2026-01-27 14:38:00+00:00,0.9171599745750427,0.9172899723052979,0.9168800115585327,0.9169399738311768,85111.44087531453
2026-01-27 14:39:00+00:00,0.9169300198554993,0.9171800017356873,0.9164199829101562,0.9168699979782104,80217.66971493454
2026-01-27 14:40:00+00:00,0.9169399738311768,0.9172499775886536,0.9168999791145325,0.9171000123023987,100000.0
2026-01-27 14:41:00+00:00,0.917110025882721,0.9172199964523315,0.9161199927330017,0.9166600108146667,97899.85467234645
2026-01-27 14:42:00+00:00,0.9166600108146667,0.9173399806022644,0.9166100025177002,0.9172700047492981,100000.0
2026-01-27 14:43:00+00:00,0.9173099994659424,0.9176999926567078,0.917169988155365,0.9176700115203857,100000.0
2026-01-27 14:44:00+00:00,0.917639970779419,0.9178299903869629,0.9176300168037415,0.917639970779419,100000.0
2026-01-27 14:45:00+00:00,0.9176499843597412,0.9178400039672852,0.9173300266265869,0.9177500009536743,99700.77854560959
2026-01-27 14:46:00+00:00,0.9178100228309631,0.9179499745368958,0.9174799919128418,0.9179499745368958,88114.52812926806
2026-01-27 14:47:00+00:00,0.9178900122642517,0.9180300235748291,0.9175400137901306,0.9179900288581848,93565.5802307991
2026-01-27 14:48:00+00:00,0.9180200099945068,0.9183300137519836,0.9179499745368958,0.9182500243186951,70088.74667027798
2026-01-27 14:49:00+00:00,0.9182900190353394,0.9183099865913391,0.9177799820899963,0.9182800054550171,76108.61784344762
2026-01-27 14:50:00+00:00,0.9182699918746948,0.9184399843215942,0.9182400107383728,0.9182900190353394,64624.15059229038
2026-01-27 14:51:00+00:00,0.9182900190353394,0.9183800220489502,0.9178699851036072,0.9182699918746948,71792.95225274321
2026-01-27 14:52:00+00:00,0.9182699918746948,0.91839998960495,0.918150007724762,0.9181900024414062,66243.9402860925
2026-01-27 14:53:00+00:00,0.9182100296020508,0.9182699918746948,0.9176899790763855,0.9181600213050842,68312.2627968017
2026-01-27 14:54:00+00:00,0.918150007724762,0.9182400107383728,0.9180999994277954,0.9181600213050842,66169.67864645258
2026-01-27 14:55:00+00:00,0.9181399941444397,0.9183300137519836,0.9178000092506409,0.9181399941444397,49168.049112812
2026-01-27 14:56:00+00:00,0.918179988861084,0.9182999730110168,0.9181100130081177,0.918179988861084,31831.682107603825
2026-01-27 14:57:00+00:00,0.9181900024414062,0.9184200167655945,0.9179400205612183,0.9183800220489502,35508.04804545037
2026-01-27 14:58:00+00:00,0.9183800220489502,0.9184200167655945,0.9183099865913391,0.9183599948883057,27049.600415942605
2026-01-27 14:59:00+00:00,0.9183599948883057,0.918429970741272,0.9178599715232849,0.9180799722671509,34577.38986821342
2026-01-27 15:00:00+00:00,0.9182500243186951,0.9183200001716614,0.9177600145339966,0.917900025844574,34213.64804103866
2026-01-27 15:01:00+00:00,0.9178599715232849,0.9179900288581848,0.9170799851417542,0.9175500273704529,42333.48186721477
2026-01-27 15:02:00+00:00,0.9175900220870972,0.9178000092506409,0.9175099730491638,0.9176599979400635,42650.08975198838
2026-01-27 15:03:00+00:00,0.9177200198173523,0.9179199934005737,0.9171800017356873,0.9175199866294861,46858.24055401874
2026-01-27 15:04:00+00:00,0.9175300002098083,0.9176099896430969,0.9173700213432312,0.9173799753189087,37853.51194657144
2026-01-27 15:05:00+00:00,0.9174399971961975,0.9174799919128418,0.9168199896812439,0.9172000288963318,53661.01380333128
2026-01-27 15:06:00+00:00,0.9172300100326538,0.9172599911689758,0.9169600009918213,0.917110025882721,51825.64765741272
2026-01-27 15:07:00+00:00,0.9170699715614319,0.917169988155365,0.9166899919509888,0.9170600175857544,48085.57243214655
2026-01-27 15:08:00+00:00,0.9170600175857544,0.9172199964523315,0.9169899821281433,0.9171299934387207,49770.6750270528
2026-01-27 15:09:00+00:00,0.9170799851417542,0.9173399806022644,0.9168000221252441,0.9172099828720093,54171.17878130117
2026-01-27 15:10:00+00:00,0.9172199964523315,0.917389988899231,0.9171500205993652,0.9172599911689758,54852.64464039012
2026-01-27 15:11:00+00:00,0.9172599911689758,0.9174299836158752,0.9168599843978882,0.9173200130462646,51412.56509172676
2026-01-27 15:12:00+00:00,0.9172800183296204,0.9174000024795532,0.9170799851417542,0.9172300100326538,52220.56192578048
2026-01-27 15:13:00+00:00,0.9172000288963318,0.9173099994659424,0.9168099761009216,0.9172000288963318,58609.71091318049
2026-01-27 15:14:00+00:00,0.9172000288963318,0.9172800183296204,0.9169999957084656,0.917110025882721,56586.53867079602
2026-01-27 15:15:00+00:00,0.9170799851417542,0.9172800183296204,0.9165400266647339,0.9171299934387207,51120.448018462936
2026-01-27 15:16:00+00:00,0.9171000123023987,0.9172999858856201,0.9169999957084656,0.9170899987220764,57029.417162462174
2026-01-27 15:17:00+00:00,0.9170899987220764,0.9172999858856201,0.9167600274085999,0.9171800017356873,43327.716872854384
2026-01-27 15:18:00+00:00,0.9171900153160095,0.9174100160598755,0.9169899821281433,0.9174100160598755,48657.564644847145
2026-01-27 15:19:00+00:00,0.9174100160598755,0.9175099730491638,0.9169700145721436,0.917389988899231,44118.490804830035
2026-01-27 15:20:00+00:00,0.917389988899231,0.917460024356842,0.9172700047492981,0.9173399806022644,35836.739581106136
2026-01-27 15:21:00+00:00,0.9172999858856201,0.9175000190734863,0.9169999957084656,0.917460024356842,42816.44919107926
2026-01-27 15:22:00+00:00,0.9174500107765198,0.917639970779419,0.917389988899231,0.9175300002098083,42373.02380517103
2026-01-27 15:23:00+00:00,0.9175300002098083,0.9175500273704529,0.9170399904251099,0.9175000190734863,43618.389917397995
2026-01-27 15:24:00+00:00,0.9174500107765198,0.9174900054931641,0.9172999858856201,0.9173600077629089,37313.873411487206
2026-01-27 15:25:00+00:00,0.9173300266265869,0.9174200296401978,0.9169399738311768,0.9173799753189087,40957.82528009849
2026-01-27 15:26:00+00:00,0.9173799753189087,0.9174299836158752,0.9169800281524658,0.9170200228691101,38893.62138700673
2026-01-27 15:27:00+00:00,0.9170200228691101,0.9171199798583984,0.9166100025177002,0.9170600175857544,41392.838990565106
2026-01-27 15:28:00+00:00,0.9170399904251099,0.9172199964523315,0.9169800281524658,0.917110025882721,45572.18184257991
2026-01-27 15:29:00+00:00,0.9170699715614319,0.9175000190734863,0.9170100092887878,0.9174100160598755,33526.43997164161
2026-01-27 15:30:00+00:00,0.9174500107765198,0.917639970779419,0.9172700047492981,0.9173700213432312,38037.808002826656
2026-01-27 15:31:00+00:00,0.9173700213432312,0.9174100160598755,0.9168099761009216,0.9173300266265869,33117.11947776626
2026-01-27 15:32:00+00:00,0.9173499941825867,0.9175199866294861,0.9173300266265869,0.917389988899231,35730.70440642903
2026-01-27 15:33:00+00:00,0.917389988899231,0.9175699949264526,0.9170100092887878,0.9175599813461304,32475.16119712579
2026-01-27 15:34:00+00:00,0.9175300002098083,0.9179099798202515,0.9175199866294861,0.9178100228309631,36661.184987998466
2026-01-27 15:35:00+00:00,0.9178900122642517,0.9179400205612183,0.9174500107765198,0.9179199934005737,43432.14880310487
2026-01-27 15:36:00+00:00,0.9178900122642517,0.9180300235748291,0.917739987373352,0.9179800152778625,37872.16215093376
2026-01-27 15:37:00+00:00,0.9179900288581848,0.9180200099945068,0.9174200296401978,0.9178699851036072,41077.10998449371
2026-01-27 15:38:00+00:00,0.9178799986839294,0.9180499911308289,0.9178299903869629,0.9180200099945068,35821.5669433819
2026-01-27 15:39:00+00:00,0.9179999828338623,0.9182000160217285,0.917680025100708,0.9180700182914734,47695.43303477391
2026-01-27 15:40:00+00:00,0.9180700182914734,0.9182299971580505,0.9179999828338623,0.9180300235748291,38219.338180306964
2026-01-27 15:41:00+00:00,0.9180499911308289,0.9181900024414062,0.9176499843597412,0.9181100130081177,45297.61599312691
2026-01-27 15:42:00+00:00,0.9180999994277954,0.9182299971580505,0.9180799722671509,0.9181600213050842,38766.17022303827
2026-01-27 15:43:00+00:00,0.9182000160217285,0.9182999730110168,0.9178299903869629,0.9182500243186951,37897.35918267184
2026-01-27 15:44:00+00:00,0.9182800054550171,0.9182999730110168,0.9180200099945068,0.9182000160217285,29749.43666248758
2026-01-27 15:45:00+00:00,0.9182999730110168,0.9182999730110168,0.9176899790763855,0.9180700182914734,32427.91640606094
2026-01-27 15:46:00+00:00,0.9180700182914734,0.9180999994277954,0.9179199934005737,0.917959988117218,39776.76264667865
2026-01-27 15:47:00+00:00,0.9179900288581848,0.9180999994277954,0.9175900220870972,0.9180399775505066,27727.982302564127
2026-01-27 15:48:00+00:00,0.9180399775505066,0.9182999730110168,0.9180399775505066,0.9181600213050842,27694.225234340614
2026-01-27 15:49:00+00:00,0.9180999994277954,0.9182000160217285,0.9176700115203857,0.9180499911308289,32668.489719889818
2026-01-27 15:50:00+00:00,0.9180499911308289,0.9181600213050842,0.9179400205612183,0.9179800152778625,31215.379588972904
2026-01-27 15:51:00+00:00,0.9179800152778625,0.9180300235748291,0.9175000190734863,0.917900025844574,30531.268882723078
2026-01-27 15:52:00+00:00,0.9179099798202515,0.9179400205612183,0.9176200032234192,0.9176200032234192,26912.430240431535
2026-01-27 15:53:00+00:00,0.9176499843597412,0.9179099798202515,0.9174000024795532,0.9177899956703186,32507.5087666898
2026-01-27 15:54:00+00:00,0.9178199768066406,0.9179999828338623,0.9177200198173523,0.9179099798202515,34353.16884543032
2026-01-27 15:55:00+00:00,0.917959988117218,0.9180300235748291,0.9174799919128418,0.917900025844574,35272.56199212591
2026-01-27 15:56:00+00:00,0.917900025844574,0.9179999828338623,0.91771000623703,0.9178299903869629,30537.35340112973
2026-01-27 15:57:00+00:00,0.9177700281143188,0.9178900122642517,0.9173300266265869,0.9176499843597412,37330.80485442682
2026-01-27 15:58:00+00:00,0.9176499843597412,0.9178400039672852,0.9176099896430969,0.9176700115203857,29493.46017832527
2026-01-27 15:59:00+00:00,0.9176999926567078,0.91771000623703,0.9171900153160095,0.9176099896430969,30567.061654670215
2026-01-27 16:00:00+00:00,0.9176099896430969,0.9177200198173523,0.9175599813461304,0.9175999760627747,30304.05383475616
2026-01-27 16:01:00+00:00,0.9175699949264526,0.9176700115203857,0.917169988155365,0.9175900220870972,33240.53545052462
2026-01-27 16:02:00+00:00,0.9175999760627747,0.9176999926567078,0.9174299836158752,0.9174500107765198,26005.28724567479
2026-01-27 16:03:00+00:00,0.9174500107765198,0.9178100228309631,0.9173200130462646,0.9177600145339966,32497.829313705322
2026-01-27 16:04:00+00:00,0.9176999926567078,0.9178799986839294,0.9176300168037415,0.9177799820899963,33654.63219225335
2026-01-27 16:05:00+00:00,0.9177299737930298,0.9178799986839294,0.9173399806022644,0.9178100228309631,34765.519792226034
2026-01-27 16:06:00+00:00,0.9177600145339966,0.9179099798202515,0.9177299737930298,0.9178900122642517,30223.266426194255
2026-01-27 16:07:00+00:00,0.9178400039672852,0.9178900122642517,0.9172999858856201,0.9178000092506409,29424.43427664517
2026-01-27 16:08:00+00:00,0.9178000092506409,0.917959988117218,0.9177899956703186,0.9178900122642517,24262.18264847599
2026-01-27 16:09:00+00:00,0.9178900122642517,0.9179499745368958,0.9174799919128418,0.9178900122642517,25909.453494514873
2026-01-27 16:10:00+00:00,0.9178599715232849,0.9179800152778625,0.9178100228309631,0.9178199768066406,24706.493074758797
2026-01-27 16:11:00+00:00,0.9178599715232849,0.917900025844574,0.9173399806022644,0.9177600145339966,28941.370298950107
2026-01-27 16:12:00+00:00,0.9177299737930298,0.9178699851036072,0.9176999926567078,0.9178100228309631,21121.362480223375
2026-01-27 16:13:00+00:00,0.9178699851036072,0.9181299805641174,0.9174500107765198,0.917930006980896,30779.430901914293
2026-01-27 16:14:00+00:00,0.917930006980896,0.9180600047111511,0.9178500175476074,0.9179999828338623,24757.80267819827
2026-01-27 16:15:00+00:00,0.9180499911308289,0.9180700182914734,0.9175199866294861,0.9179900288581848,30877.034554190024
2026-01-27 16:16:00+00:00,0.9179999828338623,0.9180799722671509,0.9179400205612183,0.9179999828338623,23874.489430745452
2026-01-27 16:17:00+00:00,0.9179700016975403,0.9180300235748291,0.9175000190734863,0.9178799986839294,29550.555260404835
2026-01-27 16:18:00+00:00,0.9178799986839294,0.9179999828338623,0.9178599715232849,0.9179400205612183,22008.914054315563
2026-01-27 16:19:00+00:00,0.9178799986839294,0.9179700016975403,0.917460024356842,0.9178799986839294,21693.63201944042
2026-01-27 16:20:00+00:00,0.9178799986839294,0.9179999828338623,0.9178299903869629,0.9179499745368958,21731.836714702826
2026-01-27 16:21:00+00:00,0.9179199934005737,0.9181399941444397,0.9175599813461304,0.917959988117218,19910.063266458703
2026-01-27 16:22:00+00:00,0.9180099964141846,0.9180499911308289,0.9179400205612183,0.9179800152778625,22077.29044651931
2026-01-27 16:23:00+00:00,0.9179800152778625,0.9182599782943726,0.917680025100708,0.9182199835777283,23886.280993590164
2026-01-27 16:24:00+00:00,0.9182100296020508,0.9182999730110168,0.9181399941444397,0.9182000160217285,25442.18193259657
2026-01-27 16:25:00+00:00,0.9182000160217285,0.9182299971580505,0.91771000623703,0.9181299805641174,24451.61361580841
2026-01-27 16:26:00+00:00,0.9181299805641174,0.9182000160217285,0.9180600047111511,0.9181200265884399,21917.149799965275
2026-01-27 16:27:00+00:00,0.9181200265884399,0.9182699918746948,0.9176499843597412,0.9180799722671509,22627.74408124645
2026-01-27 16:28:00+00:00,0.9180799722671509,0.9181200265884399,0.9180399775505066,0.9180600047111511,18436.758336612136
2026-01-27 16:29:00+00:00,0.9180600047111511,0.9182000160217285,0.9177200198173523,0.9181699752807617,19107.507185836203
2026-01-27 16:30:00+00:00,0.9181399941444397,0.9182100296020508,0.9180999994277954,0.918150007724762,13993.57552005292
2026-01-27 16:31:00+00:00,0.918150007724762,0.9182299971580505,0.9177200198173523,0.9181600213050842,16967.024527455316
2026-01-27 16:32:00+00:00,0.9181100130081177,0.9182599782943726,0.9181100130081177,0.9181399941444397,20280.106676312487
2026-01-27 16:33:00+00:00,0.918179988861084,0.9182999730110168,0.9178199768066406,0.9182500243186951,16338.798296990772
2026-01-27 16:34:00+00:00,0.9182900190353394,0.9183400273323059,0.9181900024414062,0.9182999730110168,16244.425250906104
2026-01-27 16:35:00+00:00,0.9182400107383728,0.9183300137519836,0.9178100228309631,0.9182599782943726,12885.65786367987
2026-01-27 16:36:00+00:00,0.9182000160217285,0.9182599782943726,0.9180700182914734,0.9181900024414062,17150.81375762406
2026-01-27 16:37:00+00:00,0.918150007724762,0.9182999730110168,0.9177899956703186,0.918150007724762,15813.929938540308
2026-01-27 16:38:00+00:00,0.918179988861084,0.9182100296020508,0.9180399775505066,0.9181299805641174,16678.10318877776
2026-01-27 16:39:00+00:00,0.9181299805641174,0.9182199835777283,0.9176899790763855,0.9180999994277954,16818.08252072077
2026-01-27 16:40:00+00:00,0.9180999994277954,0.9182599782943726,0.9180899858474731,0.9182299971580505,17506.567401227425
2026-01-27 16:41:00+00:00,0.9182500243186951,0.9183400273323059,0.9178799986839294,0.9183200001716614,13200.78178545406
2026-01-27 16:42:00+00:00,0.9182699918746948,0.9184799790382385,0.9182500243186951,0.9182900190353394,16330.423889585049
2026-01-27 16:43:00+00:00,0.9183200001716614,0.9183400273323059,0.9177700281143188,0.918179988861084,18356.523843167743
2026-01-27 16:44:00+00:00,0.918179988861084,0.9185500144958496,0.918179988861084,0.9185100197792053,23360.703426904016
2026-01-27 16:45:00+00:00,0.9185199737548828,0.9185699820518494,0.9180600047111511,0.9185100197792053,28451.54608741903
2026-01-27 16:46:00+00:00,0.9185299873352051,0.9185500144958496,0.9183700084686279,0.9184399843215942,21830.109699305376
2026-01-27 16:47:00+00:00,0.9184200167655945,0.9185000061988831,0.9180099964141846,0.9184799790382385,24585.295695120665
2026-01-27 16:48:00+00:00,0.9184399843215942,0.9185000061988831,0.9182400107383728,0.9182900190353394,25195.04130122179
2026-01-27 16:49:00+00:00,0.9183300137519836,0.9184799790382385,0.9179900288581848,0.9184100031852722,21549.94495456155
2026-01-27 16:50:00+00:00,0.9184100031852722,0.9184499979019165,0.9182100296020508,0.9182900190353394,27116.61519362813
2026-01-27 16:51:00+00:00,0.9182800054550171,0.9183599948883057,0.9179099798202515,0.9183300137519836,24761.947762514876
2026-01-27 16:52:00+00:00,0.9183400273323059,0.918429970741272,0.9182900190353394,0.9183099865913391,26906.01415680059
2026-01-27 16:53:00+00:00,0.9183099865913391,0.91839998960495,0.9179199934005737,0.91839998960495,23342.89365624479
2026-01-27 16:54:00+00:00,0.9183499813079834,0.9185199737548828,0.9183300137519836,0.9185100197792053,27696.695317009577
2026-01-27 16:55:00+00:00,0.9185100197792053,0.9185400009155273,0.9179999828338623,0.9184399843215942,24276.46455827653
2026-01-27 16:56:00+00:00,0.9184600114822388,0.9185000061988831,0.9183899760246277,0.91839998960495,22829.02421230823
2026-01-27 16:57:00+00:00,0.91839998960495,0.9185000061988831,0.9179099798202515,0.9183499813079834,22250.841345328747
2026-01-27 16:58:00+00:00,0.9183499813079834,0.91839998960495,0.9181200265884399,0.918179988861084,20853.186905912597
2026-01-27 16:59:00+00:00,0.9182100296020508,0.9184600114822388,0.917930006980896,0.9183899760246277,17873.913275934985
2026-01-27 17:00:00+00:00,0.91839998960495,0.9185100197792053,0.9182900190353394,0.9183300137519836,24303.29220364038
2026-01-27 17:01:00+00:00,0.9183700084686279,0.91839998960495,0.9178299903869629,0.9182699918746948,23955.98614737498
2026-01-27 17:02:00+00:00,0.9182500243186951,0.9185400009155273,0.918179988861084,0.9185100197792053,28701.250051356357
2026-01-27 17:03:00+00:00,0.9185100197792053,0.9185400009155273,0.9179099798202515,0.9183700084686279,28937.401282605806
2026-01-27 17:04:00+00:00,0.9184200167655945,0.9184499979019165,0.9182999730110168,0.9183200001716614,21139.831428212587
2026-01-27 17:05:00+00:00,0.9183300137519836,0.91839998960495,0.917900025844574,0.9183200001716614,22379.971967262467
2026-01-27 17:06:00+00:00,0.9183400273323059,0.91839998960495,0.9182000160217285,0.9182400107383728,31769.947114263025
2026-01-27 17:07:00+00:00,0.9182599782943726,0.9183800220489502,0.9178500175476074,0.9183800220489502,31103.342682230577
2026-01-27 17:08:00+00:00,0.9183800220489502,0.918429970741272,0.9182699918746948,0.9182699918746948,27958.48424243058
2026-01-27 17:09:00+00:00,0.9182900190353394,0.9183800220489502,0.9178199768066406,0.9182400107383728,30662.246157124053
2026-01-27 17:10:00+00:00,0.9182299971580505,0.918429970741272,0.9182199835777283,0.9183200001716614,32492.905059467015
2026-01-27 17:11:00+00:00,0.9183200001716614,0.91839998960495,0.9178199768066406,0.9182599782943726,40678.20742360761
2026-01-27 17:12:00+00:00,0.9182400107383728,0.9183499813079834,0.9182199835777283,0.9182299971580505,25586.46822576293
2026-01-27 17:13:00+00:00,0.9182299971580505,0.9183300137519836,0.9178199768066406,0.9182100296020508,27364.96503158472
2026-01-27 17:14:00+00:00,0.9182100296020508,0.9182999730110168,0.9181900024414062,0.9182299971580505,30986.587225706844
2026-01-27 17:15:00+00:00,0.9182100296020508,0.9183499813079834,0.9178400039672852,0.9182800054550171,25038.517456218233
2026-01-27 17:16:00+00:00,0.9183300137519836,0.9183700084686279,0.9182500243186951,0.9183200001716614,21851.813839874678
2026-01-27 17:17:00+00:00,0.9183200001716614,0.9184499979019165,0.9179700016975403,0.91839998960495,17644.427409456155
2026-01-27 17:18:00+00:00,0.91839998960495,0.9184899926185608,0.9183700084686279,0.918429970741272,17944.46508399751
2026-01-27 17:19:00+00:00,0.9184499979019165,0.9185000061988831,0.9179400205612183,0.9183700084686279,17359.136410721963
2026-01-27 17:20:00+00:00,0.9183599948883057,0.9185000061988831,0.9183400273323059,0.9184899926185608,17555.011378223382
2026-01-27 17:21:00+00:00,0.9184399843215942,0.9184799790382385,0.9179499745368958,0.9183499813079834,17817.724858215985
2026-01-27 17:22:00+00:00,0.91839998960495,0.9184799790382385,0.9183400273323059,0.9184399843215942,17756.447894737805
2026-01-27 17:23:00+00:00,0.9183899760246277,0.9184399843215942,0.9178900122642517,0.9182900190353394,18614.993763032307
2026-01-27 17:24:00+00:00,0.9182900190353394,0.9185799956321716,0.9182800054550171,0.9184499979019165,16918.353941931673
2026-01-27 17:25:00+00:00,0.9184499979019165,0.9185100197792053,0.917900025844574,0.9183099865913391,16427.436505021426
2026-01-27 17:26:00+00:00,0.9183300137519836,0.918429970741272,0.9182800054550171,0.9183899760246277,20096.81844243185
2026-01-27 17:27:00+00:00,0.9183099865913391,0.9183899760246277,0.9178799986839294,0.9182800054550171,17838.97476290895
2026-01-27 17:28:00+00:00,0.9182800054550171,0.91839998960495,0.9182500243186951,0.9182800054550171,18954.73747738199
2026-01-27 17:29:00+00:00,0.9182800054550171,0.918429970741272,0.917900025844574,0.91839998960495,21222.423711057214
2026-01-27 17:30:00+00:00,0.9183499813079834,0.9184200167655945,0.9182699918746948,0.9182699918746948,22087.62317666715
2026-01-27 17:31:00+00:00,0.9183200001716614,0.9183300137519836,0.9177600145339966,0.9182199835777283,21141.78576635041
2026-01-27 17:32:00+00:00,0.9182199835777283,0.9184100031852722,0.9182199835777283,0.9182800054550171,26133.134144802425
2026-01-27 17:33:00+00:00,0.9182800054550171,0.9184200167655945,0.9179099798202515,0.9183700084686279,23768.96270634639
2026-01-27 17:34:00+00:00,0.9183599948883057,0.9184200167655945,0.9182999730110168,0.9183200001716614,21780.40873164392
2026-01-27 17:35:00+00:00,0.9183599948883057,0.9184399843215942,0.9179400205612183,0.9183700084686279,21470.062913897753
2026-01-27 17:36:00+00:00,0.9183700084686279,0.9184499979019165,0.9182199835777283,0.9182299971580505,27387.64292539507
2026-01-27 17:37:00+00:00,0.9182500243186951,0.9182999730110168,0.9177899956703186,0.9182299971580505,24717.022183644836
2026-01-27 17:38:00+00:00,0.9182299971580505,0.9183300137519836,0.918150007724762,0.9182299971580505,18843.479152567405
2026-01-27 17:39:00+00:00,0.9182299971580505,0.91839998960495,0.917930006980896,0.9182999730110168,19347.845515177763
2026-01-27 17:40:00+00:00,0.9182999730110168,0.9184200167655945,0.9182999730110168,0.9184100031852722,17822.236824016072
2026-01-27 17:41:00+00:00,0.9183700084686279,0.9184100031852722,0.9178900122642517,0.9183400273323059,19383.627779203634
2026-01-27 17:42:00+00:00,0.9183400273323059,0.9185699820518494,0.9182400107383728,0.9182900190353394,25044.181950085127
2026-01-27 17:43:00+00:00,0.9182900190353394,0.91839998960495,0.9178400039672852,0.9181100130081177,22032.06733489058
2026-01-27 17:44:00+00:00,0.9180999994277954,0.91839998960495,0.9180799722671509,0.9182900190353394,21020.845378097645
2026-01-27 17:45:00+00:00,0.9182699918746948,0.91839998960495,0.9178400039672852,0.9182699918746948,26451.117764331655
2026-01-27 17:46:00+00:00,0.9182500243186951,0.9182999730110168,0.918179988861084,0.9182199835777283,17381.33627191686
2026-01-27 17:47:00+00:00,0.9182400107383728,0.9182999730110168,0.9177299737930298,0.918150007724762,24762.454986468714
2026-01-27 17:48:00+00:00,0.9181299805641174,0.9182000160217285,0.9179900288581848,0.9180999994277954,21723.825167290106
2026-01-27 17:49:00+00:00,0.9180999994277954,0.9182800054550171,0.9178000092506409,0.9182800054550171,28836.54887254268
2026-01-27 17:50:00+00:00,0.9182100296020508,0.9183300137519836,0.918179988861084,0.9182199835777283,20482.055169403735
2026-01-27 17:51:00+00:00,0.9182199835777283,0.9182800054550171,0.9177700281143188,0.9182599782943726,25026.804780935876
2026-01-27 17:52:00+00:00,0.9182199835777283,0.9182999730110168,0.9180399775505066,0.9180399775505066,28585.45190325233
2026-01-27 17:53:00+00:00,0.9180700182914734,0.9181900024414062,0.9176700115203857,0.9181200265884399,25469.959478204804
2026-01-27 17:54:00+00:00,0.918150007724762,0.9182699918746948,0.9180799722671509,0.9182000160217285,34398.22866938541
2026-01-27 17:55:00+00:00,0.9182299971580505,0.9182299971580505,0.917739987373352,0.9180999994277954,28053.11281349002
2026-01-27 17:56:00+00:00,0.9181299805641174,0.918150007724762,0.9179400205612183,0.9180700182914734,28825.190815082733
2026-01-27 17:57:00+00:00,0.9180700182914734,0.9182299971580505,0.9175900220870972,0.9180099964141846,24200.581158196484
2026-01-27 17:58:00+00:00,0.9179700016975403,0.9181299805641174,0.9179700016975403,0.9180799722671509,25635.612735588675
2026-01-27 17:59:00+00:00,0.9180799722671509,0.9182000160217285,0.9176899790763855,0.9181100130081177,27806.389444834407
2026-01-27 18:00:00+00:00,0.9181100130081177,0.918150007724762,0.917900025844574,0.917900025844574,27412.312703019456
2026-01-27 18:01:00+00:00,0.917900025844574,0.9181100130081177,0.9176599979400635,0.9180200099945068,20792.352742375628
2026-01-27 18:02:00+00:00,0.9180200099945068,0.9181200265884399,0.9179400205612183,0.9179499745368958,20437.394477356254
2026-01-27 18:03:00+00:00,0.9179499745368958,0.918150007724762,0.9176099896430969,0.9180999994277954,22944.48616965456
2026-01-27 18:04:00+00:00,0.9180999994277954,0.9182599782943726,0.9180600047111511,0.9181200265884399,24055.67324485408
2026-01-27 18:05:00+00:00,0.9181600213050842,0.9182199835777283,0.9176499843597412,0.9180799722671509,25115.267678251435
2026-01-27 18:06:00+00:00,0.9180899858474731,0.9181600213050842,0.9180399775505066,0.9180600047111511,26782.373323607375
2026-01-27 18:07:00+00:00,0.9180700182914734,0.9181100130081177,0.9175900220870972,0.9180700182914734,26615.31780630704
2026-01-27 18:08:00+00:00,0.9180700182914734,0.9182900190353394,0.9180300235748291,0.9181900024414062,26995.25632983002
2026-01-27 18:09:00+00:00,0.9181699752807617,0.9182999730110168,0.9176599979400635,0.9181299805641174,23569.29265876474
2026-01-27 18:10:00+00:00,0.9180899858474731,0.9183499813079834,0.9180799722671509,0.9182100296020508,30787.573886366445
2026-01-27 18:11:00+00:00,0.9182100296020508,0.9183599948883057,0.9178400039672852,0.9182900190353394,27915.972419302827
2026-01-27 18:12:00+00:00,0.9182900190353394,0.91839998960495,0.9182599782943726,0.9183200001716614,26824.23991364166
2026-01-27 18:13:00+00:00,0.9183200001716614,0.9183300137519836,0.9178000092506409,0.9182400107383728,21585.07064980703
2026-01-27 18:14:00+00:00,0.9182400107383728,0.9183300137519836,0.9182199835777283,0.9182599782943726,24404.657721153235
2026-01-27 18:15:00+00:00,0.9182800054550171,0.9183200001716614,0.9178199768066406,0.9182699918746948,26340.021426189385
2026-01-27 18:16:00+00:00,0.9182500243186951,0.9182999730110168,0.9181699752807617,0.9181900024414062,19730.687264708125
2026-01-27 18:17:00+00:00,0.9181900024414062,0.9182999730110168,0.9177600145339966,0.9182299971580505,24677.11738392435
2026-01-27 18:18:00+00:00,0.9182199835777283,0.9183200001716614,0.9181900024414062,0.9182000160217285,25552.39031173086
2026-01-27 18:19:00+00:00,0.9182000160217285,0.9183200001716614,0.9178299903869629,0.9182299971580505,20661.72816999089
2026-01-27 18:20:00+00:00,0.9182299971580505,0.9183599948883057,0.9182199835777283,0.9183300137519836,21100.57568015613
2026-01-27 18:21:00+00:00,0.9182999730110168,0.91839998960495,0.9178799986839294,0.9183200001716614,24304.25671450194
2026-01-27 18:22:00+00:00,0.9183200001716614,0.9183700084686279,0.9182400107383728,0.9182599782943726,18820.6190569449
2026-01-27 18:23:00+00:00,0.9182400107383728,0.9182999730110168,0.9177700281143188,0.9181600213050842,16972.68386133543
2026-01-27 18:24:00+00:00,0.9181600213050842,0.9182000160217285,0.9180099964141846,0.9180200099945068,15444.206856020066
2026-01-27 18:25:00+00:00,0.9180200099945068,0.9181399941444397,0.9175900220870972,0.9179999828338623,15134.165847595095
2026-01-27 18:26:00+00:00,0.9180099964141846,0.9180999994277954,0.917930006980896,0.9180399775505066,15832.063026266107
2026-01-27 18:27:00+00:00,0.9180200099945068,0.918150007724762,0.9176599979400635,0.9180999994277954,19120.169006492033
2026-01-27 18:28:00+00:00,0.9180799722671509,0.9181299805641174,0.9179999828338623,0.9180799722671509,18741.679263385147
2026-01-27 18:29:00+00:00,0.9180999994277954,0.9181600213050842,0.9176300168037415,0.9180499911308289,16469.92632988844
2026-01-27 18:30:00+00:00,0.9180499911308289,0.9180999994277954,0.9179800152778625,0.9180399775505066,14386.233800620432
2026-01-27 18:31:00+00:00,0.9179999828338623,0.9180300235748291,0.9174699783325195,0.9179400205612183,18022.444073309933
2026-01-27 18:32:00+00:00,0.9179499745368958,0.9180999994277954,0.9179400205612183,0.9179999828338623,19376.36323876661
2026-01-27 18:33:00+00:00,0.9179999828338623,0.9180799722671509,0.9175999760627747,0.9179700016975403,17266.231934832394
2026-01-27 18:34:00+00:00,0.9179700016975403,0.9180700182914734,0.9179400205612183,0.9179400205612183,15056.138614477248
2026-01-27 18:35:00+00:00,0.9179900288581848,0.9181399941444397,0.9176300168037415,0.9180899858474731,12885.517640704618
2026-01-27 18:36:00+00:00,0.9180899858474731,0.9181399941444397,0.9180300235748291,0.9180799722671509,15284.441721601233
2026-01-27 18:37:00+00:00,0.9180799722671509,0.9182400107383728,0.917739987373352,0.9181900024414062,16160.769660834441
2026-01-27 18:38:00+00:00,0.9181900024414062,0.9182500243186951,0.9181600213050842,0.9182100296020508,12973.667285208196
2026-01-27 18:39:00+00:00,0.9181699752807617,0.9182599782943726,0.9177799820899963,0.9182199835777283,9397.492072205012
2026-01-27 18:40:00+00:00,0.9181900024414062,0.9183300137519836,0.9181900024414062,0.9182999730110168,11627.719334037218
2026-01-27 18:41:00+00:00,0.9182599782943726,0.9183499813079834,0.9178400039672852,0.9182800054550171,13340.506053770698
2026-01-27 18:42:00+00:00,0.9182800054550171,0.9182999730110168,0.9181900024414062,0.9182299971580505,10819.74223414595
2026-01-27 18:43:00+00:00,0.9182299971580505,0.9182999730110168,0.9177899956703186,0.9182400107383728,11248.184570052541
2026-01-27 18:44:00+00:00,0.9182400107383728,0.9183400273323059,0.9182400107383728,0.9182999730110168,11268.555616153802
2026-01-27 18:45:00+00:00,0.9183099865913391,0.9183700084686279,0.9178199768066406,0.9182900190353394,8850.781408996221
2026-01-27 18:46:00+00:00,0.9182900190353394,0.9183200001716614,0.9181600213050842,0.918179988861084,8154.842766880861
2026-01-27 18:47:00+00:00,0.9181699752807617,0.9182299971580505,0.917680025100708,0.9181399941444397,14032.145578183843
2026-01-27 18:48:00+00:00,0.9181100130081177,0.9182000160217285,0.9180700182914734,0.9180799722671509,11669.283210008956
2026-01-27 18:49:00+00:00,0.9180999994277954,0.9182299971580505,0.917639970779419,0.9181200265884399,11998.331423312144
2026-01-27 18:50:00+00:00,0.9181299805641174,0.918150007724762,0.9180399775505066,0.9180799722671509,13249.498147119195
2026-01-27 18:51:00+00:00,0.9180399775505066,0.9180999994277954,0.9175800085067749,0.9180600047111511,13356.080841841662
2026-01-27 18:52:00+00:00,0.9180300235748291,0.9180999994277954,0.9179800152778625,0.9179800152778625,12718.491666604388
2026-01-27 18:53:00+00:00,0.9179900288581848,0.9180799722671509,0.9175400137901306,0.9179700016975403,15027.713079327617
2026-01-27 18:54:00+00:00,0.9179700016975403,0.9180600047111511,0.9179499745368958,0.9180499911308289,12406.753205037961
2026-01-27 18:55:00+00:00,0.9180499911308289,0.9181399941444397,0.9176099896430969,0.9180399775505066,16761.036421883986
2026-01-27 18:56:00+00:00,0.9180399775505066,0.9180999994277954,0.9180099964141846,0.9180099964141846,16110.396180153004
2026-01-27 18:57:00+00:00,0.9180099964141846,0.9180999994277954,0.9175999760627747,0.9180399775505066,16923.643986259056
2026-01-27 18:58:00+00:00,0.9180499911308289,0.9180999994277954,0.9179900288581848,0.9180499911308289,14665.002099241037
2026-01-27 18:59:00+00:00,0.9180399775505066,0.9180999994277954,0.9176200032234192,0.9180799722671509,11159.530771942558
2026-01-27 19:00:00+00:00,0.9180499911308289,0.9181399941444397,0.9180499911308289,0.9181399941444397,13977.246098097448
2026-01-27 19:01:00+00:00,0.9180999994277954,0.9182599782943726,0.9177200198173523,0.9182299971580505,11939.02749035401
2026-01-27 19:02:00+00:00,0.9182299971580505,0.9183200001716614,0.9182100296020508,0.9182699918746948,11718.832113199456
2026-01-27 19:03:00+00:00,0.9183200001716614,0.9183200001716614,0.9178299903869629,0.9182500243186951,8743.386551806185
2026-01-27 19:04:00+00:00,0.9182800054550171,0.9182999730110168,0.9181900024414062,0.9182299971580505,7978.336394167522
2026-01-27 19:05:00+00:00,0.9181900024414062,0.9182199835777283,0.9177299737930298,0.918150007724762,7993.9217903046065
2026-01-27 19:06:00+00:00,0.9181600213050842,0.9182000160217285,0.9180700182914734,0.9180700182914734,8004.079574446534
2026-01-27 19:07:00+00:00,0.9180700182914734,0.9181100130081177,0.9176700115203857,0.9180600047111511,6659.170026054862
2026-01-27 19:08:00+00:00,0.9180700182914734,0.9181299805641174,0.9180499911308289,0.9180899858474731,6481.780241833651
2026-01-27 19:09:00+00:00,0.9180799722671509,0.9182000160217285,0.9176999926567078,0.918150007724762,6317.907620108507
2026-01-27 19:10:00+00:00,0.9181399941444397,0.9181600213050842,0.9180600047111511,0.9180600047111511,5685.18096146437
2026-01-27 19:11:00+00:00,0.9180600047111511,0.9181100130081177,0.9176200032234192,0.9180499911308289,5599.528181394731
2026-01-27 19:12:00+00:00,0.9180499911308289,0.9180999994277954,0.9179999828338623,0.9180300235748291,4847.731315507717
2026-01-27 19:13:00+00:00,0.9180399775505066,0.9180999994277954,0.917639970779419,0.9180399775505066,5502.8263919533465
2026-01-27 19:14:00+00:00,0.9180499911308289,0.9180999994277954,0.9179900288581848,0.9180499911308289,4912.958517241492
2026-01-27 19:15:00+00:00,0.9180399775505066,0.9181100130081177,0.9175699949264526,0.9179800152778625,5067.637181626417
2026-01-27 19:16:00+00:00,0.9179800152778625,0.9180200099945068,0.917959988117218,0.9179900288581848,4772.169293288042
2026-01-27 19:17:00+00:00,0.9179800152778625,0.9180399775505066,0.9175400137901306,0.9179900288581848,4580.130594555638
2026-01-27 19:18:00+00:00,0.9179900288581848,0.9180999994277954,0.9179900288581848,0.9180300235748291,4661.143265619885
2026-01-27 19:19:00+00:00,0.9180300235748291,0.9180999994277954,0.9176300168037415,0.9180799722671509,3831.2613590458686
2026-01-27 19:20:00+00:00,0.9180499911308289,0.9181100130081177,0.9180399775505066,0.9180399775505066,1741.1259163914522
2026-01-27 19:21:00+00:00,0.9180399775505066,0.9180999994277954,0.9175900220870972,0.9180499911308289,4078.4619092535554
2026-01-27 19:22:00+00:00,0.9180399775505066,0.9180999994277954,0.917959988117218,0.9179800152778625,4787.290664314616
2026-01-27 19:23:00+00:00,0.9179999828338623,0.9180300235748291,0.9175800085067749,0.9179800152778625,3909.253153463666
2026-01-27 19:24:00+00:00,0.9179900288581848,0.9180200099945068,0.9179499745368958,0.9179999828338623,3121.277848198369
2026-01-27 19:25:00+00:00,0.9180300235748291,0.9180300235748291,0.9174900054931641,0.9179099798202515,4429.967873154119
2026-01-27 19:26:00+00:00,0.9179199934005737,0.9179999828338623,0.917900025844574,0.9179400205612183,3606.5164802218737
2026-01-27 19:27:00+00:00,0.9179400205612183,0.9180200099945068,0.9175300002098083,0.9179900288581848,4708.6038015330505
2026-01-27 19:28:00+00:00,0.9179700016975403,0.9180099964141846,0.917930006980896,0.917959988117218,4322.3864456707015
2026-01-27 19:29:00+00:00,0.917959988117218,0.9179999828338623,0.917460024356842,0.917900025844574,4691.03977915855
2026-01-27 19:30:00+00:00,0.9178699851036072,0.9179099798202515,0.9178199768066406,0.9178400039672852,6177.0715924574615
2026-01-27 19:31:00+00:00,0.9178400039672852,0.917900025844574,0.9173799753189087,0.9178000092506409,5775.0921948762925
2026-01-27 19:32:00+00:00,0.9178100228309631,0.917900025844574,0.9178000092506409,0.9178500175476074,5389.190634158848
2026-01-27 19:33:00+00:00,0.9178500175476074,0.917900025844574,0.9173300266265869,0.9178000092506409,7938.704212821702
2026-01-27 19:34:00+00:00,0.9177799820899963,0.9178199768066406,0.917739987373352,0.9177700281143188,8082.044197970347
2026-01-27 19:35:00+00:00,0.9177700281143188,0.917900025844574,0.9173399806022644,0.9178000092506409,8625.760958988052
2026-01-27 19:36:00+00:00,0.9178000092506409,0.9178199768066406,0.9177500009536743,0.9177799820899963,7477.927549685618
2026-01-27 19:37:00+00:00,0.9177799820899963,0.9178599715232849,0.917389988899231,0.9177700281143188,8225.239391506697
2026-01-27 19:38:00+00:00,0.9177700281143188,0.9178000092506409,0.917739987373352,0.917739987373352,7680.384994441202
2026-01-27 19:39:00+00:00,0.9177799820899963,0.9178599715232849,0.9172700047492981,0.9178000092506409,6684.702580980336
2026-01-27 19:40:00+00:00,0.9178000092506409,0.9178500175476074,0.917739987373352,0.917739987373352,8725.571532247564
2026-01-27 19:41:00+00:00,0.917739987373352,0.9178000092506409,0.9173499941825867,0.9177500009536743,7870.9182323816885
2026-01-27 19:42:00+00:00,0.9177500009536743,0.9178000092506409,0.9176899790763855,0.9177200198173523,7705.749007555986
2026-01-27 19:43:00+00:00,0.9176999926567078,0.9178000092506409,0.9172700047492981,0.9177500009536743,9033.568116178752
2026-01-27 19:44:00+00:00,0.9177299737930298,0.917900025844574,0.9177299737930298,0.9178100228309631,10180.101129276027
2026-01-27 19:45:00+00:00,0.9177899956703186,0.9179199934005737,0.917460024356842,0.9178799986839294,9162.492652066736
2026-01-27 19:46:00+00:00,0.9178900122642517,0.9181100130081177,0.9178799986839294,0.9180999994277954,11556.869285834662
2026-01-27 19:47:00+00:00,0.9180600047111511,0.9181200265884399,0.9175500273704529,0.9180200099945068,9716.462189295293
2026-01-27 19:48:00+00:00,0.9179800152778625,0.9181900024414062,0.9179800152778625,0.9181200265884399,13757.88472685383
2026-01-27 19:49:00+00:00,0.9181200265884399,0.9181699752807617,0.9175599813461304,0.9179999828338623,15346.42056414299
2026-01-27 19:50:00+00:00,0.9179999828338623,0.9180999994277954,0.9179900288581848,0.9180399775505066,14123.90825624238
2026-01-27 19:51:00+00:00,0.9180099964141846,0.9180600047111511,0.9174799919128418,0.9179499745368958,17376.313947259143
2026-01-27 19:52:00+00:00,0.917930006980896,0.917959988117218,0.9178400039672852,0.9178400039672852,16536.04356635769
2026-01-27 19:53:00+00:00,0.9178699851036072,0.917900025844574,0.9173799753189087,0.9178000092506409,17376.774902195397
2026-01-27 19:54:00+00:00,0.9177600145339966,0.9179700016975403,0.9177600145339966,0.9178699851036072,21767.425682376215
2026-01-27 19:55:00+00:00,0.9178799986839294,0.9179999828338623,0.9175000190734863,0.9178799986839294,23477.430348534424
2026-01-27 19:56:00+00:00,0.9178799986839294,0.9179999828338623,0.9178699851036072,0.9178799986839294,22703.94892677338
2026-01-27 19:57:00+00:00,0.9178699851036072,0.9181699752807617,0.9176999926567078,0.9181299805641174,20146.729910596696
2026-01-27 19:58:00+00:00,0.918179988861084,0.9182500243186951,0.9180499911308289,0.9180700182914734,21641.63724867757
2026-01-27 19:59:00+00:00,0.9180700182914734,0.9181600213050842,0.9175900220870972,0.9180300235748291,20132.6730383604
2026-01-27 20:00:00+00:00,0.9180799722671509,0.9181600213050842,0.9180200099945068,0.9180600047111511,20746.329845224787
2026-01-27 20:01:00+00:00,0.9180999994277954,0.9181399941444397,0.9175800085067749,0.917959988117218,19457.893051679617
2026-01-27 20:02:00+00:00,0.917959988117218,0.9182199835777283,0.9179499745368958,0.9181699752807617,24057.741080086384
2026-01-27 20:03:00+00:00,0.9181699752807617,0.9182199835777283,0.9175999760627747,0.9180499911308289,20493.814685944442
2026-01-27 20:04:00+00:00,0.9180200099945068,0.9180600047111511,0.917930006980896,0.9179400205612183,29223.30522356291
2026-01-27 20:05:00+00:00,0.917930006980896,0.9180099964141846,0.9175500273704529,0.9179900288581848,24756.267601789135
2026-01-27 20:06:00+00:00,0.9179800152778625,0.9180099964141846,0.917900025844574,0.9179099798202515,20480.695879725048
2026-01-27 20:07:00+00:00,0.9179099798202515,0.9179999828338623,0.9174399971961975,0.9178699851036072,18538.99166801881
2026-01-27 20:08:00+00:00,0.9178699851036072,0.9179999828338623,0.9178699851036072,0.9179700016975403,19904.241400949235
2026-01-27 20:09:00+00:00,0.9179400205612183,0.9179999828338623,0.9175199866294861,0.9179800152778625,22779.642565050857
2026-01-27 20:10:00+00:00,0.917959988117218,0.9179999828338623,0.9178400039672852,0.9178699851036072,23387.633103298118
2026-01-27 20:11:00+00:00,0.9178500175476074,0.917900025844574,0.9173700213432312,0.9178500175476074,18662.30830607937
2026-01-27 20:12:00+00:00,0.9178199768066406,0.917900025844574,0.9178100228309631,0.9178699851036072,18056.92381157611
2026-01-27 20:13:00+00:00,0.9178400039672852,0.9179099798202515,0.9174200296401978,0.9178500175476074,18121.31254377141
2026-01-27 20:14:00+00:00,0.9178500175476074,0.917900025844574,0.9178000092506409,0.9178299903869629,17117.589546889805
2026-01-27 20:15:00+00:00,0.9178299903869629,0.9179099798202515,0.9174699783325195,0.9179099798202515,14917.409144855583
2026-01-27 20:16:00+00:00,0.9178900122642517,0.9179400205612183,0.9178000092506409,0.9178100228309631,11096.492566950466
2026-01-27 20:17:00+00:00,0.9178299903869629,0.917900025844574,0.9173700213432312,0.9178100228309631,8931.892292970562
2026-01-27 20:18:00+00:00,0.9178100228309631,0.9178500175476074,0.9177600145339966,0.9177899956703186,6615.919002141468
2026-01-27 20:19:00+00:00,0.9177799820899963,0.9178299903869629,0.9172999858856201,0.9176899790763855,10482.901263270998
2026-01-27 20:20:00+00:00,0.9176899790763855,0.9177200198173523,0.9174699783325195,0.9174900054931641,12962.333360679322
2026-01-27 20:21:00+00:00,0.9175199866294861,0.9175999760627747,0.9170699715614319,0.9175000190734863,11396.314154307589
2026-01-27 20:22:00+00:00,0.9175000190734863,0.9176300168037415,0.9174699783325195,0.9174699783325195,12976.590049669867
2026-01-27 20:23:00+00:00,0.9175000190734863,0.9176300168037415,0.9171299934387207,0.9175599813461304,12650.437184350289
2026-01-27 20:24:00+00:00,0.9175300002098083,0.9175999760627747,0.9174399971961975,0.9174699783325195,12892.500068457803
2026-01-27 20:25:00+00:00,0.9174500107765198,0.9175500273704529,0.9170299768447876,0.917389988899231,12817.848946168357
2026-01-27 20:26:00+00:00,0.917389988899231,0.9174200296401978,0.9173300266265869,0.9173399806022644,11868.780233462081
2026-01-27 20:27:00+00:00,0.9173799753189087,0.9175000190734863,0.9169600009918213,0.9173700213432312,13636.457037822172
2026-01-27 20:28:00+00:00,0.917389988899231,0.9174399971961975,0.9173300266265869,0.9173499941825867,15230.527620380322
2026-01-27 20:29:00+00:00,0.9173700213432312,0.9174000024795532,0.9168999791145325,0.9173300266265869,14325.34950650417
2026-01-27 20:30:00+00:00,0.9173300266265869,0.9174200296401978,0.9172999858856201,0.9173700213432312,16750.46995958716
2026-01-27 20:31:00+00:00,0.9174000024795532,0.9175999760627747,0.9171000123023987,0.9175199866294861,12641.411187052205
2026-01-27 20:32:00+00:00,0.9175199866294861,0.917639970779419,0.9174799919128418,0.9176200032234192,16582.4069731929
2026-01-27 20:33:00+00:00,0.9175800085067749,0.917639970779419,0.9170699715614319,0.9175400137901306,17493.890493189203
2026-01-27 20:34:00+00:00,0.9175500273704529,0.9175999760627747,0.9174699783325195,0.9174900054931641,12675.542917790799
2026-01-27 20:35:00+00:00,0.9174900054931641,0.9175999760627747,0.9170799851417542,0.9174900054931641,17304.166032417248
2026-01-27 20:36:00+00:00,0.9174900054931641,0.9175999760627747,0.9174699783325195,0.9175000190734863,15509.441426154206
2026-01-27 20:37:00+00:00,0.9175099730491638,0.9176599979400635,0.9172000288963318,0.9175999760627747,14323.989595629744
2026-01-27 20:38:00+00:00,0.9176499843597412,0.9177500009536743,0.9175999760627747,0.9176999926567078,12938.693478193596
2026-01-27 20:39:00+00:00,0.9177299737930298,0.9178000092506409,0.9173200130462646,0.917739987373352,13406.528300329128
2026-01-27 20:40:00+00:00,0.917739987373352,0.9178199768066406,0.9176999926567078,0.9177700281143188,10265.344093519227
2026-01-27 20:41:00+00:00,0.9177700281143188,0.9178100228309631,0.9173200130462646,0.9177600145339966,12160.772874428993
2026-01-27 20:42:00+00:00,0.9177500009536743,0.9177500009536743,0.917639970779419,0.9176899790763855,10855.780080837687
2026-01-27 20:43:00+00:00,0.9176899790763855,0.9178199768066406,0.9172800183296204,0.9177200198173523,12150.27997343181
2026-01-27 20:44:00+00:00,0.9177200198173523,0.917900025844574,0.9173600077629089,0.9175800085067749,21653.956919177734
2026-01-27 20:45:00+00:00,0.9176200032234192,0.9178900122642517,0.9173700213432312,0.9178000092506409,24379.392300234864
2026-01-27 20:46:00+00:00,0.9178299903869629,0.9178400039672852,0.9166499972343445,0.9171900153160095,45829.57917749824
2026-01-27 20:47:00+00:00,0.9171000123023987,0.9178900122642517,0.9169800281524658,0.9175500273704529,53400.664952888794
2026-01-27 20:48:00+00:00,0.9176899790763855,0.9188500046730042,0.9175500273704529,0.9186599850654602,72318.36676999553
2026-01-27 20:49:00+00:00,0.9185500144958496,0.9188699722290039,0.917959988117218,0.9179700016975403,88502.36622480462
2026-01-27 20:50:00+00:00,0.9179800152778625,0.9183099865913391,0.9175800085067749,0.91771000623703,87087.75147962796
2026-01-27 20:51:00+00:00,0.9178500175476074,0.9179700016975403,0.9170799851417542,0.9175099730491638,91878.1845405897
2026-01-27 20:52:00+00:00,0.9175300002098083,0.9176899790763855,0.9172499775886536,0.9175500273704529,100000.0
2026-01-27 20:53:00+00:00,0.9175500273704529,0.9179199934005737,0.917389988899231,0.91771000623703,99072.05088331431
2026-01-27 20:54:00+00:00,0.9176999926567078,0.9178900122642517,0.9173200130462646,0.9173200130462646,95812.61420152165
2026-01-27 20:55:00+00:00,0.9174100160598755,0.917680025100708,0.9172199964523315,0.9173700213432312,100000.0
2026-01-27 20:56:00+00:00,0.9175000190734863,0.9176599979400635,0.9170600175857544,0.9171500205993652,100000.0
2026-01-27 20:57:00+00:00,0.9171199798583984,0.9175400137901306,0.9170699715614319,0.9175199866294861,91235.28276381888
2026-01-27 20:58:00+00:00,0.9174399971961975,0.917639970779419,0.9173300266265869,0.9175900220870972,85141.94427849032
2026-01-27 20:59:00+00:00,0.9175999760627747,0.9176599979400635,0.9170100092887878,0.9172400236129761,99482.69949345493
2026-01-27 21:00:00+00:00,0.9172000288963318,0.9173600077629089,0.917110025882721,0.9172400236129761,100000.0
2026-01-27 21:01:00+00:00,0.9171800017356873,0.917389988899231,0.9168800115585327,0.9172700047492981,100000.0
2026-01-27 21:02:00+00:00,0.9172400236129761,0.9174299836158752,0.917169988155365,0.9173200130462646,81668.71714928534
2026-01-27 21:03:00+00:00,0.9173499941825867,0.9174000024795532,0.9167900085449219,0.9173399806022644,74044.6713511933
2026-01-27 21:04:00+00:00,0.9172999858856201,0.9173600077629089,0.9171900153160095,0.9172499775886536,58295.77762642864
2026-01-27 21:05:00+00:00,0.9173099994659424,0.9173300266265869,0.9167299866676331,0.9172000288963318,59621.80596814611
2026-01-27 21:06:00+00:00,0.9172400236129761,0.9172999858856201,0.9169899821281433,0.917140007019043,48877.91096461909
2026-01-27 21:07:00+00:00,0.9170699715614319,0.9174000024795532,0.9167799949645996,0.9172400236129761,52073.36965935082
2026-01-27 21:08:00+00:00,0.917169988155365,0.9176700115203857,0.9171299934387207,0.9175400137901306,47961.36227118564
2026-01-27 21:09:00+00:00,0.9175400137901306,0.9176499843597412,0.9171000123023987,0.9174299836158752,44250.67109953469
2026-01-27 21:10:00+00:00,0.9174200296401978,0.9174500107765198,0.9172999858856201,0.9173600077629089,43352.927171351774
2026-01-27 21:11:00+00:00,0.9173399806022644,0.9175300002098083,0.9170100092887878,0.9174299836158752,43385.19691711139
2026-01-27 21:12:00+00:00,0.917389988899231,0.9175500273704529,0.9173799753189087,0.9174100160598755,42424.896549521116
2026-01-27 21:13:00+00:00,0.9174200296401978,0.917639970779419,0.917140007019043,0.9175500273704529,39027.41856023438
2026-01-27 21:14:00+00:00,0.9175599813461304,0.9176899790763855,0.9175199866294861,0.9175599813461304,38337.89612658041
2026-01-27 21:15:00+00:00,0.9175599813461304,0.9175999760627747,0.9170299768447876,0.9174900054931641,32658.949490611958
2026-01-27 21:16:00+00:00,0.9174699783325195,0.9175999760627747,0.9173600077629089,0.9174399971961975,37486.72588239147
2026-01-27 21:17:00+00:00,0.9173700213432312,0.9175000190734863,0.9170200228691101,0.9173600077629089,29504.324211906816
2026-01-27 21:18:00+00:00,0.917389988899231,0.9174299836158752,0.9171599745750427,0.9172000288963318,38651.12079383118
2026-01-27 21:19:00+00:00,0.917169988155365,0.9172099828720093,0.9167299866676331,0.9171599745750427,30957.205374569017
2026-01-27 21:20:00+00:00,0.917140007019043,0.9172099828720093,0.9169399738311768,0.916949987411499,35153.3666159567
2026-01-27 21:21:00+00:00,0.9170100092887878,0.9171000123023987,0.9165499806404114,0.9169899821281433,32205.386392087705
2026-01-27 21:22:00+00:00,0.9169300198554993,0.917110025882721,0.9168699979782104,0.9169099926948547,23902.082956363265
2026-01-27 21:23:00+00:00,0.9169600009918213,0.9169999957084656,0.9165400266647339,0.9169300198554993,23070.6488801329
2026-01-27 21:24:00+00:00,0.916949987411499,0.9169999957084656,0.9167900085449219,0.9168199896812439,24607.346016574476
2026-01-27 21:25:00+00:00,0.9168199896812439,0.916949987411499,0.916379988193512,0.9167600274085999,33085.102842954155
2026-01-27 21:26:00+00:00,0.9168000221252441,0.916949987411499,0.9167600274085999,0.9167900085449219,28805.417163065016
2026-01-27 21:27:00+00:00,0.9168400168418884,0.9169700145721436,0.9164900183677673,0.9168800115585327,25931.21176030725
2026-01-27 21:28:00+00:00,0.9168599843978882,0.9169099926948547,0.9167900085449219,0.9168300032615662,24757.61009063254
2026-01-27 21:29:00+00:00,0.9167900085449219,0.9169099926948547,0.9164000153541565,0.9167400002479553,26003.08801063667
2026-01-27 21:30:00+00:00,0.9168099761009216,0.9168400168418884,0.9167299866676331,0.9167500138282776,25341.10512766419
2026-01-27 21:31:00+00:00,0.9167500138282776,0.9168599843978882,0.9164000153541565,0.9168300032615662,23583.262723378564
2026-01-27 21:32:00+00:00,0.9167699813842773,0.9168999791145325,0.9165599942207336,0.9168000221252441,18960.429491409224
2026-01-27 21:33:00+00:00,0.9167299866676331,0.9168699979782104,0.9163600206375122,0.9167500138282776,20040.361013221667
2026-01-27 21:34:00+00:00,0.9167199730873108,0.9168699979782104,0.9166799783706665,0.9168099761009216,22475.519110870046
2026-01-27 21:35:00+00:00,0.9168400168418884,0.9168999791145325,0.9162799715995789,0.9167400002479553,27238.15705604249
2026-01-27 21:36:00+00:00,0.9167699813842773,0.9168000221252441,0.9165800213813782,0.9167299866676331,19095.94297200126
2026-01-27 21:37:00+00:00,0.9166899919509888,0.9168499708175659,0.9163299798965454,0.9167900085449219,28264.070883705688
2026-01-27 21:38:00+00:00,0.9167600274085999,0.916920006275177,0.9167600274085999,0.9168999791145325,22915.71835744165
2026-01-27 21:39:00+00:00,0.9168499708175659,0.916949987411499,0.9162300229072571,0.9165999889373779,28342.79264310268
2026-01-27 21:40:00+00:00,0.9165999889373779,0.916700005531311,0.9165700078010559,0.9166499972343445,27247.02405537825
2026-01-27 21:41:00+00:00,0.9165700078010559,0.9167100191116333,0.9162799715995789,0.9166300296783447,24777.259724424715
2026-01-27 21:42:00+00:00,0.9166300296783447,0.9168000221252441,0.9165599942207336,0.916670024394989,23843.658441400778
2026-01-27 21:43:00+00:00,0.916670024394989,0.9167100191116333,0.9161800146102905,0.9166300296783447,30591.557623689725
2026-01-27 21:44:00+00:00,0.9166300296783447,0.9167100191116333,0.9163900017738342,0.9164900183677673,29328.16697673543
2026-01-27 21:45:00+00:00,0.9164000153541565,0.9166100025177002,0.9160100221633911,0.9164100289344788,22871.00753481373
2026-01-27 21:46:00+00:00,0.9164100289344788,0.9166600108146667,0.9164000153541565,0.9165099859237671,35096.501518612
2026-01-27 21:47:00+00:00,0.9165099859237671,0.9168800115585327,0.916379988193512,0.9167600274085999,31137.401780934673
2026-01-27 21:48:00+00:00,0.9166799783706665,0.9168000221252441,0.9165700078010559,0.9167100191116333,35111.13323596803
2026-01-27 21:49:00+00:00,0.9166300296783447,0.9168000221252441,0.9162700176239014,0.9166200160980225,34654.57135061917
2026-01-27 21:50:00+00:00,0.9166100025177002,0.9168300032615662,0.9165899753570557,0.9166799783706665,32265.681371380128
2026-01-27 21:51:00+00:00,0.9166899919509888,0.9167900085449219,0.9163200259208679,0.9167299866676331,30794.35000164914
2026-01-27 21:52:00+00:00,0.9166899919509888,0.916890025138855,0.9166499972343445,0.9167799949645996,28708.86496208544
2026-01-27 21:53:00+00:00,0.9167799949645996,0.9171000123023987,0.9165899753570557,0.916949987411499,29190.88226769441
2026-01-27 21:54:00+00:00,0.916949987411499,0.9171000123023987,0.9168499708175659,0.9168499708175659,33296.20484671757
2026-01-27 21:55:00+00:00,0.9168499708175659,0.9170399904251099,0.9164800047874451,0.9168000221252441,33489.766512344126
2026-01-27 21:56:00+00:00,0.9168000221252441,0.9169399738311768,0.916700005531311,0.9167699813842773,26840.258660280422
2026-01-27 21:57:00+00:00,0.9167699813842773,0.9168999791145325,0.9161800146102905,0.916450023651123,36194.547383455356
2026-01-27 21:58:00+00:00,0.916450023651123,0.9167699813842773,0.916130006313324,0.916450023651123,45230.72122934424
2026-01-27 21:59:00+00:00,0.916450023651123,0.9166600108146667,0.9159700274467468,0.9159700274467468,42219.263645825544
2026-01-27 22:00:00+00:00,0.9165199995040894,0.9165300130844116,0.9162999987602234,0.9165300130844116,56796.40653475516
2026-01-27 22:01:00+00:00,0.9165499806404114,0.9165999889373779,0.9164100289344788,0.9164100289344788,47524.49204240155
2026-01-27 22:02:00+00:00,0.9165400266647339,0.9165999889373779,0.9164999723434448,0.9164999723434448,44395.90930164223
2026-01-27 22:03:00+00:00,0.9165999889373779,0.9165999889373779,0.9165599942207336,0.9165599942207336,36709.170777537365
2026-01-27 22:04:00+00:00,0.9167400002479553,0.9167400002479553,0.9165999889373779,0.9165999889373779,31386.033653038812
2026-01-27 22:05:00+00:00,0.9165999889373779,0.9166600108146667,0.9165999889373779,0.9166600108146667,24819.1181055884
2026-01-27 22:06:00+00:00,0.9165999889373779,0.9168400168418884,0.9165099859237671,0.9166600108146667,28165.48980581802
2026-01-27 22:07:00+00:00,0.9167799949645996,0.9167799949645996,0.916379988193512,0.9165199995040894,28556.641080701116
2026-01-27 22:08:00+00:00,0.9163600206375122,0.9165800213813782,0.9163600206375122,0.9164999723434448,22471.30672603183
2026-01-27 22:09:00+00:00,0.9164999723434448,0.9165899753570557,0.9164400100708008,0.9164400100708008,18131.911967729273
2026-01-27 22:10:00+00:00,0.9164299964904785,0.9165700078010559,0.9164299964904785,0.9165400266647339,15585.159299309402
2026-01-27 22:11:00+00:00,0.9164999723434448,0.9165899753570557,0.9163699746131897,0.9165199995040894,3322.5976945872912
2026-01-27 22:12:00+00:00,0.9164299964904785,0.9166600108146667,0.9164199829101562,0.9165800213813782,1000.0
2026-01-27 22:13:00+00:00,0.9164999723434448,0.9165999889373779,0.9162399768829346,0.9162399768829346,1141.3357230647089
2026-01-27 22:14:00+00:00,0.9165300130844116,0.9165300130844116,0.9164199829101562,0.9164299964904785,1000.0
2026-01-27 22:15:00+00:00,0.9164299964904785,0.9165899753570557,0.9163500070571899,0.9163500070571899,1047.8635606712578
2026-01-27 22:16:00+00:00,0.9164299964904785,0.9165999889373779,0.9163600206375122,0.9164400100708008,1025.4729080518935
2026-01-27 22:17:00+00:00,0.9164299964904785,0.9165199995040894,0.9161999821662903,0.9164800047874451,1137.7207173749136
2026-01-27 22:18:00+00:00,0.9164800047874451,0.9167600274085999,0.9164400100708008,0.9165800213813782,1100.5470384273822
2026-01-27 22:19:00+00:00,0.9164800047874451,0.9168400168418884,0.9163299798965454,0.9164800047874451,1476.495119624918
2026-01-27 22:20:00+00:00,0.9164999723434448,0.9168599843978882,0.916450023651123,0.9165499806404114,3604.509365829863
2026-01-27 22:21:00+00:00,0.9164800047874451,0.9165999889373779,0.9163100123405457,0.9165499806404114,1082.0792565642353
2026-01-27 22:22:00+00:00,0.9165599942207336,0.9165999889373779,0.916450023651123,0.9165400266647339,1000.0
2026-01-27 22:23:00+00:00,0.9165999889373779,0.9165999889373779,0.9164400100708008,0.9165499806404114,1012.9507766946444
2026-01-27 22:24:00+00:00,0.916450023651123,0.9168199896812439,0.916450023651123,0.9164800047874451,3983.3013478113953
2026-01-27 22:25:00+00:00,0.9164800047874451,0.9169099926948547,0.9164599776268005,0.9165499806404114,11321.677119855138
2026-01-27 22:26:00+00:00,0.9164800047874451,0.9168699979782104,0.9164299964904785,0.9164800047874451,11684.814570363458
2026-01-27 22:27:00+00:00,0.9164800047874451,0.9168999791145325,0.916450023651123,0.916450023651123,14765.445957329483
2026-01-27 22:28:00+00:00,0.9164800047874451,0.916890025138855,0.9164400100708008,0.9164400100708008,19104.21129114991
2026-01-27 22:29:00+00:00,0.9165999889373779,0.916890025138855,0.916379988193512,0.9164800047874451,25455.756820947416
2026-01-27 22:30:00+00:00,0.9164800047874451,0.916920006275177,0.9164400100708008,0.9164800047874451,29343.497065922937
2026-01-27 22:31:00+00:00,0.9164800047874451,0.9169800281524658,0.9164299964904785,0.9165800213813782,36248.3145700173
2026-01-27 22:32:00+00:00,0.9166300296783447,0.917110025882721,0.916450023651123,0.9164800047874451,37071.95572487776
2026-01-27 22:33:00+00:00,0.9164800047874451,0.917169988155365,0.9164199829101562,0.9168699979782104,51739.19464341442
2026-01-27 22:34:00+00:00,0.9168699979782104,0.9171599745750427,0.9163200259208679,0.9164299964904785,59619.84491884653
2026-01-27 22:35:00+00:00,0.9165999889373779,0.9169600009918213,0.9164199829101562,0.9164800047874451,51477.02035038888
2026-01-27 22:36:00+00:00,0.9167799949645996,0.9170200228691101,0.9163500070571899,0.9164299964904785,76762.10042428314
2026-01-27 22:37:00+00:00,0.9167400002479553,0.9168499708175659,0.9163600206375122,0.9167100191116333,76938.35300404076
2026-01-27 22:38:00+00:00,0.9168300032615662,0.9168499708175659,0.9163500070571899,0.9164299964904785,89337.71418936206
2026-01-27 22:39:00+00:00,0.9164299964904785,0.9168800115585327,0.9161700010299683,0.9162499904632568,82929.21565655181
2026-01-27 22:40:00+00:00,0.9162499904632568,0.9168499708175659,0.916130006313324,0.9164299964904785,87238.00356820007
2026-01-27 22:41:00+00:00,0.9164299964904785,0.9168499708175659,0.9161700010299683,0.9164299964904785,100000.0
2026-01-27 22:42:00+00:00,0.9164299964904785,0.9168499708175659,0.9161800146102905,0.9164299964904785,100000.0
2026-01-27 22:43:00+00:00,0.9164299964904785,0.916920006275177,0.9161499738693237,0.916159987449646,90453.05012705798
2026-01-27 22:44:00+00:00,0.9168400168418884,0.9168499708175659,0.9161499738693237,0.9166399836540222,98529.17375902714
2026-01-27 22:45:00+00:00,0.9164199829101562,0.9171299934387207,0.9162200093269348,0.9166799783706665,100000.0
2026-01-27 22:46:00+00:00,0.916700005531311,0.9171500205993652,0.9161999821662903,0.9165199995040894,79995.00313269703
2026-01-27 22:47:00+00:00,0.9165599942207336,0.9171500205993652,0.9162099957466125,0.9166799783706665,100000.0
2026-01-27 22:48:00+00:00,0.9164299964904785,0.9171500205993652,0.9163600206375122,0.9163600206375122,100000.0
2026-01-27 22:49:00+00:00,0.9163600206375122,0.9166399836540222,0.916159987449646,0.9165300130844116,100000.0
2026-01-27 22:50:00+00:00,0.9164000153541565,0.9165499806404114,0.9162200093269348,0.9164900183677673,100000.0
2026-01-27 22:51:00+00:00,0.9162300229072571,0.9165700078010559,0.9160799980163574,0.9162499904632568,100000.0
2026-01-27 22:52:00+00:00,0.916379988193512,0.9166499972343445,0.9161800146102905,0.9164299964904785,93070.30463727722
2026-01-27 22:53:00+00:00,0.9165899753570557,0.9171800017356873,0.9161900281906128,0.9169999957084656,95590.15476642252
2026-01-27 22:54:00+00:00,0.9169999957084656,0.9172700047492981,0.9161700010299683,0.9165599942207336,86562.16572190817
2026-01-27 22:55:00+00:00,0.9165899753570557,0.9165899753570557,0.9164599776268005,0.9164999723434448,87288.60797760768
2026-01-27 22:56:00+00:00,0.9164599776268005,0.916700005531311,0.9164100289344788,0.9164100289344788,88141.21142500204
2026-01-27 22:57:00+00:00,0.9164100289344788,0.916700005531311,0.9164100289344788,0.9164299964904785,100000.0
2026-01-27 22:58:00+00:00,0.9164800047874451,0.916700005531311,0.9164299964904785,0.9164299964904785,93958.9511608084
2026-01-27 22:59:00+00:00,0.9164299964904785,0.9165999889373779,0.9164299964904785,0.916450023651123,89607.68358607059
2026-01-27 23:00:00+00:00,0.9164299964904785,0.9170399904251099,0.9162099957466125,0.9167400002479553,76068.57315067983
2026-01-27 23:01:00+00:00,0.9167400002479553,0.9169999957084656,0.9165599942207336,0.9169899821281433,61952.89439953915
2026-01-27 23:02:00+00:00,0.9168099761009216,0.9171000123023987,0.916670024394989,0.9167400002479553,57457.70054785937
2026-01-27 23:03:00+00:00,0.9166899919509888,0.9168400168418884,0.9162499904632568,0.9165099859237671,51481.121669960594
2026-01-27 23:04:00+00:00,0.9165400266647339,0.9165899753570557,0.916450023651123,0.9165899753570557,55015.20883643265
2026-01-27 23:05:00+00:00,0.9165700078010559,0.916700005531311,0.9161999821662903,0.9166200160980225,57931.40360438358
2026-01-27 23:06:00+00:00,0.9165199995040894,0.9167699813842773,0.9164000153541565,0.9165999889373779,50478.91888602889
2026-01-27 23:07:00+00:00,0.9165999889373779,0.9167600274085999,0.9162799715995789,0.9166100025177002,46931.5930567743
2026-01-27 23:08:00+00:00,0.9166100025177002,0.9168000221252441,0.9165199995040894,0.9166899919509888,29587.336388822747
2026-01-27 23:09:00+00:00,0.9166899919509888,0.9168000221252441,0.9163699746131897,0.9167199730873108,33652.1753190082
2026-01-27 23:10:00+00:00,0.9167100191116333,0.916890025138855,0.916670024394989,0.9167500138282776,29456.09052656306
2026-01-27 23:11:00+00:00,0.9167500138282776,0.9168499708175659,0.9164000153541565,0.9167699813842773,33727.814027672815
2026-01-27 23:12:00+00:00,0.9168099761009216,0.9169300198554993,0.9167799949645996,0.9168000221252441,29254.832124694283
2026-01-27 23:13:00+00:00,0.9168599843978882,0.9169300198554993,0.9164199829101562,0.9168199896812439,40663.759684244185
2026-01-27 23:14:00+00:00,0.9167699813842773,0.9168999791145325,0.9167400002479553,0.9167400002479553,26116.874874170004
2026-01-27 23:15:00+00:00,0.9167900085449219,0.9168400168418884,0.9163500070571899,0.9167100191116333,29083.232932954248
2026-01-27 23:16:00+00:00,0.9167600274085999,0.9168400168418884,0.9166499972343445,0.9168000221252441,26870.33127199532
2026-01-27 23:17:00+00:00,0.9167199730873108,0.9168400168418884,0.9163100123405457,0.916670024394989,18611.639297869307
2026-01-27 23:18:00+00:00,0.9167299866676331,0.9169300198554993,0.9166399836540222,0.9167799949645996,22167.6167657954
2026-01-27 23:19:00+00:00,0.9168000221252441,0.9168800115585327,0.9164000153541565,0.9167500138282776,23960.417306272124
2026-01-27 23:20:00+00:00,0.9168300032615662,0.9169099926948547,0.9167199730873108,0.9168199896812439,18599.089841478883
2026-01-27 23:21:00+00:00,0.9167199730873108,0.9169300198554993,0.9164400100708008,0.9167600274085999,20627.019535124015
2026-01-27 23:22:00+00:00,0.9167500138282776,0.9169099926948547,0.9167500138282776,0.9167799949645996,17991.10767759609
2026-01-27 23:23:00+00:00,0.9167799949645996,0.916920006275177,0.9165400266647339,0.9168000221252441,18503.316909440862
2026-01-27 23:24:00+00:00,0.9168800115585327,0.9170200228691101,0.9168000221252441,0.9169700145721436,16143.437134955511
2026-01-27 23:25:00+00:00,0.9169700145721436,0.9170500040054321,0.9165999889373779,0.9170100092887878,13924.066203898721
2026-01-27 23:26:00+00:00,0.9170299768447876,0.9170600175857544,0.9168599843978882,0.9169800281524658,18982.17214284231
2026-01-27 23:27:00+00:00,0.9169800281524658,0.9170500040054321,0.9166600108146667,0.9169999957084656,14646.110919673305
2026-01-27 23:28:00+00:00,0.9170200228691101,0.9171000123023987,0.9168800115585327,0.9170399904251099,14130.201296400612
2026-01-27 23:29:00+00:00,0.9169999957084656,0.9171000123023987,0.9165999889373779,0.9169999957084656,15257.808336261085
2026-01-27 23:30:00+00:00,0.9169999957084656,0.9171299934387207,0.9169800281524658,0.917110025882721,16541.938961134645
2026-01-27 23:31:00+00:00,0.9170600175857544,0.9171900153160095,0.9167299866676331,0.9171299934387207,13835.329935609088
2026-01-27 23:32:00+00:00,0.9171299934387207,0.9172000288963318,0.9170799851417542,0.9171800017356873,11708.992612247575
2026-01-27 23:33:00+00:00,0.917140007019043,0.9172300100326538,0.9167500138282776,0.917169988155365,9747.282465345916
2026-01-27 23:34:00+00:00,0.917169988155365,0.9174000024795532,0.9171199798583984,0.9173499941825867,13033.995748051722
2026-01-27 23:35:00+00:00,0.9173399806022644,0.9173799753189087,0.9166899919509888,0.9171599745750427,17891.48629844989
2026-01-27 23:36:00+00:00,0.9171599745750427,0.9172999858856201,0.9171000123023987,0.9172599911689758,18391.088065438616
2026-01-27 23:37:00+00:00,0.9172099828720093,0.9174500107765198,0.9169300198554993,0.9174200296401978,18873.37268028461
2026-01-27 23:38:00+00:00,0.9174000024795532,0.9174399971961975,0.9172899723052979,0.9173099994659424,15661.710734364817
2026-01-27 23:39:00+00:00,0.9173099994659424,0.9173700213432312,0.9168999791145325,0.9173200130462646,22064.6384110628
2026-01-27 23:40:00+00:00,0.9173200130462646,0.9174000024795532,0.9172999858856201,0.9173300266265869,18976.871965885442
2026-01-27 23:41:00+00:00,0.9173300266265869,0.9173700213432312,0.9168800115585327,0.9172499775886536,18608.895013242833
2026-01-27 23:42:00+00:00,0.9172599911689758,0.9172999858856201,0.9171800017356873,0.9172000288963318,17349.88337588899
2026-01-27 23:43:00+00:00,0.9172000288963318,0.9173099994659424,0.9168699979782104,0.9172700047492981,13005.702597711195
2026-01-27 23:44:00+00:00,0.9172700047492981,0.9172999858856201,0.9172000288963318,0.9172199964523315,15909.790827892997
2026-01-27 23:45:00+00:00,0.9172199964523315,0.9173200130462646,0.9168099761009216,0.9172300100326538,14189.458395806454
2026-01-27 23:46:00+00:00,0.9172300100326538,0.9172999858856201,0.917169988155365,0.9172199964523315,14597.78205200927
2026-01-27 23:47:00+00:00,0.9172199964523315,0.9172999858856201,0.9167400002479553,0.9171599745750427,16749.823188240476
2026-01-27 23:48:00+00:00,0.9171599745750427,0.9172199964523315,0.9168800115585327,0.916890025138855,16980.56727439762
2026-01-27 23:49:00+00:00,0.9168800115585327,0.9172199964523315,0.9167299866676331,0.9171000123023987,13288.140068308843
2026-01-27 23:50:00+00:00,0.9171000123023987,0.9171500205993652,0.9170299768447876,0.9171299934387207,15094.816300025741
2026-01-27 23:51:00+00:00,0.9170899987220764,0.9171599745750427,0.9167299866676331,0.917110025882721,9674.406886571722
2026-01-27 23:52:00+00:00,0.9171599745750427,0.9172099828720093,0.9170699715614319,0.9171299934387207,9243.848607550544
2026-01-27 23:53:00+00:00,0.9171199798583984,0.9172300100326538,0.9167400002479553,0.917169988155365,10095.315039266065
2026-01-27 23:54:00+00:00,0.917169988155365,0.9172199964523315,0.9171199798583984,0.9171800017356873,12979.142183553695
2026-01-27 23:55:00+00:00,0.9171599745750427,0.9171900153160095,0.9166399836540222,0.9170200228691101,12100.926615714243
2026-01-27 23:56:00+00:00,0.9170200228691101,0.9171000123023987,0.9169399738311768,0.9170299768447876,13079.280784405933
2026-01-27 23:57:00+00:00,0.9170299768447876,0.9171000123023987,0.9166200160980225,0.9170100092887878,14001.627023406432
2026-01-27 23:58:00+00:00,0.9170100092887878,0.9172000288963318,0.9170100092887878,0.9170799851417542,16501.37538043694
2026-01-28 00:00:00+00:00,0.917140007019043,0.9172999858856201,0.9171299934387207,0.9171599745750427,9531.892189208918
2026-01-28 00:01:00+00:00,0.917169988155365,0.9172400236129761,0.9167199730873108,0.9172000288963318,17645.045334595146
2026-01-28 00:02:00+00:00,0.9171900153160095,0.9172499775886536,0.9170500040054321,0.9170600175857544,12395.580126677592
2026-01-28 00:03:00+00:00,0.917110025882721,0.917169988155365,0.9166899919509888,0.9171500205993652,12667.688983061038
2026-01-28 00:04:00+00:00,0.9171500205993652,0.9172999858856201,0.9170899987220764,0.9171199798583984,8824.174696038808
2026-01-28 00:05:00+00:00,0.9171000123023987,0.9172599911689758,0.9167799949645996,0.9172000288963318,16924.633211018572
2026-01-28 00:06:00+00:00,0.9172000288963318,0.9173700213432312,0.9171299934387207,0.917169988155365,9880.154232856607
2026-01-28 00:07:00+00:00,0.9171299934387207,0.9172300100326538,0.9167100191116333,0.9171900153160095,20477.36124611077
2026-01-28 00:08:00+00:00,0.9171599745750427,0.9172599911689758,0.917140007019043,0.9171900153160095,12352.07805774604
2026-01-28 00:09:00+00:00,0.9171900153160095,0.9173700213432312,0.9168800115585327,0.9173200130462646,19340.370428270697
2026-01-28 00:10:00+00:00,0.9172800183296204,0.9174000024795532,0.9172400236129761,0.9173300266265869,11200.771182300921
2026-01-28 00:11:00+00:00,0.9173300266265869,0.9174000024795532,0.9168699979782104,0.9172800183296204,15588.587259645437
2026-01-28 00:12:00+00:00,0.9172800183296204,0.9172999858856201,0.9171599745750427,0.9172400236129761,10274.285236444644
2026-01-28 00:13:00+00:00,0.9172400236129761,0.9173200130462646,0.9168400168418884,0.9172899723052979,20256.65060965143
2026-01-28 00:14:00+00:00,0.9172700047492981,0.9173499941825867,0.9172300100326538,0.9172599911689758,16182.161952360417
2026-01-28 00:15:00+00:00,0.9172700047492981,0.9174900054931641,0.9170500040054321,0.9174399971961975,16519.964479804472
2026-01-28 00:16:00+00:00,0.9174399971961975,0.9175199866294861,0.9174000024795532,0.9174200296401978,13328.514414427837
2026-01-28 00:17:00+00:00,0.9174200296401978,0.9175099730491638,0.9169800281524658,0.9173799753189087,12054.886626573318
2026-01-28 00:18:00+00:00,0.9174200296401978,0.9174900054931641,0.9172499775886536,0.9173099994659424,13685.299724878641
2026-01-28 00:19:00+00:00,0.9172800183296204,0.9173499941825867,0.9168599843978882,0.9172599911689758,13987.10525324071
2026-01-28 00:20:00+00:00,0.9172599911689758,0.9174299836158752,0.9172599911689758,0.9173799753189087,13343.124120636805
2026-01-28 00:21:00+00:00,0.9173499941825867,0.9174399971961975,0.916920006275177,0.9173799753189087,11279.335703838302
2026-01-28 00:22:00+00:00,0.9173799753189087,0.9174900054931641,0.9172800183296204,0.9174100160598755,16586.61730030261
2026-01-28 00:23:00+00:00,0.9174299836158752,0.9175099730491638,0.9170799851417542,0.9174500107765198,10454.523493008057
2026-01-28 00:24:00+00:00,0.9174799919128418,0.9175699949264526,0.9174500107765198,0.9174799919128418,12839.999299533982
2026-01-28 00:25:00+00:00,0.9174900054931641,0.9175300002098083,0.9170500040054321,0.9175000190734863,11460.904580032766
2026-01-28 00:26:00+00:00,0.917460024356842,0.9175300002098083,0.9174399971961975,0.9175099730491638,11407.376431170725
2026-01-28 00:27:00+00:00,0.9174900054931641,0.9176499843597412,0.9171800017356873,0.9176200032234192,12768.096684855354
2026-01-28 00:28:00+00:00,0.9175999760627747,0.917680025100708,0.9174900054931641,0.9176300168037415,13512.419666564401
2026-01-28 00:29:00+00:00,0.9175800085067749,0.9176300168037415,0.9170399904251099,0.9175000190734863,18224.5843825509
2026-01-28 00:30:00+00:00,0.9174900054931641,0.9175400137901306,0.9170699715614319,0.9172400236129761,21578.445512231083
2026-01-28 00:31:00+00:00,0.917169988155365,0.9174000024795532,0.9168400168418884,0.9173099994659424,19741.413422764814
2026-01-28 00:32:00+00:00,0.9173499941825867,0.9175099730491638,0.9172999858856201,0.9174699783325195,18052.698747617687
2026-01-28 00:33:00+00:00,0.9174699783325195,0.9175999760627747,0.9170600175857544,0.9175199866294861,23286.052389885594
2026-01-28 00:34:00+00:00,0.9174799919128418,0.9176499843597412,0.917460024356842,0.9175400137901306,25951.8283562103
2026-01-28 00:35:00+00:00,0.9175400137901306,0.9176999926567078,0.917169988155365,0.9175699949264526,23879.809209878702
2026-01-28 00:36:00+00:00,0.9175800085067749,0.917680025100708,0.9175500273704529,0.9176300168037415,26558.14108721258
2026-01-28 00:37:00+00:00,0.9176300168037415,0.9177299737930298,0.9171800017356873,0.9176200032234192,22193.107351129212
2026-01-28 00:38:00+00:00,0.9176300168037415,0.9176599979400635,0.9175000190734863,0.917639970779419,23311.76640610247
2026-01-28 00:39:00+00:00,0.9175999760627747,0.917639970779419,0.9170299768447876,0.9174200296401978,31727.037139395903
2026-01-28 00:40:00+00:00,0.9174399971961975,0.9175400137901306,0.9174100160598755,0.9174699783325195,26661.28930770666
2026-01-28 00:41:00+00:00,0.9174699783325195,0.9176200032234192,0.9171800017356873,0.9175099730491638,28872.099679040544
2026-01-28 00:42:00+00:00,0.9175099730491638,0.9175999760627747,0.9174799919128418,0.9175900220870972,27590.30840699972
2026-01-28 00:43:00+00:00,0.9175500273704529,0.9176200032234192,0.9171500205993652,0.9175500273704529,26517.13465998478
2026-01-28 00:44:00+00:00,0.9175500273704529,0.9175999760627747,0.9174500107765198,0.9175099730491638,18168.349410290994
2026-01-28 00:45:00+00:00,0.9174900054931641,0.9175199866294861,0.9169300198554993,0.9173700213432312,18304.817358327866
2026-01-28 00:46:00+00:00,0.9173300266265869,0.9175000190734863,0.9173200130462646,0.9175000190734863,19923.84528562023
2026-01-28 00:47:00+00:00,0.9175000190734863,0.9175199866294861,0.9169899821281433,0.9174399971961975,19482.667906441493
2026-01-28 00:48:00+00:00,0.9174399971961975,0.9175500273704529,0.9174100160598755,0.9175300002098083,18862.816777986525
2026-01-28 00:49:00+00:00,0.9175000190734863,0.9175999760627747,0.9170399904251099,0.9174699783325195,17899.665600582026
2026-01-28 00:50:00+00:00,0.9174399971961975,0.9175000190734863,0.9173499941825867,0.9173700213432312,23798.34606781578
2026-01-28 00:51:00+00:00,0.9174000024795532,0.9174100160598755,0.9168400168418884,0.9172700047492981,20326.46091276253
2026-01-28 00:52:00+00:00,0.9172899723052979,0.9174399971961975,0.9172099828720093,0.917389988899231,19023.086223992505
2026-01-28 00:53:00+00:00,0.9174299836158752,0.9175000190734863,0.9169800281524658,0.9173499941825867,15391.311375430041
2026-01-28 00:54:00+00:00,0.9173499941825867,0.9174500107765198,0.9172199964523315,0.9172999858856201,16449.880097004345
2026-01-28 00:55:00+00:00,0.9172700047492981,0.9175099730491638,0.9170399904251099,0.9174500107765198,21101.65635400293
2026-01-28 00:56:00+00:00,0.9174500107765198,0.9175500273704529,0.9173499941825867,0.9173799753189087,19587.42184446863
2026-01-28 00:57:00+00:00,0.9173600077629089,0.9175000190734863,0.9170299768447876,0.9174500107765198,24962.381612082627
2026-01-28 00:58:00+00:00,0.9174500107765198,0.917639970779419,0.9174200296401978,0.9175099730491638,22682.788615461217
2026-01-28 00:59:00+00:00,0.9175199866294861,0.9176700115203857,0.9171800017356873,0.917639970779419,19207.56742480228
2026-01-28 01:00:00+00:00,0.9176499843597412,0.9176999926567078,0.9175199866294861,0.9176200032234192,18343.265976662533
2026-01-28 01:01:00+00:00,0.9176200032234192,0.9177600145339966,0.9172499775886536,0.9176899790763855,26043.575305073336
2026-01-28 01:02:00+00:00,0.9176899790763855,0.9177500009536743,0.9175900220870972,0.9176599979400635,19926.00574347753
2026-01-28 01:03:00+00:00,0.9176599979400635,0.9176899790763855,0.9171500205993652,0.9176200032234192,23349.463898702757
2026-01-28 01:04:00+00:00,0.9175800085067749,0.9176499843597412,0.9175599813461304,0.9175900220870972,20813.344812533305
2026-01-28 01:05:00+00:00,0.9175699949264526,0.917680025100708,0.9171599745750427,0.9175300002098083,17186.523283322436
2026-01-28 01:06:00+00:00,0.9175300002098083,0.9175999760627747,0.9174100160598755,0.9175800085067749,16229.374178027809
2026-01-28 01:07:00+00:00,0.9175800085067749,0.917639970779419,0.917169988155365,0.9175900220870972,16397.65499625962
2026-01-28 01:08:00+00:00,0.9175800085067749,0.9177700281143188,0.9175800085067749,0.917739987373352,20297.412516590066
2026-01-28 01:09:00+00:00,0.9177600145339966,0.9178000092506409,0.9172300100326538,0.9176899790763855,18839.50353420632
2026-01-28 01:10:00+00:00,0.9176700115203857,0.9177700281143188,0.9176499843597412,0.917739987373352,18846.61115332976
2026-01-28 01:11:00+00:00,0.91771000623703,0.9178599715232849,0.9173700213432312,0.9178299903869629,17642.201228230664
2026-01-28 01:12:00+00:00,0.9178299903869629,0.9179199934005737,0.9178199768066406,0.9178400039672852,15598.133157646354
2026-01-28 01:13:00+00:00,0.9178400039672852,0.9180200099945068,0.9175400137901306,0.9180099964141846,14612.00328746598
2026-01-28 01:14:00+00:00,0.9179900288581848,0.9180200099945068,0.9177899956703186,0.9178199768066406,18049.982713709698
2026-01-28 01:15:00+00:00,0.9178299903869629,0.9179999828338623,0.9175300002098083,0.917959988117218,17218.943345149037
2026-01-28 01:16:00+00:00,0.917930006980896,0.9179999828338623,0.9178299903869629,0.9179499745368958,14329.872977140121
2026-01-28 01:17:00+00:00,0.917930006980896,0.9179999828338623,0.9174900054931641,0.9179099798202515,14278.895529438914
2026-01-28 01:18:00+00:00,0.917959988117218,0.917959988117218,0.9178400039672852,0.9178799986839294,14975.869916393303
2026-01-28 01:19:00+00:00,0.9178599715232849,0.9179999828338623,0.9175099730491638,0.9178900122642517,17128.158194517433
2026-01-28 01:20:00+00:00,0.9178900122642517,0.9181399941444397,0.9178900122642517,0.9180300235748291,14917.589974511777
2026-01-28 01:21:00+00:00,0.9180300235748291,0.9182400107383728,0.9177299737930298,0.918150007724762,16168.4904733333
2026-01-28 01:22:00+00:00,0.9181200265884399,0.9182299971580505,0.9180700182914734,0.918150007724762,16480.019091734244
2026-01-28 01:23:00+00:00,0.9181399941444397,0.9183800220489502,0.917900025844574,0.9183499813079834,13753.717573829083
2026-01-28 01:24:00+00:00,0.9183800220489502,0.9184399843215942,0.9182800054550171,0.9183599948883057,14547.896573707367
2026-01-28 01:25:00+00:00,0.9183200001716614,0.9183700084686279,0.9178799986839294,0.9183200001716614,16125.780995201134
2026-01-28 01:26:00+00:00,0.9182900190353394,0.918429970741272,0.9182900190353394,0.9182900190353394,17556.02014469161
2026-01-28 01:27:00+00:00,0.9183200001716614,0.9183700084686279,0.9178400039672852,0.9182400107383728,15984.83184349577
2026-01-28 01:28:00+00:00,0.9182299971580505,0.9183700084686279,0.9182299971580505,0.9183300137519836,13323.026598545235
2026-01-28 01:29:00+00:00,0.9183200001716614,0.91839998960495,0.9179199934005737,0.9183800220489502,16358.754355032783
2026-01-28 01:30:00+00:00,0.9183499813079834,0.918429970741272,0.9182599782943726,0.9182599782943726,14119.129464141584
2026-01-28 01:31:00+00:00,0.9182599782943726,0.9183499813079834,0.9177200198173523,0.9182199835777283,16449.918189686705
2026-01-28 01:32:00+00:00,0.9182299971580505,0.9182500243186951,0.9180799722671509,0.9181100130081177,15421.059113736543
2026-01-28 01:33:00+00:00,0.9180700182914734,0.9181699752807617,0.9175999760627747,0.9180700182914734,19524.09418141533
2026-01-28 01:34:00+00:00,0.9180499911308289,0.9181699752807617,0.9180300235748291,0.9181399941444397,19173.067746726847
2026-01-28 01:35:00+00:00,0.9181399941444397,0.9182000160217285,0.9176899790763855,0.918150007724762,17670.081061744982
2026-01-28 01:36:00+00:00,0.9181900024414062,0.9181900024414062,0.9179400205612183,0.9179999828338623,20707.836354059884
2026-01-28 01:37:00+00:00,0.9180099964141846,0.9181100130081177,0.917639970779419,0.9180999994277954,19160.685581224905
2026-01-28 01:38:00+00:00,0.9180799722671509,0.9182000160217285,0.9180300235748291,0.9181699752807617,17627.810682210325
2026-01-28 01:39:00+00:00,0.9181600213050842,0.9182100296020508,0.9176499843597412,0.9180799722671509,21378.927032277523
2026-01-28 01:40:00+00:00,0.9180700182914734,0.9181100130081177,0.917959988117218,0.9179999828338623,18951.72412045987
2026-01-28 01:41:00+00:00,0.9180300235748291,0.9181200265884399,0.9176300168037415,0.9179999828338623,19970.923589489958
2026-01-28 01:42:00+00:00,0.9179999828338623,0.9180999994277954,0.9179400205612183,0.9179900288581848,19239.672407407732
2026-01-28 01:43:00+00:00,0.9180099964141846,0.9180999994277954,0.9175800085067749,0.9179499745368958,24201.647457345443
2026-01-28 01:44:00+00:00,0.9179400205612183,0.9180600047111511,0.917930006980896,0.9180099964141846,22460.801231846835
2026-01-28 01:45:00+00:00,0.917959988117218,0.9180999994277954,0.9175500273704529,0.9180099964141846,24059.886047198444
2026-01-28 01:46:00+00:00,0.9179800152778625,0.9181200265884399,0.917959988117218,0.9180700182914734,21747.567602356936
2026-01-28 01:47:00+00:00,0.9180799722671509,0.9181399941444397,0.9176200032234192,0.9180600047111511,20399.68304409492
2026-01-28 01:48:00+00:00,0.9180999994277954,0.9182000160217285,0.9180600047111511,0.918150007724762,18284.06595900567
2026-01-28 01:49:00+00:00,0.9182000160217285,0.9182599782943726,0.9177799820899963,0.9181699752807617,16229.778952845476
2026-01-28 01:50:00+00:00,0.9181699752807617,0.9183200001716614,0.918150007724762,0.9182699918746948,16713.192733744698
2026-01-28 01:51:00+00:00,0.9182699918746948,0.91839998960495,0.9178699851036072,0.9182999730110168,18566.12025192769
2026-01-28 01:52:00+00:00,0.9182999730110168,0.91839998960495,0.9182500243186951,0.9182999730110168,17018.530892352617
2026-01-28 01:53:00+00:00,0.9182900190353394,0.9183599948883057,0.9178799986839294,0.9183200001716614,15862.114789243515
2026-01-28 01:54:00+00:00,0.9182999730110168,0.9183300137519836,0.9182299971580505,0.9182699918746948,16583.410710659547
2026-01-28 01:55:00+00:00,0.9182500243186951,0.91839998960495,0.9178900122642517,0.9183400273323059,17836.137865971712
2026-01-28 01:56:00+00:00,0.9183099865913391,0.91839998960495,0.9182699918746948,0.9182999730110168,13476.961928435065
2026-01-28 01:57:00+00:00,0.9182999730110168,0.91839998960495,0.9178900122642517,0.9183200001716614,12432.368736896973
2026-01-28 01:58:00+00:00,0.9183200001716614,0.9184399843215942,0.9182999730110168,0.9183800220489502,13662.22951807753
2026-01-28 01:59:00+00:00,0.9183800220489502,0.9185000061988831,0.9179099798202515,0.9183700084686279,16389.616161981034
2026-01-28 02:00:00+00:00,0.9183700084686279,0.9185100197792053,0.9183499813079834,0.9183800220489502,17339.436260377675
2026-01-28 02:01:00+00:00,0.9183499813079834,0.91839998960495,0.9179199934005737,0.9183499813079834,14335.658550034377
2026-01-28 02:02:00+00:00,0.9183700084686279,0.918429970741272,0.9183200001716614,0.9183700084686279,12754.993128711832
2026-01-28 02:03:00+00:00,0.9183300137519836,0.9184499979019165,0.9179800152778625,0.9183899760246277,11823.249249004972
2026-01-28 02:04:00+00:00,0.9183599948883057,0.9186499714851379,0.9183200001716614,0.9186000227928162,15895.354902600719
2026-01-28 02:05:00+00:00,0.9185699820518494,0.9186699986457825,0.9181900024414062,0.9186699986457825,15961.320521218822
2026-01-28 02:06:00+00:00,0.9186300039291382,0.9186800122261047,0.9185299873352051,0.9186699986457825,15851.248830907583
2026-01-28 02:07:00+00:00,0.9186199903488159,0.9187099933624268,0.9182000160217285,0.9186199903488159,16278.533548127689
2026-01-28 02:08:00+00:00,0.9186499714851379,0.9186999797821045,0.9185600280761719,0.9185799956321716,17971.624265183127
2026-01-28 02:09:00+00:00,0.9185900092124939,0.9186999797821045,0.9181900024414062,0.9186599850654602,18975.96089681538
2026-01-28 02:10:00+00:00,0.9186400175094604,0.9187399744987488,0.9185799956321716,0.9186699986457825,17293.716480458497
2026-01-28 02:11:00+00:00,0.9186699986457825,0.9187999963760376,0.9182800054550171,0.918720006942749,15939.077366683765
2026-01-28 02:12:00+00:00,0.9186800122261047,0.9187999963760376,0.9186400175094604,0.9186800122261047,19632.08782155698
2026-01-28 02:13:00+00:00,0.9186699986457825,0.9187999963760376,0.9182699918746948,0.9186800122261047,13772.450473971567
2026-01-28 02:14:00+00:00,0.9186800122261047,0.9187999963760376,0.9186300039291382,0.9187399744987488,18478.22036266095
2026-01-28 02:15:00+00:00,0.918720006942749,0.9187300205230713,0.9182100296020508,0.9186400175094604,20318.34753742585
2026-01-28 02:16:00+00:00,0.9186499714851379,0.9186999797821045,0.9184499979019165,0.9184899926185608,20240.34469211192
2026-01-28 02:17:00+00:00,0.9185000061988831,0.9185699820518494,0.9180099964141846,0.9184600114822388,23251.47678315825
2026-01-28 02:18:00+00:00,0.9184600114822388,0.9185000061988831,0.9183300137519836,0.9183499813079834,14896.04783223808
2026-01-28 02:19:00+00:00,0.9183700084686279,0.9185100197792053,0.9180099964141846,0.9185000061988831,20497.00533977968
2026-01-28 02:20:00+00:00,0.9184499979019165,0.9185199737548828,0.9184100031852722,0.9184399843215942,18117.64162357927
2026-01-28 02:21:00+00:00,0.9184799790382385,0.9186000227928162,0.9180899858474731,0.9185000061988831,20388.99029703577
2026-01-28 02:22:00+00:00,0.9185199737548828,0.9185500144958496,0.9184399843215942,0.9185400009155273,19314.119416512374
2026-01-28 02:23:00+00:00,0.9184799790382385,0.9186000227928162,0.9180700182914734,0.9185500144958496,18846.741477196698
2026-01-28 02:24:00+00:00,0.9185000061988831,0.9186000227928162,0.9184499979019165,0.9185500144958496,21230.09165976241
2026-01-28 02:25:00+00:00,0.918470025062561,0.9185699820518494,0.9180799722671509,0.9185400009155273,17026.520943359534
2026-01-28 02:26:00+00:00,0.9185299873352051,0.9186000227928162,0.91839998960495,0.9184100031852722,18054.04641943023
2026-01-28 02:27:00+00:00,0.9184100031852722,0.9185100197792053,0.9179900288581848,0.91839998960495,22495.70509269738
2026-01-28 02:28:00+00:00,0.91839998960495,0.9185000061988831,0.9183499813079834,0.9183700084686279,16511.138084261434
2026-01-28 02:29:00+00:00,0.918429970741272,0.9185000061988831,0.9178900122642517,0.9183300137519836,20471.455829396626
2026-01-28 02:30:00+00:00,0.9183300137519836,0.91839998960495,0.9182500243186951,0.9182699918746948,15829.523449357435
2026-01-28 02:31:00+00:00,0.9183300137519836,0.91839998960495,0.917930006980896,0.9183200001716614,15094.219310830049
2026-01-28 02:32:00+00:00,0.9183300137519836,0.91839998960495,0.9182800054550171,0.9183300137519836,14106.440225524064
2026-01-28 02:33:00+00:00,0.9183099865913391,0.91839998960495,0.9178900122642517,0.9183200001716614,15955.812527085985
2026-01-28 02:34:00+00:00,0.9183200001716614,0.9184100031852722,0.9182999730110168,0.9183300137519836,18522.047551902902
2026-01-28 02:35:00+00:00,0.9183300137519836,0.91839998960495,0.9178400039672852,0.9182900190353394,15628.15029425247
2026-01-28 02:36:00+00:00,0.9182500243186951,0.91839998960495,0.9182500243186951,0.9183200001716614,16968.020885416314
2026-01-28 02:37:00+00:00,0.9182900190353394,0.9184100031852722,0.9178900122642517,0.9183800220489502,17274.386257749546
2026-01-28 02:38:00+00:00,0.9183800220489502,0.9184200167655945,0.9183300137519836,0.9183599948883057,14261.64492207639
2026-01-28 02:39:00+00:00,0.9183599948883057,0.91839998960495,0.9178900122642517,0.9183099865913391,14709.622531852783
2026-01-28 02:40:00+00:00,0.9183599948883057,0.91839998960495,0.9182900190353394,0.9183300137519836,13867.821273991904
2026-01-28 02:41:00+00:00,0.9182999730110168,0.91839998960495,0.9178699851036072,0.9183599948883057,15886.82319562506
2026-01-28 02:42:00+00:00,0.9183099865913391,0.91839998960495,0.9182900190353394,0.9183400273323059,14967.874373547036
2026-01-28 02:43:00+00:00,0.9183400273323059,0.9184100031852722,0.9179400205612183,0.91839998960495,9821.66539897739
2026-01-28 02:44:00+00:00,0.9183599948883057,0.918429970741272,0.9183599948883057,0.91839998960495,9227.328914724803
2026-01-28 02:45:00+00:00,0.9183899760246277,0.9185000061988831,0.9179700016975403,0.91839998960495,10390.751395297984
2026-01-28 02:46:00+00:00,0.91839998960495,0.9184200167655945,0.9183300137519836,0.9183499813079834,9984.418607629386
2026-01-28 02:47:00+00:00,0.9183499813079834,0.91839998960495,0.9179099798202515,0.9183400273323059,8117.015192838066
2026-01-28 02:48:00+00:00,0.9183400273323059,0.91839998960495,0.9183200001716614,0.9183200001716614,8191.285542782835
2026-01-28 02:49:00+00:00,0.9183200001716614,0.91839998960495,0.917900025844574,0.9183300137519836,6870.732616825625
2026-01-28 02:50:00+00:00,0.9183300137519836,0.91839998960495,0.9182999730110168,0.9183599948883057,5387.248595865678
2026-01-28 02:51:00+00:00,0.9183599948883057,0.91839998960495,0.917930006980896,0.9183599948883057,5616.914446615697
2026-01-28 02:52:00+00:00,0.9183499813079834,0.9184200167655945,0.9183400273323059,0.9183800220489502,4463.694287813463
2026-01-28 02:53:00+00:00,0.9183899760246277,0.9184200167655945,0.917959988117218,0.9183800220489502,4025.024633263182
2026-01-28 02:54:00+00:00,0.9183800220489502,0.918470025062561,0.9183700084686279,0.918429970741272,3272.874879898952
2026-01-28 02:55:00+00:00,0.918429970741272,0.9184499979019165,0.9180099964141846,0.9184200167655945,1943.2082243440116
2026-01-28 02:56:00+00:00,0.9184200167655945,0.9185000061988831,0.91839998960495,0.9184200167655945,1683.6680277018916
2026-01-28 02:57:00+00:00,0.918429970741272,0.918429970741272,0.9179400205612183,0.9183700084686279,1877.134158812898
2026-01-28 02:58:00+00:00,0.9183700084686279,0.9184399843215942,0.9183499813079834,0.9184200167655945,2827.2056735376796
2026-01-28 02:59:00+00:00,0.91839998960495,0.9184499979019165,0.9179499745368958,0.9183599948883057,1748.5251212295366
2026-01-28 03:00:00+00:00,0.9183599948883057,0.91839998960495,0.9183300137519836,0.9183700084686279,1352.7521860741917
2026-01-28 03:01:00+00:00,0.9183599948883057,0.91839998960495,0.9179199934005737,0.9183700084686279,1000.0
2026-01-28 03:02:00+00:00,0.9183700084686279,0.91839998960495,0.9183400273323059,0.9183499813079834,1050.0256687577423
2026-01-28 03:03:00+00:00,0.9183499813079834,0.9185000061988831,0.9179800152778625,0.9184200167655945,1060.8939169511987
2026-01-28 03:04:00+00:00,0.9184200167655945,0.9184399843215942,0.9183499813079834,0.91839998960495,1000.0
2026-01-28 03:05:00+00:00,0.9183800220489502,0.9185000061988831,0.9179900288581848,0.918429970741272,1446.4829908845009
2026-01-28 03:06:00+00:00,0.918429970741272,0.9185000061988831,0.9184200167655945,0.9184399843215942,1901.1851277196288
2026-01-28 03:07:00+00:00,0.9184399843215942,0.9185000061988831,0.9179999828338623,0.91839998960495,1714.5638931314902
2026-01-28 03:08:00+00:00,0.91839998960495,0.9184200167655945,0.9183400273323059,0.9183400273323059,1970.3060697340727
2026-01-28 03:09:00+00:00,0.9183899760246277,0.91839998960495,0.917930006980896,0.9183599948883057,2694.9842808192425
2026-01-28 03:10:00+00:00,0.9183599948883057,0.9184200167655945,0.9183400273323059,0.91839998960495,2266.302793351215
2026-01-28 03:11:00+00:00,0.91839998960495,0.9184100031852722,0.9183700084686279,0.9183899760246277,1029.6055014148787
2026-01-28 03:12:00+00:00,0.9183800220489502,0.9184499979019165,0.9183700084686279,0.9184100031852722,1177.1128247895235
2026-01-28 03:13:00+00:00,0.91839998960495,0.9184499979019165,0.9179800152778625,0.918429970741272,1193.9896175639385
2026-01-28 03:14:00+00:00,0.918429970741272,0.9185699820518494,0.918429970741272,0.9185400009155273,1023.2758052520652
2026-01-28 03:15:00+00:00,0.9185299873352051,0.9186000227928162,0.9181100130081177,0.9184799790382385,1053.4965166366426
2026-01-28 03:16:00+00:00,0.9184799790382385,0.9186199903488159,0.9184499979019165,0.9186000227928162,1000.0
2026-01-28 03:17:00+00:00,0.9186000227928162,0.9186199903488159,0.9180399775505066,0.918470025062561,1000.0
2026-01-28 03:18:00+00:00,0.918470025062561,0.9185500144958496,0.9184600114822388,0.9184899926185608,1000.0
2026-01-28 03:19:00+00:00,0.9184899926185608,0.9185299873352051,0.9180600047111511,0.918470025062561,1000.0
2026-01-28 03:20:00+00:00,0.9184600114822388,0.9185199737548828,0.9184399843215942,0.9184899926185608,1008.9516263715201
2026-01-28 03:21:00+00:00,0.9184799790382385,0.9185000061988831,0.9180200099945068,0.9184200167655945,1000.0
2026-01-28 03:22:00+00:00,0.9184200167655945,0.9184499979019165,0.9183899760246277,0.918429970741272,1035.8026925526838
2026-01-28 03:23:00+00:00,0.9184100031852722,0.9185000061988831,0.9180300235748291,0.9184600114822388,1000.0
2026-01-28 03:24:00+00:00,0.9184600114822388,0.9185000061988831,0.9184200167655945,0.9184600114822388,1000.0
2026-01-28 03:25:00+00:00,0.9184600114822388,0.9185000061988831,0.9179900288581848,0.9184399843215942,5514.171571579303
2026-01-28 03:26:00+00:00,0.9184399843215942,0.9185000061988831,0.9184200167655945,0.9184200167655945,4849.852917913416
2026-01-28 03:27:00+00:00,0.9184200167655945,0.9185000061988831,0.9179999828338623,0.9184399843215942,6398.40615203194
2026-01-28 03:28:00+00:00,0.9184200167655945,0.9185000061988831,0.9183700084686279,0.9184100031852722,5593.400652798658
2026-01-28 03:29:00+00:00,0.9184200167655945,0.9185000061988831,0.9180499911308289,0.9184499979019165,4317.805472800095
2026-01-28 03:30:00+00:00,0.9184499979019165,0.9185000061988831,0.9183899760246277,0.9184499979019165,3635.137762479927
2026-01-28 03:31:00+00:00,0.918429970741272,0.9185000061988831,0.9179499745368958,0.9184499979019165,3217.2438836924152
2026-01-28 03:32:00+00:00,0.9184499979019165,0.9184600114822388,0.91839998960495,0.918429970741272,2679.737141285795
2026-01-28 03:33:00+00:00,0.918429970741272,0.9186199903488159,0.918150007724762,0.9186199903488159,2543.1393792054564
2026-01-28 03:34:00+00:00,0.9186000227928162,0.9186400175094604,0.9185199737548828,0.9185299873352051,2772.6239588667327
2026-01-28 03:35:00+00:00,0.9185400009155273,0.9186000227928162,0.9180899858474731,0.9185299873352051,3620.738947858013
2026-01-28 03:36:00+00:00,0.9185299873352051,0.9186000227928162,0.9185000061988831,0.9185900092124939,4866.470722965937
2026-01-28 03:37:00+00:00,0.9185799956321716,0.9186999797821045,0.9181900024414062,0.9186000227928162,6076.983176291665
2026-01-28 03:38:00+00:00,0.9186000227928162,0.9186999797821045,0.9185799956321716,0.9186300039291382,6700.160075359087
2026-01-28 03:39:00+00:00,0.9186300039291382,0.9187099933624268,0.9182199835777283,0.9186199903488159,6713.7679748253895
2026-01-28 03:40:00+00:00,0.9186199903488159,0.9187099933624268,0.9186199903488159,0.9186800122261047,7394.241364826197
2026-01-28 03:41:00+00:00,0.9186699986457825,0.918720006942749,0.9182699918746948,0.9186699986457825,6910.0617312201175
2026-01-28 03:42:00+00:00,0.9186699986457825,0.9186999797821045,0.9185799956321716,0.9186300039291382,5629.843491797045
2026-01-28 03:43:00+00:00,0.9186199903488159,0.9186999797821045,0.9182000160217285,0.9186499714851379,6502.119733897649
2026-01-28 03:44:00+00:00,0.9186400175094604,0.9186999797821045,0.9186099767684937,0.9186599850654602,5091.0355920682605
2026-01-28 03:45:00+00:00,0.9186400175094604,0.9186999797821045,0.918179988861084,0.9186400175094604,4542.052083357194
2026-01-28 03:46:00+00:00,0.9186400175094604,0.9186999797821045,0.9186199903488159,0.9186599850654602,6227.230814252932
2026-01-28 03:47:00+00:00,0.9186699986457825,0.918749988079071,0.9182000160217285,0.9186699986457825,7242.537758820064
2026-01-28 03:48:00+00:00,0.9186300039291382,0.9186999797821045,0.9186300039291382,0.9186599850654602,6207.800334772232
2026-01-28 03:49:00+00:00,0.9186599850654602,0.918720006942749,0.9182999730110168,0.9186999797821045,4611.342723691623
2026-01-28 03:50:00+00:00,0.9186699986457825,0.9187700152397156,0.9186499714851379,0.9186499714851379,4669.342632758154
2026-01-28 03:51:00+00:00,0.9186499714851379,0.9186999797821045,0.9182100296020508,0.9186300039291382,4025.160027121473
2026-01-28 03:52:00+00:00,0.9186300039291382,0.9186999797821045,0.9186300039291382,0.9186499714851379,3104.7795044412424
2026-01-28 03:53:00+00:00,0.9186499714851379,0.9186999797821045,0.918179988861084,0.9186000227928162,4009.643718702644
2026-01-28 03:54:00+00:00,0.9185799956321716,0.9186999797821045,0.9185799956321716,0.9186400175094604,4864.286120298262
2026-01-28 03:55:00+00:00,0.9186300039291382,0.9186499714851379,0.9181299805641174,0.9185600280761719,6472.582097083342
2026-01-28 03:56:00+00:00,0.9185799956321716,0.9186300039291382,0.9185600280761719,0.9185699820518494,5844.799956000937
2026-01-28 03:57:00+00:00,0.9185900092124939,0.9186300039291382,0.918179988861084,0.9186000227928162,3873.7224419151576
2026-01-28 03:58:00+00:00,0.9185799956321716,0.9186300039291382,0.9185600280761719,0.9186000227928162,3204.6254270465233
2026-01-28 03:59:00+00:00,0.9186000227928162,0.9186300039291382,0.9181399941444397,0.9185600280761719,2844.8409820070337
2026-01-28 04:00:00+00:00,0.9185900092124939,0.9186199903488159,0.9185500144958496,0.9185500144958496,2452.02036562593
2026-01-28 04:01:00+00:00,0.9185500144958496,0.9186300039291382,0.9180799722671509,0.9185400009155273,2326.2164858214737
2026-01-28 04:02:00+00:00,0.9184899926185608,0.9186000227928162,0.9184100031852722,0.9184100031852722,4906.701067899895
2026-01-28 04:03:00+00:00,0.9184100031852722,0.918470025062561,0.9179199934005737,0.9183300137519836,9063.467480201745
2026-01-28 04:04:00+00:00,0.9183499813079834,0.91839998960495,0.9183099865913391,0.9183499813079834,7885.476356800845
2026-01-28 04:05:00+00:00,0.9183499813079834,0.91839998960495,0.9179400205612183,0.9183599948883057,6625.153341710131
2026-01-28 04:06:00+00:00,0.9183499813079834,0.91839998960495,0.9182999730110168,0.9183599948883057,6711.013995549889
2026-01-28 04:07:00+00:00,0.9183400273323059,0.91839998960495,0.9178699851036072,0.9183099865913391,7322.743589849375
2026-01-28 04:08:00+00:00,0.9182900190353394,0.91839998960495,0.9182699918746948,0.9183599948883057,6584.684414709047
2026-01-28 04:09:00+00:00,0.9183400273323059,0.91839998960495,0.9179199934005737,0.9183499813079834,7749.8538421423145
2026-01-28 04:10:00+00:00,0.9183400273323059,0.91839998960495,0.9183099865913391,0.9183200001716614,7317.359018350608
2026-01-28 04:11:00+00:00,0.9183400273323059,0.9184100031852722,0.917959988117218,0.9183800220489502,7650.192605139119
2026-01-28 04:12:00+00:00,0.9183800220489502,0.9186099767684937,0.9183499813079834,0.9185400009155273,10737.742291171073
2026-01-28 04:13:00+00:00,0.9185400009155273,0.9186000227928162,0.9181200265884399,0.9185299873352051,8765.412601011827
2026-01-28 04:14:00+00:00,0.9185100197792053,0.9186000227928162,0.9185100197792053,0.9185500144958496,11470.71672061692
2026-01-28 04:15:00+00:00,0.9185500144958496,0.9186000227928162,0.9180600047111511,0.918429970741272,10149.521768647423
2026-01-28 04:16:00+00:00,0.918429970741272,0.9185299873352051,0.9184200167655945,0.9184899926185608,9659.563554459404
2026-01-28 04:17:00+00:00,0.9184799790382385,0.9185000061988831,0.9180600047111511,0.918470025062561,6699.420589287772
2026-01-28 04:18:00+00:00,0.9184499979019165,0.9185000061988831,0.918429970741272,0.9184399843215942,7325.023904683647
2026-01-28 04:19:00+00:00,0.9184499979019165,0.9185000061988831,0.9179999828338623,0.9184600114822388,8158.124001813404
2026-01-28 04:20:00+00:00,0.918429970741272,0.9185000061988831,0.9183599948883057,0.9183899760246277,7981.30352377452
2026-01-28 04:21:00+00:00,0.9183800220489502,0.9184399843215942,0.9179800152778625,0.9183899760246277,6385.081608771074
2026-01-28 04:22:00+00:00,0.9183899760246277,0.9185000061988831,0.9183800220489502,0.918429970741272,5301.430488932645
2026-01-28 04:23:00+00:00,0.9184399843215942,0.9185000061988831,0.9180099964141846,0.918470025062561,7459.107269999562
2026-01-28 04:24:00+00:00,0.918470025062561,0.9185000061988831,0.9184600114822388,0.918470025062561,5251.3622117624145
2026-01-28 04:25:00+00:00,0.918470025062561,0.9185000061988831,0.9180300235748291,0.9184799790382385,6436.838972685634
2026-01-28 04:26:00+00:00,0.9184799790382385,0.9185400009155273,0.918429970741272,0.918470025062561,3314.7228160817463
2026-01-28 04:27:00+00:00,0.9184600114822388,0.9185199737548828,0.9180700182914734,0.9185000061988831,2763.6585820854457
2026-01-28 04:28:00+00:00,0.918470025062561,0.9186000227928162,0.9184399843215942,0.9185400009155273,4434.580142741891
2026-01-28 04:29:00+00:00,0.9185400009155273,0.9186000227928162,0.9181200265884399,0.9185299873352051,2913.0047686138746
2026-01-28 04:30:00+00:00,0.9185299873352051,0.9186000227928162,0.9185299873352051,0.9185699820518494,1864.7684154242731
2026-01-28 04:31:00+00:00,0.9185699820518494,0.9186199903488159,0.9181200265884399,0.9185900092124939,3470.5597631162905
2026-01-28 04:32:00+00:00,0.9185699820518494,0.9186099767684937,0.9185400009155273,0.9186099767684937,3055.50264406918
2026-01-28 04:33:00+00:00,0.9186000227928162,0.9186300039291382,0.9181399941444397,0.9185900092124939,2909.642267835271
2026-01-28 04:34:00+00:00,0.9186000227928162,0.9186199903488159,0.9185600280761719,0.9186199903488159,1142.770196076544
2026-01-28 04:35:00+00:00,0.9186000227928162,0.9186099767684937,0.9181299805641174,0.9185799956321716,1914.6211160230012
2026-01-28 04:36:00+00:00,0.9185699820518494,0.9186000227928162,0.9185600280761719,0.9185699820518494,1028.2562583054294
2026-01-28 04:37:00+00:00,0.9185699820518494,0.9186000227928162,0.9180999994277954,0.9185400009155273,1000.0
2026-01-28 04:38:00+00:00,0.9185400009155273,0.9185500144958496,0.9184399843215942,0.9184399843215942,1820.5457394052114
2026-01-28 04:39:00+00:00,0.9184399843215942,0.9185000061988831,0.9179700016975403,0.91839998960495,3316.594352921413
2026-01-28 04:40:00+00:00,0.91839998960495,0.9185000061988831,0.9183599948883057,0.9183599948883057,3692.4386703865644
2026-01-28 04:41:00+00:00,0.9183700084686279,0.918429970741272,0.9179800152778625,0.9183899760246277,4422.9191124154795
2026-01-28 04:42:00+00:00,0.91839998960495,0.9185000061988831,0.9183800220489502,0.91839998960495,2889.8657814169183
2026-01-28 04:44:00+00:00,0.9183499813079834,0.91839998960495,0.9183400273323059,0.9183599948883057,1000.0
2026-01-28 04:45:00+00:00,0.9183599948883057,0.91839998960495,0.9179199934005737,0.9183700084686279,3260.0863316310365
2026-01-28 04:46:00+00:00,0.9183700084686279,0.91839998960495,0.9183200001716614,0.9183700084686279,1240.8538197596476
2026-01-28 04:47:00+00:00,0.9183400273323059,0.91839998960495,0.9179099798202515,0.9183499813079834,2538.176983644201
2026-01-28 04:48:00+00:00,0.9183700084686279,0.9184200167655945,0.9183300137519836,0.9183899760246277,1000.0
2026-01-28 04:49:00+00:00,0.9183800220489502,0.9185000061988831,0.9180499911308289,0.9184499979019165,2395.040034948636
2026-01-28 04:50:00+00:00,0.9184600114822388,0.9185299873352051,0.918429970741272,0.9184799790382385,1123.1987798633195
2026-01-28 04:51:00+00:00,0.9184799790382385,0.9185000061988831,0.917959988117218,0.9183800220489502,5061.05318305013
2026-01-28 04:52:00+00:00,0.9183899760246277,0.9184200167655945,0.9183300137519836,0.9183400273323059,1199.8233569689837
2026-01-28 04:53:00+00:00,0.9183400273323059,0.91839998960495,0.9178500175476074,0.9182599782943726,5201.88412277451
2026-01-28 04:54:00+00:00,0.9182999730110168,0.9183099865913391,0.9182400107383728,0.9182599782943726,1134.1880670160208
2026-01-28 04:55:00+00:00,0.9182599782943726,0.9182999730110168,0.9177799820899963,0.9182299971580505,2995.982092918811
2026-01-28 04:56:00+00:00,0.9182199835777283,0.9182999730110168,0.9182000160217285,0.9182199835777283,1119.492668063115
2026-01-28 04:57:00+00:00,0.9182100296020508,0.9182299971580505,0.9177600145339966,0.9181600213050842,3762.8934510643585
2026-01-28 04:58:00+00:00,0.9181600213050842,0.9182999730110168,0.918150007724762,0.9182500243186951,4918.429559079638
2026-01-28 04:59:00+00:00,0.9182500243186951,0.9182999730110168,0.9178000092506409,0.9182100296020508,5629.367581307167
2026-01-28 05:00:00+00:00,0.9182100296020508,0.9182299971580505,0.918150007724762,0.918179988861084,5175.693590729326
2026-01-28 05:01:00+00:00,0.918179988861084,0.9182100296020508,0.9176599979400635,0.9179499745368958,6980.319334063863
2026-01-28 05:02:00+00:00,0.917959988117218,0.9180200099945068,0.9176099896430969,0.91771000623703,15445.5361286041
2026-01-28 05:03:00+00:00,0.91771000623703,0.9178900122642517,0.91771000623703,0.9178199768066406,9083.28268754709
2026-01-28 05:04:00+00:00,0.918179988861084,0.918429970741272,0.918179988861084,0.9182599782943726,19837.72848546969
2026-01-28 05:05:00+00:00,0.9182199835777283,0.9182500243186951,0.9175300002098083,0.9178699851036072,24763.8365621765
2026-01-28 05:06:00+00:00,0.9178699851036072,0.9179499745368958,0.9177799820899963,0.9179400205612183,26287.808083982505
2026-01-28 05:07:00+00:00,0.917930006980896,0.9182599782943726,0.9177200198173523,0.9181399941444397,23247.298200423815
2026-01-28 05:08:00+00:00,0.918150007724762,0.9181600213050842,0.9180200099945068,0.9180600047111511,26523.992670356434
2026-01-28 05:09:00+00:00,0.9180799722671509,0.9180999994277954,0.9176300168037415,0.9180799722671509,30144.227018398706
2026-01-28 05:10:00+00:00,0.9180899858474731,0.9181200265884399,0.9180300235748291,0.9180499911308289,23549.572713059537
2026-01-28 05:11:00+00:00,0.9180799722671509,0.9181299805641174,0.917680025100708,0.9180999994277954,27508.998827749147
2026-01-28 05:12:00+00:00,0.9180799722671509,0.9181200265884399,0.9179999828338623,0.9180399775505066,27459.29555665768
2026-01-28 05:13:00+00:00,0.9180399775505066,0.9180999994277954,0.9175400137901306,0.9179900288581848,25941.765451741485
2026-01-28 05:14:00+00:00,0.9179700016975403,0.9180300235748291,0.917959988117218,0.9179999828338623,26740.419691133247
2026-01-28 05:15:00+00:00,0.9179800152778625,0.9181299805641174,0.9176300168037415,0.9180799722671509,19377.96105805586
2026-01-28 05:16:00+00:00,0.9180700182914734,0.9180700182914734,0.9179400205612183,0.917959988117218,19846.754664912383
2026-01-28 05:17:00+00:00,0.9179700016975403,0.9180300235748291,0.9175500273704529,0.9179700016975403,21570.69261154705
2026-01-28 05:18:00+00:00,0.917959988117218,0.9180200099945068,0.917930006980896,0.9179499745368958,12259.458272851089
2026-01-28 05:19:00+00:00,0.917930006980896,0.9180999994277954,0.9176200032234192,0.9180700182914734,9333.575523640657
2026-01-28 05:20:00+00:00,0.9180099964141846,0.9180999994277954,0.917959988117218,0.9179999828338623,7856.140308330932
2026-01-28 05:21:00+00:00,0.9180200099945068,0.9180999994277954,0.9175599813461304,0.9180399775505066,8184.408125896384
2026-01-28 05:22:00+00:00,0.9180099964141846,0.9180999994277954,0.917959988117218,0.9179700016975403,7927.818046861523
2026-01-28 05:23:00+00:00,0.9180200099945068,0.9180300235748291,0.9175199866294861,0.9179499745368958,9857.299367633286
2026-01-28 05:24:00+00:00,0.9179499745368958,0.9179999828338623,0.9179199934005737,0.9179700016975403,7713.8978264708885
2026-01-28 05:25:00+00:00,0.917959988117218,0.9180999994277954,0.9176200032234192,0.9180200099945068,9092.110704348512
2026-01-28 05:26:00+00:00,0.9180399775505066,0.9180999994277954,0.917959988117218,0.9180399775505066,9822.317219101771
2026-01-28 05:27:00+00:00,0.9179999828338623,0.9180999994277954,0.9175599813461304,0.9179900288581848,8232.20583282689
2026-01-28 05:28:00+00:00,0.9179900288581848,0.9180200099945068,0.9179800152778625,0.9179900288581848,8088.693264081509
2026-01-28 05:29:00+00:00,0.9180700182914734,0.9182000160217285,0.917680025100708,0.9181200265884399,9587.18292592748
2026-01-28 05:30:00+00:00,0.9180999994277954,0.9181299805641174,0.9180399775505066,0.9180700182914734,7881.752906393097
2026-01-28 05:31:00+00:00,0.9180600047111511,0.9181299805641174,0.9176499843597412,0.9180600047111511,8202.914856892257
2026-01-28 05:32:00+00:00,0.9180499911308289,0.9182000160217285,0.9180499911308289,0.9181200265884399,9397.919696559858
2026-01-28 05:33:00+00:00,0.9181299805641174,0.9182100296020508,0.917739987373352,0.9181699752807617,9669.400320290131
2026-01-28 05:34:00+00:00,0.9181600213050842,0.9182599782943726,0.9181100130081177,0.9181100130081177,9062.82312629852
2026-01-28 05:35:00+00:00,0.918150007724762,0.9182500243186951,0.91771000623703,0.9181299805641174,8476.213943534358
2026-01-28 05:36:00+00:00,0.9181100130081177,0.9182000160217285,0.9181100130081177,0.9181399941444397,7192.8753875893035
2026-01-28 05:37:00+00:00,0.9181399941444397,0.9182000160217285,0.91771000623703,0.9181399941444397,6731.059525215107
2026-01-28 05:38:00+00:00,0.918150007724762,0.9182000160217285,0.9181299805641174,0.918150007724762,6642.07920153986
2026-01-28 05:39:00+00:00,0.918150007724762,0.9182000160217285,0.917680025100708,0.9180799722671509,7195.692114284485
2026-01-28 05:40:00+00:00,0.9180899858474731,0.918150007724762,0.9180300235748291,0.9181399941444397,6933.559102170016
2026-01-28 05:41:00+00:00,0.9181200265884399,0.9182400107383728,0.9177500009536743,0.9181699752807617,6497.359407159082
2026-01-28 05:42:00+00:00,0.9181699752807617,0.9182199835777283,0.9181299805641174,0.918150007724762,7090.851968124846
2026-01-28 05:43:00+00:00,0.9181399941444397,0.9182000160217285,0.9176899790763855,0.9181200265884399,7289.860136941666
2026-01-28 05:44:00+00:00,0.9181100130081177,0.9182199835777283,0.9180499911308289,0.9181900024414062,8502.181634522485
2026-01-28 05:45:00+00:00,0.9181699752807617,0.9182999730110168,0.9178299903869629,0.9182400107383728,9585.465694704479
2026-01-28 05:46:00+00:00,0.9182400107383728,0.91839998960495,0.9182100296020508,0.9182400107383728,7997.494551599975
2026-01-28 05:47:00+00:00,0.9182500243186951,0.9182999730110168,0.91771000623703,0.9181399941444397,11364.10328048257
2026-01-28 05:48:00+00:00,0.9181600213050842,0.9182000160217285,0.9180899858474731,0.9181299805641174,13171.253204938206
2026-01-28 05:49:00+00:00,0.9180899858474731,0.9182000160217285,0.9177299737930298,0.9181699752807617,10496.80421085381
2026-01-28 05:50:00+00:00,0.9181699752807617,0.9182000160217285,0.9181200265884399,0.9181399941444397,9130.836533573038
2026-01-28 05:51:00+00:00,0.9181299805641174,0.9183200001716614,0.9178699851036072,0.9182800054550171,8808.145849908362
2026-01-28 05:52:00+00:00,0.9182500243186951,0.9182999730110168,0.9181600213050842,0.9181900024414062,12608.558975766275
2026-01-28 05:53:00+00:00,0.9182100296020508,0.9182299971580505,0.9177299737930298,0.918150007724762,10377.46824277951
2026-01-28 05:54:00+00:00,0.9181600213050842,0.9182000160217285,0.9180999994277954,0.9181200265884399,8645.645708773147
2026-01-28 05:55:00+00:00,0.9181200265884399,0.9182000160217285,0.9176599979400635,0.9180999994277954,9859.094301803656
2026-01-28 05:56:00+00:00,0.9180999994277954,0.9181299805641174,0.9180399775505066,0.9180700182914734,10984.24210016872
2026-01-28 05:57:00+00:00,0.9180700182914734,0.9180999994277954,0.9175300002098083,0.9179999828338623,13300.976682450393
2026-01-28 05:58:00+00:00,0.9179800152778625,0.9180999994277954,0.9179800152778625,0.9180399775505066,11587.878637341635
2026-01-28 05:59:00+00:00,0.9180499911308289,0.9180999994277954,0.9176099896430969,0.9180200099945068,10885.298138846088
2026-01-28 06:00:00+00:00,0.9180300235748291,0.9181699752807617,0.9180300235748291,0.9180899858474731,8495.628710514438
2026-01-28 06:01:00+00:00,0.9180600047111511,0.9181399941444397,0.9176700115203857,0.9181100130081177,7659.314060239031
2026-01-28 06:02:00+00:00,0.9181299805641174,0.9181399941444397,0.9180399775505066,0.9180799722671509,7606.901595213396
2026-01-28 06:03:00+00:00,0.9180799722671509,0.9182000160217285,0.9177299737930298,0.9181900024414062,8551.729955553848
2026-01-28 06:04:00+00:00,0.9181600213050842,0.9182699918746948,0.918150007724762,0.9181900024414062,8479.66851351008
2026-01-28 06:05:00+00:00,0.9181699752807617,0.9182299971580505,0.917739987373352,0.918150007724762,9017.238729128747
2026-01-28 06:06:00+00:00,0.9181699752807617,0.9182000160217285,0.9180799722671509,0.9181100130081177,9194.18162151953
2026-01-28 06:07:00+00:00,0.9181200265884399,0.9182000160217285,0.9176899790763855,0.9181299805641174,8829.388970513071
2026-01-28 06:08:00+00:00,0.9181299805641174,0.9182100296020508,0.9181200265884399,0.9181399941444397,8946.480838471813
2026-01-28 06:09:00+00:00,0.9181399941444397,0.9182000160217285,0.917680025100708,0.918150007724762,8029.771347441313
2026-01-28 06:10:00+00:00,0.918150007724762,0.9182299971580505,0.9181299805641174,0.9182100296020508,8739.904219176988
2026-01-28 06:11:00+00:00,0.9182000160217285,0.9182299971580505,0.917739987373352,0.918179988861084,7395.75311951245
2026-01-28 06:12:00+00:00,0.918179988861084,0.9182000160217285,0.9181100130081177,0.9181399941444397,6279.947864735278
2026-01-28 06:13:00+00:00,0.9181399941444397,0.9182000160217285,0.91771000623703,0.9181399941444397,5507.911953377638
2026-01-28 06:14:00+00:00,0.9181399941444397,0.9182000160217285,0.9181100130081177,0.9181399941444397,4844.782050368092
2026-01-28 06:15:00+00:00,0.9181299805641174,0.9181399941444397,0.9176700115203857,0.9180700182914734,4548.902522732767
2026-01-28 06:16:00+00:00,0.9180700182914734,0.9182000160217285,0.9180600047111511,0.9181900024414062,4839.418897125985
2026-01-28 06:17:00+00:00,0.9181900024414062,0.9182199835777283,0.9177700281143188,0.9182000160217285,5200.524221033992
2026-01-28 06:18:00+00:00,0.9181900024414062,0.9183099865913391,0.9181900024414062,0.9182599782943726,6515.73976168204
2026-01-28 06:19:00+00:00,0.9182599782943726,0.91839998960495,0.917900025844574,0.9183899760246277,5896.079533200523
2026-01-28 06:20:00+00:00,0.9183899760246277,0.9184100031852722,0.9182199835777283,0.9183200001716614,7203.469952424396
2026-01-28 06:21:00+00:00,0.9183099865913391,0.9183499813079834,0.9178799986839294,0.9183400273323059,5175.749887248725
2026-01-28 06:22:00+00:00,0.9183200001716614,0.9183300137519836,0.9182500243186951,0.9182900190353394,6604.606036898418
2026-01-28 06:23:00+00:00,0.9182900190353394,0.91839998960495,0.9178900122642517,0.9183300137519836,6169.397858785224
2026-01-28 06:24:00+00:00,0.9183300137519836,0.9183700084686279,0.9182199835777283,0.9182599782943726,7322.1037812187005
2026-01-28 06:25:00+00:00,0.9182599782943726,0.9183099865913391,0.9178500175476074,0.9182999730110168,6371.73897440386
2026-01-28 06:26:00+00:00,0.9182999730110168,0.9183200001716614,0.9182199835777283,0.9182199835777283,6924.4989173943695
2026-01-28 06:27:00+00:00,0.9182199835777283,0.9182999730110168,0.9178000092506409,0.9182500243186951,7597.389840358652
2026-01-28 06:28:00+00:00,0.9182500243186951,0.9182999730110168,0.9182000160217285,0.9182599782943726,6788.322793582869
2026-01-28 06:29:00+00:00,0.9182800054550171,0.9182999730110168,0.9177500009536743,0.9182000160217285,7434.222337056835
2026-01-28 06:30:00+00:00,0.9181900024414062,0.9182199835777283,0.9181200265884399,0.9181399941444397,6648.929486005875
2026-01-28 06:31:00+00:00,0.918150007724762,0.9182400107383728,0.917739987373352,0.9181399941444397,9044.666511356923
2026-01-28 06:32:00+00:00,0.9181299805641174,0.9181600213050842,0.9179400205612183,0.9179700016975403,11203.814467633694
2026-01-28 06:33:00+00:00,0.917959988117218,0.9179999828338623,0.9175099730491638,0.9179499745368958,10756.39868079858
2026-01-28 06:34:00+00:00,0.9179499745368958,0.9180099964141846,0.9179400205612183,0.9179800152778625,9065.255359191695
2026-01-28 06:35:00+00:00,0.917959988117218,0.9179700016975403,0.9173700213432312,0.9178199768066406,8805.437814230807
2026-01-28 06:36:00+00:00,0.9178400039672852,0.9180200099945068,0.9178199768066406,0.9179499745368958,13407.9129536041
2026-01-28 06:37:00+00:00,0.9179499745368958,0.9179999828338623,0.9174799919128418,0.9179099798202515,14287.522181032447
2026-01-28 06:38:00+00:00,0.9179099798202515,0.9179999828338623,0.917900025844574,0.9179199934005737,12526.761141440662
2026-01-28 06:39:00+00:00,0.9179199934005737,0.9179499745368958,0.9174399971961975,0.917900025844574,13492.32483507538
2026-01-28 06:40:00+00:00,0.9178799986839294,0.917930006980896,0.9178699851036072,0.9179099798202515,13692.141090575036
2026-01-28 06:41:00+00:00,0.9179099798202515,0.9179499745368958,0.9174299836158752,0.9178500175476074,15444.651845929437
2026-01-28 06:42:00+00:00,0.9178900122642517,0.9179999828338623,0.9178400039672852,0.9178900122642517,15258.108343364845
2026-01-28 06:43:00+00:00,0.9178900122642517,0.9179999828338623,0.9174399971961975,0.9178699851036072,15080.093793777702
2026-01-28 06:44:00+00:00,0.9178900122642517,0.917900025844574,0.9178100228309631,0.9178400039672852,14718.159468798609
2026-01-28 06:45:00+00:00,0.9178400039672852,0.917930006980896,0.9172999858856201,0.9178000092506409,15311.934564622983
2026-01-28 06:46:00+00:00,0.9178000092506409,0.9178100228309631,0.9176700115203857,0.9176700115203857,16557.5122390166
2026-01-28 06:47:00+00:00,0.917680025100708,0.9177299737930298,0.9172700047492981,0.9176999926567078,15134.25235112456
2026-01-28 06:48:00+00:00,0.9176999926567078,0.9178000092506409,0.9176999926567078,0.9177899956703186,17091.394017358598
2026-01-28 06:49:00+00:00,0.9177799820899963,0.9178000092506409,0.9173300266265869,0.9177600145339966,13261.750839166096
2026-01-28 06:50:00+00:00,0.9177600145339966,0.9178599715232849,0.9177500009536743,0.9178100228309631,10194.90675446004
2026-01-28 06:51:00+00:00,0.9178100228309631,0.9178199768066406,0.9173499941825867,0.9177799820899963,10952.871515914943
2026-01-28 06:52:00+00:00,0.9177500009536743,0.9178000092506409,0.9176999926567078,0.9177200198173523,10842.352230864106
2026-01-28 06:53:00+00:00,0.9177200198173523,0.917900025844574,0.917389988899231,0.9178100228309631,10545.883102659318
2026-01-28 06:54:00+00:00,0.9178199768066406,0.9178799986839294,0.91771000623703,0.9177700281143188,11822.30112483283
2026-01-28 06:55:00+00:00,0.9177700281143188,0.917900025844574,0.9174500107765198,0.9178199768066406,11262.219854973553
2026-01-28 06:56:00+00:00,0.9178299903869629,0.9179199934005737,0.9178000092506409,0.9178199768066406,11408.28021256539
2026-01-28 06:57:00+00:00,0.9178199768066406,0.9178799986839294,0.9173600077629089,0.9177500009536743,9889.017825119026
2026-01-28 06:58:00+00:00,0.9177600145339966,0.9178100228309631,0.9176999926567078,0.9177600145339966,7822.618674566987
2026-01-28 06:59:00+00:00,0.9177600145339966,0.9178000092506409,0.9172800183296204,0.9176700115203857,8036.280444724263
2026-01-28 07:00:00+00:00,0.9176599979400635,0.9176899790763855,0.9173799753189087,0.9174000024795532,11505.052895127494
2026-01-28 07:01:00+00:00,0.917389988899231,0.9175000190734863,0.9170299768447876,0.9174699783325195,10627.82960648083
2026-01-28 07:02:00+00:00,0.9174699783325195,0.9175199866294861,0.9174399971961975,0.9174699783325195,10310.963804491677
2026-01-28 07:03:00+00:00,0.9174299836158752,0.9175000190734863,0.916949987411499,0.9174299836158752,10785.985582994801
2026-01-28 07:04:00+00:00,0.917389988899231,0.9175999760627747,0.917389988899231,0.9174500107765198,15867.301776913384
2026-01-28 07:05:00+00:00,0.9174200296401978,0.9175300002098083,0.9170399904251099,0.9174799919128418,14112.49932473686
2026-01-28 07:06:00+00:00,0.917460024356842,0.9175400137901306,0.9174500107765198,0.9175000190734863,15494.113463893505
2026-01-28 07:07:00+00:00,0.9174900054931641,0.9175000190734863,0.9170299768447876,0.9174799919128418,11794.41968721701
2026-01-28 07:08:00+00:00,0.9174799919128418,0.9175300002098083,0.9173700213432312,0.917389988899231,10702.580260268394
2026-01-28 07:09:00+00:00,0.9173700213432312,0.9174299836158752,0.9168999791145325,0.9173300266265869,14010.128772087452
2026-01-28 07:10:00+00:00,0.9173300266265869,0.9174200296401978,0.9173099994659424,0.9173399806022644,16286.260517987015
2026-01-28 07:11:00+00:00,0.9173200130462646,0.9174399971961975,0.9169399738311768,0.9174000024795532,12201.755220439398
2026-01-28 07:12:00+00:00,0.917389988899231,0.9175000190734863,0.9173600077629089,0.9174299836158752,14337.677663429402
2026-01-28 07:13:00+00:00,0.9174299836158752,0.9175000190734863,0.916920006275177,0.917389988899231,16517.406877888923
2026-01-28 07:14:00+00:00,0.9173799753189087,0.9174799919128418,0.9172800183296204,0.9174200296401978,14405.219099276437
2026-01-28 07:15:00+00:00,0.9174000024795532,0.9175300002098083,0.9168999791145325,0.9173499941825867,16462.36664780522
2026-01-28 07:16:00+00:00,0.9173300266265869,0.9174000024795532,0.9170699715614319,0.9171199798583984,21540.59946701495
2026-01-28 07:17:00+00:00,0.917110025882721,0.9171299934387207,0.9164400100708008,0.9168599843978882,22919.095849161036
2026-01-28 07:18:00+00:00,0.9168599843978882,0.9172000288963318,0.9168400168418884,0.9171599745750427,27383.58943187954
2026-01-28 07:19:00+00:00,0.9171500205993652,0.917460024356842,0.9169999957084656,0.9174000024795532,32109.4460082897
2026-01-28 07:20:00+00:00,0.9174000024795532,0.9175000190734863,0.9172499775886536,0.9172599911689758,38531.39551162344
2026-01-28 07:21:00+00:00,0.9172499775886536,0.9173300266265869,0.9167699813842773,0.9172099828720093,35177.797099151605
2026-01-28 07:22:00+00:00,0.9172099828720093,0.9172999858856201,0.917110025882721,0.9171800017356873,31927.151422342362
2026-01-28 07:23:00+00:00,0.9171800017356873,0.9172300100326538,0.9166399836540222,0.9170899987220764,32567.57637728721
2026-01-28 07:24:00+00:00,0.9170899987220764,0.9172000288963318,0.9169899821281433,0.9171299934387207,38659.7314462586
2026-01-28 07:25:00+00:00,0.9171299934387207,0.9172499775886536,0.9167600274085999,0.9172300100326538,41358.81397206736
2026-01-28 07:26:00+00:00,0.9172300100326538,0.9173700213432312,0.917169988155365,0.9173300266265869,32489.39971627825
2026-01-28 07:27:00+00:00,0.9173300266265869,0.9174299836158752,0.9169399738311768,0.9172499775886536,37893.31742857384
2026-01-28 07:28:00+00:00,0.9172499775886536,0.9175000190734863,0.9172400236129761,0.9173099994659424,39023.11805105114
2026-01-28 07:29:00+00:00,0.9172999858856201,0.9174200296401978,0.9169399738311768,0.9174000024795532,36810.35055227134
2026-01-28 07:30:00+00:00,0.9173700213432312,0.9174399971961975,0.9172700047492981,0.9173200130462646,27186.740840784318
2026-01-28 07:31:00+00:00,0.9173200130462646,0.917389988899231,0.9168400168418884,0.9173600077629089,25959.84486795922
2026-01-28 07:32:00+00:00,0.9173700213432312,0.9175099730491638,0.9173300266265869,0.9173700213432312,23926.89288238879
2026-01-28 07:33:00+00:00,0.9174000024795532,0.9175300002098083,0.9170399904251099,0.9175300002098083,25282.297904873012
2026-01-28 07:34:00+00:00,0.9175000190734863,0.917680025100708,0.9175000190734863,0.9175900220870972,23226.27780793202
2026-01-28 07:35:00+00:00,0.9175900220870972,0.9177200198173523,0.917169988155365,0.9176300168037415,23840.893870663105
2026-01-28 07:36:00+00:00,0.9176300168037415,0.91771000623703,0.9175900220870972,0.9176499843597412,18681.44224723493
2026-01-28 07:37:00+00:00,0.917680025100708,0.9178100228309631,0.9173399806022644,0.9177799820899963,17831.853921789952
2026-01-28 07:38:00+00:00,0.9177600145339966,0.9179199934005737,0.9177600145339966,0.9178699851036072,17663.33222514241
2026-01-28 07:39:00+00:00,0.9178900122642517,0.9179199934005737,0.9174100160598755,0.9178699851036072,17543.76811083464
2026-01-28 07:40:00+00:00,0.9178699851036072,0.9179700016975403,0.9178400039672852,0.9179400205612183,18681.445723481953
2026-01-28 07:41:00+00:00,0.9179199934005737,0.9180799722671509,0.9175599813461304,0.9180499911308289,17600.227025899952
2026-01-28 07:42:00+00:00,0.9180799722671509,0.9181299805641174,0.9179099798202515,0.9179400205612183,19943.55950797942
2026-01-28 07:43:00+00:00,0.9179400205612183,0.9179800152778625,0.9174200296401978,0.917900025844574,20820.751484333454
2026-01-28 07:44:00+00:00,0.9178900122642517,0.9180999994277954,0.9178699851036072,0.9179999828338623,17607.932877069252
2026-01-28 07:45:00+00:00,0.9179999828338623,0.9182000160217285,0.9176700115203857,0.9181600213050842,18803.583832981367
2026-01-28 07:46:00+00:00,0.9181600213050842,0.9182400107383728,0.9180700182914734,0.9180799722671509,22710.68998638925
2026-01-28 07:47:00+00:00,0.9180700182914734,0.9180799722671509,0.9175199866294861,0.9179700016975403,23842.385141891427
2026-01-28 07:48:00+00:00,0.9179700016975403,0.9180099964141846,0.9178699851036072,0.9179499745368958,19975.621076589272
2026-01-28 07:49:00+00:00,0.917930006980896,0.9179999828338623,0.9174299836158752,0.9178599715232849,19591.81877414749
2026-01-28 07:50:00+00:00,0.9178900122642517,0.9179199934005737,0.9177500009536743,0.9178799986839294,19367.06192201811
2026-01-28 07:51:00+00:00,0.9178699851036072,0.917900025844574,0.917389988899231,0.9178100228309631,20944.829467545474
2026-01-28 07:52:00+00:00,0.9178199768066406,0.9178400039672852,0.9176700115203857,0.9176899790763855,25116.37019392093
2026-01-28 07:53:00+00:00,0.9176700115203857,0.9177500009536743,0.9172300100326538,0.9176899790763855,21047.390094851366
2026-01-28 07:54:00+00:00,0.9176999926567078,0.9178599715232849,0.9176099896430969,0.9178299903869629,24295.226832907665
2026-01-28 07:55:00+00:00,0.9178500175476074,0.9180700182914734,0.917389988899231,0.917900025844574,23336.849114488246
2026-01-28 07:56:00+00:00,0.9178799986839294,0.9179400205612183,0.917680025100708,0.9176999926567078,25836.470153197282
2026-01-28 07:57:00+00:00,0.91771000623703,0.9177200198173523,0.9171500205993652,0.9175800085067749,28494.257041497487
2026-01-28 07:58:00+00:00,0.9175599813461304,0.9175999760627747,0.9174500107765198,0.9175199866294861,26712.48844023619
2026-01-28 07:59:00+00:00,0.9175300002098083,0.9176200032234192,0.9171299934387207,0.9175199866294861,30568.738268779827
2026-01-28 08:00:00+00:00,0.9175099730491638,0.9175400137901306,0.9170399904251099,0.9173799753189087,35458.53463566635
2026-01-28 08:01:00+00:00,0.9174100160598755,0.9175000190734863,0.9169800281524658,0.9174200296401978,36304.26330875656
2026-01-28 08:02:00+00:00,0.9174500107765198,0.9178699851036072,0.9173799753189087,0.9177799820899963,30919.92360323996
2026-01-28 08:03:00+00:00,0.9177899956703186,0.9179099798202515,0.9171900153160095,0.91771000623703,42984.3262808484
2026-01-28 08:04:00+00:00,0.9176899790763855,0.9177299737930298,0.9173700213432312,0.9174100160598755,46860.880630166655
2026-01-28 08:05:00+00:00,0.9174200296401978,0.9174500107765198,0.916920006275177,0.917389988899231,48535.333084694445
2026-01-28 08:06:00+00:00,0.9173799753189087,0.9174200296401978,0.9172599911689758,0.9172999858856201,52334.94101011085
2026-01-28 08:07:00+00:00,0.9172999858856201,0.9175300002098083,0.9169700145721436,0.9174100160598755,38687.680593544836
2026-01-28 08:08:00+00:00,0.9173799753189087,0.9174000024795532,0.9171199798583984,0.9172300100326538,53698.715244579354
2026-01-28 08:09:00+00:00,0.9172000288963318,0.9172800183296204,0.916700005531311,0.9171800017356873,49483.63015164285
2026-01-28 08:10:00+00:00,0.917169988155365,0.9172999858856201,0.917140007019043,0.917169988155365,43612.17679792985
2026-01-28 08:11:00+00:00,0.917169988155365,0.9174000024795532,0.916890025138855,0.9173099994659424,45875.84765874931
2026-01-28 08:12:00+00:00,0.9173099994659424,0.9174200296401978,0.9172499775886536,0.9174000024795532,43129.18108196165
2026-01-28 08:13:00+00:00,0.9173799753189087,0.9176999926567078,0.9171900153160095,0.9176099896430969,37302.33571416743
2026-01-28 08:14:00+00:00,0.9175800085067749,0.9177799820899963,0.9175000190734863,0.917639970779419,38458.11400169592
2026-01-28 08:15:00+00:00,0.9176300168037415,0.91771000623703,0.9172199964523315,0.9176700115203857,42521.20835058874
2026-01-28 08:16:00+00:00,0.9176499843597412,0.9179400205612183,0.9176200032234192,0.9178799986839294,40345.0972861766
2026-01-28 08:17:00+00:00,0.9178199768066406,0.9179400205612183,0.9174399971961975,0.9179099798202515,33280.11822695031
2026-01-28 08:18:00+00:00,0.917930006980896,0.917959988117218,0.9177799820899963,0.9178500175476074,30474.703291835398
2026-01-28 08:19:00+00:00,0.9178500175476074,0.917900025844574,0.9174000024795532,0.9178799986839294,29831.538175708134
2026-01-28 08:20:00+00:00,0.9178699851036072,0.9179400205612183,0.9177899956703186,0.9178699851036072,25755.78840398675
2026-01-28 08:21:00+00:00,0.9178500175476074,0.9179900288581848,0.9172400236129761,0.9177799820899963,30543.214322359476
2026-01-28 08:22:00+00:00,0.9177899956703186,0.917900025844574,0.9177299737930298,0.9178400039672852,24282.993757454264
2026-01-28 08:23:00+00:00,0.9178400039672852,0.9179900288581848,0.9173799753189087,0.9177799820899963,33667.57025836845
2026-01-28 08:24:00+00:00,0.9177799820899963,0.9182199835777283,0.9177799820899963,0.9181200265884399,29228.024650630294
2026-01-28 08:25:00+00:00,0.9181200265884399,0.9183200001716614,0.917739987373352,0.9181600213050842,39429.816007020054
2026-01-28 08:26:00+00:00,0.9181699752807617,0.9183800220489502,0.9181200265884399,0.9181399941444397,40547.1905797148
2026-01-28 08:27:00+00:00,0.918150007724762,0.9182999730110168,0.917739987373352,0.918179988861084,41156.07593814231
2026-01-28 08:28:00+00:00,0.918150007724762,0.9182100296020508,0.9180399775505066,0.9180700182914734,33855.35579558682
2026-01-28 08:29:00+00:00,0.9180399775505066,0.9181299805641174,0.9175699949264526,0.9179900288581848,35395.202553216564
2026-01-28 08:30:00+00:00,0.9179700016975403,0.9180999994277954,0.917959988117218,0.9180200099945068,33175.400028342636
2026-01-28 08:31:00+00:00,0.9180399775505066,0.9182100296020508,0.917639970779419,0.918150007724762,39812.75267813537
2026-01-28 08:32:00+00:00,0.9181200265884399,0.91839998960495,0.9181100130081177,0.9183099865913391,31140.036308628074
2026-01-28 08:33:00+00:00,0.9182699918746948,0.9183200001716614,0.9177899956703186,0.9182100296020508,41358.22905550534
2026-01-28 08:34:00+00:00,0.9182100296020508,0.9183899760246277,0.9182100296020508,0.9182800054550171,43170.557770434374
2026-01-28 08:35:00+00:00,0.9182599782943726,0.9184600114822388,0.9179800152778625,0.91839998960495,35833.9432858262
2026-01-28 08:36:00+00:00,0.9184100031852722,0.9186000227928162,0.9183899760246277,0.9185299873352051,36154.662762853484
2026-01-28 08:37:00+00:00,0.9185400009155273,0.9185900092124939,0.9180700182914734,0.9184899926185608,34191.63707437761
2026-01-28 08:38:00+00:00,0.918470025062561,0.9187099933624268,0.9184399843215942,0.9186400175094604,24256.345514633347
2026-01-28 08:39:00+00:00,0.9186400175094604,0.9188299775123596,0.9182900190353394,0.918720006942749,31590.71089959608
2026-01-28 08:40:00+00:00,0.918720006942749,0.9194499850273132,0.918720006942749,0.9193000197410583,38353.899310956105
2026-01-28 08:41:00+00:00,0.9192900061607361,0.9193400144577026,0.9186699986457825,0.9190400242805481,40264.34350471904
2026-01-28 08:42:00+00:00,0.9190499782562256,0.9191799759864807,0.9189199805259705,0.918969988822937,39055.80495541179
2026-01-28 08:43:00+00:00,0.9189900159835815,0.9193800091743469,0.9187600016593933,0.9192000031471252,43512.02698816344
2026-01-28 08:44:00+00:00,0.919160008430481,0.9197099804878235,0.9191399812698364,0.9196599721908569,57319.13940928772
2026-01-28 08:45:00+00:00,0.9196299910545349,0.9200199842453003,0.9194899797439575,0.9199699759483337,44132.16135222465
2026-01-28 08:46:00+00:00,0.919950008392334,0.919950008392334,0.9193500280380249,0.919409990310669,58310.719593794325
2026-01-28 08:47:00+00:00,0.9193900227546692,0.9199299812316895,0.9193000197410583,0.9199299812316895,55469.71311123189
2026-01-28 08:48:00+00:00,0.9198700189590454,0.9201499819755554,0.9197700023651123,0.9200800061225891,72556.81178936115
2026-01-28 08:49:00+00:00,0.9200800061225891,0.9203199744224548,0.9196900129318237,0.9201700091362,73760.05596094325
2026-01-28 08:50:00+00:00,0.9201700091362,0.9203600287437439,0.9198399782180786,0.9202499985694885,68195.0171824636
2026-01-28 08:51:00+00:00,0.9202200174331665,0.9210299849510193,0.9201700091362,0.920989990234375,78863.41555638866
2026-01-28 08:52:00+00:00,0.9210000038146973,0.9210000038146973,0.9204199910163879,0.9208999872207642,91597.82704219926
2026-01-28 08:53:00+00:00,0.9209100008010864,0.9209100008010864,0.9198099970817566,0.9203400015830994,97749.9619879591
2026-01-28 08:54:00+00:00,0.9203400015830994,0.9203500151634216,0.9198799729347229,0.9198899865150452,100000.0
2026-01-28 08:55:00+00:00,0.9198899865150452,0.9200000166893005,0.9191700220108032,0.9196100234985352,100000.0
2026-01-28 08:56:00+00:00,0.9196299910545349,0.9201599955558777,0.9196299910545349,0.920009970664978,78642.99321500158
2026-01-28 08:57:00+00:00,0.9199699759483337,0.9200000166893005,0.9192600250244141,0.9195799827575684,88867.73463545341
2026-01-28 08:58:00+00:00,0.9196100234985352,0.9197999835014343,0.9195399880409241,0.9196900129318237,97460.83881821776
2026-01-28 08:59:00+00:00,0.9197099804878235,0.919979989528656,0.9194599986076355,0.919950008392334,100000.0
2026-01-28 09:00:00+00:00,0.919950008392334,0.9200699925422668,0.9198200106620789,0.9199600219726562,85617.22453494242
2026-01-28 09:01:00+00:00,0.919979989528656,0.9202700257301331,0.9197499752044678,0.9202100038528442,90382.37023075014
2026-01-28 09:02:00+00:00,0.9202799797058105,0.9202799797058105,0.9195399880409241,0.9195899963378906,100000.0
2026-01-28 09:03:00+00:00,0.9195600152015686,0.9199000000953674,0.9193900227546692,0.9196199774742126,91361.90792406311
2026-01-28 09:04:00+00:00,0.9196100234985352,0.9198700189590454,0.9196100234985352,0.9197099804878235,100000.0
2026-01-28 09:05:00+00:00,0.9197099804878235,0.9197999835014343,0.9190199971199036,0.9194899797439575,75952.90231387313
2026-01-28 09:06:00+00:00,0.9194700121879578,0.9195500016212463,0.9193400144577026,0.9193599820137024,77668.54654863494
2026-01-28 09:07:00+00:00,0.9193500280380249,0.9196400046348572,0.9190499782562256,0.9194899797439575,88723.71681472319
2026-01-28 09:08:00+00:00,0.9194599986076355,0.9195500016212463,0.9192900061607361,0.9195200204849243,70541.72401775153
2026-01-28 09:09:00+00:00,0.9194999933242798,0.9196100234985352,0.918940007686615,0.9193400144577026,62528.12032669074
2026-01-28 09:10:00+00:00,0.9193800091743469,0.9197700023651123,0.9193300008773804,0.9197499752044678,67080.8786609622
2026-01-28 09:11:00+00:00,0.9197400212287903,0.9197999835014343,0.9192799925804138,0.9197499752044678,57064.46810801243
2026-01-28 09:12:00+00:00,0.9197199940681458,0.9197400212287903,0.9194700121879578,0.9195600152015686,63912.97277677602
2026-01-28 09:13:00+00:00,0.9195200204849243,0.9196199774742126,0.9190599918365479,0.919510006904602,46067.01673803768
2026-01-28 09:14:00+00:00,0.9195200204849243,0.919700026512146,0.9193800091743469,0.9196100234985352,59076.14519354469
2026-01-28 09:15:00+00:00,0.9195399880409241,0.9196500182151794,0.9190099835395813,0.9193900227546692,57789.25511215772
2026-01-28 09:16:00+00:00,0.9193900227546692,0.9195399880409241,0.9193500280380249,0.91948002576828,41723.73044385185
2026-01-28 09:17:00+00:00,0.91948002576828,0.9200000166893005,0.9193800091743469,0.919730007648468,47124.30187729562
2026-01-28 09:18:00+00:00,0.919730007648468,0.9199100136756897,0.9196000099182129,0.9196000099182129,55919.85176434123
2026-01-28 09:19:00+00:00,0.9196000099182129,0.9197199940681458,0.9192500114440918,0.9196199774742126,36321.92296374344
2026-01-28 09:20:00+00:00,0.9196799993515015,0.9197099804878235,0.9194899797439575,0.9194999933242798,42106.641883684926
2026-01-28 09:21:00+00:00,0.9195399880409241,0.9196299910545349,0.9191700220108032,0.9196100234985352,42941.86521044051
2026-01-28 09:22:00+00:00,0.9195500016212463,0.9198200106620789,0.9195299744606018,0.9197400212287903,44998.237153042355
2026-01-28 09:23:00+00:00,0.9197400212287903,0.9197999835014343,0.9190400242805481,0.919439971446991,38808.12040645818
2026-01-28 09:24:00+00:00,0.91948002576828,0.9196599721908569,0.9194300174713135,0.9195600152015686,41935.20169081528
2026-01-28 09:25:00+00:00,0.9196000099182129,0.9198399782180786,0.9193000197410583,0.9197900295257568,37148.15476780936
2026-01-28 09:26:00+00:00,0.9198200106620789,0.9198300242424011,0.9196100234985352,0.9196699857711792,44393.801772247876
2026-01-28 09:27:00+00:00,0.9197099804878235,0.9197199940681458,0.9192000031471252,0.9196500182151794,42961.44279195081
2026-01-28 09:28:00+00:00,0.9196900129318237,0.91975998878479,0.9196299910545349,0.9197099804878235,33311.590363078394
2026-01-28 09:29:00+00:00,0.9197700023651123,0.9197999835014343,0.9193199872970581,0.919730007648468,32953.563133062664
2026-01-28 09:30:00+00:00,0.919730007648468,0.9199900031089783,0.9196799993515015,0.9199299812316895,37136.14120698802
2026-01-28 09:31:00+00:00,0.9199000000953674,0.9200000166893005,0.9192799925804138,0.9197400212287903,37373.48505935872
2026-01-28 09:32:00+00:00,0.91975998878479,0.9198499917984009,0.9195899963378906,0.9196699857711792,38195.480384676324
2026-01-28 09:33:00+00:00,0.9196199774742126,0.919700026512146,0.9192299842834473,0.9196599721908569,39080.25414471142
2026-01-28 09:34:00+00:00,0.9196699857711792,0.9196799993515015,0.9194700121879578,0.9194899797439575,40142.38539869568
2026-01-28 09:35:00+00:00,0.9194899797439575,0.9195500016212463,0.9190300107002258,0.9194999933242798,38909.7284616298
2026-01-28 09:36:00+00:00,0.9194999933242798,0.9196599721908569,0.9194300174713135,0.9195799827575684,37950.201133566145
2026-01-28 09:37:00+00:00,0.9195799827575684,0.9197099804878235,0.918910026550293,0.9193599820137024,35791.42219386162
2026-01-28 09:38:00+00:00,0.9193500280380249,0.9194999933242798,0.919219970703125,0.9192600250244141,35532.60712166299
2026-01-28 09:39:00+00:00,0.9192699790000916,0.9193400144577026,0.9187600016593933,0.919189989566803,34477.05161917825
2026-01-28 09:40:00+00:00,0.919189989566803,0.9193000197410583,0.9191100001335144,0.9191399812698364,39910.61631795464
2026-01-28 09:41:00+00:00,0.9191100001335144,0.9197900295257568,0.9190899729728699,0.9197900295257568,43969.085132914726
2026-01-28 09:42:00+00:00,0.9197800159454346,0.9197800159454346,0.91948002576828,0.9196900129318237,41137.47017558384
2026-01-28 09:43:00+00:00,0.9196599721908569,0.9199000000953674,0.9193300008773804,0.9198499917984009,47901.06047414759
2026-01-28 09:44:00+00:00,0.9198399782180786,0.920009970664978,0.9196400046348572,0.9196799993515015,43894.11876171652
2026-01-28 09:45:00+00:00,0.919700026512146,0.9198899865150452,0.9192600250244141,0.9197099804878235,38283.74758944908
2026-01-28 09:46:00+00:00,0.9197099804878235,0.91975998878479,0.9195200204849243,0.9196599721908569,41790.73801382567
2026-01-28 09:47:00+00:00,0.9196599721908569,0.9197999835014343,0.9192799925804138,0.9196699857711792,48721.24027561837
2026-01-28 09:48:00+00:00,0.9197199940681458,0.919730007648468,0.9195700287818909,0.9196299910545349,49476.42023992054
2026-01-28 09:49:00+00:00,0.9196699857711792,0.919700026512146,0.9190800189971924,0.9195299744606018,45245.57192087888
2026-01-28 09:50:00+00:00,0.9195299744606018,0.9196000099182129,0.9194899797439575,0.9195700287818909,43697.767136935305
2026-01-28 09:51:00+00:00,0.9195200204849243,0.9196000099182129,0.9188500046730042,0.9193800091743469,42434.71057866064
2026-01-28 09:52:00+00:00,0.9193400144577026,0.9194200038909912,0.9193000197410583,0.9193800091743469,42113.86779827569
2026-01-28 09:53:00+00:00,0.9193900227546692,0.9194300174713135,0.9188799858093262,0.9192799925804138,39062.33812572836
2026-01-28 09:54:00+00:00,0.9193199872970581,0.9193999767303467,0.9192600250244141,0.9192900061607361,41766.4835617719
2026-01-28 09:55:00+00:00,0.9192900061607361,0.9194300174713135,0.9189500212669373,0.9193900227546692,34001.346160893096
2026-01-28 09:56:00+00:00,0.9193500280380249,0.919510006904602,0.9193400144577026,0.9194899797439575,30278.48043439786
2026-01-28 09:57:00+00:00,0.919439971446991,0.9195399880409241,0.9190300107002258,0.9195399880409241,31708.916059962026
2026-01-28 09:58:00+00:00,0.9194899797439575,0.9195299744606018,0.9193000197410583,0.9193199872970581,25102.787633694737
2026-01-28 09:59:00+00:00,0.9193199872970581,0.9195200204849243,0.9190000295639038,0.919439971446991,28159.300063281284
2026-01-28 10:00:00+00:00,0.9194899797439575,0.9195299744606018,0.9192699790000916,0.9192699790000916,23861.791993044564
2026-01-28 10:01:00+00:00,0.9193099737167358,0.9193999767303467,0.9188200235366821,0.9192799925804138,24842.123664856612
2026-01-28 10:02:00+00:00,0.9193099737167358,0.9193599820137024,0.919160008430481,0.9192500114440918,29287.890210986203
2026-01-28 10:03:00+00:00,0.919219970703125,0.9192699790000916,0.9186999797821045,0.9191300272941589,23415.97899308005
2026-01-28 10:04:00+00:00,0.9192000031471252,0.9192900061607361,0.9191100001335144,0.9192399978637695,30264.963347435674
2026-01-28 10:05:00+00:00,0.9192000031471252,0.9193099737167358,0.9188200235366821,0.9192399978637695,22159.85512731401
2026-01-28 10:06:00+00:00,0.9192900061607361,0.9193999767303467,0.9192399978637695,0.9193099737167358,23805.227389607866
2026-01-28 10:07:00+00:00,0.9193099737167358,0.9194300174713135,0.9187999963760376,0.9192399978637695,20676.98005258171
2026-01-28 10:08:00+00:00,0.9192299842834473,0.919409990310669,0.9192299842834473,0.9193300008773804,22161.174786752326
2026-01-28 10:09:00+00:00,0.9193800091743469,0.9194200038909912,0.918940007686615,0.9193599820137024,27901.96780045431
2026-01-28 10:10:00+00:00,0.9194200038909912,0.9196299910545349,0.9193599820137024,0.9194700121879578,33969.8594275982
2026-01-28 10:11:00+00:00,0.91948002576828,0.9196000099182129,0.9190400242805481,0.9194499850273132,35263.86454461225
2026-01-28 10:12:00+00:00,0.919439971446991,0.9195799827575684,0.9193300008773804,0.9195799827575684,32460.921217579955
2026-01-28 10:13:00+00:00,0.9195200204849243,0.9196100234985352,0.9190400242805481,0.9194300174713135,32435.332590252834
2026-01-28 10:14:00+00:00,0.91948002576828,0.9194899797439575,0.9193099737167358,0.9193300008773804,29029.575927038743
2026-01-28 10:15:00+00:00,0.9193300008773804,0.9193999767303467,0.9188600182533264,0.9192799925804138,26068.40271824072
2026-01-28 10:16:00+00:00,0.9192799925804138,0.9194599986076355,0.9192799925804138,0.9193599820137024,27202.72671292917
2026-01-28 10:17:00+00:00,0.9193699955940247,0.9194200038909912,0.9187999963760376,0.9192600250244141,25008.991468855875
2026-01-28 10:18:00+00:00,0.919219970703125,0.9193199872970581,0.9192000031471252,0.9192799925804138,31690.95056713369
2026-01-28 10:19:00+00:00,0.9193099737167358,0.9194999933242798,0.9188500046730042,0.9194999933242798,29541.438765582756
2026-01-28 10:20:00+00:00,0.9194599986076355,0.9195700287818909,0.9193000197410583,0.919510006904602,28262.643317942777
2026-01-28 10:21:00+00:00,0.919510006904602,0.9197400212287903,0.919219970703125,0.9196599721908569,26785.12270606548
2026-01-28 10:22:00+00:00,0.9196199774742126,0.9196900129318237,0.9194599986076355,0.9195200204849243,30635.84039008198
2026-01-28 10:23:00+00:00,0.9194599986076355,0.9196699857711792,0.9191300272941589,0.9194999933242798,33701.47656674953
2026-01-28 10:24:00+00:00,0.9194700121879578,0.9195299744606018,0.9193900227546692,0.9194999933242798,28826.245420372066
2026-01-28 10:25:00+00:00,0.9194700121879578,0.9195399880409241,0.9190400242805481,0.9194499850273132,29510.963117611507
2026-01-28 10:26:00+00:00,0.9194899797439575,0.9196599721908569,0.9193800091743469,0.919510006904602,29885.900739073666
2026-01-28 10:27:00+00:00,0.919510006904602,0.9196000099182129,0.9189800024032593,0.919439971446991,31802.982556678446
2026-01-28 10:28:00+00:00,0.919409990310669,0.9194999933242798,0.9193400144577026,0.9193900227546692,30247.385758352597
2026-01-28 10:29:00+00:00,0.919409990310669,0.9194999933242798,0.918940007686615,0.9193900227546692,28774.922166915945
2026-01-28 10:30:00+00:00,0.919409990310669,0.9194200038909912,0.9192399978637695,0.9192799925804138,34027.585872682015
2026-01-28 10:31:00+00:00,0.9192900061607361,0.9193999767303467,0.9187899827957153,0.9193300008773804,29386.225527688246
2026-01-28 10:32:00+00:00,0.9193500280380249,0.9193500280380249,0.9191799759864807,0.9192399978637695,29916.673846743695
2026-01-28 10:33:00+00:00,0.919219970703125,0.9193000197410583,0.9187600016593933,0.9192000031471252,28926.73284862562
2026-01-28 10:34:00+00:00,0.9192000031471252,0.9193500280380249,0.919160008430481,0.9193199872970581,26011.081059903056
2026-01-28 10:35:00+00:00,0.9192900061607361,0.919439971446991,0.918940007686615,0.9193800091743469,29598.15202147324
2026-01-28 10:36:00+00:00,0.9193400144577026,0.9196699857711792,0.9193099737167358,0.9195799827575684,27254.990202642923
2026-01-28 10:37:00+00:00,0.9196000099182129,0.9196199774742126,0.9189800024032593,0.919409990310669,29667.981389882098
2026-01-28 10:38:00+00:00,0.9194300174713135,0.9194999933242798,0.9193000197410583,0.9193599820137024,32610.251706566072
2026-01-28 10:39:00+00:00,0.9193199872970581,0.9195500016212463,0.9190400242805481,0.9194599986076355,30015.686958159884
2026-01-28 10:40:00+00:00,0.9194599986076355,0.9194999933242798,0.919219970703125,0.9192799925804138,31327.186067140294
2026-01-28 10:41:00+00:00,0.9192799925804138,0.9193999767303467,0.9188500046730042,0.919219970703125,30718.085741798182
2026-01-28 10:42:00+00:00,0.919219970703125,0.9193400144577026,0.9191799759864807,0.9192299842834473,25011.471243565946
2026-01-28 10:43:00+00:00,0.919189989566803,0.9193000197410583,0.918749988079071,0.919219970703125,34009.59819556739
2026-01-28 10:44:00+00:00,0.9192000031471252,0.9193300008773804,0.9191799759864807,0.9192699790000916,32858.90506752351
2026-01-28 10:45:00+00:00,0.9192699790000916,0.9193999767303467,0.9189299941062927,0.9193500280380249,25253.35890917574
2026-01-28 10:46:00+00:00,0.9193500280380249,0.9193999767303467,0.9192500114440918,0.9193400144577026,25072.351845594556
2026-01-28 10:47:00+00:00,0.9193400144577026,0.919409990310669,0.918940007686615,0.9193800091743469,26474.639710283936
2026-01-28 10:48:00+00:00,0.9193500280380249,0.9194899797439575,0.9193300008773804,0.9193999767303467,25837.187302361985
2026-01-28 10:49:00+00:00,0.919409990310669,0.919510006904602,0.9188799858093262,0.9193800091743469,29491.36414456441
2026-01-28 10:50:00+00:00,0.9193800091743469,0.9194999933242798,0.9193099737167358,0.9193699955940247,23686.05552062282
2026-01-28 10:51:00+00:00,0.9193500280380249,0.9194499850273132,0.9188899993896484,0.9192900061607361,23179.801575040612
2026-01-28 10:52:00+00:00,0.9192900061607361,0.919409990310669,0.9192699790000916,0.9193400144577026,19551.99856488577
2026-01-28 10:53:00+00:00,0.9193199872970581,0.9193999767303467,0.9188100099563599,0.9192299842834473,24059.58918919059
2026-01-28 10:54:00+00:00,0.9192299842834473,0.9193000197410583,0.9191700220108032,0.9191700220108032,21931.40435159955
2026-01-28 10:55:00+00:00,0.9192100167274475,0.91948002576828,0.9190099835395813,0.9193999767303467,17862.792878239343
2026-01-28 10:56:00+00:00,0.9193999767303467,0.9194700121879578,0.9193300008773804,0.9193900227546692,18042.98603689595
2026-01-28 10:57:00+00:00,0.9193699955940247,0.9195399880409241,0.9190300107002258,0.91948002576828,20274.048873309002
2026-01-28 10:58:00+00:00,0.9194599986076355,0.9196000099182129,0.919439971446991,0.9195200204849243,16978.277528043283
2026-01-28 10:59:00+00:00,0.9195600152015686,0.9196000099182129,0.9190199971199036,0.9194200038909912,17326.780294797692
2026-01-28 11:00:00+00:00,0.9194599986076355,0.9196000099182129,0.9194300174713135,0.9195500016212463,20796.5269307537
2026-01-28 11:01:00+00:00,0.919510006904602,0.9196299910545349,0.9190999865531921,0.9195700287818909,23340.114719609042
2026-01-28 11:02:00+00:00,0.9195299744606018,0.9196000099182129,0.9194599986076355,0.919510006904602,26595.51505051854
2026-01-28 11:03:00+00:00,0.919510006904602,0.9197400212287903,0.9192100167274475,0.9196699857711792,20588.096919349347
2026-01-28 11:04:00+00:00,0.9196000099182129,0.9198099970817566,0.9196000099182129,0.9197900295257568,19799.178879005416
2026-01-28 11:05:00+00:00,0.9197400212287903,0.9198799729347229,0.9193099737167358,0.9197499752044678,18381.50553081801
2026-01-28 11:06:00+00:00,0.9197499752044678,0.9198499917984009,0.9197099804878235,0.9198200106620789,20309.952217404043
2026-01-28 11:07:00+00:00,0.9197900295257568,0.9199000000953674,0.9192799925804138,0.9196599721908569,20495.797632264505
2026-01-28 11:08:00+00:00,0.9196599721908569,0.9199299812316895,0.9196299910545349,0.9198700189590454,25226.17927331242
2026-01-28 11:09:00+00:00,0.9198899865150452,0.9199699759483337,0.9194300174713135,0.9199299812316895,27345.962720698702
2026-01-28 11:10:00+00:00,0.9198899865150452,0.9200599789619446,0.9198700189590454,0.920009970664978,24827.650090669013
2026-01-28 11:11:00+00:00,0.9200000166893005,0.9200199842453003,0.9193300008773804,0.9197499752044678,30237.09801594873
2026-01-28 11:12:00+00:00,0.9197499752044678,0.9197999835014343,0.9195899963378906,0.9196299910545349,33986.217465352966
2026-01-28 11:13:00+00:00,0.9195899963378906,0.9197999835014343,0.9192699790000916,0.9197400212287903,29949.120063098228
2026-01-28 11:14:00+00:00,0.9197199940681458,0.9197999835014343,0.9196599721908569,0.919700026512146,30633.93390319235
2026-01-28 11:15:00+00:00,0.9197199940681458,0.9197499752044678,0.9191499948501587,0.9196199774742126,29609.87826016355
2026-01-28 11:16:00+00:00,0.9195700287818909,0.919700026512146,0.9195399880409241,0.9195700287818909,38003.0144148981
2026-01-28 11:17:00+00:00,0.9195600152015686,0.9196599721908569,0.919160008430481,0.9195899963378906,32972.09132645712
2026-01-28 11:18:00+00:00,0.9195799827575684,0.919700026512146,0.9194499850273132,0.9195200204849243,25917.906181653572
2026-01-28 11:19:00+00:00,0.9195200204849243,0.919700026512146,0.9190700054168701,0.9195899963378906,37036.38904737814
2026-01-28 11:20:00+00:00,0.9195700287818909,0.91975998878479,0.9195500016212463,0.9195700287818909,37038.320307506816
2026-01-28 11:21:00+00:00,0.9196199774742126,0.919700026512146,0.9191499948501587,0.9196199774742126,32358.166848053468
2026-01-28 11:22:00+00:00,0.9196400046348572,0.919700026512146,0.9195700287818909,0.9196100234985352,27195.35818995756
2026-01-28 11:23:00+00:00,0.9196100234985352,0.9196500182151794,0.9191200137138367,0.9195799827575684,25409.8081977192
2026-01-28 11:24:00+00:00,0.9195700287818909,0.9197999835014343,0.9195399880409241,0.9196900129318237,29459.89640710457
2026-01-28 11:25:00+00:00,0.9196900129318237,0.919730007648468,0.9191499948501587,0.9196199774742126,26939.788016849212
2026-01-28 11:26:00+00:00,0.9196100234985352,0.9197999835014343,0.9195700287818909,0.9196799993515015,27523.89451549523
2026-01-28 11:27:00+00:00,0.9197199940681458,0.9197499752044678,0.9192399978637695,0.9197099804878235,24675.665329268315
2026-01-28 11:28:00+00:00,0.9196699857711792,0.9197700023651123,0.9195799827575684,0.9197700023651123,33107.40839702199
2026-01-28 11:29:00+00:00,0.9197199940681458,0.9197999835014343,0.919189989566803,0.9196699857711792,26452.077491986856
2026-01-28 11:30:00+00:00,0.9196100234985352,0.9197999835014343,0.9195799827575684,0.9197400212287903,27248.182983271465
2026-01-28 11:31:00+00:00,0.9196799993515015,0.9197900295257568,0.9191499948501587,0.9196400046348572,38215.23119973093
2026-01-28 11:32:00+00:00,0.919700026512146,0.919700026512146,0.9194700121879578,0.9195799827575684,31939.3110237921
2026-01-28 11:33:00+00:00,0.9195200204849243,0.9196000099182129,0.9189199805259705,0.9193500280380249,32442.993069435826
2026-01-28 11:34:00+00:00,0.9193500280380249,0.9195200204849243,0.9193400144577026,0.9194999933242798,29468.955108327635
2026-01-28 11:35:00+00:00,0.9194499850273132,0.9196000099182129,0.9191200137138367,0.9195899963378906,34637.39606529181
2026-01-28 11:36:00+00:00,0.9196000099182129,0.9196100234985352,0.91948002576828,0.9195700287818909,35064.45673980226
2026-01-28 11:37:00+00:00,0.9195600152015686,0.9196100234985352,0.918940007686615,0.9193500280380249,30105.684943933615
2026-01-28 11:38:00+00:00,0.9193500280380249,0.9193999767303467,0.9191700220108032,0.9192299842834473,34582.38886049623
2026-01-28 11:39:00+00:00,0.919219970703125,0.9193000197410583,0.9187700152397156,0.9192000031471252,38541.54193886109
2026-01-28 11:40:00+00:00,0.919189989566803,0.9193699955940247,0.9191499948501587,0.9192699790000916,29687.284609429516
2026-01-28 11:41:00+00:00,0.9192299842834473,0.9192699790000916,0.9186999797821045,0.9191200137138367,32222.747488274465
2026-01-28 11:42:00+00:00,0.9191499948501587,0.9192500114440918,0.9191100001335144,0.9191700220108032,33529.859757314596
2026-01-28 11:43:00+00:00,0.9191799759864807,0.919219970703125,0.9186800122261047,0.9191100001335144,31956.754710455203
2026-01-28 11:44:00+00:00,0.9191200137138367,0.9192000031471252,0.9190700054168701,0.9191700220108032,28935.08101672014
2026-01-28 11:45:00+00:00,0.9191399812698364,0.9192000031471252,0.9186699986457825,0.9191499948501587,27359.07907491304
2026-01-28 11:46:00+00:00,0.9191200137138367,0.9192000031471252,0.9190599918365479,0.9191100001335144,28011.681520679245
2026-01-28 11:47:00+00:00,0.9191200137138367,0.9192299842834473,0.9186699986457825,0.9191399812698364,24059.75284988474
2026-01-28 11:48:00+00:00,0.9190800189971924,0.9191300272941589,0.9190199971199036,0.9190300107002258,20612.009638058447
2026-01-28 11:49:00+00:00,0.9190700054168701,0.9191399812698364,0.9186300039291382,0.9190300107002258,21533.844355788224
2026-01-28 11:50:00+00:00,0.9190300107002258,0.9190999865531921,0.9190099835395813,0.9190099835395813,24707.05722151577
2026-01-28 11:51:00+00:00,0.9190099835395813,0.9190999865531921,0.9185699820518494,0.9190300107002258,19285.992804256217
2026-01-28 11:52:00+00:00,0.9190499782562256,0.9191200137138367,0.9189800024032593,0.9190400242805481,17852.823662273608
2026-01-28 11:53:00+00:00,0.9190499782562256,0.9192000031471252,0.9186999797821045,0.9190999865531921,14760.53607396042
2026-01-28 11:54:00+00:00,0.9190800189971924,0.9192299842834473,0.9190599918365479,0.9191799759864807,15357.805364602238
2026-01-28 11:55:00+00:00,0.9191799759864807,0.9193199872970581,0.9188200235366821,0.9192299842834473,11894.671402489399
2026-01-28 11:56:00+00:00,0.9192399978637695,0.9193000197410583,0.9192000031471252,0.9192699790000916,14507.877217160672
2026-01-28 11:57:00+00:00,0.9192699790000916,0.9193300008773804,0.9188699722290039,0.9192799925804138,10212.482249591136
2026-01-28 11:58:00+00:00,0.9192900061607361,0.9193999767303467,0.9192500114440918,0.9193099737167358,10350.797982502487
2026-01-28 11:59:00+00:00,0.9193199872970581,0.9193999767303467,0.9189199805259705,0.9193199872970581,12493.968186542203
2026-01-28 12:00:00+00:00,0.9193199872970581,0.9194999933242798,0.9193000197410583,0.9193300008773804,11577.429191706235
2026-01-28 12:01:00+00:00,0.9193300008773804,0.9194200038909912,0.9189199805259705,0.9193999767303467,9711.094497552185
2026-01-28 12:02:00+00:00,0.9193599820137024,0.919409990310669,0.9192600250244141,0.9193999767303467,13402.120447010198
2026-01-28 12:03:00+00:00,0.9193400144577026,0.9193999767303467,0.9185799956321716,0.9190000295639038,16843.490060951648
2026-01-28 12:04:00+00:00,0.9190000295639038,0.9190999865531921,0.9189900159835815,0.9190700054168701,16623.155843945187
2026-01-28 12:05:00+00:00,0.9190400242805481,0.9190999865531921,0.9185699820518494,0.9189900159835815,16693.79839037266
2026-01-28 12:06:00+00:00,0.9189900159835815,0.9190999865531921,0.9189599752426147,0.9189800024032593,17985.898057399037
2026-01-28 12:07:00+00:00,0.9190400242805481,0.9190999865531921,0.9185699820518494,0.9190400242805481,21461.45034868023
2026-01-28 12:08:00+00:00,0.9190300107002258,0.9191200137138367,0.9190000295639038,0.9190499782562256,21104.46798151992
2026-01-28 12:09:00+00:00,0.9190199971199036,0.9190999865531921,0.9185600280761719,0.9190000295639038,20399.528058687247
2026-01-28 12:10:00+00:00,0.9189800024032593,0.9190999865531921,0.9189199805259705,0.9189299941062927,21047.587716219765
2026-01-28 12:11:00+00:00,0.9189299941062927,0.9190000295639038,0.9184799790382385,0.9189000129699707,21133.027711863986
2026-01-28 12:12:00+00:00,0.9189199805259705,0.918940007686615,0.9187700152397156,0.9188799858093262,23942.174442895932
2026-01-28 12:13:00+00:00,0.9188600182533264,0.9189000129699707,0.9180700182914734,0.9184799790382385,30024.370081305646
2026-01-28 12:14:00+00:00,0.9185000061988831,0.9186000227928162,0.9184600114822388,0.9184899926185608,30420.04608281251
2026-01-28 12:15:00+00:00,0.9185299873352051,0.9186999797821045,0.9181699752807617,0.9186499714851379,25866.905239733864
2026-01-28 12:16:00+00:00,0.9186699986457825,0.9186999797821045,0.9185699820518494,0.9185900092124939,31452.749035207442
2026-01-28 12:17:00+00:00,0.9185799956321716,0.9186999797821045,0.9181699752807617,0.9186099767684937,23393.673698943785
2026-01-28 12:18:00+00:00,0.9186400175094604,0.9186999797821045,0.9185699820518494,0.9185799956321716,23427.87025909936
2026-01-28 12:19:00+00:00,0.9185799956321716,0.9185799956321716,0.9179999828338623,0.9184200167655945,21152.625340260864
2026-01-28 12:20:00+00:00,0.9184200167655945,0.9185400009155273,0.9183800220489502,0.9184600114822388,26181.397606640097
2026-01-28 12:21:00+00:00,0.9184600114822388,0.9185000061988831,0.9179400205612183,0.9184399843215942,25168.561463148537
2026-01-28 12:22:00+00:00,0.9184200167655945,0.9185000061988831,0.9183499813079834,0.9184600114822388,29530.407633984378
2026-01-28 12:23:00+00:00,0.9184399843215942,0.9185000061988831,0.9179499745368958,0.9183800220489502,21636.018621571067
2026-01-28 12:24:00+00:00,0.91839998960495,0.9185000061988831,0.9183400273323059,0.9184100031852722,24979.91047728428
2026-01-28 12:25:00+00:00,0.9183800220489502,0.9186000227928162,0.9180799722671509,0.9184899926185608,24453.193172915202
2026-01-28 12:26:00+00:00,0.9185299873352051,0.9186300039291382,0.9184399843215942,0.9185500144958496,28608.31933724151
2026-01-28 12:27:00+00:00,0.9186000227928162,0.9186599850654602,0.9182000160217285,0.9186099767684937,15904.861773121878
2026-01-28 12:28:00+00:00,0.9185900092124939,0.9186999797821045,0.9185500144958496,0.9186099767684937,17476.285250117053
2026-01-28 12:29:00+00:00,0.9186300039291382,0.9186599850654602,0.9181699752807617,0.9185900092124939,15351.585180008402
2026-01-28 12:30:00+00:00,0.9185900092124939,0.9186800122261047,0.9185199737548828,0.9185799956321716,23153.180534501156
2026-01-28 12:31:00+00:00,0.9185699820518494,0.9186099767684937,0.9179999828338623,0.918429970741272,17655.519135103677
2026-01-28 12:32:00+00:00,0.9184499979019165,0.9185000061988831,0.9183300137519836,0.9184100031852722,23284.639076185176
2026-01-28 12:33:00+00:00,0.9183899760246277,0.9185600280761719,0.9179999828338623,0.9184799790382385,21610.5927677035
2026-01-28 12:34:00+00:00,0.9185000061988831,0.9185100197792053,0.9183499813079834,0.91839998960495,22164.34855472609
2026-01-28 12:35:00+00:00,0.91839998960495,0.9184100031852722,0.9179099798202515,0.9183599948883057,19907.443836583665
2026-01-28 12:36:00+00:00,0.9183300137519836,0.9183899760246277,0.9182199835777283,0.9182900190353394,16448.59207970104
2026-01-28 12:37:00+00:00,0.9182900190353394,0.9183200001716614,0.9177299737930298,0.9181699752807617,23969.962698146872
2026-01-28 12:38:00+00:00,0.9182000160217285,0.9183400273323059,0.9181399941444397,0.9182999730110168,20096.218889250566
2026-01-28 12:39:00+00:00,0.9182999730110168,0.9186000227928162,0.9181299805641174,0.9185500144958496,21357.298884893622
2026-01-28 12:40:00+00:00,0.9185500144958496,0.9186000227928162,0.918429970741272,0.9185799956321716,18450.69617330198
2026-01-28 12:41:00+00:00,0.9185600280761719,0.918690025806427,0.9182199835777283,0.9186400175094604,19844.76350704592
2026-01-28 12:42:00+00:00,0.9186699986457825,0.918720006942749,0.9186099767684937,0.9186499714851379,20536.578287639608
2026-01-28 12:43:00+00:00,0.9186099767684937,0.9186999797821045,0.9181299805641174,0.9185900092124939,20813.631659370378
2026-01-28 12:44:00+00:00,0.9185799956321716,0.9186999797821045,0.9185199737548828,0.9186999797821045,18524.71594284448
2026-01-28 12:45:00+00:00,0.9186599850654602,0.9187300205230713,0.9182400107383728,0.9186800122261047,17582.929940368565
2026-01-28 12:46:00+00:00,0.918690025806427,0.9187399744987488,0.9185799956321716,0.9185799956321716,15353.35091459696
2026-01-28 12:47:00+00:00,0.9185699820518494,0.9186999797821045,0.9182299971580505,0.9186599850654602,16318.703825220755
2026-01-28 12:48:00+00:00,0.9186699986457825,0.9187099933624268,0.9185199737548828,0.9185600280761719,15184.771138774799
2026-01-28 12:49:00+00:00,0.9185699820518494,0.9186000227928162,0.9179499745368958,0.9183700084686279,20070.155056612602
2026-01-28 12:50:00+00:00,0.9183700084686279,0.9185199737548828,0.9183300137519836,0.9185100197792053,21282.87325800174
2026-01-28 12:51:00+00:00,0.918470025062561,0.9185000061988831,0.9179900288581848,0.91839998960495,21928.058549520087
2026-01-28 12:52:00+00:00,0.91839998960495,0.9184499979019165,0.9182900190353394,0.9184100031852722,18975.872722703283
2026-01-28 12:53:00+00:00,0.9184499979019165,0.9185500144958496,0.9179999828338623,0.9185000061988831,18829.417740788682
2026-01-28 12:54:00+00:00,0.9185500144958496,0.9186000227928162,0.9184399843215942,0.9184799790382385,20102.486841174057
2026-01-28 12:55:00+00:00,0.9184899926185608,0.9186199903488159,0.9180099964141846,0.918470025062561,17571.518583636534
2026-01-28 12:56:00+00:00,0.918470025062561,0.9185299873352051,0.9184100031852722,0.9185199737548828,19258.09883012101
2026-01-28 12:57:00+00:00,0.9185000061988831,0.9186000227928162,0.9180799722671509,0.9185000061988831,24264.593030284326
2026-01-28 12:58:00+00:00,0.9185299873352051,0.9186199903488159,0.9185100197792053,0.9185600280761719,23153.92959117714
2026-01-28 12:59:00+00:00,0.9185299873352051,0.9186400175094604,0.9180499911308289,0.918470025062561,22613.61849298268
2026-01-28 13:00:00+00:00,0.9184499979019165,0.9185299873352051,0.9183800220489502,0.9184399843215942,23323.41015321515
2026-01-28 13:01:00+00:00,0.9184499979019165,0.9185500144958496,0.9179900288581848,0.918429970741272,22458.923037849814
2026-01-28 13:02:00+00:00,0.918429970741272,0.9185000061988831,0.91839998960495,0.9184399843215942,21636.41997056518
2026-01-28 13:03:00+00:00,0.9184499979019165,0.9185799956321716,0.9180700182914734,0.9185600280761719,18672.85974574325
2026-01-28 13:04:00+00:00,0.9185500144958496,0.9186499714851379,0.9184799790382385,0.9185000061988831,19222.171683082383
2026-01-28 13:05:00+00:00,0.9184899926185608,0.9187399744987488,0.9182699918746948,0.9186999797821045,19978.47563587852
2026-01-28 13:06:00+00:00,0.9186800122261047,0.918720006942749,0.9186000227928162,0.9186300039291382,15776.605842669233
2026-01-28 13:07:00+00:00,0.9186300039291382,0.9188399910926819,0.9182699918746948,0.918720006942749,16186.745496930995
2026-01-28 13:08:00+00:00,0.918720006942749,0.9187999963760376,0.9186800122261047,0.918690025806427,17124.507654663288
2026-01-28 13:09:00+00:00,0.918690025806427,0.9187999963760376,0.9183099865913391,0.918749988079071,14407.7089621285
2026-01-28 13:10:00+00:00,0.918749988079071,0.9188100099563599,0.9186999797821045,0.9186999797821045,15821.650373017246
2026-01-28 13:11:00+00:00,0.9186999797821045,0.9187399744987488,0.9181600213050842,0.9186599850654602,12940.051983405565
2026-01-28 13:12:00+00:00,0.9186400175094604,0.9187999963760376,0.9186400175094604,0.918720006942749,15587.438622539568
2026-01-28 13:13:00+00:00,0.9187300205230713,0.9188100099563599,0.9183400273323059,0.9187600016593933,16466.221211599997
2026-01-28 13:14:00+00:00,0.9187600016593933,0.9187999963760376,0.9186499714851379,0.9186699986457825,13644.370803001973
2026-01-28 13:15:00+00:00,0.9186699986457825,0.9187899827957153,0.9182500243186951,0.9187600016593933,13630.747530500117
2026-01-28 13:16:00+00:00,0.9187600016593933,0.9188399910926819,0.9186800122261047,0.9187700152397156,14661.883606438587
2026-01-28 13:17:00+00:00,0.9187700152397156,0.9188299775123596,0.9183499813079834,0.9187600016593933,16062.782846220965
2026-01-28 13:18:00+00:00,0.9187600016593933,0.9187999963760376,0.9186599850654602,0.9186599850654602,12029.40014636199
2026-01-28 13:19:00+00:00,0.9186699986457825,0.9187999963760376,0.9183099865913391,0.9187999963760376,15188.866505387872
2026-01-28 13:20:00+00:00,0.9187600016593933,0.9187899827957153,0.9185900092124939,0.9187399744987488,14837.468764991414
2026-01-28 13:21:00+00:00,0.9187300205230713,0.9188500046730042,0.9183800220489502,0.9188500046730042,12930.165249468228
2026-01-28 13:22:00+00:00,0.9188200235366821,0.9188799858093262,0.918720006942749,0.9187899827957153,10828.250927593675
2026-01-28 13:23:00+00:00,0.9187899827957153,0.9188200235366821,0.9183499813079834,0.918749988079071,13245.636641417434
2026-01-28 13:24:00+00:00,0.9187600016593933,0.9188100099563599,0.9186999797821045,0.9187600016593933,12596.467696472453
2026-01-28 13:25:00+00:00,0.9187999963760376,0.9187999963760376,0.9181100130081177,0.9186099767684937,16093.114866671034
2026-01-28 13:26:00+00:00,0.9186199903488159,0.9186999797821045,0.9185299873352051,0.9185500144958496,17949.72702900776
2026-01-28 13:27:00+00:00,0.9185500144958496,0.9187600016593933,0.9182100296020508,0.9187600016593933,18899.97875669459
2026-01-28 13:28:00+00:00,0.9187300205230713,0.9189000129699707,0.918720006942749,0.918749988079071,20891.886470554015
2026-01-28 13:29:00+00:00,0.9187600016593933,0.9188100099563599,0.9182900190353394,0.9187300205230713,20201.129899511645
2026-01-28 13:30:00+00:00,0.9187300205230713,0.9188500046730042,0.9187300205230713,0.9187899827957153,17425.893116081745
2026-01-28 13:31:00+00:00,0.9187899827957153,0.9188699722290039,0.9183700084686279,0.9188100099563599,19806.390735262772
2026-01-28 13:32:00+00:00,0.9188100099563599,0.9188200235366821,0.9186800122261047,0.9187300205230713,18903.30797641611
2026-01-28 13:33:00+00:00,0.918720006942749,0.9189000129699707,0.9183200001716614,0.9187600016593933,22131.335136578808
2026-01-28 13:34:00+00:00,0.918720006942749,0.9187700152397156,0.9186400175094604,0.9187300205230713,16931.57485212808
2026-01-28 13:35:00+00:00,0.9187099933624268,0.9188299775123596,0.9182999730110168,0.9186999797821045,17865.759188947566
2026-01-28 13:36:00+00:00,0.918690025806427,0.9188200235366821,0.918690025806427,0.918720006942749,17682.39102016099
2026-01-28 13:37:00+00:00,0.918720006942749,0.9187800288200378,0.9182599782943726,0.9186999797821045,19621.254588210264
2026-01-28 13:38:00+00:00,0.9186999797821045,0.9187300205230713,0.9186699986457825,0.9186699986457825,20150.18325870918
2026-01-28 13:39:00+00:00,0.918690025806427,0.918749988079071,0.9181900024414062,0.9186099767684937,17680.582549083632
2026-01-28 13:40:00+00:00,0.9186099767684937,0.9186999797821045,0.9186099767684937,0.9186499714851379,14364.814579127764
2026-01-28 13:41:00+00:00,0.9186400175094604,0.9190000295639038,0.9185799956321716,0.9189599752426147,12702.354148658094
2026-01-28 13:42:00+00:00,0.9189599752426147,0.9190999865531921,0.9188899993896484,0.9190000295639038,14697.2079101848
2026-01-28 13:43:00+00:00,0.9189599752426147,0.9190000295639038,0.9185100197792053,0.9189199805259705,12042.043833805546
2026-01-28 13:44:00+00:00,0.9189199805259705,0.9190000295639038,0.9187800288200378,0.918940007686615,14512.45680883377
2026-01-28 13:45:00+00:00,0.9189299941062927,0.9190499782562256,0.9184799790382385,0.9189500212669373,17165.675717536004
2026-01-28 13:46:00+00:00,0.918940007686615,0.9189900159835815,0.9188399910926819,0.9189599752426147,16738.399645272228
2026-01-28 13:47:00+00:00,0.9189800024032593,0.9190199971199036,0.9182999730110168,0.9187399744987488,19436.0551549673
2026-01-28 13:48:00+00:00,0.9187399744987488,0.918749988079071,0.9185500144958496,0.9186599850654602,19254.094048227067
2026-01-28 13:49:00+00:00,0.9186499714851379,0.9187300205230713,0.9181900024414062,0.9186499714851379,17122.62730470766
2026-01-28 13:50:00+00:00,0.9186099767684937,0.9188100099563599,0.9185900092124939,0.918720006942749,24195.716964554365
2026-01-28 13:51:00+00:00,0.9186999797821045,0.9187999963760376,0.9182900190353394,0.918720006942749,24219.75154725065
2026-01-28 13:52:00+00:00,0.9186999797821045,0.9188200235366821,0.9186999797821045,0.9187700152397156,25895.46681221009
2026-01-28 13:53:00+00:00,0.9187800288200378,0.9188799858093262,0.9183700084686279,0.9188100099563599,22376.39808796531
2026-01-28 13:54:00+00:00,0.9188399910926819,0.9189000129699707,0.918720006942749,0.9187399744987488,26505.4993986153
2026-01-28 13:55:00+00:00,0.918749988079071,0.9187999963760376,0.9181900024414062,0.9186800122261047,19927.94837097478
2026-01-28 13:56:00+00:00,0.9186800122261047,0.9187999963760376,0.9185600280761719,0.9185900092124939,32446.56055931951
2026-01-28 13:57:00+00:00,0.9185699820518494,0.918720006942749,0.9180700182914734,0.918690025806427,29729.138711920852
2026-01-28 13:58:00+00:00,0.9186800122261047,0.9188299775123596,0.9186099767684937,0.9187899827957153,27662.996048571324
2026-01-28 13:59:00+00:00,0.9187600016593933,0.9188500046730042,0.9183800220489502,0.9188299775123596,33595.56716781947
2026-01-28 14:00:00+00:00,0.9188399910926819,0.9188500046730042,0.918749988079071,0.918749988079071,29956.83363902043
2026-01-28 14:01:00+00:00,0.918749988079071,0.9187999963760376,0.9181900024414062,0.9186499714851379,27008.366710525115
2026-01-28 14:02:00+00:00,0.9186499714851379,0.9188899993896484,0.9186199903488159,0.9188399910926819,24885.553578233743
2026-01-28 14:03:00+00:00,0.9188500046730042,0.9188500046730042,0.9182500243186951,0.9186800122261047,31681.4571756116
2026-01-28 14:04:00+00:00,0.9186699986457825,0.9189500212669373,0.9186699986457825,0.9188899993896484,32078.952513555825
2026-01-28 14:05:00+00:00,0.9189000129699707,0.9190099835395813,0.9184200167655945,0.9188899993896484,27326.41776779704
2026-01-28 14:06:00+00:00,0.9188600182533264,0.9188899993896484,0.9187700152397156,0.9188899993896484,29315.422840279418
2026-01-28 14:07:00+00:00,0.9188500046730042,0.9189000129699707,0.91839998960495,0.9188600182533264,34104.24402536047
2026-01-28 14:08:00+00:00,0.9188600182533264,0.9189000129699707,0.918749988079071,0.9188299775123596,25768.364981984345
2026-01-28 14:09:00+00:00,0.9188299775123596,0.9190099835395813,0.9184899926185608,0.9189199805259705,31541.164304517108
2026-01-28 14:10:00+00:00,0.9189199805259705,0.9189599752426147,0.9186999797821045,0.9187399744987488,26936.022719761193
2026-01-28 14:11:00+00:00,0.918749988079071,0.9188100099563599,0.9183099865913391,0.918720006942749,32406.34390772724
2026-01-28 14:12:00+00:00,0.918720006942749,0.9188899993896484,0.9187099933624268,0.9188500046730042,26329.716742285997
2026-01-28 14:13:00+00:00,0.9188500046730042,0.9189000129699707,0.9183099865913391,0.9187700152397156,27176.094714788713
2026-01-28 14:14:00+00:00,0.9187800288200378,0.9188299775123596,0.918720006942749,0.9187800288200378,23528.773096047582
2026-01-28 14:15:00+00:00,0.9187800288200378,0.9189000129699707,0.9184399843215942,0.9188600182533264,28003.279094103873
2026-01-28 14:16:00+00:00,0.9188600182533264,0.9190999865531921,0.9188600182533264,0.9190599918365479,24630.64985522701
2026-01-28 14:17:00+00:00,0.9190499782562256,0.9190999865531921,0.918429970741272,0.9188600182533264,23869.873073555133
2026-01-28 14:18:00+00:00,0.9188600182533264,0.9188899993896484,0.9187099933624268,0.918720006942749,27178.650766970713
2026-01-28 14:19:00+00:00,0.918749988079071,0.9189000129699707,0.9182400107383728,0.9186699986457825,24776.23923042673
2026-01-28 14:20:00+00:00,0.9186800122261047,0.9187999963760376,0.9186599850654602,0.918749988079071,26560.594974964533
2026-01-28 14:21:00+00:00,0.918749988079071,0.9188100099563599,0.9183099865913391,0.9187600016593933,25370.499404813723
2026-01-28 14:22:00+00:00,0.9187600016593933,0.918910026550293,0.9187399744987488,0.9187800288200378,27331.29704159564
2026-01-28 14:23:00+00:00,0.9187899827957153,0.9187999963760376,0.9182000160217285,0.9186199903488159,30593.001171277127
2026-01-28 14:24:00+00:00,0.9186300039291382,0.918690025806427,0.9184799790382385,0.9185000061988831,28909.76227632484
2026-01-28 14:25:00+00:00,0.9184899926185608,0.9185199737548828,0.917930006980896,0.9183300137519836,30401.318300680316
2026-01-28 14:26:00+00:00,0.9183300137519836,0.9184399843215942,0.9183300137519836,0.9183499813079834,31498.75920483704
2026-01-28 14:27:00+00:00,0.9183599948883057,0.9186000227928162,0.9180799722671509,0.9185600280761719,27148.03734796072
2026-01-28 14:28:00+00:00,0.9185600280761719,0.9186000227928162,0.9184600114822388,0.9184799790382385,25316.986864451854
2026-01-28 14:29:00+00:00,0.9184600114822388,0.9185100197792053,0.9179700016975403,0.9183899760246277,29259.21804649286
2026-01-28 14:30:00+00:00,0.9183800220489502,0.9185199737548828,0.9183499813079834,0.9184600114822388,24822.09627392752
2026-01-28 14:31:00+00:00,0.918470025062561,0.9185000061988831,0.9179900288581848,0.9184100031852722,22996.06334402144
2026-01-28 14:32:00+00:00,0.9184100031852722,0.9184499979019165,0.9182900190353394,0.9183499813079834,23295.510609973786
2026-01-28 14:33:00+00:00,0.9183499813079834,0.91839998960495,0.9178699851036072,0.9183099865913391,21231.023338793144
2026-01-28 14:34:00+00:00,0.9182999730110168,0.91839998960495,0.9182500243186951,0.9182599782943726,21370.16233044678
2026-01-28 14:35:00+00:00,0.9182500243186951,0.9183099865913391,0.9177500009536743,0.9182400107383728,19564.746045335123
2026-01-28 14:36:00+00:00,0.9182299971580505,0.91839998960495,0.9182000160217285,0.9183099865913391,24097.001598437797
2026-01-28 14:37:00+00:00,0.9182999730110168,0.9183499813079834,0.9178500175476074,0.9183099865913391,17289.529775111252
2026-01-28 14:38:00+00:00,0.9182999730110168,0.9184499979019165,0.9182699918746948,0.9183300137519836,17921.606313303942
2026-01-28 14:39:00+00:00,0.9183300137519836,0.9185299873352051,0.917900025844574,0.9183400273323059,24057.41208024347
2026-01-28 14:40:00+00:00,0.9183300137519836,0.9185600280761719,0.9183300137519836,0.9185400009155273,21877.96612486387
2026-01-28 14:41:00+00:00,0.9185299873352051,0.9186000227928162,0.9180200099945068,0.9184399843215942,24885.007618745167
2026-01-28 14:42:00+00:00,0.9184399843215942,0.9185199737548828,0.918429970741272,0.9184399843215942,25439.719192378016
2026-01-28 14:43:00+00:00,0.918429970741272,0.9184499979019165,0.917900025844574,0.9183200001716614,23609.114750504883
2026-01-28 14:44:00+00:00,0.9183099865913391,0.9183599948883057,0.9181900024414062,0.9182100296020508,30728.62216796316
2026-01-28 14:45:00+00:00,0.9182199835777283,0.9183200001716614,0.9178000092506409,0.9182199835777283,28122.09551334987
2026-01-28 14:46:00+00:00,0.9182599782943726,0.91839998960495,0.9181399941444397,0.9181699752807617,26873.004336407295
2026-01-28 14:47:00+00:00,0.9181600213050842,0.9182699918746948,0.917680025100708,0.9182500243186951,23741.735578514763
2026-01-28 14:48:00+00:00,0.9182500243186951,0.9182500243186951,0.918150007724762,0.9181900024414062,27767.444378298187
2026-01-28 14:49:00+00:00,0.9182000160217285,0.9182999730110168,0.9178500175476074,0.9182500243186951,23131.570413107915
2026-01-28 14:50:00+00:00,0.9182599782943726,0.9185600280761719,0.9182500243186951,0.9185400009155273,26394.26111687948
2026-01-28 14:51:00+00:00,0.9185600280761719,0.9186000227928162,0.9180700182914734,0.9185000061988831,26645.322204175354
2026-01-28 14:52:00+00:00,0.9185100197792053,0.9187399744987488,0.91839998960495,0.918690025806427,30481.491955640773
2026-01-28 14:53:00+00:00,0.918690025806427,0.918720006942749,0.918179988861084,0.9186400175094604,28747.431425086335
2026-01-28 14:54:00+00:00,0.9186300039291382,0.9187099933624268,0.9186099767684937,0.9186800122261047,24484.62170449711
2026-01-28 14:55:00+00:00,0.9187099933624268,0.9187399744987488,0.9181600213050842,0.9185100197792053,25576.102877555404
2026-01-28 14:56:00+00:00,0.9185000061988831,0.9186099767684937,0.9184100031852722,0.9185100197792053,28478.763457885358
2026-01-28 14:57:00+00:00,0.9185299873352051,0.9186999797821045,0.9180799722671509,0.9185400009155273,20111.123510095535
2026-01-28 14:58:00+00:00,0.9185400009155273,0.9186000227928162,0.9185000061988831,0.9185000061988831,24018.931827530105
2026-01-28 14:59:00+00:00,0.9185000061988831,0.9186000227928162,0.9180799722671509,0.9185699820518494,23956.593326495804
2026-01-28 15:00:00+00:00,0.9185600280761719,0.9185900092124939,0.918429970741272,0.9185299873352051,26030.242754720744
2026-01-28 15:01:00+00:00,0.9184899926185608,0.9186999797821045,0.9182000160217285,0.9186400175094604,25006.26127121401
2026-01-28 15:02:00+00:00,0.9186499714851379,0.9187099933624268,0.9185699820518494,0.9186400175094604,22166.05797471145
2026-01-28 15:03:00+00:00,0.9186499714851379,0.9187600016593933,0.9182400107383728,0.9186800122261047,29536.92390099144
2026-01-28 15:04:00+00:00,0.918690025806427,0.9187999963760376,0.9186199903488159,0.9187600016593933,25144.200836271535
2026-01-28 15:05:00+00:00,0.9187600016593933,0.9188200235366821,0.9182900190353394,0.9186599850654602,25537.009589217003
2026-01-28 15:06:00+00:00,0.9186800122261047,0.9187999963760376,0.9186400175094604,0.9186400175094604,19363.976429141847
2026-01-28 15:07:00+00:00,0.9186400175094604,0.9199000000953674,0.9185400009155273,0.9198700189590454,33930.009392773725
2026-01-28 15:08:00+00:00,0.9198200106620789,0.9205700159072876,0.9193099737167358,0.9200299978256226,59579.51286361037
2026-01-28 15:09:00+00:00,0.9199900031089783,0.9201099872589111,0.9191700220108032,0.9196299910545349,64494.812935098904
2026-01-28 15:10:00+00:00,0.9195899963378906,0.9203000068664551,0.9195500016212463,0.9202899932861328,84014.3716503768
2026-01-28 15:11:00+00:00,0.9202399849891663,0.9203400015830994,0.9193500280380249,0.9199399948120117,89977.92459385512
2026-01-28 15:12:00+00:00,0.9199900031089783,0.9202200174331665,0.9197499752044678,0.9201400279998779,68908.88464912039
2026-01-28 15:13:00+00:00,0.9200999736785889,0.9204699993133545,0.9199000000953674,0.9203900098800659,95657.4216868916
2026-01-28 15:14:00+00:00,0.9204000234603882,0.9207199811935425,0.9203500151634216,0.9204599857330322,100000.0
2026-01-28 15:15:00+00:00,0.92044997215271,0.9205099940299988,0.9198499917984009,0.9201899766921997,91498.62450571118
2026-01-28 15:16:00+00:00,0.9202200174331665,0.9205399751663208,0.9201599955558777,0.9204099774360657,100000.0
2026-01-28 15:17:00+00:00,0.9204199910163879,0.9204999804496765,0.919730007648468,0.9202700257301331,89141.56803308341
2026-01-28 15:18:00+00:00,0.9202399849891663,0.9208099842071533,0.9202399849891663,0.9207800030708313,85033.20370177548
2026-01-28 15:19:00+00:00,0.9207900166511536,0.9210000038146973,0.9203600287437439,0.9208599925041199,84000.52398511901
2026-01-28 15:20:00+00:00,0.9208400249481201,0.9209100008010864,0.9201899766921997,0.9202100038528442,72513.1713445709
2026-01-28 15:21:00+00:00,0.9202200174331665,0.9205999970436096,0.9200000166893005,0.9204300045967102,89397.30288491856
2026-01-28 15:22:00+00:00,0.9204300045967102,0.9208999872207642,0.9204300045967102,0.9207900166511536,90996.65501660603
2026-01-28 15:23:00+00:00,0.9207900166511536,0.9210600256919861,0.9205600023269653,0.9210500121116638,92941.97841833903
2026-01-28 15:24:00+00:00,0.921019971370697,0.9211699962615967,0.920710027217865,0.9209799766540527,72718.97881610956
2026-01-28 15:25:00+00:00,0.9209799766540527,0.920989990234375,0.9203100204467773,0.9207599759101868,87969.7343255124
2026-01-28 15:26:00+00:00,0.9207599759101868,0.9208499789237976,0.9206500053405762,0.920769989490509,69407.68699587155
2026-01-28 15:27:00+00:00,0.920740008354187,0.9209200143814087,0.920229971408844,0.9206799864768982,78387.85045568504
2026-01-28 15:28:00+00:00,0.9206299781799316,0.9208099842071533,0.9204300045967102,0.9205300211906433,83043.29795078973
2026-01-28 15:29:00+00:00,0.920490026473999,0.9205999970436096,0.9200400114059448,0.920520007610321,81832.39300796448
2026-01-28 15:30:00+00:00,0.920520007610321,0.920520007610321,0.9201899766921997,0.9202899932861328,88339.1026296914
2026-01-28 15:31:00+00:00,0.9203400015830994,0.9205999970436096,0.9198799729347229,0.9202600121498108,78474.62048712716
2026-01-28 15:32:00+00:00,0.9202799797058105,0.9203100204467773,0.920009970664978,0.9200599789619446,73574.21844591048
2026-01-28 15:33:00+00:00,0.9200999736785889,0.9201099872589111,0.9194999933242798,0.9199299812316895,81116.04990713067
2026-01-28 15:34:00+00:00,0.9199699759483337,0.9200199842453003,0.9197999835014343,0.9199100136756897,63689.47184101615
2026-01-28 15:35:00+00:00,0.9199399948120117,0.9200299978256226,0.9193699955940247,0.9197900295257568,47688.508818788534
2026-01-28 15:36:00+00:00,0.9197800159454346,0.9198600053787231,0.9195399880409241,0.9198200106620789,59763.56852847461
2026-01-28 15:37:00+00:00,0.9198700189590454,0.9202399849891663,0.9197099804878235,0.9201800227165222,58670.34354712518
2026-01-28 15:38:00+00:00,0.9202200174331665,0.9202799797058105,0.919979989528656,0.9201800227165222,55846.93904739647
2026-01-28 15:39:00+00:00,0.9201800227165222,0.9202499985694885,0.9196699857711792,0.9200500249862671,62608.20758756428
2026-01-28 15:40:00+00:00,0.9200599789619446,0.9200999736785889,0.9198499917984009,0.9199299812316895,49398.88615243314
2026-01-28 15:41:00+00:00,0.919920027256012,0.9200000166893005,0.9192799925804138,0.9196400046348572,53332.961375778796
2026-01-28 15:42:00+00:00,0.9196400046348572,0.919700026512146,0.9195600152015686,0.9196199774742126,43518.87384447997
2026-01-28 15:43:00+00:00,0.9196199774742126,0.9196500182151794,0.9189500212669373,0.9193900227546692,46305.10275030007
2026-01-28 15:44:00+00:00,0.9193999767303467,0.919510006904602,0.9193199872970581,0.9194200038909912,41528.439863020685
2026-01-28 15:45:00+00:00,0.9193900227546692,0.9194700121879578,0.9189199805259705,0.9193300008773804,42892.17128019187
2026-01-28 15:46:00+00:00,0.9193300008773804,0.9194200038909912,0.9191200137138367,0.9192000031471252,42009.18101828251
2026-01-28 15:47:00+00:00,0.9192100167274475,0.9193699955940247,0.9187600016593933,0.9191399812698364,47152.37909961418
2026-01-28 15:48:00+00:00,0.919189989566803,0.9193199872970581,0.9189599752426147,0.9190700054168701,39251.98696441254
2026-01-28 15:49:00+00:00,0.9190599918365479,0.9193000197410583,0.9186699986457825,0.9190999865531921,49091.66977104025
2026-01-28 15:50:00+00:00,0.9190999865531921,0.9193000197410583,0.9190300107002258,0.9190899729728699,45932.141601627314
2026-01-28 15:51:00+00:00,0.9190400242805481,0.9191700220108032,0.9186300039291382,0.918969988822937,42203.072481149924
2026-01-28 15:52:00+00:00,0.9189500212669373,0.9192299842834473,0.9189299941062927,0.9190300107002258,41113.50893181074
2026-01-28 15:53:00+00:00,0.9189900159835815,0.9192399978637695,0.9186300039291382,0.9189500212669373,48496.28259776056
2026-01-28 15:54:00+00:00,0.9189800024032593,0.9190999865531921,0.9189199805259705,0.9190599918365479,42240.479246493655
2026-01-28 15:55:00+00:00,0.9190599918365479,0.9192600250244141,0.9184499979019165,0.9188799858093262,46471.749682299844
2026-01-28 15:56:00+00:00,0.9187899827957153,0.919189989566803,0.918720006942749,0.9187999963760376,61370.45563521533
2026-01-28 15:57:00+00:00,0.9188600182533264,0.9190300107002258,0.9182800054550171,0.9186999797821045,58014.30012769245
2026-01-28 15:58:00+00:00,0.9186999797821045,0.9188899993896484,0.9186699986457825,0.918749988079071,50393.40810440135
2026-01-28 15:59:00+00:00,0.918690025806427,0.9188600182533264,0.9182999730110168,0.9188100099563599,52065.817511468005
2026-01-28 16:00:00+00:00,0.9187600016593933,0.9190000295639038,0.9187399744987488,0.9189000129699707,63433.67655799644
2026-01-28 16:01:00+00:00,0.918910026550293,0.9190000295639038,0.9184899926185608,0.9189599752426147,51277.09732500361
2026-01-28 16:02:00+00:00,0.9189500212669373,0.9189800024032593,0.9188299775123596,0.9188500046730042,49884.75477619731
2026-01-28 16:03:00+00:00,0.9188500046730042,0.9191700220108032,0.9186800122261047,0.9190800189971924,47952.08330304693
2026-01-28 16:04:00+00:00,0.9190599918365479,0.9191300272941589,0.9190000295639038,0.9190899729728699,44681.05047950921
2026-01-28 16:05:00+00:00,0.9190800189971924,0.9191300272941589,0.9185100197792053,0.9189299941062927,49144.35948483915
2026-01-28 16:06:00+00:00,0.918910026550293,0.9190300107002258,0.9188600182533264,0.9189800024032593,40333.3469752841
2026-01-28 16:07:00+00:00,0.9189800024032593,0.9191300272941589,0.9186199903488159,0.9190300107002258,43675.31457438778
2026-01-28 16:08:00+00:00,0.9190099835395813,0.9191499948501587,0.9189500212669373,0.9190700054168701,41477.39811344262
2026-01-28 16:09:00+00:00,0.9190800189971924,0.9191100001335144,0.9185799956321716,0.918910026550293,28660.934275012416
2026-01-28 16:10:00+00:00,0.918910026550293,0.9190199971199036,0.9188500046730042,0.9189000129699707,28575.56514091724
2026-01-28 16:11:00+00:00,0.9188500046730042,0.9189800024032593,0.9184499979019165,0.9189000129699707,22370.405210271565
2026-01-28 16:12:00+00:00,0.9189000129699707,0.9190000295639038,0.9188399910926819,0.9188399910926819,24126.49513955637
2026-01-28 16:13:00+00:00,0.9188399910926819,0.918910026550293,0.9183400273323059,0.9188200235366821,22863.809923645294
2026-01-28 16:14:00+00:00,0.9188200235366821,0.9190899729728699,0.9187700152397156,0.9190499782562256,26062.817531374116
2026-01-28 16:15:00+00:00,0.9190199971199036,0.9190899729728699,0.9184799790382385,0.9189299941062927,31727.669775223047
2026-01-28 16:16:00+00:00,0.9189299941062927,0.9190599918365479,0.9188399910926819,0.9188799858093262,30552.38214312626
2026-01-28 16:17:00+00:00,0.9188799858093262,0.9190199971199036,0.9184899926185608,0.9190099835395813,31046.347070881366
2026-01-28 16:18:00+00:00,0.9189900159835815,0.9190899729728699,0.9189199805259705,0.9189599752426147,33180.267972049696
2026-01-28 16:19:00+00:00,0.9189599752426147,0.9190400242805481,0.9185199737548828,0.9189299941062927,26708.513361566107
2026-01-28 16:20:00+00:00,0.9189599752426147,0.9190499782562256,0.9188799858093262,0.9189199805259705,28665.1810393617
2026-01-28 16:21:00+00:00,0.9189500212669373,0.9191300272941589,0.9186099767684937,0.9190499782562256,27190.83613393922
2026-01-28 16:22:00+00:00,0.9190099835395813,0.9193000197410583,0.9190099835395813,0.9192100167274475,34113.53196979315
2026-01-28 16:23:00+00:00,0.9192100167274475,0.9192399978637695,0.9186800122261047,0.9191700220108032,30555.49218702378
2026-01-28 16:24:00+00:00,0.9191700220108032,0.9193999767303467,0.9190999865531921,0.9193199872970581,33809.48584676755
2026-01-28 16:25:00+00:00,0.9192900061607361,0.9193599820137024,0.9187399744987488,0.9191700220108032,34426.956635250564
2026-01-28 16:26:00+00:00,0.9191799759864807,0.9193599820137024,0.9191399812698364,0.9193099737167358,38719.40303166715
2026-01-28 16:27:00+00:00,0.9193000197410583,0.9193599820137024,0.9186999797821045,0.9190999865531921,40283.28943923715
2026-01-28 16:28:00+00:00,0.9191399812698364,0.9192399978637695,0.9190199971199036,0.9191399812698364,35902.42214414293
2026-01-28 16:29:00+00:00,0.919160008430481,0.9192000031471252,0.9186400175094604,0.9191399812698364,36806.10199958953
2026-01-28 16:30:00+00:00,0.9191100001335144,0.9193000197410583,0.9190300107002258,0.9191799759864807,36191.81892888152
2026-01-28 16:31:00+00:00,0.919160008430481,0.919219970703125,0.9185799956321716,0.9190499782562256,31605.42357545082
2026-01-28 16:32:00+00:00,0.9190099835395813,0.9191200137138367,0.9190000295639038,0.9190000295639038,39519.980063608564
2026-01-28 16:33:00+00:00,0.9190499782562256,0.9193300008773804,0.9187700152397156,0.9191799759864807,42863.98687267152
2026-01-28 16:34:00+00:00,0.9192100167274475,0.9193999767303467,0.9191700220108032,0.9192600250244141,39697.3029515829
2026-01-28 16:35:00+00:00,0.9192900061607361,0.9193199872970581,0.9187300205230713,0.9192600250244141,39353.72250357552
2026-01-28 16:36:00+00:00,0.9192100167274475,0.9193500280380249,0.9191499948501587,0.919160008430481,41365.70711451936
2026-01-28 16:37:00+00:00,0.9192000031471252,0.919219970703125,0.9186000227928162,0.919160008430481,41325.93213481031
2026-01-28 16:38:00+00:00,0.9191200137138367,0.9193400144577026,0.9191200137138367,0.9193099737167358,34859.47845869066
2026-01-28 16:39:00+00:00,0.9192799925804138,0.91948002576828,0.9189000129699707,0.9193400144577026,38226.468293774
2026-01-28 16:40:00+00:00,0.9193300008773804,0.9193500280380249,0.9191799759864807,0.919219970703125,38744.025363480796
2026-01-28 16:41:00+00:00,0.9192299842834473,0.9193099737167358,0.9187899827957153,0.9193000197410583,39256.51753324875
2026-01-28 16:42:00+00:00,0.9192900061607361,0.919409990310669,0.9192699790000916,0.9193599820137024,31918.144000747212
2026-01-28 16:43:00+00:00,0.9193699955940247,0.9195299744606018,0.9190099835395813,0.9194499850273132,30110.225349459583
2026-01-28 16:44:00+00:00,0.9194499850273132,0.9196000099182129,0.9194200038909912,0.919439971446991,32346.54608097811
2026-01-28 16:45:00+00:00,0.91948002576828,0.9194999933242798,0.918969988822937,0.919409990310669,25064.774697752615
2026-01-28 16:46:00+00:00,0.9193699955940247,0.9195200204849243,0.9193400144577026,0.919439971446991,27959.80425848233
2026-01-28 16:47:00+00:00,0.9194499850273132,0.9195299744606018,0.918910026550293,0.9193500280380249,31728.242800540593
2026-01-28 16:48:00+00:00,0.9193400144577026,0.919439971446991,0.9192799925804138,0.9194200038909912,27145.101072199042
2026-01-28 16:49:00+00:00,0.9193900227546692,0.9195299744606018,0.9190099835395813,0.9194700121879578,31558.11692829828
2026-01-28 16:50:00+00:00,0.91948002576828,0.9194999933242798,0.9193199872970581,0.9194599986076355,22568.599477853462
2026-01-28 16:51:00+00:00,0.9194200038909912,0.9194999933242798,0.9189800024032593,0.9194300174713135,21471.840449431413
2026-01-28 16:52:00+00:00,0.9194200038909912,0.9195200204849243,0.9193500280380249,0.9194700121879578,19479.228955824616
2026-01-28 16:53:00+00:00,0.9194700121879578,0.9195200204849243,0.9189299941062927,0.9193599820137024,22471.145539959514
2026-01-28 16:54:00+00:00,0.9193599820137024,0.9193999767303467,0.9192299842834473,0.9192600250244141,24359.574728628853
2026-01-28 16:55:00+00:00,0.9192600250244141,0.9193000197410583,0.9187800288200378,0.9192299842834473,23180.839890566356
2026-01-28 16:56:00+00:00,0.919219970703125,0.9192500114440918,0.9189599752426147,0.9190099835395813,28251.556719155746
2026-01-28 16:57:00+00:00,0.9189599752426147,0.9190999865531921,0.918470025062561,0.918940007686615,26933.041943720782
2026-01-28 16:58:00+00:00,0.9188899993896484,0.918940007686615,0.9186999797821045,0.9188299775123596,31035.17411339567
2026-01-28 16:59:00+00:00,0.9188299775123596,0.9189000129699707,0.9182900190353394,0.9187700152397156,29277.97384302811
2026-01-28 17:00:00+00:00,0.918749988079071,0.9189199805259705,0.9186800122261047,0.9188899993896484,31585.714893098913
2026-01-28 17:01:00+00:00,0.9188399910926819,0.9189299941062927,0.9182599782943726,0.9186300039291382,34396.89359836224
2026-01-28 17:02:00+00:00,0.9186300039291382,0.9187999963760376,0.9186300039291382,0.9187300205230713,33292.30663104676
2026-01-28 17:03:00+00:00,0.9187099933624268,0.9187999963760376,0.9182900190353394,0.9186800122261047,28170.656695447313
2026-01-28 17:04:00+00:00,0.9186699986457825,0.918910026550293,0.9186400175094604,0.9188500046730042,35972.67321270005
2026-01-28 17:05:00+00:00,0.9188299775123596,0.9190000295639038,0.9182900190353394,0.918749988079071,40337.468981773985
2026-01-28 17:06:00+00:00,0.9187700152397156,0.9187999963760376,0.9186099767684937,0.9186499714851379,46835.76334752931
2026-01-28 17:07:00+00:00,0.9186400175094604,0.9187999963760376,0.9182999730110168,0.9187099933624268,34479.71831306729
2026-01-28 17:08:00+00:00,0.9187099933624268,0.9189199805259705,0.9186999797821045,0.9188699722290039,34926.619575702556
2026-01-28 17:09:00+00:00,0.9188600182533264,0.9189000129699707,0.9183300137519836,0.9187600016593933,47590.98524195497
2026-01-28 17:10:00+00:00,0.9187600016593933,0.9188200235366821,0.9186800122261047,0.918690025806427,33008.50480720425
2026-01-28 17:11:00+00:00,0.9186999797821045,0.9187999963760376,0.9183200001716614,0.9187399744987488,32203.769469712355
2026-01-28 17:12:00+00:00,0.9187099933624268,0.9188100099563599,0.9187099933624268,0.9188100099563599,27843.017076216365
2026-01-28 17:13:00+00:00,0.9187899827957153,0.9188100099563599,0.9182800054550171,0.9187300205230713,31598.81674621645
2026-01-28 17:14:00+00:00,0.9186800122261047,0.9187999963760376,0.9186800122261047,0.9187999963760376,26681.897864836657
2026-01-28 17:15:00+00:00,0.9187999963760376,0.9188399910926819,0.9183700084686279,0.9188399910926819,21447.43156164858
2026-01-28 17:16:00+00:00,0.9187899827957153,0.9188899993896484,0.9187399744987488,0.9187899827957153,21768.92341267308
2026-01-28 17:17:00+00:00,0.9187899827957153,0.9189199805259705,0.918429970741272,0.9188600182533264,24246.15681181182
2026-01-28 17:18:00+00:00,0.9189000129699707,0.9190000295639038,0.9188600182533264,0.9189299941062927,20874.946589139603
2026-01-28 17:19:00+00:00,0.9189500212669373,0.9190000295639038,0.9184899926185608,0.9189299941062927,17382.69831117637
2026-01-28 17:20:00+00:00,0.918910026550293,0.9190000295639038,0.9188699722290039,0.918910026550293,16188.941042024391
2026-01-28 17:21:00+00:00,0.9188899993896484,0.9189299941062927,0.9183099865913391,0.918690025806427,15258.162858683825
2026-01-28 17:22:00+00:00,0.918720006942749,0.9188200235366821,0.918690025806427,0.9187800288200378,14452.136203621474
2026-01-28 17:23:00+00:00,0.9187700152397156,0.9187999963760376,0.9183099865913391,0.9187099933624268,12251.2479739371
2026-01-28 17:24:00+00:00,0.918720006942749,0.9187999963760376,0.918690025806427,0.9186999797821045,10614.412646007506
2026-01-28 17:25:00+00:00,0.9186800122261047,0.9187999963760376,0.9182500243186951,0.9187399744987488,14811.94200327526
2026-01-28 17:26:00+00:00,0.918720006942749,0.9187999963760376,0.9186400175094604,0.9186499714851379,14308.300507422446
2026-01-28 17:27:00+00:00,0.9186599850654602,0.9187999963760376,0.9182400107383728,0.9186800122261047,14315.425388010684
2026-01-28 17:28:00+00:00,0.9186499714851379,0.9187999963760376,0.9186199903488159,0.9187399744987488,18869.232079249578
2026-01-28 17:29:00+00:00,0.9186800122261047,0.9188299775123596,0.9182400107383728,0.918720006942749,19700.331755210907
2026-01-28 17:30:00+00:00,0.918749988079071,0.9188299775123596,0.9186699986457825,0.9187099933624268,15138.978549385432
2026-01-28 17:31:00+00:00,0.918690025806427,0.9188299775123596,0.9183099865913391,0.9187999963760376,21333.261682953907
2026-01-28 17:32:00+00:00,0.9188299775123596,0.9189299941062927,0.9187399744987488,0.918910026550293,22410.938693841108
2026-01-28 17:33:00+00:00,0.9188799858093262,0.9189299941062927,0.9183499813079834,0.9187800288200378,22169.288351269024
2026-01-28 17:34:00+00:00,0.9187899827957153,0.9189000129699707,0.9187800288200378,0.9188399910926819,21463.416338868392
2026-01-28 17:35:00+00:00,0.9188500046730042,0.9189199805259705,0.9183200001716614,0.9187800288200378,19425.62838663584
2026-01-28 17:36:00+00:00,0.9187800288200378,0.9188200235366821,0.9187099933624268,0.9187600016593933,20278.50027206133
2026-01-28 17:37:00+00:00,0.9187800288200378,0.9188100099563599,0.9182999730110168,0.9187099933624268,20955.3127091995
2026-01-28 17:38:00+00:00,0.9187099933624268,0.9187999963760376,0.9186599850654602,0.9187700152397156,16673.408185897202
2026-01-28 17:39:00+00:00,0.918749988079071,0.9189000129699707,0.9184200167655945,0.9188399910926819,22236.983613277385
2026-01-28 17:40:00+00:00,0.9188399910926819,0.918910026550293,0.918749988079071,0.9188600182533264,20683.88934628274
2026-01-28 17:41:00+00:00,0.9188600182533264,0.9190000295639038,0.9185199737548828,0.9189800024032593,18927.92961057124
2026-01-28 17:42:00+00:00,0.918969988822937,0.9190000295639038,0.9188699722290039,0.9189199805259705,17442.744689866446
2026-01-28 17:43:00+00:00,0.9188899993896484,0.9189199805259705,0.9184200167655945,0.9188600182533264,14939.377641314179
2026-01-28 17:44:00+00:00,0.9188299775123596,0.9190199971199036,0.9188299775123596,0.9189800024032593,17050.09403148982
2026-01-28 17:45:00+00:00,0.9189800024032593,0.9192000031471252,0.9187300205230713,0.919160008430481,14403.802791597338
2026-01-28 17:46:00+00:00,0.919160008430481,0.9191799759864807,0.918969988822937,0.9190000295639038,14295.346441444446
2026-01-28 17:47:00+00:00,0.9189900159835815,0.9191100001335144,0.9186099767684937,0.9190700054168701,14804.680251336722
2026-01-28 17:48:00+00:00,0.9190400242805481,0.9190999865531921,0.9190000295639038,0.9190300107002258,11997.087332328638
2026-01-28 17:49:00+00:00,0.9190400242805481,0.9190999865531921,0.9185299873352051,0.9189900159835815,11755.900068140381
2026-01-28 17:50:00+00:00,0.9189500212669373,0.9190999865531921,0.9189299941062927,0.9190000295639038,14572.326855594787
2026-01-28 17:51:00+00:00,0.918940007686615,0.9190999865531921,0.9185799956321716,0.9190400242805481,14021.655544722871
2026-01-28 17:52:00+00:00,0.9190300107002258,0.9190999865531921,0.9189500212669373,0.9190199971199036,16039.93357860336
2026-01-28 17:53:00+00:00,0.9190199971199036,0.9190999865531921,0.9186000227928162,0.9190199971199036,16135.864241528838
2026-01-28 17:54:00+00:00,0.9190199971199036,0.9190999865531921,0.918969988822937,0.9189900159835815,14510.804313050776
2026-01-28 17:55:00+00:00,0.9190099835395813,0.9190099835395813,0.9185600280761719,0.9189500212669373,12487.813524822099
2026-01-28 17:56:00+00:00,0.9189500212669373,0.9189800024032593,0.9188100099563599,0.9188500046730042,16093.474785635306
2026-01-28 17:57:00+00:00,0.9188799858093262,0.918940007686615,0.9184499979019165,0.9189199805259705,15927.44703014943
2026-01-28 17:58:00+00:00,0.9188899993896484,0.9190000295639038,0.9188200235366821,0.9189299941062927,16141.516498458881
2026-01-28 17:59:00+00:00,0.918940007686615,0.9189800024032593,0.9183899760246277,0.9188100099563599,15663.894660761916
2026-01-28 18:00:00+00:00,0.9188100099563599,0.918910026550293,0.9187999963760376,0.9188399910926819,16560.260639698903
2026-01-28 18:01:00+00:00,0.9188799858093262,0.9189000129699707,0.9183899760246277,0.9187899827957153,13104.394751583211
2026-01-28 18:02:00+00:00,0.9187899827957153,0.9189000129699707,0.9187300205230713,0.9188699722290039,15580.944076763357
2026-01-28 18:03:00+00:00,0.9188600182533264,0.9189299941062927,0.918429970741272,0.9188699722290039,16308.770568132895
2026-01-28 18:04:00+00:00,0.9188899993896484,0.9191300272941589,0.9188899993896484,0.9190899729728699,16074.258916795703
2026-01-28 18:05:00+00:00,0.9191200137138367,0.9192000031471252,0.9186499714851379,0.919160008430481,19391.491368128685
2026-01-28 18:06:00+00:00,0.919160008430481,0.9192100167274475,0.9190499782562256,0.9190899729728699,17215.831732752962
2026-01-28 18:07:00+00:00,0.9190599918365479,0.9191100001335144,0.9185699820518494,0.918969988822937,18231.75433549742
2026-01-28 18:08:00+00:00,0.9189800024032593,0.9190999865531921,0.918940007686615,0.9190599918365479,22137.438034566654
2026-01-28 18:09:00+00:00,0.9190400242805481,0.9190999865531921,0.9186199903488159,0.9190400242805481,21893.89930246191
2026-01-28 18:10:00+00:00,0.9190400242805481,0.9191399812698364,0.9190300107002258,0.9191100001335144,21692.861300001347
2026-01-28 18:11:00+00:00,0.9191100001335144,0.9192000031471252,0.9186800122261047,0.9191799759864807,19984.067356438867
2026-01-28 18:12:00+00:00,0.9191700220108032,0.919219970703125,0.9191100001335144,0.919189989566803,17361.01275059874
2026-01-28 18:13:00+00:00,0.9191799759864807,0.9192000031471252,0.918720006942749,0.9190999865531921,17297.37160849797
2026-01-28 18:14:00+00:00,0.9191300272941589,0.9192000031471252,0.9190599918365479,0.9191200137138367,17743.147096928533
2026-01-28 18:15:00+00:00,0.9190999865531921,0.919219970703125,0.9187399744987488,0.9192100167274475,15514.461558161924
2026-01-28 18:16:00+00:00,0.9192000031471252,0.9193000197410583,0.9191300272941589,0.9192900061607361,14292.012845905563
2026-01-28 18:17:00+00:00,0.9192500114440918,0.9193500280380249,0.9188399910926819,0.9192900061607361,17091.509014110696
2026-01-28 18:18:00+00:00,0.9192799925804138,0.919439971446991,0.9192799925804138,0.9193900227546692,12342.468394711874
2026-01-28 18:19:00+00:00,0.9193900227546692,0.919439971446991,0.918940007686615,0.919409990310669,13563.50399941902
2026-01-28 18:20:00+00:00,0.9193900227546692,0.9195299744606018,0.9193300008773804,0.9194599986076355,15150.790185544463
2026-01-28 18:21:00+00:00,0.9194599986076355,0.9195399880409241,0.9190700054168701,0.919510006904602,11827.618208423128
2026-01-28 18:22:00+00:00,0.9194999933242798,0.9195299744606018,0.9194300174713135,0.9194700121879578,11621.928973477334
2026-01-28 18:23:00+00:00,0.9194599986076355,0.9195399880409241,0.9190700054168701,0.9195299744606018,9183.00766166365
2026-01-28 18:24:00+00:00,0.9194999933242798,0.9196299910545349,0.9194999933242798,0.9196100234985352,10547.755500451423
2026-01-28 18:25:00+00:00,0.9195899963378906,0.9196400046348572,0.9191200137138367,0.9196100234985352,10187.282932971806
2026-01-28 18:26:00+00:00,0.9196100234985352,0.919700026512146,0.9195700287818909,0.9196299910545349,9917.309042866862
2026-01-28 18:27:00+00:00,0.9196299910545349,0.919700026512146,0.919189989566803,0.9196900129318237,10177.278602964243
2026-01-28 18:28:00+00:00,0.9196500182151794,0.9197099804878235,0.9196100234985352,0.9196100234985352,10594.070237435924
2026-01-28 18:29:00+00:00,0.9196100234985352,0.919700026512146,0.919189989566803,0.9196299910545349,11583.831813999423
2026-01-28 18:30:00+00:00,0.9196400046348572,0.9197199940681458,0.9196100234985352,0.9196500182151794,11237.164143047188
2026-01-28 18:31:00+00:00,0.9196299910545349,0.919700026512146,0.9192000031471252,0.9196299910545349,11036.547684348909
2026-01-28 18:32:00+00:00,0.9196000099182129,0.9198499917984009,0.9196000099182129,0.9197999835014343,11672.911843095582
2026-01-28 18:33:00+00:00,0.9197999835014343,0.9199299812316895,0.919439971446991,0.9198700189590454,12899.147410669932
2026-01-28 18:34:00+00:00,0.9198700189590454,0.9200000166893005,0.9198600053787231,0.919920027256012,12002.708234027754
2026-01-28 18:35:00+00:00,0.919920027256012,0.9200199842453003,0.9195500016212463,0.9199299812316895,11085.33702871273
2026-01-28 18:36:00+00:00,0.9199299812316895,0.9199299812316895,0.9196500182151794,0.9196500182151794,13811.480966264739
2026-01-28 18:37:00+00:00,0.9196500182151794,0.9197400212287903,0.9192100167274475,0.919700026512146,16916.088170103845
2026-01-28 18:38:00+00:00,0.919730007648468,0.9197499752044678,0.9195399880409241,0.9195799827575684,17123.686057218812
2026-01-28 18:39:00+00:00,0.9195700287818909,0.9196400046348572,0.9191300272941589,0.9195700287818909,18883.751753621156
2026-01-28 18:40:00+00:00,0.9195500016212463,0.9196199774742126,0.9194999933242798,0.9195299744606018,17469.384840859268
2026-01-28 18:41:00+00:00,0.9195299744606018,0.9198200106620789,0.9193099737167358,0.9197800159454346,17811.532785984604
2026-01-28 18:42:00+00:00,0.9197800159454346,0.9198200106620789,0.9195500016212463,0.9196400046348572,19017.719530811006
2026-01-28 18:43:00+00:00,0.9196199774742126,0.919700026512146,0.9191100001335144,0.9195200204849243,22548.492483593895
2026-01-28 18:44:00+00:00,0.9195799827575684,0.919730007648468,0.9194899797439575,0.9196400046348572,28235.339841455483
2026-01-28 18:45:00+00:00,0.9196100234985352,0.9196599721908569,0.9191499948501587,0.9195200204849243,25904.019697249467
2026-01-28 18:46:00+00:00,0.919510006904602,0.9196000099182129,0.9192500114440918,0.9193400144577026,28024.322939431535
2026-01-28 18:47:00+00:00,0.9193199872970581,0.9193900227546692,0.9188699722290039,0.9193400144577026,29889.1853077486
2026-01-28 18:48:00+00:00,0.9193500280380249,0.919510006904602,0.9193400144577026,0.91948002576828,32963.750157835144
2026-01-28 18:49:00+00:00,0.919439971446991,0.9195299744606018,0.9189599752426147,0.9193900227546692,31574.144753413355
2026-01-28 18:50:00+00:00,0.9193900227546692,0.9194599986076355,0.9193500280380249,0.9193699955940247,27953.431458910505
2026-01-28 18:51:00+00:00,0.9193800091743469,0.9194200038909912,0.918910026550293,0.9193400144577026,24430.799819574575
2026-01-28 18:52:00+00:00,0.9193500280380249,0.9193999767303467,0.9193300008773804,0.9193800091743469,24407.076855569718
2026-01-28 18:53:00+00:00,0.9193400144577026,0.9194999933242798,0.9189800024032593,0.9193800091743469,28016.045794515692
2026-01-28 18:54:00+00:00,0.9193800091743469,0.9194999933242798,0.9193599820137024,0.9193900227546692,24416.619920045752
2026-01-28 18:55:00+00:00,0.9193599820137024,0.9194999933242798,0.9190099835395813,0.919439971446991,22680.361064163913
2026-01-28 18:56:00+00:00,0.919439971446991,0.9194999933242798,0.9192900061607361,0.9192900061607361,23279.186604382736
2026-01-28 18:57:00+00:00,0.9192900061607361,0.9193999767303467,0.9188899993896484,0.9193099737167358,16495.22207204089
2026-01-28 18:58:00+00:00,0.9193099737167358,0.9193999767303467,0.9192500114440918,0.9193199872970581,20529.325568978315
2026-01-28 18:59:00+00:00,0.9192900061607361,0.9193400144577026,0.9188699722290039,0.919160008430481,18271.679641737548
2026-01-28 19:00:00+00:00,0.9191300272941589,0.919409990310669,0.9188100099563599,0.9193699955940247,24026.436163550665
2026-01-28 19:01:00+00:00,0.9193300008773804,0.9196299910545349,0.9189299941062927,0.919160008430481,29794.33850617918
2026-01-28 19:02:00+00:00,0.9192299842834473,0.9196799993515015,0.9189199805259705,0.9196400046348572,40527.08744114664
2026-01-28 19:03:00+00:00,0.9196000099182129,0.9197199940681458,0.9191100001335144,0.9195700287818909,41793.097196553856
2026-01-28 19:04:00+00:00,0.91948002576828,0.9196199774742126,0.9193500280380249,0.9194700121879578,50507.09228941892
2026-01-28 19:05:00+00:00,0.9194200038909912,0.9195700287818909,0.9190899729728699,0.9195200204849243,37477.23388401186
2026-01-28 19:06:00+00:00,0.9194700121879578,0.9196100234985352,0.9193500280380249,0.9195799827575684,52338.29193515918
2026-01-28 19:07:00+00:00,0.9195200204849243,0.9196699857711792,0.9190999865531921,0.9196000099182129,50964.555958597746
2026-01-28 19:08:00+00:00,0.9196000099182129,0.9196500182151794,0.9193900227546692,0.9193999767303467,51550.813572424006
2026-01-28 19:09:00+00:00,0.9194599986076355,0.9194999933242798,0.9188699722290039,0.9192900061607361,49673.60814351649
2026-01-28 19:10:00+00:00,0.9193300008773804,0.9196000099182129,0.9192600250244141,0.9194499850273132,68206.16929086352
2026-01-28 19:11:00+00:00,0.9194300174713135,0.9195299744606018,0.918910026550293,0.919409990310669,64975.762061737245
2026-01-28 19:12:00+00:00,0.9194200038909912,0.9194999933242798,0.9192600250244141,0.9192900061607361,65447.283195893186
2026-01-28 19:13:00+00:00,0.9192900061607361,0.9193999767303467,0.9188600182533264,0.9193000197410583,60671.66624369489
2026-01-28 19:14:00+00:00,0.9192799925804138,0.9193400144577026,0.9192299842834473,0.9192500114440918,41685.81955106038
2026-01-28 19:15:00+00:00,0.9192500114440918,0.9193199872970581,0.9187300205230713,0.9192000031471252,53262.047522878915
2026-01-28 19:16:00+00:00,0.9192000031471252,0.9193000197410583,0.9190700054168701,0.9192399978637695,32781.915626591865
2026-01-28 19:17:00+00:00,0.9191799759864807,0.9193099737167358,0.918749988079071,0.9192500114440918,39804.02627762892
2026-01-28 19:18:00+00:00,0.9192100167274475,0.9193999767303467,0.9192100167274475,0.9192900061607361,31445.684645522248
2026-01-28 19:19:00+00:00,0.9193400144577026,0.9194499850273132,0.9189000129699707,0.9193800091743469,37247.878512767915
2026-01-28 19:20:00+00:00,0.9193800091743469,0.9194700121879578,0.9192900061607361,0.9193900227546692,34009.569137041726
2026-01-28 19:21:00+00:00,0.9193699955940247,0.9195299744606018,0.9190300107002258,0.9194999933242798,37601.61806247472
2026-01-28 19:22:00+00:00,0.91948002576828,0.9196699857711792,0.9194300174713135,0.9196599721908569,35365.15750101101
2026-01-28 19:23:00+00:00,0.9196699857711792,0.9196699857711792,0.9190800189971924,0.9196000099182129,36525.85118710493
2026-01-28 19:24:00+00:00,0.9195899963378906,0.9196400046348572,0.9193400144577026,0.9194499850273132,33782.68100842879
2026-01-28 19:25:00+00:00,0.9194499850273132,0.9196000099182129,0.9189900159835815,0.9194599986076355,37698.84695810308
2026-01-28 19:26:00+00:00,0.9194599986076355,0.9195299744606018,0.9193999767303467,0.9194700121879578,31166.31770987483
2026-01-28 19:27:00+00:00,0.9194700121879578,0.9196000099182129,0.9190099835395813,0.9194200038909912,25974.79254064795
2026-01-28 19:28:00+00:00,0.9194200038909912,0.9194999933242798,0.9193199872970581,0.9194200038909912,36586.7292011102
2026-01-28 19:29:00+00:00,0.9193900227546692,0.9194200038909912,0.9188799858093262,0.9192299842834473,31906.17003407757
2026-01-28 19:30:00+00:00,0.9192500114440918,0.9193500280380249,0.919160008430481,0.9192799925804138,28057.829932740628
2026-01-28 19:31:00+00:00,0.9192699790000916,0.919409990310669,0.9188500046730042,0.9192399978637695,30220.08548178325
2026-01-28 19:32:00+00:00,0.9192299842834473,0.9194200038909912,0.9191100001335144,0.9193999767303467,38125.43971358333
2026-01-28 19:33:00+00:00,0.9193400144577026,0.9194200038909912,0.9189299941062927,0.9193199872970581,34094.146406001666
2026-01-28 19:34:00+00:00,0.9193500280380249,0.9193800091743469,0.9191799759864807,0.9193099737167358,33874.24336217106
2026-01-28 19:35:00+00:00,0.9193300008773804,0.9193999767303467,0.9188299775123596,0.9193000197410583,30740.32713393486
2026-01-28 19:36:00+00:00,0.9192699790000916,0.9193999767303467,0.9192600250244141,0.9193199872970581,29202.72283607577
2026-01-28 19:37:00+00:00,0.9193000197410583,0.9193800091743469,0.9188699722290039,0.9192699790000916,34232.39545675788
2026-01-28 19:38:00+00:00,0.9192100167274475,0.9193000197410583,0.9189900159835815,0.9191200137138367,26984.70527325399
2026-01-28 19:39:00+00:00,0.9190700054168701,0.9191200137138367,0.9186199903488159,0.9190999865531921,25138.889066926477
2026-01-28 19:40:00+00:00,0.9190599918365479,0.9191399812698364,0.9189199805259705,0.918969988822937,24955.75908989867
2026-01-28 19:41:00+00:00,0.9189800024032593,0.9193300008773804,0.9188100099563599,0.9193000197410583,23897.02019215237
2026-01-28 19:42:00+00:00,0.9192699790000916,0.9193599820137024,0.9190599918365479,0.9191100001335144,30327.40331795124
2026-01-28 19:43:00+00:00,0.9191499948501587,0.9192100167274475,0.9186199903488159,0.9190400242805481,22779.55631555599
2026-01-28 19:44:00+00:00,0.9190000295639038,0.9192000031471252,0.9190000295639038,0.9190499782562256,31307.637749175243
2026-01-28 19:45:00+00:00,0.9190499782562256,0.9192699790000916,0.9187399744987488,0.9192100167274475,26567.328651337393
2026-01-28 19:46:00+00:00,0.919160008430481,0.9192399978637695,0.9190300107002258,0.9190300107002258,30121.86112508761
2026-01-28 19:47:00+00:00,0.9190300107002258,0.9191799759864807,0.9185799956321716,0.9191399812698364,26409.49594323607
2026-01-28 19:48:00+00:00,0.9191100001335144,0.919219970703125,0.9190400242805481,0.9190999865531921,33226.506911969394
2026-01-28 19:49:00+00:00,0.9190599918365479,0.9192299842834473,0.9186999797821045,0.9191300272941589,37381.1586157949
2026-01-28 19:50:00+00:00,0.9190999865531921,0.9192100167274475,0.9190199971199036,0.9190300107002258,24892.266309422062
2026-01-28 19:51:00+00:00,0.9190800189971924,0.9192000031471252,0.9186800122261047,0.9191499948501587,29290.270759272065
2026-01-28 19:52:00+00:00,0.9190999865531921,0.9192600250244141,0.9190700054168701,0.919219970703125,27637.640206003758
2026-01-28 19:53:00+00:00,0.9192000031471252,0.9192500114440918,0.918690025806427,0.9191399812698364,29890.19296423581
2026-01-28 19:54:00+00:00,0.9191100001335144,0.9192000031471252,0.9190800189971924,0.9191300272941589,28377.825308267802
2026-01-28 19:55:00+00:00,0.9191200137138367,0.9193000197410583,0.9187800288200378,0.919219970703125,24786.757382853088
2026-01-28 19:56:00+00:00,0.9191700220108032,0.9192299842834473,0.9190800189971924,0.9192100167274475,23945.853104191934
2026-01-28 19:57:00+00:00,0.9192000031471252,0.9193000197410583,0.9188100099563599,0.9192100167274475,25205.071565431404
2026-01-28 19:58:00+00:00,0.9192100167274475,0.9193500280380249,0.9192100167274475,0.9193199872970581,20331.823791426046
2026-01-28 19:59:00+00:00,0.9192900061607361,0.9194200038909912,0.9189500212669373,0.9193599820137024,24904.597049139265
2026-01-28 20:00:00+00:00,0.9193699955940247,0.9193800091743469,0.9190899729728699,0.9191700220108032,22564.12687844397
2026-01-28 20:01:00+00:00,0.9191799759864807,0.9193000197410583,0.9187600016593933,0.9192699790000916,21230.226367942203
2026-01-28 20:02:00+00:00,0.9192399978637695,0.9193000197410583,0.9191399812698364,0.919189989566803,21281.530007110832
2026-01-28 20:03:00+00:00,0.919189989566803,0.9193000197410583,0.9187099933624268,0.9191399812698364,22886.340554776118
2026-01-28 20:04:00+00:00,0.919160008430481,0.9192000031471252,0.9190300107002258,0.9190999865531921,22803.17673356249
2026-01-28 20:05:00+00:00,0.9190599918365479,0.9192000031471252,0.9186599850654602,0.9190999865531921,20877.25419126547
2026-01-28 20:06:00+00:00,0.9191300272941589,0.9192100167274475,0.9191200137138367,0.9191200137138367,19851.832920039826
2026-01-28 20:07:00+00:00,0.9191200137138367,0.9191499948501587,0.9186000227928162,0.9190700054168701,18849.53535281999
2026-01-28 20:08:00+00:00,0.9190300107002258,0.9193000197410583,0.9190099835395813,0.9192100167274475,26792.390215672924
2026-01-28 20:09:00+00:00,0.9192699790000916,0.9192900061607361,0.9187999963760376,0.9192000031471252,21945.452993622835
2026-01-28 20:10:00+00:00,0.919219970703125,0.9192699790000916,0.9190700054168701,0.9191200137138367,24592.734653176063
2026-01-28 20:11:00+00:00,0.9191100001335144,0.919160008430481,0.9185600280761719,0.9190999865531921,28291.092675360618
2026-01-28 20:12:00+00:00,0.9190800189971924,0.9192500114440918,0.9190599918365479,0.919219970703125,30488.78602101546
2026-01-28 20:13:00+00:00,0.919219970703125,0.9192600250244141,0.9186400175094604,0.9190700054168701,31582.98943114601
2026-01-28 20:14:00+00:00,0.9190899729728699,0.9192000031471252,0.9190199971199036,0.9190400242805481,29024.634187921103
2026-01-28 20:15:00+00:00,0.9190400242805481,0.9190999865531921,0.9186300039291382,0.9190499782562256,27155.690347334366
2026-01-28 20:16:00+00:00,0.9190499782562256,0.9191399812698364,0.918969988822937,0.9190300107002258,24627.612600145323
2026-01-28 20:17:00+00:00,0.9190400242805481,0.9190999865531921,0.9185699820518494,0.9190400242805481,26416.096273851155
2026-01-28 20:18:00+00:00,0.9190199971199036,0.9190599918365479,0.9189299941062927,0.9189800024032593,23658.466595148806
2026-01-28 20:19:00+00:00,0.918969988822937,0.9190999865531921,0.9185600280761719,0.9190300107002258,29706.16749968627
2026-01-28 20:20:00+00:00,0.9189900159835815,0.9190300107002258,0.9189299941062927,0.9189800024032593,27581.458080332475
2026-01-28 20:21:00+00:00,0.9189299941062927,0.9190199971199036,0.9185299873352051,0.9189199805259705,25616.867338609933
2026-01-28 20:22:00+00:00,0.9189000129699707,0.9189299941062927,0.9188399910926819,0.9189000129699707,16062.427125654935
2026-01-28 20:23:00+00:00,0.9188600182533264,0.9189500212669373,0.9184499979019165,0.9188699722290039,18408.732568487183
2026-01-28 20:24:00+00:00,0.9188699722290039,0.9189299941062927,0.9188299775123596,0.9188600182533264,17417.552794914376
2026-01-28 20:25:00+00:00,0.9188600182533264,0.9190000295639038,0.9184600114822388,0.918910026550293,16452.994771127673
2026-01-28 20:26:00+00:00,0.9188799858093262,0.9189299941062927,0.9188100099563599,0.9188200235366821,14525.33856491037
2026-01-28 20:27:00+00:00,0.9188200235366821,0.9190099835395813,0.9184899926185608,0.9189500212669373,12634.81470245935
2026-01-28 20:28:00+00:00,0.918940007686615,0.9190199971199036,0.9189299941062927,0.9189299941062927,10648.37130305507
2026-01-28 20:29:00+00:00,0.918969988822937,0.9190099835395813,0.9185100197792053,0.918969988822937,10410.428038228543
2026-01-28 20:30:00+00:00,0.9189500212669373,0.9190199971199036,0.9188399910926819,0.9188699722290039,11166.461979897447
2026-01-28 20:31:00+00:00,0.9188699722290039,0.9189500212669373,0.918470025062561,0.9188899993896484,10635.377898265553
2026-01-28 20:32:00+00:00,0.9188899993896484,0.9189299941062927,0.9187999963760376,0.9188299775123596,9400.111673282041
2026-01-28 20:33:00+00:00,0.9188299775123596,0.9189000129699707,0.9184499979019165,0.9188399910926819,9284.30390856142
2026-01-28 20:34:00+00:00,0.9188699722290039,0.9188699722290039,0.9187399744987488,0.9187999963760376,8754.04964912202
2026-01-28 20:35:00+00:00,0.9187800288200378,0.9187999963760376,0.9182999730110168,0.918749988079071,9319.026538834374
2026-01-28 20:36:00+00:00,0.9186999797821045,0.9188200235366821,0.918690025806427,0.9188200235366821,7927.385947852851
2026-01-28 20:37:00+00:00,0.9188100099563599,0.9189199805259705,0.91839998960495,0.9189000129699707,10248.22972951882
2026-01-28 20:38:00+00:00,0.9188699722290039,0.918940007686615,0.9188299775123596,0.9188899993896484,11806.786508691795
2026-01-28 20:39:00+00:00,0.9189000129699707,0.9190199971199036,0.918470025062561,0.9189299941062927,8927.114490911246
2026-01-28 20:40:00+00:00,0.9189299941062927,0.9190400242805481,0.918910026550293,0.9190099835395813,8683.452625703634
2026-01-28 20:41:00+00:00,0.9190000295639038,0.9190599918365479,0.9185400009155273,0.9190000295639038,9801.795220770284
2026-01-28 20:42:00+00:00,0.9189800024032593,0.9190199971199036,0.918910026550293,0.918940007686615,10509.11181072946
2026-01-28 20:43:00+00:00,0.918910026550293,0.9190199971199036,0.9185699820518494,0.9188899993896484,9621.417190440327
2026-01-28 20:44:00+00:00,0.9189199805259705,0.9190000295639038,0.9188500046730042,0.9188899993896484,7890.143106962965
2026-01-28 20:45:00+00:00,0.9188899993896484,0.9189500212669373,0.9183700084686279,0.9187999963760376,9782.995313154328
2026-01-28 20:46:00+00:00,0.9188399910926819,0.9189000129699707,0.9187399744987488,0.9187999963760376,12643.43242736911
2026-01-28 20:47:00+00:00,0.9187999963760376,0.9189000129699707,0.9183700084686279,0.9188200235366821,13884.499850605825
2026-01-28 20:48:00+00:00,0.9188200235366821,0.9188399910926819,0.9186599850654602,0.9186999797821045,16009.381033289215
2026-01-28 20:49:00+00:00,0.9186999797821045,0.9188200235366821,0.9182500243186951,0.9187300205230713,16705.75250866293
2026-01-28 20:50:00+00:00,0.9187300205230713,0.9187999963760376,0.9186800122261047,0.9186800122261047,15101.524301001162
2026-01-28 20:51:00+00:00,0.9186800122261047,0.9189000129699707,0.9183200001716614,0.9188100099563599,17227.585996438564
2026-01-28 20:52:00+00:00,0.9187700152397156,0.9188600182533264,0.918749988079071,0.9188299775123596,14521.788598072319
2026-01-28 20:53:00+00:00,0.9188500046730042,0.9189000129699707,0.9184100031852722,0.9188699722290039,15166.326100328797
2026-01-28 20:54:00+00:00,0.9189000129699707,0.9189199805259705,0.9187600016593933,0.9187999963760376,17323.053658311892
2026-01-28 20:55:00+00:00,0.9187700152397156,0.9188200235366821,0.9182699918746948,0.9187399744987488,17506.689428153866
2026-01-28 20:56:00+00:00,0.918749988079071,0.9187999963760376,0.9186300039291382,0.9187099933624268,17597.997682700363
2026-01-28 20:57:00+00:00,0.9186999797821045,0.918940007686615,0.9184399843215942,0.918749988079071,15449.398516478712
2026-01-28 20:58:00+00:00,0.9187800288200378,0.9189000129699707,0.9187300205230713,0.9188200235366821,20154.96631562411
2026-01-28 20:59:00+00:00,0.9188200235366821,0.9188500046730042,0.9182599782943726,0.9186699986457825,20852.76003474804
2026-01-28 21:00:00+00:00,0.9186699986457825,0.9187899827957153,0.9185799956321716,0.9186300039291382,18741.210203119088
2026-01-28 21:01:00+00:00,0.9186099767684937,0.9186999797821045,0.9182100296020508,0.9186699986457825,18016.861245852244
2026-01-28 21:02:00+00:00,0.9186400175094604,0.9186999797821045,0.9186000227928162,0.9186300039291382,16250.065141386893
2026-01-28 21:03:00+00:00,0.9186400175094604,0.9186999797821045,0.918179988861084,0.9186099767684937,19807.974613887658
2026-01-28 21:04:00+00:00,0.9186099767684937,0.9186999797821045,0.9186000227928162,0.9186199903488159,18331.648904023714
2026-01-28 21:05:00+00:00,0.9186099767684937,0.9186300039291382,0.9181299805641174,0.9185600280761719,16769.729983308258
2026-01-28 21:06:00+00:00,0.9186099767684937,0.9186999797821045,0.9185600280761719,0.9185900092124939,15636.007295137331
2026-01-28 21:07:00+00:00,0.9186199903488159,0.9186999797821045,0.9182000160217285,0.9186300039291382,15981.724238669258
2026-01-28 21:08:00+00:00,0.9186400175094604,0.9186699986457825,0.9185600280761719,0.9186199903488159,15893.823460710066
2026-01-28 21:09:00+00:00,0.9186300039291382,0.9186400175094604,0.918150007724762,0.9186199903488159,13886.9116371442
2026-01-28 21:10:00+00:00,0.9186000227928162,0.9186300039291382,0.9185400009155273,0.9186199903488159,10412.648684204965
2026-01-28 21:11:00+00:00,0.9186000227928162,0.9186999797821045,0.918179988861084,0.9186699986457825,13172.690022588687
2026-01-28 21:12:00+00:00,0.9186300039291382,0.9186999797821045,0.9185699820518494,0.9185699820518494,10996.38601224598
2026-01-28 21:13:00+00:00,0.9185699820518494,0.9186999797821045,0.918150007724762,0.9186000227928162,10255.476048671773
2026-01-28 21:14:00+00:00,0.9185900092124939,0.9186999797821045,0.9185799956321716,0.9186000227928162,8315.945424448531
2026-01-28 21:15:00+00:00,0.9185900092124939,0.9186999797821045,0.9181100130081177,0.9186000227928162,13351.896201488635
2026-01-28 21:16:00+00:00,0.9185500144958496,0.9186099767684937,0.9185500144958496,0.9185900092124939,12333.063625090605
2026-01-28 21:17:00+00:00,0.9185900092124939,0.9186999797821045,0.918179988861084,0.9186199903488159,7637.441602378539
2026-01-28 21:18:00+00:00,0.9186199903488159,0.9186999797821045,0.9185900092124939,0.9186000227928162,11841.263875827954
2026-01-28 21:19:00+00:00,0.9186000227928162,0.9187099933624268,0.9182100296020508,0.9186800122261047,10625.988573339764
2026-01-28 21:20:00+00:00,0.9186699986457825,0.9187999963760376,0.9186699986457825,0.918720006942749,11445.051989098034
2026-01-28 21:21:00+00:00,0.918720006942749,0.9188100099563599,0.9183599948883057,0.9187600016593933,10284.785452864706
2026-01-28 21:22:00+00:00,0.9187600016593933,0.9187999963760376,0.918720006942749,0.918720006942749,7483.509974064617
2026-01-28 21:23:00+00:00,0.918720006942749,0.9187999963760376,0.9182900190353394,0.9187399744987488,8757.289263687126
2026-01-28 21:24:00+00:00,0.9187300205230713,0.9188200235366821,0.9187300205230713,0.9187300205230713,10802.142200959024
2026-01-28 21:25:00+00:00,0.918749988079071,0.9187700152397156,0.9182299971580505,0.9186699986457825,10189.481330219309
2026-01-28 21:26:00+00:00,0.9186599850654602,0.9187099933624268,0.9186199903488159,0.9186699986457825,10159.169567466124
2026-01-28 21:27:00+00:00,0.9186699986457825,0.9187099933624268,0.9182100296020508,0.9186800122261047,6905.586092599006
2026-01-28 21:28:00+00:00,0.9186400175094604,0.918720006942749,0.9186300039291382,0.9186599850654602,7270.447543069018
2026-01-28 21:29:00+00:00,0.9186499714851379,0.9187099933624268,0.9182199835777283,0.9186699986457825,4477.303438651657
2026-01-28 21:30:00+00:00,0.9186599850654602,0.9188399910926819,0.9186599850654602,0.9188200235366821,9117.342203450056
2026-01-28 21:31:00+00:00,0.9188299775123596,0.9188299775123596,0.9183400273323059,0.9187700152397156,7063.838391812758
2026-01-28 21:32:00+00:00,0.9187399744987488,0.9188399910926819,0.918720006942749,0.9188100099563599,7660.200512574014
2026-01-28 21:33:00+00:00,0.9187999963760376,0.9188299775123596,0.9183599948883057,0.9187700152397156,6079.672905171328
2026-01-28 21:34:00+00:00,0.9187600016593933,0.9188699722290039,0.918690025806427,0.918749988079071,7332.0085710306885
2026-01-28 21:35:00+00:00,0.918749988079071,0.9187800288200378,0.918179988861084,0.9186000227928162,12322.864296862681
2026-01-28 21:36:00+00:00,0.9186000227928162,0.9187999963760376,0.9186000227928162,0.9186599850654602,13043.340197372909
2026-01-28 21:37:00+00:00,0.9186599850654602,0.9187099933624268,0.9182199835777283,0.9186699986457825,13032.848786036904
2026-01-28 21:38:00+00:00,0.9186099767684937,0.9186999797821045,0.9185199737548828,0.9185799956321716,13153.236970081232
2026-01-28 21:39:00+00:00,0.9185600280761719,0.9186199903488159,0.9180700182914734,0.9186000227928162,17097.63756377957
2026-01-28 21:40:00+00:00,0.9186000227928162,0.9186999797821045,0.9184899926185608,0.9185100197792053,20290.750864206897
2026-01-28 21:41:00+00:00,0.9185100197792053,0.9186000227928162,0.918150007724762,0.9185600280761719,17128.192020411923
2026-01-28 21:42:00+00:00,0.9185600280761719,0.9186099767684937,0.9185299873352051,0.9185600280761719,16130.447366978302
2026-01-28 21:43:00+00:00,0.9185799956321716,0.9186999797821045,0.9181900024414062,0.9186099767684937,20484.679436692433
2026-01-28 21:44:00+00:00,0.9186000227928162,0.9186999797821045,0.9185900092124939,0.9186300039291382,14853.39657537813
2026-01-28 21:45:00+00:00,0.9186300039291382,0.9186999797821045,0.9182100296020508,0.9186099767684937,16978.570949220295
2026-01-28 21:46:00+00:00,0.9186499714851379,0.9186999797821045,0.9186000227928162,0.9186400175094604,18082.546483475413
2026-01-28 21:47:00+00:00,0.9186699986457825,0.9187300205230713,0.9182699918746948,0.9186400175094604,14629.880657826197
2026-01-28 21:48:00+00:00,0.9186400175094604,0.9187999963760376,0.9186099767684937,0.9187899827957153,16436.402991459592
2026-01-28 21:49:00+00:00,0.9187300205230713,0.9187999963760376,0.9183200001716614,0.918690025806427,11716.713566874756
2026-01-28 21:50:00+00:00,0.9186699986457825,0.9187600016593933,0.9186400175094604,0.9186699986457825,9096.494891054366
2026-01-28 21:51:00+00:00,0.9186499714851379,0.9187999963760376,0.9182800054550171,0.918749988079071,10804.734083651625
2026-01-28 21:52:00+00:00,0.918690025806427,0.9187399744987488,0.9186000227928162,0.9186000227928162,13140.549932580681
2026-01-28 21:53:00+00:00,0.9186000227928162,0.9186999797821045,0.9182100296020508,0.9185699820518494,9699.070034623179
2026-01-28 21:54:00+00:00,0.9185699820518494,0.9186499714851379,0.9183099865913391,0.9183099865913391,15905.579560633252
2026-01-28 21:55:00+00:00,0.9183099865913391,0.9185000061988831,0.9179999828338623,0.9182999730110168,14219.87465502541
2026-01-28 21:56:00+00:00,0.9183800220489502,0.9185000061988831,0.9182699918746948,0.9182999730110168,15065.236539637192
2026-01-28 21:57:00+00:00,0.9182999730110168,0.9185000061988831,0.9179900288581848,0.9183800220489502,17544.31748580414
2026-01-28 21:58:00+00:00,0.9182599782943726,0.9185000061988831,0.9175699949264526,0.9183200001716614,36919.95750382113
2026-01-28 21:59:00+00:00,0.9182400107383728,0.9184600114822388,0.9170699715614319,0.9183700084686279,56154.78152874526
2026-01-28 22:00:00+00:00,0.9174500107765198,0.9183700084686279,0.917169988155365,0.9182999730110168,68940.90847403166
2026-01-28 22:01:00+00:00,0.9182999730110168,0.9182999730110168,0.9175000190734863,0.9182699918746948,84611.26924902319
2026-01-28 22:02:00+00:00,0.9182900190353394,0.9182999730110168,0.9182599782943726,0.9182999730110168,72049.0139311232
2026-01-28 22:03:00+00:00,0.9182699918746948,0.9182999730110168,0.9181600213050842,0.9182999730110168,72570.38924596997
2026-01-28 22:04:00+00:00,0.9182900190353394,0.9183200001716614,0.9182500243186951,0.9182500243186951,73773.22191013882
2026-01-28 22:05:00+00:00,0.9182999730110168,0.9182999730110168,0.9178500175476074,0.9178500175476074,70719.84240246666
2026-01-28 22:06:00+00:00,0.9182800054550171,0.9182999730110168,0.9182800054550171,0.9182999730110168,73801.63695071817
2026-01-28 22:07:00+00:00,0.9182599782943726,0.91839998960495,0.9180999994277954,0.9182199835777283,78863.39393819057
2026-01-28 22:08:00+00:00,0.9182100296020508,0.91839998960495,0.9182100296020508,0.9182500243186951,66734.9009176033
2026-01-28 22:09:00+00:00,0.9182500243186951,0.91839998960495,0.9181100130081177,0.9181100130081177,58523.130706517084
2026-01-28 22:10:00+00:00,0.9182500243186951,0.9183599948883057,0.9181600213050842,0.9182299971580505,61928.67797382203
2026-01-28 22:11:00+00:00,0.9182299971580505,0.918429970741272,0.9178799986839294,0.9181299805641174,66059.05427770095
2026-01-28 22:12:00+00:00,0.9181299805641174,0.9185400009155273,0.9177299737930298,0.9182199835777283,62058.204947935956
2026-01-28 22:13:00+00:00,0.9182800054550171,0.91839998960495,0.9178699851036072,0.9182199835777283,50190.354280818785
2026-01-28 22:14:00+00:00,0.9182299971580505,0.9183499813079834,0.9180700182914734,0.9182199835777283,25183.554009033916
2026-01-28 22:15:00+00:00,0.9182199835777283,0.9185000061988831,0.9180600047111511,0.9182500243186951,21605.205718800244
2026-01-28 22:16:00+00:00,0.9183099865913391,0.918470025062561,0.9182199835777283,0.9182800054550171,26775.868280887826
2026-01-28 22:17:00+00:00,0.9182699918746948,0.9185000061988831,0.9182500243186951,0.91839998960495,23774.771927248235
2026-01-28 22:18:00+00:00,0.9182599782943726,0.9185000061988831,0.9182400107383728,0.9182500243186951,34484.62985251146
2026-01-28 22:19:00+00:00,0.9182400107383728,0.9185000061988831,0.9182299971580505,0.9183599948883057,27872.758887519147
2026-01-28 22:20:00+00:00,0.9184100031852722,0.9185000061988831,0.9182500243186951,0.9183200001716614,22876.772299740987
2026-01-28 22:21:00+00:00,0.9183899760246277,0.9185000061988831,0.918179988861084,0.9183200001716614,20079.47512471452
2026-01-28 22:22:00+00:00,0.9182400107383728,0.918720006942749,0.918179988861084,0.9182400107383728,31670.286969619192
2026-01-28 22:23:00+00:00,0.9182400107383728,0.9184499979019165,0.9182299971580505,0.9182299971580505,24550.60789107707
2026-01-28 22:24:00+00:00,0.9182299971580505,0.9185000061988831,0.9182299971580505,0.9183700084686279,33118.438957616636
2026-01-28 22:25:00+00:00,0.9182299971580505,0.91839998960495,0.9182299971580505,0.9183300137519836,20117.796415120396
2026-01-28 22:26:00+00:00,0.9182299971580505,0.91839998960495,0.9182100296020508,0.9182999730110168,6610.22592763316
2026-01-28 22:27:00+00:00,0.9182299971580505,0.9184200167655945,0.918179988861084,0.918179988861084,1078.568525695452
2026-01-28 22:28:00+00:00,0.9182100296020508,0.91839998960495,0.918179988861084,0.9182800054550171,1182.6686484678644
2026-01-28 22:29:00+00:00,0.9182199835777283,0.91839998960495,0.9181200265884399,0.9182800054550171,1134.5245137983522
2026-01-28 22:30:00+00:00,0.9182299971580505,0.9184399843215942,0.9180999994277954,0.9182299971580505,1000.0
2026-01-28 22:31:00+00:00,0.9182299971580505,0.9183800220489502,0.9181600213050842,0.9182299971580505,1000.0
2026-01-28 22:32:00+00:00,0.9183700084686279,0.91839998960495,0.9180999994277954,0.9182299971580505,1000.0
2026-01-28 22:33:00+00:00,0.9182299971580505,0.91839998960495,0.9181299805641174,0.9182299971580505,1094.590331092305
2026-01-28 22:34:00+00:00,0.9182400107383728,0.9182999730110168,0.9181299805641174,0.9181299805641174,1198.7926689399503
2026-01-28 22:35:00+00:00,0.9182299971580505,0.9182999730110168,0.9180600047111511,0.9182000160217285,1058.106996097091
2026-01-28 22:36:00+00:00,0.9182999730110168,0.9182999730110168,0.9181600213050842,0.9182999730110168,1207.4620278065297
2026-01-28 22:37:00+00:00,0.9182299971580505,0.9188799858093262,0.9178599715232849,0.9183499813079834,3210.7947598023525
2026-01-28 22:38:00+00:00,0.918150007724762,0.9185199737548828,0.9180799722671509,0.9181600213050842,7487.770199934359
2026-01-28 22:39:00+00:00,0.9181200265884399,0.9185699820518494,0.9180499911308289,0.918179988861084,14211.202128306628
2026-01-28 22:40:00+00:00,0.918179988861084,0.9185000061988831,0.9180899858474731,0.9182199835777283,19290.62878935629
2026-01-28 22:41:00+00:00,0.9181699752807617,0.9185799956321716,0.9180399775505066,0.9181699752807617,28391.35866848463
2026-01-28 22:42:00+00:00,0.9183899760246277,0.9185699820518494,0.9180499911308289,0.9182000160217285,37188.63584745159
2026-01-28 22:43:00+00:00,0.9180700182914734,0.9185299873352051,0.9180600047111511,0.9181900024414062,32428.096731243637
2026-01-28 22:44:00+00:00,0.9182000160217285,0.9183099865913391,0.9180300235748291,0.9180300235748291,33158.29378097238
2026-01-28 22:45:00+00:00,0.9180300235748291,0.9190300107002258,0.9180300235748291,0.918720006942749,55753.28285069247
2026-01-28 22:46:00+00:00,0.9189000129699707,0.9189900159835815,0.918179988861084,0.918749988079071,63685.57867564386
2026-01-28 22:47:00+00:00,0.9187099933624268,0.918749988079071,0.9182299971580505,0.918470025062561,62840.68393085146
2026-01-28 22:48:00+00:00,0.9186099767684937,0.918940007686615,0.9182199835777283,0.9186400175094604,84319.61952671237
2026-01-28 22:49:00+00:00,0.9186800122261047,0.9189000129699707,0.918150007724762,0.9182500243186951,89577.2610819689
2026-01-28 22:50:00+00:00,0.9182500243186951,0.9185000061988831,0.9182500243186951,0.9182800054550171,75858.15638217136
2026-01-28 22:51:00+00:00,0.9182800054550171,0.9183700084686279,0.9178199768066406,0.9182500243186951,75822.43472315295
2026-01-28 22:52:00+00:00,0.9182500243186951,0.9183700084686279,0.9182000160217285,0.9182500243186951,67370.2881072424
2026-01-28 22:53:00+00:00,0.9182500243186951,0.9183499813079834,0.9178799986839294,0.9182500243186951,69626.43567890793
2026-01-28 22:54:00+00:00,0.9183499813079834,0.9183499813079834,0.9182000160217285,0.9182500243186951,69939.62302094736
2026-01-28 22:55:00+00:00,0.9183200001716614,0.9183499813079834,0.9179499745368958,0.9183499813079834,56259.963003267185
2026-01-28 22:56:00+00:00,0.9182599782943726,0.9185500144958496,0.9182100296020508,0.9182900190353394,67001.68697646522
2026-01-28 22:57:00+00:00,0.9184200167655945,0.9185000061988831,0.9182400107383728,0.9182999730110168,41742.47369842064
2026-01-28 22:58:00+00:00,0.9182400107383728,0.9185000061988831,0.9182299971580505,0.9182999730110168,66274.97631747884
2026-01-28 22:59:00+00:00,0.9182299971580505,0.9185000061988831,0.9181600213050842,0.9183300137519836,48427.212432635264
2026-01-28 23:00:00+00:00,0.9182400107383728,0.918690025806427,0.9182400107383728,0.9185299873352051,37624.77631611513
2026-01-28 23:01:00+00:00,0.9185299873352051,0.9186999797821045,0.9182199835777283,0.9185299873352051,27367.867901248508
2026-01-28 23:02:00+00:00,0.9185299873352051,0.9187999963760376,0.9184499979019165,0.9185600280761719,30843.890770290396
2026-01-28 23:03:00+00:00,0.9185799956321716,0.9186999797821045,0.9181100130081177,0.9184799790382385,27841.50073501087
2026-01-28 23:04:00+00:00,0.9184799790382385,0.9186400175094604,0.9183800220489502,0.9185400009155273,23226.38016958595
2026-01-28 23:05:00+00:00,0.9185400009155273,0.9186300039291382,0.9180899858474731,0.9184600114822388,21763.719384359123
2026-01-28 23:06:00+00:00,0.9185000061988831,0.9185000061988831,0.91839998960495,0.91839998960495,21669.0413790484
2026-01-28 23:07:00+00:00,0.91839998960495,0.9185000061988831,0.9179900288581848,0.9183499813079834,21766.662122137575
2026-01-28 23:08:00+00:00,0.9182500243186951,0.9185000061988831,0.9182500243186951,0.918429970741272,25217.534799706387
2026-01-28 23:09:00+00:00,0.918470025062561,0.9185000061988831,0.9180799722671509,0.918429970741272,27375.860998363005
2026-01-28 23:10:00+00:00,0.918429970741272,0.9186000227928162,0.918429970741272,0.9184499979019165,21561.927887668262
2026-01-28 23:11:00+00:00,0.9184499979019165,0.9186000227928162,0.918150007724762,0.9184399843215942,24705.254105076558
2026-01-28 23:12:00+00:00,0.9184399843215942,0.9185799956321716,0.9183599948883057,0.9184799790382385,31033.324530967926
2026-01-28 23:13:00+00:00,0.9183599948883057,0.9185100197792053,0.9180200099945068,0.9183400273323059,33508.49371122115
2026-01-28 23:14:00+00:00,0.9184200167655945,0.9184200167655945,0.9182100296020508,0.9182400107383728,27183.939868137822
2026-01-28 23:15:00+00:00,0.9182900190353394,0.9184499979019165,0.9179900288581848,0.9183800220489502,20999.03033524628
2026-01-28 23:16:00+00:00,0.91839998960495,0.9184399843215942,0.9183499813079834,0.9183599948883057,15682.463965130275
2026-01-28 23:17:00+00:00,0.9183599948883057,0.918470025062561,0.9179099798202515,0.9183200001716614,14769.083318505776
2026-01-28 23:18:00+00:00,0.9183200001716614,0.91839998960495,0.9182299971580505,0.9182299971580505,15432.56767808656
2026-01-28 23:19:00+00:00,0.9183400273323059,0.9183499813079834,0.9178299903869629,0.9182100296020508,14887.311644555639
2026-01-28 23:20:00+00:00,0.9182100296020508,0.9183499813079834,0.918179988861084,0.9183300137519836,16099.347731497277
2026-01-28 23:21:00+00:00,0.9182999730110168,0.91839998960495,0.9178599715232849,0.9183099865913391,16556.121162706357
2026-01-28 23:22:00+00:00,0.9183499813079834,0.91839998960495,0.9182100296020508,0.9183700084686279,15155.524421598226
2026-01-28 23:23:00+00:00,0.9183099865913391,0.918429970741272,0.9178799986839294,0.9182599782943726,18070.162839183533
2026-01-28 23:24:00+00:00,0.9182599782943726,0.9183400273323059,0.918179988861084,0.9182000160217285,15633.666269167481
2026-01-28 23:25:00+00:00,0.9182000160217285,0.9183599948883057,0.9178400039672852,0.9183300137519836,19491.759744301657
2026-01-28 23:26:00+00:00,0.9182699918746948,0.9183300137519836,0.9181600213050842,0.9182599782943726,19331.798364859114
2026-01-28 23:27:00+00:00,0.9182299971580505,0.9182999730110168,0.9176999926567078,0.9181200265884399,21795.80165564379
2026-01-28 23:28:00+00:00,0.9181699752807617,0.9182400107383728,0.9178799986839294,0.9180200099945068,25080.518839875156
2026-01-28 23:29:00+00:00,0.917959988117218,0.918150007724762,0.9175500273704529,0.9179900288581848,27754.078033342983
2026-01-28 23:30:00+00:00,0.9178799986839294,0.9180300235748291,0.9178799986839294,0.9179999828338623,29318.92160399243
2026-01-28 23:31:00+00:00,0.9179400205612183,0.9182000160217285,0.9176300168037415,0.9180499911308289,24744.666769882777
2026-01-28 23:32:00+00:00,0.9179900288581848,0.9180999994277954,0.9178900122642517,0.9179499745368958,31831.850337354503
2026-01-28 23:33:00+00:00,0.9180200099945068,0.9182500243186951,0.9177500009536743,0.9182299971580505,27487.199377155834
2026-01-28 23:34:00+00:00,0.918150007724762,0.9182999730110168,0.9181200265884399,0.9181399941444397,31285.226639971337
2026-01-28 23:35:00+00:00,0.9181399941444397,0.9182999730110168,0.917639970779419,0.9180399775505066,37411.922224339476
2026-01-28 23:36:00+00:00,0.9180399775505066,0.9181399941444397,0.9179400205612183,0.9180099964141846,29960.024395496606
2026-01-28 23:37:00+00:00,0.9180099964141846,0.9180999994277954,0.9175599813461304,0.9179199934005737,32317.134723600004
2026-01-28 23:38:00+00:00,0.9179199934005737,0.9180899858474731,0.917900025844574,0.9180300235748291,37352.01829566099
2026-01-28 23:39:00+00:00,0.917959988117218,0.9180300235748291,0.9173300266265869,0.9177600145339966,35917.498259748405
2026-01-28 23:40:00+00:00,0.9177200198173523,0.9179099798202515,0.9176700115203857,0.9177500009536743,35754.15238865221
2026-01-28 23:41:00+00:00,0.917680025100708,0.9178500175476074,0.9173200130462646,0.9176999926567078,34933.59724438241
2026-01-28 23:42:00+00:00,0.917739987373352,0.9178299903869629,0.917639970779419,0.9177500009536743,31616.08072090125
2026-01-28 23:43:00+00:00,0.917680025100708,0.917739987373352,0.917169988155365,0.9175599813461304,32747.258542487212
2026-01-28 23:44:00+00:00,0.9175599813461304,0.9178699851036072,0.9175599813461304,0.9178299903869629,38830.55946052328
2026-01-28 23:45:00+00:00,0.9178000092506409,0.9178599715232849,0.9172800183296204,0.9176899790763855,42404.16714265185
2026-01-28 23:46:00+00:00,0.9176999926567078,0.9178400039672852,0.9176499843597412,0.917739987373352,36318.49397959533
2026-01-28 23:47:00+00:00,0.9177500009536743,0.9178000092506409,0.9172199964523315,0.9176700115203857,34917.2215490986
2026-01-28 23:48:00+00:00,0.9177200198173523,0.9177600145339966,0.9175900220870972,0.9176200032234192,37480.09615713425
2026-01-28 23:49:00+00:00,0.9176200032234192,0.9178000092506409,0.9172499775886536,0.9176999926567078,32680.40561849492
2026-01-28 23:50:00+00:00,0.9176300168037415,0.9178100228309631,0.9175999760627747,0.9176200032234192,36689.36506092623
2026-01-28 23:51:00+00:00,0.9176499843597412,0.9177200198173523,0.9172199964523315,0.917639970779419,31262.70680092849
2026-01-28 23:52:00+00:00,0.9176999926567078,0.917739987373352,0.9175999760627747,0.9176300168037415,33334.68329962782
2026-01-28 23:53:00+00:00,0.9176099896430969,0.9176999926567078,0.9171599745750427,0.9176200032234192,27429.480181757586
2026-01-28 23:54:00+00:00,0.9175599813461304,0.91771000623703,0.917389988899231,0.917460024356842,31837.289025415197
2026-01-28 23:55:00+00:00,0.9174200296401978,0.9175999760627747,0.9170200228691101,0.9174100160598755,30170.357416024293
2026-01-28 23:56:00+00:00,0.9174699783325195,0.9175000190734863,0.9171199798583984,0.9171800017356873,38753.602495549225
2026-01-28 23:57:00+00:00,0.9171199798583984,0.9173200130462646,0.9167500138282776,0.917140007019043,34727.44153081743
2026-01-28 23:58:00+00:00,0.9171299934387207,0.9172000288963318,0.9170100092887878,0.9170899987220764,32577.435798244114
2026-01-29 00:00:00+00:00,0.9171000123023987,0.9171000123023987,0.9167100191116333,0.9167100191116333,25348.740756315176
2026-01-29 00:01:00+00:00,0.9167100191116333,0.9168000221252441,0.9161999821662903,0.9166799783706665,35387.49648697299
2026-01-29 00:02:00+00:00,0.9167100191116333,0.9170600175857544,0.9166799783706665,0.9168499708175659,31434.79115821464
2026-01-29 00:03:00+00:00,0.9168699979782104,0.9168699979782104,0.9162099957466125,0.9166899919509888,40680.06190096995
2026-01-29 00:04:00+00:00,0.916700005531311,0.9167299866676331,0.9165400266647339,0.9167100191116333,36076.60268573604
2026-01-29 00:05:00+00:00,0.9166799783706665,0.9167199730873108,0.9160699844360352,0.9164800047874451,50099.52489308806
2026-01-29 00:06:00+00:00,0.9164900183677673,0.916700005531311,0.916450023651123,0.9164800047874451,39627.26679108187
2026-01-29 00:07:00+00:00,0.9164999723434448,0.9167100191116333,0.9161999821662903,0.9165800213813782,49587.83174327536
2026-01-29 00:08:00+00:00,0.9165800213813782,0.916700005531311,0.9165300130844116,0.9165300130844116,40119.93301265502
2026-01-29 00:09:00+00:00,0.9165300130844116,0.916700005531311,0.9161199927330017,0.9165499806404114,39360.103378272666
2026-01-29 00:10:00+00:00,0.9165499806404114,0.9165999889373779,0.9164699912071228,0.9165099859237671,34978.80917786352
2026-01-29 00:11:00+00:00,0.9165300130844116,0.916700005531311,0.9162200093269348,0.9166600108146667,39195.79825188265
2026-01-29 00:12:00+00:00,0.916670024394989,0.9168000221252441,0.9165800213813782,0.9167500138282776,31051.238522108957
2026-01-29 00:13:00+00:00,0.916700005531311,0.9168400168418884,0.9162999987602234,0.9167299866676331,35688.49005276551
2026-01-29 00:14:00+00:00,0.9167299866676331,0.9167600274085999,0.9166100025177002,0.9166300296783447,34345.00273596337
2026-01-29 00:15:00+00:00,0.916670024394989,0.9166799783706665,0.9161800146102905,0.9165599942207336,39720.29489539131
2026-01-29 00:16:00+00:00,0.9165499806404114,0.9166300296783447,0.9164299964904785,0.9164699912071228,27751.086079380508
2026-01-29 00:17:00+00:00,0.9164800047874451,0.9164999723434448,0.9159299731254578,0.9163299798965454,26468.595794590496
2026-01-29 00:18:00+00:00,0.9163900017738342,0.9164100289344788,0.9163100123405457,0.9163200259208679,26239.731312091695
2026-01-29 00:19:00+00:00,0.9163200259208679,0.9164900183677673,0.9159899950027466,0.9164400100708008,19134.98850152919
2026-01-29 00:20:00+00:00,0.9164400100708008,0.9165400266647339,0.9163699746131897,0.9165199995040894,17582.63405302103
2026-01-29 00:21:00+00:00,0.9164999723434448,0.9166399836540222,0.9161900281906128,0.9165300130844116,16752.570914073833
2026-01-29 00:22:00+00:00,0.9165400266647339,0.9166200160980225,0.9164800047874451,0.9165899753570557,17901.14620909284
2026-01-29 00:23:00+00:00,0.9165899753570557,0.9166499972343445,0.9160500168800354,0.9164900183677673,18430.757002931176
2026-01-29 00:24:00+00:00,0.9164800047874451,0.9166100025177002,0.9164800047874451,0.9166100025177002,17720.096542500713
2026-01-29 00:25:00+00:00,0.9165800213813782,0.9166100025177002,0.916100025177002,0.9165300130844116,17829.32846904777
2026-01-29 00:26:00+00:00,0.9165400266647339,0.9165999889373779,0.9164599776268005,0.9164999723434448,17853.28511700637
2026-01-29 00:27:00+00:00,0.9164999723434448,0.9166100025177002,0.916130006313324,0.9165099859237671,14180.719631704264
2026-01-29 00:28:00+00:00,0.9165099859237671,0.9165999889373779,0.9164900183677673,0.9164999723434448,13548.349371234048
2026-01-29 00:29:00+00:00,0.9165099859237671,0.9165999889373779,0.9160900115966797,0.9165199995040894,17781.334318069654
2026-01-29 00:30:00+00:00,0.9165400266647339,0.9165999889373779,0.9164800047874451,0.9165199995040894,12828.84950590582
2026-01-29 00:31:00+00:00,0.9165199995040894,0.9165499806404114,0.916100025177002,0.9165400266647339,9546.50888915202
2026-01-29 00:32:00+00:00,0.9165400266647339,0.9165999889373779,0.916450023651123,0.9164699912071228,11331.432180824377
2026-01-29 00:33:00+00:00,0.9164699912071228,0.9165099859237671,0.91593998670578,0.916379988193512,12586.548312399716
2026-01-29 00:34:00+00:00,0.916379988193512,0.9165999889373779,0.916379988193512,0.9165800213813782,14122.945173051654
2026-01-29 00:35:00+00:00,0.9165999889373779,0.9166499972343445,0.916159987449646,0.9166100025177002,15422.18968167779
2026-01-29 00:36:00+00:00,0.9165700078010559,0.9167400002479553,0.9164599776268005,0.9166399836540222,19135.633385323887
2026-01-29 00:37:00+00:00,0.9166799783706665,0.9167100191116333,0.9161400198936462,0.9165999889373779,19702.504456485814
2026-01-29 00:38:00+00:00,0.9165499806404114,0.9167299866676331,0.9165300130844116,0.9167199730873108,16193.260602602391
2026-01-29 00:39:00+00:00,0.9167199730873108,0.9168000221252441,0.9162899851799011,0.9167199730873108,16609.685505754645
2026-01-29 00:40:00+00:00,0.9167600274085999,0.9168599843978882,0.9167100191116333,0.9168300032615662,16166.793583909512
2026-01-29 00:41:00+00:00,0.9168300032615662,0.9168499708175659,0.9162799715995789,0.9167500138282776,22016.02145170549
2026-01-29 00:42:00+00:00,0.9167600274085999,0.9169399738311768,0.9166899919509888,0.916920006275177,24364.78690955992
2026-01-29 00:43:00+00:00,0.916890025138855,0.9169399738311768,0.9163500070571899,0.9167699813842773,28166.677679701013
2026-01-29 00:44:00+00:00,0.9167699813842773,0.9168999791145325,0.9167299866676331,0.9168499708175659,29232.722189047145
2026-01-29 00:45:00+00:00,0.9168099761009216,0.9168999791145325,0.916379988193512,0.9168300032615662,25231.37756267112
2026-01-29 00:46:00+00:00,0.9167799949645996,0.9168999791145325,0.9166799783706665,0.9167799949645996,29989.33730440172
2026-01-29 00:47:00+00:00,0.9167799949645996,0.9167799949645996,0.9161099791526794,0.9165800213813782,34906.08688132658
2026-01-29 00:48:00+00:00,0.9166100025177002,0.9166499972343445,0.9165199995040894,0.9165400266647339,32984.992621806705
2026-01-29 00:49:00+00:00,0.9165300130844116,0.916670024394989,0.9162099957466125,0.9165800213813782,25459.196594034976
2026-01-29 00:50:00+00:00,0.9165599942207336,0.916700005531311,0.9165499806404114,0.9166200160980225,29990.892674833016
2026-01-29 00:51:00+00:00,0.9165899753570557,0.9166399836540222,0.916130006313324,0.9165700078010559,26652.705133221865
2026-01-29 00:52:00+00:00,0.9165700078010559,0.9166499972343445,0.9165099859237671,0.9165999889373779,21467.94118289501
2026-01-29 00:53:00+00:00,0.9165899753570557,0.916700005531311,0.9161900281906128,0.9166499972343445,26590.75028608313
2026-01-29 00:54:00+00:00,0.9166100025177002,0.9166600108146667,0.9165199995040894,0.9166100025177002,23686.906308269252
2026-01-29 00:55:00+00:00,0.9165899753570557,0.916949987411499,0.9164800047874451,0.9169300198554993,19490.40059136751
2026-01-29 00:56:00+00:00,0.9169300198554993,0.9169300198554993,0.9167699813842773,0.9167799949645996,19236.897096249875
2026-01-29 00:57:00+00:00,0.9167799949645996,0.9168999791145325,0.9164199829101562,0.916890025138855,15970.808160274646
2026-01-29 00:58:00+00:00,0.9168999791145325,0.9168999791145325,0.9166899919509888,0.9166899919509888,17799.754574433642
2026-01-29 00:59:00+00:00,0.9166899919509888,0.9168000221252441,0.9162600040435791,0.916700005531311,15713.287531949609
2026-01-29 01:00:00+00:00,0.916700005531311,0.9168999791145325,0.916700005531311,0.9168499708175659,20794.969765836242
2026-01-29 01:01:00+00:00,0.9168099761009216,0.9169999957084656,0.9164800047874451,0.9168400168418884,15654.048830701991
2026-01-29 01:02:00+00:00,0.9168300032615662,0.9169800281524658,0.9167799949645996,0.9169399738311768,15118.443604072123
2026-01-29 01:03:00+00:00,0.916890025138855,0.9170500040054321,0.9165999889373779,0.9169700145721436,16605.305775675624
2026-01-29 01:04:00+00:00,0.9169700145721436,0.9172199964523315,0.9169600009918213,0.9172000288963318,18102.747953267783
2026-01-29 01:05:00+00:00,0.9171299934387207,0.9172300100326538,0.9167299866676331,0.9172099828720093,16295.908821392884
2026-01-29 01:06:00+00:00,0.9172099828720093,0.917389988899231,0.9171199798583984,0.9173099994659424,22702.112693799274
2026-01-29 01:07:00+00:00,0.917389988899231,0.9175000190734863,0.9169399738311768,0.9173700213432312,22909.728148913975
2026-01-29 01:08:00+00:00,0.9173700213432312,0.9174799919128418,0.9172999858856201,0.9174500107765198,23659.649511412845
2026-01-29 01:09:00+00:00,0.9174200296401978,0.917639970779419,0.9171500205993652,0.917639970779419,20383.766698584815
2026-01-29 01:10:00+00:00,0.9176099896430969,0.9176499843597412,0.9174900054931641,0.9175999760627747,21659.004128091918
2026-01-29 01:11:00+00:00,0.9175699949264526,0.9176200032234192,0.9170799851417542,0.9175000190734863,23561.614268754493
2026-01-29 01:12:00+00:00,0.9175000190734863,0.9175999760627747,0.9174900054931641,0.9175699949264526,20808.336410403266
2026-01-29 01:13:00+00:00,0.9175599813461304,0.9176300168037415,0.9171000123023987,0.9175000190734863,24586.95851384759
2026-01-29 01:14:00+00:00,0.9175599813461304,0.9175999760627747,0.9174100160598755,0.9174500107765198,23722.69525990003
2026-01-29 01:15:00+00:00,0.9175300002098083,0.9176099896430969,0.9171299934387207,0.9175000190734863,23009.619785036055
2026-01-29 01:16:00+00:00,0.9175800085067749,0.9176099896430969,0.917389988899231,0.9175500273704529,24843.753287414656
2026-01-29 01:17:00+00:00,0.9174900054931641,0.9176200032234192,0.917140007019043,0.9175400137901306,21530.84388737587
2026-01-29 01:18:00+00:00,0.9175999760627747,0.9178199768066406,0.9175400137901306,0.9177299737930298,20838.54271103533
2026-01-29 01:19:00+00:00,0.9177299737930298,0.917900025844574,0.9172999858856201,0.9177600145339966,25000.790134111037
2026-01-29 01:20:00+00:00,0.9177200198173523,0.917959988117218,0.917680025100708,0.9179400205612183,29719.680155122256
2026-01-29 01:21:00+00:00,0.917900025844574,0.9179400205612183,0.9173499941825867,0.9176899790763855,24818.997332619805
2026-01-29 01:22:00+00:00,0.9176899790763855,0.9177500009536743,0.9175699949264526,0.9176599979400635,24390.147986683387
2026-01-29 01:23:00+00:00,0.9176499843597412,0.9177299737930298,0.9171199798583984,0.9175000190734863,29347.030853778924
2026-01-29 01:24:00+00:00,0.9175000190734863,0.9175999760627747,0.9174399971961975,0.9174900054931641,22577.320741199674
2026-01-29 01:25:00+00:00,0.9174699783325195,0.9175000190734863,0.9168000221252441,0.9172000288963318,27607.42962570358
2026-01-29 01:26:00+00:00,0.9172700047492981,0.9175199866294861,0.9171900153160095,0.9174500107765198,37203.597761840094
2026-01-29 01:27:00+00:00,0.9174100160598755,0.917460024356842,0.9168599843978882,0.9173300266265869,40936.639204276835
2026-01-29 01:28:00+00:00,0.9173300266265869,0.9174000024795532,0.9172899723052979,0.9173300266265869,37718.03737317542
2026-01-29 01:29:00+00:00,0.9173300266265869,0.9175000190734863,0.9169099926948547,0.9173600077629089,39853.12622024745
2026-01-29 01:30:00+00:00,0.9173700213432312,0.9174399971961975,0.9172700047492981,0.9173799753189087,34688.40821125962
2026-01-29 01:31:00+00:00,0.9173799753189087,0.9175000190734863,0.9168099761009216,0.9172000288963318,45893.0335363049
2026-01-29 01:32:00+00:00,0.9171599745750427,0.9172999858856201,0.9171500205993652,0.9172499775886536,43835.6496445305
2026-01-29 01:33:00+00:00,0.9172099828720093,0.9175000190734863,0.9169999957084656,0.9174500107765198,36726.12170337117
2026-01-29 01:34:00+00:00,0.9174200296401978,0.9175000190734863,0.9173300266265869,0.9173799753189087,31186.235662758216
2026-01-29 01:35:00+00:00,0.9173399806022644,0.9174000024795532,0.9168800115585327,0.9173300266265869,33120.76677317831
2026-01-29 01:36:00+00:00,0.9172999858856201,0.9174500107765198,0.9172599911689758,0.9172899723052979,32690.561077353905
2026-01-29 01:37:00+00:00,0.9172499775886536,0.9174699783325195,0.9169999957084656,0.9174100160598755,29663.532247653984
2026-01-29 01:38:00+00:00,0.9174699783325195,0.9175000190734863,0.9173399806022644,0.917389988899231,30577.774544669584
2026-01-29 01:39:00+00:00,0.9174299836158752,0.9175000190734863,0.9169999957084656,0.9174699783325195,27155.548822606957
2026-01-29 01:40:00+00:00,0.9174399971961975,0.9174699783325195,0.9173200130462646,0.9173499941825867,22564.912718466912
2026-01-29 01:41:00+00:00,0.9174100160598755,0.9175000190734863,0.9170100092887878,0.9174500107765198,16943.374375946158
2026-01-29 01:42:00+00:00,0.9174299836158752,0.9175000190734863,0.917389988899231,0.917389988899231,20888.921778815882
2026-01-29 01:43:00+00:00,0.9174100160598755,0.9175599813461304,0.9171000123023987,0.9174799919128418,17285.501887873506
2026-01-29 01:44:00+00:00,0.9174900054931641,0.9175199866294861,0.9174100160598755,0.9174200296401978,18031.048248890012
2026-01-29 01:45:00+00:00,0.9174500107765198,0.9175400137901306,0.9170600175857544,0.9175000190734863,11462.09880299473
2026-01-29 01:46:00+00:00,0.9174900054931641,0.9175999760627747,0.9174900054931641,0.9175500273704529,9715.09072444868
2026-01-29 01:47:00+00:00,0.9175599813461304,0.9175999760627747,0.9170899987220764,0.9175400137901306,9587.339511259814
2026-01-29 01:48:00+00:00,0.9175400137901306,0.9175999760627747,0.9175300002098083,0.9175400137901306,8535.974722575324
2026-01-29 01:49:00+00:00,0.9175500273704529,0.9175999760627747,0.9171299934387207,0.9175800085067749,7731.448351812058
2026-01-29 01:50:00+00:00,0.9175599813461304,0.917639970779419,0.9175400137901306,0.9175999760627747,5324.24932994321
2026-01-29 01:51:00+00:00,0.9175999760627747,0.9176999926567078,0.9171299934387207,0.9175800085067749,8730.969904643845
2026-01-29 01:52:00+00:00,0.9175699949264526,0.917639970779419,0.9175300002098083,0.9176200032234192,6833.786176748132
2026-01-29 01:53:00+00:00,0.9175900220870972,0.9176999926567078,0.9172000288963318,0.917639970779419,6167.477524965342
2026-01-29 01:54:00+00:00,0.917639970779419,0.9176999926567078,0.9176099896430969,0.9176700115203857,6547.872339073515
2026-01-29 01:55:00+00:00,0.9176700115203857,0.9177299737930298,0.9172499775886536,0.9176599979400635,5104.555582206543
2026-01-29 01:56:00+00:00,0.9176599979400635,0.9177200198173523,0.9175900220870972,0.9175999760627747,6518.653717959627
2026-01-29 01:57:00+00:00,0.9176200032234192,0.9177200198173523,0.9172599911689758,0.9176899790763855,6043.586943991157
2026-01-29 01:58:00+00:00,0.9176700115203857,0.917739987373352,0.917639970779419,0.917639970779419,5690.88448458959
2026-01-29 01:59:00+00:00,0.917639970779419,0.9177799820899963,0.9172599911689758,0.9177500009536743,6668.72128269834
2026-01-29 02:00:00+00:00,0.917739987373352,0.9178400039672852,0.91771000623703,0.9177500009536743,6376.965248164716
2026-01-29 02:01:00+00:00,0.9177500009536743,0.917900025844574,0.9174200296401978,0.9178699851036072,4848.525137540873
2026-01-29 02:02:00+00:00,0.9178500175476074,0.917959988117218,0.9178500175476074,0.9179099798202515,6170.320237220518
2026-01-29 02:03:00+00:00,0.9179099798202515,0.9180099964141846,0.9175000190734863,0.9179999828338623,7959.573876318112
2026-01-29 02:04:00+00:00,0.9179700016975403,0.9180300235748291,0.9179199934005737,0.9179800152778625,10081.27118816366
2026-01-29 02:05:00+00:00,0.9179900288581848,0.9180200099945068,0.9175500273704529,0.9179900288581848,5433.922276295312
2026-01-29 02:06:00+00:00,0.9179700016975403,0.9180399775505066,0.917900025844574,0.917930006980896,6974.497654821847
2026-01-29 02:07:00+00:00,0.9179499745368958,0.9179999828338623,0.9174699783325195,0.9179099798202515,6771.144008973132
2026-01-29 02:08:00+00:00,0.917900025844574,0.9179999828338623,0.9178699851036072,0.9179199934005737,7493.129029223314
2026-01-29 02:09:00+00:00,0.9178699851036072,0.9179999828338623,0.9175000190734863,0.9179099798202515,7108.089792479943
2026-01-29 02:10:00+00:00,0.917900025844574,0.9179999828338623,0.917900025844574,0.9179700016975403,8236.404192995371
2026-01-29 02:11:00+00:00,0.9179499745368958,0.9180200099945068,0.9175300002098083,0.9179700016975403,7867.177319979725
2026-01-29 02:12:00+00:00,0.9179700016975403,0.9180999994277954,0.9179499745368958,0.9180099964141846,8740.029145754803
2026-01-29 02:13:00+00:00,0.9180099964141846,0.9180399775505066,0.9174799919128418,0.9179199934005737,10046.038107489756
2026-01-29 02:14:00+00:00,0.9179400205612183,0.9180399775505066,0.9179099798202515,0.9179900288581848,9574.051300309204
2026-01-29 02:15:00+00:00,0.9179900288581848,0.9181100130081177,0.9175500273704529,0.9180700182914734,11610.668376634601
2026-01-29 02:16:00+00:00,0.9180999994277954,0.9181200265884399,0.9179900288581848,0.9180099964141846,11450.258486700917
2026-01-29 02:17:00+00:00,0.9180200099945068,0.9180200099945068,0.9175500273704529,0.9179900288581848,10372.498990956163
2026-01-29 02:18:00+00:00,0.9179800152778625,0.9181299805641174,0.9179800152778625,0.9180899858474731,10029.931665848935
2026-01-29 02:19:00+00:00,0.9180600047111511,0.9181200265884399,0.9175900220870972,0.9180399775505066,13931.027188302845
2026-01-29 02:20:00+00:00,0.9180200099945068,0.9180999994277954,0.917959988117218,0.9179999828338623,13214.027614735454
2026-01-29 02:21:00+00:00,0.9180099964141846,0.9180300235748291,0.9173600077629089,0.9177700281143188,16564.223224613797
2026-01-29 02:22:00+00:00,0.9177600145339966,0.9178400039672852,0.917739987373352,0.9177799820899963,14864.602208043896
2026-01-29 02:23:00+00:00,0.9178100228309631,0.9178199768066406,0.9172899723052979,0.9177600145339966,15229.857857396624
2026-01-29 02:24:00+00:00,0.9177799820899963,0.9178299903869629,0.9176999926567078,0.9178100228309631,15530.656803397842
2026-01-29 02:25:00+00:00,0.9177700281143188,0.9178199768066406,0.9173300266265869,0.9177700281143188,19566.079894261522
2026-01-29 02:26:00+00:00,0.9176999926567078,0.9178100228309631,0.9176999926567078,0.917739987373352,17195.388297133988
2026-01-29 02:27:00+00:00,0.9177500009536743,0.917900025844574,0.9173799753189087,0.9178400039672852,16080.549933145354
2026-01-29 02:28:00+00:00,0.9178100228309631,0.9178500175476074,0.9177200198173523,0.9177799820899963,15544.520152345083
2026-01-29 02:29:00+00:00,0.9177500009536743,0.9178299903869629,0.9172599911689758,0.91771000623703,16073.078086159216
2026-01-29 02:30:00+00:00,0.917680025100708,0.9177200198173523,0.9175699949264526,0.9175800085067749,15153.402360415768
2026-01-29 02:31:00+00:00,0.9175900220870972,0.9176999926567078,0.9171500205993652,0.9176099896430969,19786.96730538228
2026-01-29 02:32:00+00:00,0.9175800085067749,0.917639970779419,0.9175400137901306,0.9175599813461304,15056.163940364953
2026-01-29 02:33:00+00:00,0.9175599813461304,0.9178100228309631,0.9173099994659424,0.917739987373352,16009.163936693092
2026-01-29 02:34:00+00:00,0.9177200198173523,0.9178000092506409,0.9176300168037415,0.9176599979400635,15613.722651138074
2026-01-29 02:35:00+00:00,0.9176599979400635,0.9177200198173523,0.9172199964523315,0.9176499843597412,15210.394792953462
2026-01-29 02:36:00+00:00,0.917680025100708,0.91771000623703,0.9175999760627747,0.9176700115203857,16404.540990051206
2026-01-29 02:37:00+00:00,0.9176200032234192,0.9177200198173523,0.9172400236129761,0.9177200198173523,11973.19957231102
2026-01-29 02:38:00+00:00,0.917680025100708,0.9177200198173523,0.9175699949264526,0.9176099896430969,13512.97166253823
2026-01-29 02:39:00+00:00,0.9175800085067749,0.9176999926567078,0.917140007019043,0.9176099896430969,17380.90368914221
2026-01-29 02:40:00+00:00,0.9176099896430969,0.9176499843597412,0.9175599813461304,0.9176200032234192,14380.612438083237
2026-01-29 02:41:00+00:00,0.9175900220870972,0.9176999926567078,0.9171800017356873,0.9176099896430969,14805.698385217112
2026-01-29 02:42:00+00:00,0.9175999760627747,0.9177299737930298,0.9175999760627747,0.917680025100708,11932.991960353356
2026-01-29 02:43:00+00:00,0.917680025100708,0.9177299737930298,0.9172300100326538,0.917639970779419,13592.826670384966
2026-01-29 02:44:00+00:00,0.9176300168037415,0.91771000623703,0.9176200032234192,0.9176999926567078,11043.279032913591
2026-01-29 02:45:00+00:00,0.9176599979400635,0.9177500009536743,0.9172599911689758,0.9176899790763855,8438.863762495743
2026-01-29 02:46:00+00:00,0.91771000623703,0.91771000623703,0.9176700115203857,0.9176899790763855,6765.193724136572
2026-01-29 02:47:00+00:00,0.91771000623703,0.9177200198173523,0.9172599911689758,0.9176899790763855,7887.439187164376
2026-01-29 02:48:00+00:00,0.9176999926567078,0.9177200198173523,0.917639970779419,0.9176599979400635,5118.919516918311
2026-01-29 02:49:00+00:00,0.9176499843597412,0.9177299737930298,0.9172800183296204,0.91771000623703,5444.2172946219
2026-01-29 02:50:00+00:00,0.9177200198173523,0.9177299737930298,0.9176599979400635,0.9176899790763855,3924.6227325850937
2026-01-29 02:51:00+00:00,0.9176899790763855,0.917900025844574,0.917389988899231,0.9178299903869629,4624.6933035104
2026-01-29 02:52:00+00:00,0.9178699851036072,0.9179099798202515,0.9178100228309631,0.9178299903869629,3858.4799900469693
2026-01-29 02:53:00+00:00,0.9178500175476074,0.917900025844574,0.9174000024795532,0.9178299903869629,2220.2278938590616
2026-01-29 02:54:00+00:00,0.9178599715232849,0.917900025844574,0.9178000092506409,0.9178299903869629,2761.625587452123
2026-01-29 02:55:00+00:00,0.9178100228309631,0.917900025844574,0.9173499941825867,0.9178000092506409,3889.4017300554638
2026-01-29 02:56:00+00:00,0.9178000092506409,0.917900025844574,0.9177500009536743,0.9177700281143188,4257.14203335892
2026-01-29 02:57:00+00:00,0.9177799820899963,0.9178299903869629,0.9173600077629089,0.9177600145339966,3319.315030982414
2026-01-29 02:58:00+00:00,0.9177700281143188,0.9178299903869629,0.9177500009536743,0.9177799820899963,2692.9212925296324
2026-01-29 02:59:00+00:00,0.9177899956703186,0.9178299903869629,0.9173399806022644,0.9177700281143188,2669.643684670761
2026-01-29 03:00:00+00:00,0.9177600145339966,0.9178199768066406,0.9177500009536743,0.9178000092506409,3422.3468287155347
2026-01-29 03:01:00+00:00,0.9177500009536743,0.9178199768066406,0.9172800183296204,0.917680025100708,5020.692995011574
2026-01-29 03:02:00+00:00,0.9176999926567078,0.917739987373352,0.9176499843597412,0.9176599979400635,4972.303887662109
2026-01-29 03:03:00+00:00,0.9176599979400635,0.9177500009536743,0.9172899723052979,0.9176899790763855,5634.396389690067
2026-01-29 03:04:00+00:00,0.917739987373352,0.9178000092506409,0.9176700115203857,0.91771000623703,6979.498865873099
2026-01-29 03:05:00+00:00,0.9176899790763855,0.917739987373352,0.9172000288963318,0.9175999760627747,6575.391979529964
2026-01-29 03:06:00+00:00,0.9176200032234192,0.917639970779419,0.9175400137901306,0.9175400137901306,7083.128731945377
2026-01-29 03:07:00+00:00,0.9175400137901306,0.9175999760627747,0.9170699715614319,0.9175099730491638,8514.633549749362
2026-01-29 03:08:00+00:00,0.9175000190734863,0.9175500273704529,0.9174500107765198,0.917460024356842,8951.19597669566
2026-01-29 03:09:00+00:00,0.9174900054931641,0.9175500273704529,0.9171000123023987,0.9175099730491638,5931.29903114846
2026-01-29 03:10:00+00:00,0.9175099730491638,0.9175400137901306,0.9174699783325195,0.9174699783325195,3770.4779966677997
2026-01-29 03:11:00+00:00,0.9174699783325195,0.9175400137901306,0.9170699715614319,0.9175000190734863,4672.823915535619
2026-01-29 03:12:00+00:00,0.9175000190734863,0.9176499843597412,0.9174799919128418,0.9174900054931641,6437.800380337428
2026-01-29 03:13:00+00:00,0.9175300002098083,0.9175500273704529,0.9170699715614319,0.9175099730491638,6247.3268677067135
2026-01-29 03:14:00+00:00,0.9175199866294861,0.9176999926567078,0.9174699783325195,0.9175699949264526,9731.388899108828
2026-01-29 03:15:00+00:00,0.9175699949264526,0.9176999926567078,0.9172000288963318,0.9176300168037415,9551.170811466947
2026-01-29 03:16:00+00:00,0.9175999760627747,0.9176999926567078,0.9175900220870972,0.9176499843597412,9161.15708115405
2026-01-29 03:17:00+00:00,0.9176700115203857,0.9176999926567078,0.9172199964523315,0.9176700115203857,9455.628758202256
2026-01-29 03:18:00+00:00,0.9176700115203857,0.9176999926567078,0.9175800085067749,0.9175900220870972,9554.11121877114
2026-01-29 03:19:00+00:00,0.9175900220870972,0.9177700281143188,0.9173200130462646,0.9176999926567078,6251.416581036024
2026-01-29 03:20:00+00:00,0.9177299737930298,0.9178400039672852,0.917680025100708,0.9177899956703186,7729.149287787669
2026-01-29 03:21:00+00:00,0.9178000092506409,0.9178299903869629,0.9172400236129761,0.9177200198173523,9274.417054367883
2026-01-29 03:22:00+00:00,0.9176999926567078,0.9178000092506409,0.9176200032234192,0.91771000623703,13003.511547993778
2026-01-29 03:23:00+00:00,0.9176599979400635,0.9177899956703186,0.9172499775886536,0.91771000623703,14665.388852106811
2026-01-29 03:24:00+00:00,0.9176499843597412,0.9177600145339966,0.9176200032234192,0.917639970779419,15787.300021666313
2026-01-29 03:25:00+00:00,0.9176700115203857,0.9177500009536743,0.9173099994659424,0.917739987373352,12965.899127042072
2026-01-29 03:26:00+00:00,0.9176899790763855,0.9178000092506409,0.9176499843597412,0.9176899790763855,14501.388418233619
2026-01-29 03:27:00+00:00,0.9176499843597412,0.9176999926567078,0.9172199964523315,0.917639970779419,13458.642036944866
2026-01-29 03:28:00+00:00,0.917639970779419,0.9177700281143188,0.9176300168037415,0.9177299737930298,12114.01018083875
2026-01-29 03:29:00+00:00,0.917739987373352,0.917900025844574,0.9174000024795532,0.9178299903869629,11577.80422265582
2026-01-29 03:30:00+00:00,0.9177899956703186,0.917900025844574,0.9177600145339966,0.9178000092506409,12126.309284202975
2026-01-29 03:31:00+00:00,0.9177700281143188,0.917900025844574,0.9172899723052979,0.917739987373352,14801.09547451855
2026-01-29 03:32:00+00:00,0.917680025100708,0.9177700281143188,0.9176499843597412,0.9176599979400635,16004.728125821995
2026-01-29 03:33:00+00:00,0.9176599979400635,0.9178299903869629,0.9173499941825867,0.9177799820899963,19532.850390506217
2026-01-29 03:34:00+00:00,0.9177600145339966,0.9178100228309631,0.9176700115203857,0.9176700115203857,15126.55995934978
2026-01-29 03:35:00+00:00,0.9176700115203857,0.9177200198173523,0.9172099828720093,0.9175999760627747,10428.288017490753
2026-01-29 03:36:00+00:00,0.9176599979400635,0.9176599979400635,0.9175800085067749,0.917639970779419,10627.974255304582
2026-01-29 03:37:00+00:00,0.917639970779419,0.9178000092506409,0.9173099994659424,0.91771000623703,11340.73528369649
2026-01-29 03:38:00+00:00,0.9177200198173523,0.9178000092506409,0.9176999926567078,0.9177299737930298,11623.476460633277
2026-01-29 03:39:00+00:00,0.91771000623703,0.9177500009536743,0.9172700047492981,0.9176899790763855,9964.024831596138
2026-01-29 03:40:00+00:00,0.9176899790763855,0.917739987373352,0.9176099896430969,0.917639970779419,8796.957932994788
2026-01-29 03:41:00+00:00,0.9176200032234192,0.9176999926567078,0.9172300100326538,0.9176200032234192,11493.32626677361
2026-01-29 03:42:00+00:00,0.9176200032234192,0.9176700115203857,0.9175900220870972,0.9176099896430969,9209.077963630634
2026-01-29 03:43:00+00:00,0.9175900220870972,0.9176999926567078,0.9172199964523315,0.9176300168037415,8572.825109363288
2026-01-29 03:44:00+00:00,0.9176700115203857,0.9176999926567078,0.9175699949264526,0.9176499843597412,9001.08831289203
2026-01-29 03:45:00+00:00,0.9176899790763855,0.9176999926567078,0.9171900153160095,0.9176300168037415,6228.649689619481
2026-01-29 03:46:00+00:00,0.9176499843597412,0.91771000623703,0.9176200032234192,0.917639970779419,5784.050808227338
2026-01-29 03:47:00+00:00,0.9176300168037415,0.9177200198173523,0.9171800017356873,0.9175999760627747,6134.06315651907
2026-01-29 03:48:00+00:00,0.9175999760627747,0.9176999926567078,0.9175999760627747,0.917639970779419,6334.142352796842
2026-01-29 03:49:00+00:00,0.9176599979400635,0.9176999926567078,0.9172199964523315,0.9176200032234192,5306.27315860538
2026-01-29 03:50:00+00:00,0.9176099896430969,0.9176999926567078,0.9175900220870972,0.9175999760627747,6190.251960078266
2026-01-29 03:51:00+00:00,0.9175900220870972,0.9176999926567078,0.9172300100326538,0.9176599979400635,6208.502350255818
2026-01-29 03:52:00+00:00,0.917639970779419,0.9176999926567078,0.9176200032234192,0.9176499843597412,4479.763398879364
2026-01-29 03:53:00+00:00,0.917639970779419,0.9176700115203857,0.9169300198554993,0.9173300266265869,13909.326979388972
2026-01-29 03:54:00+00:00,0.9173200130462646,0.9174399971961975,0.9173200130462646,0.9173600077629089,10780.808466593067
2026-01-29 03:55:00+00:00,0.9173600077629089,0.9174000024795532,0.916890025138855,0.9173499941825867,11175.700092278974
2026-01-29 03:56:00+00:00,0.9173200130462646,0.9174299836158752,0.9172999858856201,0.9174100160598755,13152.084700934794
2026-01-29 03:57:00+00:00,0.917389988899231,0.9175000190734863,0.9169800281524658,0.9174000024795532,12662.75508536919
2026-01-29 03:58:00+00:00,0.9173799753189087,0.9175000190734863,0.9173499941825867,0.9173499941825867,13601.537938038298
2026-01-29 03:59:00+00:00,0.9173600077629089,0.9174500107765198,0.9169800281524658,0.9174299836158752,12907.390434559251
2026-01-29 04:00:00+00:00,0.9174100160598755,0.9174100160598755,0.9172199964523315,0.9172400236129761,15257.135442146251
2026-01-29 04:01:00+00:00,0.9172300100326538,0.9172999858856201,0.9168199896812439,0.9172599911689758,14057.591288973852
2026-01-29 04:02:00+00:00,0.9172599911689758,0.9173300266265869,0.9172400236129761,0.9172999858856201,12126.247459231134
2026-01-29 04:03:00+00:00,0.9173099994659424,0.9173300266265869,0.9167500138282776,0.9172199964523315,17345.598909173834
2026-01-29 04:04:00+00:00,0.9172099828720093,0.9172999858856201,0.9172000288963318,0.9172599911689758,13362.449187795073
2026-01-29 04:05:00+00:00,0.9172199964523315,0.9172999858856201,0.9168199896812439,0.9172599911689758,16470.231979097265
2026-01-29 04:06:00+00:00,0.9172499775886536,0.9172999858856201,0.917169988155365,0.9172000288963318,16515.855558330968
2026-01-29 04:07:00+00:00,0.9172099828720093,0.9172400236129761,0.9167500138282776,0.9172199964523315,9709.718679893565
2026-01-29 04:08:00+00:00,0.9171900153160095,0.9172499775886536,0.9171800017356873,0.9172099828720093,11175.373734009805
2026-01-29 04:09:00+00:00,0.9172300100326538,0.9172999858856201,0.9171800017356873,0.9172499775886536,2332.918835027112
2026-01-29 04:14:00+00:00,0.9174000024795532,0.9174299836158752,0.917389988899231,0.9174100160598755,3309.3024560499034
2026-01-29 04:15:00+00:00,0.9174000024795532,0.9174299836158752,0.9169600009918213,0.9173700213432312,2383.461425746712
2026-01-29 04:16:00+00:00,0.9173700213432312,0.9175000190734863,0.9173700213432312,0.9174100160598755,1679.3217584507697
2026-01-29 04:17:00+00:00,0.9174100160598755,0.9175999760627747,0.9170299768447876,0.917460024356842,4115.483754565823
2026-01-29 04:18:00+00:00,0.917460024356842,0.9175000190734863,0.9173600077629089,0.9174200296401978,2184.9086879766273
2026-01-29 04:19:00+00:00,0.917389988899231,0.9174399971961975,0.9169700145721436,0.9174100160598755,2563.3556323822545
2026-01-29 04:20:00+00:00,0.9173799753189087,0.9176899790763855,0.9173600077629089,0.9175800085067749,7084.908980465158
2026-01-29 04:21:00+00:00,0.9175300002098083,0.9175900220870972,0.9170500040054321,0.9175000190734863,7389.890764177291
2026-01-29 04:22:00+00:00,0.9175099730491638,0.9175199866294861,0.9173700213432312,0.9174000024795532,7903.252979736452
2026-01-29 04:23:00+00:00,0.9174000024795532,0.9174399971961975,0.916890025138855,0.9173099994659424,8465.525037211146
2026-01-29 04:24:00+00:00,0.9173099994659424,0.9174100160598755,0.9173099994659424,0.9174000024795532,7306.673866213156
2026-01-29 04:25:00+00:00,0.917389988899231,0.9174200296401978,0.9169399738311768,0.9172899723052979,9129.971128612842
2026-01-29 04:26:00+00:00,0.9172899723052979,0.9174000024795532,0.9172700047492981,0.9173200130462646,9653.954393257629
2026-01-29 04:27:00+00:00,0.9172800183296204,0.9174000024795532,0.9168699979782104,0.9172800183296204,20834.510753673367
2026-01-29 04:28:00+00:00,0.9172800183296204,0.9174000024795532,0.9172700047492981,0.9172800183296204,17114.685696548087
2026-01-29 04:29:00+00:00,0.9172800183296204,0.9173200130462646,0.9168400168418884,0.9172800183296204,15185.140366665319
2026-01-29 04:30:00+00:00,0.9172800183296204,0.9173300266265869,0.9172599911689758,0.9173099994659424,15572.417740054752
2026-01-29 04:31:00+00:00,0.9173099994659424,0.9173300266265869,0.9168300032615662,0.9173099994659424,14111.999712524528
2026-01-29 04:32:00+00:00,0.9172700047492981,0.9173200130462646,0.9172499775886536,0.9172899723052979,13208.900825269146
2026-01-29 04:33:00+00:00,0.9172599911689758,0.9173300266265869,0.9168300032615662,0.9172700047492981,13023.45863578747
2026-01-29 04:34:00+00:00,0.9172700047492981,0.9173600077629089,0.9172599911689758,0.9172700047492981,8775.402976947324
2026-01-29 04:35:00+00:00,0.9172800183296204,0.9173200130462646,0.9168300032615662,0.9172499775886536,8326.427819934006
2026-01-29 04:36:00+00:00,0.9172499775886536,0.9172999858856201,0.9171599745750427,0.9172000288963318,7500.9088000905585
2026-01-29 04:37:00+00:00,0.9172000288963318,0.9172999858856201,0.9167299866676331,0.9171800017356873,8603.239311013946
2026-01-29 04:38:00+00:00,0.9171800017356873,0.9172000288963318,0.9171199798583984,0.917169988155365,8819.866474246093
2026-01-29 04:39:00+00:00,0.917140007019043,0.9172999858856201,0.9168099761009216,0.9172000288963318,8574.331611167176
2026-01-29 04:40:00+00:00,0.9172199964523315,0.9173700213432312,0.9172000288963318,0.9173099994659424,7442.107511977863
2026-01-29 04:41:00+00:00,0.9173099994659424,0.9174000024795532,0.9168800115585327,0.9172899723052979,8950.79003785363
2026-01-29 04:42:00+00:00,0.9173099994659424,0.9174000024795532,0.9172700047492981,0.9172800183296204,8882.753877490073
2026-01-29 04:43:00+00:00,0.9172800183296204,0.9174000024795532,0.9169099926948547,0.9173600077629089,6447.827325389537
2026-01-29 04:44:00+00:00,0.9173200130462646,0.9174000024795532,0.9172800183296204,0.9173200130462646,8327.12857377838
2026-01-29 04:45:00+00:00,0.9173300266265869,0.9174399971961975,0.9169600009918213,0.9174000024795532,10152.470978004405
2026-01-29 04:46:00+00:00,0.9174000024795532,0.9175400137901306,0.9174000024795532,0.9175099730491638,9404.896160359718
2026-01-29 04:48:00+00:00,0.9174000024795532,0.9174500107765198,0.9173499941825867,0.917389988899231,3517.535371645628
2026-01-29 04:49:00+00:00,0.9174399971961975,0.9175199866294861,0.9170100092887878,0.9174399971961975,13038.646900007976
2026-01-29 04:50:00+00:00,0.9174399971961975,0.9175099730491638,0.9173200130462646,0.9174200296401978,5510.54731477739
2026-01-29 04:51:00+00:00,0.9173799753189087,0.9175000190734863,0.9169800281524658,0.9174699783325195,14651.355032221913
2026-01-29 04:52:00+00:00,0.9174200296401978,0.9175999760627747,0.9173799753189087,0.9175199866294861,6337.774671196798
2026-01-29 04:53:00+00:00,0.9175300002098083,0.9175699949264526,0.9169800281524658,0.9174000024795532,18348.16867446413
2026-01-29 04:54:00+00:00,0.9174000024795532,0.9174399971961975,0.9173200130462646,0.9174100160598755,10808.162767428843
2026-01-29 04:55:00+00:00,0.9173799753189087,0.9175000190734863,0.9169300198554993,0.9173300266265869,23053.548669546468
2026-01-29 04:56:00+00:00,0.917389988899231,0.9174000024795532,0.9172899723052979,0.9173099994659424,8898.47498597656
2026-01-29 04:57:00+00:00,0.9173700213432312,0.9174000024795532,0.9169300198554993,0.9173300266265869,16138.191843436445
2026-01-29 04:58:00+00:00,0.9173700213432312,0.9174200296401978,0.9173200130462646,0.9173499941825867,8112.91072357198
2026-01-29 04:59:00+00:00,0.9173600077629089,0.9175000190734863,0.9169899821281433,0.9174699783325195,18719.575462287805
2026-01-29 05:00:00+00:00,0.917389988899231,0.9175400137901306,0.9173799753189087,0.9174900054931641,10687.560640735823
2026-01-29 05:01:00+00:00,0.9174399971961975,0.9175000190734863,0.9169399738311768,0.9173600077629089,19969.400105082965
2026-01-29 05:02:00+00:00,0.9174299836158752,0.9175000190734863,0.9173499941825867,0.917460024356842,19074.729641427384
2026-01-29 05:03:00+00:00,0.9174100160598755,0.9175000190734863,0.9168800115585327,0.9173200130462646,20726.23149766324
2026-01-29 05:04:00+00:00,0.9173499941825867,0.9174200296401978,0.9173200130462646,0.9173600077629089,18399.494043316106
2026-01-29 05:05:00+00:00,0.9174000024795532,0.9174200296401978,0.9169399738311768,0.9173300266265869,17484.689096368264
2026-01-29 05:06:00+00:00,0.9173300266265869,0.9174000024795532,0.9172800183296204,0.9173600077629089,13882.28022086396
2026-01-29 05:07:00+00:00,0.9173099994659424,0.9174000024795532,0.916920006275177,0.917389988899231,13982.430300719998
2026-01-29 05:08:00+00:00,0.9173399806022644,0.9174000024795532,0.9172700047492981,0.9172999858856201,17707.39193223183
2026-01-29 05:09:00+00:00,0.9173499941825867,0.9174000024795532,0.9172599911689758,0.9172999858856201,5443.316331231153
2026-01-29 05:11:00+00:00,0.9173499941825867,0.9174000024795532,0.9168800115585327,0.9173200130462646,12211.879893247502
2026-01-29 05:12:00+00:00,0.9172899723052979,0.9173499941825867,0.9172000288963318,0.9172599911689758,5813.480537780509
2026-01-29 05:13:00+00:00,0.9172599911689758,0.9174000024795532,0.9168599843978882,0.9173200130462646,16614.178359338966
2026-01-29 05:14:00+00:00,0.9173200130462646,0.9174000024795532,0.9172400236129761,0.9173799753189087,8987.6001787364
2026-01-29 05:15:00+00:00,0.9173600077629089,0.9174900054931641,0.9169800281524658,0.9174100160598755,15852.162043633954
2026-01-29 05:16:00+00:00,0.9174100160598755,0.9175099730491638,0.917389988899231,0.9174200296401978,5738.696321903065
2026-01-29 05:17:00+00:00,0.9174200296401978,0.9175400137901306,0.9170299768447876,0.9174399971961975,13707.936970295545
2026-01-29 05:18:00+00:00,0.9175199866294861,0.9175300002098083,0.917389988899231,0.9174900054931641,4824.875087424261
2026-01-29 05:19:00+00:00,0.9174900054931641,0.9175199866294861,0.9170299768447876,0.9174299836158752,13274.48638420947
2026-01-29 05:20:00+00:00,0.9175000190734863,0.9176200032234192,0.9174299836158752,0.9175300002098083,7067.148394993842
2026-01-29 05:21:00+00:00,0.9175300002098083,0.9177200198173523,0.9172499775886536,0.9176200032234192,11972.582868890846
2026-01-29 05:22:00+00:00,0.9176700115203857,0.9177500009536743,0.9175999760627747,0.9176700115203857,6083.02990776874
2026-01-29 05:23:00+00:00,0.917680025100708,0.9178000092506409,0.9172400236129761,0.917680025100708,17603.473577741122
2026-01-29 05:24:00+00:00,0.9176899790763855,0.917739987373352,0.9175999760627747,0.9176099896430969,17759.56764604058
2026-01-29 05:25:00+00:00,0.9176200032234192,0.9176999926567078,0.9171599745750427,0.9175800085067749,16047.280510474393
2026-01-29 05:26:00+00:00,0.9175699949264526,0.9176300168037415,0.9175500273704529,0.9175900220870972,14606.562347075274
2026-01-29 05:27:00+00:00,0.9176099896430969,0.9176200032234192,0.9171000123023987,0.9175400137901306,14819.43761913068
2026-01-29 05:28:00+00:00,0.9175400137901306,0.9175999760627747,0.9174799919128418,0.9175400137901306,13366.784800726784
2026-01-29 05:29:00+00:00,0.9175300002098083,0.9175999760627747,0.917110025882721,0.9175599813461304,14938.437516299282
2026-01-29 05:31:00+00:00,0.9175000190734863,0.9175999760627747,0.917110025882721,0.9175599813461304,17205.96287602261
2026-01-29 05:32:00+00:00,0.9175699949264526,0.9175999760627747,0.9174900054931641,0.9175900220870972,11749.747194247537
2026-01-29 05:33:00+00:00,0.9175599813461304,0.9176099896430969,0.9171199798583984,0.9175500273704529,20683.37411134198
2026-01-29 05:34:00+00:00,0.9175999760627747,0.9176999926567078,0.9175300002098083,0.9175999760627747,12832.485599785432
2026-01-29 05:35:00+00:00,0.9175699949264526,0.9176300168037415,0.917169988155365,0.9175999760627747,18692.848008716413
2026-01-29 05:36:00+00:00,0.9175900220870972,0.9176999926567078,0.9175699949264526,0.9175800085067749,12259.534017871845
2026-01-29 05:37:00+00:00,0.9175800085067749,0.917639970779419,0.9171199798583984,0.9175599813461304,17525.191221317356
2026-01-29 05:38:00+00:00,0.9175500273704529,0.9175999760627747,0.9174799919128418,0.9175400137901306,11254.085825587375
2026-01-29 05:39:00+00:00,0.9175500273704529,0.9175500273704529,0.9170200228691101,0.9174699783325195,19005.565105475813
2026-01-29 05:40:00+00:00,0.9174699783325195,0.9175999760627747,0.9174500107765198,0.9175500273704529,8780.479941162437
2026-01-29 05:41:00+00:00,0.9175599813461304,0.9175999760627747,0.9171000123023987,0.9175300002098083,16407.158761968964
2026-01-29 05:42:00+00:00,0.9175199866294861,0.9175999760627747,0.9175000190734863,0.9175400137901306,11053.052621124363
2026-01-29 05:43:00+00:00,0.9175500273704529,0.9176300168037415,0.9171500205993652,0.9176099896430969,19417.716839060042
2026-01-29 05:44:00+00:00,0.9175900220870972,0.9176999926567078,0.9175699949264526,0.9176499843597412,9893.212444515219
2026-01-29 05:45:00+00:00,0.9176300168037415,0.9176700115203857,0.917140007019043,0.9175599813461304,11433.57424215816
2026-01-29 05:46:00+00:00,0.9175699949264526,0.9175999760627747,0.9175099730491638,0.9175699949264526,10941.707797216157
2026-01-29 05:47:00+00:00,0.9175300002098083,0.9175999760627747,0.9170699715614319,0.9175000190734863,12547.755081431887
2026-01-29 05:48:00+00:00,0.9175400137901306,0.9175999760627747,0.9174900054931641,0.9175599813461304,8155.54573457857
2026-01-29 05:49:00+00:00,0.9175199866294861,0.9176099896430969,0.9171299934387207,0.9175199866294861,8835.651966074558
2026-01-29 05:50:00+00:00,0.9175000190734863,0.9175999760627747,0.9175000190734863,0.9175099730491638,9073.385509180434
2026-01-29 05:51:00+00:00,0.9175099730491638,0.9175999760627747,0.9170799851417542,0.9175400137901306,10634.114859843206
2026-01-29 05:52:00+00:00,0.9175000190734863,0.9175999760627747,0.9174500107765198,0.9174699783325195,10293.236814480091
2026-01-29 05:53:00+00:00,0.917460024356842,0.9175199866294861,0.9169999957084656,0.917460024356842,10449.321350625096
2026-01-29 05:54:00+00:00,0.9174799919128418,0.9175199866294861,0.917460024356842,0.917460024356842,7035.107436621858
2026-01-29 05:55:00+00:00,0.917460024356842,0.9175099730491638,0.9169700145721436,0.9174200296401978,7571.773090437912
2026-01-29 05:56:00+00:00,0.9173799753189087,0.9174399971961975,0.9173600077629089,0.9174100160598755,10299.532143709837
2026-01-29 05:57:00+00:00,0.917389988899231,0.9174399971961975,0.9169700145721436,0.9174000024795532,8929.620930516601
2026-01-29 05:58:00+00:00,0.9174000024795532,0.9175000190734863,0.9173799753189087,0.9174500107765198,7782.669788558974
2026-01-29 05:59:00+00:00,0.9174200296401978,0.9175000190734863,0.9169600009918213,0.9174000024795532,9768.423658575623
2026-01-29 06:00:00+00:00,0.9174000024795532,0.9175000190734863,0.917389988899231,0.9174200296401978,9460.586110259414
2026-01-29 06:01:00+00:00,0.9174299836158752,0.9175000190734863,0.9170100092887878,0.9174500107765198,7091.8253368371425
2026-01-29 06:02:00+00:00,0.9174500107765198,0.9175199866294861,0.9174299836158752,0.917460024356842,8441.305893476201
2026-01-29 06:03:00+00:00,0.917460024356842,0.9175999760627747,0.9170699715614319,0.9174900054931641,9255.779587567242
2026-01-29 06:04:00+00:00,0.9174900054931641,0.9175199866294861,0.9174399971961975,0.9174399971961975,7149.953881499363
2026-01-29 06:05:00+00:00,0.9174900054931641,0.9175999760627747,0.9170699715614319,0.9175099730491638,10458.744873611062
2026-01-29 06:06:00+00:00,0.9175099730491638,0.9175999760627747,0.9174500107765198,0.9175199866294861,7569.975153917993
2026-01-29 06:07:00+00:00,0.9174799919128418,0.9175999760627747,0.9170799851417542,0.9175099730491638,9869.628206470488
2026-01-29 06:08:00+00:00,0.9174900054931641,0.9175999760627747,0.9174799919128418,0.9174900054931641,8526.40990793878
2026-01-29 06:09:00+00:00,0.9175500273704529,0.9176200032234192,0.9171299934387207,0.9175699949264526,8597.469948110169
2026-01-29 06:10:00+00:00,0.9175699949264526,0.9176300168037415,0.9175099730491638,0.9175999760627747,9374.819449348019
2026-01-29 06:11:00+00:00,0.9175699949264526,0.917639970779419,0.9171299934387207,0.9175800085067749,11657.213227659382
2026-01-29 06:12:00+00:00,0.9175800085067749,0.9175999760627747,0.9175099730491638,0.9175500273704529,8426.132976861427
2026-01-29 06:13:00+00:00,0.9175400137901306,0.9175999760627747,0.9170500040054321,0.9175000190734863,11340.04215744652
2026-01-29 06:14:00+00:00,0.9174900054931641,0.9175099730491638,0.9174399971961975,0.9174699783325195,9250.410387862017
2026-01-29 06:15:00+00:00,0.9174699783325195,0.9175199866294861,0.9170500040054321,0.9174900054931641,8969.784083592465
2026-01-29 06:16:00+00:00,0.9174900054931641,0.9175199866294861,0.917460024356842,0.917460024356842,8075.3669468978915
2026-01-29 06:17:00+00:00,0.917460024356842,0.9175199866294861,0.9170399904251099,0.9174900054931641,6852.044025038541
2026-01-29 06:18:00+00:00,0.9174900054931641,0.9175999760627747,0.9174799919128418,0.9175099730491638,8666.22095288408
2026-01-29 06:19:00+00:00,0.9175099730491638,0.9175999760627747,0.9170699715614319,0.9175900220870972,7830.505147184441
2026-01-29 06:20:00+00:00,0.9175599813461304,0.9175999760627747,0.9174500107765198,0.917460024356842,6792.966794438252
2026-01-29 06:21:00+00:00,0.9174699783325195,0.9175000190734863,0.916949987411499,0.917389988899231,8063.968067486367
2026-01-29 06:22:00+00:00,0.9173700213432312,0.9175000190734863,0.9173300266265869,0.9173499941825867,11770.12138958391
2026-01-29 06:23:00+00:00,0.9173600077629089,0.9175300002098083,0.9170600175857544,0.9175099730491638,7845.171914329714
2026-01-29 06:24:00+00:00,0.9174699783325195,0.9175400137901306,0.9174299836158752,0.9174799919128418,8687.968001708665
2026-01-29 06:25:00+00:00,0.9174699783325195,0.9176200032234192,0.9171000123023987,0.9175400137901306,7917.185578240653
2026-01-29 06:26:00+00:00,0.9175500273704529,0.9176200032234192,0.9175099730491638,0.9175900220870972,7789.786397419012
2026-01-29 06:27:00+00:00,0.9176099896430969,0.9176599979400635,0.9171900153160095,0.9176300168037415,8096.492187654773
2026-01-29 06:28:00+00:00,0.917639970779419,0.9176999926567078,0.9175800085067749,0.9176099896430969,8580.4418269933
2026-01-29 06:29:00+00:00,0.9175999760627747,0.917639970779419,0.9171500205993652,0.9175699949264526,9690.439949208889
2026-01-29 06:30:00+00:00,0.9175699949264526,0.9176099896430969,0.9175000190734863,0.9175800085067749,8212.52377142967
2026-01-29 06:31:00+00:00,0.9175800085067749,0.9175999760627747,0.917140007019043,0.9175900220870972,8403.208007548648
2026-01-29 06:32:00+00:00,0.9175900220870972,0.9176099896430969,0.9175599813461304,0.9175699949264526,8618.231941824055
2026-01-29 06:33:00+00:00,0.9175800085067749,0.9175900220870972,0.9170799851417542,0.9175199866294861,8107.838398872118
2026-01-29 06:34:00+00:00,0.9175199866294861,0.9175999760627747,0.9175000190734863,0.9175400137901306,5786.1499946255635
2026-01-29 06:35:00+00:00,0.9175199866294861,0.9176300168037415,0.9171800017356873,0.9176200032234192,5129.214906253589
2026-01-29 06:36:00+00:00,0.9175999760627747,0.9176499843597412,0.9175699949264526,0.9175999760627747,2878.2541864523882
2026-01-29 06:37:00+00:00,0.9175900220870972,0.9176999926567078,0.9171800017356873,0.9176300168037415,3527.2213527564522
2026-01-29 06:38:00+00:00,0.9176300168037415,0.9176999926567078,0.9175999760627747,0.9176200032234192,3523.3083650085305
2026-01-29 06:39:00+00:00,0.9176200032234192,0.9176300168037415,0.9171199798583984,0.9175500273704529,3766.627241098678
2026-01-29 06:40:00+00:00,0.9175699949264526,0.9175999760627747,0.9175000190734863,0.9175400137901306,3724.170922975408
2026-01-29 06:41:00+00:00,0.9175099730491638,0.9175999760627747,0.9170899987220764,0.9175099730491638,4560.500697343269
2026-01-29 06:42:00+00:00,0.9175099730491638,0.9176099896430969,0.9175000190734863,0.9175599813461304,4060.8163968851213
2026-01-29 06:43:00+00:00,0.9175999760627747,0.9176700115203857,0.9171599745750427,0.9176499843597412,4001.355366350422
2026-01-29 06:44:00+00:00,0.9176300168037415,0.91771000623703,0.9176099896430969,0.9176599979400635,4941.526376812098
2026-01-29 06:45:00+00:00,0.9176599979400635,0.91771000623703,0.9172499775886536,0.9176499843597412,4283.4906443749
2026-01-29 06:46:00+00:00,0.9176499843597412,0.9176999926567078,0.9175800085067749,0.9176099896430969,6237.154529884051
2026-01-29 06:47:00+00:00,0.9175999760627747,0.9176300168037415,0.917140007019043,0.9176099896430969,4320.395080856449
2026-01-29 06:48:00+00:00,0.9175900220870972,0.9176200032234192,0.9175400137901306,0.9175900220870972,3981.9557600474495
2026-01-29 06:49:00+00:00,0.9175999760627747,0.9176200032234192,0.9171599745750427,0.9175800085067749,5669.18944006361
2026-01-29 06:50:00+00:00,0.9175999760627747,0.9175999760627747,0.9175199866294861,0.9175300002098083,5434.704829511993
2026-01-29 06:51:00+00:00,0.9175300002098083,0.917639970779419,0.9171000123023987,0.9176300168037415,5283.31381579021
2026-01-29 06:52:00+00:00,0.9176200032234192,0.9176999926567078,0.9175800085067749,0.9176200032234192,5515.996185352579
2026-01-29 06:53:00+00:00,0.9175999760627747,0.9176499843597412,0.917169988155365,0.9175999760627747,6940.353861154735
2026-01-29 06:54:00+00:00,0.9175999760627747,0.9176999926567078,0.9175999760627747,0.9176599979400635,5162.364858661913
2026-01-29 06:55:00+00:00,0.9176599979400635,0.91771000623703,0.9172099828720093,0.9176300168037415,5412.212710789903
2026-01-29 06:56:00+00:00,0.9176300168037415,0.9176999926567078,0.9175800085067749,0.9176200032234192,5092.057473668933
2026-01-29 06:57:00+00:00,0.9176200032234192,0.9176999926567078,0.917169988155365,0.9175999760627747,4839.033549964405
2026-01-29 06:58:00+00:00,0.9175800085067749,0.9176300168037415,0.9175400137901306,0.9175800085067749,5408.396159907482
2026-01-29 06:59:00+00:00,0.9175699949264526,0.9175999760627747,0.9170899987220764,0.9175000190734863,5925.741556017962
2026-01-29 07:00:00+00:00,0.9175000190734863,0.9175699949264526,0.9173399806022644,0.9173600077629089,8513.023782624408
2026-01-29 07:01:00+00:00,0.9173600077629089,0.9174500107765198,0.9168400168418884,0.9172800183296204,9175.185012485432
2026-01-29 07:02:00+00:00,0.9172599911689758,0.9175000190734863,0.9172199964523315,0.9174399971961975,14266.564123629703
2026-01-29 07:03:00+00:00,0.9174399971961975,0.9175599813461304,0.9170600175857544,0.9174799919128418,18232.808520445746
2026-01-29 07:04:00+00:00,0.9174900054931641,0.9175999760627747,0.9174500107765198,0.9174799919128418,16400.149702425366
2026-01-29 07:05:00+00:00,0.9174799919128418,0.9175999760627747,0.9169999957084656,0.9174299836158752,16513.259328337546
2026-01-29 07:06:00+00:00,0.9174500107765198,0.9174799919128418,0.9172899723052979,0.9173399806022644,18237.581069970547
2026-01-29 07:07:00+00:00,0.9173099994659424,0.9173499941825867,0.9167799949645996,0.9172400236129761,24706.303521449638
2026-01-29 07:08:00+00:00,0.9172499775886536,0.9173200130462646,0.9172000288963318,0.9172599911689758,25149.930541187106
2026-01-29 07:09:00+00:00,0.9172599911689758,0.9173399806022644,0.9167900085449219,0.9172899723052979,23303.113225591762
2026-01-29 07:10:00+00:00,0.9173300266265869,0.9175099730491638,0.9172999858856201,0.917460024356842,28091.929452409142
2026-01-29 07:11:00+00:00,0.917460024356842,0.9175000190734863,0.9169800281524658,0.9174200296401978,24914.709301934057
2026-01-29 07:12:00+00:00,0.9174200296401978,0.9175000190734863,0.917389988899231,0.9174000024795532,25773.714691492365
2026-01-29 07:13:00+00:00,0.9174000024795532,0.9175000190734863,0.9169399738311768,0.9173600077629089,30396.77840701641
2026-01-29 07:14:00+00:00,0.9173600077629089,0.9175000190734863,0.9173600077629089,0.9174399971961975,26608.884082275657
2026-01-29 07:15:00+00:00,0.9174399971961975,0.9175000190734863,0.9169800281524658,0.917460024356842,23827.357124332724
2026-01-29 07:16:00+00:00,0.917460024356842,0.917639970779419,0.9174500107765198,0.9176200032234192,22876.212368180994
2026-01-29 07:17:00+00:00,0.9176200032234192,0.9176999926567078,0.9172000288963318,0.9176599979400635,13977.797165706761
2026-01-29 07:18:00+00:00,0.9176599979400635,0.917739987373352,0.9176200032234192,0.9177200198173523,22982.731011297008
2026-01-29 07:19:00+00:00,0.9176899790763855,0.9179499745368958,0.9174699783325195,0.9178900122642517,16823.117778459928
2026-01-29 07:20:00+00:00,0.9178500175476074,0.917959988117218,0.9178100228309631,0.9179499745368958,13705.29373883807
2026-01-29 07:21:00+00:00,0.917900025844574,0.917959988117218,0.9174399971961975,0.9178699851036072,13287.343945345185
2026-01-29 07:22:00+00:00,0.9178799986839294,0.9179800152778625,0.9177500009536743,0.9178000092506409,18493.92321497312
2026-01-29 07:23:00+00:00,0.9177600145339966,0.9178400039672852,0.9173300266265869,0.9177799820899963,17824.573256862768
2026-01-29 07:24:00+00:00,0.9177799820899963,0.9178900122642517,0.9177600145339966,0.9178900122642517,17824.373877782677
2026-01-29 07:25:00+00:00,0.9178400039672852,0.9179900288581848,0.9174799919128418,0.917930006980896,16461.363919443913
2026-01-29 07:26:00+00:00,0.9179400205612183,0.9180899858474731,0.9179199934005737,0.9180700182914734,16263.598627308958
2026-01-29 07:27:00+00:00,0.9180399775505066,0.9180600047111511,0.9175999760627747,0.9179999828338623,15346.214910473673
2026-01-29 07:28:00+00:00,0.9180300235748291,0.9180300235748291,0.9179499745368958,0.9179800152778625,15333.043130991093
2026-01-29 07:29:00+00:00,0.9179999828338623,0.9180999994277954,0.9175800085067749,0.9180300235748291,14758.105555487527
2026-01-29 07:30:00+00:00,0.9180700182914734,0.9181699752807617,0.9180099964141846,0.9181699752807617,15183.465113255028
2026-01-29 07:31:00+00:00,0.9181299805641174,0.918150007724762,0.9176200032234192,0.9180300235748291,15214.511885005157
2026-01-29 07:32:00+00:00,0.9180099964141846,0.9181299805641174,0.9179700016975403,0.9180700182914734,14986.430245921698
2026-01-29 07:33:00+00:00,0.9180499911308289,0.9181600213050842,0.9176899790763855,0.9181100130081177,16930.705816450078
2026-01-29 07:34:00+00:00,0.918150007724762,0.9182000160217285,0.9180300235748291,0.918179988861084,16130.352988233682
2026-01-29 07:35:00+00:00,0.9181600213050842,0.9182999730110168,0.9177899956703186,0.9182000160217285,14186.2377056413
2026-01-29 07:36:00+00:00,0.9182100296020508,0.9182500243186951,0.9181299805641174,0.9181600213050842,11584.840216683151
2026-01-29 07:37:00+00:00,0.9181600213050842,0.9182999730110168,0.9178500175476074,0.9182100296020508,10240.461024498487
2026-01-29 07:38:00+00:00,0.9182199835777283,0.9182999730110168,0.9180799722671509,0.918179988861084,15660.903850520599
2026-01-29 07:39:00+00:00,0.918150007724762,0.9182199835777283,0.9177200198173523,0.918150007724762,12452.007162794314
2026-01-29 07:40:00+00:00,0.918150007724762,0.9183300137519836,0.9181299805641174,0.9182999730110168,13203.706147702287
2026-01-29 07:41:00+00:00,0.9182500243186951,0.9183499813079834,0.9178299903869629,0.9182800054550171,18028.676712241948
2026-01-29 07:42:00+00:00,0.9182599782943726,0.9183400273323059,0.9182400107383728,0.9182999730110168,15212.172104789784
2026-01-29 07:43:00+00:00,0.9183200001716614,0.9183599948883057,0.9178100228309631,0.9182400107383728,13722.300985963431
2026-01-29 07:44:00+00:00,0.9182299971580505,0.9182699918746948,0.9181399941444397,0.9181600213050842,18131.075865307783
2026-01-29 07:45:00+00:00,0.9181600213050842,0.9182199835777283,0.9176899790763855,0.9181299805641174,13944.170579023728
2026-01-29 07:46:00+00:00,0.9181200265884399,0.918150007724762,0.9179400205612183,0.9179800152778625,16148.556161636301
2026-01-29 07:47:00+00:00,0.9179499745368958,0.9180200099945068,0.9174799919128418,0.9179099798202515,18993.728115329002
2026-01-29 07:48:00+00:00,0.9179199934005737,0.9179999828338623,0.9178299903869629,0.9178799986839294,15596.05415212301
2026-01-29 07:49:00+00:00,0.9178900122642517,0.9179999828338623,0.9174699783325195,0.917930006980896,16195.798119370782
2026-01-29 07:50:00+00:00,0.917900025844574,0.9179999828338623,0.9178599715232849,0.9179900288581848,18951.871565582234
2026-01-29 07:51:00+00:00,0.9179400205612183,0.9180499911308289,0.9174799919128418,0.9178699851036072,19808.676927985627
2026-01-29 07:52:00+00:00,0.9178900122642517,0.917930006980896,0.9177799820899963,0.9178500175476074,17507.624870518535
2026-01-29 07:53:00+00:00,0.9178299903869629,0.9179999828338623,0.9174799919128418,0.9178699851036072,22722.546936905794
2026-01-29 07:54:00+00:00,0.9178699851036072,0.9181200265884399,0.9178699851036072,0.9180099964141846,23000.96077432202
2026-01-29 07:55:00+00:00,0.9180099964141846,0.9181299805641174,0.9176499843597412,0.9180899858474731,20120.719355464324
2026-01-29 07:56:00+00:00,0.9180600047111511,0.9181100130081177,0.9179700016975403,0.9180600047111511,23906.80211597692
2026-01-29 07:57:00+00:00,0.9180600047111511,0.9180999994277954,0.9174299836158752,0.9178500175476074,22415.183597409847
2026-01-29 07:58:00+00:00,0.9178500175476074,0.9179199934005737,0.9177899956703186,0.9178100228309631,25730.69320388107
2026-01-29 07:59:00+00:00,0.9178000092506409,0.9178199768066406,0.9173099994659424,0.9177600145339966,27397.8747376149
2026-01-29 08:00:00+00:00,0.9177500009536743,0.9180700182914734,0.9177500009536743,0.9180099964141846,23468.10185191301
2026-01-29 08:01:00+00:00,0.9179800152778625,0.9181100130081177,0.9175400137901306,0.9179900288581848,26882.939255246733
2026-01-29 08:02:00+00:00,0.9179900288581848,0.9180999994277954,0.9179199934005737,0.9180499911308289,28089.041255499767
2026-01-29 08:03:00+00:00,0.9180600047111511,0.9180999994277954,0.9175900220870972,0.9179499745368958,23060.70034617675
2026-01-29 08:04:00+00:00,0.9179700016975403,0.9179999828338623,0.9178699851036072,0.9178799986839294,31388.848550684594
2026-01-29 08:05:00+00:00,0.9178699851036072,0.9179999828338623,0.9175000190734863,0.9178000092506409,24342.366509423733
2026-01-29 08:06:00+00:00,0.9178100228309631,0.917900025844574,0.9177200198173523,0.917739987373352,21930.71760802738
2026-01-29 08:07:00+00:00,0.917739987373352,0.9178100228309631,0.9172999858856201,0.9176999926567078,24371.43601698316
2026-01-29 08:08:00+00:00,0.9176899790763855,0.9178100228309631,0.9175400137901306,0.9177799820899963,27173.036066859422
2026-01-29 08:09:00+00:00,0.9178100228309631,0.9178100228309631,0.9171000123023987,0.9175599813461304,30286.511777232263
2026-01-29 08:10:00+00:00,0.9175400137901306,0.9176999926567078,0.9174399971961975,0.9175000190734863,40516.78842348692
2026-01-29 08:11:00+00:00,0.9175300002098083,0.9176499843597412,0.9171500205993652,0.9176200032234192,26298.367678190767
2026-01-29 08:12:00+00:00,0.9175900220870972,0.9176300168037415,0.9174900054931641,0.9174900054931641,36578.31182763922
2026-01-29 08:13:00+00:00,0.9174900054931641,0.9175800085067749,0.9170299768447876,0.9175000190734863,32070.124286494975
2026-01-29 08:14:00+00:00,0.9174500107765198,0.9175000190734863,0.9173399806022644,0.9173399806022644,29691.62026801823
2026-01-29 08:15:00+00:00,0.9174000024795532,0.9174900054931641,0.9168800115585327,0.9172899723052979,24538.89004919906
2026-01-29 08:16:00+00:00,0.9172899723052979,0.9172899723052979,0.9171000123023987,0.917169988155365,26092.93824593159
2026-01-29 08:17:00+00:00,0.917140007019043,0.9172999858856201,0.9167199730873108,0.9172099828720093,30773.22616554131
2026-01-29 08:18:00+00:00,0.9171900153160095,0.9173700213432312,0.9170899987220764,0.9173700213432312,25448.148223506723
2026-01-29 08:19:00+00:00,0.9173399806022644,0.9175300002098083,0.9170500040054321,0.9175300002098083,30567.617505226903
2026-01-29 08:20:00+00:00,0.9174900054931641,0.9175999760627747,0.9174000024795532,0.9174299836158752,33655.369188733166
2026-01-29 08:21:00+00:00,0.9174399971961975,0.9174399971961975,0.9168499708175659,0.9173399806022644,31610.47254546365
2026-01-29 08:22:00+00:00,0.9173399806022644,0.9174299836158752,0.9173200130462646,0.9173499941825867,29849.276127004698
2026-01-29 08:23:00+00:00,0.9174000024795532,0.9174100160598755,0.916920006275177,0.9173300266265869,22928.343918653434
2026-01-29 08:24:00+00:00,0.9173300266265869,0.917639970779419,0.9172999858856201,0.9176099896430969,24991.193783462593
2026-01-29 08:25:00+00:00,0.9175900220870972,0.9177299737930298,0.9171599745750427,0.917639970779419,28864.10336871575
2026-01-29 08:26:00+00:00,0.917639970779419,0.9178100228309631,0.9175900220870972,0.9177700281143188,28976.449380003804
2026-01-29 08:27:00+00:00,0.9177700281143188,0.9178000092506409,0.9172800183296204,0.9177299737930298,30781.97923815821
2026-01-29 08:28:00+00:00,0.9177600145339966,0.9178100228309631,0.9176700115203857,0.9177200198173523,33307.15499731097
2026-01-29 08:29:00+00:00,0.9177200198173523,0.9178000092506409,0.9172700047492981,0.91771000623703,27894.06194214311
2026-01-29 08:30:00+00:00,0.91771000623703,0.9178100228309631,0.917680025100708,0.9177899956703186,27695.618602557857
2026-01-29 08:31:00+00:00,0.9178100228309631,0.9178299903869629,0.9171500205993652,0.9176099896430969,31877.552551586272
2026-01-29 08:32:00+00:00,0.9176200032234192,0.9176999926567078,0.9175599813461304,0.9176300168037415,28771.989237951668
2026-01-29 08:33:00+00:00,0.9176200032234192,0.917639970779419,0.9171000123023987,0.9175800085067749,25453.39241140899
2026-01-29 08:34:00+00:00,0.9175599813461304,0.9176200032234192,0.9175000190734863,0.9175300002098083,22358.726891045077
2026-01-29 08:35:00+00:00,0.9175000190734863,0.9176999926567078,0.9171900153160095,0.9176700115203857,25722.210851033935
2026-01-29 08:36:00+00:00,0.9176200032234192,0.9179800152778625,0.9176099896430969,0.9179099798202515,28206.819612630556
2026-01-29 08:37:00+00:00,0.9179199934005737,0.9179999828338623,0.9174399971961975,0.9178500175476074,33795.45936431796
2026-01-29 08:38:00+00:00,0.9177899956703186,0.9179400205612183,0.9177899956703186,0.917900025844574,28599.38600903718
2026-01-29 08:39:00+00:00,0.9179199934005737,0.9179900288581848,0.9174799919128418,0.9179199934005737,24946.986502531876
2026-01-29 08:40:00+00:00,0.9179199934005737,0.9181299805641174,0.9178799986839294,0.9180600047111511,19496.395023389232
2026-01-29 08:41:00+00:00,0.9180600047111511,0.9180999994277954,0.9175300002098083,0.9180499911308289,29078.57098738669
2026-01-29 08:42:00+00:00,0.9180099964141846,0.9180999994277954,0.917900025844574,0.9179199934005737,25747.230482346178
2026-01-29 08:43:00+00:00,0.9179199934005737,0.9180999994277954,0.9175900220870972,0.9179999828338623,27385.68953761543
2026-01-29 08:44:00+00:00,0.9180399775505066,0.9181399941444397,0.9179800152778625,0.9180099964141846,25569.822476592653
2026-01-29 08:45:00+00:00,0.9180099964141846,0.9180600047111511,0.9174200296401978,0.9179400205612183,23984.001917016045
2026-01-29 08:46:00+00:00,0.9179499745368958,0.918150007724762,0.917900025844574,0.9180899858474731,32024.701465522954
2026-01-29 08:47:00+00:00,0.9181100130081177,0.9181299805641174,0.9176499843597412,0.9181299805641174,27660.68947411036
2026-01-29 08:48:00+00:00,0.9180999994277954,0.9182000160217285,0.9179800152778625,0.9179900288581848,36406.81366751799
2026-01-29 08:49:00+00:00,0.9179999828338623,0.9180300235748291,0.9175000190734863,0.917930006980896,33219.00002846052
2026-01-29 08:50:00+00:00,0.9179499745368958,0.9180099964141846,0.9178799986839294,0.9179499745368958,24369.668035352424
2026-01-29 08:51:00+00:00,0.9179499745368958,0.9180700182914734,0.9175400137901306,0.9179499745368958,26593.419647184382
2026-01-29 08:52:00+00:00,0.9179499745368958,0.9181100130081177,0.9179400205612183,0.9180899858474731,23483.81641313239
2026-01-29 08:53:00+00:00,0.9180300235748291,0.9181600213050842,0.9176300168037415,0.9180600047111511,29040.082004094358
2026-01-29 08:54:00+00:00,0.9180600047111511,0.918179988861084,0.9179700016975403,0.9180099964141846,22634.334967700343
2026-01-29 08:55:00+00:00,0.9180600047111511,0.9181299805641174,0.9175599813461304,0.9180499911308289,23267.787058773567
2026-01-29 08:56:00+00:00,0.9180499911308289,0.9181200265884399,0.9180399775505066,0.9181100130081177,28688.903952515808
2026-01-29 08:57:00+00:00,0.9180999994277954,0.9182699918746948,0.9177500009536743,0.9181699752807617,22763.352676578976
2026-01-29 08:58:00+00:00,0.918150007724762,0.9182999730110168,0.9180399775505066,0.9180899858474731,23116.682072314914
2026-01-29 08:59:00+00:00,0.9180799722671509,0.9180899858474731,0.9175300002098083,0.9179099798202515,24268.829227445465
2026-01-29 09:00:00+00:00,0.9178799986839294,0.9179199934005737,0.9177500009536743,0.9177500009536743,20779.202921123433
2026-01-29 09:01:00+00:00,0.9177299737930298,0.9177500009536743,0.9171000123023987,0.9175599813461304,29107.235956026998
2026-01-29 09:02:00+00:00,0.9175599813461304,0.9175999760627747,0.9174000024795532,0.9174399971961975,26985.298755504424
2026-01-29 09:03:00+00:00,0.9174399971961975,0.9174900054931641,0.9169399738311768,0.9174000024795532,25380.75323396857
2026-01-29 09:04:00+00:00,0.917389988899231,0.9177700281143188,0.917389988899231,0.9177500009536743,29756.761787962187
2026-01-29 09:05:00+00:00,0.9178000092506409,0.917900025844574,0.9173600077629089,0.9177700281143188,32698.083270125433
2026-01-29 09:06:00+00:00,0.9177700281143188,0.9178000092506409,0.9176300168037415,0.9176599979400635,33146.3660675938
2026-01-29 09:07:00+00:00,0.9176999926567078,0.91771000623703,0.9171299934387207,0.9176099896430969,35030.737962847335
2026-01-29 09:08:00+00:00,0.9175699949264526,0.9176999926567078,0.9175300002098083,0.9175300002098083,33736.634813894874
2026-01-29 09:09:00+00:00,0.9175400137901306,0.9176999926567078,0.9171500205993652,0.9176899790763855,31572.698223265626
2026-01-29 09:10:00+00:00,0.9176599979400635,0.9176999926567078,0.9175400137901306,0.9175800085067749,34164.33480488549
2026-01-29 09:11:00+00:00,0.9175500273704529,0.9175999760627747,0.9168999791145325,0.9173300266265869,38603.79843521335
2026-01-29 09:12:00+00:00,0.9173499941825867,0.9174299836158752,0.9172800183296204,0.9173700213432312,28544.40167522065
2026-01-29 09:13:00+00:00,0.9173700213432312,0.9174399971961975,0.9168699979782104,0.9173600077629089,37117.29123294841
2026-01-29 09:14:00+00:00,0.9173399806022644,0.9175699949264526,0.9172999858856201,0.9175300002098083,41435.04978473784
2026-01-29 09:15:00+00:00,0.9175300002098083,0.9177200198173523,0.9172099828720093,0.9175400137901306,34249.611505219626
2026-01-29 09:16:00+00:00,0.9175400137901306,0.9175500273704529,0.917460024356842,0.9175000190734863,29384.269003050613
2026-01-29 09:17:00+00:00,0.9175300002098083,0.9176999926567078,0.9171500205993652,0.9175900220870972,30521.583996869926
2026-01-29 09:18:00+00:00,0.9175900220870972,0.917639970779419,0.9175300002098083,0.9175900220870972,24639.86437423509
2026-01-29 09:19:00+00:00,0.9176999926567078,0.9176999926567078,0.9170899987220764,0.9175599813461304,24779.29681712021
2026-01-29 09:20:00+00:00,0.9175599813461304,0.9176999926567078,0.9175500273704529,0.917680025100708,29539.190690991112
2026-01-29 09:21:00+00:00,0.9176700115203857,0.9178500175476074,0.9173700213432312,0.9178500175476074,23122.74696779941
2026-01-29 09:22:00+00:00,0.9178299903869629,0.917900025844574,0.9176999926567078,0.9178299903869629,19968.667785907455
2026-01-29 09:23:00+00:00,0.9178299903869629,0.9178599715232849,0.9173700213432312,0.9178299903869629,23393.055736844854
2026-01-29 09:24:00+00:00,0.9178000092506409,0.917930006980896,0.9177899956703186,0.9178500175476074,23911.76269129738
2026-01-29 09:25:00+00:00,0.9178299903869629,0.917900025844574,0.917389988899231,0.9178599715232849,21273.221212527576
2026-01-29 09:26:00+00:00,0.9178100228309631,0.9179099798202515,0.9177700281143188,0.9178599715232849,18674.131492727272
2026-01-29 09:27:00+00:00,0.9179099798202515,0.9180099964141846,0.9175500273704529,0.9179800152778625,11664.741888862354
2026-01-29 09:28:00+00:00,0.9179700016975403,0.9181699752807617,0.9179400205612183,0.9180999994277954,12920.894193830281
2026-01-29 09:29:00+00:00,0.9181399941444397,0.9181399941444397,0.9175000190734863,0.9180099964141846,17703.954165175834
2026-01-29 09:30:00+00:00,0.9180099964141846,0.9180499911308289,0.917930006980896,0.9179800152778625,15510.42275381009
2026-01-29 09:31:00+00:00,0.9179900288581848,0.9180499911308289,0.9175400137901306,0.9179999828338623,18215.285428997857
2026-01-29 09:32:00+00:00,0.9179999828338623,0.9180999994277954,0.9179700016975403,0.9180300235748291,20592.437793584533
2026-01-29 09:33:00+00:00,0.9179999828338623,0.9180499911308289,0.9175099730491638,0.9178799986839294,16547.338531245117
2026-01-29 09:34:00+00:00,0.9178400039672852,0.917900025844574,0.9176899790763855,0.91771000623703,16792.85274876799
2026-01-29 09:35:00+00:00,0.91771000623703,0.9178000092506409,0.9171199798583984,0.9175500273704529,23164.09098233555
2026-01-29 09:36:00+00:00,0.9175500273704529,0.9175999760627747,0.9173799753189087,0.9175400137901306,22327.885164217172
2026-01-29 09:37:00+00:00,0.9175400137901306,0.91771000623703,0.917140007019043,0.9176200032234192,22304.71715082786
2026-01-29 09:38:00+00:00,0.9175900220870972,0.9176999926567078,0.9175699949264526,0.9176499843597412,25797.37341640391
2026-01-29 09:39:00+00:00,0.9176499843597412,0.9176999926567078,0.917169988155365,0.9175999760627747,21803.25221461571
2026-01-29 09:40:00+00:00,0.9176099896430969,0.9177200198173523,0.9175300002098083,0.9175300002098083,23756.640959637953
2026-01-29 09:41:00+00:00,0.9175300002098083,0.9175999760627747,0.9170699715614319,0.9174900054931641,27920.60431300713
2026-01-29 09:42:00+00:00,0.9174500107765198,0.917639970779419,0.9174299836158752,0.9175699949264526,27968.710668398347
2026-01-29 09:43:00+00:00,0.9175699949264526,0.9177500009536743,0.9172400236129761,0.9176300168037415,27545.79999162703
2026-01-29 09:44:00+00:00,0.917680025100708,0.9178100228309631,0.9176300168037415,0.9176999926567078,27964.75908011594
2026-01-29 09:45:00+00:00,0.9176999926567078,0.9178400039672852,0.9172700047492981,0.917739987373352,32034.979420113134
2026-01-29 09:46:00+00:00,0.917739987373352,0.917900025844574,0.91771000623703,0.9178400039672852,26607.1977832458
2026-01-29 09:47:00+00:00,0.9178599715232849,0.917900025844574,0.9173499941825867,0.9178000092506409,26629.63247023867
2026-01-29 09:48:00+00:00,0.9178699851036072,0.9179700016975403,0.9177899956703186,0.9179099798202515,25666.168479934455
2026-01-29 09:49:00+00:00,0.9179199934005737,0.9179999828338623,0.917460024356842,0.917959988117218,24115.782578817834
2026-01-29 09:50:00+00:00,0.9179400205612183,0.9180099964141846,0.9178599715232849,0.9179199934005737,24798.405391266453
2026-01-29 09:51:00+00:00,0.9179199934005737,0.9179400205612183,0.9172499775886536,0.917680025100708,28758.97693877693
2026-01-29 09:52:00+00:00,0.9176700115203857,0.9178900122642517,0.9176700115203857,0.9177899956703186,31388.27229371769
2026-01-29 09:53:00+00:00,0.9178299903869629,0.9179499745368958,0.9174799919128418,0.917900025844574,26813.35801008899
2026-01-29 09:54:00+00:00,0.9179199934005737,0.9179999828338623,0.9178299903869629,0.9179199934005737,25342.402816519265
2026-01-29 09:55:00+00:00,0.9179099798202515,0.9179499745368958,0.917460024356842,0.9178699851036072,24702.957269180282
2026-01-29 09:56:00+00:00,0.9178599715232849,0.917930006980896,0.9177799820899963,0.9178500175476074,23191.775252170806
2026-01-29 09:57:00+00:00,0.9178000092506409,0.917930006980896,0.9174500107765198,0.9178799986839294,27337.664102867813
2026-01-29 09:58:00+00:00,0.9178799986839294,0.9179400205612183,0.9178299903869629,0.9178299903869629,24826.72072082622
2026-01-29 09:59:00+00:00,0.9178400039672852,0.9179900288581848,0.9175099730491638,0.9179400205612183,18827.792569078192
2026-01-29 10:00:00+00:00,0.9179900288581848,0.9180300235748291,0.9178599715232849,0.9179199934005737,18604.19183001562
2026-01-29 10:01:00+00:00,0.9179499745368958,0.9180200099945068,0.9175199866294861,0.9179700016975403,21152.663547487646
2026-01-29 10:02:00+00:00,0.9179499745368958,0.9179999828338623,0.9177600145339966,0.9179099798202515,20940.827342486395
2026-01-29 10:03:00+00:00,0.9178900122642517,0.9179999828338623,0.9174799919128418,0.9178400039672852,18660.221443300936
2026-01-29 10:04:00+00:00,0.9178400039672852,0.917900025844574,0.917739987373352,0.9177799820899963,18877.876186592926
2026-01-29 10:05:00+00:00,0.9178000092506409,0.9180099964141846,0.9175500273704529,0.9179700016975403,14241.765944657369
2026-01-29 10:06:00+00:00,0.9179499745368958,0.9179999828338623,0.9178400039672852,0.9178799986839294,10516.462107196885
2026-01-29 10:07:00+00:00,0.9178599715232849,0.9179199934005737,0.9173600077629089,0.9178199768066406,14768.357016235961
2026-01-29 10:08:00+00:00,0.9178299903869629,0.917900025844574,0.9177299737930298,0.9177799820899963,15602.995364340408
2026-01-29 10:09:00+00:00,0.9178400039672852,0.917900025844574,0.9173499941825867,0.9177899956703186,16458.379790953608
2026-01-29 10:10:00+00:00,0.9177799820899963,0.9178500175476074,0.9177700281143188,0.9178500175476074,15536.980362187118
2026-01-29 10:11:00+00:00,0.9178000092506409,0.917900025844574,0.9173499941825867,0.9177799820899963,16510.23335154823
2026-01-29 10:12:00+00:00,0.9177799820899963,0.917900025844574,0.9177600145339966,0.9177600145339966,17184.16305631698
2026-01-29 10:13:00+00:00,0.9177600145339966,0.9178100228309631,0.9173200130462646,0.9177200198173523,20379.904407452228
2026-01-29 10:14:00+00:00,0.9176999926567078,0.9178199768066406,0.9176700115203857,0.9176899790763855,15612.95165709802
2026-01-29 10:15:00+00:00,0.9177299737930298,0.9177299737930298,0.9170600175857544,0.9174900054931641,19322.72731770912
2026-01-29 10:16:00+00:00,0.9175099730491638,0.9175999760627747,0.9174299836158752,0.9174799919128418,21409.26007409063
2026-01-29 10:17:00+00:00,0.9175099730491638,0.9175999760627747,0.9169999957084656,0.9174399971961975,21920.879639777868
2026-01-29 10:18:00+00:00,0.9174399971961975,0.9175999760627747,0.9174000024795532,0.9174000024795532,20179.681512822273
2026-01-29 10:19:00+00:00,0.9174299836158752,0.9175199866294861,0.9170299768447876,0.9174799919128418,17350.17386541656
2026-01-29 10:20:00+00:00,0.9174799919128418,0.9176700115203857,0.9174699783325195,0.9176300168037415,22077.47892760443
2026-01-29 10:21:00+00:00,0.9176300168037415,0.91771000623703,0.9171199798583984,0.9175300002098083,29530.364771549404
2026-01-29 10:22:00+00:00,0.9175300002098083,0.9175500273704529,0.917389988899231,0.9174399971961975,21944.27937821634
2026-01-29 10:23:00+00:00,0.917460024356842,0.9175999760627747,0.9171000123023987,0.9175400137901306,23742.687415559085
2026-01-29 10:24:00+00:00,0.9175999760627747,0.9178199768066406,0.9175300002098083,0.9177500009536743,29812.677158990024
2026-01-29 10:25:00+00:00,0.9177500009536743,0.9178599715232849,0.9173099994659424,0.9177600145339966,23479.27018379724
2026-01-29 10:26:00+00:00,0.9177500009536743,0.9178799986839294,0.9176700115203857,0.9178100228309631,26441.000349610487
2026-01-29 10:27:00+00:00,0.9178500175476074,0.9178500175476074,0.9172899723052979,0.9177799820899963,27933.52065473213
2026-01-29 10:28:00+00:00,0.9177600145339966,0.9178400039672852,0.9177299737930298,0.9177700281143188,29777.437531342584
2026-01-29 10:29:00+00:00,0.9177700281143188,0.917900025844574,0.9173700213432312,0.9177799820899963,23691.11904036404
2026-01-29 10:30:00+00:00,0.9177899956703186,0.9178199768066406,0.9176999926567078,0.9177299737930298,25000.43800072715
2026-01-29 10:31:00+00:00,0.9177200198173523,0.9178000092506409,0.9172899723052979,0.9176899790763855,23337.650673778644
2026-01-29 10:32:00+00:00,0.9176899790763855,0.917739987373352,0.9174399971961975,0.9175999760627747,25991.432470301777
2026-01-29 10:33:00+00:00,0.9175500273704529,0.9177500009536743,0.9172300100326538,0.9176200032234192,26072.59732639471
2026-01-29 10:34:00+00:00,0.9176499843597412,0.9176700115203857,0.9174399971961975,0.9175800085067749,29163.224013990282
2026-01-29 10:35:00+00:00,0.9176099896430969,0.917639970779419,0.917140007019043,0.9175000190734863,25959.4237631332
2026-01-29 10:36:00+00:00,0.9175199866294861,0.9176099896430969,0.9175000190734863,0.9175800085067749,26352.06594813256
2026-01-29 10:37:00+00:00,0.9175800085067749,0.9176099896430969,0.9170600175857544,0.9174100160598755,26075.998815297393
2026-01-29 10:38:00+00:00,0.9174200296401978,0.9175000190734863,0.9172999858856201,0.9173300266265869,22988.29117773433
2026-01-29 10:39:00+00:00,0.9173300266265869,0.9175000190734863,0.9169600009918213,0.9174399971961975,23632.672272552136
2026-01-29 10:40:00+00:00,0.9174500107765198,0.9175099730491638,0.917389988899231,0.9174500107765198,19008.704191794714
2026-01-29 10:41:00+00:00,0.9174100160598755,0.9175999760627747,0.917110025882721,0.9174699783325195,16234.357506036788
2026-01-29 10:42:00+00:00,0.917460024356842,0.9175999760627747,0.917460024356842,0.9174900054931641,17081.1846139609
2026-01-29 10:43:00+00:00,0.9174900054931641,0.917639970779419,0.9170899987220764,0.9175199866294861,19470.09482787262
2026-01-29 10:44:00+00:00,0.9175199866294861,0.9175999760627747,0.9175000190734863,0.9175300002098083,22143.73836287957
2026-01-29 10:45:00+00:00,0.9175300002098083,0.9175599813461304,0.9170600175857544,0.9175099730491638,19920.081075874285
2026-01-29 10:46:00+00:00,0.9175400137901306,0.9175400137901306,0.9173499941825867,0.9173799753189087,18072.832632971677
2026-01-29 10:47:00+00:00,0.9173700213432312,0.917460024356842,0.9168800115585327,0.9173200130462646,19828.12949426627
2026-01-29 10:48:00+00:00,0.9173200130462646,0.9174000024795532,0.9172400236129761,0.9172400236129761,18801.697807910667
2026-01-29 10:49:00+00:00,0.9172700047492981,0.9173399806022644,0.9168400168418884,0.9173099994659424,17457.163682552997
2026-01-29 10:50:00+00:00,0.9173099994659424,0.9173700213432312,0.9172499775886536,0.9173300266265869,16687.2787023437
2026-01-29 10:51:00+00:00,0.9173399806022644,0.9176099896430969,0.9171199798583984,0.9175599813461304,12752.43267677408
2026-01-29 10:52:00+00:00,0.9175599813461304,0.9177200198173523,0.9175500273704529,0.9176599979400635,15439.378519218844
2026-01-29 10:53:00+00:00,0.9176599979400635,0.9176999926567078,0.9171900153160095,0.9175099730491638,15334.759929621261
2026-01-29 10:54:00+00:00,0.9175500273704529,0.9176099896430969,0.9174799919128418,0.9175599813461304,16626.964918398626
2026-01-29 10:55:00+00:00,0.9175199866294861,0.9176999926567078,0.9171800017356873,0.917639970779419,14820.247570838776
2026-01-29 10:56:00+00:00,0.9175999760627747,0.9177200198173523,0.9175900220870972,0.9176599979400635,15959.68402116931
2026-01-29 10:57:00+00:00,0.9176899790763855,0.9176899790763855,0.9172099828720093,0.9175999760627747,13758.02244466524
2026-01-29 10:58:00+00:00,0.9176099896430969,0.9177200198173523,0.9175699949264526,0.9176499843597412,13208.744358946502
2026-01-29 10:59:00+00:00,0.91771000623703,0.9177200198173523,0.9171299934387207,0.9175400137901306,17534.52550655267
2026-01-29 11:00:00+00:00,0.9175699949264526,0.9175999760627747,0.917460024356842,0.9175800085067749,16394.780634548897
2026-01-29 11:01:00+00:00,0.9175800085067749,0.9176499843597412,0.9171500205993652,0.9175400137901306,13965.593809565458
2026-01-29 11:02:00+00:00,0.9175400137901306,0.9176099896430969,0.9174200296401978,0.9174299836158752,14321.912644115942
2026-01-29 11:03:00+00:00,0.9174299836158752,0.9175000190734863,0.9170200228691101,0.9174500107765198,17663.572937848206
2026-01-29 11:04:00+00:00,0.9174799919128418,0.9176999926567078,0.9174399971961975,0.9176099896430969,17338.38952386188
2026-01-29 11:05:00+00:00,0.917639970779419,0.9176999926567078,0.9171599745750427,0.9175599813461304,18931.687468307326
2026-01-29 11:06:00+00:00,0.9175599813461304,0.9176200032234192,0.9175000190734863,0.9175999760627747,17301.77996495646
2026-01-29 11:07:00+00:00,0.9176099896430969,0.91771000623703,0.9172499775886536,0.917680025100708,13806.169719787507
2026-01-29 11:08:00+00:00,0.917680025100708,0.917739987373352,0.9176099896430969,0.9176200032234192,14796.711750531094
2026-01-29 11:09:00+00:00,0.9176300168037415,0.9176999926567078,0.9171500205993652,0.9175900220870972,14263.703873522736
2026-01-29 11:10:00+00:00,0.9175999760627747,0.917680025100708,0.9175900220870972,0.9176099896430969,15593.166249506157
2026-01-29 11:11:00+00:00,0.9176499843597412,0.9176700115203857,0.9171199798583984,0.9175400137901306,21252.298471333823
2026-01-29 11:12:00+00:00,0.9175400137901306,0.9176200032234192,0.9174799919128418,0.9175800085067749,15914.124501256552
2026-01-29 11:13:00+00:00,0.9175800085067749,0.9177299737930298,0.9171900153160095,0.9176999926567078,16370.420842843814
2026-01-29 11:14:00+00:00,0.9176999926567078,0.9177600145339966,0.9176899790763855,0.9176999926567078,14963.456923210046
2026-01-29 11:15:00+00:00,0.91771000623703,0.9178000092506409,0.9172899723052979,0.9177200198173523,16070.549247221385
2026-01-29 11:16:00+00:00,0.9177200198173523,0.9179400205612183,0.91771000623703,0.917900025844574,15049.20496146989
2026-01-29 11:17:00+00:00,0.9179099798202515,0.9179400205612183,0.917389988899231,0.9178299903869629,18529.86963995642
2026-01-29 11:18:00+00:00,0.9178699851036072,0.9179900288581848,0.9178000092506409,0.9179499745368958,14460.1167764938
2026-01-29 11:19:00+00:00,0.9179099798202515,0.9179499745368958,0.9173700213432312,0.9177500009536743,18985.621140182393
2026-01-29 11:20:00+00:00,0.9177600145339966,0.9178400039672852,0.91771000623703,0.9177200198173523,18274.308898323838
2026-01-29 11:21:00+00:00,0.9177200198173523,0.9178299903869629,0.9173300266265869,0.9177700281143188,19991.489425138952
2026-01-29 11:22:00+00:00,0.9177700281143188,0.9178599715232849,0.917739987373352,0.9177799820899963,17022.81183981918
2026-01-29 11:23:00+00:00,0.9177500009536743,0.9178199768066406,0.9173499941825867,0.9178000092506409,15800.94590657923
2026-01-29 11:24:00+00:00,0.9177899956703186,0.9179199934005737,0.917739987373352,0.917900025844574,16464.781408502535
2026-01-29 11:25:00+00:00,0.9178500175476074,0.9179499745368958,0.9174500107765198,0.9179199934005737,17029.82663055392
2026-01-29 11:26:00+00:00,0.9178799986839294,0.917959988117218,0.9178000092506409,0.917900025844574,19761.676141592765
2026-01-29 11:27:00+00:00,0.917900025844574,0.9179800152778625,0.9174500107765198,0.9178900122642517,15602.70080201441
2026-01-29 11:28:00+00:00,0.9179099798202515,0.918150007724762,0.9178500175476074,0.9181200265884399,23625.644061267914
2026-01-29 11:29:00+00:00,0.9181100130081177,0.9182100296020508,0.9177299737930298,0.9181600213050842,20379.12457440769
2026-01-29 11:30:00+00:00,0.9181399941444397,0.9182599782943726,0.9180999994277954,0.9181699752807617,18069.703950340176
2026-01-29 11:31:00+00:00,0.9181399941444397,0.9181699752807617,0.9175400137901306,0.9179900288581848,22859.071642539562
2026-01-29 11:32:00+00:00,0.9179900288581848,0.9180499911308289,0.9179700016975403,0.9180200099945068,19947.527836623376
2026-01-29 11:33:00+00:00,0.9180200099945068,0.9180300235748291,0.9175199866294861,0.9180200099945068,20677.06600051334
2026-01-29 11:34:00+00:00,0.9179800152778625,0.9180099964141846,0.9179099798202515,0.9179199934005737,20177.261974505556
2026-01-29 11:35:00+00:00,0.9179199934005737,0.9179999828338623,0.9174900054931641,0.917930006980896,16886.009259765764
2026-01-29 11:36:00+00:00,0.917900025844574,0.9179499745368958,0.9178000092506409,0.9178400039672852,18495.648750709854
2026-01-29 11:37:00+00:00,0.9178100228309631,0.917900025844574,0.9173700213432312,0.9178000092506409,19813.941994119974
2026-01-29 11:38:00+00:00,0.9178000092506409,0.9178699851036072,0.9176899790763855,0.9177200198173523,20322.948251008587
2026-01-29 11:39:00+00:00,0.91771000623703,0.9177299737930298,0.9172700047492981,0.9176999926567078,18567.554856264767
2026-01-29 11:40:00+00:00,0.917680025100708,0.9177200198173523,0.9175900220870972,0.9176300168037415,17416.406584794728
2026-01-29 11:41:00+00:00,0.917639970779419,0.9177299737930298,0.917140007019043,0.91771000623703,21805.012398097773
2026-01-29 11:42:00+00:00,0.91771000623703,0.9177799820899963,0.917639970779419,0.9177799820899963,15271.922451116996
2026-01-29 11:43:00+00:00,0.9177899956703186,0.9178400039672852,0.9172499775886536,0.9176899790763855,16676.470528392594
2026-01-29 11:44:00+00:00,0.9176999926567078,0.9178000092506409,0.9176899790763855,0.9177200198173523,18749.098540068488
2026-01-29 11:45:00+00:00,0.9177200198173523,0.9177299737930298,0.9172499775886536,0.9176700115203857,14355.33959096914
2026-01-29 11:46:00+00:00,0.9176700115203857,0.9176999926567078,0.9175900220870972,0.9175900220870972,14933.101862219106
2026-01-29 11:47:00+00:00,0.9176099896430969,0.9176099896430969,0.9170699715614319,0.9175500273704529,15501.718825046559
2026-01-29 11:48:00+00:00,0.9175500273704529,0.9176099896430969,0.9174900054931641,0.9175099730491638,12732.584000536235
2026-01-29 11:49:00+00:00,0.9175099730491638,0.9175999760627747,0.917110025882721,0.9174900054931641,12364.733103326951
2026-01-29 11:50:00+00:00,0.9175199866294861,0.9175500273704529,0.9174000024795532,0.9175300002098083,13336.639007474889
2026-01-29 11:51:00+00:00,0.9175300002098083,0.9175699949264526,0.9170600175857544,0.917460024356842,13957.397995931373
2026-01-29 11:52:00+00:00,0.9174500107765198,0.9175599813461304,0.9174500107765198,0.9175000190734863,12627.101968763474
2026-01-29 11:53:00+00:00,0.9174699783325195,0.9176999926567078,0.9172400236129761,0.9176499843597412,14628.23542330203
2026-01-29 11:54:00+00:00,0.917639970779419,0.9176999926567078,0.9175999760627747,0.9176099896430969,12096.876318558201
2026-01-29 11:55:00+00:00,0.9176099896430969,0.917739987373352,0.9172099828720093,0.9176099896430969,11125.319421055772
2026-01-29 11:56:00+00:00,0.9176099896430969,0.9179199934005737,0.9175900220870972,0.9179199934005737,14578.214757921782
2026-01-29 11:57:00+00:00,0.9179099798202515,0.9179999828338623,0.9174399971961975,0.9179099798202515,14615.43791300719
2026-01-29 11:58:00+00:00,0.9179099798202515,0.9179999828338623,0.9178699851036072,0.9179099798202515,13855.144532675453
2026-01-29 11:59:00+00:00,0.9179199934005737,0.9179499745368958,0.9174799919128418,0.9178799986839294,15230.627738966703
2026-01-29 12:00:00+00:00,0.9179199934005737,0.9181399941444397,0.9178599715232849,0.9180799722671509,19475.33447102484
2026-01-29 12:01:00+00:00,0.9180700182914734,0.9180999994277954,0.9175000190734863,0.9179800152778625,18902.118189555968
2026-01-29 12:02:00+00:00,0.9179999828338623,0.9180600047111511,0.917930006980896,0.9180099964141846,20607.455451808197
2026-01-29 12:03:00+00:00,0.9179900288581848,0.9180999994277954,0.9175800085067749,0.9180200099945068,20440.869360258304
2026-01-29 12:04:00+00:00,0.9180200099945068,0.9180999994277954,0.9179900288581848,0.9180399775505066,16638.57627836461
2026-01-29 12:05:00+00:00,0.9180600047111511,0.9180600047111511,0.9174900054931641,0.9178900122642517,20855.680155717946
2026-01-29 12:06:00+00:00,0.9179099798202515,0.917959988117218,0.9178500175476074,0.917900025844574,21355.580790342425
2026-01-29 12:07:00+00:00,0.9178799986839294,0.9179199934005737,0.9174399971961975,0.917900025844574,21793.594079139493
2026-01-29 12:08:00+00:00,0.9178900122642517,0.9179099798202515,0.9178500175476074,0.9178599715232849,20190.392553761743
2026-01-29 12:09:00+00:00,0.9178599715232849,0.917900025844574,0.9172899723052979,0.9176999926567078,22237.587163374985
2026-01-29 12:10:00+00:00,0.9176999926567078,0.917900025844574,0.9176700115203857,0.9178400039672852,18217.042045871753
2026-01-29 12:11:00+00:00,0.9178199768066406,0.9179099798202515,0.917389988899231,0.917900025844574,17826.406984794896
2026-01-29 12:12:00+00:00,0.917900025844574,0.917930006980896,0.9177799820899963,0.9178000092506409,21549.04296452651
2026-01-29 12:13:00+00:00,0.9177899956703186,0.917900025844574,0.9174200296401978,0.9178400039672852,19913.735684832023
2026-01-29 12:14:00+00:00,0.9178400039672852,0.917959988117218,0.9178400039672852,0.9179199934005737,15926.519804213516
2026-01-29 12:15:00+00:00,0.9179199934005737,0.9179700016975403,0.9174900054931641,0.9179700016975403,12015.89608683824
2026-01-29 12:16:00+00:00,0.9179499745368958,0.9180099964141846,0.9178799986839294,0.917959988117218,13867.841423986973
2026-01-29 12:17:00+00:00,0.917959988117218,0.9180200099945068,0.9174699783325195,0.9179999828338623,15741.020674103198
2026-01-29 12:18:00+00:00,0.9179900288581848,0.9180300235748291,0.917930006980896,0.9180099964141846,15649.010887869028
2026-01-29 12:19:00+00:00,0.9180300235748291,0.9180300235748291,0.9175099730491638,0.917930006980896,14932.451475664871
2026-01-29 12:20:00+00:00,0.917930006980896,0.9180399775505066,0.9179199934005737,0.9179999828338623,12886.473467754293
2026-01-29 12:21:00+00:00,0.9179900288581848,0.9180399775505066,0.9174799919128418,0.917900025844574,12664.02470980182
2026-01-29 12:22:00+00:00,0.917900025844574,0.917930006980896,0.9178599715232849,0.9178799986839294,14543.990386428959
2026-01-29 12:23:00+00:00,0.9178699851036072,0.917930006980896,0.9174200296401978,0.9179099798202515,13624.978748834554
2026-01-29 12:24:00+00:00,0.9179199934005737,0.9179999828338623,0.9178599715232849,0.9179400205612183,11515.736578002165
2026-01-29 12:25:00+00:00,0.917930006980896,0.9179999828338623,0.9174699783325195,0.9179099798202515,11272.60731131101
2026-01-29 12:26:00+00:00,0.9179099798202515,0.9180200099945068,0.9179099798202515,0.9180099964141846,10898.519972110773
2026-01-29 12:27:00+00:00,0.9179999828338623,0.9179999828338623,0.9175000190734863,0.917930006980896,8472.568900237835
2026-01-29 12:28:00+00:00,0.9179199934005737,0.9179999828338623,0.9178900122642517,0.917930006980896,11630.239986794559
2026-01-29 12:29:00+00:00,0.9178900122642517,0.9179400205612183,0.9174399971961975,0.9178599715232849,10888.998441017484
2026-01-29 12:30:00+00:00,0.9178799986839294,0.9179199934005737,0.9178400039672852,0.9178599715232849,10438.116939010668
2026-01-29 12:31:00+00:00,0.9179099798202515,0.9179499745368958,0.9174100160598755,0.9178599715232849,10035.980716940707
2026-01-29 12:32:00+00:00,0.9178599715232849,0.9179499745368958,0.9178599715232849,0.917900025844574,10958.04323683965
2026-01-29 12:33:00+00:00,0.9179099798202515,0.9179199934005737,0.9173600077629089,0.9178100228309631,11254.070126343619
2026-01-29 12:34:00+00:00,0.9178100228309631,0.9179199934005737,0.9178000092506409,0.9178599715232849,12825.858134979737
2026-01-29 12:35:00+00:00,0.9178699851036072,0.917900025844574,0.9174000024795532,0.9178199768066406,11085.788911884316
2026-01-29 12:36:00+00:00,0.9178199768066406,0.917900025844574,0.9178000092506409,0.9178100228309631,11461.033810465075
2026-01-29 12:37:00+00:00,0.9178100228309631,0.917900025844574,0.9173600077629089,0.9178000092506409,10961.11172690082
2026-01-29 12:38:00+00:00,0.9178000092506409,0.917900025844574,0.9177500009536743,0.9178000092506409,11712.161181127613
2026-01-29 12:39:00+00:00,0.9177899956703186,0.9178500175476074,0.9173399806022644,0.9177500009536743,11763.035592418602
2026-01-29 12:40:00+00:00,0.9177700281143188,0.9178400039672852,0.9177500009536743,0.9177700281143188,11546.17604698343
2026-01-29 12:41:00+00:00,0.9177700281143188,0.9179199934005737,0.9174100160598755,0.9178500175476074,9145.552870471189
2026-01-29 12:42:00+00:00,0.9178500175476074,0.9179400205612183,0.9178100228309631,0.917930006980896,11679.001505924942
2026-01-29 12:43:00+00:00,0.9178900122642517,0.9179400205612183,0.9174200296401978,0.9178699851036072,10355.963514942894
2026-01-29 12:44:00+00:00,0.9178299903869629,0.9179700016975403,0.9178000092506409,0.9179700016975403,13685.385116898256
2026-01-29 12:45:00+00:00,0.9179700016975403,0.9179700016975403,0.9174900054931641,0.917930006980896,13378.08209331449
2026-01-29 12:46:00+00:00,0.917930006980896,0.9179999828338623,0.9178500175476074,0.917959988117218,10887.85639189799
2026-01-29 12:47:00+00:00,0.917900025844574,0.9181200265884399,0.9175900220870972,0.9181200265884399,13123.408158685143
2026-01-29 12:48:00+00:00,0.9181399941444397,0.9181699752807617,0.917900025844574,0.9179099798202515,20595.68333712657
2026-01-29 12:49:00+00:00,0.917900025844574,0.9180499911308289,0.9175199866294861,0.9179800152778625,16749.853705167006
2026-01-29 12:50:00+00:00,0.9179999828338623,0.9180399775505066,0.917930006980896,0.9180200099945068,15677.792043992582
2026-01-29 12:51:00+00:00,0.9179999828338623,0.9180700182914734,0.9173200130462646,0.9177200198173523,16959.838388830307
2026-01-29 12:52:00+00:00,0.9176899790763855,0.9177299737930298,0.9174900054931641,0.9175199866294861,19585.93681919603
2026-01-29 12:53:00+00:00,0.9175300002098083,0.9178000092506409,0.9172999858856201,0.91771000623703,21065.054872710072
2026-01-29 12:54:00+00:00,0.91771000623703,0.9177500009536743,0.9174100160598755,0.9174500107765198,24346.3701529985
2026-01-29 12:55:00+00:00,0.9174399971961975,0.9180799722671509,0.9174399971961975,0.9178500175476074,31402.285275477323
2026-01-29 12:56:00+00:00,0.9178299903869629,0.9179400205612183,0.9178000092506409,0.9178699851036072,27647.18462186017
2026-01-29 12:57:00+00:00,0.9178699851036072,0.9180300235748291,0.9175599813461304,0.9179700016975403,31810.0881322922
2026-01-29 12:58:00+00:00,0.9179999828338623,0.9180700182914734,0.9178599715232849,0.9179999828338623,28428.52460120807
2026-01-29 12:59:00+00:00,0.9180099964141846,0.9180999994277954,0.9175199866294861,0.917959988117218,34778.87485940886
2026-01-29 13:00:00+00:00,0.917959988117218,0.9180300235748291,0.9179199934005737,0.9179700016975403,36176.245660993976
2026-01-29 13:01:00+00:00,0.9179800152778625,0.9179999828338623,0.917460024356842,0.917900025844574,30703.44954417434
2026-01-29 13:02:00+00:00,0.9179400205612183,0.9179499745368958,0.9178100228309631,0.9178199768066406,29790.44485989257
2026-01-29 13:03:00+00:00,0.9178199768066406,0.9178500175476074,0.9173600077629089,0.9178000092506409,25123.19020920858
2026-01-29 13:04:00+00:00,0.9178000092506409,0.917930006980896,0.9177600145339966,0.917900025844574,27237.148781356496
2026-01-29 13:05:00+00:00,0.9179099798202515,0.9180499911308289,0.9175400137901306,0.9179700016975403,20373.250057193458
2026-01-29 13:06:00+00:00,0.9179700016975403,0.9180799722671509,0.9179400205612183,0.9180200099945068,24357.40133315391
2026-01-29 13:07:00+00:00,0.9180200099945068,0.9181200265884399,0.9175500273704529,0.9179800152778625,22765.704913220958
2026-01-29 13:08:00+00:00,0.9179900288581848,0.9180999994277954,0.9179499745368958,0.9180300235748291,21623.327506393554
2026-01-29 13:09:00+00:00,0.9180099964141846,0.9181399941444397,0.9176599979400635,0.9181100130081177,16755.86172523218
2026-01-29 13:10:00+00:00,0.9181100130081177,0.918150007724762,0.9180099964141846,0.9180399775505066,16540.903396108995
2026-01-29 13:11:00+00:00,0.9180700182914734,0.9180999994277954,0.9176099896430969,0.9180399775505066,18154.94839095173
2026-01-29 13:12:00+00:00,0.9180600047111511,0.9181600213050842,0.9180399775505066,0.9180999994277954,16105.996468671103
2026-01-29 13:13:00+00:00,0.9181200265884399,0.9181399941444397,0.9176300168037415,0.9180499911308289,13185.078044425905
2026-01-29 13:14:00+00:00,0.9180499911308289,0.9180999994277954,0.9179800152778625,0.9180099964141846,13349.608102882257
2026-01-29 13:15:00+00:00,0.9179999828338623,0.9180700182914734,0.9175599813461304,0.9180300235748291,13838.020103004113
2026-01-29 13:16:00+00:00,0.9180300235748291,0.9180600047111511,0.9178900122642517,0.9179099798202515,12848.65513090001
2026-01-29 13:17:00+00:00,0.9179099798202515,0.9179700016975403,0.9175199866294861,0.917900025844574,12644.812335999697
2026-01-29 13:18:00+00:00,0.9179099798202515,0.9179800152778625,0.9178299903869629,0.9178400039672852,10841.540784119748
2026-01-29 13:19:00+00:00,0.9178299903869629,0.917900025844574,0.9173600077629089,0.9176999926567078,13943.844609299562
2026-01-29 13:20:00+00:00,0.917739987373352,0.917739987373352,0.9174799919128418,0.9175199866294861,16422.835312317107
2026-01-29 13:21:00+00:00,0.9175199866294861,0.9176200032234192,0.9170899987220764,0.9175699949264526,15488.145129240353
2026-01-29 13:22:00+00:00,0.9175300002098083,0.9175999760627747,0.9174399971961975,0.9175999760627747,14879.474151260474
2026-01-29 13:23:00+00:00,0.9175699949264526,0.9176999926567078,0.9172300100326538,0.917639970779419,13514.861119906256
2026-01-29 13:24:00+00:00,0.9176499843597412,0.917680025100708,0.9175599813461304,0.9175800085067749,13464.57381729865
2026-01-29 13:25:00+00:00,0.9175800085067749,0.9176700115203857,0.9171500205993652,0.9176499843597412,14673.644197673633
2026-01-29 13:26:00+00:00,0.9176599979400635,0.9176999926567078,0.9174900054931641,0.9175099730491638,16730.769396230695
2026-01-29 13:27:00+00:00,0.9175300002098083,0.9175999760627747,0.9170299768447876,0.9174799919128418,18662.97795061194
2026-01-29 13:28:00+00:00,0.917460024356842,0.9175000190734863,0.9174000024795532,0.9174399971961975,14439.661832193638
2026-01-29 13:29:00+00:00,0.9174799919128418,0.9175199866294861,0.9169700145721436,0.9173700213432312,19732.14494224718
2026-01-29 13:30:00+00:00,0.9171199798583984,0.9175199866294861,0.9171199798583984,0.9174900054931641,28215.752799362133
2026-01-29 13:31:00+00:00,0.9174799919128418,0.9174799919128418,0.9168000221252441,0.9172599911689758,26080.763268829734
2026-01-29 13:32:00+00:00,0.9172700047492981,0.9172999858856201,0.917110025882721,0.9171599745750427,31785.562454546107
2026-01-29 13:33:00+00:00,0.9172000288963318,0.9172800183296204,0.9168099761009216,0.9172000288963318,29264.706453362418
2026-01-29 13:34:00+00:00,0.9172000288963318,0.9172300100326538,0.9170699715614319,0.9171900153160095,25787.137458332134
2026-01-29 13:35:00+00:00,0.9172000288963318,0.9174399971961975,0.9169300198554993,0.9173799753189087,22247.87898569724
2026-01-29 13:36:00+00:00,0.9173600077629089,0.9175000190734863,0.9173099994659424,0.9174799919128418,27348.93342171934
2026-01-29 13:37:00+00:00,0.9174399971961975,0.9175999760627747,0.9171199798583984,0.9175400137901306,26218.531289892555
2026-01-29 13:38:00+00:00,0.9175300002098083,0.9177299737930298,0.9175300002098083,0.9176300168037415,25682.269268080214
2026-01-29 13:39:00+00:00,0.9176499843597412,0.9176599979400635,0.9171800017356873,0.9175999760627747,28761.939106354737
2026-01-29 13:40:00+00:00,0.9176099896430969,0.917639970779419,0.917460024356842,0.9175000190734863,27025.353969555614
2026-01-29 13:41:00+00:00,0.9175199866294861,0.9175800085067749,0.9170399904251099,0.9174799919128418,24866.39465584467
2026-01-29 13:42:00+00:00,0.917460024356842,0.9175099730491638,0.9173099994659424,0.9173700213432312,29663.638023315358
2026-01-29 13:43:00+00:00,0.9173700213432312,0.9174000024795532,0.9167600274085999,0.9172400236129761,27898.419536445694
2026-01-29 13:44:00+00:00,0.9172499775886536,0.9172999858856201,0.9171500205993652,0.917169988155365,23747.7159886583
2026-01-29 13:45:00+00:00,0.9171500205993652,0.9172999858856201,0.9168099761009216,0.9172199964523315,20599.950000839824
2026-01-29 13:46:00+00:00,0.9172300100326538,0.9175800085067749,0.9171900153160095,0.9174200296401978,24297.48612356022
2026-01-29 13:47:00+00:00,0.917389988899231,0.9175400137901306,0.916949987411499,0.9175300002098083,32814.84341901259
2026-01-29 13:48:00+00:00,0.9175099730491638,0.917639970779419,0.917460024356842,0.9175300002098083,23956.959539203443
2026-01-29 13:49:00+00:00,0.9175300002098083,0.9176300168037415,0.9170799851417542,0.9174699783325195,22866.86080765438
2026-01-29 13:50:00+00:00,0.9174500107765198,0.9176499843597412,0.9174500107765198,0.9176099896430969,26440.03655337214
2026-01-29 13:51:00+00:00,0.9175900220870972,0.91771000623703,0.9170699715614319,0.9175300002098083,29484.5848061021
2026-01-29 13:52:00+00:00,0.9175000190734863,0.9175999760627747,0.9174500107765198,0.9175000190734863,35293.62134150916
2026-01-29 13:53:00+00:00,0.9175300002098083,0.9175400137901306,0.9170299768447876,0.9174299836158752,36419.54794622795
2026-01-29 13:54:00+00:00,0.9174299836158752,0.9175800085067749,0.9173399806022644,0.917460024356842,36247.44779437604
2026-01-29 13:55:00+00:00,0.9174399971961975,0.9175400137901306,0.9169700145721436,0.9174399971961975,34158.236285635365
2026-01-29 13:56:00+00:00,0.9174299836158752,0.9176999926567078,0.9174100160598755,0.917639970779419,30593.730246908697
2026-01-29 13:57:00+00:00,0.917639970779419,0.9178100228309631,0.9171800017356873,0.9176200032234192,30110.853562631433
2026-01-29 13:58:00+00:00,0.9176300168037415,0.91771000623703,0.9175400137901306,0.9175999760627747,27704.2807901281
2026-01-29 13:59:00+00:00,0.9175800085067749,0.9176700115203857,0.9171199798583984,0.9175900220870972,36530.555931866584
2026-01-29 14:00:00+00:00,0.9175900220870972,0.9176999926567078,0.9175599813461304,0.9176099896430969,31434.358763797405
2026-01-29 14:01:00+00:00,0.9176099896430969,0.9177600145339966,0.9172499775886536,0.91771000623703,28295.5373810951
2026-01-29 14:02:00+00:00,0.9177299737930298,0.917959988117218,0.91771000623703,0.9179099798202515,33043.5030153756
2026-01-29 14:03:00+00:00,0.9179099798202515,0.9180499911308289,0.9175900220870972,0.9180300235748291,32312.63682672901
2026-01-29 14:04:00+00:00,0.9180300235748291,0.9180700182914734,0.9178599715232849,0.9179400205612183,27918.895162164583
2026-01-29 14:05:00+00:00,0.917959988117218,0.9179900288581848,0.9174699783325195,0.9178900122642517,21276.545045950195
2026-01-29 14:06:00+00:00,0.9178900122642517,0.9180399775505066,0.9178900122642517,0.9179400205612183,29818.86387297944
2026-01-29 14:07:00+00:00,0.9179199934005737,0.9180700182914734,0.9175800085067749,0.9180200099945068,23012.310260975155
2026-01-29 14:08:00+00:00,0.9180200099945068,0.9181200265884399,0.9179999828338623,0.9180999994277954,21971.65519242227
2026-01-29 14:09:00+00:00,0.9181100130081177,0.9181200265884399,0.9174900054931641,0.9179400205612183,26477.203996027594
2026-01-29 14:10:00+00:00,0.917930006980896,0.9179999828338623,0.9176999926567078,0.9177200198173523,27368.817358650806
2026-01-29 14:11:00+00:00,0.9177200198173523,0.9178500175476074,0.9173600077629089,0.9178000092506409,23261.009167136737
2026-01-29 14:12:00+00:00,0.9177799820899963,0.9178299903869629,0.917680025100708,0.9176899790763855,23588.626104916842
2026-01-29 14:13:00+00:00,0.9176999926567078,0.9178000092506409,0.9173600077629089,0.9177700281143188,17564.925051535894
2026-01-29 14:14:00+00:00,0.9177700281143188,0.9178000092506409,0.9176499843597412,0.91771000623703,20972.54659750727
2026-01-29 14:15:00+00:00,0.9177299737930298,0.9178500175476074,0.9172499775886536,0.9178000092506409,21985.4920414365
2026-01-29 14:16:00+00:00,0.9177500009536743,0.9179199934005737,0.917739987373352,0.917900025844574,19400.545304519288
2026-01-29 14:17:00+00:00,0.917900025844574,0.917930006980896,0.9172599911689758,0.9176700115203857,29817.191785876017
2026-01-29 14:18:00+00:00,0.9176700115203857,0.9179800152778625,0.917639970779419,0.9179499745368958,29993.869644547514
2026-01-29 14:19:00+00:00,0.9179400205612183,0.9180300235748291,0.9173099994659424,0.9178500175476074,34451.31490602241
2026-01-29 14:20:00+00:00,0.9178199768066406,0.917900025844574,0.9176499843597412,0.9176499843597412,35453.51348727358
2026-01-29 14:21:00+00:00,0.9176599979400635,0.9177200198173523,0.9171800017356873,0.9175999760627747,33427.44502510787
2026-01-29 14:22:00+00:00,0.9176300168037415,0.9177200198173523,0.9175800085067749,0.9176499843597412,37770.064575386175
2026-01-29 14:23:00+00:00,0.9176700115203857,0.9177299737930298,0.9172099828720093,0.917680025100708,34153.35519241525
2026-01-29 14:24:00+00:00,0.9176700115203857,0.91771000623703,0.9174799919128418,0.9175699949264526,37899.49081752566
2026-01-29 14:25:00+00:00,0.9175599813461304,0.9176200032234192,0.917140007019043,0.9175699949264526,37089.54693779505
2026-01-29 14:26:00+00:00,0.9175699949264526,0.9176099896430969,0.9174299836158752,0.9174699783325195,31751.039277124037
2026-01-29 14:27:00+00:00,0.9174699783325195,0.9175300002098083,0.9170500040054321,0.9175300002098083,35086.4951253927
2026-01-29 14:28:00+00:00,0.9175300002098083,0.9176499843597412,0.9174500107765198,0.9176099896430969,37387.602060675585
2026-01-29 14:29:00+00:00,0.9175800085067749,0.9176300168037415,0.9171599745750427,0.9176300168037415,26815.200396564618
2026-01-29 14:30:00+00:00,0.9175900220870972,0.9176700115203857,0.9175099730491638,0.9175199866294861,30079.318714467347
2026-01-29 14:31:00+00:00,0.9175199866294861,0.9175699949264526,0.9170600175857544,0.9174399971961975,30221.266875490484
2026-01-29 14:32:00+00:00,0.9174399971961975,0.9175000190734863,0.9171299934387207,0.9172000288963318,32028.639575593203
2026-01-29 14:33:00+00:00,0.9172000288963318,0.9172400236129761,0.9166799783706665,0.9171500205993652,23984.891566181832
2026-01-29 14:34:00+00:00,0.917140007019043,0.917169988155365,0.9169399738311768,0.9170200228691101,22194.786526444524
2026-01-29 14:35:00+00:00,0.9170500040054321,0.917110025882721,0.9165499806404114,0.9169300198554993,26010.641808869248
2026-01-29 14:36:00+00:00,0.9169300198554993,0.9170100092887878,0.9167600274085999,0.9168300032615662,26765.651516657752
2026-01-29 14:37:00+00:00,0.9167900085449219,0.9168400168418884,0.9162600040435791,0.916670024394989,31176.139361011235
2026-01-29 14:38:00+00:00,0.9166399836540222,0.916920006275177,0.9166200160980225,0.916700005531311,22642.447777928806
2026-01-29 14:39:00+00:00,0.9167400002479553,0.9168000221252441,0.916130006313324,0.916700005531311,31745.658396157876
2026-01-29 14:40:00+00:00,0.916700005531311,0.9167799949645996,0.9164900183677673,0.9167299866676331,33531.05458728198
2026-01-29 14:41:00+00:00,0.9167500138282776,0.9168000221252441,0.9163200259208679,0.9166799783706665,33264.087913330506
2026-01-29 14:42:00+00:00,0.9167299866676331,0.9168499708175659,0.9166899919509888,0.9167699813842773,32768.115917423784
2026-01-29 14:43:00+00:00,0.9167699813842773,0.9168400168418884,0.9162799715995789,0.9168000221252441,41729.91323614689
2026-01-29 14:44:00+00:00,0.9168000221252441,0.9168199896812439,0.9165099859237671,0.9165099859237671,44878.2081427628
2026-01-29 14:45:00+00:00,0.9165499806404114,0.9168300032615662,0.9163200259208679,0.9167600274085999,36250.56332273472
2026-01-29 14:46:00+00:00,0.9167600274085999,0.9168699979782104,0.9166100025177002,0.9166600108146667,38753.818207330165
2026-01-29 14:47:00+00:00,0.9166399836540222,0.9166899919509888,0.9161400198936462,0.9165899753570557,43239.44126839603
2026-01-29 14:48:00+00:00,0.9166200160980225,0.9167100191116333,0.9165099859237671,0.9165599942207336,36720.64700417375
2026-01-29 14:49:00+00:00,0.9165599942207336,0.916700005531311,0.9161499738693237,0.9165599942207336,25040.713176800353
2026-01-29 14:50:00+00:00,0.9165800213813782,0.9166100025177002,0.9164000153541565,0.9165499806404114,42930.48660950609
2026-01-29 14:51:00+00:00,0.9165099859237671,0.9166499972343445,0.9161900281906128,0.9166100025177002,35522.95724966471
2026-01-29 14:52:00+00:00,0.9166100025177002,0.9168599843978882,0.9165599942207336,0.9165700078010559,34387.63330175449
2026-01-29 14:53:00+00:00,0.9165700078010559,0.9168800115585327,0.9162899851799011,0.9167500138282776,30388.329114701548
2026-01-29 14:54:00+00:00,0.9167699813842773,0.9168000221252441,0.9165999889373779,0.9166200160980225,32561.35361762105
2026-01-29 14:55:00+00:00,0.9165999889373779,0.9167799949645996,0.9162999987602234,0.9167299866676331,30848.95432044797
2026-01-29 14:56:00+00:00,0.9167100191116333,0.9167500138282776,0.916670024394989,0.9166899919509888,27617.9673319045
2026-01-29 14:57:00+00:00,0.9166899919509888,0.9167699813842773,0.9162799715995789,0.9166799783706665,25683.22436483697
2026-01-29 14:58:00+00:00,0.9166799783706665,0.9167400002479553,0.9166399836540222,0.916670024394989,20430.35980617485
2026-01-29 14:59:00+00:00,0.9166799783706665,0.9168000221252441,0.9163100123405457,0.9167500138282776,21256.54732081839
2026-01-29 15:00:00+00:00,0.9167299866676331,0.916949987411499,0.9166399836540222,0.9166399836540222,20486.727283906508
2026-01-29 15:01:00+00:00,0.9166399836540222,0.9168000221252441,0.9161900281906128,0.9166600108146667,28715.066185239088
2026-01-29 15:02:00+00:00,0.9166300296783447,0.9167500138282776,0.9165999889373779,0.9166799783706665,22849.42102935222
2026-01-29 15:03:00+00:00,0.9166799783706665,0.9168000221252441,0.9160799980163574,0.9164800047874451,28231.46734786512
2026-01-29 15:04:00+00:00,0.9165099859237671,0.9166399836540222,0.916450023651123,0.9165099859237671,24728.105309520583
2026-01-29 15:05:00+00:00,0.9164699912071228,0.9165999889373779,0.9160299897193909,0.9164699912071228,21668.20861440694
2026-01-29 15:06:00+00:00,0.9164900183677673,0.9165800213813782,0.9164000153541565,0.9165199995040894,27443.37467840772
2026-01-29 15:07:00+00:00,0.9165700078010559,0.9167400002479553,0.9162600040435791,0.9167100191116333,21945.427582182514
2026-01-29 15:08:00+00:00,0.916700005531311,0.9168000221252441,0.9166499972343445,0.9167600274085999,19847.68801282832
2026-01-29 15:09:00+00:00,0.9167600274085999,0.9168499708175659,0.9162600040435791,0.9166499972343445,24234.738629852647
2026-01-29 15:10:00+00:00,0.9166499972343445,0.9167100191116333,0.9165099859237671,0.9166300296783447,25663.813405180517
2026-01-29 15:11:00+00:00,0.9166499972343445,0.9168300032615662,0.9163399934768677,0.9168300032615662,28526.603998436265
2026-01-29 15:12:00+00:00,0.9168099761009216,0.9168499708175659,0.9166799783706665,0.9166899919509888,29206.00844344156
2026-01-29 15:13:00+00:00,0.916700005531311,0.9168000221252441,0.9161900281906128,0.9166200160980225,32213.559795236943
2026-01-29 15:14:00+00:00,0.9166200160980225,0.916670024394989,0.916450023651123,0.916450023651123,24819.25777830869
2026-01-29 15:15:00+00:00,0.916450023651123,0.916700005531311,0.9162099957466125,0.9166100025177002,25360.97903076612
2026-01-29 15:16:00+00:00,0.9166200160980225,0.9167900085449219,0.9164800047874451,0.9166399836540222,29562.069850142376
2026-01-29 15:17:00+00:00,0.9166799783706665,0.9168699979782104,0.9162700176239014,0.9167299866676331,25819.845718711003
2026-01-29 15:18:00+00:00,0.9167299866676331,0.9172099828720093,0.9165700078010559,0.917169988155365,35156.55929007216
2026-01-29 15:19:00+00:00,0.9171900153160095,0.9172800183296204,0.9168199896812439,0.9172000288963318,30723.45622434538
2026-01-29 15:20:00+00:00,0.9172199964523315,0.9173499941825867,0.9170399904251099,0.9171800017356873,41037.2418369031
2026-01-29 15:21:00+00:00,0.9171599745750427,0.9172300100326538,0.9166300296783447,0.9170500040054321,37397.500625776534
2026-01-29 15:22:00+00:00,0.9170200228691101,0.9172499775886536,0.916949987411499,0.917169988155365,43628.386386065606
2026-01-29 15:23:00+00:00,0.9171599745750427,0.9173600077629089,0.916920006275177,0.9172700047492981,33572.07488690768
2026-01-29 15:24:00+00:00,0.9172599911689758,0.9174799919128418,0.9171800017356873,0.9173799753189087,40142.776514134865
2026-01-29 15:25:00+00:00,0.9174100160598755,0.9174299836158752,0.916920006275177,0.9173700213432312,34128.57663935824
2026-01-29 15:26:00+00:00,0.9173700213432312,0.9174100160598755,0.9171599745750427,0.9171800017356873,43018.363885641666
2026-01-29 15:27:00+00:00,0.9172099828720093,0.9174200296401978,0.9168699979782104,0.9172599911689758,40271.168478732376
2026-01-29 15:28:00+00:00,0.9172599911689758,0.9175000190734863,0.9171599745750427,0.9172999858856201,45700.24055171484
2026-01-29 15:29:00+00:00,0.9173099994659424,0.9174000024795532,0.9169099926948547,0.9172499775886536,40422.803823773356
2026-01-29 15:30:00+00:00,0.9172999858856201,0.9176099896430969,0.9172499775886536,0.9176099896430969,45917.246391105655
2026-01-29 15:31:00+00:00,0.9175599813461304,0.9177200198173523,0.9171900153160095,0.9175800085067749,47577.12233997679
2026-01-29 15:32:00+00:00,0.9176200032234192,0.9179099798202515,0.9175800085067749,0.9178000092506409,32264.04737168967
2026-01-29 15:33:00+00:00,0.9178000092506409,0.9178199768066406,0.9172700047492981,0.9177200198173523,34382.323081764735
2026-01-29 15:34:00+00:00,0.9176999926567078,0.9178000092506409,0.917389988899231,0.9174900054931641,43425.132084758894
2026-01-29 15:35:00+00:00,0.9174699783325195,0.9175999760627747,0.9170399904251099,0.9175599813461304,45461.96475056398
2026-01-29 15:36:00+00:00,0.9175500273704529,0.9175999760627747,0.9173300266265869,0.9173499941825867,34306.23032407105
2026-01-29 15:37:00+00:00,0.917389988899231,0.9176499843597412,0.9170399904251099,0.9174500107765198,45439.89201039542
2026-01-29 15:38:00+00:00,0.917460024356842,0.9174900054931641,0.9172899723052979,0.9174100160598755,47432.56165236188
2026-01-29 15:39:00+00:00,0.9174399971961975,0.9174399971961975,0.9167900085449219,0.9172400236129761,44649.1696732972
2026-01-29 15:40:00+00:00,0.9172899723052979,0.9173499941825867,0.9170600175857544,0.9171299934387207,46782.15241641888
2026-01-29 15:41:00+00:00,0.9171500205993652,0.9172000288963318,0.9165300130844116,0.9168499708175659,53336.63625903474
2026-01-29 15:42:00+00:00,0.9168999791145325,0.9169700145721436,0.9167299866676331,0.9168599843978882,51243.46509988049
2026-01-29 15:43:00+00:00,0.9168699979782104,0.9171000123023987,0.9165800213813782,0.9170100092887878,44160.89521558384
2026-01-29 15:44:00+00:00,0.9170500040054321,0.917140007019043,0.9169099926948547,0.9170500040054321,55174.9027518539
2026-01-29 15:45:00+00:00,0.9170299768447876,0.9170500040054321,0.9164699912071228,0.9168400168418884,41470.24484297234
2026-01-29 15:46:00+00:00,0.916890025138855,0.9169999957084656,0.916670024394989,0.9168599843978882,47395.473480241235
2026-01-29 15:47:00+00:00,0.9168699979782104,0.9170200228691101,0.9164900183677673,0.9169399738311768,49495.05945514147
2026-01-29 15:48:00+00:00,0.9170200228691101,0.917110025882721,0.9166300296783447,0.9166399836540222,44419.07149975277
2026-01-29 15:49:00+00:00,0.9166600108146667,0.9167199730873108,0.916100025177002,0.9163699746131897,45410.14453163999
2026-01-29 15:50:00+00:00,0.9164000153541565,0.9164400100708008,0.9157999753952026,0.9161800146102905,64467.710128723986
2026-01-29 15:51:00+00:00,0.9161700010299683,0.916450023651123,0.915910005569458,0.9162899851799011,53083.508390059105
2026-01-29 15:52:00+00:00,0.9162899851799011,0.9164400100708008,0.9160299897193909,0.9160299897193909,53581.51391801158
2026-01-29 15:53:00+00:00,0.9160799980163574,0.9161999821662903,0.9157500267028809,0.9160900115966797,55970.000272240315
2026-01-29 15:54:00+00:00,0.9161800146102905,0.9162999987602234,0.9160199761390686,0.9160599708557129,67239.40507724769
2026-01-29 15:55:00+00:00,0.9160699844360352,0.9162700176239014,0.915690004825592,0.9160699844360352,50853.79588541302
2026-01-29 15:56:00+00:00,0.9160400032997131,0.9162799715995789,0.9159899950027466,0.9160799980163574,53837.68651015338
2026-01-29 15:57:00+00:00,0.9160900115966797,0.9162399768829346,0.91566002368927,0.9161999821662903,63084.41228375706
2026-01-29 15:58:00+00:00,0.9162099957466125,0.9163299798965454,0.9161499738693237,0.9162200093269348,57316.85610486741
2026-01-29 15:59:00+00:00,0.9162200093269348,0.9163299798965454,0.9157999753952026,0.9162099957466125,45359.17136317715
2026-01-29 16:00:00+00:00,0.9162200093269348,0.9162300229072571,0.9160799980163574,0.9161400198936462,49313.337083796796
2026-01-29 16:01:00+00:00,0.916100025177002,0.9162200093269348,0.9157199859619141,0.9161700010299683,52552.46217719027
2026-01-29 16:02:00+00:00,0.9161800146102905,0.9162999987602234,0.9160900115966797,0.9162200093269348,40732.0672876588
2026-01-29 16:03:00+00:00,0.9162200093269348,0.9162600040435791,0.9156200289726257,0.916100025177002,37192.64005015067
2026-01-29 16:04:00+00:00,0.9161400198936462,0.9162300229072571,0.9158400297164917,0.9158700108528137,33329.57497661065
2026-01-29 16:05:00+00:00,0.9158899784088135,0.9160100221633911,0.9153800010681152,0.9158200025558472,41037.20964199879
2026-01-29 16:06:00+00:00,0.9157800078392029,0.916100025177002,0.9157800078392029,0.9159799814224243,41437.31125906729
2026-01-29 16:07:00+00:00,0.9159899950027466,0.916130006313324,0.9154199957847595,0.9158899784088135,37928.0476905805
2026-01-29 16:08:00+00:00,0.915880024433136,0.9160699844360352,0.9157900214195251,0.9159600138664246,37070.71847983297
2026-01-29 16:09:00+00:00,0.9159899950027466,0.9160799980163574,0.9155399799346924,0.9160000085830688,47621.2976966109
2026-01-29 16:10:00+00:00,0.9159700274467468,0.916100025177002,0.9158300161361694,0.9159200191497803,40283.54316653968
2026-01-29 16:11:00+00:00,0.9159200191497803,0.9160100221633911,0.9154800176620483,0.9159299731254578,32335.772689317204
2026-01-29 16:12:00+00:00,0.9159600138664246,0.9160699844360352,0.9158700108528137,0.9159700274467468,41696.61951437107
2026-01-29 16:13:00+00:00,0.9160100221633911,0.9162200093269348,0.9157299995422363,0.9161800146102905,37755.44639314328
2026-01-29 16:14:00+00:00,0.9162099957466125,0.9163399934768677,0.9159700274467468,0.9159700274467468,48829.496079813616
2026-01-29 16:15:00+00:00,0.9159799814224243,0.916130006313324,0.9155700206756592,0.9160100221633911,34653.87037963542
2026-01-29 16:16:00+00:00,0.9160100221633911,0.9161999821662903,0.915910005569458,0.9161400198936462,54488.785004470315
2026-01-29 16:17:00+00:00,0.9160900115966797,0.9162099957466125,0.9156500101089478,0.916130006313324,38963.44418551331
2026-01-29 16:18:00+00:00,0.9161999821662903,0.916379988193512,0.9161199927330017,0.9162999987602234,41866.24845713901
2026-01-29 16:19:00+00:00,0.9162399768829346,0.9164000153541565,0.9158700108528137,0.9163600206375122,41612.815832703796
2026-01-29 16:20:00+00:00,0.9163500070571899,0.9164299964904785,0.9162600040435791,0.9163399934768677,32218.591254941275
2026-01-29 16:21:00+00:00,0.9163399934768677,0.9164999723434448,0.9159700274467468,0.9164000153541565,38777.74143786438
2026-01-29 16:22:00+00:00,0.9164100289344788,0.9165199995040894,0.9163600206375122,0.916379988193512,39565.95864274785
2026-01-29 16:23:00+00:00,0.9164000153541565,0.9164400100708008,0.9157699942588806,0.9162300229072571,40424.57089537745
2026-01-29 16:24:00+00:00,0.9162200093269348,0.9164000153541565,0.9161999821662903,0.9162899851799011,33722.20989962707
2026-01-29 16:25:00+00:00,0.9162899851799011,0.9164100289344788,0.9158599972724915,0.9162700176239014,37655.59407705916
2026-01-29 16:26:00+00:00,0.9162999987602234,0.9164699912071228,0.9162600040435791,0.9164599776268005,32451.39863964638
2026-01-29 16:27:00+00:00,0.9164199829101562,0.9164800047874451,0.9159500002861023,0.9163299798965454,39104.04553738675
2026-01-29 16:28:00+00:00,0.9163299798965454,0.9164599776268005,0.9162899851799011,0.9164199829101562,34418.311795265734
2026-01-29 16:29:00+00:00,0.9164199829101562,0.9165199995040894,0.9159500002861023,0.9163100123405457,27465.71997210034
2026-01-29 16:30:00+00:00,0.9163399934768677,0.9164900183677673,0.9162399768829346,0.9164299964904785,27835.921803381407
2026-01-29 16:31:00+00:00,0.9164299964904785,0.9164999723434448,0.9157299995422363,0.916159987449646,37198.55046119115
2026-01-29 16:32:00+00:00,0.916159987449646,0.9162700176239014,0.916100025177002,0.9161700010299683,29898.816163454158
2026-01-29 16:33:00+00:00,0.9161700010299683,0.9162200093269348,0.9157400131225586,0.9161800146102905,26047.823668257173
2026-01-29 16:34:00+00:00,0.9161800146102905,0.9162700176239014,0.9161400198936462,0.9161800146102905,33202.61732114235
2026-01-29 16:35:00+00:00,0.9161800146102905,0.9162399768829346,0.9157500267028809,0.9161499738693237,26013.652112427153
2026-01-29 16:36:00+00:00,0.9161499738693237,0.9162600040435791,0.9161099791526794,0.9161800146102905,27845.457390215495
2026-01-29 16:37:00+00:00,0.9161800146102905,0.9163399934768677,0.9158899784088135,0.9162899851799011,26008.570302616987
2026-01-29 16:38:00+00:00,0.9162899851799011,0.9164100289344788,0.9162499904632568,0.9163699746131897,21807.04559666868
2026-01-29 16:39:00+00:00,0.9163600206375122,0.9164400100708008,0.9159600138664246,0.9164000153541565,23345.194848718045
2026-01-29 16:40:00+00:00,0.9164100289344788,0.9164800047874451,0.9162600040435791,0.9163699746131897,25968.971182520443
2026-01-29 16:41:00+00:00,0.9163500070571899,0.9164199829101562,0.9158700108528137,0.9162799715995789,26746.259663470202
2026-01-29 16:42:00+00:00,0.9162799715995789,0.9164000153541565,0.9162399768829346,0.9163200259208679,26342.205930280685
2026-01-29 16:43:00+00:00,0.9162999987602234,0.916379988193512,0.9157400131225586,0.9162200093269348,26604.78596542093
2026-01-29 16:44:00+00:00,0.9162099957466125,0.9164400100708008,0.9161900281906128,0.9164100289344788,23858.27341563638
2026-01-29 16:45:00+00:00,0.9163900017738342,0.9164999723434448,0.9159799814224243,0.9164299964904785,17782.83033492837
2026-01-29 16:46:00+00:00,0.9164599776268005,0.9164999723434448,0.9163500070571899,0.9164699912071228,18536.80017305712
2026-01-29 16:47:00+00:00,0.9164699912071228,0.9166200160980225,0.9161199927330017,0.9165800213813782,17440.64627644578
2026-01-29 16:48:00+00:00,0.9166100025177002,0.9166100025177002,0.9164000153541565,0.9164000153541565,23241.483343015047
2026-01-29 16:49:00+00:00,0.9163900017738342,0.9165099859237671,0.9159700274467468,0.916450023651123,23281.280571924584
2026-01-29 16:50:00+00:00,0.9164199829101562,0.9165199995040894,0.9164100289344788,0.9164699912071228,17217.006010818382
2026-01-29 16:51:00+00:00,0.9164599776268005,0.9165800213813782,0.9160599708557129,0.9164800047874451,24989.369711402047
2026-01-29 16:52:00+00:00,0.9164800047874451,0.9165199995040894,0.9163699746131897,0.9164400100708008,23345.691109852603
2026-01-29 16:53:00+00:00,0.9164400100708008,0.9166200160980225,0.916100025177002,0.9165599942207336,19608.943729359253
2026-01-29 16:54:00+00:00,0.9165499806404114,0.9165899753570557,0.9163600206375122,0.9164199829101562,21487.49903136579
2026-01-29 16:55:00+00:00,0.9163900017738342,0.9164599776268005,0.9158999919891357,0.9163699746131897,29273.24717573824
2026-01-29 16:56:00+00:00,0.9163399934768677,0.9164699912071228,0.9163399934768677,0.916450023651123,26924.08047566017
2026-01-29 16:57:00+00:00,0.9164100289344788,0.9165599942207336,0.9160799980163574,0.9165499806404114,17061.432158701937
2026-01-29 16:58:00+00:00,0.9164800047874451,0.9165400266647339,0.9163900017738342,0.916450023651123,14790.089490670569
2026-01-29 16:59:00+00:00,0.916450023651123,0.9165499806404114,0.9160500168800354,0.9165300130844116,18930.087657764965
2026-01-29 17:00:00+00:00,0.9164900183677673,0.9165300130844116,0.9164000153541565,0.916450023651123,16299.479886131501
2026-01-29 17:01:00+00:00,0.9164199829101562,0.9164599776268005,0.9158999919891357,0.9163500070571899,20179.13621006684
2026-01-29 17:02:00+00:00,0.9163100123405457,0.9164000153541565,0.9162899851799011,0.9163699746131897,19466.496530233067
2026-01-29 17:03:00+00:00,0.9163500070571899,0.9164299964904785,0.9159500002861023,0.9163399934768677,14581.2578128954
2026-01-29 17:04:00+00:00,0.9163399934768677,0.916450023651123,0.9163299798965454,0.9163500070571899,13518.709800201908
2026-01-29 17:05:00+00:00,0.9163399934768677,0.9164000153541565,0.915910005569458,0.9163100123405457,13224.79808592146
2026-01-29 17:06:00+00:00,0.9162999987602234,0.9164100289344788,0.9162999987602234,0.916379988193512,13678.63504835633
2026-01-29 17:07:00+00:00,0.9164000153541565,0.9164199829101562,0.9159500002861023,0.9164000153541565,13035.19130582241
2026-01-29 17:08:00+00:00,0.9163699746131897,0.9164199829101562,0.9163299798965454,0.916379988193512,9769.416609274405
2026-01-29 17:09:00+00:00,0.9163900017738342,0.9164100289344788,0.9158099889755249,0.9162600040435791,11601.703350587633
2026-01-29 17:10:00+00:00,0.9162499904632568,0.916450023651123,0.9161900281906128,0.916450023651123,13331.295481153777
2026-01-29 17:11:00+00:00,0.9164000153541565,0.9164699912071228,0.9159700274467468,0.9164000153541565,13805.958594377173
2026-01-29 17:12:00+00:00,0.916379988193512,0.9164599776268005,0.9163299798965454,0.9164199829101562,11524.351989611534
2026-01-29 17:13:00+00:00,0.916379988193512,0.9165999889373779,0.9161099791526794,0.9165400266647339,12368.964299357558
2026-01-29 17:14:00+00:00,0.9165300130844116,0.9167100191116333,0.9165099859237671,0.9166799783706665,13026.725506233899
2026-01-29 17:15:00+00:00,0.9166200160980225,0.9167100191116333,0.9160699844360352,0.9164999723434448,18796.83089454005
2026-01-29 17:16:00+00:00,0.9165300130844116,0.9165700078010559,0.9164199829101562,0.9164699912071228,16766.7551638717
2026-01-29 17:17:00+00:00,0.9164400100708008,0.9164999723434448,0.9160100221633911,0.916450023651123,18372.09224560649
2026-01-29 17:18:00+00:00,0.916450023651123,0.9165300130844116,0.9164100289344788,0.9164599776268005,17581.429514550615
2026-01-29 17:19:00+00:00,0.9164599776268005,0.9165199995040894,0.9160199761390686,0.916450023651123,15571.699391186557
2026-01-29 17:20:00+00:00,0.916450023651123,0.9164999723434448,0.9162799715995789,0.9163399934768677,20095.198497242913
2026-01-29 17:21:00+00:00,0.9163200259208679,0.916379988193512,0.9159200191497803,0.9163100123405457,22559.5840009811
2026-01-29 17:22:00+00:00,0.9162899851799011,0.9164000153541565,0.9162099957466125,0.9163699746131897,21407.069200361882
2026-01-29 17:23:00+00:00,0.9163399934768677,0.9164999723434448,0.9159600138664246,0.9163500070571899,20112.061538958507
2026-01-29 17:24:00+00:00,0.9163600206375122,0.916450023651123,0.9163500070571899,0.916379988193512,16808.341205893004
2026-01-29 17:25:00+00:00,0.9163500070571899,0.9165700078010559,0.9160500168800354,0.9165199995040894,20139.457135607005
2026-01-29 17:26:00+00:00,0.9164800047874451,0.9165599942207336,0.9164299964904785,0.9164800047874451,16526.106497810917
2026-01-29 17:27:00+00:00,0.9164800047874451,0.9166799783706665,0.9162099957466125,0.9166300296783447,15911.115189168775
2026-01-29 17:28:00+00:00,0.9166799783706665,0.916700005531311,0.9165700078010559,0.9166300296783447,16566.29720099477
2026-01-29 17:29:00+00:00,0.9166300296783447,0.916670024394989,0.916130006313324,0.9164999723434448,14640.957005156935
2026-01-29 17:30:00+00:00,0.9164900183677673,0.9165899753570557,0.9163500070571899,0.9163699746131897,16407.06314488251
2026-01-29 17:31:00+00:00,0.9163600206375122,0.9164299964904785,0.915880024433136,0.9163900017738342,15825.424675479639
2026-01-29 17:32:00+00:00,0.9164100289344788,0.9164800047874451,0.9163500070571899,0.9164299964904785,17878.61844910557
2026-01-29 17:33:00+00:00,0.9164000153541565,0.9164599776268005,0.9159500002861023,0.9163399934768677,16171.463132121904
2026-01-29 17:34:00+00:00,0.9163600206375122,0.9164299964904785,0.9162999987602234,0.9163100123405457,11808.934847219954
2026-01-29 17:35:00+00:00,0.9162899851799011,0.916379988193512,0.9158499836921692,0.9162700176239014,17229.19722732552
2026-01-29 17:36:00+00:00,0.9162700176239014,0.9164199829101562,0.9162399768829346,0.9162999987602234,17557.60447478159
2026-01-29 17:37:00+00:00,0.9163200259208679,0.9163299798965454,0.9158499836921692,0.9162200093269348,15083.740474148659
2026-01-29 17:38:00+00:00,0.9162200093269348,0.9163600206375122,0.9162099957466125,0.9163100123405457,15977.419681135427
2026-01-29 17:39:00+00:00,0.9163100123405457,0.9164900183677673,0.9159700274467468,0.9164699912071228,18262.117262986754
2026-01-29 17:40:00+00:00,0.9164599776268005,0.9164599776268005,0.9163200259208679,0.9163699746131897,18532.841554642433
2026-01-29 17:41:00+00:00,0.9163699746131897,0.916450023651123,0.915880024433136,0.9163399934768677,19817.252168025567
2026-01-29 17:42:00+00:00,0.9163399934768677,0.9163699746131897,0.9159299731254578,0.91593998670578,23301.996083420498
2026-01-29 17:43:00+00:00,0.91593998670578,0.9160299897193909,0.9155399799346924,0.9159899950027466,29230.08776618393
2026-01-29 17:44:00+00:00,0.9159799814224243,0.9161199927330017,0.91593998670578,0.9160699844360352,27030.86347130049
2026-01-29 17:45:00+00:00,0.9160699844360352,0.9161499738693237,0.9155099987983704,0.9159600138664246,29491.894980683395
2026-01-29 17:46:00+00:00,0.9159500002861023,0.9162200093269348,0.9159500002861023,0.9161700010299683,27541.05027993069
2026-01-29 17:47:00+00:00,0.916159987449646,0.9162300229072571,0.9157299995422363,0.916159987449646,27452.383530549156
2026-01-29 17:48:00+00:00,0.9161099791526794,0.9161999821662903,0.9160799980163574,0.9160900115966797,25496.897801852083
2026-01-29 17:49:00+00:00,0.9160900115966797,0.9162399768829346,0.9157599806785583,0.9161499738693237,27460.856875547714
2026-01-29 17:50:00+00:00,0.916159987449646,0.9162999987602234,0.9160799980163574,0.9161999821662903,26679.116429638103
2026-01-29 17:51:00+00:00,0.9161999821662903,0.9163600206375122,0.9158200025558472,0.9162899851799011,27281.05433900412
2026-01-29 17:52:00+00:00,0.9162899851799011,0.9163600206375122,0.9162300229072571,0.9162700176239014,28914.27282756328
2026-01-29 17:53:00+00:00,0.9162700176239014,0.9163100123405457,0.9158400297164917,0.9162600040435791,30491.762246306716
2026-01-29 17:54:00+00:00,0.9162600040435791,0.9163500070571899,0.9161800146102905,0.9162300229072571,28458.58188561169
2026-01-29 17:55:00+00:00,0.9162200093269348,0.9163500070571899,0.9158599972724915,0.9162799715995789,24000.48530065438
2026-01-29 17:56:00+00:00,0.9162799715995789,0.9164000153541565,0.9162700176239014,0.9162700176239014,18885.725521229728
2026-01-29 17:57:00+00:00,0.9162700176239014,0.9164000153541565,0.915880024433136,0.9163600206375122,21860.384347216077
2026-01-29 17:58:00+00:00,0.9163600206375122,0.9164100289344788,0.9162999987602234,0.9163299798965454,17367.852314571293
2026-01-29 17:59:00+00:00,0.9163299798965454,0.9164699912071228,0.91593998670578,0.916450023651123,19378.45719907604
2026-01-29 18:00:00+00:00,0.916379988193512,0.9164800047874451,0.9163200259208679,0.9163900017738342,13509.514255942413
2026-01-29 18:01:00+00:00,0.9163500070571899,0.9164000153541565,0.9158300161361694,0.9162700176239014,17163.281250707674
2026-01-29 18:02:00+00:00,0.9162700176239014,0.9163100123405457,0.9161400198936462,0.9161400198936462,17958.01340647489
2026-01-29 18:03:00+00:00,0.9161400198936462,0.9162300229072571,0.9157199859619141,0.9161099791526794,17756.148130214722
2026-01-29 18:04:00+00:00,0.9161499738693237,0.9162200093269348,0.9160799980163574,0.916159987449646,13953.195292226184
2026-01-29 18:05:00+00:00,0.9162099957466125,0.9162999987602234,0.9157500267028809,0.9161700010299683,15172.173220918663
2026-01-29 18:06:00+00:00,0.9161700010299683,0.9162600040435791,0.9160500168800354,0.9160599708557129,16966.355926263663
2026-01-29 18:07:00+00:00,0.9160699844360352,0.9161499738693237,0.9155799746513367,0.9160100221633911,18828.68748731523
2026-01-29 18:08:00+00:00,0.9160100221633911,0.9161400198936462,0.9159600138664246,0.9160799980163574,21727.922456319382
2026-01-29 18:09:00+00:00,0.9161099791526794,0.916130006313324,0.9156200289726257,0.9161099791526794,17733.39852794663
2026-01-29 18:10:00+00:00,0.9160900115966797,0.9161900281906128,0.9160500168800354,0.9161800146102905,23116.108718114705
2026-01-29 18:11:00+00:00,0.916130006313324,0.9162300229072571,0.9157599806785583,0.9161700010299683,16904.51729725805
2026-01-29 18:12:00+00:00,0.9161999821662903,0.9162300229072571,0.9161400198936462,0.9161800146102905,18591.96810099921
2026-01-29 18:13:00+00:00,0.9162300229072571,0.9163699746131897,0.9158400297164917,0.9163699746131897,18374.131417097735
2026-01-29 18:14:00+00:00,0.9163200259208679,0.9164800047874451,0.9163200259208679,0.9164000153541565,15791.669919971777
2026-01-29 18:15:00+00:00,0.9164199829101562,0.9164800047874451,0.9159899950027466,0.9164100289344788,18874.82770563774
2026-01-29 18:16:00+00:00,0.9164199829101562,0.9164999723434448,0.9163900017738342,0.9164800047874451,15630.561297370925
2026-01-29 18:17:00+00:00,0.9164299964904785,0.9164999723434448,0.9160199761390686,0.9164299964904785,14317.215022607681
2026-01-29 18:18:00+00:00,0.9164299964904785,0.9165499806404114,0.9164299964904785,0.9164800047874451,13621.052284189076
2026-01-29 18:19:00+00:00,0.9164800047874451,0.9165999889373779,0.916100025177002,0.9165199995040894,12568.485688338902
2026-01-29 18:20:00+00:00,0.9165499806404114,0.9166200160980225,0.9165199995040894,0.9165300130844116,8280.604739526501
2026-01-29 18:21:00+00:00,0.9165300130844116,0.9165999889373779,0.916100025177002,0.9165599942207336,9514.729478207582
2026-01-29 18:22:00+00:00,0.9165300130844116,0.9166100025177002,0.9165099859237671,0.9165499806404114,8119.327808534923
2026-01-29 18:23:00+00:00,0.9165099859237671,0.9165999889373779,0.9160500168800354,0.9164699912071228,9128.061931178627
2026-01-29 18:24:00+00:00,0.9164699912071228,0.9166399836540222,0.9164699912071228,0.9165899753570557,9774.94353937788
2026-01-29 18:25:00+00:00,0.9165800213813782,0.916700005531311,0.9161900281906128,0.9166200160980225,8683.65530619247
2026-01-29 18:26:00+00:00,0.9166200160980225,0.9166899919509888,0.9165700078010559,0.9165700078010559,12710.77706728271
2026-01-29 18:27:00+00:00,0.9165700078010559,0.9166200160980225,0.916159987449646,0.9165599942207336,10070.186047502582
2026-01-29 18:28:00+00:00,0.9165599942207336,0.9165999889373779,0.9164100289344788,0.916450023651123,11841.686425355521
2026-01-29 18:29:00+00:00,0.916450023651123,0.9164999723434448,0.9159799814224243,0.9163699746131897,11732.195300969395
2026-01-29 18:30:00+00:00,0.9163900017738342,0.9164000153541565,0.9161700010299683,0.9162200093269348,15451.36890225704
2026-01-29 18:31:00+00:00,0.9162200093269348,0.9164000153541565,0.9158599972724915,0.9162399768829346,10995.576388957767
2026-01-29 18:32:00+00:00,0.9162700176239014,0.9162999987602234,0.9161700010299683,0.9161800146102905,14509.801894265018
2026-01-29 18:33:00+00:00,0.9161800146102905,0.9162600040435791,0.9157199859619141,0.9161700010299683,13910.37007340453
2026-01-29 18:34:00+00:00,0.916130006313324,0.9162600040435791,0.916130006313324,0.9162399768829346,17910.78476050143
2026-01-29 18:35:00+00:00,0.9162399768829346,0.9162700176239014,0.9157900214195251,0.9162499904632568,15824.303115091108
2026-01-29 18:36:00+00:00,0.9162399768829346,0.9163299798965454,0.9161999821662903,0.9162499904632568,15822.81690035716
2026-01-29 18:37:00+00:00,0.9162499904632568,0.9164299964904785,0.9159600138664246,0.9164100289344788,18195.64995725433
2026-01-29 18:38:00+00:00,0.9163500070571899,0.9164599776268005,0.9163299798965454,0.9164199829101562,15782.812761529827
2026-01-29 18:39:00+00:00,0.9164000153541565,0.9164599776268005,0.9158700108528137,0.9162899851799011,16854.40510590857
2026-01-29 18:40:00+00:00,0.9163100123405457,0.9166399836540222,0.9162999987602234,0.9165899753570557,19459.105363646147
2026-01-29 18:41:00+00:00,0.9165700078010559,0.9165999889373779,0.9160699844360352,0.9165199995040894,24069.810040560984
2026-01-29 18:42:00+00:00,0.9164900183677673,0.9165300130844116,0.9163900017738342,0.9164299964904785,21581.07374299123
2026-01-29 18:43:00+00:00,0.9164299964904785,0.9164699912071228,0.9159799814224243,0.9164299964904785,19855.318316331384
2026-01-29 18:44:00+00:00,0.9164299964904785,0.9164599776268005,0.9163399934768677,0.9163699746131897,15973.61878630534
2026-01-29 18:45:00+00:00,0.9163600206375122,0.916450023651123,0.9159299731254578,0.9163900017738342,14185.645574144819
2026-01-29 18:46:00+00:00,0.9163900017738342,0.9164999723434448,0.9163399934768677,0.9164599776268005,17393.34919648639
2026-01-29 18:47:00+00:00,0.9164599776268005,0.9165400266647339,0.9160799980163574,0.9164999723434448,17651.773616039256
2026-01-29 18:48:00+00:00,0.9164900183677673,0.9165400266647339,0.9164400100708008,0.9164800047874451,16115.354679572283
2026-01-29 18:49:00+00:00,0.9164800047874451,0.9165300130844116,0.9160299897193909,0.9164599776268005,18822.97379662052
2026-01-29 18:50:00+00:00,0.9164599776268005,0.9165199995040894,0.916450023651123,0.9164900183677673,15020.105003983434
2026-01-29 18:51:00+00:00,0.9164900183677673,0.9165599942207336,0.9160699844360352,0.9165400266647339,18178.852599389444
2026-01-29 18:52:00+00:00,0.9165199995040894,0.9165599942207336,0.9164599776268005,0.9164699912071228,14349.00705686638
2026-01-29 18:53:00+00:00,0.9164599776268005,0.9165400266647339,0.9160400032997131,0.9165099859237671,13893.037394723855
2026-01-29 18:54:00+00:00,0.9165199995040894,0.9165199995040894,0.9164199829101562,0.9164400100708008,9147.318397804007
2026-01-29 18:55:00+00:00,0.9164299964904785,0.9164999723434448,0.9159299731254578,0.9163900017738342,9376.8388770603
2026-01-29 18:56:00+00:00,0.9163900017738342,0.9164000153541565,0.9163299798965454,0.9163600206375122,7557.442619479933
2026-01-29 18:57:00+00:00,0.9163600206375122,0.9164199829101562,0.9159299731254578,0.9163699746131897,7656.618574599467
2026-01-29 18:58:00+00:00,0.9163699746131897,0.9165099859237671,0.9163600206375122,0.9164699912071228,8648.270427881956
2026-01-29 18:59:00+00:00,0.9164599776268005,0.9165099859237671,0.9160299897193909,0.9164599776268005,6390.2581616961825
2026-01-29 19:00:00+00:00,0.9164599776268005,0.9165099859237671,0.9162600040435791,0.9163100123405457,8397.727983356786
2026-01-29 19:01:00+00:00,0.9163200259208679,0.916379988193512,0.9158099889755249,0.9162700176239014,11036.579752977455
2026-01-29 19:02:00+00:00,0.9162600040435791,0.9163200259208679,0.9162099957466125,0.9162399768829346,14092.24041579273
2026-01-29 19:03:00+00:00,0.9162399768829346,0.9164000153541565,0.9158999919891357,0.9163100123405457,12897.30014007988
2026-01-29 19:04:00+00:00,0.9163200259208679,0.9164000153541565,0.9162899851799011,0.9163500070571899,12766.762671338836
2026-01-29 19:05:00+00:00,0.9163500070571899,0.916450023651123,0.9159600138664246,0.9164199829101562,11598.929511827562
2026-01-29 19:06:00+00:00,0.9164299964904785,0.9165599942207336,0.9164100289344788,0.9165300130844116,13173.796364110593
2026-01-29 19:07:00+00:00,0.9165300130844116,0.9165599942207336,0.9160199761390686,0.9164699912071228,13180.740354124495
2026-01-29 19:08:00+00:00,0.9164800047874451,0.9164999723434448,0.9164100289344788,0.9164299964904785,13925.02255224104
2026-01-29 19:09:00+00:00,0.9164299964904785,0.9164999723434448,0.9160000085830688,0.9164199829101562,12888.610335467145
2026-01-29 19:10:00+00:00,0.9164199829101562,0.9164999723434448,0.9163399934768677,0.9163699746131897,13448.566084027965
2026-01-29 19:11:00+00:00,0.9163600206375122,0.916450023651123,0.9159700274467468,0.9164299964904785,15569.404619335848
2026-01-29 19:12:00+00:00,0.9164199829101562,0.9164400100708008,0.9163100123405457,0.9163299798965454,15077.768249402632
2026-01-29 19:13:00+00:00,0.9163200259208679,0.9164000153541565,0.9158999919891357,0.9163299798965454,14775.004281697995
2026-01-29 19:14:00+00:00,0.9163299798965454,0.9164000153541565,0.9162999987602234,0.9163100123405457,11112.364589681976
2026-01-29 19:15:00+00:00,0.9163100123405457,0.9164000153541565,0.9158999919891357,0.9163100123405457,7989.6439685284795
2026-01-29 19:16:00+00:00,0.9163100123405457,0.9163399934768677,0.9162399768829346,0.9162499904632568,8617.855089311795
2026-01-29 19:17:00+00:00,0.9162600040435791,0.9163100123405457,0.9157999753952026,0.9162700176239014,9647.356852090223
2026-01-29 19:18:00+00:00,0.9162600040435791,0.9164000153541565,0.9162600040435791,0.9162999987602234,9683.717091223889
2026-01-29 19:19:00+00:00,0.9162999987602234,0.9163100123405457,0.9158099889755249,0.9162399768829346,9710.153121198045
2026-01-29 19:20:00+00:00,0.9162399768829346,0.9162600040435791,0.9161400198936462,0.9162200093269348,11214.427987682217
2026-01-29 19:21:00+00:00,0.9162099957466125,0.9162999987602234,0.9157800078392029,0.9162300229072571,10160.071803336128
2026-01-29 19:22:00+00:00,0.9162099957466125,0.9162999987602234,0.9161900281906128,0.9162399768829346,11830.364254324431
2026-01-29 19:23:00+00:00,0.9162399768829346,0.9162999987602234,0.9157999753952026,0.9162499904632568,11023.393942680437
2026-01-29 19:24:00+00:00,0.9162399768829346,0.9163299798965454,0.9162300229072571,0.9163100123405457,10436.560146878977
2026-01-29 19:25:00+00:00,0.9162899851799011,0.9164199829101562,0.9158599972724915,0.9162700176239014,8234.22883009933
2026-01-29 19:26:00+00:00,0.9162700176239014,0.9163200259208679,0.9162300229072571,0.9162399768829346,7782.2169782775945
2026-01-29 19:27:00+00:00,0.9162200093269348,0.9162999987602234,0.9157800078392029,0.9162399768829346,9509.625804151896
2026-01-29 19:28:00+00:00,0.9162399768829346,0.9163299798965454,0.9162099957466125,0.9162999987602234,9044.81180449183
2026-01-29 19:29:00+00:00,0.9162999987602234,0.9163100123405457,0.9158200025558472,0.9162700176239014,10240.248564820338
2026-01-29 19:30:00+00:00,0.9162600040435791,0.9163200259208679,0.9161800146102905,0.9161900281906128,9037.790537075754
2026-01-29 19:31:00+00:00,0.9162200093269348,0.9162999987602234,0.9157599806785583,0.9161999821662903,10181.904148006535
2026-01-29 19:32:00+00:00,0.9161999821662903,0.9162499904632568,0.9161700010299683,0.9161999821662903,10383.239815717465
2026-01-29 19:33:00+00:00,0.9161700010299683,0.9162499904632568,0.9157500267028809,0.9161700010299683,9828.696686112447
2026-01-29 19:34:00+00:00,0.916159987449646,0.9162300229072571,0.9161199927330017,0.9161999821662903,8890.01335479541
2026-01-29 19:35:00+00:00,0.9161800146102905,0.9162999987602234,0.9157699942588806,0.9162399768829346,10041.09941073462
2026-01-29 19:36:00+00:00,0.9162499904632568,0.9162999987602234,0.9162099957466125,0.9162300229072571,10244.64150079678
2026-01-29 19:37:00+00:00,0.9162200093269348,0.9162999987602234,0.9157900214195251,0.9161999821662903,8997.75844103583
2026-01-29 19:38:00+00:00,0.9161999821662903,0.9162999987602234,0.9161499738693237,0.9161900281906128,11178.932331386963
2026-01-29 19:39:00+00:00,0.9161700010299683,0.9162999987602234,0.9157500267028809,0.916159987449646,11001.49471113244
2026-01-29 19:40:00+00:00,0.916159987449646,0.9162799715995789,0.9161400198936462,0.9162600040435791,10065.964752213727
2026-01-29 19:41:00+00:00,0.9162600040435791,0.9163299798965454,0.9157900214195251,0.9162999987602234,12826.923198301814
2026-01-29 19:42:00+00:00,0.9162999987602234,0.9164000153541565,0.9162700176239014,0.9163299798965454,13336.326995505584
2026-01-29 19:43:00+00:00,0.9163299798965454,0.9163500070571899,0.9157699942588806,0.9162099957466125,12022.572187387455
2026-01-29 19:44:00+00:00,0.9161999821662903,0.9162999987602234,0.9161199927330017,0.9161199927330017,14643.865951894328
2026-01-29 19:45:00+00:00,0.9161499738693237,0.9161999821662903,0.9157000184059143,0.916159987449646,12441.072848417563
2026-01-29 19:46:00+00:00,0.916159987449646,0.9161999821662903,0.916100025177002,0.916130006313324,14298.178605646532
2026-01-29 19:47:00+00:00,0.9161099791526794,0.9162300229072571,0.9157199859619141,0.9162099957466125,14457.457605683287
2026-01-29 19:48:00+00:00,0.9161900281906128,0.9162399768829346,0.9161499738693237,0.9161900281906128,13859.961942974127
2026-01-29 19:49:00+00:00,0.916159987449646,0.9161999821662903,0.91566002368927,0.9161099791526794,16363.414576901449
2026-01-29 19:50:00+00:00,0.9161099791526794,0.9161999821662903,0.9160699844360352,0.9160799980163574,11404.062507649227
2026-01-29 19:51:00+00:00,0.9160799980163574,0.9161999821662903,0.9157099723815918,0.916130006313324,15905.240759498734
2026-01-29 19:52:00+00:00,0.9161400198936462,0.9161999821662903,0.9160400032997131,0.9160500168800354,16996.658461124523
2026-01-29 19:53:00+00:00,0.9160500168800354,0.9161199927330017,0.9156399965286255,0.9160599708557129,12526.915884866838
2026-01-29 19:54:00+00:00,0.9160900115966797,0.9161199927330017,0.9160299897193909,0.9160400032997131,12602.349611295771
2026-01-29 19:55:00+00:00,0.9160400032997131,0.9161199927330017,0.9155899882316589,0.9160400032997131,14482.796603756453
2026-01-29 19:56:00+00:00,0.9160599708557129,0.9160599708557129,0.9159500002861023,0.9159600138664246,12454.324115294787
2026-01-29 19:57:00+00:00,0.9159899950027466,0.9160000085830688,0.915440022945404,0.9158700108528137,10022.669776955066
2026-01-29 19:58:00+00:00,0.9158700108528137,0.9160400032997131,0.9158599972724915,0.9160000085830688,13471.865700667979
2026-01-29 19:59:00+00:00,0.9160000085830688,0.9160299897193909,0.9155600070953369,0.9159899950027466,12962.983014010459
2026-01-29 20:00:00+00:00,0.9159899950027466,0.9160199761390686,0.91593998670578,0.9159799814224243,9772.177165519446
2026-01-29 20:01:00+00:00,0.9159799814224243,0.9160400032997131,0.9155399799346924,0.9160299897193909,10259.89024081239
2026-01-29 20:02:00+00:00,0.9160299897193909,0.916100025177002,0.9158599972724915,0.915880024433136,15221.005773890161
2026-01-29 20:03:00+00:00,0.9158899784088135,0.9159600138664246,0.9154700040817261,0.9159200191497803,10745.333873855128
2026-01-29 20:04:00+00:00,0.9159299731254578,0.9160000085830688,0.915910005569458,0.9159299731254578,10550.101410108127
2026-01-29 20:05:00+00:00,0.9159299731254578,0.916100025177002,0.9156200289726257,0.9160100221633911,12089.86757593956
2026-01-29 20:06:00+00:00,0.9160000085830688,0.916100025177002,0.9159799814224243,0.9160299897193909,11245.455093597055
2026-01-29 20:07:00+00:00,0.9160299897193909,0.9160500168800354,0.9155700206756592,0.9160000085830688,10998.133325793448
2026-01-29 20:08:00+00:00,0.9159799814224243,0.9160100221633911,0.915880024433136,0.91593998670578,12844.949707554622
2026-01-29 20:09:00+00:00,0.9159200191497803,0.9160000085830688,0.9155399799346924,0.9159799814224243,9652.198127185848
2026-01-29 20:10:00+00:00,0.9159899950027466,0.9160100221633911,0.9159299731254578,0.9159600138664246,10119.709972053195
2026-01-29 20:11:00+00:00,0.9159799814224243,0.9160000085830688,0.9154899716377258,0.91593998670578,8334.760160350916
2026-01-29 20:12:00+00:00,0.91593998670578,0.9160299897193909,0.9159299731254578,0.9159600138664246,7540.004013289469
2026-01-29 20:13:00+00:00,0.9159600138664246,0.9160500168800354,0.9155300259590149,0.91593998670578,8349.466480172585
2026-01-29 20:14:00+00:00,0.9159200191497803,0.9160000085830688,0.9159200191497803,0.9159600138664246,7692.654149156589
2026-01-29 20:15:00+00:00,0.9159600138664246,0.9160100221633911,0.9155300259590149,0.9159899950027466,5645.367385901713
2026-01-29 20:16:00+00:00,0.9159700274467468,0.9160100221633911,0.9159200191497803,0.9159899950027466,4038.611885777477
2026-01-29 20:17:00+00:00,0.9159600138664246,0.9160000085830688,0.9154599905014038,0.9158899784088135,5313.80370339579
2026-01-29 20:18:00+00:00,0.915910005569458,0.9160100221633911,0.915880024433136,0.9159899950027466,6458.06958123962
2026-01-29 20:19:00+00:00,0.9159799814224243,0.9160299897193909,0.9154599905014038,0.9159299731254578,6637.880025297874
2026-01-29 20:20:00+00:00,0.9159200191497803,0.9160000085830688,0.915910005569458,0.9159799814224243,6687.845866543124
2026-01-29 20:21:00+00:00,0.91593998670578,0.9160000085830688,0.9154999852180481,0.9159299731254578,7408.3690521301905
2026-01-29 20:22:00+00:00,0.9159500002861023,0.9160100221633911,0.9158899784088135,0.9158999919891357,7365.109561988618
2026-01-29 20:23:00+00:00,0.9158999919891357,0.91593998670578,0.9154300093650818,0.9158999919891357,6522.956340758229
2026-01-29 20:24:00+00:00,0.9158899784088135,0.9160000085830688,0.9158899784088135,0.9159299731254578,10265.95424988109
2026-01-29 20:25:00+00:00,0.9159200191497803,0.9160000085830688,0.9154899716377258,0.9159600138664246,9834.818846061205
2026-01-29 20:26:00+00:00,0.91593998670578,0.9160000085830688,0.9158999919891357,0.9159500002861023,9549.969173076151
2026-01-29 20:27:00+00:00,0.9159500002861023,0.9160400032997131,0.9155499935150146,0.9159899950027466,7393.3017819460265
2026-01-29 20:28:00+00:00,0.9160000085830688,0.9160500168800354,0.9159899950027466,0.9160100221633911,7893.902865538477
2026-01-29 20:29:00+00:00,0.9160100221633911,0.9160500168800354,0.9155600070953369,0.9159899950027466,8503.639985968864
2026-01-29 20:30:00+00:00,0.9159899950027466,0.9160000085830688,0.9159299731254578,0.9159299731254578,7810.454339289266
2026-01-29 20:31:00+00:00,0.9159299731254578,0.91593998670578,0.915440022945404,0.9158999919891357,7121.287133944555
2026-01-29 20:32:00+00:00,0.9158999919891357,0.915910005569458,0.9158200025558472,0.9158400297164917,6292.051207365782
2026-01-29 20:33:00+00:00,0.9158400297164917,0.9158999919891357,0.9151700139045715,0.9156399965286255,8460.331905047797
2026-01-29 20:34:00+00:00,0.9156100153923035,0.9157000184059143,0.9155799746513367,0.91566002368927,11739.040861823807
2026-01-29 20:35:00+00:00,0.9156699776649475,0.9157900214195251,0.9153199791908264,0.9157500267028809,7762.741414656745
2026-01-29 20:36:00+00:00,0.9157599806785583,0.9158099889755249,0.9157199859619141,0.9157800078392029,8973.249334294198
2026-01-29 20:37:00+00:00,0.9157900214195251,0.9158400297164917,0.9153199791908264,0.9157900214195251,9646.863669706534
2026-01-29 20:38:00+00:00,0.9157599806785583,0.9158300161361694,0.9157400131225586,0.9157599806785583,8615.415840920617
2026-01-29 20:39:00+00:00,0.9157599806785583,0.9158400297164917,0.9153299927711487,0.9157599806785583,7251.041408232087
2026-01-29 20:40:00+00:00,0.9157599806785583,0.9157999753952026,0.9156799912452698,0.915690004825592,11367.538265085459
2026-01-29 20:41:00+00:00,0.9156799912452698,0.9157999753952026,0.9152600169181824,0.9157199859619141,11389.080877084143
2026-01-29 20:42:00+00:00,0.9157199859619141,0.9157999753952026,0.915690004825592,0.9157500267028809,10929.634892014601
2026-01-29 20:43:00+00:00,0.9157500267028809,0.9157999753952026,0.9152799844741821,0.9157599806785583,13371.634329772229
2026-01-29 20:44:00+00:00,0.9157599806785583,0.9158999919891357,0.9157599806785583,0.9158499836921692,14074.464934741573
2026-01-29 20:45:00+00:00,0.9158599972724915,0.9158999919891357,0.9154300093650818,0.915880024433136,13411.399914182508
2026-01-29 20:46:00+00:00,0.915880024433136,0.9158999919891357,0.9158200025558472,0.9158700108528137,11535.40426062845
2026-01-29 20:47:00+00:00,0.9158599972724915,0.9158999919891357,0.9154899716377258,0.9158599972724915,6391.849357471377
2026-01-29 20:48:00+00:00,0.9158700108528137,0.9158899784088135,0.9157900214195251,0.9158300161361694,5556.238152571084
2026-01-29 20:49:00+00:00,0.9158400297164917,0.9158999919891357,0.9153800010681152,0.9158300161361694,7056.328875236115
2026-01-29 20:50:00+00:00,0.9158200025558472,0.9158400297164917,0.9157699942588806,0.9157699942588806,6642.323833466613
2026-01-29 20:51:00+00:00,0.9157900214195251,0.9158099889755249,0.9151600003242493,0.9155499935150146,10313.574936756573
2026-01-29 20:52:00+00:00,0.9155499935150146,0.9157000184059143,0.9155499935150146,0.9157000184059143,11441.975290425504
2026-01-29 20:53:00+00:00,0.9157000184059143,0.9157299995422363,0.9152299761772156,0.9157099723815918,9280.863112702695
2026-01-29 20:54:00+00:00,0.9157099723815918,0.9157299995422363,0.9156399965286255,0.915690004825592,9924.702380379105
2026-01-29 20:55:00+00:00,0.9156699776649475,0.9157999753952026,0.9153100252151489,0.9157900214195251,8017.353306432023
2026-01-29 20:56:00+00:00,0.9157699942588806,0.9158999919891357,0.9157500267028809,0.9158300161361694,10528.674106197703
2026-01-29 20:57:00+00:00,0.9158200025558472,0.9158400297164917,0.9153100252151489,0.9157699942588806,9668.142548236838
2026-01-29 20:58:00+00:00,0.9157699942588806,0.9158999919891357,0.9157599806785583,0.9158400297164917,9631.316847284277
2026-01-29 20:59:00+00:00,0.9158499836921692,0.9158999919891357,0.9154099822044373,0.9158700108528137,10263.333472442679
2026-01-29 21:00:00+00:00,0.915880024433136,0.9158999919891357,0.9157999753952026,0.9158499836921692,10006.26323381458
2026-01-29 21:01:00+00:00,0.9158400297164917,0.9158999919891357,0.9154199957847595,0.9158300161361694,11680.90595196637
2026-01-29 21:02:00+00:00,0.9158400297164917,0.9158999919891357,0.9158200025558472,0.9158700108528137,12386.508632697076
2026-01-29 21:03:00+00:00,0.9158700108528137,0.9159299731254578,0.9153800010681152,0.9158499836921692,11448.579949427181
2026-01-29 21:04:00+00:00,0.9158499836921692,0.9161700010299683,0.9158400297164917,0.9160400032997131,17086.94909700254
2026-01-29 21:05:00+00:00,0.9160799980163574,0.916159987449646,0.9157000184059143,0.9160900115966797,15416.265795990177
2026-01-29 21:06:00+00:00,0.9160799980163574,0.9161999821662903,0.9160599708557129,0.916130006313324,13588.387042697923
2026-01-29 21:07:00+00:00,0.916130006313324,0.9161999821662903,0.9157099723815918,0.9161199927330017,14080.391814819623
2026-01-29 21:08:00+00:00,0.9161199927330017,0.9161499738693237,0.916100025177002,0.9161199927330017,11791.369073424079
2026-01-29 21:09:00+00:00,0.9161199927330017,0.9161400198936462,0.9157000184059143,0.9161400198936462,9971.293645596752
2026-01-29 21:10:00+00:00,0.9161199927330017,0.9161700010299683,0.9160599708557129,0.9161099791526794,10919.193128224564
2026-01-29 21:11:00+00:00,0.916100025177002,0.916130006313324,0.9156399965286255,0.9160599708557129,10065.550032878671
2026-01-29 21:12:00+00:00,0.9160599708557129,0.9161099791526794,0.9160500168800354,0.9160900115966797,7221.147721081994
2026-01-29 21:13:00+00:00,0.916100025177002,0.9161999821662903,0.9157099723815918,0.9161400198936462,7964.708914662848
2026-01-29 21:14:00+00:00,0.916130006313324,0.916159987449646,0.9159899950027466,0.9159899950027466,9670.840195948702
2026-01-29 21:15:00+00:00,0.9159899950027466,0.916100025177002,0.9156000018119812,0.9160599708557129,8808.067429204959
2026-01-29 21:16:00+00:00,0.9160599708557129,0.9160599708557129,0.91593998670578,0.9159600138664246,9544.035992652143
2026-01-29 21:17:00+00:00,0.91593998670578,0.9160000085830688,0.9155700206756592,0.9159899950027466,6999.5569575651425
2026-01-29 21:18:00+00:00,0.9159899950027466,0.9160299897193909,0.9159799814224243,0.9160199761390686,2066.486842723244
2026-01-29 21:19:00+00:00,0.9160199761390686,0.916100025177002,0.9155200123786926,0.91593998670578,3959.2420037621882
2026-01-29 21:20:00+00:00,0.91593998670578,0.9159700274467468,0.915880024433136,0.9158999919891357,3739.0443268201543
2026-01-29 21:21:00+00:00,0.9158999919891357,0.9159299731254578,0.9154099822044373,0.9158200025558472,3662.1677854672594
2026-01-29 21:22:00+00:00,0.9157900214195251,0.9158400297164917,0.9157000184059143,0.9157699942588806,5879.172080030796
2026-01-29 21:23:00+00:00,0.9157500267028809,0.9158300161361694,0.915369987487793,0.9157699942588806,6630.838625037295
2026-01-29 21:24:00+00:00,0.9157699942588806,0.9158999919891357,0.9157599806785583,0.9157800078392029,6528.047951310182
2026-01-29 21:25:00+00:00,0.9157800078392029,0.9157999753952026,0.9152399897575378,0.915690004825592,7263.813657854025
2026-01-29 21:26:00+00:00,0.9156500101089478,0.9157999753952026,0.9156500101089478,0.9157599806785583,11391.824600454029
2026-01-29 21:27:00+00:00,0.9157599806785583,0.9157999753952026,0.9152699708938599,0.9157199859619141,10657.137746205583
2026-01-29 21:28:00+00:00,0.9157099723815918,0.9157999753952026,0.9156000018119812,0.9156000018119812,9417.743526011085
2026-01-29 21:29:00+00:00,0.9156000018119812,0.9156500101089478,0.9151700139045715,0.9156200289726257,12207.567291088457
2026-01-29 21:30:00+00:00,0.9155799746513367,0.9156100153923035,0.9154300093650818,0.9154999852180481,12699.463911470844
2026-01-29 21:31:00+00:00,0.9154899716377258,0.9155799746513367,0.9150699973106384,0.9155300259590149,14379.206386876913
2026-01-29 21:32:00+00:00,0.9155300259590149,0.9156000018119812,0.9153900146484375,0.9154800176620483,18247.392852434128
2026-01-29 21:33:00+00:00,0.9154300093650818,0.9155200123786926,0.9149500131607056,0.9154499769210815,18301.058963474417
2026-01-29 21:34:00+00:00,0.9154199957847595,0.9156200289726257,0.9153500199317932,0.915440022945404,14758.268530259811
2026-01-29 21:35:00+00:00,0.9154000282287598,0.9155300259590149,0.9149900078773499,0.9154099822044373,17827.49601062222
2026-01-29 21:36:00+00:00,0.9153800010681152,0.915440022945404,0.9153299927711487,0.9154099822044373,22371.838350978534
2026-01-29 21:37:00+00:00,0.9154099822044373,0.9154199957847595,0.914900004863739,0.9153599739074707,22904.662457114384
2026-01-29 21:38:00+00:00,0.9153299927711487,0.9154000282287598,0.9153000116348267,0.9153599739074707,19176.16766794076
2026-01-29 21:39:00+00:00,0.915369987487793,0.9154300093650818,0.914929986000061,0.9153800010681152,24349.882686167173
2026-01-29 21:40:00+00:00,0.9153500199317932,0.9154999852180481,0.9153500199317932,0.9154300093650818,20058.624060865644
2026-01-29 21:41:00+00:00,0.9154300093650818,0.9154999852180481,0.9149500131607056,0.9153900146484375,22183.505761689736
2026-01-29 21:42:00+00:00,0.9153800010681152,0.9154300093650818,0.9153000116348267,0.9153800010681152,19519.57694518705
2026-01-29 21:43:00+00:00,0.9154099822044373,0.9154300093650818,0.9147999882698059,0.9152200222015381,21540.87674595183
2026-01-29 21:44:00+00:00,0.9151899814605713,0.9153000116348267,0.9151399731636047,0.9151800274848938,20186.001159074996
2026-01-29 21:45:00+00:00,0.9151700139045715,0.9153000116348267,0.9147599935531616,0.9152100086212158,20013.93695593561
2026-01-29 21:46:00+00:00,0.9152100086212158,0.9152699708938599,0.915149986743927,0.9151800274848938,17582.94602452637
2026-01-29 21:47:00+00:00,0.9151600003242493,0.9153299927711487,0.9148300290107727,0.9152299761772156,21236.894056737303
2026-01-29 21:48:00+00:00,0.9152200222015381,0.9152899980545044,0.9150699973106384,0.9150999784469604,17899.68027187162
2026-01-29 21:49:00+00:00,0.9151099920272827,0.9152799844741821,0.9147899746894836,0.9151800274848938,15628.461936649335
2026-01-29 21:50:00+00:00,0.915149986743927,0.9151899814605713,0.9146400094032288,0.9147300124168396,25466.755097174762
2026-01-29 21:51:00+00:00,0.9147300124168396,0.9150000214576721,0.9144700169563293,0.914900004863739,27663.147469285726
2026-01-29 21:52:00+00:00,0.914870023727417,0.914929986000061,0.9145100116729736,0.9146299958229065,32492.514128775667
2026-01-29 21:53:00+00:00,0.9145900011062622,0.9148399829864502,0.9143700003623962,0.9147999882698059,33786.91370305816
2026-01-29 21:54:00+00:00,0.9147899746894836,0.9150800108909607,0.9147899746894836,0.9149100184440613,33360.748939794765
2026-01-29 21:55:00+00:00,0.9148799777030945,0.9149100184440613,0.9142000079154968,0.9146599769592285,36263.33893177041
2026-01-29 21:56:00+00:00,0.9145399928092957,0.9149100184440613,0.9145399928092957,0.9148899912834167,47287.02314966363
2026-01-29 21:57:00+00:00,0.9149100184440613,0.9150000214576721,0.9144899845123291,0.9147599935531616,44186.873194171036
2026-01-29 21:58:00+00:00,0.9149399995803833,0.9150000214576721,0.9144499897956848,0.914870023727417,51934.60315877451
2026-01-29 21:59:00+00:00,0.9146900177001953,0.9157400131225586,0.9135400056838989,0.9157299995422363,98448.26140916768
2026-01-29 22:00:00+00:00,0.9148200154304504,0.9155600070953369,0.9147800207138062,0.9147800207138062,100000.0
2026-01-29 22:01:00+00:00,0.9149699807167053,0.9150199890136719,0.9147800207138062,0.9147800207138062,100000.0
2026-01-29 22:02:00+00:00,0.9150599837303162,0.915149986743927,0.9147800207138062,0.9150000214576721,100000.0
2026-01-29 22:03:00+00:00,0.9149900078773499,0.9160299897193909,0.9147800207138062,0.9160299897193909,99909.76029833223
2026-01-29 22:05:00+00:00,0.914650022983551,0.9150999784469604,0.9146100282669067,0.9146100282669067,99296.1536315097
2026-01-29 22:06:00+00:00,0.9146100282669067,0.9147700071334839,0.9145500063896179,0.9147300124168396,100000.0
2026-01-29 22:07:00+00:00,0.9147499799728394,0.9159200191497803,0.914680004119873,0.9147999882698059,83459.21521190407
2026-01-29 22:08:00+00:00,0.9147999882698059,0.9147999882698059,0.9147300124168396,0.9147700071334839,92987.5932306607
2026-01-29 22:09:00+00:00,0.9147800207138062,0.9150599837303162,0.9147599935531616,0.9147800207138062,97377.95436849825
2026-01-29 22:10:00+00:00,0.9147499799728394,0.9148100018501282,0.9146900177001953,0.9146900177001953,96201.51819510295
2026-01-29 22:11:00+00:00,0.9147899746894836,0.9148399829864502,0.9146100282669067,0.9147400259971619,79917.58963726714
2026-01-29 22:12:00+00:00,0.9147599935531616,0.9148100018501282,0.9147199988365173,0.9148100018501282,100000.0
2026-01-29 22:13:00+00:00,0.9147899746894836,0.9150000214576721,0.9146900177001953,0.9147999882698059,99652.93594928694
2026-01-29 22:14:00+00:00,0.9148100018501282,0.9148399829864502,0.9147700071334839,0.9148100018501282,65029.38779777478
2026-01-29 22:15:00+00:00,0.9148100018501282,0.9149100184440613,0.9147300124168396,0.9147899746894836,47458.153474955296
2026-01-29 22:16:00+00:00,0.9148100018501282,0.9148499965667725,0.9146699905395508,0.9148100018501282,47741.075050670726
2026-01-29 22:17:00+00:00,0.9148200154304504,0.9150800108909607,0.914650022983551,0.9147800207138062,35935.26835674796
2026-01-29 22:18:00+00:00,0.9148499965667725,0.9150599837303162,0.9147199988365173,0.9148200154304504,30682.46872727056
2026-01-29 22:19:00+00:00,0.9148100018501282,0.9150699973106384,0.9146699905395508,0.9147499799728394,5411.940669148322
2026-01-29 22:20:00+00:00,0.9149500131607056,0.9150300025939941,0.914650022983551,0.9149199724197388,7178.708946290334
2026-01-29 22:21:00+00:00,0.9148300290107727,0.9151700139045715,0.9146999716758728,0.9150099754333496,1094.0260251220764
2026-01-29 22:22:00+00:00,0.9148399829864502,0.9151399731636047,0.9147499799728394,0.9147700071334839,1000.0
2026-01-29 22:23:00+00:00,0.9150800108909607,0.9151099920272827,0.9147499799728394,0.9148499965667725,1000.0
2026-01-29 22:24:00+00:00,0.9148100018501282,0.914900004863739,0.914650022983551,0.9147400259971619,3950.330800467484
2026-01-29 22:25:00+00:00,0.9148499965667725,0.9149199724197388,0.9147199988365173,0.914900004863739,2814.306265486885
2026-01-29 22:26:00+00:00,0.914900004863739,0.914929986000061,0.9147400259971619,0.9147800207138062,5464.087211771769
2026-01-29 22:27:00+00:00,0.9149500131607056,0.9150199890136719,0.9146699905395508,0.9148399829864502,7088.907082652584
2026-01-29 22:28:00+00:00,0.9148499965667725,0.9149500131607056,0.9146000146865845,0.9148200154304504,10462.424908568446
2026-01-29 22:29:00+00:00,0.9147999882698059,0.9148300290107727,0.9144700169563293,0.914680004119873,14272.008542116466
2026-01-29 22:30:00+00:00,0.9145799875259399,0.9148499965667725,0.9144300222396851,0.9146999716758728,19674.541438194377
2026-01-29 22:31:00+00:00,0.9144999980926514,0.9146999716758728,0.9143099784851074,0.9145600199699402,16459.863133444822
2026-01-29 22:32:00+00:00,0.9144799709320068,0.9147400259971619,0.9144499897956848,0.9144700169563293,17585.0146388724
2026-01-29 22:33:00+00:00,0.9144700169563293,0.9146900177001953,0.9142299890518188,0.9145100116729736,23138.588045225493
2026-01-29 22:34:00+00:00,0.9145100116729736,0.9150000214576721,0.9145100116729736,0.9148499965667725,20321.604650895126
2026-01-29 22:35:00+00:00,0.914870023727417,0.9150300025939941,0.9146400094032288,0.9147199988365173,21640.51812913158
2026-01-29 22:36:00+00:00,0.9146999716758728,0.9150000214576721,0.9146400094032288,0.9148600101470947,18103.5448819935
2026-01-29 22:37:00+00:00,0.9149199724197388,0.9150000214576721,0.9147499799728394,0.914929986000061,19930.62584140966
2026-01-29 22:38:00+00:00,0.9149199724197388,0.9150000214576721,0.9148300290107727,0.9149500131607056,15663.261531025664
2026-01-29 22:39:00+00:00,0.9149399995803833,0.9150099754333496,0.9147400259971619,0.9149500131607056,15969.395100411415
2026-01-29 22:40:00+00:00,0.9149699807167053,0.9150400161743164,0.9148300290107727,0.9149600267410278,18126.578178326614
2026-01-29 22:41:00+00:00,0.9149699807167053,0.915090024471283,0.9146599769592285,0.9148300290107727,20168.658950841174
2026-01-29 22:42:00+00:00,0.9148300290107727,0.9150000214576721,0.9146999716758728,0.9148399829864502,22764.308657622154
2026-01-29 22:43:00+00:00,0.9148200154304504,0.9150000214576721,0.9147300124168396,0.914870023727417,15053.929321404263
2026-01-29 22:44:00+00:00,0.9148300290107727,0.9150000214576721,0.9147899746894836,0.9148399829864502,10480.984540422904
2026-01-29 22:45:00+00:00,0.9148100018501282,0.9149100184440613,0.9147599935531616,0.914870023727417,6252.628917073465
2026-01-29 22:46:00+00:00,0.9148399829864502,0.9150000214576721,0.9147199988365173,0.9149199724197388,5636.913595774051
2026-01-29 22:47:00+00:00,0.914870023727417,0.9150000214576721,0.9147400259971619,0.9147400259971619,3265.587047377565
2026-01-29 22:48:00+00:00,0.9148799777030945,0.9150099754333496,0.9147599935531616,0.9149399995803833,1000.0
2026-01-29 22:49:00+00:00,0.9149699807167053,0.9153000116348267,0.9147800207138062,0.9148300290107727,1037.0910293507404
2026-01-29 22:50:00+00:00,0.9150000214576721,0.9153000116348267,0.9147999882698059,0.9149199724197388,3375.7389623141207
2026-01-29 22:51:00+00:00,0.9150000214576721,0.9153000116348267,0.9148200154304504,0.9148200154304504,10212.719826791137
2026-01-29 22:52:00+00:00,0.9148300290107727,0.9153000116348267,0.9148200154304504,0.9150999784469604,16256.49873705183
2026-01-29 22:53:00+00:00,0.9148499965667725,0.9150999784469604,0.9148300290107727,0.9148399829864502,15950.17971698638
2026-01-29 22:54:00+00:00,0.9149500131607056,0.9150999784469604,0.9148200154304504,0.9149500131607056,19532.993168655295
2026-01-29 22:55:00+00:00,0.9149600267410278,0.9150999784469604,0.9147599935531616,0.9148399829864502,15988.437551301458
2026-01-29 22:56:00+00:00,0.9148899912834167,0.914900004863739,0.9147999882698059,0.9148899912834167,10319.986936075096
2026-01-29 22:57:00+00:00,0.9148200154304504,0.9149699807167053,0.914680004119873,0.914680004119873,10377.195818566697
2026-01-29 22:58:00+00:00,0.9148300290107727,0.9151099920272827,0.9147499799728394,0.9149900078773499,16553.23369309215
2026-01-29 22:59:00+00:00,0.9150000214576721,0.9151300191879272,0.914680004119873,0.915090024471283,24332.88023653335
2026-01-29 23:00:00+00:00,0.9150800108909607,0.9151300191879272,0.9145399928092957,0.9148600101470947,28587.527763788363
2026-01-29 23:01:00+00:00,0.9148600101470947,0.9150199890136719,0.9145299792289734,0.9146900177001953,31595.690515019844
2026-01-29 23:02:00+00:00,0.9146900177001953,0.9150400161743164,0.9146900177001953,0.9149500131607056,37351.32752315469
2026-01-29 23:03:00+00:00,0.9147700071334839,0.9150999784469604,0.9145799875259399,0.9148600101470947,33472.08775391787
2026-01-29 23:04:00+00:00,0.9149799942970276,0.9150999784469604,0.9147899746894836,0.9148499965667725,29277.955250113384
2026-01-29 23:05:00+00:00,0.9147899746894836,0.9150400161743164,0.9146299958229065,0.9148499965667725,29498.241889886176
2026-01-29 23:06:00+00:00,0.9148499965667725,0.9150999784469604,0.9147599935531616,0.9149500131607056,31514.982575669976
2026-01-29 23:07:00+00:00,0.9148100018501282,0.9151399731636047,0.914650022983551,0.914870023727417,29097.131338137006
2026-01-29 23:08:00+00:00,0.914870023727417,0.9151099920272827,0.9148300290107727,0.914870023727417,26103.42057822206
2026-01-29 23:09:00+00:00,0.914870023727417,0.9151399731636047,0.9146299958229065,0.9150099754333496,33157.84872237654
2026-01-29 23:10:00+00:00,0.9150699973106384,0.9153100252151489,0.914870023727417,0.914900004863739,40796.88332032517
2026-01-29 23:11:00+00:00,0.914900004863739,0.9151800274848938,0.9146900177001953,0.9150300025939941,45371.48080286102
2026-01-29 23:12:00+00:00,0.9150300025939941,0.9150999784469604,0.9150000214576721,0.915090024471283,41899.48982942216
2026-01-29 23:13:00+00:00,0.9150099754333496,0.9150999784469604,0.9146299958229065,0.9150999784469604,31727.203108110498
2026-01-29 23:14:00+00:00,0.9149799942970276,0.9150999784469604,0.9149399995803833,0.9150400161743164,27155.340291983575
2026-01-29 23:15:00+00:00,0.9149600267410278,0.915090024471283,0.9145900011062622,0.9149600267410278,24677.422637386044
2026-01-29 23:16:00+00:00,0.9149600267410278,0.9151099920272827,0.9149500131607056,0.9150000214576721,18788.59538892378
2026-01-29 23:17:00+00:00,0.9150000214576721,0.9150300025939941,0.9144899845123291,0.9148600101470947,27371.648553056875
2026-01-29 23:18:00+00:00,0.9148600101470947,0.9150199890136719,0.9147099852561951,0.9148399829864502,31194.39949136205
2026-01-29 23:19:00+00:00,0.9147199988365173,0.9148499965667725,0.9143000245094299,0.9146599769592285,23134.594822318246
2026-01-29 23:20:00+00:00,0.9146599769592285,0.9147199988365173,0.9145900011062622,0.9147199988365173,24206.199434508013
2026-01-29 23:21:00+00:00,0.9147099852561951,0.9148399829864502,0.9142400026321411,0.9147199988365173,29211.467126005355
2026-01-29 23:22:00+00:00,0.9146599769592285,0.9147700071334839,0.9146599769592285,0.9147599935531616,25466.153074432175
2026-01-29 23:23:00+00:00,0.9147099852561951,0.9147499799728394,0.9142400026321411,0.9146699905395508,25030.01386838463
2026-01-29 23:24:00+00:00,0.9146699905395508,0.9147999882698059,0.9146699905395508,0.9147499799728394,18586.992975300902
2026-01-29 23:25:00+00:00,0.9146999716758728,0.9147999882698059,0.9143099784851074,0.9147499799728394,21712.774217876915
2026-01-29 23:26:00+00:00,0.9147599935531616,0.9147999882698059,0.9143999814987183,0.9144300222396851,23295.166639182433
2026-01-29 23:27:00+00:00,0.9144099950790405,0.9145699739456177,0.9140999913215637,0.9145500063896179,26822.993089123614
2026-01-29 23:28:00+00:00,0.9145500063896179,0.9147300124168396,0.9144600033760071,0.9147300124168396,28074.552930884656
2026-01-29 23:29:00+00:00,0.9146999716758728,0.9148300290107727,0.9143900275230408,0.9147800207138062,28507.847291954586
2026-01-29 23:30:00+00:00,0.9148200154304504,0.914900004863739,0.9146400094032288,0.9146400094032288,29390.762580174494
2026-01-29 23:31:00+00:00,0.9147400259971619,0.9148200154304504,0.9143700003623962,0.9147099852561951,26902.907599044316
2026-01-29 23:32:00+00:00,0.9147800207138062,0.9148600101470947,0.9146299958229065,0.9146999716758728,24675.27174986399
2026-01-29 23:33:00+00:00,0.9146699905395508,0.9147300124168396,0.9142799973487854,0.914680004119873,21999.877557282107
2026-01-29 23:34:00+00:00,0.914680004119873,0.9147499799728394,0.9146299958229065,0.914680004119873,20407.2504231089
2026-01-29 23:35:00+00:00,0.914680004119873,0.9147199988365173,0.9140499830245972,0.9144999980926514,22082.363194445603
2026-01-29 23:36:00+00:00,0.9144600033760071,0.9145799875259399,0.9144200086593628,0.9145799875259399,20967.736226111592
2026-01-29 23:37:00+00:00,0.9145100116729736,0.9147199988365173,0.9141899943351746,0.9145900011062622,25082.123164249162
2026-01-29 23:38:00+00:00,0.9146100282669067,0.9146299958229065,0.9144499897956848,0.9145200252532959,22256.89445835501
2026-01-29 23:39:00+00:00,0.9144799709320068,0.9146000146865845,0.9140899777412415,0.9145100116729736,25702.308346441398
2026-01-29 23:40:00+00:00,0.9144999980926514,0.9145500063896179,0.9144499897956848,0.9144999980926514,13465.519681754828
2026-01-29 23:41:00+00:00,0.9144999980926514,0.9145600199699402,0.9141299724578857,0.9144999980926514,19545.860773409935
2026-01-29 23:42:00+00:00,0.9145299792289734,0.9146100282669067,0.9144899845123291,0.9146000146865845,17074.520660575457
2026-01-29 23:43:00+00:00,0.9145600199699402,0.9146999716758728,0.9142400026321411,0.9146299958229065,14047.026683952137
2026-01-29 23:44:00+00:00,0.9146400094032288,0.9146999716758728,0.9146199822425842,0.9146599769592285,11981.125293369216
2026-01-29 23:45:00+00:00,0.914680004119873,0.9147199988365173,0.9142400026321411,0.914680004119873,10900.531953278505
2026-01-29 23:46:00+00:00,0.9147099852561951,0.9147999882698059,0.914680004119873,0.9147899746894836,10882.914765131181
2026-01-29 23:47:00+00:00,0.9147800207138062,0.9148200154304504,0.914330005645752,0.9147499799728394,10805.58028005281
2026-01-29 23:48:00+00:00,0.9147499799728394,0.9147999882698059,0.9147099852561951,0.9147499799728394,9678.9691896558
2026-01-29 23:49:00+00:00,0.9147400259971619,0.9148100018501282,0.914330005645752,0.9147499799728394,6705.724181643196
2026-01-29 23:50:00+00:00,0.9147400259971619,0.9148100018501282,0.9147300124168396,0.9147899746894836,5232.201348354736
2026-01-29 23:51:00+00:00,0.9147999882698059,0.9148200154304504,0.9141700267791748,0.9145600199699402,7558.9412407451455
2026-01-29 23:52:00+00:00,0.9145399928092957,0.9146000146865845,0.9144999980926514,0.9145299792289734,5766.513513338406
2026-01-29 23:53:00+00:00,0.9145299792289734,0.9146000146865845,0.9140999913215637,0.9145299792289734,5308.580435321586
2026-01-29 23:54:00+00:00,0.9145200252532959,0.9147099852561951,0.9144999980926514,0.9146900177001953,7248.781886744066
2026-01-29 23:55:00+00:00,0.9146599769592285,0.9147999882698059,0.9142299890518188,0.914650022983551,9613.056759369665
2026-01-29 23:56:00+00:00,0.914650022983551,0.9147999882698059,0.914650022983551,0.9146999716758728,10793.699879526355
2026-01-29 23:57:00+00:00,0.9147300124168396,0.9147300124168396,0.9142799973487854,0.9146999716758728,10820.412552383596
2026-01-29 23:58:00+00:00,0.9146900177001953,0.9147999882698059,0.9146400094032288,0.914680004119873,13444.01133623564
2026-01-30 00:00:00+00:00,0.9147300124168396,0.9148300290107727,0.9147199988365173,0.9147300124168396,7003.2796554773295
2026-01-30 00:01:00+00:00,0.9147300124168396,0.9148100018501282,0.9142600297927856,0.9147099852561951,15797.805235163662
2026-01-30 00:02:00+00:00,0.9146699905395508,0.9147999882698059,0.9146599769592285,0.9147099852561951,7742.3706029136665
2026-01-30 00:03:00+00:00,0.9147099852561951,0.9147800207138062,0.9142000079154968,0.9146199822425842,20394.311293282484
2026-01-30 00:04:00+00:00,0.9146199822425842,0.9147400259971619,0.9146100282669067,0.9146599769592285,11989.456599274308
2026-01-30 00:05:00+00:00,0.914650022983551,0.9147099852561951,0.9141799807548523,0.9146299958229065,18217.524299485074
2026-01-30 00:06:00+00:00,0.9146000146865845,0.9146400094032288,0.9145600199699402,0.9145799875259399,7836.697219041957
2026-01-30 00:07:00+00:00,0.9145900011062622,0.9146999716758728,0.9142100214958191,0.9146000146865845,19638.933581007288
2026-01-30 00:08:00+00:00,0.9146000146865845,0.9146999716758728,0.9145600199699402,0.9146199822425842,9373.801737036725
2026-01-30 00:09:00+00:00,0.9145699739456177,0.9146299958229065,0.9141200184822083,0.9145500063896179,16470.240596361862
2026-01-30 00:10:00+00:00,0.9145500063896179,0.9146299958229065,0.9144999980926514,0.9145500063896179,6433.66862795978
2026-01-30 00:11:00+00:00,0.9144999980926514,0.9146199822425842,0.9141700267791748,0.9145699739456177,14778.477997299553
2026-01-30 00:12:00+00:00,0.9145600199699402,0.9146400094032288,0.9144700169563293,0.9145200252532959,6981.892672863158
2026-01-30 00:13:00+00:00,0.9144999980926514,0.9146999716758728,0.9141600131988525,0.9146199822425842,13110.170604327082
2026-01-30 00:14:00+00:00,0.9145699739456177,0.9146999716758728,0.9145500063896179,0.9146100282669067,17073.22966450113
2026-01-30 00:15:00+00:00,0.9146100282669067,0.9147999882698059,0.9143199920654297,0.9147300124168396,13890.459193182069
2026-01-30 00:16:00+00:00,0.9146900177001953,0.9148300290107727,0.9146900177001953,0.9147700071334839,12633.709767347167
2026-01-30 00:17:00+00:00,0.9147700071334839,0.9148499965667725,0.914330005645752,0.9147400259971619,9452.505564903162
2026-01-30 00:18:00+00:00,0.9147899746894836,0.9149399995803833,0.9147400259971619,0.9148799777030945,12062.853054176958
2026-01-30 00:19:00+00:00,0.9148799777030945,0.914929986000061,0.9144700169563293,0.9148799777030945,11151.081009306507
2026-01-30 00:20:00+00:00,0.9148799777030945,0.9149500131607056,0.9148200154304504,0.9148899912834167,15285.03240145631
2026-01-30 00:21:00+00:00,0.914900004863739,0.9150300025939941,0.9145600199699402,0.9149699807167053,13079.646614876163
2026-01-30 00:22:00+00:00,0.914929986000061,0.9150300025939941,0.914680004119873,0.9148499965667725,16398.332665233524
2026-01-30 00:23:00+00:00,0.9148200154304504,0.9149699807167053,0.9144600033760071,0.9148600101470947,15508.736998689119
2026-01-30 00:24:00+00:00,0.9148600101470947,0.9149699807167053,0.9146000146865845,0.9147400259971619,23457.46087557019
2026-01-30 00:25:00+00:00,0.9147499799728394,0.914870023727417,0.9142799973487854,0.9146599769592285,22825.804667627664
2026-01-30 00:26:00+00:00,0.9147199988365173,0.9148300290107727,0.9146599769592285,0.9147999882698059,21655.15038408673
2026-01-30 00:27:00+00:00,0.9148399829864502,0.9148499965667725,0.9143499732017517,0.9147899746894836,25567.41530183421
2026-01-30 00:28:00+00:00,0.9147400259971619,0.914900004863739,0.9147199988365173,0.9147899746894836,21471.48340297686
2026-01-30 00:29:00+00:00,0.9147700071334839,0.914900004863739,0.9144300222396851,0.9148899912834167,22512.348735455005
2026-01-30 00:30:00+00:00,0.9148600101470947,0.9150099754333496,0.9147700071334839,0.9148300290107727,25220.178842323174
2026-01-30 00:31:00+00:00,0.9148300290107727,0.9150599837303162,0.9145600199699402,0.9150599837303162,24954.075846035972
2026-01-30 00:32:00+00:00,0.9150500297546387,0.9150999784469604,0.914900004863739,0.9150500297546387,25433.061807689865
2026-01-30 00:33:00+00:00,0.9150500297546387,0.9151399731636047,0.9145799875259399,0.9150199890136719,28789.384494524234
2026-01-30 00:34:00+00:00,0.9149900078773499,0.9150300025939941,0.9148100018501282,0.9148200154304504,27765.191868778515
2026-01-30 00:35:00+00:00,0.9148799777030945,0.9150000214576721,0.9144899845123291,0.914929986000061,32658.730024774948
2026-01-30 00:36:00+00:00,0.9149699807167053,0.9150300025939941,0.914900004863739,0.9149900078773499,24995.031653510967
2026-01-30 00:37:00+00:00,0.9149900078773499,0.9150999784469604,0.9145699739456177,0.9150300025939941,23398.120463345847
2026-01-30 00:38:00+00:00,0.9149799942970276,0.9151300191879272,0.9149600267410278,0.9150599837303162,23024.7285041019
2026-01-30 00:39:00+00:00,0.915090024471283,0.9151999950408936,0.9147199988365173,0.9151399731636047,19227.347834963093
2026-01-30 00:40:00+00:00,0.9151700139045715,0.9152500033378601,0.9150800108909607,0.9151399731636047,19984.675899602487
2026-01-30 00:41:00+00:00,0.9151099920272827,0.9151999950408936,0.9146900177001953,0.9150999784469604,19844.94973171143
2026-01-30 00:42:00+00:00,0.9150999784469604,0.9151999950408936,0.9149799942970276,0.9151300191879272,22483.47161361065
2026-01-30 00:43:00+00:00,0.9151300191879272,0.9151899814605713,0.9146400094032288,0.9150400161743164,25322.524707853914
2026-01-30 00:44:00+00:00,0.9149799942970276,0.9150999784469604,0.914870023727417,0.9150300025939941,24602.077210517335
2026-01-30 00:45:00+00:00,0.9150300025939941,0.9150999784469604,0.9146000146865845,0.9150500297546387,21796.96367956634
2026-01-30 00:46:00+00:00,0.9149699807167053,0.9152100086212158,0.9149500131607056,0.9151700139045715,24077.690584950913
2026-01-30 00:47:00+00:00,0.9151099920272827,0.9153199791908264,0.9147700071334839,0.9152600169181824,21695.102619805457
2026-01-30 00:48:00+00:00,0.9151899814605713,0.9154000282287598,0.9151800274848938,0.9152899980545044,19338.77420161319
2026-01-30 00:49:00+00:00,0.9152399897575378,0.9154000282287598,0.9148600101470947,0.9152899980545044,23110.32474634114
2026-01-30 00:50:00+00:00,0.9152899980545044,0.9154000282287598,0.9152399897575378,0.9153199791908264,28932.050004510143
2026-01-30 00:51:00+00:00,0.9153900146484375,0.9154199957847595,0.914900004863739,0.9154000282287598,25542.051208752648
2026-01-30 00:52:00+00:00,0.915369987487793,0.9154999852180481,0.9152699708938599,0.915340006351471,30992.10075493942
2026-01-30 00:53:00+00:00,0.9152799844741821,0.9154199957847595,0.9148899912834167,0.915369987487793,23579.629686269993
2026-01-30 00:54:00+00:00,0.9153599739074707,0.9154000282287598,0.915120005607605,0.9151399731636047,26291.999808166012
2026-01-30 00:55:00+00:00,0.9151600003242493,0.9153000116348267,0.9147599935531616,0.9151899814605713,25455.134001931307
2026-01-30 00:56:00+00:00,0.9152200222015381,0.9153000116348267,0.915149986743927,0.9151899814605713,27680.717458437168
2026-01-30 00:57:00+00:00,0.9151899814605713,0.915369987487793,0.914870023727417,0.9153100252151489,22832.904914675895
2026-01-30 00:58:00+00:00,0.9153100252151489,0.9153800010681152,0.9152200222015381,0.9152399897575378,29455.37873610783
2026-01-30 00:59:00+00:00,0.9152399897575378,0.9154000282287598,0.914870023727417,0.9152899980545044,21861.884640122713
2026-01-30 01:00:00+00:00,0.9152899980545044,0.9154199957847595,0.9152500033378601,0.9153800010681152,26040.275559146277
2026-01-30 01:01:00+00:00,0.9153900146484375,0.9154300093650818,0.9147999882698059,0.9152699708938599,27074.599514610054
2026-01-30 01:02:00+00:00,0.9152699708938599,0.9154999852180481,0.9152299761772156,0.9152899980545044,27603.443090590576
2026-01-30 01:03:00+00:00,0.9152500033378601,0.9154300093650818,0.9149399995803833,0.9153599739074707,26514.887787159932
2026-01-30 01:04:00+00:00,0.9154099822044373,0.9154999852180481,0.9153100252151489,0.9153199791908264,26037.63955379559
2026-01-30 01:05:00+00:00,0.9153299927711487,0.9154199957847595,0.9147599935531616,0.9151800274848938,31364.566694135527
2026-01-30 01:06:00+00:00,0.9151800274848938,0.9154999852180481,0.9151700139045715,0.9153800010681152,32847.964179704846
2026-01-30 01:07:00+00:00,0.9153299927711487,0.9154999852180481,0.9150199890136719,0.9153599739074707,32866.527423885316
2026-01-30 01:08:00+00:00,0.915440022945404,0.9155300259590149,0.915340006351471,0.9153599739074707,26898.153695894547
2026-01-30 01:09:00+00:00,0.9154199957847595,0.9156100153923035,0.9151300191879272,0.9154999852180481,26520.867720128597
2026-01-30 01:10:00+00:00,0.9154999852180481,0.9156200289726257,0.9154300093650818,0.9155300259590149,23294.157443894215
2026-01-30 01:11:00+00:00,0.9155899882316589,0.9157900214195251,0.9152600169181824,0.9157199859619141,27253.9512326882
2026-01-30 01:12:00+00:00,0.9157000184059143,0.9157999753952026,0.9156200289726257,0.9157199859619141,31644.716658717676
2026-01-30 01:13:00+00:00,0.9156399965286255,0.9157999753952026,0.9152699708938599,0.9157299995422363,28750.151407558784
2026-01-30 01:14:00+00:00,0.9157299995422363,0.9157999753952026,0.9155399799346924,0.9155799746513367,32070.763100905693
2026-01-30 01:15:00+00:00,0.9155799746513367,0.9158599972724915,0.9154000282287598,0.9157699942588806,29216.596225638932
2026-01-30 01:16:00+00:00,0.9157699942588806,0.9158700108528137,0.91566002368927,0.9157199859619141,29819.79620906649
2026-01-30 01:17:00+00:00,0.9157199859619141,0.9158499836921692,0.9153900146484375,0.9157800078392029,24513.757365464688
2026-01-30 01:18:00+00:00,0.9158099889755249,0.9158099889755249,0.9156399965286255,0.9156500101089478,22406.040520847357
2026-01-30 01:19:00+00:00,0.9156500101089478,0.9157599806785583,0.9152100086212158,0.915690004825592,21772.742454819414
2026-01-30 01:20:00+00:00,0.9157500267028809,0.9157800078392029,0.9156200289726257,0.9156799912452698,21093.84269331272
2026-01-30 01:21:00+00:00,0.9156799912452698,0.9158099889755249,0.9152399897575378,0.9157299995422363,21023.62858564857
2026-01-30 01:22:00+00:00,0.9157199859619141,0.9157500267028809,0.9154999852180481,0.9155200123786926,24780.632509298077
2026-01-30 01:23:00+00:00,0.9155700206756592,0.9156299829483032,0.9150800108909607,0.9155099987983704,20547.248387661373
2026-01-30 01:24:00+00:00,0.9154599905014038,0.9157099723815918,0.9154000282287598,0.9156200289726257,23184.95338473005
2026-01-30 01:25:00+00:00,0.9156200289726257,0.9157500267028809,0.9152600169181824,0.9156500101089478,20945.308395442837
2026-01-30 01:26:00+00:00,0.91566002368927,0.9157500267028809,0.9156200289726257,0.9156399965286255,27778.734209519283
2026-01-30 01:27:00+00:00,0.9156399965286255,0.9157000184059143,0.9151700139045715,0.9156000018119812,23330.659171763727
2026-01-30 01:28:00+00:00,0.9156000018119812,0.9157999753952026,0.9155899882316589,0.9157099723815918,24119.152869282058
2026-01-30 01:29:00+00:00,0.9157400131225586,0.9157599806785583,0.9151899814605713,0.9156299829483032,29075.310422673665
2026-01-30 01:30:00+00:00,0.9155799746513367,0.9157000184059143,0.9154700040817261,0.9155200123786926,28354.3134006256
2026-01-30 01:31:00+00:00,0.9155700206756592,0.9156399965286255,0.9149500131607056,0.9154300093650818,24502.290218957925
2026-01-30 01:32:00+00:00,0.9154199957847595,0.9154899716377258,0.9153100252151489,0.9153500199317932,32566.88656335017
2026-01-30 01:33:00+00:00,0.9154099822044373,0.9154599905014038,0.9149500131607056,0.9153500199317932,32379.30571269439
2026-01-30 01:34:00+00:00,0.915340006351471,0.9154999852180481,0.915340006351471,0.9154300093650818,33417.11166082851
2026-01-30 01:35:00+00:00,0.915369987487793,0.9155300259590149,0.9150000214576721,0.9154199957847595,27804.34542211445
2026-01-30 01:36:00+00:00,0.9153599739074707,0.9155499935150146,0.9153500199317932,0.9154599905014038,27488.81858818919
2026-01-30 01:37:00+00:00,0.9155200123786926,0.9156200289726257,0.9150699973106384,0.9154800176620483,30988.321564714548
2026-01-30 01:38:00+00:00,0.9155399799346924,0.9156200289726257,0.915440022945404,0.9154999852180481,25761.855000858366
2026-01-30 01:39:00+00:00,0.9154899716377258,0.9156000018119812,0.9149699807167053,0.9154000282287598,29474.020090983908
2026-01-30 01:40:00+00:00,0.915340006351471,0.915440022945404,0.9152899980545044,0.9153000116348267,29614.34304821937
2026-01-30 01:41:00+00:00,0.9153000116348267,0.9154999852180481,0.9150000214576721,0.9154199957847595,29104.103583368247
2026-01-30 01:42:00+00:00,0.9153800010681152,0.9154999852180481,0.9153100252151489,0.9153199791908264,28438.600100576437
2026-01-30 01:43:00+00:00,0.9153199791908264,0.9154199957847595,0.914929986000061,0.9153500199317932,23676.43559649165
2026-01-30 01:44:00+00:00,0.9153500199317932,0.9155200123786926,0.9152899980545044,0.9154000282287598,29890.154196182935
2026-01-30 01:45:00+00:00,0.9154000282287598,0.9155399799346924,0.914929986000061,0.9153100252151489,21634.158107490995
2026-01-30 01:46:00+00:00,0.9153800010681152,0.9153900146484375,0.9151999950408936,0.9152100086212158,24695.792380377123
2026-01-30 01:47:00+00:00,0.9152500033378601,0.9153000116348267,0.9148300290107727,0.9152600169181824,23049.542834728203
2026-01-30 01:48:00+00:00,0.9152600169181824,0.9156000018119812,0.9152600169181824,0.9154999852180481,33134.74900429113
2026-01-30 01:49:00+00:00,0.9155399799346924,0.9155499935150146,0.9150300025939941,0.9154300093650818,33311.78871966535
2026-01-30 01:50:00+00:00,0.9154300093650818,0.9156000018119812,0.9154099822044373,0.9155600070953369,28083.424785261992
2026-01-30 01:51:00+00:00,0.9155399799346924,0.9156000018119812,0.9150699973106384,0.9154800176620483,26558.960368073174
2026-01-30 01:52:00+00:00,0.9155099987983704,0.9156000018119812,0.9154700040817261,0.9155399799346924,30744.158965727325
2026-01-30 01:53:00+00:00,0.9155799746513367,0.91566002368927,0.9155300259590149,0.9156500101089478,15806.807957436191
2026-01-30 01:55:00+00:00,0.9158200025558472,0.9159600138664246,0.9153800010681152,0.9158700108528137,23475.101738304045
2026-01-30 01:56:00+00:00,0.9158700108528137,0.9159899950027466,0.9157900214195251,0.91593998670578,16756.59023419721
2026-01-30 01:57:00+00:00,0.9158899784088135,0.9159899950027466,0.9151800274848938,0.9156500101089478,29317.151170418678
2026-01-30 01:58:00+00:00,0.9156299829483032,0.9157000184059143,0.9154999852180481,0.9156299829483032,23923.447654171126
2026-01-30 01:59:00+00:00,0.9156699776649475,0.9157000184059143,0.9151800274848938,0.9155799746513367,30487.793839737642
2026-01-30 02:00:00+00:00,0.9155799746513367,0.9157400131225586,0.9155300259590149,0.9156000018119812,21649.682108981175
2026-01-30 02:01:00+00:00,0.9156000018119812,0.9157000184059143,0.9152299761772156,0.9155799746513367,35606.99193294545
2026-01-30 02:02:00+00:00,0.9155799746513367,0.9156100153923035,0.9153100252151489,0.9153199791908264,26290.199175460053
2026-01-30 02:03:00+00:00,0.9153199791908264,0.9154300093650818,0.914929986000061,0.9153199791908264,33931.745322524555
2026-01-30 02:04:00+00:00,0.9153299927711487,0.9154300093650818,0.9152899980545044,0.9154099822044373,19451.380384320382
2026-01-30 02:05:00+00:00,0.915369987487793,0.9154499769210815,0.9148600101470947,0.9153100252151489,32120.47228006898
2026-01-30 02:06:00+00:00,0.9153599739074707,0.9154999852180481,0.9152600169181824,0.9153800010681152,26207.282896154138
2026-01-30 02:07:00+00:00,0.9153800010681152,0.9157099723815918,0.9151600003242493,0.9156500101089478,26261.53054634914
2026-01-30 02:08:00+00:00,0.9156000018119812,0.91566002368927,0.9154300093650818,0.9154800176620483,35029.20996747036
2026-01-30 02:09:00+00:00,0.9154800176620483,0.9157000184059143,0.915149986743927,0.9155899882316589,37504.219167041556
2026-01-30 02:10:00+00:00,0.9156000018119812,0.9157000184059143,0.9155300259590149,0.9155300259590149,28946.16967937135
2026-01-30 02:11:00+00:00,0.9156000018119812,0.9158099889755249,0.9153000116348267,0.9157400131225586,23576.151097823204
2026-01-30 02:12:00+00:00,0.9157400131225586,0.9160199761390686,0.9157000184059143,0.9159600138664246,27012.934874847124
2026-01-30 02:13:00+00:00,0.91593998670578,0.9160599708557129,0.9155799746513367,0.9158200025558472,28957.63708903356
2026-01-30 02:14:00+00:00,0.9158200025558472,0.916100025177002,0.9158200025558472,0.9160100221633911,27875.514342326245
2026-01-30 02:15:00+00:00,0.9160299897193909,0.9160799980163574,0.9154000282287598,0.9158400297164917,31231.302051339677
2026-01-30 02:16:00+00:00,0.9158599972724915,0.91593998670578,0.9157699942588806,0.9157699942588806,21950.52708862528
2026-01-30 02:17:00+00:00,0.9158099889755249,0.9160799980163574,0.9156000018119812,0.9159600138664246,32432.13585856724
2026-01-30 02:18:00+00:00,0.9159600138664246,0.9160500168800354,0.9157299995422363,0.9159200191497803,25862.76352049612
2026-01-30 02:19:00+00:00,0.9159200191497803,0.9161199927330017,0.9156200289726257,0.9160400032997131,32468.46638639517
2026-01-30 02:20:00+00:00,0.9160500168800354,0.9160699844360352,0.9158400297164917,0.9160500168800354,27841.38993367889
2026-01-30 02:21:00+00:00,0.9160599708557129,0.9161700010299683,0.9154000282287598,0.9158899784088135,39823.76445180593
2026-01-30 02:22:00+00:00,0.9158999919891357,0.9160000085830688,0.9157800078392029,0.9158899784088135,39320.059169317145
2026-01-30 02:23:00+00:00,0.9158999919891357,0.91593998670578,0.9154099822044373,0.9158400297164917,38431.757957050264
2026-01-30 02:24:00+00:00,0.9157999753952026,0.9159500002861023,0.9157599806785583,0.9158200025558472,36445.330325120725
2026-01-30 02:25:00+00:00,0.9158700108528137,0.9160199761390686,0.9155300259590149,0.9159799814224243,37054.70457977339
2026-01-30 02:26:00+00:00,0.91593998670578,0.9160299897193909,0.9158499836921692,0.9158599972724915,32460.726575407345
2026-01-30 02:27:00+00:00,0.9158599972724915,0.9160000085830688,0.9154499769210815,0.9159799814224243,34703.17924999954
2026-01-30 02:28:00+00:00,0.9159700274467468,0.9160000085830688,0.9158200025558472,0.9159200191497803,31639.384635816736
2026-01-30 02:29:00+00:00,0.915880024433136,0.91593998670578,0.9153599739074707,0.9158599972724915,32601.208345209834
2026-01-30 02:30:00+00:00,0.9158499836921692,0.9158999919891357,0.9156699776649475,0.9157299995422363,31417.614519326245
2026-01-30 02:31:00+00:00,0.9157999753952026,0.9158499836921692,0.9153000116348267,0.9158099889755249,29957.20814532156
2026-01-30 02:32:00+00:00,0.9158099889755249,0.9158599972724915,0.9156000018119812,0.9156399965286255,30481.358241755817
2026-01-30 02:33:00+00:00,0.9156399965286255,0.9158999919891357,0.915369987487793,0.915690004825592,32991.93720570081
2026-01-30 02:34:00+00:00,0.9157199859619141,0.915910005569458,0.9157199859619141,0.9158499836921692,39037.868033509
2026-01-30 02:35:00+00:00,0.9157800078392029,0.9159700274467468,0.9154499769210815,0.915880024433136,26241.81151445823
2026-01-30 02:36:00+00:00,0.9159299731254578,0.9160100221633911,0.9158499836921692,0.9159500002861023,26020.3588530844
2026-01-30 02:37:00+00:00,0.9159700274467468,0.9160500168800354,0.9154899716377258,0.9158999919891357,26919.035246043433
2026-01-30 02:38:00+00:00,0.9158400297164917,0.9160000085830688,0.9157800078392029,0.9158200025558472,28629.718228600334
2026-01-30 02:39:00+00:00,0.9158200025558472,0.9160000085830688,0.9154800176620483,0.9158700108528137,30151.215960259866
2026-01-30 02:40:00+00:00,0.9158700108528137,0.9160199761390686,0.9158099889755249,0.9159899950027466,29226.159629295806
2026-01-30 02:41:00+00:00,0.9159899950027466,0.916100025177002,0.9155499935150146,0.91593998670578,29123.865568285906
2026-01-30 02:42:00+00:00,0.9159799814224243,0.9161099791526794,0.9158899784088135,0.9160699844360352,24705.798796198724
2026-01-30 02:43:00+00:00,0.9160199761390686,0.916130006313324,0.9156100153923035,0.9160599708557129,27967.256465103485
2026-01-30 02:44:00+00:00,0.9160599708557129,0.9161199927330017,0.9158899784088135,0.9160699844360352,29511.09720441382
2026-01-30 02:45:00+00:00,0.9161099791526794,0.916159987449646,0.9155899882316589,0.9160799980163574,29952.99454948521
2026-01-30 02:46:00+00:00,0.9160199761390686,0.916159987449646,0.9159799814224243,0.9159899950027466,26166.992475663585
2026-01-30 02:47:00+00:00,0.9160100221633911,0.9161099791526794,0.9156200289726257,0.9160400032997131,23246.469232668245
2026-01-30 02:48:00+00:00,0.9160400032997131,0.9161099791526794,0.9159600138664246,0.9160100221633911,27010.609851192683
2026-01-30 02:49:00+00:00,0.9160100221633911,0.9161499738693237,0.9156500101089478,0.9160599708557129,24693.49916904844
2026-01-30 02:50:00+00:00,0.9160699844360352,0.9162499904632568,0.9160400032997131,0.9162200093269348,26838.071186248893
2026-01-30 02:51:00+00:00,0.9161999821662903,0.9162600040435791,0.9157199859619141,0.916130006313324,23458.877800430422
2026-01-30 02:52:00+00:00,0.9161199927330017,0.9161999821662903,0.9160699844360352,0.9161099791526794,24188.17442749064
2026-01-30 02:53:00+00:00,0.9161099791526794,0.9162700176239014,0.9157900214195251,0.9162099957466125,24274.559245161126
2026-01-30 02:54:00+00:00,0.9162099957466125,0.9162700176239014,0.9160000085830688,0.9160199761390686,24996.203654250956
2026-01-30 02:55:00+00:00,0.9160400032997131,0.916159987449646,0.9156200289726257,0.9160199761390686,21751.477686303057
2026-01-30 02:56:00+00:00,0.9160199761390686,0.9161499738693237,0.9160000085830688,0.9160699844360352,19940.533249549106
2026-01-30 02:57:00+00:00,0.9160400032997131,0.916100025177002,0.9156399965286255,0.9160500168800354,17448.827453411413
2026-01-30 02:58:00+00:00,0.9160799980163574,0.916100025177002,0.9159700274467468,0.9159799814224243,18770.072917924605
2026-01-30 02:59:00+00:00,0.9159899950027466,0.916100025177002,0.9155200123786926,0.9159700274467468,21774.729429651146
2026-01-30 03:00:00+00:00,0.9159700274467468,0.916100025177002,0.9159200191497803,0.9159899950027466,15263.283244389995
2026-01-30 03:01:00+00:00,0.9159700274467468,0.916100025177002,0.9156500101089478,0.9160599708557129,17869.139855969883
2026-01-30 03:02:00+00:00,0.9160599708557129,0.9162099957466125,0.9160400032997131,0.9161800146102905,17360.192975906088
2026-01-30 03:03:00+00:00,0.9161199927330017,0.9161999821662903,0.91566002368927,0.9160900115966797,18356.24041874986
2026-01-30 03:04:00+00:00,0.9161199927330017,0.9161199927330017,0.9159899950027466,0.9160500168800354,16504.64112252198
2026-01-30 03:05:00+00:00,0.9160500168800354,0.9161999821662903,0.9156500101089478,0.9161199927330017,18424.975254961402
2026-01-30 03:06:00+00:00,0.9161199927330017,0.9161999821662903,0.9160699844360352,0.916100025177002,18850.839033217515
2026-01-30 03:07:00+00:00,0.9161199927330017,0.9161999821662903,0.915690004825592,0.9161400198936462,19856.8192752489
2026-01-30 03:08:00+00:00,0.916130006313324,0.9161999821662903,0.9161199927330017,0.9161499738693237,14674.590666034679
2026-01-30 03:09:00+00:00,0.9161499738693237,0.9161999821662903,0.9157400131225586,0.916159987449646,13706.034146740325
2026-01-30 03:10:00+00:00,0.9161499738693237,0.9162099957466125,0.9161099791526794,0.9161099791526794,12305.338644900488
2026-01-30 03:11:00+00:00,0.916130006313324,0.9162200093269348,0.9157699942588806,0.9161700010299683,11623.647940833405
2026-01-30 03:12:00+00:00,0.9161700010299683,0.9162200093269348,0.916159987449646,0.916159987449646,9563.278191598432
2026-01-30 03:13:00+00:00,0.916159987449646,0.9162399768829346,0.9157900214195251,0.9161900281906128,8772.319693032334
2026-01-30 03:14:00+00:00,0.9161900281906128,0.9162999987602234,0.9161900281906128,0.9161900281906128,7380.833975340935
2026-01-30 03:15:00+00:00,0.9161900281906128,0.9162300229072571,0.9157800078392029,0.9162099957466125,6115.054128531771
2026-01-30 03:16:00+00:00,0.9161999821662903,0.9162999987602234,0.9161800146102905,0.9162200093269348,6234.522854520121
2026-01-30 03:17:00+00:00,0.9162200093269348,0.9162399768829346,0.9157599806785583,0.9161700010299683,3707.9020501652217
2026-01-30 03:18:00+00:00,0.9161700010299683,0.9162099957466125,0.9161199927330017,0.9161199927330017,2300.6978851884232
2026-01-30 03:19:00+00:00,0.9161199927330017,0.9161999821662903,0.9157199859619141,0.9161499738693237,1297.275966164329
2026-01-30 03:20:00+00:00,0.9161499738693237,0.9161999821662903,0.9161099791526794,0.9161800146102905,1023.6218774032955
2026-01-30 03:21:00+00:00,0.9161499738693237,0.9161999821662903,0.9157199859619141,0.9160900115966797,1000.0
2026-01-30 03:22:00+00:00,0.9161199927330017,0.9161999821662903,0.9160599708557129,0.9161800146102905,1087.9599946209357
2026-01-30 03:23:00+00:00,0.9161400198936462,0.9161900281906128,0.9156799912452698,0.9161199927330017,1701.6997264933605
2026-01-30 03:24:00+00:00,0.9160799980163574,0.9161400198936462,0.9160799980163574,0.9160900115966797,1101.052365381536
2026-01-30 03:25:00+00:00,0.9161099791526794,0.9161999821662903,0.9156299829483032,0.9160799980163574,3405.7903467753217
2026-01-30 03:26:00+00:00,0.9160799980163574,0.9161999821662903,0.9160799980163574,0.9161499738693237,5825.447081974783
2026-01-30 03:27:00+00:00,0.9161700010299683,0.9162099957466125,0.9157299995422363,0.9161499738693237,5061.926368429959
2026-01-30 03:28:00+00:00,0.9161400198936462,0.9161999821662903,0.9161199927330017,0.9161199927330017,6076.131259670925
2026-01-30 03:29:00+00:00,0.9161099791526794,0.916130006313324,0.9156699776649475,0.916130006313324,5757.829889790646
2026-01-30 03:30:00+00:00,0.916100025177002,0.9161999821662903,0.9160900115966797,0.916100025177002,5073.149927061821
2026-01-30 03:31:00+00:00,0.9161099791526794,0.916159987449646,0.9156699776649475,0.9161099791526794,5145.776850094701
2026-01-30 03:32:00+00:00,0.916130006313324,0.916130006313324,0.9160299897193909,0.9160400032997131,5659.608893832668
2026-01-30 03:33:00+00:00,0.9160400032997131,0.916100025177002,0.9156000018119812,0.9160299897193909,5025.11832939834
2026-01-30 03:34:00+00:00,0.9160299897193909,0.9161499738693237,0.9160199761390686,0.9160900115966797,6594.747784881344
2026-01-30 03:35:00+00:00,0.9160900115966797,0.9161499738693237,0.91566002368927,0.9160699844360352,7330.059122028134
2026-01-30 03:36:00+00:00,0.9160699844360352,0.9161400198936462,0.9160100221633911,0.9161099791526794,5974.973646470995
2026-01-30 03:37:00+00:00,0.9161199927330017,0.9161999821662903,0.9157199859619141,0.9161099791526794,6273.467890779233
2026-01-30 03:38:00+00:00,0.9161099791526794,0.9162399768829346,0.9160799980163574,0.9161800146102905,8124.429674621533
2026-01-30 03:39:00+00:00,0.9162099957466125,0.9162999987602234,0.9157699942588806,0.9162399768829346,8328.079043242165
2026-01-30 03:40:00+00:00,0.9162200093269348,0.9162399768829346,0.9160900115966797,0.916159987449646,7462.019482785823
2026-01-30 03:41:00+00:00,0.9161499738693237,0.9162099957466125,0.9157400131225586,0.9161499738693237,7184.496348420557
2026-01-30 03:42:00+00:00,0.9161499738693237,0.9162099957466125,0.9161199927330017,0.9161700010299683,7533.749882752413
2026-01-30 03:43:00+00:00,0.9161700010299683,0.9162399768829346,0.9157599806785583,0.9162399768829346,9195.528947306655
2026-01-30 03:44:00+00:00,0.9162200093269348,0.9162200093269348,0.9161400198936462,0.9161400198936462,8443.609200845713
2026-01-30 03:45:00+00:00,0.9161400198936462,0.9162999987602234,0.9158200025558472,0.9162499904632568,7318.265034508281
2026-01-30 03:46:00+00:00,0.9162499904632568,0.9162999987602234,0.916130006313324,0.9162399768829346,10779.632511123094
2026-01-30 03:47:00+00:00,0.9162300229072571,0.9162700176239014,0.9157599806785583,0.9162499904632568,9722.984285043096
2026-01-30 03:48:00+00:00,0.9161999821662903,0.9163299798965454,0.9161999821662903,0.9163100123405457,8329.227856809768
2026-01-30 03:49:00+00:00,0.9162899851799011,0.9163600206375122,0.9158700108528137,0.9162999987602234,9864.222958959053
2026-01-30 03:50:00+00:00,0.9162799715995789,0.9164000153541565,0.9162700176239014,0.9163299798965454,9569.96556592233
2026-01-30 03:51:00+00:00,0.9163299798965454,0.9164000153541565,0.9158899784088135,0.9162799715995789,11457.669505754882
2026-01-30 03:52:00+00:00,0.9162799715995789,0.9163500070571899,0.9161999821662903,0.9162899851799011,11080.250777877083
2026-01-30 03:53:00+00:00,0.9162600040435791,0.9163100123405457,0.9158400297164917,0.9162700176239014,8573.239979365455
2026-01-30 03:54:00+00:00,0.9162600040435791,0.9163299798965454,0.9162399768829346,0.9162499904632568,7874.966235111912
2026-01-30 03:55:00+00:00,0.9162999987602234,0.9163399934768677,0.9158599972724915,0.9162799715995789,7695.202772817439
2026-01-30 03:56:00+00:00,0.9163299798965454,0.9163399934768677,0.9162200093269348,0.9162399768829346,8167.5802862207665
2026-01-30 03:57:00+00:00,0.9162499904632568,0.9162899851799011,0.9157000184059143,0.916100025177002,12910.448433838636
2026-01-30 03:58:00+00:00,0.916100025177002,0.9162200093269348,0.916100025177002,0.9161900281906128,11303.323183044828
2026-01-30 03:59:00+00:00,0.9161900281906128,0.9162399768829346,0.9157400131225586,0.916159987449646,12207.591177955706
2026-01-30 04:00:00+00:00,0.9161700010299683,0.9161800146102905,0.9160500168800354,0.9160500168800354,10703.12873791361
2026-01-30 04:01:00+00:00,0.9160500168800354,0.9161999821662903,0.91566002368927,0.9160799980163574,11696.980884397492
2026-01-30 04:02:00+00:00,0.9161099791526794,0.9161199927330017,0.9160100221633911,0.9160699844360352,11188.161623929585
2026-01-30 04:03:00+00:00,0.9160400032997131,0.9161400198936462,0.9156699776649475,0.9160900115966797,8687.838385154233
2026-01-30 04:04:00+00:00,0.9160900115966797,0.916159987449646,0.9160299897193909,0.9160799980163574,11247.393565740384
2026-01-30 04:05:00+00:00,0.9160599708557129,0.916100025177002,0.9156100153923035,0.9160599708557129,7954.584678512823
2026-01-30 04:06:00+00:00,0.9160299897193909,0.9162300229072571,0.9160299897193909,0.9161900281906128,12516.236987338885
2026-01-30 04:07:00+00:00,0.9161900281906128,0.9164100289344788,0.915880024433136,0.9163100123405457,11623.619934146833
2026-01-30 04:08:00+00:00,0.9163100123405457,0.9164000153541565,0.9162499904632568,0.9163200259208679,13305.874586834101
2026-01-30 04:09:00+00:00,0.9163200259208679,0.9163600206375122,0.9158499836921692,0.9162999987602234,16385.272436225907
2026-01-30 04:10:00+00:00,0.9162700176239014,0.9163699746131897,0.9162700176239014,0.9163100123405457,14313.999091515696
2026-01-30 04:11:00+00:00,0.9163100123405457,0.9164000153541565,0.9158499836921692,0.9162999987602234,11892.503698609673
2026-01-30 04:12:00+00:00,0.9163200259208679,0.9164000153541565,0.9162799715995789,0.9163600206375122,12333.381458148884
2026-01-30 04:13:00+00:00,0.9163299798965454,0.9164100289344788,0.9159299731254578,0.9164000153541565,11426.01852187193
2026-01-30 04:14:00+00:00,0.9163500070571899,0.9164000153541565,0.9162799715995789,0.9163200259208679,11910.621412848463
2026-01-30 04:15:00+00:00,0.9163100123405457,0.9164000153541565,0.9158700108528137,0.9162999987602234,13806.687088185949
2026-01-30 04:16:00+00:00,0.9162999987602234,0.9163500070571899,0.9162600040435791,0.9162899851799011,12650.637139546208
2026-01-30 04:17:00+00:00,0.9162700176239014,0.9163299798965454,0.9157999753952026,0.9162399768829346,14044.775289701094
2026-01-30 04:18:00+00:00,0.9162200093269348,0.9163200259208679,0.9162200093269348,0.9162700176239014,13647.321750007326
2026-01-30 04:19:00+00:00,0.9162899851799011,0.9163100123405457,0.9158300161361694,0.9162300229072571,12771.425208620514
2026-01-30 04:20:00+00:00,0.9162499904632568,0.9162999987602234,0.9161999821662903,0.9162200093269348,9589.127456225411
2026-01-30 04:21:00+00:00,0.9162099957466125,0.9162999987602234,0.9157599806785583,0.9161900281906128,10699.772053764129
2026-01-30 04:22:00+00:00,0.9161900281906128,0.9162399768829346,0.9161400198936462,0.9161400198936462,9166.54208963977
2026-01-30 04:23:00+00:00,0.9161400198936462,0.9162799715995789,0.9157199859619141,0.9162300229072571,10733.790029383292
2026-01-30 04:24:00+00:00,0.9161800146102905,0.9162399768829346,0.916159987449646,0.9161999821662903,10373.94032300904
2026-01-30 04:25:00+00:00,0.9161700010299683,0.9162499904632568,0.9157699942588806,0.9161700010299683,7084.130309218602
2026-01-30 04:26:00+00:00,0.9162099957466125,0.9162999987602234,0.9161700010299683,0.9161800146102905,6818.531474690408
2026-01-30 04:27:00+00:00,0.9161800146102905,0.9162099957466125,0.9157299995422363,0.9161800146102905,7851.047630763535
2026-01-30 04:28:00+00:00,0.9161800146102905,0.9162999987602234,0.9161400198936462,0.9162600040435791,8103.08112107328
2026-01-30 04:29:00+00:00,0.9162300229072571,0.9162999987602234,0.9157800078392029,0.9161900281906128,8556.556075618148
2026-01-30 04:30:00+00:00,0.9161900281906128,0.9162999987602234,0.9161800146102905,0.9162200093269348,9077.396909926028
2026-01-30 04:31:00+00:00,0.9161999821662903,0.9162999987602234,0.9157800078392029,0.9161499738693237,10505.455959475665
2026-01-30 04:32:00+00:00,0.916159987449646,0.9161999821662903,0.9160799980163574,0.916100025177002,8651.278089262272
2026-01-30 04:33:00+00:00,0.9161099791526794,0.9161999821662903,0.9157199859619141,0.916159987449646,9909.378349650013
2026-01-30 04:34:00+00:00,0.916159987449646,0.9162099957466125,0.9161199927330017,0.9161900281906128,10175.72790843489
2026-01-30 04:35:00+00:00,0.9161499738693237,0.9161999821662903,0.915690004825592,0.9161400198936462,7657.744202001936
2026-01-30 04:36:00+00:00,0.9161099791526794,0.9161999821662903,0.9160900115966797,0.916130006313324,11582.635169607103
2026-01-30 04:37:00+00:00,0.9161099791526794,0.9161999821662903,0.9157500267028809,0.9161199927330017,6229.0907589069475
2026-01-30 04:38:00+00:00,0.916159987449646,0.9161999821662903,0.9160799980163574,0.9161499738693237,7519.332732406103
2026-01-30 04:39:00+00:00,0.916130006313324,0.9162200093269348,0.9157699942588806,0.9161999821662903,7348.105839242209
2026-01-30 04:40:00+00:00,0.9161900281906128,0.9162399768829346,0.9161199927330017,0.9161900281906128,7663.583273976497
2026-01-30 04:41:00+00:00,0.9161400198936462,0.9161999821662903,0.9157000184059143,0.9161700010299683,8036.101147106192
2026-01-30 04:42:00+00:00,0.9161700010299683,0.9161999821662903,0.9161199927330017,0.916159987449646,5594.529087367655
2026-01-30 04:43:00+00:00,0.916159987449646,0.9162200093269348,0.9157500267028809,0.9161900281906128,5100.207674329463
2026-01-30 04:44:00+00:00,0.9161999821662903,0.9162999987602234,0.916159987449646,0.9161900281906128,6108.590041853918
2026-01-30 04:45:00+00:00,0.9161999821662903,0.9162999987602234,0.9157900214195251,0.9162099957466125,5608.27994050922
2026-01-30 04:46:00+00:00,0.9161999821662903,0.9162999987602234,0.9161900281906128,0.9162600040435791,6018.174588346376
2026-01-30 04:47:00+00:00,0.9162300229072571,0.9162999987602234,0.9157900214195251,0.9162300229072571,5086.211800214759
2026-01-30 04:48:00+00:00,0.9162099957466125,0.9162999987602234,0.9161900281906128,0.9162700176239014,6934.888647960496
2026-01-30 04:49:00+00:00,0.9162600040435791,0.9162999987602234,0.9157800078392029,0.9162200093269348,6282.934602012581
2026-01-30 04:50:00+00:00,0.9162300229072571,0.9162999987602234,0.9161499738693237,0.9161800146102905,6716.18610846221
2026-01-30 04:51:00+00:00,0.9161900281906128,0.9162099957466125,0.9157199859619141,0.9161199927330017,7788.657836444927
2026-01-30 04:52:00+00:00,0.916130006313324,0.9161999821662903,0.9161099791526794,0.9161499738693237,7428.985976339499
2026-01-30 04:53:00+00:00,0.916130006313324,0.9162099957466125,0.9157099723815918,0.9161900281906128,9003.189537817687
2026-01-30 04:54:00+00:00,0.9161700010299683,0.9162200093269348,0.9161400198936462,0.9161900281906128,8969.390042244708
2026-01-30 04:55:00+00:00,0.9161800146102905,0.9162399768829346,0.9157599806785583,0.9161900281906128,8727.042033079388
2026-01-30 04:56:00+00:00,0.9161900281906128,0.9162999987602234,0.9161800146102905,0.9162399768829346,7123.393154583444
2026-01-30 04:57:00+00:00,0.9162499904632568,0.9162999987602234,0.9157999753952026,0.9162099957466125,8985.076325294009
2026-01-30 04:58:00+00:00,0.9162099957466125,0.9162999987602234,0.9162099957466125,0.9162399768829346,8284.725373881016
2026-01-30 04:59:00+00:00,0.9162499904632568,0.9162999987602234,0.9157900214195251,0.9162499904632568,6941.601455874147
2026-01-30 05:00:00+00:00,0.9161999821662903,0.9162999987602234,0.9161999821662903,0.9162799715995789,7428.565104078937
2026-01-30 05:01:00+00:00,0.9162799715995789,0.9163200259208679,0.9157900214195251,0.9162200093269348,7415.059564556931
2026-01-30 05:02:00+00:00,0.9162200093269348,0.9163100123405457,0.9161999821662903,0.9162600040435791,7553.1598392228525
2026-01-30 05:03:00+00:00,0.9161900281906128,0.9162999987602234,0.9157900214195251,0.9161900281906128,6491.447935287168
2026-01-30 05:04:00+00:00,0.9161900281906128,0.9162999987602234,0.9161900281906128,0.9162399768829346,6713.848922882431
2026-01-30 05:05:00+00:00,0.9162200093269348,0.9162999987602234,0.9157900214195251,0.9162200093269348,6144.150713295853
2026-01-30 05:06:00+00:00,0.9162099957466125,0.9162999987602234,0.9161700010299683,0.9162099957466125,6735.598325654026
2026-01-30 05:07:00+00:00,0.9162099957466125,0.9162499904632568,0.9157400131225586,0.916159987449646,8087.844499387291
2026-01-30 05:08:00+00:00,0.916159987449646,0.9161999821662903,0.916130006313324,0.9161700010299683,7791.6994070157625
2026-01-30 05:09:00+00:00,0.9161700010299683,0.9161999821662903,0.9157299995422363,0.9161199927330017,6576.246656268204
2026-01-30 05:10:00+00:00,0.9161499738693237,0.9162200093269348,0.9161099791526794,0.9161700010299683,7726.631434967854
2026-01-30 05:11:00+00:00,0.9161700010299683,0.9162200093269348,0.9157699942588806,0.9161900281906128,5666.356566181015
2026-01-30 05:12:00+00:00,0.9161800146102905,0.9162999987602234,0.916159987449646,0.9162099957466125,6575.516710505135
2026-01-30 05:13:00+00:00,0.9162200093269348,0.9162999987602234,0.9157500267028809,0.9161700010299683,7675.034874977167
2026-01-30 05:14:00+00:00,0.9161700010299683,0.9161999821662903,0.9160500168800354,0.9161700010299683,9901.429140608501
2026-01-30 05:15:00+00:00,0.916159987449646,0.9161999821662903,0.9157199859619141,0.9161199927330017,7651.9717314844
2026-01-30 05:16:00+00:00,0.9161199927330017,0.9161999821662903,0.9160500168800354,0.9161199927330017,7227.633009491785
2026-01-30 05:17:00+00:00,0.9161199927330017,0.9161999821662903,0.9157099723815918,0.916130006313324,9802.177109318745
2026-01-30 05:18:00+00:00,0.916130006313324,0.9162600040435791,0.916130006313324,0.9161900281906128,7778.69685821461
2026-01-30 05:19:00+00:00,0.9161800146102905,0.9162399768829346,0.9157599806785583,0.9161700010299683,9041.057568249471
2026-01-30 05:20:00+00:00,0.9161700010299683,0.9162999987602234,0.9161499738693237,0.9161800146102905,9203.29516310503
2026-01-30 05:21:00+00:00,0.9161800146102905,0.9162300229072571,0.9157299995422363,0.9161199927330017,8088.962635819915
2026-01-30 05:22:00+00:00,0.9161800146102905,0.9162099957466125,0.9161199927330017,0.9161999821662903,10318.330777364697
2026-01-30 05:23:00+00:00,0.916159987449646,0.9162999987602234,0.9157900214195251,0.9162300229072571,9544.231571712658
2026-01-30 05:24:00+00:00,0.9162300229072571,0.9162999987602234,0.9161800146102905,0.9162499904632568,9801.663282900146
2026-01-30 05:25:00+00:00,0.9161999821662903,0.9162999987602234,0.9157900214195251,0.9162200093269348,12663.115831654552
2026-01-30 05:26:00+00:00,0.9162099957466125,0.9163399934768677,0.9161900281906128,0.9163299798965454,9980.042171375007
2026-01-30 05:27:00+00:00,0.9162899851799011,0.9163600206375122,0.9157699942588806,0.9162099957466125,10278.591653081785
2026-01-30 05:28:00+00:00,0.9161800146102905,0.9162999987602234,0.9161800146102905,0.9161999821662903,12466.200300097566
2026-01-30 05:29:00+00:00,0.9161999821662903,0.9162999987602234,0.9158099889755249,0.9162200093269348,12675.961168258757
2026-01-30 05:30:00+00:00,0.9162300229072571,0.9164999723434448,0.9162300229072571,0.9164199829101562,13554.600081596682
2026-01-30 05:31:00+00:00,0.9163699746131897,0.9164999723434448,0.9159799814224243,0.9164400100708008,15368.179211196084
2026-01-30 05:32:00+00:00,0.9164400100708008,0.9164999723434448,0.9163699746131897,0.9163900017738342,13595.47031650705
2026-01-30 05:33:00+00:00,0.9163900017738342,0.9164999723434448,0.9159600138664246,0.916379988193512,20395.591141864363
2026-01-30 05:34:00+00:00,0.9164199829101562,0.9164999723434448,0.9163399934768677,0.9164400100708008,17029.52819343404
2026-01-30 05:35:00+00:00,0.9164400100708008,0.9164999723434448,0.9160299897193909,0.9164199829101562,17649.41432315518
2026-01-30 05:36:00+00:00,0.9164400100708008,0.9164999723434448,0.9164100289344788,0.9164800047874451,17608.700103805542
2026-01-30 05:37:00+00:00,0.916450023651123,0.9165999889373779,0.9160900115966797,0.9164800047874451,16186.27032642129
2026-01-30 05:38:00+00:00,0.9165099859237671,0.9165999889373779,0.9164800047874451,0.9165199995040894,15464.59453741388
2026-01-30 05:39:00+00:00,0.9165099859237671,0.9165999889373779,0.9160799980163574,0.9164900183677673,18190.6403811685
2026-01-30 05:40:00+00:00,0.9165199995040894,0.9165999889373779,0.9163900017738342,0.9164999723434448,20809.24170437807
2026-01-30 05:41:00+00:00,0.9164999723434448,0.9166200160980225,0.9160199761390686,0.9164900183677673,17862.189095323243
2026-01-30 05:42:00+00:00,0.9164800047874451,0.9164999723434448,0.9163699746131897,0.9164299964904785,21193.07706222062
2026-01-30 05:43:00+00:00,0.9163699746131897,0.9164999723434448,0.9159700274467468,0.9164199829101562,21017.105551737972
2026-01-30 05:44:00+00:00,0.9163600206375122,0.9164999723434448,0.9163500070571899,0.9164000153541565,17618.86034081625
2026-01-30 05:45:00+00:00,0.916450023651123,0.9164999723434448,0.91593998670578,0.9163399934768677,16571.763620403668
2026-01-30 05:46:00+00:00,0.9163299798965454,0.9164999723434448,0.9163100123405457,0.916379988193512,17311.75059900813
2026-01-30 05:47:00+00:00,0.916379988193512,0.9164999723434448,0.9160199761390686,0.9164000153541565,18747.766561082943
2026-01-30 05:48:00+00:00,0.9164000153541565,0.9164999723434448,0.9164000153541565,0.9164000153541565,14078.270504282087
2026-01-30 05:49:00+00:00,0.9163900017738342,0.9165599942207336,0.9160900115966797,0.9164599776268005,17562.392448424915
2026-01-30 05:50:00+00:00,0.9164599776268005,0.9165400266647339,0.9164100289344788,0.9164699912071228,16639.75137061559
2026-01-30 05:51:00+00:00,0.9164299964904785,0.9165999889373779,0.9160799980163574,0.9165300130844116,14949.504345081981
2026-01-30 05:52:00+00:00,0.9164999723434448,0.9166100025177002,0.9164999723434448,0.9165599942207336,16067.754142081707
2026-01-30 05:53:00+00:00,0.9165099859237671,0.9165999889373779,0.916100025177002,0.9165599942207336,19061.622645189876
2026-01-30 05:54:00+00:00,0.9165099859237671,0.9166100025177002,0.9164999723434448,0.9164999723434448,14214.78152183981
2026-01-30 05:55:00+00:00,0.9164999723434448,0.9165499806404114,0.9160100221633911,0.9164400100708008,13310.896871042476
2026-01-30 05:56:00+00:00,0.9164400100708008,0.9164999723434448,0.9164100289344788,0.9164199829101562,9715.084848578117
2026-01-30 05:57:00+00:00,0.9164199829101562,0.9165199995040894,0.9160799980163574,0.9164800047874451,12512.31286381407
2026-01-30 05:58:00+00:00,0.9165099859237671,0.9165999889373779,0.9164699912071228,0.9165199995040894,11169.493207828671
2026-01-30 05:59:00+00:00,0.9165400266647339,0.9165999889373779,0.9161199927330017,0.9164900183677673,6654.865486764335
2026-01-30 06:00:00+00:00,0.9164599776268005,0.9165099859237671,0.9164000153541565,0.9164299964904785,7056.503072513793
2026-01-30 06:01:00+00:00,0.9164299964904785,0.9164699912071228,0.9159200191497803,0.9163699746131897,7213.6435363370365
2026-01-30 06:02:00+00:00,0.9163699746131897,0.9164199829101562,0.9162399768829346,0.9163399934768677,10039.841626135329
2026-01-30 06:03:00+00:00,0.9163299798965454,0.9164000153541565,0.9158999919891357,0.9163600206375122,10550.628640571556
2026-01-30 06:04:00+00:00,0.9163399934768677,0.9164100289344788,0.9162899851799011,0.9162999987602234,9975.171267357375
2026-01-30 06:05:00+00:00,0.9162999987602234,0.9164000153541565,0.9158899784088135,0.9163299798965454,10466.483966318458
2026-01-30 06:06:00+00:00,0.9162899851799011,0.9164199829101562,0.9162899851799011,0.9163900017738342,10865.847232239425
2026-01-30 06:07:00+00:00,0.916379988193512,0.9164000153541565,0.9158400297164917,0.9163100123405457,11496.109010507726
2026-01-30 06:08:00+00:00,0.9162799715995789,0.9163100123405457,0.9161900281906128,0.9161999821662903,12712.064883003753
2026-01-30 06:09:00+00:00,0.9161999821662903,0.9162099957466125,0.9157000184059143,0.9161400198936462,10831.752628996854
2026-01-30 06:10:00+00:00,0.916100025177002,0.9161999821662903,0.9160799980163574,0.916130006313324,11713.331828741782
2026-01-30 06:11:00+00:00,0.916130006313324,0.9161999821662903,0.9156799912452698,0.916100025177002,15064.881379185683
2026-01-30 06:12:00+00:00,0.916100025177002,0.9161400198936462,0.9160000085830688,0.9160799980163574,14276.586504865092
2026-01-30 06:13:00+00:00,0.9160599708557129,0.9161999821662903,0.915690004825592,0.9160799980163574,15594.197837006825
2026-01-30 06:14:00+00:00,0.9160799980163574,0.9161400198936462,0.9160699844360352,0.9161199927330017,13514.263214728391
2026-01-30 06:15:00+00:00,0.9160799980163574,0.916130006313324,0.9156000018119812,0.9160100221633911,11495.979120099917
2026-01-30 06:16:00+00:00,0.9160000085830688,0.9161999821662903,0.9160000085830688,0.9161199927330017,12991.138778423194
2026-01-30 06:17:00+00:00,0.9161199927330017,0.9161999821662903,0.9156299829483032,0.9160900115966797,17881.907515289364
2026-01-30 06:18:00+00:00,0.9160799980163574,0.9161199927330017,0.9159500002861023,0.9159899950027466,13526.391541816418
2026-01-30 06:19:00+00:00,0.9160000085830688,0.9160400032997131,0.9155200123786926,0.9159500002861023,15572.789354139433
2026-01-30 06:20:00+00:00,0.9159500002861023,0.9160000085830688,0.9158499836921692,0.915910005569458,14755.501233445842
2026-01-30 06:21:00+00:00,0.915880024433136,0.9160000085830688,0.9154300093650818,0.9158599972724915,17642.778191074416
2026-01-30 06:22:00+00:00,0.9158599972724915,0.915910005569458,0.9158099889755249,0.9158400297164917,14486.141328310097
2026-01-30 06:23:00+00:00,0.9158200025558472,0.9158999919891357,0.9154000282287598,0.9158400297164917,13784.94763091627
2026-01-30 06:24:00+00:00,0.9158400297164917,0.9158999919891357,0.9157800078392029,0.9158099889755249,15243.981872291677
2026-01-30 06:25:00+00:00,0.9157800078392029,0.9158999919891357,0.9153900146484375,0.9158300161361694,16461.772702277587
2026-01-30 06:26:00+00:00,0.9158300161361694,0.9158999919891357,0.9158200025558472,0.9158300161361694,16245.881883626567
2026-01-30 06:27:00+00:00,0.9158300161361694,0.9158999919891357,0.9153500199317932,0.9157999753952026,14777.773709250969
2026-01-30 06:28:00+00:00,0.9157900214195251,0.915910005569458,0.9157699942588806,0.915910005569458,17288.80336973639
2026-01-30 06:29:00+00:00,0.9158599972724915,0.9160000085830688,0.9154800176620483,0.9158200025558472,16726.26436043153
2026-01-30 06:30:00+00:00,0.91593998670578,0.916100025177002,0.9158099889755249,0.9158499836921692,18307.23381079593
2026-01-30 06:31:00+00:00,0.9158700108528137,0.9160100221633911,0.9155499935150146,0.9159600138664246,15177.63245986373
2026-01-30 06:32:00+00:00,0.9159600138664246,0.9160199761390686,0.915880024433136,0.915910005569458,16961.564931990502
2026-01-30 06:33:00+00:00,0.9158899784088135,0.9160199761390686,0.9155200123786926,0.9159600138664246,14993.70562410428
2026-01-30 06:34:00+00:00,0.9159299731254578,0.916100025177002,0.915910005569458,0.9160000085830688,16557.012739298123
2026-01-30 06:35:00+00:00,0.9159899950027466,0.916100025177002,0.9155600070953369,0.9159799814224243,16177.578766407372
2026-01-30 06:36:00+00:00,0.9159700274467468,0.9160199761390686,0.9158899784088135,0.9159700274467468,18076.18661274247
2026-01-30 06:37:00+00:00,0.9159700274467468,0.9160000085830688,0.9154599905014038,0.9159500002861023,18655.52631628589
2026-01-30 06:38:00+00:00,0.91593998670578,0.9160299897193909,0.915910005569458,0.9159899950027466,12843.04822407742
2026-01-30 06:39:00+00:00,0.9159899950027466,0.9160400032997131,0.9155099987983704,0.9159600138664246,19762.09621217686
2026-01-30 06:40:00+00:00,0.9159700274467468,0.9160199761390686,0.9159500002861023,0.9159500002861023,16485.659999051928
2026-01-30 06:41:00+00:00,0.9159500002861023,0.916100025177002,0.9155899882316589,0.9160599708557129,14930.3747271795
2026-01-30 06:42:00+00:00,0.9160000085830688,0.916100025177002,0.9159200191497803,0.9159500002861023,17625.884143202253
2026-01-30 06:43:00+00:00,0.9159500002861023,0.9160000085830688,0.9155300259590149,0.9159799814224243,16896.380183221278
2026-01-30 06:44:00+00:00,0.9159299731254578,0.9160299897193909,0.915910005569458,0.9159600138664246,11491.857562542487
2026-01-30 06:45:00+00:00,0.9159500002861023,0.9160400032997131,0.9154700040817261,0.9159200191497803,16048.808528609852
2026-01-30 06:46:00+00:00,0.9158499836921692,0.9160299897193909,0.9158499836921692,0.9159600138664246,15457.358268572696
2026-01-30 06:47:00+00:00,0.9159600138664246,0.9160000085830688,0.9155300259590149,0.9159899950027466,16041.532142615313
2026-01-30 06:48:00+00:00,0.9159700274467468,0.9160000085830688,0.9158499836921692,0.9158499836921692,11280.3442358158
2026-01-30 06:49:00+00:00,0.9158999919891357,0.9160000085830688,0.9155200123786926,0.9159799814224243,13752.91139078579
2026-01-30 06:50:00+00:00,0.91593998670578,0.9161099791526794,0.91593998670578,0.9160500168800354,16873.03638892119
2026-01-30 06:51:00+00:00,0.9160100221633911,0.9160699844360352,0.9155700206756592,0.9159299731254578,15095.470541737186
2026-01-30 06:52:00+00:00,0.91593998670578,0.9160000085830688,0.9158099889755249,0.9158200025558472,11709.18340459458
2026-01-30 06:53:00+00:00,0.9158200025558472,0.9158999919891357,0.9154099822044373,0.9158200025558472,15869.026852959769
2026-01-30 06:54:00+00:00,0.9158200025558472,0.9159200191497803,0.9157900214195251,0.9158200025558472,15926.029946326398
2026-01-30 06:55:00+00:00,0.9158899784088135,0.91593998670578,0.9154199957847595,0.9158899784088135,14470.696093919512
2026-01-30 06:56:00+00:00,0.9158300161361694,0.9160000085830688,0.9157999753952026,0.9158400297164917,14686.012210307052
2026-01-30 06:57:00+00:00,0.9158899784088135,0.9158999919891357,0.9153800010681152,0.9157699942588806,15911.368664177191
2026-01-30 06:58:00+00:00,0.9157699942588806,0.9160000085830688,0.9157599806785583,0.915880024433136,18744.40160752539
2026-01-30 06:59:00+00:00,0.9158499836921692,0.9160100221633911,0.9155700206756592,0.9159899950027466,18031.784346027427
2026-01-30 07:00:00+00:00,0.9159899950027466,0.9160299897193909,0.9157699942588806,0.9157900214195251,18396.63420611237
2026-01-30 07:01:00+00:00,0.9158200025558472,0.9158700108528137,0.9151600003242493,0.9155799746513367,27515.713256427498
2026-01-30 07:02:00+00:00,0.9155799746513367,0.9156699776649475,0.9154499769210815,0.9154599905014038,22189.646063085223
2026-01-30 07:03:00+00:00,0.9154499769210815,0.9156100153923035,0.9150800108909607,0.9154999852180481,25574.80248239927
2026-01-30 07:04:00+00:00,0.9154999852180481,0.9156000018119812,0.9153299927711487,0.9153299927711487,29526.466676131633
2026-01-30 07:05:00+00:00,0.915340006351471,0.9155399799346924,0.9150400161743164,0.9155300259590149,26812.39318138093
2026-01-30 07:06:00+00:00,0.9155399799346924,0.9157099723815918,0.9154499769210815,0.9156200289726257,26684.800314997876
2026-01-30 07:07:00+00:00,0.9156200289726257,0.9157000184059143,0.9151600003242493,0.9155799746513367,30288.435694848013
2026-01-30 07:08:00+00:00,0.9155799746513367,0.9157299995422363,0.9155499935150146,0.9156699776649475,26703.968529991867
2026-01-30 07:09:00+00:00,0.9156699776649475,0.9158499836921692,0.915369987487793,0.9157999753952026,32113.870550402215
2026-01-30 07:10:00+00:00,0.9157999753952026,0.9158400297164917,0.9157400131225586,0.9157500267028809,24258.204164324616
2026-01-30 07:11:00+00:00,0.9157500267028809,0.9157900214195251,0.915090024471283,0.9156299829483032,28382.49603394372
2026-01-30 07:12:00+00:00,0.9156500101089478,0.9157800078392029,0.9156399965286255,0.9157000184059143,31688.216490177438
2026-01-30 07:13:00+00:00,0.9157000184059143,0.9157999753952026,0.9151899814605713,0.9156500101089478,31567.033959903558
2026-01-30 07:14:00+00:00,0.9156100153923035,0.9157199859619141,0.9155600070953369,0.9156399965286255,31027.29552022647
2026-01-30 07:15:00+00:00,0.9156100153923035,0.9157000184059143,0.9151800274848938,0.9156299829483032,31044.98587267781
2026-01-30 07:16:00+00:00,0.9156100153923035,0.9157400131225586,0.9155899882316589,0.9156299829483032,25786.52857314643
2026-01-30 07:17:00+00:00,0.9156699776649475,0.9158599972724915,0.9153900146484375,0.9158099889755249,24312.77319492277
2026-01-30 07:18:00+00:00,0.9158300161361694,0.9158999919891357,0.9157299995422363,0.9157900214195251,20240.796215611994
2026-01-30 07:19:00+00:00,0.9158300161361694,0.9159299731254578,0.9154300093650818,0.9158999919891357,29108.564359075004
2026-01-30 07:20:00+00:00,0.9158999919891357,0.9160000085830688,0.9158300161361694,0.9159700274467468,21219.273736863423
2026-01-30 07:21:00+00:00,0.9159700274467468,0.9160299897193909,0.9155399799346924,0.9159799814224243,16396.27712052473
2026-01-30 07:22:00+00:00,0.9159799814224243,0.916100025177002,0.9159200191497803,0.916100025177002,16311.014931775095
2026-01-30 07:23:00+00:00,0.9160699844360352,0.9161499738693237,0.9157000184059143,0.9161400198936462,18589.581597282286
2026-01-30 07:24:00+00:00,0.916100025177002,0.9161199927330017,0.9159799814224243,0.9160199761390686,22085.290870081524
2026-01-30 07:25:00+00:00,0.9160100221633911,0.9160699844360352,0.9155600070953369,0.9159899950027466,16358.373122038938
2026-01-30 07:26:00+00:00,0.9160000085830688,0.9160400032997131,0.9158400297164917,0.915910005569458,16473.791082891454
2026-01-30 07:27:00+00:00,0.915880024433136,0.915910005569458,0.9153199791908264,0.9158200025558472,17154.7862004101
2026-01-30 07:28:00+00:00,0.9158200025558472,0.9158400297164917,0.9156500101089478,0.9157199859619141,15897.804024521602
2026-01-30 07:29:00+00:00,0.9157199859619141,0.9158999919891357,0.9154099822044373,0.9158400297164917,16540.710787451186
2026-01-30 07:30:00+00:00,0.9158700108528137,0.9158999919891357,0.9157299995422363,0.9157500267028809,16751.43415286325
2026-01-30 07:31:00+00:00,0.9157400131225586,0.9158099889755249,0.9152600169181824,0.9157599806785583,19831.587412374654
2026-01-30 07:32:00+00:00,0.9157599806785583,0.9158499836921692,0.9157299995422363,0.9157599806785583,17273.33870699844
2026-01-30 07:33:00+00:00,0.9157599806785583,0.9158599972724915,0.9152600169181824,0.9157900214195251,19134.005274399173
2026-01-30 07:34:00+00:00,0.9157900214195251,0.9160799980163574,0.9157699942588806,0.9160100221633911,22751.429355718043
2026-01-30 07:35:00+00:00,0.9160100221633911,0.9162600040435791,0.9156100153923035,0.9162200093269348,24959.335590269824
2026-01-30 07:36:00+00:00,0.9162399768829346,0.9166600108146667,0.9161800146102905,0.9162600040435791,30484.047894142204
2026-01-30 07:37:00+00:00,0.9162700176239014,0.9164999723434448,0.9159600138664246,0.9162700176239014,34611.82912455705
2026-01-30 07:38:00+00:00,0.9162300229072571,0.9164800047874451,0.9161800146102905,0.9164199829101562,37432.11591196635
2026-01-30 07:39:00+00:00,0.916450023651123,0.9164999723434448,0.91593998670578,0.9163500070571899,36046.639258374365
2026-01-30 07:40:00+00:00,0.9163500070571899,0.9164400100708008,0.9163399934768677,0.9163699746131897,33002.655852344935
2026-01-30 07:41:00+00:00,0.9163500070571899,0.9165199995040894,0.9160000085830688,0.9164000153541565,33862.08841873879
2026-01-30 07:42:00+00:00,0.916450023651123,0.916450023651123,0.9163500070571899,0.9163699746131897,34672.708648613385
2026-01-30 07:43:00+00:00,0.9163500070571899,0.9165099859237671,0.9160199761390686,0.9164400100708008,34136.603210269684
2026-01-30 07:44:00+00:00,0.9164400100708008,0.9164999723434448,0.9163900017738342,0.9164000153541565,37713.86840938121
2026-01-30 07:45:00+00:00,0.9163900017738342,0.9164999723434448,0.9159200191497803,0.9162899851799011,34407.835267540024
2026-01-30 07:46:00+00:00,0.9162799715995789,0.9162999987602234,0.9160699844360352,0.9161099791526794,36246.36375292309
2026-01-30 07:47:00+00:00,0.9161099791526794,0.9161999821662903,0.9156500101089478,0.9160699844360352,34740.00483610462
2026-01-30 07:48:00+00:00,0.9160699844360352,0.9162399768829346,0.9159299731254578,0.9161800146102905,35810.81349331853
2026-01-30 07:49:00+00:00,0.9161700010299683,0.9163600206375122,0.9158499836921692,0.9163100123405457,32578.600816625793
2026-01-30 07:50:00+00:00,0.9162700176239014,0.9164000153541565,0.9162600040435791,0.9163900017738342,27740.233797684345
2026-01-30 07:51:00+00:00,0.9163299798965454,0.9164299964904785,0.9158899784088135,0.9163399934768677,24389.076736036317
2026-01-30 07:52:00+00:00,0.9163399934768677,0.9164699912071228,0.9162600040435791,0.9164000153541565,21935.702480593103
2026-01-30 07:53:00+00:00,0.9164000153541565,0.9164800047874451,0.9159799814224243,0.9163900017738342,21854.282313455667
2026-01-30 07:54:00+00:00,0.9164299964904785,0.9164999723434448,0.9163399934768677,0.9164199829101562,20786.953827378627
2026-01-30 07:55:00+00:00,0.9164199829101562,0.9164800047874451,0.91566002368927,0.9160599708557129,26979.022013347454
2026-01-30 07:56:00+00:00,0.9160599708557129,0.9162999987602234,0.9160599708557129,0.9162999987602234,32254.789898814382
2026-01-30 07:57:00+00:00,0.9162600040435791,0.9163399934768677,0.9155300259590149,0.9162200093269348,31596.01530325882
2026-01-30 07:58:00+00:00,0.9162200093269348,0.9162999987602234,0.9160699844360352,0.9160799980163574,42045.971789241856
2026-01-30 07:59:00+00:00,0.9160900115966797,0.9161999821662903,0.9156000018119812,0.9160699844360352,43059.54908896575
2026-01-30 08:00:00+00:00,0.9160699844360352,0.9160900115966797,0.9157999753952026,0.915880024433136,41631.58137234872
2026-01-30 08:01:00+00:00,0.915880024433136,0.91593998670578,0.9152699708938599,0.9157699942588806,49253.0637775876
2026-01-30 08:02:00+00:00,0.9158300161361694,0.9160599708557129,0.9158099889755249,0.9160599708557129,44544.245150064555
2026-01-30 08:03:00+00:00,0.9160500168800354,0.916100025177002,0.9156200289726257,0.9160699844360352,37911.94855097228
2026-01-30 08:04:00+00:00,0.9160500168800354,0.9161199927330017,0.9159500002861023,0.9161199927330017,44424.951211926505
2026-01-30 08:05:00+00:00,0.9160900115966797,0.9162499904632568,0.9155799746513367,0.9159899950027466,54387.267329013484
2026-01-30 08:06:00+00:00,0.9160400032997131,0.9160699844360352,0.9158700108528137,0.9160500168800354,47327.28077844502
2026-01-30 08:07:00+00:00,0.9160299897193909,0.9160799980163574,0.9155399799346924,0.9159299731254578,45666.277668904935
2026-01-30 08:08:00+00:00,0.9159299731254578,0.9160000085830688,0.9157900214195251,0.91593998670578,47810.21955618054
2026-01-30 08:09:00+00:00,0.9158999919891357,0.9160000085830688,0.9154099822044373,0.9158099889755249,39620.09394083023
2026-01-30 08:10:00+00:00,0.9158499836921692,0.9158999919891357,0.9157299995422363,0.9157900214195251,42018.87327400207
2026-01-30 08:11:00+00:00,0.9157699942588806,0.9158999919891357,0.9152600169181824,0.9157099723815918,34297.9245921055
2026-01-30 08:12:00+00:00,0.9157500267028809,0.9157999753952026,0.9156100153923035,0.9156699776649475,43218.44180342815
2026-01-30 08:13:00+00:00,0.9156299829483032,0.9159500002861023,0.915440022945404,0.9158499836921692,37663.955992522126
2026-01-30 08:14:00+00:00,0.9158499836921692,0.9158999919891357,0.9157800078392029,0.9158200025558472,33289.33451732246
2026-01-30 08:15:00+00:00,0.9157900214195251,0.916130006313324,0.9156000018119812,0.916130006313324,30737.879997980555
2026-01-30 08:16:00+00:00,0.916100025177002,0.9162099957466125,0.9160400032997131,0.9162099957466125,25726.93073766986
2026-01-30 08:17:00+00:00,0.916159987449646,0.9163500070571899,0.9158400297164917,0.9163399934768677,31646.059174524526
2026-01-30 08:18:00+00:00,0.9163200259208679,0.9163600206375122,0.9160500168800354,0.9161400198936462,27978.07589030671
2026-01-30 08:19:00+00:00,0.9161499738693237,0.916159987449646,0.9154999852180481,0.91593998670578,35104.419817088026
2026-01-30 08:20:00+00:00,0.91593998670578,0.9161099791526794,0.9159299731254578,0.9160500168800354,31862.14425262414
2026-01-30 08:21:00+00:00,0.9160500168800354,0.916100025177002,0.9155700206756592,0.9159899950027466,36264.097658677056
2026-01-30 08:22:00+00:00,0.9159799814224243,0.9160299897193909,0.9159500002861023,0.9159899950027466,26458.045555862594
2026-01-30 08:23:00+00:00,0.9160100221633911,0.916100025177002,0.9155799746513367,0.9160599708557129,25604.682648348098
2026-01-30 08:24:00+00:00,0.9160799980163574,0.916100025177002,0.9158899784088135,0.9159899950027466,27275.86511454855
2026-01-30 08:25:00+00:00,0.9159899950027466,0.9160000085830688,0.9154800176620483,0.9159500002861023,21569.226931546887
2026-01-30 08:26:00+00:00,0.9159299731254578,0.9160000085830688,0.9158599972724915,0.9159200191497803,21624.6851509772
2026-01-30 08:27:00+00:00,0.9158899784088135,0.9160299897193909,0.9155600070953369,0.9160100221633911,23613.91853652462
2026-01-30 08:28:00+00:00,0.9159700274467468,0.9161999821662903,0.9159299731254578,0.9161099791526794,26100.617089517476
2026-01-30 08:29:00+00:00,0.9161099791526794,0.9161400198936462,0.9155700206756592,0.9160100221633911,22797.389822071265
2026-01-30 08:30:00+00:00,0.9160400032997131,0.9162600040435791,0.9160000085830688,0.9161999821662903,27489.33061717795
2026-01-30 08:31:00+00:00,0.9162099957466125,0.9163200259208679,0.9158200025558472,0.9162600040435791,26210.850863336895
2026-01-30 08:32:00+00:00,0.9162600040435791,0.9163699746131897,0.9162300229072571,0.9163399934768677,24247.859588236402
2026-01-30 08:33:00+00:00,0.9163399934768677,0.916379988193512,0.9158400297164917,0.9163299798965454,20642.127850177727
2026-01-30 08:34:00+00:00,0.9163299798965454,0.9163299798965454,0.9161800146102905,0.9162200093269348,22982.199284112223
2026-01-30 08:35:00+00:00,0.9162499904632568,0.9164400100708008,0.915880024433136,0.9162999987602234,19101.905037166176
2026-01-30 08:36:00+00:00,0.9162999987602234,0.9164000153541565,0.9162200093269348,0.9163100123405457,23472.377804033134
2026-01-30 08:37:00+00:00,0.9163100123405457,0.9163500070571899,0.9157099723815918,0.9161199927330017,24860.3168483354
2026-01-30 08:38:00+00:00,0.9161099791526794,0.9162499904632568,0.9160599708557129,0.9162300229072571,30995.288849788085
2026-01-30 08:39:00+00:00,0.9161999821662903,0.9162999987602234,0.9157400131225586,0.9161800146102905,26114.63403598828
2026-01-30 08:40:00+00:00,0.9161700010299683,0.9164400100708008,0.916159987449646,0.9164100289344788,33910.92298639597
2026-01-30 08:41:00+00:00,0.9164299964904785,0.916450023651123,0.915910005569458,0.9162799715995789,29831.18389560899
2026-01-30 08:42:00+00:00,0.9162799715995789,0.9164000153541565,0.9162300229072571,0.916379988193512,26638.861174750895
2026-01-30 08:43:00+00:00,0.916379988193512,0.9164199829101562,0.9158200025558472,0.9163500070571899,29938.420479805754
2026-01-30 08:44:00+00:00,0.9163399934768677,0.9164100289344788,0.9162200093269348,0.9162700176239014,25539.192491694364
2026-01-30 08:45:00+00:00,0.9162799715995789,0.9164000153541565,0.9158700108528137,0.9162700176239014,26862.123038984242
2026-01-30 08:46:00+00:00,0.9162600040435791,0.9163500070571899,0.9162300229072571,0.9163100123405457,31593.34688151591
2026-01-30 08:47:00+00:00,0.9163100123405457,0.9163600206375122,0.9158099889755249,0.9162399768829346,30790.916469232536
2026-01-30 08:48:00+00:00,0.9162099957466125,0.9162499904632568,0.916130006313324,0.9161800146102905,21265.08078301533
2026-01-30 08:49:00+00:00,0.9161700010299683,0.9162999987602234,0.9158400297164917,0.9162499904632568,24226.999950040445
2026-01-30 08:50:00+00:00,0.9162499904632568,0.9164000153541565,0.9161800146102905,0.9163200259208679,25151.62817334954
2026-01-30 08:51:00+00:00,0.9163299798965454,0.9164000153541565,0.9158899784088135,0.9163399934768677,25470.541073473454
2026-01-30 08:52:00+00:00,0.9163399934768677,0.9164000153541565,0.9162600040435791,0.9162999987602234,21011.896531484283
2026-01-30 08:53:00+00:00,0.9162799715995789,0.9163100123405457,0.9157900214195251,0.9161999821662903,20985.83653796093
2026-01-30 08:54:00+00:00,0.9162200093269348,0.9164000153541565,0.9161999821662903,0.9162999987602234,18202.221958569018
2026-01-30 08:55:00+00:00,0.9162999987602234,0.9164000153541565,0.9157500267028809,0.9161900281906128,22096.296908675416
2026-01-30 08:56:00+00:00,0.9161700010299683,0.9162399768829346,0.9161499738693237,0.9162399768829346,25031.09405063874
2026-01-30 08:57:00+00:00,0.9162300229072571,0.9163399934768677,0.9158599972724915,0.9163399934768677,17427.190996669713
2026-01-30 08:58:00+00:00,0.9163399934768677,0.9164000153541565,0.9162499904632568,0.9163299798965454,18496.45897835336
2026-01-30 08:59:00+00:00,0.9163200259208679,0.9164299964904785,0.9158499836921692,0.9163299798965454,16681.70138672713
2026-01-30 09:00:00+00:00,0.9162899851799011,0.9164999723434448,0.916130006313324,0.9163900017738342,21669.909269136537
2026-01-30 09:01:00+00:00,0.9164299964904785,0.916450023651123,0.9158899784088135,0.9163500070571899,25102.348777040774
2026-01-30 09:02:00+00:00,0.9163500070571899,0.916450023651123,0.9162999987602234,0.9163600206375122,22805.011502490266
2026-01-30 09:03:00+00:00,0.9163900017738342,0.9164000153541565,0.9158599972724915,0.9163600206375122,28354.87651426943
2026-01-30 09:04:00+00:00,0.9163600206375122,0.9164999723434448,0.9162799715995789,0.9164599776268005,25928.346056132563
2026-01-30 09:05:00+00:00,0.9164100289344788,0.9165599942207336,0.9160400032997131,0.9165300130844116,29312.073940365186
2026-01-30 09:06:00+00:00,0.9165199995040894,0.9165599942207336,0.9163900017738342,0.9164299964904785,25340.724924446942
2026-01-30 09:07:00+00:00,0.9164299964904785,0.9164999723434448,0.9160299897193909,0.9164599776268005,27592.64091114157
2026-01-30 09:08:00+00:00,0.9164599776268005,0.9165999889373779,0.9164599776268005,0.9165400266647339,24096.409977498
2026-01-30 09:09:00+00:00,0.9165400266647339,0.9165400266647339,0.9160299897193909,0.9165099859237671,20866.383794886926
2026-01-30 09:10:00+00:00,0.9165099859237671,0.9165300130844116,0.9164000153541565,0.9164999723434448,20573.951428716784
2026-01-30 09:11:00+00:00,0.9164999723434448,0.9165199995040894,0.9159799814224243,0.916450023651123,24942.26169872749
2026-01-30 09:12:00+00:00,0.9164199829101562,0.9165300130844116,0.916379988193512,0.9164599776268005,25515.212888732858
2026-01-30 09:13:00+00:00,0.9164699912071228,0.9166499972343445,0.9161700010299683,0.9165999889373779,21839.09937618047
2026-01-30 09:14:00+00:00,0.9165599942207336,0.9167400002479553,0.9164599776268005,0.9165700078010559,20161.326807433685
2026-01-30 09:15:00+00:00,0.9165999889373779,0.9166399836540222,0.9161099791526794,0.9165599942207336,18555.682243191222
2026-01-30 09:16:00+00:00,0.9165199995040894,0.9168199896812439,0.9165199995040894,0.9167900085449219,25200.54639138842
2026-01-30 09:17:00+00:00,0.9167900085449219,0.9169700145721436,0.9164800047874451,0.9169399738311768,22795.23400094242
2026-01-30 09:18:00+00:00,0.9169300198554993,0.9169999957084656,0.9168099761009216,0.916890025138855,19576.605277267918
2026-01-30 09:19:00+00:00,0.9168999791145325,0.9170200228691101,0.9164999723434448,0.9169800281524658,17026.830941767777
2026-01-30 09:20:00+00:00,0.9169800281524658,0.9171800017356873,0.9169399738311768,0.9171199798583984,20993.392723418405
2026-01-30 09:21:00+00:00,0.9171199798583984,0.9173099994659424,0.9167799949645996,0.9172700047492981,20457.18787792081
2026-01-30 09:22:00+00:00,0.9172599911689758,0.917389988899231,0.9172000288963318,0.9172999858856201,23833.967604672325
2026-01-30 09:23:00+00:00,0.9172899723052979,0.9173300266265869,0.9164900183677673,0.9169700145721436,31552.6370226499
2026-01-30 09:24:00+00:00,0.9169800281524658,0.9170500040054321,0.9169300198554993,0.916949987411499,26689.04092334158
2026-01-30 09:25:00+00:00,0.9169899821281433,0.9171000123023987,0.9165400266647339,0.9169600009918213,27088.623702113564
2026-01-30 09:26:00+00:00,0.9169600009918213,0.9172999858856201,0.916920006275177,0.9171900153160095,29739.084712871172
2026-01-30 09:27:00+00:00,0.9171800017356873,0.917389988899231,0.9168499708175659,0.917389988899231,38046.20001365669
2026-01-30 09:28:00+00:00,0.9173799753189087,0.917389988899231,0.9172400236129761,0.9173200130462646,31635.85840807626
2026-01-30 09:29:00+00:00,0.9172800183296204,0.9173200130462646,0.9167799949645996,0.9172000288963318,34580.22214837425
2026-01-30 09:30:00+00:00,0.9172000288963318,0.9172400236129761,0.9171299934387207,0.917169988155365,32918.10826466644
2026-01-30 09:31:00+00:00,0.917169988155365,0.9172199964523315,0.9166600108146667,0.9170899987220764,28786.664686625947
2026-01-30 09:32:00+00:00,0.9170799851417542,0.917140007019043,0.9168599843978882,0.9169399738311768,32800.84679495084
2026-01-30 09:33:00+00:00,0.916920006275177,0.9170699715614319,0.9165899753570557,0.9170699715614319,31151.529166741824
2026-01-30 09:34:00+00:00,0.9170500040054321,0.9171000123023987,0.9169099926948547,0.9170500040054321,27623.075893321697
2026-01-30 09:35:00+00:00,0.9170200228691101,0.9170699715614319,0.9164800047874451,0.9168400168418884,33686.81288693968
2026-01-30 09:36:00+00:00,0.9168000221252441,0.9168499708175659,0.9167400002479553,0.9167699813842773,28708.5728405324
2026-01-30 09:37:00+00:00,0.9167699813842773,0.9168000221252441,0.9162099957466125,0.9165400266647339,32128.661941106067
2026-01-30 09:38:00+00:00,0.9165400266647339,0.9165999889373779,0.9163500070571899,0.916450023651123,31361.315280325536
2026-01-30 09:39:00+00:00,0.916450023651123,0.9164999723434448,0.9159500002861023,0.9163500070571899,32800.0705139513
2026-01-30 09:40:00+00:00,0.9163500070571899,0.9164999723434448,0.9162899851799011,0.9162899851799011,27639.353373543116
2026-01-30 09:41:00+00:00,0.9162899851799011,0.9163200259208679,0.9158400297164917,0.9162600040435791,23447.770375685912
2026-01-30 09:42:00+00:00,0.9162600040435791,0.9162999987602234,0.916100025177002,0.916159987449646,24733.546256619502
2026-01-30 09:43:00+00:00,0.9161499738693237,0.9162600040435791,0.9158099889755249,0.9162200093269348,25508.702195579426
2026-01-30 09:44:00+00:00,0.9162300229072571,0.9164000153541565,0.9162099957466125,0.9163299798965454,22910.66176400033
2026-01-30 09:45:00+00:00,0.9162999987602234,0.916379988193512,0.915880024433136,0.9163200259208679,21266.216246387663
2026-01-30 09:46:00+00:00,0.9163200259208679,0.9163699746131897,0.9161700010299683,0.9161999821662903,23551.882614308033
2026-01-30 09:47:00+00:00,0.9162099957466125,0.916450023651123,0.9159200191497803,0.9163399934768677,22299.492064920298
2026-01-30 09:48:00+00:00,0.9163299798965454,0.9163399934768677,0.9161499738693237,0.9162200093269348,25020.750307148053
2026-01-30 09:49:00+00:00,0.9162799715995789,0.9164000153541565,0.9157400131225586,0.9162099957466125,30555.439537509068
2026-01-30 09:50:00+00:00,0.9161400198936462,0.9163100123405457,0.9161199927330017,0.9161999821662903,29990.388198227578
2026-01-30 09:51:00+00:00,0.9162200093269348,0.9162499904632568,0.9157000184059143,0.9161199927330017,19155.879992355316
2026-01-30 09:52:00+00:00,0.9161199927330017,0.9162099957466125,0.91593998670578,0.9160199761390686,28827.415203030156
2026-01-30 09:53:00+00:00,0.9160699844360352,0.9162999987602234,0.9157500267028809,0.9162200093269348,26040.280418857245
2026-01-30 09:54:00+00:00,0.9161700010299683,0.9162099957466125,0.9160100221633911,0.9160599708557129,24476.14844686225
2026-01-30 09:55:00+00:00,0.9160599708557129,0.9162600040435791,0.9156799912452698,0.916100025177002,28957.827607035022
2026-01-30 09:56:00+00:00,0.916100025177002,0.9163699746131897,0.9160599708557129,0.9162999987602234,33650.502815258704
2026-01-30 09:57:00+00:00,0.9162999987602234,0.9164900183677673,0.9159600138664246,0.9164100289344788,29226.551086107334
2026-01-30 09:58:00+00:00,0.9163500070571899,0.9165499806404114,0.9163200259208679,0.9163699746131897,41363.35634040759
2026-01-30 09:59:00+00:00,0.9164100289344788,0.9166100025177002,0.916130006313324,0.9165199995040894,27064.75939825452
2026-01-30 10:00:00+00:00,0.9165199995040894,0.9167199730873108,0.9164599776268005,0.9166399836540222,32904.59522074292
2026-01-30 10:01:00+00:00,0.9165899753570557,0.916700005531311,0.916100025177002,0.9165599942207336,36978.55230198784
2026-01-30 10:02:00+00:00,0.9165800213813782,0.9165999889373779,0.9164299964904785,0.9164699912071228,28963.534557902072
2026-01-30 10:03:00+00:00,0.9164999723434448,0.9164999723434448,0.9159799814224243,0.9164299964904785,35453.23179005815
2026-01-30 10:04:00+00:00,0.9164299964904785,0.9164999723434448,0.9163699746131897,0.9163900017738342,29217.922790434553
2026-01-30 10:05:00+00:00,0.916450023651123,0.9165999889373779,0.9160299897193909,0.9165199995040894,34410.40641577565
2026-01-30 10:06:00+00:00,0.9164699912071228,0.9166399836540222,0.9164599776268005,0.9165400266647339,29192.78326878805
2026-01-30 10:07:00+00:00,0.9165599942207336,0.9166300296783447,0.9161400198936462,0.9165499806404114,27267.1643113855
2026-01-30 10:08:00+00:00,0.9165499806404114,0.9165999889373779,0.9164800047874451,0.9165700078010559,25114.211096919265
2026-01-30 10:09:00+00:00,0.9165300130844116,0.9165999889373779,0.9159600138664246,0.9164299964904785,27408.804855129165
2026-01-30 10:10:00+00:00,0.9164199829101562,0.9164400100708008,0.9162300229072571,0.9162399768829346,22718.772161571098
2026-01-30 10:11:00+00:00,0.9162499904632568,0.9162999987602234,0.9156299829483032,0.9161099791526794,29564.81050374538
2026-01-30 10:12:00+00:00,0.9161199927330017,0.9162499904632568,0.9160299897193909,0.9161900281906128,26973.399143074606
2026-01-30 10:13:00+00:00,0.9162200093269348,0.9162999987602234,0.9157299995422363,0.9160900115966797,25328.313012387905
2026-01-30 10:14:00+00:00,0.916100025177002,0.9161999821662903,0.9160599708557129,0.9161099791526794,22511.070126325023
2026-01-30 10:15:00+00:00,0.9161099791526794,0.9162700176239014,0.9157900214195251,0.9161900281906128,23267.784110276316
2026-01-30 10:16:00+00:00,0.9161800146102905,0.9162499904632568,0.9161099791526794,0.9161099791526794,30301.949008772066
2026-01-30 10:17:00+00:00,0.916130006313324,0.916130006313324,0.9156100153923035,0.9160000085830688,24816.377795213826
2026-01-30 10:18:00+00:00,0.9160199761390686,0.916100025177002,0.9159500002861023,0.9160299897193909,22973.814958591367
2026-01-30 10:19:00+00:00,0.9159899950027466,0.916100025177002,0.9155200123786926,0.9159700274467468,26551.02596616284
2026-01-30 10:20:00+00:00,0.9159600138664246,0.9161199927330017,0.9159500002861023,0.916100025177002,25988.916078495004
2026-01-30 10:21:00+00:00,0.9160699844360352,0.9162399768829346,0.9157099723815918,0.9161499738693237,28534.614850316044
2026-01-30 10:22:00+00:00,0.9161499738693237,0.9162600040435791,0.916100025177002,0.916159987449646,24706.82274213218
2026-01-30 10:23:00+00:00,0.9161700010299683,0.9162399768829346,0.915690004825592,0.9161099791526794,24799.70179993507
2026-01-30 10:24:00+00:00,0.9161099791526794,0.9161400198936462,0.91593998670578,0.9159500002861023,24927.108071380386
2026-01-30 10:25:00+00:00,0.9159500002861023,0.9160000085830688,0.9154599905014038,0.91593998670578,23587.69520071312
2026-01-30 10:26:00+00:00,0.915910005569458,0.9160000085830688,0.9158599972724915,0.9159899950027466,19686.34675618275
2026-01-30 10:27:00+00:00,0.9159700274467468,0.9160100221633911,0.9154599905014038,0.9158899784088135,16044.13569264623
2026-01-30 10:28:00+00:00,0.9158899784088135,0.91593998670578,0.9158400297164917,0.9158599972724915,18769.828659565686
2026-01-30 10:29:00+00:00,0.9158599972724915,0.9159200191497803,0.9154099822044373,0.9158599972724915,22199.555729376243
2026-01-30 10:30:00+00:00,0.9158599972724915,0.91593998670578,0.9158499836921692,0.9159200191497803,19086.589839966437
2026-01-30 10:31:00+00:00,0.915880024433136,0.916130006313324,0.9156200289726257,0.916100025177002,16046.808320295038
2026-01-30 10:32:00+00:00,0.9160699844360352,0.9164199829101562,0.9160699844360352,0.9163500070571899,22250.144020485033
2026-01-30 10:33:00+00:00,0.916379988193512,0.9165599942207336,0.9159799814224243,0.916450023651123,20410.586967539413
2026-01-30 10:34:00+00:00,0.9164199829101562,0.9164400100708008,0.9162399768829346,0.9162999987602234,22227.0271168927
2026-01-30 10:35:00+00:00,0.9162999987602234,0.9163299798965454,0.9157400131225586,0.9161900281906128,24101.722568128233
2026-01-30 10:36:00+00:00,0.9161999821662903,0.9162300229072571,0.916100025177002,0.9161800146102905,19960.89708804867
2026-01-30 10:37:00+00:00,0.9161700010299683,0.9162700176239014,0.9157000184059143,0.9161199927330017,25964.83935757967
2026-01-30 10:38:00+00:00,0.9161099791526794,0.9162300229072571,0.9161099791526794,0.9162099957466125,24142.639459714424
2026-01-30 10:39:00+00:00,0.9162099957466125,0.9163500070571899,0.9158200025558472,0.9162300229072571,22925.73676216081
2026-01-30 10:40:00+00:00,0.9162300229072571,0.9163399934768677,0.9162099957466125,0.9162399768829346,24052.72180232673
2026-01-30 10:41:00+00:00,0.9162399768829346,0.9164999723434448,0.9159799814224243,0.916450023651123,20925.256002643513
2026-01-30 10:42:00+00:00,0.9164199829101562,0.9164999723434448,0.9163399934768677,0.9164299964904785,23974.132319221415
2026-01-30 10:43:00+00:00,0.9164000153541565,0.9164999723434448,0.9159899950027466,0.916379988193512,24780.846307987587
2026-01-30 10:44:00+00:00,0.9164400100708008,0.9164999723434448,0.9163699746131897,0.9164599776268005,23501.613100059138
2026-01-30 10:45:00+00:00,0.9164100289344788,0.9165499806404114,0.9160299897193909,0.9164999723434448,21880.97953883485
2026-01-30 10:46:00+00:00,0.9164999723434448,0.9167500138282776,0.9164699912071228,0.9166200160980225,17074.80906213956
2026-01-30 10:47:00+00:00,0.9166300296783447,0.9167100191116333,0.9161099791526794,0.9165899753570557,18643.450712253598
2026-01-30 10:48:00+00:00,0.9165999889373779,0.9166100025177002,0.9164900183677673,0.9165199995040894,18141.492904584484
2026-01-30 10:49:00+00:00,0.9165099859237671,0.9165999889373779,0.916100025177002,0.9165199995040894,18322.00556835755
2026-01-30 10:50:00+00:00,0.9165199995040894,0.9166300296783447,0.9165199995040894,0.9165700078010559,22693.02905088158
2026-01-30 10:51:00+00:00,0.9165300130844116,0.9165999889373779,0.9160299897193909,0.9164800047874451,16281.284682867576
2026-01-30 10:52:00+00:00,0.916450023651123,0.9165300130844116,0.9163900017738342,0.916450023651123,16784.880810160696
2026-01-30 10:53:00+00:00,0.916450023651123,0.9165400266647339,0.9160500168800354,0.9165099859237671,18824.821334538585
2026-01-30 10:54:00+00:00,0.9164999723434448,0.9166200160980225,0.9164400100708008,0.9165599942207336,21124.590288566724
2026-01-30 10:55:00+00:00,0.9164999723434448,0.9166899919509888,0.9159799814224243,0.9163699746131897,25436.02889549894
2026-01-30 10:56:00+00:00,0.9163299798965454,0.9164000153541565,0.9162499904632568,0.9162899851799011,22861.246527318945
2026-01-30 10:57:00+00:00,0.9162899851799011,0.9166600108146667,0.9160299897193909,0.9164199829101562,28317.779469302805
2026-01-30 10:58:00+00:00,0.9164100289344788,0.9165999889373779,0.9163299798965454,0.9165599942207336,30312.62363640234
2026-01-30 10:59:00+00:00,0.9164999723434448,0.9165800213813782,0.9160599708557129,0.9164699912071228,30211.133041014535
2026-01-30 11:00:00+00:00,0.9165099859237671,0.9165099859237671,0.9163500070571899,0.9164199829101562,23889.20192308768
2026-01-30 11:01:00+00:00,0.9163900017738342,0.9164999723434448,0.9159700274467468,0.9164599776268005,27873.13443846931
2026-01-30 11:02:00+00:00,0.9164000153541565,0.9165199995040894,0.9163600206375122,0.9164900183677673,26537.24325438056
2026-01-30 11:03:00+00:00,0.9164900183677673,0.9165899753570557,0.9160799980163574,0.9165300130844116,22159.375397750784
2026-01-30 11:04:00+00:00,0.9164999723434448,0.9165199995040894,0.9163200259208679,0.9163399934768677,27227.081658557654
2026-01-30 11:05:00+00:00,0.9163200259208679,0.9164900183677673,0.9160100221633911,0.9164800047874451,25945.939714403834
2026-01-30 11:06:00+00:00,0.9164299964904785,0.9165300130844116,0.916379988193512,0.9164599776268005,29311.943769547965
2026-01-30 11:07:00+00:00,0.9165199995040894,0.9166100025177002,0.9160699844360352,0.9165400266647339,24715.082930211574
2026-01-30 11:08:00+00:00,0.9166200160980225,0.9166600108146667,0.9165400266647339,0.9165899753570557,22034.99786937854
2026-01-30 11:09:00+00:00,0.9165899753570557,0.9167400002479553,0.9162200093269348,0.9166399836540222,23603.59501354969
2026-01-30 11:10:00+00:00,0.9166399836540222,0.9168000221252441,0.9166399836540222,0.9167500138282776,24892.521757392165
2026-01-30 11:11:00+00:00,0.916700005531311,0.9168199896812439,0.9163500070571899,0.9168199896812439,20867.097271207178
2026-01-30 11:12:00+00:00,0.9168099761009216,0.9169399738311768,0.9167299866676331,0.9168400168418884,17821.379119481055
2026-01-30 11:13:00+00:00,0.9168699979782104,0.916920006275177,0.9164699912071228,0.9168300032615662,17981.291075329584
2026-01-30 11:14:00+00:00,0.9168300032615662,0.9169399738311768,0.9168000221252441,0.9168800115585327,15662.438177431637
2026-01-30 11:15:00+00:00,0.9168800115585327,0.9169300198554993,0.9163699746131897,0.9168400168418884,16666.647484152083
2026-01-30 11:16:00+00:00,0.9167900085449219,0.9168699979782104,0.9167100191116333,0.9168099761009216,16532.050137614653
2026-01-30 11:17:00+00:00,0.9168400168418884,0.916949987411499,0.9164100289344788,0.9167500138282776,18626.075402378297
2026-01-30 11:18:00+00:00,0.9167799949645996,0.9168400168418884,0.916670024394989,0.9167299866676331,17882.061714253497
2026-01-30 11:19:00+00:00,0.9166899919509888,0.9168199896812439,0.9162999987602234,0.9168199896812439,14973.585588964039
2026-01-30 11:20:00+00:00,0.9167699813842773,0.9168400168418884,0.916670024394989,0.9167100191116333,16609.873897064957
2026-01-30 11:21:00+00:00,0.916670024394989,0.9168199896812439,0.9162200093269348,0.9166399836540222,19739.05710067396
2026-01-30 11:22:00+00:00,0.9166399836540222,0.9167299866676331,0.9165899753570557,0.916670024394989,22378.316998464114
2026-01-30 11:23:00+00:00,0.9166200160980225,0.9167100191116333,0.9162200093269348,0.9166300296783447,15237.53864119165
2026-01-30 11:24:00+00:00,0.9166300296783447,0.9167299866676331,0.9166300296783447,0.9166499972343445,19702.96680769657
2026-01-30 11:25:00+00:00,0.9167199730873108,0.9168000221252441,0.9163200259208679,0.9167199730873108,16866.539224956196
2026-01-30 11:26:00+00:00,0.916700005531311,0.9167400002479553,0.9166200160980225,0.9166799783706665,13449.865373778159
2026-01-30 11:27:00+00:00,0.9166399836540222,0.916700005531311,0.9161199927330017,0.9165499806404114,18600.710820548073
2026-01-30 11:28:00+00:00,0.9165499806404114,0.9165999889373779,0.9164299964904785,0.916450023651123,17806.989308925655
2026-01-30 11:29:00+00:00,0.916450023651123,0.9165199995040894,0.9160100221633911,0.9164400100708008,20153.600390783235
2026-01-30 11:30:00+00:00,0.9164299964904785,0.9164900183677673,0.9163100123405457,0.9163900017738342,16362.736141379592
2026-01-30 11:31:00+00:00,0.9163600206375122,0.9166499972343445,0.916159987449646,0.9165800213813782,20004.73153340589
2026-01-30 11:32:00+00:00,0.9165599942207336,0.9169600009918213,0.9165499806404114,0.916890025138855,20862.693647881708
2026-01-30 11:33:00+00:00,0.9169099926948547,0.9169700145721436,0.9163100123405457,0.9166600108146667,25135.6985124472
2026-01-30 11:34:00+00:00,0.9166499972343445,0.9168000221252441,0.9166399836540222,0.9167299866676331,19350.69131147128
2026-01-30 11:35:00+00:00,0.9167299866676331,0.9168000221252441,0.9162999987602234,0.9166899919509888,22014.03840320424
2026-01-30 11:36:00+00:00,0.9167299866676331,0.9168499708175659,0.9166799783706665,0.9167400002479553,21131.769937601348
2026-01-30 11:37:00+00:00,0.9167400002479553,0.9168199896812439,0.9162899851799011,0.9167400002479553,22803.332149667935
2026-01-30 11:38:00+00:00,0.9167400002479553,0.9168499708175659,0.9167299866676331,0.9168000221252441,21052.695511740272
2026-01-30 11:39:00+00:00,0.9168000221252441,0.9168199896812439,0.9162899851799011,0.916700005531311,26117.773028099058
2026-01-30 11:40:00+00:00,0.916670024394989,0.9168000221252441,0.916670024394989,0.9167400002479553,22912.9373288653
2026-01-30 11:41:00+00:00,0.9167400002479553,0.9168000221252441,0.9162499904632568,0.9167400002479553,26337.338783896903
2026-01-30 11:42:00+00:00,0.9167100191116333,0.9168000221252441,0.9166300296783447,0.9166300296783447,27076.382786128615
2026-01-30 11:43:00+00:00,0.9166600108146667,0.916700005531311,0.9162300229072571,0.9166300296783447,24316.205981876843
2026-01-30 11:44:00+00:00,0.9166300296783447,0.9167199730873108,0.9165999889373779,0.9166300296783447,18363.00579242987
2026-01-30 11:45:00+00:00,0.9166200160980225,0.916700005531311,0.9161800146102905,0.9166100025177002,21881.8111436973
2026-01-30 11:46:00+00:00,0.9166100025177002,0.9166600108146667,0.9165400266647339,0.9166300296783447,17723.00900543731
2026-01-30 11:47:00+00:00,0.9166200160980225,0.9166499972343445,0.9161400198936462,0.9165800213813782,13089.497753048934
2026-01-30 11:48:00+00:00,0.9165700078010559,0.9166499972343445,0.9164800047874451,0.9165300130844116,14748.790132145348
2026-01-30 11:49:00+00:00,0.9165499806404114,0.9167600274085999,0.9162600040435791,0.9166100025177002,15301.83980012359
2026-01-30 11:50:00+00:00,0.9166100025177002,0.9167100191116333,0.9165400266647339,0.9166499972343445,13053.030699849456
2026-01-30 11:51:00+00:00,0.916700005531311,0.9168300032615662,0.9162899851799011,0.9167199730873108,13481.94882148215
2026-01-30 11:52:00+00:00,0.9167199730873108,0.9168400168418884,0.9166799783706665,0.916700005531311,14186.670068711112
2026-01-30 11:53:00+00:00,0.9167199730873108,0.9167299866676331,0.9161999821662903,0.9166799783706665,13925.717745947479
2026-01-30 11:54:00+00:00,0.9166600108146667,0.9167500138282776,0.9166200160980225,0.9167299866676331,18401.1374334477
2026-01-30 11:55:00+00:00,0.9167299866676331,0.9168000221252441,0.9162700176239014,0.9167199730873108,15851.63045915177
2026-01-30 11:56:00+00:00,0.9167199730873108,0.9167400002479553,0.9166399836540222,0.916670024394989,15193.108860935963
2026-01-30 11:57:00+00:00,0.9166499972343445,0.916700005531311,0.9161900281906128,0.9166399836540222,13730.547057258163
2026-01-30 11:58:00+00:00,0.9166399836540222,0.916700005531311,0.9164699912071228,0.9164900183677673,16192.080788358127
2026-01-30 11:59:00+00:00,0.9164900183677673,0.9164999723434448,0.9159799814224243,0.9164100289344788,17600.88780172559
2026-01-30 12:00:00+00:00,0.9164100289344788,0.9164900183677673,0.9163500070571899,0.916379988193512,16210.63940291243
2026-01-30 12:01:00+00:00,0.916379988193512,0.9164699912071228,0.9159200191497803,0.9163500070571899,16690.581159502934
2026-01-30 12:02:00+00:00,0.9163600206375122,0.9164400100708008,0.9162999987602234,0.9163600206375122,16595.270387558914
2026-01-30 12:03:00+00:00,0.9163900017738342,0.9164199829101562,0.9159700274467468,0.9163500070571899,17715.831979788498
2026-01-30 12:04:00+00:00,0.9163500070571899,0.9164400100708008,0.9162899851799011,0.9163100123405457,10843.353810941571
2026-01-30 12:05:00+00:00,0.9163299798965454,0.9163600206375122,0.9157299995422363,0.9161900281906128,16671.69904109558
2026-01-30 12:06:00+00:00,0.9161900281906128,0.9163200259208679,0.9161499738693237,0.9162999987602234,17182.3071197863
2026-01-30 12:07:00+00:00,0.9162600040435791,0.9163100123405457,0.9157599806785583,0.916159987449646,18885.35776691975
2026-01-30 12:08:00+00:00,0.916159987449646,0.9161999821662903,0.9160199761390686,0.9160400032997131,16438.46802280129
2026-01-30 12:09:00+00:00,0.9160400032997131,0.916100025177002,0.9155200123786926,0.9160199761390686,19598.31833772655
2026-01-30 12:10:00+00:00,0.9160000085830688,0.916100025177002,0.9159700274467468,0.9160299897193909,22218.07402943205
2026-01-30 12:11:00+00:00,0.9159899950027466,0.9161099791526794,0.9156399965286255,0.9160299897193909,21664.319667807555
2026-01-30 12:12:00+00:00,0.9160699844360352,0.9160799980163574,0.9157900214195251,0.9158200025558472,17402.23037470993
2026-01-30 12:13:00+00:00,0.9158999919891357,0.9159700274467468,0.9154899716377258,0.9159299731254578,17645.089942708193
2026-01-30 12:14:00+00:00,0.915910005569458,0.9160000085830688,0.9158300161361694,0.9158400297164917,21721.47463880845
2026-01-30 12:15:00+00:00,0.9158899784088135,0.9160000085830688,0.9154300093650818,0.9158599972724915,21098.543080864983
2026-01-30 12:16:00+00:00,0.9158599972724915,0.915910005569458,0.9158099889755249,0.915880024433136,21311.457176305375
2026-01-30 12:17:00+00:00,0.9158499836921692,0.9159600138664246,0.915440022945404,0.9158499836921692,20892.45274895932
2026-01-30 12:18:00+00:00,0.9158499836921692,0.9158999919891357,0.9157599806785583,0.9157900214195251,21438.540316590326
2026-01-30 12:19:00+00:00,0.9157900214195251,0.9158999919891357,0.915369987487793,0.9158200025558472,19163.131501164193
2026-01-30 12:20:00+00:00,0.9158099889755249,0.9158999919891357,0.9157699942588806,0.9157900214195251,21493.848397898124
2026-01-30 12:21:00+00:00,0.9157900214195251,0.9158999919891357,0.9153800010681152,0.9157699942588806,17564.30711405814
2026-01-30 12:22:00+00:00,0.9157999753952026,0.9159899950027466,0.9157400131225586,0.9159600138664246,19585.28179928491
2026-01-30 12:23:00+00:00,0.91593998670578,0.9161800146102905,0.915690004825592,0.9161099791526794,15649.125224243788
2026-01-30 12:24:00+00:00,0.9161199927330017,0.9161999821662903,0.9160299897193909,0.9161499738693237,19654.689447974844
2026-01-30 12:25:00+00:00,0.9161499738693237,0.9162700176239014,0.9157999753952026,0.9162200093269348,19097.826810874798
2026-01-30 12:26:00+00:00,0.9162200093269348,0.9162499904632568,0.9160299897193909,0.9161199927330017,17312.452172844118
2026-01-30 12:27:00+00:00,0.916100025177002,0.9161999821662903,0.915690004825592,0.9161400198936462,18935.27448779377
2026-01-30 12:28:00+00:00,0.9161099791526794,0.9161499738693237,0.9160000085830688,0.9160799980163574,19266.92528389677
2026-01-30 12:29:00+00:00,0.9160500168800354,0.916130006313324,0.9155200123786926,0.9159500002861023,19113.235803674626
2026-01-30 12:30:00+00:00,0.9159600138664246,0.9160900115966797,0.9158899784088135,0.9160599708557129,25460.21758416957
2026-01-30 12:31:00+00:00,0.9160299897193909,0.916100025177002,0.9156299829483032,0.9160400032997131,19833.09023104612
2026-01-30 12:32:00+00:00,0.9160400032997131,0.9161400198936462,0.9159799814224243,0.9161199927330017,20176.293908020365
2026-01-30 12:33:00+00:00,0.9161199927330017,0.9161199927330017,0.9155899882316589,0.9160199761390686,19422.17691078321
2026-01-30 12:34:00+00:00,0.9160199761390686,0.916100025177002,0.9159799814224243,0.9160500168800354,17975.45006185358
2026-01-30 12:35:00+00:00,0.9160100221633911,0.9161999821662903,0.9156799912452698,0.916100025177002,21626.49835836692
2026-01-30 12:36:00+00:00,0.916100025177002,0.9161999821662903,0.9160699844360352,0.916130006313324,20741.116734092837
2026-01-30 12:37:00+00:00,0.916130006313324,0.9161999821662903,0.915690004825592,0.9161199927330017,18414.079743744394
2026-01-30 12:38:00+00:00,0.916100025177002,0.9162999987602234,0.9160900115966797,0.9161800146102905,18249.64661074204
2026-01-30 12:39:00+00:00,0.9161999821662903,0.9164000153541565,0.9158499836921692,0.9162499904632568,22434.117483730814
2026-01-30 12:40:00+00:00,0.9162600040435791,0.9164199829101562,0.9161999821662903,0.9162700176239014,13666.366719037613
2026-01-30 12:41:00+00:00,0.9162499904632568,0.9163200259208679,0.9158099889755249,0.916159987449646,19782.889063211336
2026-01-30 12:42:00+00:00,0.9162099957466125,0.9162200093269348,0.9159799814224243,0.9160699844360352,21949.49705369129
2026-01-30 12:43:00+00:00,0.9160299897193909,0.9162099957466125,0.9156699776649475,0.9161099791526794,15789.844282940492
2026-01-30 12:44:00+00:00,0.9160599708557129,0.9161999821662903,0.9160599708557129,0.916100025177002,21099.618849848393
2026-01-30 12:45:00+00:00,0.9161400198936462,0.9162300229072571,0.915690004825592,0.916159987449646,20462.197173046356
2026-01-30 12:46:00+00:00,0.916130006313324,0.9161700010299683,0.9160000085830688,0.9160000085830688,20084.162663483457
2026-01-30 12:47:00+00:00,0.9159899950027466,0.916100025177002,0.9155099987983704,0.9159700274467468,20054.44596822386
2026-01-30 12:48:00+00:00,0.9159700274467468,0.9160799980163574,0.9159500002861023,0.9160699844360352,21572.48962617397
2026-01-30 12:49:00+00:00,0.9160199761390686,0.9161999821662903,0.9156100153923035,0.9160500168800354,25681.190640634155
2026-01-30 12:50:00+00:00,0.9160500168800354,0.9161199927330017,0.9159799814224243,0.9160100221633911,25046.215891523065
2026-01-30 12:51:00+00:00,0.9160100221633911,0.916100025177002,0.9156000018119812,0.9160699844360352,28242.320561427743
2026-01-30 12:52:00+00:00,0.9160699844360352,0.9161400198936462,0.9160199761390686,0.9160699844360352,21756.348724288884
2026-01-30 12:53:00+00:00,0.9160400032997131,0.9161400198936462,0.9156500101089478,0.9161099791526794,23036.006361128522
2026-01-30 12:54:00+00:00,0.9160799980163574,0.9161999821662903,0.9160400032997131,0.9160599708557129,22471.89242194223
2026-01-30 12:55:00+00:00,0.9160900115966797,0.916100025177002,0.9154999852180481,0.9160199761390686,22192.743210813576
2026-01-30 12:56:00+00:00,0.9160000085830688,0.916100025177002,0.9159299731254578,0.9159700274467468,19957.93715319076
2026-01-30 12:57:00+00:00,0.9159700274467468,0.9160199761390686,0.9154800176620483,0.9158700108528137,21569.96315459968
2026-01-30 12:58:00+00:00,0.9158700108528137,0.9159700274467468,0.9158499836921692,0.9159200191497803,19720.508699010436
2026-01-30 12:59:00+00:00,0.9159600138664246,0.9160199761390686,0.9155099987983704,0.9159299731254578,17614.51964894446
2026-01-30 13:00:00+00:00,0.9160100221633911,0.9161999821662903,0.9158899784088135,0.9160799980163574,22532.89320102675
2026-01-30 13:01:00+00:00,0.9160900115966797,0.9161700010299683,0.9156000018119812,0.9160599708557129,20915.00878276472
2026-01-30 13:02:00+00:00,0.9160400032997131,0.916100025177002,0.9158999919891357,0.9159299731254578,19858.69163315857
2026-01-30 13:03:00+00:00,0.9159500002861023,0.9161099791526794,0.9155799746513367,0.9160400032997131,20084.283934433653
2026-01-30 13:04:00+00:00,0.9160500168800354,0.9160500168800354,0.9158099889755249,0.9158999919891357,28375.775391015137
2026-01-30 13:05:00+00:00,0.915910005569458,0.9160400032997131,0.9154499769210815,0.9158999919891357,26053.168472553323
2026-01-30 13:06:00+00:00,0.9158899784088135,0.9160400032997131,0.9158200025558472,0.9158400297164917,25340.868153094714
2026-01-30 13:07:00+00:00,0.9158599972724915,0.9158999919891357,0.9149900078773499,0.9154499769210815,35896.63637541419
2026-01-30 13:08:00+00:00,0.9154800176620483,0.9156799912452698,0.9154300093650818,0.9155099987983704,32014.601265912253
2026-01-30 13:09:00+00:00,0.9154700040817261,0.9157299995422363,0.9151700139045715,0.9157299995422363,42237.50604251513
2026-01-30 13:10:00+00:00,0.91566002368927,0.9157299995422363,0.9153900146484375,0.9154000282287598,44691.77281038732
2026-01-30 13:11:00+00:00,0.915440022945404,0.9155099987983704,0.9149699807167053,0.915440022945404,40836.305881616245
2026-01-30 13:12:00+00:00,0.9154499769210815,0.9155200123786926,0.9153800010681152,0.9154199957847595,40751.53468611385
2026-01-30 13:13:00+00:00,0.9154199957847595,0.9155300259590149,0.9149699807167053,0.9154800176620483,36720.473949847656
2026-01-30 13:14:00+00:00,0.9154599905014038,0.9156399965286255,0.9154099822044373,0.9156000018119812,41570.52790501096
2026-01-30 13:15:00+00:00,0.9156200289726257,0.9156200289726257,0.915090024471283,0.9155200123786926,38922.34766264384
2026-01-30 13:16:00+00:00,0.9154999852180481,0.9156299829483032,0.9154999852180481,0.9155399799346924,37389.90610337786
2026-01-30 13:17:00+00:00,0.9155399799346924,0.9155899882316589,0.9149900078773499,0.9154300093650818,38830.875439622374
2026-01-30 13:18:00+00:00,0.9153800010681152,0.9157599806785583,0.9153500199317932,0.9155700206756592,41940.61872516849
2026-01-30 13:19:00+00:00,0.9156000018119812,0.9156500101089478,0.9150800108909607,0.9155499935150146,43846.13874042113
2026-01-30 13:20:00+00:00,0.9155200123786926,0.9156000018119812,0.9154800176620483,0.9155300259590149,45206.42290628242
2026-01-30 13:21:00+00:00,0.9155499935150146,0.9157800078392029,0.9152799844741821,0.9157400131225586,28959.533254507263
2026-01-30 13:22:00+00:00,0.9157099723815918,0.9157999753952026,0.915690004825592,0.9157199859619141,23278.115254604858
2026-01-30 13:23:00+00:00,0.9157000184059143,0.9158099889755249,0.915340006351471,0.9157900214195251,26130.53165404051
2026-01-30 13:24:00+00:00,0.9157900214195251,0.9157999753952026,0.9155499935150146,0.9156100153923035,24705.891888458886
2026-01-30 13:25:00+00:00,0.9155799746513367,0.9156100153923035,0.9150400161743164,0.9155399799346924,24988.87475840062
2026-01-30 13:26:00+00:00,0.9155399799346924,0.9156399965286255,0.9155099987983704,0.9156299829483032,27312.73285636763
2026-01-30 13:27:00+00:00,0.9155899882316589,0.9156699776649475,0.9152200222015381,0.9156200289726257,22564.06837316934
2026-01-30 13:28:00+00:00,0.9156299829483032,0.9157000184059143,0.9155799746513367,0.9155899882316589,17559.12556134625
2026-01-30 13:29:00+00:00,0.9155899882316589,0.9157400131225586,0.9152100086212158,0.9154800176620483,22579.169490776272
2026-01-30 13:30:00+00:00,0.9154899716377258,0.9157099723815918,0.915120005607605,0.9156500101089478,36790.13133644975
2026-01-30 13:31:00+00:00,0.9156399965286255,0.9158300161361694,0.9153599739074707,0.9157299995422363,31203.655519192238
2026-01-30 13:32:00+00:00,0.9157299995422363,0.9158499836921692,0.9154999852180481,0.9156000018119812,27151.701145926203
2026-01-30 13:33:00+00:00,0.9155899882316589,0.9157400131225586,0.9151999950408936,0.9155700206756592,28402.63833686876
2026-01-30 13:34:00+00:00,0.9155600070953369,0.9157000184059143,0.9155600070953369,0.9156000018119812,32620.570256582545
2026-01-30 13:35:00+00:00,0.9155899882316589,0.9157000184059143,0.9151399731636047,0.9155099987983704,28578.603861192765
2026-01-30 13:36:00+00:00,0.9155099987983704,0.9155600070953369,0.9153000116348267,0.9153299927711487,26884.32198410648
2026-01-30 13:37:00+00:00,0.9153299927711487,0.9154000282287598,0.9148399829864502,0.9151600003242493,34556.6012197109
2026-01-30 13:38:00+00:00,0.9151600003242493,0.9154800176620483,0.915149986743927,0.9154499769210815,36772.79719530645
2026-01-30 13:39:00+00:00,0.9154499769210815,0.9156000018119812,0.9149799942970276,0.9154199957847595,35054.89191772167
2026-01-30 13:40:00+00:00,0.9154199957847595,0.9155099987983704,0.9153900146484375,0.9155099987983704,35544.588037030924
2026-01-30 13:41:00+00:00,0.9154999852180481,0.9156000018119812,0.9150999784469604,0.9155200123786926,40206.78638377325
2026-01-30 13:42:00+00:00,0.9155200123786926,0.9156000018119812,0.915440022945404,0.9154899716377258,37637.91939507783
2026-01-30 13:43:00+00:00,0.9155099987983704,0.9155300259590149,0.9149799942970276,0.915340006351471,35335.900812903
2026-01-30 13:44:00+00:00,0.915340006351471,0.9155200123786926,0.9153100252151489,0.915440022945404,31585.884209516385
2026-01-30 13:45:00+00:00,0.9154199957847595,0.9155700206756592,0.9150300025939941,0.9154700040817261,34667.94709028274
2026-01-30 13:46:00+00:00,0.9154700040817261,0.9155700206756592,0.915440022945404,0.9155200123786926,27134.01836915472
2026-01-30 13:47:00+00:00,0.9155300259590149,0.9157000184059143,0.9151999950408936,0.9156799912452698,26764.663170788015
2026-01-30 13:48:00+00:00,0.9157099723815918,0.9157699942588806,0.9155899882316589,0.9157099723815918,29345.91961828889
2026-01-30 13:49:00+00:00,0.9157199859619141,0.9158700108528137,0.9153299927711487,0.9157900214195251,27489.596682673742
2026-01-30 13:50:00+00:00,0.9157699942588806,0.9158400297164917,0.9157099723815918,0.9157699942588806,22636.575972119626
2026-01-30 13:51:00+00:00,0.9157599806785583,0.9158499836921692,0.915369987487793,0.9158400297164917,27958.237066964535
2026-01-30 13:52:00+00:00,0.9158200025558472,0.9158499836921692,0.91566002368927,0.91566002368927,17856.294982085998
2026-01-30 13:53:00+00:00,0.91566002368927,0.9158200025558472,0.9153599739074707,0.9158099889755249,15155.398733254953
2026-01-30 13:54:00+00:00,0.9158099889755249,0.915910005569458,0.9157500267028809,0.9157900214195251,19643.28753508317
2026-01-30 13:55:00+00:00,0.9157900214195251,0.9158999919891357,0.9154000282287598,0.9158499836921692,13379.858010803437
2026-01-30 13:56:00+00:00,0.9158599972724915,0.9159299731254578,0.9157599806785583,0.9158999919891357,17094.265645453528
2026-01-30 13:57:00+00:00,0.9158999919891357,0.916130006313324,0.9154499769210815,0.9157500267028809,17595.373212063918
2026-01-30 13:58:00+00:00,0.9157599806785583,0.9160000085830688,0.9157299995422363,0.915880024433136,21888.11793907066
2026-01-30 13:59:00+00:00,0.915910005569458,0.9160000085830688,0.9155200123786926,0.9159700274467468,21424.592437518615
2026-01-30 14:00:00+00:00,0.91593998670578,0.9159799814224243,0.9158099889755249,0.9158499836921692,22619.176360484726
2026-01-30 14:01:00+00:00,0.9158499836921692,0.915910005569458,0.9153500199317932,0.9157599806785583,22654.302157734557
2026-01-30 14:02:00+00:00,0.9157500267028809,0.9158999919891357,0.9157400131225586,0.9157500267028809,18277.816178685825
2026-01-30 14:03:00+00:00,0.9157500267028809,0.9160199761390686,0.9155200123786926,0.9159700274467468,23285.633494268117
2026-01-30 14:04:00+00:00,0.9159299731254578,0.9160500168800354,0.9159200191497803,0.9160100221633911,23460.487192366054
2026-01-30 14:05:00+00:00,0.9159899950027466,0.9160699844360352,0.9155300259590149,0.9159500002861023,22931.632216267597
2026-01-30 14:06:00+00:00,0.9159600138664246,0.9160400032997131,0.91593998670578,0.9160100221633911,21060.682364167755
2026-01-30 14:07:00+00:00,0.9160000085830688,0.9160699844360352,0.9155799746513367,0.9160000085830688,19894.4430332195
2026-01-30 14:08:00+00:00,0.9160000085830688,0.9161999821662903,0.9160000085830688,0.9161499738693237,22207.12641018946
2026-01-30 14:09:00+00:00,0.9161400198936462,0.9161700010299683,0.9155300259590149,0.9160000085830688,28339.643918662783
2026-01-30 14:10:00+00:00,0.9160199761390686,0.9160500168800354,0.9159500002861023,0.9159700274467468,22346.88609174666
2026-01-30 14:11:00+00:00,0.9159500002861023,0.9160400032997131,0.9155499935150146,0.9160000085830688,23376.90603882787
2026-01-30 14:12:00+00:00,0.9160400032997131,0.916100025177002,0.9159799814224243,0.9160199761390686,18307.720760819757
2026-01-30 14:13:00+00:00,0.9160199761390686,0.916100025177002,0.9155399799346924,0.9160000085830688,15961.21241437686
2026-01-30 14:14:00+00:00,0.9159899950027466,0.9160500168800354,0.91593998670578,0.91593998670578,15210.273212633661
2026-01-30 14:15:00+00:00,0.9159500002861023,0.9160000085830688,0.9154300093650818,0.915910005569458,19408.869323626153
2026-01-30 14:16:00+00:00,0.9158700108528137,0.9160000085830688,0.9158400297164917,0.9158499836921692,17285.978259310024
2026-01-30 14:17:00+00:00,0.9158499836921692,0.91593998670578,0.9153800010681152,0.915910005569458,17991.459024035856
2026-01-30 14:18:00+00:00,0.9158700108528137,0.9160500168800354,0.9158400297164917,0.91593998670578,18640.11857188612
2026-01-30 14:19:00+00:00,0.9159700274467468,0.9160000085830688,0.9154099822044373,0.915880024433136,19841.563529496918
2026-01-30 14:20:00+00:00,0.9158499836921692,0.9158899784088135,0.9157299995422363,0.9157500267028809,20099.416127633318
2026-01-30 14:21:00+00:00,0.9157500267028809,0.9157999753952026,0.9152899980545044,0.9157099723815918,25775.38157126903
2026-01-30 14:22:00+00:00,0.9157099723815918,0.9157999753952026,0.9156399965286255,0.9156500101089478,21196.89821191944
2026-01-30 14:23:00+00:00,0.9156699776649475,0.9157099723815918,0.9151300191879272,0.9155700206756592,20701.84361259931
2026-01-30 14:24:00+00:00,0.9155300259590149,0.9156000018119812,0.9154499769210815,0.9154999852180481,22793.0336136301
2026-01-30 14:25:00+00:00,0.9155200123786926,0.9156000018119812,0.9150999784469604,0.9155200123786926,23405.406969435964
2026-01-30 14:26:00+00:00,0.9155200123786926,0.9156200289726257,0.9154999852180481,0.9155200123786926,21921.04735604447
2026-01-30 14:27:00+00:00,0.9155099987983704,0.9156100153923035,0.9150500297546387,0.9154999852180481,22378.47868350548
2026-01-30 14:28:00+00:00,0.9154800176620483,0.9155099987983704,0.9152600169181824,0.9152899980545044,27163.25204924802
2026-01-30 14:29:00+00:00,0.9153000116348267,0.9155499935150146,0.9150699973106384,0.9154999852180481,23017.18122396413
2026-01-30 14:30:00+00:00,0.9155300259590149,0.9156299829483032,0.9154199957847595,0.9156000018119812,21602.35089378481
2026-01-30 14:31:00+00:00,0.9156100153923035,0.9156299829483032,0.9150500297546387,0.9154599905014038,20912.575196163012
2026-01-30 14:32:00+00:00,0.9154700040817261,0.9156699776649475,0.915369987487793,0.9156299829483032,25001.555213058637
2026-01-30 14:33:00+00:00,0.91566002368927,0.9157000184059143,0.9150599837303162,0.9155300259590149,27243.01186107334
2026-01-30 14:34:00+00:00,0.9155600070953369,0.9157000184059143,0.9154999852180481,0.9156200289726257,35220.83522951338
2026-01-30 14:35:00+00:00,0.9156299829483032,0.9156799912452698,0.915149986743927,0.9156000018119812,29999.004881668934
2026-01-30 14:36:00+00:00,0.9155799746513367,0.9156500101089478,0.9154999852180481,0.9154999852180481,26361.640584819823
2026-01-30 14:37:00+00:00,0.9154899716377258,0.9156100153923035,0.9151099920272827,0.9155499935150146,29456.514282164364
2026-01-30 14:38:00+00:00,0.9155499935150146,0.9157000184059143,0.9155499935150146,0.9156100153923035,27526.041303042693
2026-01-30 14:39:00+00:00,0.9156000018119812,0.9157299995422363,0.9152200222015381,0.9156699776649475,26230.55775417708
2026-01-30 14:40:00+00:00,0.9156799912452698,0.9157500267028809,0.9155899882316589,0.9156799912452698,29078.744722259707
2026-01-30 14:41:00+00:00,0.9156399965286255,0.9156799912452698,0.9149399995803833,0.9153900146484375,31481.28516749402
2026-01-30 14:42:00+00:00,0.9153800010681152,0.9155399799346924,0.9153800010681152,0.9154800176620483,24067.079735933865
2026-01-30 14:43:00+00:00,0.9154700040817261,0.9155099987983704,0.9149900078773499,0.9153800010681152,34788.77074380335
2026-01-30 14:44:00+00:00,0.915369987487793,0.915440022945404,0.9153299927711487,0.915340006351471,26909.912474773515
2026-01-30 14:45:00+00:00,0.915340006351471,0.9154800176620483,0.9149600267410278,0.9153900146484375,24067.37049334524
2026-01-30 14:46:00+00:00,0.9153800010681152,0.915440022945404,0.9152899980545044,0.9153199791908264,21627.981780173905
2026-01-30 14:47:00+00:00,0.9153299927711487,0.9153599739074707,0.9147800207138062,0.9151999950408936,22932.64996477107
2026-01-30 14:48:00+00:00,0.9152399897575378,0.9152899980545044,0.9150300025939941,0.9150699973106384,21946.114791534616
2026-01-30 14:49:00+00:00,0.9150699973106384,0.9151999950408936,0.9146900177001953,0.9151700139045715,27280.731772645264
2026-01-30 14:50:00+00:00,0.9152100086212158,0.9154499769210815,0.9151700139045715,0.9154300093650818,22846.551302642656
2026-01-30 14:51:00+00:00,0.9153800010681152,0.9154700040817261,0.9149600267410278,0.9153800010681152,21742.543426599957
2026-01-30 14:52:00+00:00,0.9154300093650818,0.9155399799346924,0.9152500033378601,0.9152799844741821,30140.552833392052
2026-01-30 14:53:00+00:00,0.9152600169181824,0.9153500199317932,0.9148600101470947,0.9152500033378601,28386.456347696803
2026-01-30 14:54:00+00:00,0.9152500033378601,0.9154000282287598,0.9152399897575378,0.9152899980545044,27727.92195992277
2026-01-30 14:55:00+00:00,0.9153000116348267,0.9153199791908264,0.9147899746894836,0.9153000116348267,24032.155482413233
2026-01-30 14:56:00+00:00,0.9152500033378601,0.915369987487793,0.9151300191879272,0.9153500199317932,24433.589133512574
2026-01-30 14:57:00+00:00,0.915369987487793,0.915369987487793,0.9146400094032288,0.9150999784469604,32928.693772106235
2026-01-30 14:58:00+00:00,0.9150599837303162,0.9153800010681152,0.9150500297546387,0.915340006351471,36247.5029588783
2026-01-30 14:59:00+00:00,0.915369987487793,0.915440022945404,0.9149199724197388,0.9153800010681152,36906.07088810167
2026-01-30 15:00:00+00:00,0.915369987487793,0.9154300093650818,0.9151700139045715,0.9153299927711487,36116.651035112445
2026-01-30 15:01:00+00:00,0.915369987487793,0.9155399799346924,0.9150300025939941,0.9154199957847595,40235.499103488226
2026-01-30 15:02:00+00:00,0.9154300093650818,0.9154999852180481,0.9153500199317932,0.9154700040817261,25847.8638081582
2026-01-30 15:03:00+00:00,0.915440022945404,0.9154599905014038,0.9148100018501282,0.9152799844741821,32848.62797445395
2026-01-30 15:04:00+00:00,0.9152600169181824,0.9153000116348267,0.9151300191879272,0.9152200222015381,40231.49942061131
2026-01-30 15:05:00+00:00,0.9152200222015381,0.9153800010681152,0.9147999882698059,0.9152399897575378,34387.02522560224
2026-01-30 15:06:00+00:00,0.9152500033378601,0.915369987487793,0.9152200222015381,0.915340006351471,32898.3584469517
2026-01-30 15:07:00+00:00,0.915369987487793,0.9155300259590149,0.9149900078773499,0.9154700040817261,34735.36291476804
2026-01-30 15:08:00+00:00,0.9154599905014038,0.9155399799346924,0.9153500199317932,0.9154199957847595,34230.56851361103
2026-01-30 15:09:00+00:00,0.9153800010681152,0.9155099987983704,0.9149699807167053,0.9154199957847595,34234.490812731114
2026-01-30 15:10:00+00:00,0.9153900146484375,0.915440022945404,0.9152699708938599,0.9152899980545044,39909.66498781541
2026-01-30 15:11:00+00:00,0.9153199791908264,0.9154000282287598,0.9148799777030945,0.915340006351471,27198.53271919931
2026-01-30 15:12:00+00:00,0.915340006351471,0.9154000282287598,0.9151700139045715,0.9151999950408936,25842.683161619563
2026-01-30 15:13:00+00:00,0.9151999950408936,0.9152200222015381,0.9146400094032288,0.9150400161743164,27464.0036396809
2026-01-30 15:14:00+00:00,0.9150300025939941,0.9150999784469604,0.9149699807167053,0.9150400161743164,24963.35880216184
2026-01-30 15:15:00+00:00,0.9150400161743164,0.9151099920272827,0.9145699739456177,0.9150400161743164,25560.919688066144
2026-01-30 15:16:00+00:00,0.9150000214576721,0.9151399731636047,0.9149799942970276,0.9150400161743164,23441.49688806908
2026-01-30 15:17:00+00:00,0.9150800108909607,0.9151300191879272,0.9146199822425842,0.9150300025939941,20449.99644431421
2026-01-30 15:18:00+00:00,0.9150300025939941,0.9151300191879272,0.9149799942970276,0.9150000214576721,24404.415791413354
2026-01-30 15:19:00+00:00,0.9150000214576721,0.9150999784469604,0.9145799875259399,0.9149100184440613,22793.97186658703
2026-01-30 15:20:00+00:00,0.9149500131607056,0.9151099920272827,0.9149100184440613,0.9149699807167053,22277.171590346607
2026-01-30 15:21:00+00:00,0.9149600267410278,0.9150300025939941,0.9145299792289734,0.9149900078773499,21184.6461261008
2026-01-30 15:22:00+00:00,0.9149900078773499,0.9150300025939941,0.9148499965667725,0.9148899912834167,22065.447048473252
2026-01-30 15:23:00+00:00,0.914900004863739,0.914929986000061,0.9144399762153625,0.9149199724197388,20999.528950144413
2026-01-30 15:24:00+00:00,0.914900004863739,0.9151099920272827,0.9147599935531616,0.9149699807167053,21469.779099322106
2026-01-30 15:25:00+00:00,0.9149699807167053,0.9150099754333496,0.9144999980926514,0.9148799777030945,28358.60633429143
2026-01-30 15:26:00+00:00,0.9148200154304504,0.9148899912834167,0.9146400094032288,0.9147300124168396,25343.433446701736
2026-01-30 15:27:00+00:00,0.9146999716758728,0.9147999882698059,0.9142600297927856,0.9147499799728394,24639.86517159761
2026-01-30 15:28:00+00:00,0.9147400259971619,0.9148600101470947,0.9147300124168396,0.9148300290107727,19370.583276218124
2026-01-30 15:29:00+00:00,0.9148300290107727,0.9148600101470947,0.9143099784851074,0.9147300124168396,25326.140032558807
2026-01-30 15:30:00+00:00,0.9147400259971619,0.9147700071334839,0.9145100116729736,0.9145100116729736,23970.64895341425
2026-01-30 15:31:00+00:00,0.9145299792289734,0.9146999716758728,0.9141899943351746,0.9146299958229065,20106.91567625533
2026-01-30 15:32:00+00:00,0.9146000146865845,0.9148799777030945,0.9146000146865845,0.9147800207138062,26140.084040627175
2026-01-30 15:33:00+00:00,0.9148200154304504,0.9150999784469604,0.9145600199699402,0.9150300025939941,28946.431790059123
2026-01-30 15:34:00+00:00,0.9150199890136719,0.9150699973106384,0.9147999882698059,0.9149399995803833,27771.27689948871
2026-01-30 15:35:00+00:00,0.914900004863739,0.9151800274848938,0.9146400094032288,0.9150999784469604,26597.660594312958
2026-01-30 15:36:00+00:00,0.9150999784469604,0.9152299761772156,0.9150400161743164,0.915149986743927,33484.784775815155
2026-01-30 15:37:00+00:00,0.9151099920272827,0.9152299761772156,0.9146699905395508,0.9150999784469604,34514.006024335074
2026-01-30 15:38:00+00:00,0.9150999784469604,0.915340006351471,0.9150699973106384,0.9152200222015381,33836.44720691265
2026-01-30 15:39:00+00:00,0.9152200222015381,0.915369987487793,0.9148799777030945,0.9153500199317932,33522.09751162235
2026-01-30 15:40:00+00:00,0.9153500199317932,0.915440022945404,0.9153000116348267,0.915340006351471,26064.306756085378
2026-01-30 15:41:00+00:00,0.915340006351471,0.9154099822044373,0.9148200154304504,0.9152899980545044,25754.98822987827
2026-01-30 15:42:00+00:00,0.9152500033378601,0.9154000282287598,0.9152100086212158,0.915340006351471,33627.721983097494
2026-01-30 15:43:00+00:00,0.9153500199317932,0.9154599905014038,0.9149699807167053,0.9154599905014038,25992.63210041849
2026-01-30 15:44:00+00:00,0.9154599905014038,0.9156799912452698,0.9154000282287598,0.9156100153923035,29026.995392212073
2026-01-30 15:45:00+00:00,0.9155799746513367,0.9158200025558472,0.915369987487793,0.9158099889755249,28284.893547723463
2026-01-30 15:46:00+00:00,0.9158300161361694,0.9159299731254578,0.9156699776649475,0.915880024433136,29134.37007275077
2026-01-30 15:47:00+00:00,0.9158899784088135,0.91593998670578,0.9153500199317932,0.9155600070953369,29380.50021558442
2026-01-30 15:48:00+00:00,0.9155099987983704,0.9157299995422363,0.9152600169181824,0.9156399965286255,30942.603581327996
2026-01-30 15:49:00+00:00,0.9156399965286255,0.9156799912452698,0.9148399829864502,0.9153500199317932,50875.74245568593
2026-01-30 15:50:00+00:00,0.915369987487793,0.9157299995422363,0.9152699708938599,0.915690004825592,38591.000993132126
2026-01-30 15:51:00+00:00,0.9156399965286255,0.9157500267028809,0.9152399897575378,0.9156000018119812,47317.58571319817
2026-01-30 15:52:00+00:00,0.9156399965286255,0.9157199859619141,0.9154999852180481,0.9156200289726257,42984.82658004263
2026-01-30 15:53:00+00:00,0.9156200289726257,0.9156799912452698,0.915149986743927,0.9155600070953369,41724.04380383683
2026-01-30 15:54:00+00:00,0.9155799746513367,0.9157800078392029,0.9155200123786926,0.9157299995422363,48377.51234674036
2026-01-30 15:55:00+00:00,0.9157400131225586,0.9160199761390686,0.9154199957847595,0.9158599972724915,46441.19132150137
2026-01-30 15:56:00+00:00,0.9158200025558472,0.9161999821662903,0.91566002368927,0.916159987449646,51353.42578969289
2026-01-30 15:57:00+00:00,0.916159987449646,0.9162200093269348,0.915690004825592,0.9161099791526794,52470.831158569905
2026-01-30 15:58:00+00:00,0.9161400198936462,0.9162099957466125,0.9160599708557129,0.9161199927330017,49574.461553187
2026-01-30 15:59:00+00:00,0.9161199927330017,0.916130006313324,0.9156500101089478,0.9160699844360352,54292.21405056885
2026-01-30 16:00:00+00:00,0.9160799980163574,0.9161099791526794,0.9159299731254578,0.9160299897193909,51661.50036009642
2026-01-30 16:01:00+00:00,0.9160000085830688,0.916100025177002,0.9155300259590149,0.9160299897193909,52455.435503423425
2026-01-30 16:02:00+00:00,0.9160199761390686,0.916130006313324,0.9159500002861023,0.9160599708557129,51368.713015624555
2026-01-30 16:03:00+00:00,0.9160500168800354,0.9160699844360352,0.9156100153923035,0.9160100221633911,38759.5049416242
2026-01-30 16:04:00+00:00,0.9160100221633911,0.9161099791526794,0.9159600138664246,0.9160299897193909,25039.340860336284
2026-01-30 16:05:00+00:00,0.9160599708557129,0.916100025177002,0.9155499935150146,0.9159799814224243,30039.17415474728
2026-01-30 16:06:00+00:00,0.9159799814224243,0.916100025177002,0.9159600138664246,0.9160500168800354,29296.177289220857
2026-01-30 16:07:00+00:00,0.9160799980163574,0.9161999821662903,0.9156100153923035,0.916100025177002,41202.19448711614
2026-01-30 16:08:00+00:00,0.916130006313324,0.9162499904632568,0.9160500168800354,0.9161900281906128,33318.31161618457
2026-01-30 16:09:00+00:00,0.9161499738693237,0.9161999821662903,0.9156000018119812,0.9161099791526794,25781.047090348624
2026-01-30 16:10:00+00:00,0.9161199927330017,0.9161700010299683,0.9160299897193909,0.916100025177002,23825.63646390847
2026-01-30 16:11:00+00:00,0.9160799980163574,0.9161199927330017,0.9155600070953369,0.9159899950027466,19364.374437064005
2026-01-30 16:12:00+00:00,0.9159600138664246,0.916100025177002,0.9159299731254578,0.9160699844360352,22117.174985087666
2026-01-30 16:13:00+00:00,0.9160799980163574,0.916130006313324,0.9155600070953369,0.9159799814224243,20654.644191209965
2026-01-30 16:14:00+00:00,0.9160100221633911,0.9160199761390686,0.9158300161361694,0.9158599972724915,24090.974993253356
2026-01-30 16:15:00+00:00,0.9158400297164917,0.9160500168800354,0.9155300259590149,0.9159600138664246,23266.35036238393
2026-01-30 16:16:00+00:00,0.9160000085830688,0.916100025177002,0.9159200191497803,0.9159700274467468,26591.521409870136
2026-01-30 16:17:00+00:00,0.9159700274467468,0.916100025177002,0.9155799746513367,0.9160299897193909,20457.962278911957
2026-01-30 16:18:00+00:00,0.9160299897193909,0.916100025177002,0.915910005569458,0.9159200191497803,24963.106496693625
2026-01-30 16:19:00+00:00,0.9159200191497803,0.9160199761390686,0.9155099987983704,0.9159200191497803,25408.518910638704
2026-01-30 16:20:00+00:00,0.9158999919891357,0.9160100221633911,0.9158499836921692,0.915910005569458,26524.852061788915
2026-01-30 16:21:00+00:00,0.9158599972724915,0.9160000085830688,0.9154199957847595,0.9158200025558472,26222.123993021978
2026-01-30 16:22:00+00:00,0.9158200025558472,0.9158999919891357,0.915690004825592,0.9158499836921692,25312.875510776477
2026-01-30 16:23:00+00:00,0.9157999753952026,0.916100025177002,0.9154999852180481,0.915910005569458,24344.839699795542
2026-01-30 16:24:00+00:00,0.915910005569458,0.9159799814224243,0.9157900214195251,0.9159200191497803,25766.12764107286
2026-01-30 16:25:00+00:00,0.9159200191497803,0.9160000085830688,0.9154499769210815,0.9158499836921692,24885.18136982656
2026-01-30 16:26:00+00:00,0.915880024433136,0.9160000085830688,0.9158300161361694,0.915910005569458,27223.917231644467
2026-01-30 16:27:00+00:00,0.915910005569458,0.9160000085830688,0.915340006351471,0.9157500267028809,26118.285344788776
2026-01-30 16:28:00+00:00,0.9157900214195251,0.9158400297164917,0.9157500267028809,0.9157800078392029,26982.675378232838
2026-01-30 16:29:00+00:00,0.9157699942588806,0.9158999919891357,0.9153500199317932,0.9158400297164917,28005.62753523859
2026-01-30 16:30:00+00:00,0.9157999753952026,0.9158999919891357,0.9157500267028809,0.9157999753952026,25914.78440891434
2026-01-30 16:31:00+00:00,0.9158200025558472,0.91593998670578,0.9154300093650818,0.9157900214195251,23615.38606176304
2026-01-30 16:32:00+00:00,0.9158200025558472,0.9160000085830688,0.9157999753952026,0.9159600138664246,28353.972431622486
2026-01-30 16:33:00+00:00,0.9159500002861023,0.9160100221633911,0.9155099987983704,0.9159299731254578,17677.925693170313
2026-01-30 16:34:00+00:00,0.9159299731254578,0.9160100221633911,0.9158200025558472,0.9158200025558472,18766.687009205543
2026-01-30 16:35:00+00:00,0.9158200025558472,0.9158599972724915,0.9152500033378601,0.9157000184059143,26566.106751469404
2026-01-30 16:36:00+00:00,0.9157099723815918,0.9157500267028809,0.9155300259590149,0.9155300259590149,26256.28283158218
2026-01-30 16:37:00+00:00,0.9155499935150146,0.9160199761390686,0.9154800176620483,0.9159799814224243,26902.26887696843
2026-01-30 16:38:00+00:00,0.9159500002861023,0.916100025177002,0.9159200191497803,0.9160799980163574,26508.060436826137
2026-01-30 16:39:00+00:00,0.9160500168800354,0.9161499738693237,0.9154999852180481,0.9159299731254578,23619.64759783962
2026-01-30 16:40:00+00:00,0.9159299731254578,0.9160000085830688,0.9158499836921692,0.9158999919891357,25360.0021790046
2026-01-30 16:41:00+00:00,0.9158599972724915,0.916100025177002,0.9155700206756592,0.9160000085830688,23298.36094128929
2026-01-30 16:42:00+00:00,0.9160000085830688,0.9160500168800354,0.91593998670578,0.9160199761390686,23833.859892289212
2026-01-30 16:43:00+00:00,0.9159899950027466,0.9161099791526794,0.9156399965286255,0.9160400032997131,23907.375548982625
2026-01-30 16:44:00+00:00,0.9160400032997131,0.9161800146102905,0.9160299897193909,0.9160699844360352,21202.20634955513
2026-01-30 16:45:00+00:00,0.9160699844360352,0.9161099791526794,0.9156200289726257,0.9160500168800354,21391.412407058535
2026-01-30 16:46:00+00:00,0.9160500168800354,0.9161999821662903,0.9160100221633911,0.916159987449646,24997.06412515295
2026-01-30 16:47:00+00:00,0.9161099791526794,0.9162700176239014,0.9157599806785583,0.9161700010299683,26274.902157968132
2026-01-30 16:48:00+00:00,0.9161700010299683,0.9162099957466125,0.9160599708557129,0.9161800146102905,20711.478560189516
2026-01-30 16:49:00+00:00,0.9161999821662903,0.9162099957466125,0.91566002368927,0.9160900115966797,17711.86090181292
2026-01-30 16:50:00+00:00,0.9160900115966797,0.9162999987602234,0.9160900115966797,0.9162399768829346,22466.01926333715
2026-01-30 16:51:00+00:00,0.9162399768829346,0.9163399934768677,0.9158499836921692,0.9163100123405457,15426.912137818328
2026-01-30 16:52:00+00:00,0.9163200259208679,0.9165099859237671,0.9162799715995789,0.9164800047874451,20951.04577564659
2026-01-30 16:53:00+00:00,0.9164800047874451,0.9166799783706665,0.9161499738693237,0.9166100025177002,16239.36202082201
2026-01-30 16:54:00+00:00,0.9166100025177002,0.916700005531311,0.9165199995040894,0.9165199995040894,19183.942352103153
2026-01-30 16:55:00+00:00,0.9165400266647339,0.9166200160980225,0.9160100221633911,0.9164199829101562,22483.943239173248
2026-01-30 16:56:00+00:00,0.9164199829101562,0.9166100025177002,0.9164199829101562,0.9165300130844116,20507.854870945997
2026-01-30 16:57:00+00:00,0.9165300130844116,0.9165499806404114,0.9160199761390686,0.9164400100708008,28490.07720256659
2026-01-30 16:58:00+00:00,0.9164299964904785,0.9165199995040894,0.9163600206375122,0.9163699746131897,21290.118316707198
2026-01-30 16:59:00+00:00,0.9163699746131897,0.9164000153541565,0.9158999919891357,0.9163500070571899,20274.295377112896
2026-01-30 17:00:00+00:00,0.9163500070571899,0.9164000153541565,0.9162899851799011,0.9163100123405457,20797.23635170403
2026-01-30 17:01:00+00:00,0.9163100123405457,0.9164199829101562,0.9159299731254578,0.9164000153541565,19581.77128502626
2026-01-30 17:02:00+00:00,0.9163699746131897,0.9164000153541565,0.9162600040435791,0.9162799715995789,20448.436607315594
2026-01-30 17:03:00+00:00,0.9162799715995789,0.9164000153541565,0.9157400131225586,0.9161499738693237,22337.18342638809
2026-01-30 17:04:00+00:00,0.9161400198936462,0.9161999821662903,0.9160000085830688,0.9160199761390686,20869.58462776303
2026-01-30 17:05:00+00:00,0.9160100221633911,0.916100025177002,0.9155300259590149,0.9159500002861023,21772.69576989557
2026-01-30 17:06:00+00:00,0.9159500002861023,0.916100025177002,0.9159500002861023,0.9160799980163574,23884.9504200969
2026-01-30 17:07:00+00:00,0.9160500168800354,0.9164000153541565,0.915880024433136,0.9162999987602234,20831.324587940962
2026-01-30 17:08:00+00:00,0.9162799715995789,0.916450023651123,0.9161999821662903,0.9162600040435791,25562.69618155335
2026-01-30 17:09:00+00:00,0.9163200259208679,0.9164000153541565,0.915910005569458,0.9163600206375122,27157.346846831377
2026-01-30 17:10:00+00:00,0.9163299798965454,0.9164000153541565,0.9162600040435791,0.9163299798965454,21964.41003810401
2026-01-30 17:11:00+00:00,0.9163299798965454,0.916450023651123,0.915910005569458,0.9163500070571899,21826.514459563212
2026-01-30 17:12:00+00:00,0.9163699746131897,0.9164599776268005,0.9163299798965454,0.916379988193512,22833.121182088984
2026-01-30 17:13:00+00:00,0.9164199829101562,0.9164999723434448,0.91593998670578,0.9163500070571899,19469.419632087007
2026-01-30 17:14:00+00:00,0.9163500070571899,0.9164299964904785,0.9162200093269348,0.9162700176239014,24962.090614549055
2026-01-30 17:15:00+00:00,0.9162499904632568,0.9164100289344788,0.9159200191497803,0.9163399934768677,24589.308773142442
2026-01-30 17:16:00+00:00,0.9163399934768677,0.9164000153541565,0.9162600040435791,0.9162700176239014,23229.400945787354
2026-01-30 17:17:00+00:00,0.9162499904632568,0.9162999987602234,0.9157599806785583,0.9161800146102905,22055.684563343428
2026-01-30 17:18:00+00:00,0.9161800146102905,0.9162600040435791,0.9161199927330017,0.9161400198936462,21679.98566424165
2026-01-30 17:19:00+00:00,0.9161800146102905,0.9164400100708008,0.9159299731254578,0.9163399934768677,19746.53311485671
2026-01-30 17:20:00+00:00,0.9163699746131897,0.9164999723434448,0.9163299798965454,0.9164299964904785,17978.62690766609
2026-01-30 17:21:00+00:00,0.9164299964904785,0.9165700078010559,0.9160900115966797,0.9165499806404114,19717.425475190266
2026-01-30 17:22:00+00:00,0.9165199995040894,0.9165700078010559,0.916450023651123,0.9164999723434448,13966.184712970698
2026-01-30 17:23:00+00:00,0.9164999723434448,0.9166300296783447,0.9161099791526794,0.9165199995040894,16354.57108702937
2026-01-30 17:24:00+00:00,0.9165199995040894,0.9165499806404114,0.9163900017738342,0.9164299964904785,15310.923778248685
2026-01-30 17:25:00+00:00,0.9164299964904785,0.9164299964904785,0.9158999919891357,0.9163200259208679,17072.883817723872
2026-01-30 17:26:00+00:00,0.9163299798965454,0.916450023651123,0.9163299798965454,0.9164000153541565,17785.223516599635
2026-01-30 17:27:00+00:00,0.9163600206375122,0.9164400100708008,0.915910005569458,0.9164000153541565,19008.73262189889
2026-01-30 17:28:00+00:00,0.9164000153541565,0.9164699912071228,0.9163500070571899,0.9164199829101562,14003.09762206866
2026-01-30 17:29:00+00:00,0.9164100289344788,0.9164999723434448,0.9159799814224243,0.9164000153541565,13994.52780966372
2026-01-30 17:30:00+00:00,0.9164299964904785,0.9164800047874451,0.916379988193512,0.9164100289344788,15204.334806783487
2026-01-30 17:31:00+00:00,0.9164100289344788,0.9165700078010559,0.9160799980163574,0.9164800047874451,14956.749783243371
2026-01-30 17:32:00+00:00,0.9164800047874451,0.9166200160980225,0.9164299964904785,0.9166200160980225,12947.424700964495
2026-01-30 17:33:00+00:00,0.9165800213813782,0.9166300296783447,0.916100025177002,0.9164900183677673,12908.467046700254
2026-01-30 17:34:00+00:00,0.9164900183677673,0.9165700078010559,0.9163600206375122,0.9164699912071228,16627.940067702704
2026-01-30 17:35:00+00:00,0.9164199829101562,0.9165700078010559,0.9160400032997131,0.9164599776268005,14004.93421695483
2026-01-30 17:36:00+00:00,0.9164599776268005,0.9165700078010559,0.9164400100708008,0.9165099859237671,17238.51213719767
2026-01-30 17:37:00+00:00,0.9165099859237671,0.9165999889373779,0.9161199927330017,0.9165700078010559,16750.437228865485
2026-01-30 17:38:00+00:00,0.9165400266647339,0.9166200160980225,0.9165099859237671,0.9165499806404114,15169.6150979886
2026-01-30 17:39:00+00:00,0.9165400266647339,0.9166100025177002,0.9160699844360352,0.9164699912071228,12140.740592775957
2026-01-30 17:40:00+00:00,0.9164800047874451,0.9165400266647339,0.916379988193512,0.9163900017738342,12944.822440550197
2026-01-30 17:41:00+00:00,0.9163900017738342,0.9164400100708008,0.9159500002861023,0.916379988193512,12872.089715559516
2026-01-30 17:42:00+00:00,0.9164199829101562,0.9165700078010559,0.9163699746131897,0.9164199829101562,15739.643937465324
2026-01-30 17:43:00+00:00,0.916450023651123,0.9164999723434448,0.9160000085830688,0.9164000153541565,15237.761017418235
2026-01-30 17:44:00+00:00,0.9164400100708008,0.9164800047874451,0.9161900281906128,0.9162799715995789,20506.22573965007
2026-01-30 17:45:00+00:00,0.9162799715995789,0.9163299798965454,0.9157800078392029,0.9162099957466125,18742.195411217646
2026-01-30 17:46:00+00:00,0.9162200093269348,0.916379988193512,0.916159987449646,0.9163399934768677,23195.540597354466
2026-01-30 17:47:00+00:00,0.916379988193512,0.9164199829101562,0.91593998670578,0.9163299798965454,20924.76631783684
2026-01-30 17:48:00+00:00,0.9163900017738342,0.9164199829101562,0.9162300229072571,0.9162799715995789,19376.432076409084
2026-01-30 17:49:00+00:00,0.9162899851799011,0.9163500070571899,0.9158499836921692,0.9162499904632568,20703.996455782075
2026-01-30 17:50:00+00:00,0.9163100123405457,0.9164199829101562,0.9162300229072571,0.9162899851799011,20085.844350882988
2026-01-30 17:51:00+00:00,0.9163399934768677,0.9164000153541565,0.9158499836921692,0.9162399768829346,20080.42798398823
2026-01-30 17:52:00+00:00,0.9162399768829346,0.9164299964904785,0.9162200093269348,0.9163100123405457,20325.84817015303
2026-01-30 17:53:00+00:00,0.9162600040435791,0.9163500070571899,0.9157999753952026,0.9161700010299683,27628.086486677636
2026-01-30 17:54:00+00:00,0.9162200093269348,0.9162999987602234,0.916100025177002,0.9161199927330017,25728.65236424817
2026-01-30 17:55:00+00:00,0.916159987449646,0.9161700010299683,0.91566002368927,0.9161199927330017,27058.47927074235
2026-01-30 17:56:00+00:00,0.9161700010299683,0.9162999987602234,0.9161199927330017,0.9162200093269348,23432.521276120882
2026-01-30 17:57:00+00:00,0.9162300229072571,0.9164000153541565,0.9159200191497803,0.9163399934768677,23685.254513589927
2026-01-30 17:58:00+00:00,0.9163399934768677,0.9164199829101562,0.9162799715995789,0.9163299798965454,23264.268468450475
2026-01-30 17:59:00+00:00,0.9162899851799011,0.9164000153541565,0.9158899784088135,0.9163500070571899,22364.335341846312
2026-01-30 18:00:00+00:00,0.9162799715995789,0.9164599776268005,0.9162799715995789,0.916379988193512,21635.944842394212
2026-01-30 18:01:00+00:00,0.9164299964904785,0.9165099859237671,0.9160000085830688,0.9164199829101562,19378.629465556503
2026-01-30 18:02:00+00:00,0.9164199829101562,0.9165700078010559,0.9164100289344788,0.9164999723434448,17571.081893596638
2026-01-30 18:03:00+00:00,0.9165300130844116,0.9166399836540222,0.916100025177002,0.9165700078010559,16182.54910036381
2026-01-30 18:04:00+00:00,0.9165400266647339,0.9166200160980225,0.9164699912071228,0.9165700078010559,22356.290164954284
2026-01-30 18:05:00+00:00,0.9165999889373779,0.9166100025177002,0.9160199761390686,0.9164699912071228,17869.015783970084
2026-01-30 18:06:00+00:00,0.9165099859237671,0.9165499806404114,0.9164100289344788,0.9164800047874451,20060.075457462255
2026-01-30 18:07:00+00:00,0.9164900183677673,0.9165400266647339,0.9160500168800354,0.9164900183677673,20789.26125971696
2026-01-30 18:08:00+00:00,0.9164900183677673,0.9166100025177002,0.9164599776268005,0.9165400266647339,19263.377296914652
2026-01-30 18:09:00+00:00,0.9165300130844116,0.9165999889373779,0.916100025177002,0.9165300130844116,15322.415791467603
2026-01-30 18:10:00+00:00,0.9165300130844116,0.9166600108146667,0.9165300130844116,0.9165800213813782,15560.450646120602
2026-01-30 18:11:00+00:00,0.9165800213813782,0.9166300296783447,0.9161199927330017,0.9165499806404114,13521.12501885424
2026-01-30 18:12:00+00:00,0.9165499806404114,0.9166399836540222,0.9162799715995789,0.9163299798965454,20198.11270811027
2026-01-30 18:13:00+00:00,0.9162999987602234,0.9165400266647339,0.9160400032997131,0.9163699746131897,18327.595300976234
2026-01-30 18:14:00+00:00,0.9163200259208679,0.9164199829101562,0.9162799715995789,0.9162799715995789,16193.79810727073
2026-01-30 18:15:00+00:00,0.9162799715995789,0.9164199829101562,0.9159500002861023,0.9163900017738342,20742.03394227388
2026-01-30 18:16:00+00:00,0.9163299798965454,0.9164000153541565,0.9162499904632568,0.9162999987602234,20472.554467910675
2026-01-30 18:17:00+00:00,0.9162499904632568,0.9163200259208679,0.9157900214195251,0.9161800146102905,19279.69900583391
2026-01-30 18:18:00+00:00,0.9161800146102905,0.9162999987602234,0.9161099791526794,0.9162099957466125,17254.220269997848
2026-01-30 18:19:00+00:00,0.9162600040435791,0.9162999987602234,0.9157699942588806,0.9161999821662903,20136.00570708643
2026-01-30 18:20:00+00:00,0.9161900281906128,0.9162099957466125,0.9160000085830688,0.9160100221633911,23404.28529319138
2026-01-30 18:21:00+00:00,0.9160100221633911,0.9160500168800354,0.9154000282287598,0.9158899784088135,25290.149591386526
2026-01-30 18:22:00+00:00,0.9159299731254578,0.9160100221633911,0.9158499836921692,0.9158599972724915,22537.51682184584
2026-01-30 18:23:00+00:00,0.9158999919891357,0.9160000085830688,0.9154199957847595,0.9158599972724915,26683.7859307863
2026-01-30 18:24:00+00:00,0.9158599972724915,0.9160000085830688,0.9157599806785583,0.9158599972724915,29440.63723116342
2026-01-30 18:25:00+00:00,0.9158999919891357,0.9160199761390686,0.9155499935150146,0.9159799814224243,26437.63657205153
2026-01-30 18:26:00+00:00,0.9159799814224243,0.916100025177002,0.9159500002861023,0.9160599708557129,23979.85684564781
2026-01-30 18:27:00+00:00,0.9160900115966797,0.9161999821662903,0.9156799912452698,0.9161099791526794,22558.92463917056
2026-01-30 18:28:00+00:00,0.9161199927330017,0.9161999821662903,0.9160000085830688,0.9160900115966797,23054.721603665454
2026-01-30 18:29:00+00:00,0.9160799980163574,0.9162300229072571,0.9157099723815918,0.9161900281906128,23093.163895832044
2026-01-30 18:30:00+00:00,0.9161700010299683,0.9163500070571899,0.9161700010299683,0.9162300229072571,23035.379256628497
2026-01-30 18:31:00+00:00,0.9162200093269348,0.9163699746131897,0.9158300161361694,0.9163200259208679,29377.690934387807
2026-01-30 18:32:00+00:00,0.9163200259208679,0.9164000153541565,0.9161700010299683,0.9162300229072571,29471.27014126527
2026-01-30 18:33:00+00:00,0.9162099957466125,0.9162999987602234,0.9157400131225586,0.9162200093269348,21697.079332853293
2026-01-30 18:34:00+00:00,0.9162300229072571,0.9162600040435791,0.916100025177002,0.9161700010299683,28938.734144264483
2026-01-30 18:35:00+00:00,0.916159987449646,0.9163399934768677,0.9158700108528137,0.9162700176239014,21782.800964951424
2026-01-30 18:36:00+00:00,0.9162700176239014,0.9164100289344788,0.9162399768829346,0.916379988193512,20731.902236196536
2026-01-30 18:37:00+00:00,0.9164100289344788,0.9164100289344788,0.91593998670578,0.916379988193512,20023.277899318844
2026-01-30 18:38:00+00:00,0.9163699746131897,0.9164100289344788,0.9162499904632568,0.9162499904632568,16820.58565074768
2026-01-30 18:39:00+00:00,0.9162499904632568,0.9164000153541565,0.915880024433136,0.9163100123405457,20413.309666477628
2026-01-30 18:40:00+00:00,0.9163100123405457,0.9164000153541565,0.9162600040435791,0.9163200259208679,21473.954305216863
2026-01-30 18:41:00+00:00,0.9163500070571899,0.9163699746131897,0.915880024433136,0.9163299798965454,20745.146697861353
2026-01-30 18:42:00+00:00,0.9162999987602234,0.9164000153541565,0.9162200093269348,0.9162700176239014,15085.217727159446
2026-01-30 18:43:00+00:00,0.9162700176239014,0.9163100123405457,0.9157599806785583,0.9162200093269348,21769.609541173835
2026-01-30 18:44:00+00:00,0.9162200093269348,0.9162600040435791,0.9161099791526794,0.916130006313324,16970.00673601119
2026-01-30 18:45:00+00:00,0.9161700010299683,0.9162999987602234,0.9157900214195251,0.9162200093269348,18288.143641383132
2026-01-30 18:46:00+00:00,0.9162200093269348,0.9163100123405457,0.9161499738693237,0.9161999821662903,16751.909898035403
2026-01-30 18:47:00+00:00,0.9162300229072571,0.916379988193512,0.9158499836921692,0.9163500070571899,15992.145965554788
2026-01-30 18:48:00+00:00,0.9163399934768677,0.9163500070571899,0.9162300229072571,0.9162499904632568,14243.82651290334
2026-01-30 18:49:00+00:00,0.9162499904632568,0.9163500070571899,0.9157999753952026,0.9163299798965454,14368.457867791642
2026-01-30 18:50:00+00:00,0.9163100123405457,0.9163299798965454,0.9162099957466125,0.9162600040435791,17929.515143796907
2026-01-30 18:51:00+00:00,0.9162600040435791,0.9163299798965454,0.9158400297164917,0.9162999987602234,15004.610647767428
2026-01-30 18:52:00+00:00,0.9162899851799011,0.9163200259208679,0.9160299897193909,0.9161099791526794,18041.760382654214
2026-01-30 18:53:00+00:00,0.9161199927330017,0.9161700010299683,0.9155399799346924,0.9160000085830688,24372.733779443337
2026-01-30 18:54:00+00:00,0.9160299897193909,0.9160400032997131,0.9158899784088135,0.9158999919891357,20166.83706172612
2026-01-30 18:55:00+00:00,0.9158999919891357,0.9161700010299683,0.9156200289726257,0.9160000085830688,26066.956915269973
2026-01-30 18:56:00+00:00,0.9160100221633911,0.9160500168800354,0.9158899784088135,0.9158999919891357,22146.98212707618
2026-01-30 18:57:00+00:00,0.9158999919891357,0.9160900115966797,0.9154800176620483,0.9160400032997131,22501.295654991223
2026-01-30 18:58:00+00:00,0.9160000085830688,0.916130006313324,0.91593998670578,0.9159700274467468,24393.5753379975
2026-01-30 18:59:00+00:00,0.9159700274467468,0.9160599708557129,0.9155099987983704,0.9160199761390686,21896.348058585147
2026-01-30 19:00:00+00:00,0.9160199761390686,0.9161400198936462,0.9159700274467468,0.9160500168800354,24191.79943776464
2026-01-30 19:01:00+00:00,0.9160500168800354,0.9161199927330017,0.9156299829483032,0.9160100221633911,23941.69366018986
2026-01-30 19:02:00+00:00,0.9160100221633911,0.9161400198936462,0.9160100221633911,0.9160900115966797,24683.870477335127
2026-01-30 19:03:00+00:00,0.9160599708557129,0.9161499738693237,0.9156299829483032,0.9160799980163574,21297.83499974614
2026-01-30 19:04:00+00:00,0.9160900115966797,0.916130006313324,0.9160199761390686,0.9160299897193909,24705.169932735575
2026-01-30 19:05:00+00:00,0.9160299897193909,0.916100025177002,0.9155899882316589,0.9160000085830688,25773.61111090243
2026-01-30 19:06:00+00:00,0.9160100221633911,0.9161199927330017,0.9159899950027466,0.9160599708557129,20751.578560905604
2026-01-30 19:07:00+00:00,0.9160400032997131,0.9161099791526794,0.9156000018119812,0.9160400032997131,18950.31736960627
2026-01-30 19:08:00+00:00,0.9160400032997131,0.916100025177002,0.9159799814224243,0.9160100221633911,17766.09313369788
2026-01-30 19:09:00+00:00,0.9159799814224243,0.9160400032997131,0.9155600070953369,0.9160000085830688,15953.97162163377
2026-01-30 19:10:00+00:00,0.9160100221633911,0.9160500168800354,0.9158400297164917,0.9158999919891357,16874.579334321523
2026-01-30 19:11:00+00:00,0.915880024433136,0.9160000085830688,0.9154800176620483,0.9159200191497803,15771.114913633284
2026-01-30 19:12:00+00:00,0.9159200191497803,0.9160000085830688,0.9158700108528137,0.9159200191497803,14214.28180742023
2026-01-30 19:13:00+00:00,0.9159200191497803,0.9160699844360352,0.9156100153923035,0.9160100221633911,13723.089259421842
2026-01-30 19:14:00+00:00,0.9160400032997131,0.9161199927330017,0.9160000085830688,0.9160599708557129,11537.915658818878
2026-01-30 19:15:00+00:00,0.9160699844360352,0.916100025177002,0.9156000018119812,0.9160699844360352,11750.549311791672
2026-01-30 19:16:00+00:00,0.9160199761390686,0.9161499738693237,0.9160000085830688,0.9160599708557129,12095.404051502672
2026-01-30 19:17:00+00:00,0.9160400032997131,0.916100025177002,0.9156299829483032,0.9160699844360352,10724.03932396177
2026-01-30 19:18:00+00:00,0.9160900115966797,0.9161499738693237,0.9160500168800354,0.916100025177002,12908.494261918353
2026-01-30 19:19:00+00:00,0.9160799980163574,0.916159987449646,0.9156399965286255,0.9161199927330017,8751.651110690542
2026-01-30 19:20:00+00:00,0.9160799980163574,0.9161800146102905,0.9160400032997131,0.9161499738693237,11175.62144357256
2026-01-30 19:21:00+00:00,0.9161400198936462,0.9161999821662903,0.9157000184059143,0.9161199927330017,12143.77933266396
2026-01-30 19:22:00+00:00,0.9161199927330017,0.9162499904632568,0.9160799980163574,0.916159987449646,9059.533791771204
2026-01-30 19:23:00+00:00,0.916130006313324,0.9161999821662903,0.9157400131225586,0.9161400198936462,12772.74816039539
2026-01-30 19:24:00+00:00,0.9161400198936462,0.9161999821662903,0.9160900115966797,0.9161199927330017,8108.153686582615
2026-01-30 19:25:00+00:00,0.9161499738693237,0.9161700010299683,0.91566002368927,0.9160599708557129,8923.557451407052
2026-01-30 19:26:00+00:00,0.9160599708557129,0.9161199927330017,0.9160299897193909,0.9160599708557129,7105.854259872976
2026-01-30 19:27:00+00:00,0.9160699844360352,0.916159987449646,0.9157000184059143,0.9161099791526794,8646.778520884225
2026-01-30 19:28:00+00:00,0.9161199927330017,0.9162200093269348,0.9161199927330017,0.916159987449646,8414.237954274142
2026-01-30 19:29:00+00:00,0.916159987449646,0.9162600040435791,0.9157500267028809,0.9161900281906128,9050.491605096006
2026-01-30 19:30:00+00:00,0.9161999821662903,0.9162999987602234,0.9161800146102905,0.9162499904632568,7571.8563701571165
2026-01-30 19:31:00+00:00,0.9162499904632568,0.9163200259208679,0.9158099889755249,0.9162200093269348,8431.20092715543
2026-01-30 19:32:00+00:00,0.9162200093269348,0.9162999987602234,0.9161700010299683,0.9161900281906128,7356.3625917180125
2026-01-30 19:33:00+00:00,0.9161999821662903,0.9162200093269348,0.9157199859619141,0.9161400198936462,8333.077101193041
2026-01-30 19:34:00+00:00,0.9161400198936462,0.9162499904632568,0.9161199927330017,0.9161800146102905,9417.664029069692
2026-01-30 19:35:00+00:00,0.9161400198936462,0.9162200093269348,0.915690004825592,0.9160900115966797,8497.788436256402
2026-01-30 19:36:00+00:00,0.9160900115966797,0.9162099957466125,0.9160799980163574,0.9161700010299683,9434.05818528221
2026-01-30 19:37:00+00:00,0.9161700010299683,0.9161999821662903,0.9156399965286255,0.9160900115966797,10759.787175102525
2026-01-30 19:38:00+00:00,0.9161099791526794,0.916130006313324,0.9160500168800354,0.9160799980163574,8395.686649800053
2026-01-30 19:39:00+00:00,0.9160699844360352,0.9161099791526794,0.9156299829483032,0.9160299897193909,8811.213443639075
2026-01-30 19:40:00+00:00,0.9160299897193909,0.9161400198936462,0.9160199761390686,0.9160900115966797,10420.889323902356
2026-01-30 19:41:00+00:00,0.9160900115966797,0.9161700010299683,0.9157000184059143,0.916130006313324,9096.895557417056
2026-01-30 19:42:00+00:00,0.916130006313324,0.9162300229072571,0.916130006313324,0.9161900281906128,8067.429165054723
2026-01-30 19:43:00+00:00,0.9161900281906128,0.9162300229072571,0.9157000184059143,0.916130006313324,10638.761405570984
2026-01-30 19:44:00+00:00,0.9161199927330017,0.9161999821662903,0.9160599708557129,0.916100025177002,11361.675208916875
2026-01-30 19:45:00+00:00,0.916100025177002,0.9161999821662903,0.9156500101089478,0.9161400198936462,12539.529354722323
2026-01-30 19:46:00+00:00,0.9161099791526794,0.9161999821662903,0.9160900115966797,0.9161099791526794,11033.970258640593
2026-01-30 19:47:00+00:00,0.916130006313324,0.9162200093269348,0.915690004825592,0.9161900281906128,10760.626576637365
2026-01-30 19:48:00+00:00,0.9161900281906128,0.9162200093269348,0.916100025177002,0.9161099791526794,10585.872491541979
2026-01-30 19:49:00+00:00,0.916159987449646,0.9161999821662903,0.91566002368927,0.9161700010299683,10869.11786044622
2026-01-30 19:50:00+00:00,0.916100025177002,0.9162399768829346,0.9160400032997131,0.9162099957466125,11621.25596729882
2026-01-30 19:51:00+00:00,0.9162300229072571,0.9163399934768677,0.915880024433136,0.9162700176239014,12028.491208637837
2026-01-30 19:52:00+00:00,0.9162999987602234,0.9163500070571899,0.9162099957466125,0.9162600040435791,10613.322933996384
2026-01-30 19:53:00+00:00,0.9162099957466125,0.9163399934768677,0.9158200025558472,0.9162999987602234,12665.55575889032
2026-01-30 19:54:00+00:00,0.9162700176239014,0.9162999987602234,0.9161499738693237,0.9161700010299683,15126.475208192871
2026-01-30 19:55:00+00:00,0.9161700010299683,0.9162999987602234,0.9157599806785583,0.9161900281906128,15327.823013666686
2026-01-30 19:56:00+00:00,0.9162099957466125,0.9163100123405457,0.9161800146102905,0.9161999821662903,17363.888433777254
2026-01-30 19:57:00+00:00,0.9161999821662903,0.9162499904632568,0.9156699776649475,0.9161499738693237,17103.810345203416
2026-01-30 19:58:00+00:00,0.9161800146102905,0.9161800146102905,0.9160299897193909,0.916100025177002,18774.94168090404
2026-01-30 19:59:00+00:00,0.9160799980163574,0.9161999821662903,0.9156799912452698,0.9161499738693237,14626.836905155733
2026-01-30 20:00:00+00:00,0.9161199927330017,0.9162999987602234,0.9160699844360352,0.9161700010299683,20015.213213059604
2026-01-30 20:01:00+00:00,0.916130006313324,0.9162999987602234,0.9157699942588806,0.9162200093269348,17802.683152868125
2026-01-30 20:02:00+00:00,0.9161900281906128,0.9163100123405457,0.9161800146102905,0.9162200093269348,22918.35345561568
2026-01-30 20:03:00+00:00,0.9162600040435791,0.9163200259208679,0.9158400297164917,0.9162700176239014,16992.34580553893
2026-01-30 20:04:00+00:00,0.9162700176239014,0.9163200259208679,0.9162099957466125,0.9162600040435791,15606.236575253062
2026-01-30 20:05:00+00:00,0.9162300229072571,0.9162799715995789,0.9158099889755249,0.9162399768829346,13914.190720822367
2026-01-30 20:06:00+00:00,0.9162399768829346,0.9162999987602234,0.9161900281906128,0.9162399768829346,17144.238028880693
2026-01-30 20:07:00+00:00,0.9162099957466125,0.9162999987602234,0.9157199859619141,0.9161400198936462,16464.529278120484
2026-01-30 20:08:00+00:00,0.9161800146102905,0.9161999821662903,0.9161099791526794,0.9161199927330017,14407.049500983303
2026-01-30 20:09:00+00:00,0.9161199927330017,0.9161999821662903,0.9156799912452698,0.916159987449646,14498.80313733472
2026-01-30 20:10:00+00:00,0.9161099791526794,0.9162999987602234,0.9161099791526794,0.9161800146102905,15563.340144224085
2026-01-30 20:11:00+00:00,0.9161900281906128,0.9163200259208679,0.9158499836921692,0.9162999987602234,11420.146890501786
2026-01-30 20:12:00+00:00,0.9162799715995789,0.9164000153541565,0.9162700176239014,0.9163500070571899,12438.43662454952
2026-01-30 20:13:00+00:00,0.9163100123405457,0.9164000153541565,0.9158999919891357,0.9162999987602234,14024.731667175682
2026-01-30 20:14:00+00:00,0.9162999987602234,0.9164000153541565,0.9162499904632568,0.9162999987602234,11397.631911145363
2026-01-30 20:15:00+00:00,0.9162600040435791,0.9163399934768677,0.9157400131225586,0.9162499904632568,13246.92556830726
2026-01-30 20:16:00+00:00,0.9162099957466125,0.9162999987602234,0.9162099957466125,0.9162099957466125,12175.565454720152
2026-01-30 20:17:00+00:00,0.9162499904632568,0.9162499904632568,0.915690004825592,0.9161099791526794,14275.140715973115
2026-01-30 20:18:00+00:00,0.9161099791526794,0.9162200093269348,0.9161099791526794,0.9161900281906128,14664.90417481692
2026-01-30 20:19:00+00:00,0.9162200093269348,0.9162600040435791,0.9157199859619141,0.916159987449646,15117.069211958642
2026-01-30 20:20:00+00:00,0.9161499738693237,0.9161999821662903,0.9160299897193909,0.9160400032997131,17043.018648102043
2026-01-30 20:21:00+00:00,0.9160400032997131,0.916100025177002,0.9155700206756592,0.9160000085830688,12793.137813521993
2026-01-30 20:22:00+00:00,0.9160400032997131,0.916100025177002,0.9159700274467468,0.9160000085830688,14268.961175623193
2026-01-30 20:23:00+00:00,0.9160000085830688,0.9160500168800354,0.9155099987983704,0.9159200191497803,16987.38458503149
2026-01-30 20:24:00+00:00,0.9159200191497803,0.9160100221633911,0.9158999919891357,0.9159600138664246,14842.217973042407
2026-01-30 20:25:00+00:00,0.91593998670578,0.9160000085830688,0.9154899716377258,0.9159700274467468,14957.936324895294
2026-01-30 20:26:00+00:00,0.9159299731254578,0.9160000085830688,0.9158700108528137,0.915880024433136,17141.075790486833
2026-01-30 20:27:00+00:00,0.915880024433136,0.91593998670578,0.9154300093650818,0.9158700108528137,19390.143167651793
2026-01-30 20:28:00+00:00,0.915880024433136,0.9160000085830688,0.9158499836921692,0.91593998670578,17034.024268451998
2026-01-30 20:29:00+00:00,0.9159700274467468,0.9160199761390686,0.9155300259590149,0.9160000085830688,15611.125248495886
2026-01-30 20:30:00+00:00,0.9159600138664246,0.9160400032997131,0.9159200191497803,0.9159899950027466,13586.421096809174
2026-01-30 20:31:00+00:00,0.9159600138664246,0.9161099791526794,0.9155899882316589,0.9160599708557129,13196.169176374218
2026-01-30 20:32:00+00:00,0.9160599708557129,0.9161400198936462,0.9160000085830688,0.9160299897193909,14110.147570910822
2026-01-30 20:33:00+00:00,0.9160500168800354,0.916100025177002,0.9156000018119812,0.9160400032997131,14595.37944254323
2026-01-30 20:34:00+00:00,0.9160199761390686,0.916100025177002,0.9159899950027466,0.9160699844360352,11999.378433709899
2026-01-30 20:35:00+00:00,0.9160400032997131,0.9162300229072571,0.9157199859619141,0.9161400198936462,10717.920473007653
2026-01-30 20:36:00+00:00,0.9161800146102905,0.9161999821662903,0.9161099791526794,0.9161099791526794,11363.356838356343
2026-01-30 20:37:00+00:00,0.9161099791526794,0.9161700010299683,0.9156299829483032,0.9160299897193909,11672.746113979105
2026-01-30 20:38:00+00:00,0.9160299897193909,0.9161400198936462,0.9160299897193909,0.9160699844360352,12191.872804914134
2026-01-30 20:39:00+00:00,0.9160699844360352,0.9161999821662903,0.9156500101089478,0.9160799980163574,11636.937983011456
2026-01-30 20:40:00+00:00,0.9160699844360352,0.916159987449646,0.9160400032997131,0.9160799980163574,10122.226971715138
2026-01-30 20:41:00+00:00,0.9160799980163574,0.9161999821662903,0.91566002368927,0.9160799980163574,12886.867604262688
2026-01-30 20:42:00+00:00,0.916130006313324,0.9161999821662903,0.9160699844360352,0.9160799980163574,11879.09957951302
2026-01-30 20:43:00+00:00,0.9160699844360352,0.9161099791526794,0.9156100153923035,0.9160900115966797,11277.717971821778
2026-01-30 20:44:00+00:00,0.9160900115966797,0.9161999821662903,0.9160599708557129,0.9161199927330017,13470.208189693465
2026-01-30 20:45:00+00:00,0.9161199927330017,0.9161999821662903,0.9156500101089478,0.9161199927330017,11337.042383481594
2026-01-30 20:46:00+00:00,0.9161099791526794,0.9161999821662903,0.9160000085830688,0.9160000085830688,15559.473716101422
2026-01-30 20:47:00+00:00,0.9160000085830688,0.9161099791526794,0.9156100153923035,0.9160199761390686,12463.518429986589
2026-01-30 20:48:00+00:00,0.9160299897193909,0.916100025177002,0.9160000085830688,0.9160199761390686,14386.865007915852
2026-01-30 20:49:00+00:00,0.9160699844360352,0.916100025177002,0.9156399965286255,0.9160299897193909,13371.931231170649
2026-01-30 20:50:00+00:00,0.9160400032997131,0.916100025177002,0.9160000085830688,0.9160400032997131,14858.193902649844
2026-01-30 20:51:00+00:00,0.9160500168800354,0.916100025177002,0.9155499935150146,0.9159799814224243,14722.9970190203
2026-01-30 20:52:00+00:00,0.9159799814224243,0.9160299897193909,0.9159299731254578,0.9159799814224243,11088.06076870469
2026-01-30 20:53:00+00:00,0.9159700274467468,0.9160000085830688,0.9155300259590149,0.9159600138664246,11001.033599991308
2026-01-30 20:54:00+00:00,0.9159500002861023,0.9160299897193909,0.91593998670578,0.9159600138664246,11252.866012636661
2026-01-30 20:55:00+00:00,0.9159799814224243,0.9160000085830688,0.9155200123786926,0.9159600138664246,11124.061411548397
2026-01-30 20:56:00+00:00,0.9159600138664246,0.916100025177002,0.9159500002861023,0.9160599708557129,10264.393985346447
2026-01-30 20:57:00+00:00,0.9160500168800354,0.916100025177002,0.9156100153923035,0.9160799980163574,10774.344188078834
2026-01-30 20:58:00+00:00,0.9160699844360352,0.916159987449646,0.9160299897193909,0.916100025177002,9962.950452104102
2026-01-30 20:59:00+00:00,0.9161099791526794,0.9162600040435791,0.9157500267028809,0.9162200093269348,7704.881900655932
2026-01-30 21:00:00+00:00,0.9161999821662903,0.9164599776268005,0.9161999821662903,0.9163100123405457,9406.935850903297
2026-01-30 21:01:00+00:00,0.9162999987602234,0.9163399934768677,0.9157900214195251,0.9162200093269348,10578.826433006956
2026-01-30 21:02:00+00:00,0.9161900281906128,0.9162700176239014,0.9161400198936462,0.9161900281906128,11771.931203961258
2026-01-30 21:03:00+00:00,0.9161999821662903,0.9162999987602234,0.9157800078392029,0.9162099957466125,11858.147492760074
2026-01-30 21:04:00+00:00,0.9162099957466125,0.9162399768829346,0.9161400198936462,0.9161700010299683,13472.281723951133
2026-01-30 21:05:00+00:00,0.9161700010299683,0.9162999987602234,0.9157900214195251,0.9161999821662903,14895.513635246025
2026-01-30 21:06:00+00:00,0.9162200093269348,0.9162600040435791,0.9161700010299683,0.9161999821662903,13155.2572550378
2026-01-30 21:07:00+00:00,0.9161999821662903,0.9162999987602234,0.9157900214195251,0.9162200093269348,12698.758572556953
2026-01-30 21:08:00+00:00,0.9162200093269348,0.9162499904632568,0.9161900281906128,0.9162300229072571,13741.02660711701
2026-01-30 21:09:00+00:00,0.9162200093269348,0.9162999987602234,0.9157699942588806,0.9161999821662903,10880.256193024821
2026-01-30 21:10:00+00:00,0.9161700010299683,0.9162099957466125,0.9160799980163574,0.916130006313324,14324.454451178946
2026-01-30 21:11:00+00:00,0.9161199927330017,0.9161999821662903,0.9156500101089478,0.9161199927330017,15775.602269307676
2026-01-30 21:12:00+00:00,0.9160900115966797,0.9161800146102905,0.9160799980163574,0.916159987449646,13986.504621481732
2026-01-30 21:13:00+00:00,0.916130006313324,0.9161999821662903,0.9156799912452698,0.916100025177002,12035.692553881483
2026-01-30 21:14:00+00:00,0.916100025177002,0.9161999821662903,0.9160699844360352,0.916130006313324,9485.805496848014
2026-01-30 21:15:00+00:00,0.9161199927330017,0.9161999821662903,0.915690004825592,0.916100025177002,8755.592630669407
2026-01-30 21:16:00+00:00,0.916100025177002,0.9161999821662903,0.9160799980163574,0.9161199927330017,11075.016793139135
2026-01-30 21:17:00+00:00,0.9161199927330017,0.9161499738693237,0.9156500101089478,0.9160699844360352,7828.006100334685
2026-01-30 21:18:00+00:00,0.9160699844360352,0.9161999821662903,0.9160500168800354,0.9160799980163574,11195.69957659384
2026-01-30 21:19:00+00:00,0.9160799980163574,0.9161999821662903,0.9156399965286255,0.9160699844360352,12004.681412126985
2026-01-30 21:20:00+00:00,0.9160900115966797,0.9161099791526794,0.9160599708557129,0.9160900115966797,9706.667239463835
2026-01-30 21:21:00+00:00,0.9160699844360352,0.9161199927330017,0.9156299829483032,0.9160900115966797,10107.522906561675
2026-01-30 21:22:00+00:00,0.9160900115966797,0.9161999821662903,0.9160699844360352,0.916130006313324,11158.82396082098
2026-01-30 21:23:00+00:00,0.916130006313324,0.9161999821662903,0.9156500101089478,0.9160799980163574,12590.463851666294
2026-01-30 21:24:00+00:00,0.9160699844360352,0.9162399768829346,0.9160699844360352,0.9162200093269348,11601.115822028265
2026-01-30 21:25:00+00:00,0.9161999821662903,0.9162999987602234,0.9158200025558472,0.9162600040435791,13132.506620738004
2026-01-30 21:26:00+00:00,0.9162200093269348,0.9162999987602234,0.916159987449646,0.9162200093269348,11276.997114920829
2026-01-30 21:27:00+00:00,0.9162099957466125,0.9162999987602234,0.9157900214195251,0.9162399768829346,12092.48080870874
2026-01-30 21:28:00+00:00,0.9162099957466125,0.9162999987602234,0.916159987449646,0.9162099957466125,12786.944390569208
2026-01-30 21:29:00+00:00,0.916159987449646,0.9162200093269348,0.9157400131225586,0.9161499738693237,12092.245298501322
2026-01-30 21:30:00+00:00,0.916130006313324,0.9161999821662903,0.9160900115966797,0.9161199927330017,12323.09354489518
2026-01-30 21:31:00+00:00,0.916159987449646,0.9161999821662903,0.9157299995422363,0.9161099791526794,10692.237467129606
2026-01-30 21:32:00+00:00,0.9161099791526794,0.9161999821662903,0.9160900115966797,0.9161400198936462,8409.710415146597
2026-01-30 21:33:00+00:00,0.916130006313324,0.9162099957466125,0.9157400131225586,0.9161499738693237,7426.412231774537
2026-01-30 21:34:00+00:00,0.9161499738693237,0.9161999821662903,0.916100025177002,0.9161499738693237,8006.487508278637
2026-01-30 21:35:00+00:00,0.916159987449646,0.9161999821662903,0.9157000184059143,0.9161199927330017,9993.29568002578
2026-01-30 21:36:00+00:00,0.9161199927330017,0.9161999821662903,0.9160400032997131,0.916100025177002,8689.413841150703
2026-01-30 21:37:00+00:00,0.9160699844360352,0.916100025177002,0.9156699776649475,0.9160799980163574,6750.652486713005
2026-01-30 21:38:00+00:00,0.9160400032997131,0.9161999821662903,0.9160400032997131,0.9161800146102905,6843.7474883038385
2026-01-30 21:39:00+00:00,0.9161800146102905,0.9161999821662903,0.9157199859619141,0.9161499738693237,7711.811931940347
2026-01-30 21:40:00+00:00,0.9161800146102905,0.9161999821662903,0.9161099791526794,0.9161499738693237,7187.850203953997
2026-01-30 21:41:00+00:00,0.9161199927330017,0.9161999821662903,0.9157099723815918,0.9161099791526794,6127.422831442898
2026-01-30 21:42:00+00:00,0.9161400198936462,0.9162099957466125,0.9160500168800354,0.916130006313324,5834.874978937564
2026-01-30 21:43:00+00:00,0.9161099791526794,0.9161999821662903,0.9157099723815918,0.9161099791526794,6631.245204147902
2026-01-30 21:44:00+00:00,0.9161199927330017,0.9161999821662903,0.916100025177002,0.9161400198936462,5878.252401089503
2026-01-30 21:45:00+00:00,0.9161199927330017,0.9161999821662903,0.9157299995422363,0.9161400198936462,6664.695638548431
2026-01-30 21:46:00+00:00,0.9161499738693237,0.9161999821662903,0.9160599708557129,0.9160699844360352,5919.2150786233915
2026-01-30 21:47:00+00:00,0.9160900115966797,0.9161199927330017,0.9156299829483032,0.9160000085830688,7089.0628904507375
2026-01-30 21:48:00+00:00,0.9160100221633911,0.916100025177002,0.9159799814224243,0.9159799814224243,8058.376484504443
2026-01-30 21:49:00+00:00,0.9159799814224243,0.916100025177002,0.9156100153923035,0.9160000085830688,7624.449622482118
2026-01-30 21:50:00+00:00,0.9160100221633911,0.9161099791526794,0.9159299731254578,0.9160500168800354,9069.191581399678
2026-01-30 21:51:00+00:00,0.9159299731254578,0.9161999821662903,0.9157000184059143,0.9160299897193909,10721.520487626365
2026-01-30 21:52:00+00:00,0.9160400032997131,0.9161999821662903,0.9160100221633911,0.9160500168800354,9253.730383462496
2026-01-30 21:53:00+00:00,0.9160900115966797,0.9162099957466125,0.9157699942588806,0.916100025177002,9327.991046747511
2026-01-30 21:54:00+00:00,0.916100025177002,0.9161999821662903,0.9159899950027466,0.9159899950027466,10840.335558636925
2026-01-30 21:55:00+00:00,0.9159899950027466,0.9162200093269348,0.9153599739074707,0.9161099791526794,20946.821420873057
2026-01-30 21:56:00+00:00,0.9161099791526794,0.9162700176239014,0.915880024433136,0.9162200093269348,24492.08112547708
2026-01-30 21:57:00+00:00,0.916130006313324,0.9161700010299683,0.9155499935150146,0.9159500002861023,32419.19585703724
2026-01-30 21:58:00+00:00,0.9159500002861023,0.9160100221633911,0.9155799746513367,0.9157800078392029,35866.48293235841
2026-01-30 21:59:00+00:00,0.9159299731254578,0.9160500168800354,0.9155799746513367,0.91593998670578,37669.40500161177
2026-01-30 22:00:00+00:00,0.916100025177002,0.916100025177002,0.916100025177002,0.916100025177002,39765.199920558516
2026-01-30 22:01:00+00:00,0.9156399965286255,0.9156399965286255,0.9156399965286255,0.9156399965286255,32233.984267272095
2026-01-30 22:03:00+00:00,0.9156399965286255,0.9156399965286255,0.9156399965286255,0.9156399965286255,33840.75588370297
2026-01-30 22:05:00+00:00,0.9156399965286255,0.9156399965286255,0.9156399965286255,0.9156399965286255,19653.511570730992
2026-01-30 22:07:00+00:00,0.9156399965286255,0.9156399965286255,0.9156399965286255,0.9156399965286255,16856.427814214985
2026-01-30 22:09:00+00:00,0.9156399965286255,0.9156399965286255,0.9156399965286255,0.9156399965286255,8156.718927251447
2026-01-30 22:11:00+00:00,0.9156399965286255,0.9156399965286255,0.9156399965286255,0.9156399965286255,3618.9106453588056
2026-01-30 22:13:00+00:00,0.9156399965286255,0.9156399965286255,0.9156399965286255,0.9156399965286255,1010.1589384788257
2026-01-30 22:15:00+00:00,0.9156399965286255,0.9156399965286255,0.9156399965286255,0.9156399965286255,1000.0
2026-01-30 22:17:00+00:00,0.9156399965286255,0.9156399965286255,0.9156399965286255,0.9156399965286255,1000.0
2026-01-30 22:19:00+00:00,0.9156399965286255,0.9156399965286255,0.9156399965286255,0.9156399965286255,1094.1590864432217
2026-01-30 22:21:00+00:00,0.9156399965286255,0.9156399965286255,0.9156399965286255,0.9156399965286255,1000.0
2026-01-30 22:23:00+00:00,0.9156399965286255,0.9156399965286255,0.9156399965286255,0.9156399965286255,1000.0
2026-01-30 22:25:00+00:00,0.9156399965286255,0.9156399965286255,0.9156399965286255,0.9156399965286255,1000.0
2026-01-30 22:27:00+00:00,0.9156399965286255,0.9156399965286255,0.9156399965286255,0.9156399965286255,1067.9286738992737
2026-01-30 22:29:00+00:00,0.9156399965286255,0.9156399965286255,0.9156399965286255,0.9156399965286255,1102.6518511600207
