Datetime,Open,High,Low,Close,Volume
2026-01-26 00:00:00-05:00,5067.89990234375,5068.60009765625,5067.0,5068.39990234375,0.0
2026-01-26 00:01:00-05:00,5068.39990234375,5070.10009765625,5068.39990234375,5070.0,135.0
2026-01-26 00:02:00-05:00,5070.2001953125,5070.60009765625,5069.2001953125,5069.7998046875,140.0
2026-01-26 00:03:00-05:00,5069.5,5069.5,5067.60009765625,5067.89990234375,46.0
2026-01-26 00:04:00-05:00,5067.89990234375,5067.89990234375,5066.10009765625,5066.10009765625,41.0
2026-01-26 00:05:00-05:00,5065.7998046875,5065.7998046875,5059.60009765625,5061.39990234375,335.0
2026-01-26 00:06:00-05:00,5061.7998046875,5063.10009765625,5060.5,5063.10009765625,94.0
2026-01-26 00:07:00-05:00,5063.0,5063.0,5056.2998046875,5057.39990234375,328.0
2026-01-26 00:08:00-05:00,5057.39990234375,5061.39990234375,5057.39990234375,5060.7998046875,122.0
2026-01-26 00:09:00-05:00,5060.89990234375,5063.2001953125,5060.89990234375,5062.7998046875,88.0
2026-01-26 00:10:00-05:00,5062.0,5062.2001953125,5059.7001953125,5060.5,68.0
2026-01-26 00:11:00-05:00,5060.39990234375,5060.39990234375,5057.10009765625,5058.0,142.0
2026-01-26 00:12:00-05:00,5058.0,5058.0,5052.7998046875,5056.2001953125,394.0
2026-01-26 00:13:00-05:00,5056.0,5057.39990234375,5053.89990234375,5056.89990234375,142.0
2026-01-26 00:14:00-05:00,5057.10009765625,5059.10009765625,5056.60009765625,5057.5,232.0
2026-01-26 00:15:00-05:00,5058.2001953125,5059.0,5056.7001953125,5058.2998046875,123.0
2026-01-26 00:16:00-05:00,5058.39990234375,5059.89990234375,5058.0,5058.7998046875,92.0
2026-01-26 00:17:00-05:00,5059.39990234375,5059.89990234375,5057.2998046875,5057.89990234375,98.0
2026-01-26 00:18:00-05:00,5057.7998046875,5058.60009765625,5056.7998046875,5057.7001953125,123.0
2026-01-26 00:19:00-05:00,5057.2998046875,5057.60009765625,5049.7001953125,5051.7998046875,455.0
2026-01-26 00:20:00-05:00,5051.7998046875,5055.0,5051.5,5054.5,355.0
2026-01-26 00:21:00-05:00,5054.2998046875,5057.39990234375,5051.89990234375,5056.89990234375,564.0
2026-01-26 00:22:00-05:00,5056.89990234375,5058.2001953125,5054.5,5057.0,313.0
2026-01-26 00:23:00-05:00,5057.2998046875,5061.0,5057.2998046875,5060.39990234375,213.0
2026-01-26 00:24:00-05:00,5060.5,5061.39990234375,5058.7998046875,5060.5,199.0
2026-01-26 00:25:00-05:00,5060.0,5060.0,5058.89990234375,5059.2998046875,42.0
2026-01-26 00:26:00-05:00,5059.2001953125,5062.89990234375,5058.7001953125,5062.2001953125,145.0
2026-01-26 00:27:00-05:00,5062.39990234375,5065.0,5062.2998046875,5063.89990234375,183.0
2026-01-26 00:28:00-05:00,5063.60009765625,5064.5,5061.7998046875,5062.2998046875,252.0
2026-01-26 00:29:00-05:00,5062.10009765625,5063.7998046875,5061.2001953125,5062.7001953125,267.0
2026-01-26 00:30:00-05:00,5062.7998046875,5063.7001953125,5059.5,5063.10009765625,381.0
2026-01-26 00:31:00-05:00,5062.5,5062.5,5053.0,5053.5,301.0
2026-01-26 00:32:00-05:00,5053.0,5058.39990234375,5052.39990234375,5057.10009765625,232.0
2026-01-26 00:33:00-05:00,5057.7001953125,5062.7001953125,5057.7001953125,5062.5,170.0
2026-01-26 00:34:00-05:00,5062.7001953125,5064.2001953125,5060.10009765625,5061.2998046875,245.0
2026-01-26 00:35:00-05:00,5061.2998046875,5065.39990234375,5060.89990234375,5064.7998046875,221.0
2026-01-26 00:36:00-05:00,5064.89990234375,5065.0,5062.39990234375,5063.60009765625,115.0
2026-01-26 00:37:00-05:00,5062.89990234375,5062.89990234375,5054.10009765625,5057.2001953125,308.0
2026-01-26 00:38:00-05:00,5057.5,5064.5,5057.5,5060.2001953125,437.0
2026-01-26 00:39:00-05:00,5060.2998046875,5061.10009765625,5056.7998046875,5059.2001953125,238.0
2026-01-26 00:40:00-05:00,5059.10009765625,5060.89990234375,5056.60009765625,5056.7001953125,173.0
2026-01-26 00:41:00-05:00,5056.7998046875,5056.7998046875,5052.89990234375,5056.2998046875,277.0
2026-01-26 00:42:00-05:00,5056.0,5056.5,5052.89990234375,5055.2001953125,217.0
2026-01-26 00:43:00-05:00,5054.7001953125,5056.39990234375,5050.39990234375,5056.10009765625,228.0
2026-01-26 00:44:00-05:00,5055.89990234375,5058.2001953125,5055.10009765625,5057.89990234375,315.0
2026-01-26 00:45:00-05:00,5057.39990234375,5061.2001953125,5056.2001953125,5060.10009765625,158.0
2026-01-26 00:46:00-05:00,5059.7998046875,5064.0,5059.60009765625,5062.2998046875,96.0
2026-01-26 00:47:00-05:00,5061.89990234375,5066.7001953125,5061.5,5066.0,244.0
2026-01-26 00:48:00-05:00,5065.89990234375,5068.7001953125,5065.39990234375,5067.89990234375,192.0
2026-01-26 00:49:00-05:00,5068.10009765625,5069.7001953125,5067.7998046875,5069.5,152.0
2026-01-26 00:50:00-05:00,5069.5,5070.39990234375,5067.89990234375,5070.2001953125,242.0
2026-01-26 00:51:00-05:00,5070.39990234375,5071.0,5068.89990234375,5070.7998046875,214.0
2026-01-26 00:52:00-05:00,5070.60009765625,5072.5,5070.2998046875,5072.0,383.0
2026-01-26 00:53:00-05:00,5072.10009765625,5074.2998046875,5071.89990234375,5071.89990234375,178.0
2026-01-26 00:54:00-05:00,5072.10009765625,5073.2998046875,5069.39990234375,5071.2998046875,295.0
2026-01-26 00:55:00-05:00,5071.39990234375,5072.2998046875,5070.2001953125,5071.10009765625,168.0
2026-01-26 00:56:00-05:00,5070.60009765625,5072.10009765625,5068.89990234375,5069.0,167.0
2026-01-26 00:57:00-05:00,5069.39990234375,5071.39990234375,5069.39990234375,5070.89990234375,91.0
2026-01-26 00:58:00-05:00,5071.0,5072.60009765625,5070.0,5072.2001953125,169.0
2026-01-26 00:59:00-05:00,5072.2998046875,5073.2001953125,5071.7001953125,5072.10009765625,82.0
2026-01-26 01:00:00-05:00,5071.7998046875,5074.2998046875,5071.39990234375,5073.89990234375,127.0
2026-01-26 01:01:00-05:00,5074.0,5080.2001953125,5073.39990234375,5080.0,437.0
2026-01-26 01:02:00-05:00,5079.5,5079.7998046875,5073.10009765625,5074.2001953125,394.0
2026-01-26 01:03:00-05:00,5074.2001953125,5077.39990234375,5073.0,5077.0,178.0
2026-01-26 01:04:00-05:00,5076.5,5077.2001953125,5073.39990234375,5076.5,142.0
2026-01-26 01:05:00-05:00,5076.2998046875,5076.2998046875,5072.5,5073.2001953125,144.0
2026-01-26 01:06:00-05:00,5073.2998046875,5073.7001953125,5071.7998046875,5072.2001953125,190.0
2026-01-26 01:07:00-05:00,5072.60009765625,5075.5,5071.2998046875,5075.5,113.0
2026-01-26 01:08:00-05:00,5075.60009765625,5076.2001953125,5069.7001953125,5072.60009765625,243.0
2026-01-26 01:09:00-05:00,5071.89990234375,5072.2001953125,5068.89990234375,5069.2998046875,82.0
2026-01-26 01:10:00-05:00,5069.2001953125,5074.2001953125,5069.2001953125,5073.39990234375,186.0
2026-01-26 01:11:00-05:00,5073.7001953125,5073.7001953125,5071.2001953125,5071.7998046875,208.0
2026-01-26 01:12:00-05:00,5071.7001953125,5073.0,5070.0,5071.10009765625,255.0
2026-01-26 01:13:00-05:00,5070.7998046875,5071.5,5066.0,5067.89990234375,321.0
2026-01-26 01:14:00-05:00,5068.2001953125,5069.89990234375,5065.2001953125,5067.0,194.0
2026-01-26 01:15:00-05:00,5067.7998046875,5067.7998046875,5063.0,5065.7001953125,269.0
2026-01-26 01:16:00-05:00,5065.10009765625,5067.39990234375,5063.7998046875,5067.39990234375,470.0
2026-01-26 01:17:00-05:00,5066.89990234375,5070.89990234375,5065.2001953125,5070.0,465.0
2026-01-26 01:18:00-05:00,5069.89990234375,5070.89990234375,5067.7998046875,5068.2001953125,99.0
2026-01-26 01:19:00-05:00,5068.60009765625,5069.7998046875,5067.7998046875,5069.2998046875,89.0
2026-01-26 01:20:00-05:00,5069.2001953125,5070.0,5068.2998046875,5069.0,55.0
2026-01-26 01:21:00-05:00,5068.7998046875,5068.7998046875,5066.2001953125,5067.39990234375,97.0
2026-01-26 01:22:00-05:00,5067.5,5068.39990234375,5066.7001953125,5067.0,64.0
2026-01-26 01:23:00-05:00,5066.7998046875,5069.2001953125,5066.2001953125,5069.2001953125,54.0
2026-01-26 01:24:00-05:00,5069.2001953125,5070.5,5067.2998046875,5070.5,106.0
2026-01-26 01:25:00-05:00,5070.60009765625,5074.10009765625,5070.5,5073.5,158.0
2026-01-26 01:26:00-05:00,5073.60009765625,5074.89990234375,5070.0,5071.5,158.0
2026-01-26 01:27:00-05:00,5071.39990234375,5073.7998046875,5071.39990234375,5073.10009765625,156.0
2026-01-26 01:28:00-05:00,5073.2998046875,5073.89990234375,5071.89990234375,5072.7001953125,204.0
2026-01-26 01:29:00-05:00,5072.7001953125,5073.2998046875,5071.2998046875,5072.7998046875,89.0
2026-01-26 01:30:00-05:00,5072.39990234375,5075.39990234375,5072.10009765625,5073.10009765625,165.0
2026-01-26 01:31:00-05:00,5073.0,5074.7998046875,5073.0,5074.2001953125,51.0
2026-01-26 01:32:00-05:00,5074.7001953125,5077.2998046875,5074.60009765625,5077.2998046875,97.0
2026-01-26 01:33:00-05:00,5077.2001953125,5077.5,5075.39990234375,5075.7001953125,167.0
2026-01-26 01:34:00-05:00,5075.7998046875,5077.2001953125,5074.7001953125,5076.89990234375,115.0
2026-01-26 01:35:00-05:00,5076.89990234375,5078.2001953125,5075.5,5076.39990234375,98.0
2026-01-26 01:36:00-05:00,5076.7001953125,5080.0,5076.7001953125,5079.7998046875,163.0
2026-01-26 01:37:00-05:00,5079.7998046875,5081.0,5078.7998046875,5079.89990234375,239.0
2026-01-26 01:38:00-05:00,5080.0,5082.10009765625,5079.60009765625,5080.89990234375,297.0
2026-01-26 01:39:00-05:00,5080.60009765625,5083.10009765625,5080.2998046875,5081.60009765625,342.0
2026-01-26 01:40:00-05:00,5081.39990234375,5081.7998046875,5079.2001953125,5080.0,177.0
2026-01-26 01:41:00-05:00,5079.7001953125,5081.7998046875,5078.89990234375,5080.7001953125,105.0
2026-01-26 01:42:00-05:00,5081.2001953125,5086.60009765625,5080.2998046875,5086.39990234375,305.0
2026-01-26 01:43:00-05:00,5085.7998046875,5087.0,5083.7001953125,5084.0,272.0
2026-01-26 01:44:00-05:00,5084.0,5089.7001953125,5084.0,5088.89990234375,289.0
2026-01-26 01:45:00-05:00,5088.89990234375,5097.0,5088.89990234375,5095.0,822.0
2026-01-26 01:46:00-05:00,5095.10009765625,5097.39990234375,5092.2001953125,5097.2001953125,513.0
2026-01-26 01:47:00-05:00,5096.7998046875,5106.2998046875,5095.60009765625,5105.10009765625,762.0
2026-01-26 01:48:00-05:00,5104.89990234375,5107.10009765625,5101.60009765625,5104.2998046875,827.0
2026-01-26 01:49:00-05:00,5104.39990234375,5104.5,5099.60009765625,5103.89990234375,896.0
2026-01-26 01:50:00-05:00,5103.5,5107.2001953125,5103.10009765625,5105.5,450.0
2026-01-26 01:51:00-05:00,5105.5,5107.89990234375,5100.7001953125,5101.10009765625,1342.0
2026-01-26 01:52:00-05:00,5100.89990234375,5101.7998046875,5098.10009765625,5098.5,496.0
2026-01-26 01:53:00-05:00,5098.39990234375,5100.0,5097.2001953125,5097.7998046875,261.0
2026-01-26 01:54:00-05:00,5097.0,5098.39990234375,5095.60009765625,5095.7998046875,216.0
2026-01-26 01:55:00-05:00,5096.0,5096.0,5088.89990234375,5089.5,298.0
2026-01-26 01:56:00-05:00,5089.2001953125,5090.0,5084.10009765625,5085.2998046875,425.0
2026-01-26 01:57:00-05:00,5084.60009765625,5085.10009765625,5081.2001953125,5081.7998046875,562.0
2026-01-26 01:58:00-05:00,5081.7998046875,5082.0,5072.7001953125,5076.39990234375,636.0
2026-01-26 01:59:00-05:00,5076.10009765625,5077.2998046875,5073.10009765625,5074.2001953125,297.0
2026-01-26 02:00:00-05:00,5074.5,5078.5,5071.39990234375,5072.10009765625,493.0
2026-01-26 02:01:00-05:00,5071.7998046875,5075.0,5070.0,5073.2001953125,309.0
2026-01-26 02:02:00-05:00,5073.2998046875,5075.7001953125,5073.2001953125,5073.7998046875,186.0
2026-01-26 02:03:00-05:00,5073.7998046875,5078.2998046875,5073.7998046875,5077.7001953125,209.0
2026-01-26 02:04:00-05:00,5077.2998046875,5079.60009765625,5076.7001953125,5077.2001953125,244.0
2026-01-26 02:05:00-05:00,5077.89990234375,5079.2998046875,5077.2001953125,5077.89990234375,312.0
2026-01-26 02:06:00-05:00,5077.60009765625,5082.7001953125,5077.60009765625,5082.2001953125,286.0
2026-01-26 02:07:00-05:00,5081.7001953125,5084.5,5078.7998046875,5083.89990234375,412.0
2026-01-26 02:08:00-05:00,5084.10009765625,5086.7998046875,5082.10009765625,5083.2001953125,250.0
2026-01-26 02:09:00-05:00,5083.0,5084.89990234375,5082.5,5084.5,107.0
2026-01-26 02:10:00-05:00,5085.0,5085.2001953125,5083.10009765625,5085.2001953125,106.0
2026-01-26 02:11:00-05:00,5085.2001953125,5086.39990234375,5083.60009765625,5085.0,199.0
2026-01-26 02:12:00-05:00,5085.0,5086.89990234375,5083.89990234375,5086.39990234375,90.0
2026-01-26 02:13:00-05:00,5086.10009765625,5087.0,5085.0,5086.0,122.0
2026-01-26 02:14:00-05:00,5085.7001953125,5088.7998046875,5084.7001953125,5087.2998046875,149.0
2026-01-26 02:15:00-05:00,5087.39990234375,5087.89990234375,5086.7001953125,5086.89990234375,42.0
2026-01-26 02:16:00-05:00,5087.10009765625,5090.7001953125,5087.0,5089.5,183.0
2026-01-26 02:17:00-05:00,5089.10009765625,5091.5,5088.7001953125,5090.89990234375,110.0
2026-01-26 02:18:00-05:00,5090.60009765625,5092.2998046875,5089.5,5091.7998046875,156.0
2026-01-26 02:19:00-05:00,5091.7998046875,5092.2001953125,5089.0,5089.2001953125,76.0
2026-01-26 02:20:00-05:00,5089.10009765625,5092.2001953125,5089.0,5090.60009765625,96.0
2026-01-26 02:21:00-05:00,5090.5,5092.0,5087.7998046875,5088.60009765625,281.0
2026-01-26 02:22:00-05:00,5088.39990234375,5089.89990234375,5087.2001953125,5089.60009765625,119.0
2026-01-26 02:23:00-05:00,5089.5,5089.89990234375,5088.10009765625,5089.2998046875,80.0
2026-01-26 02:24:00-05:00,5089.0,5091.0,5088.0,5088.39990234375,207.0
2026-01-26 02:25:00-05:00,5089.0,5089.2001953125,5087.2998046875,5088.7001953125,197.0
2026-01-26 02:26:00-05:00,5088.7998046875,5091.39990234375,5088.7001953125,5091.2001953125,113.0
2026-01-26 02:27:00-05:00,5091.5,5092.2001953125,5091.2001953125,5092.2001953125,135.0
2026-01-26 02:28:00-05:00,5091.2998046875,5092.2998046875,5090.5,5092.2001953125,133.0
2026-01-26 02:29:00-05:00,5092.39990234375,5092.39990234375,5091.7998046875,5091.89990234375,87.0
2026-01-26 02:30:00-05:00,5092.0,5092.2998046875,5089.2001953125,5089.2001953125,84.0
2026-01-26 02:31:00-05:00,5089.60009765625,5091.0,5089.39990234375,5090.0,84.0
2026-01-26 02:32:00-05:00,5090.10009765625,5091.10009765625,5089.89990234375,5089.89990234375,71.0
2026-01-26 02:33:00-05:00,5090.10009765625,5090.10009765625,5088.0,5088.7998046875,107.0
2026-01-26 02:34:00-05:00,5089.60009765625,5090.2998046875,5089.10009765625,5089.7001953125,49.0
2026-01-26 02:35:00-05:00,5089.10009765625,5089.7998046875,5087.7998046875,5089.60009765625,90.0
2026-01-26 02:36:00-05:00,5089.89990234375,5089.89990234375,5086.0,5087.2001953125,83.0
2026-01-26 02:37:00-05:00,5087.39990234375,5088.10009765625,5086.7998046875,5087.2998046875,55.0
2026-01-26 02:38:00-05:00,5088.10009765625,5088.5,5087.10009765625,5087.89990234375,57.0
2026-01-26 02:39:00-05:00,5088.0,5088.39990234375,5086.0,5087.2001953125,64.0
2026-01-26 02:40:00-05:00,5087.2001953125,5087.2001953125,5085.39990234375,5086.89990234375,74.0
2026-01-26 02:41:00-05:00,5086.7998046875,5087.39990234375,5086.39990234375,5087.0,41.0
2026-01-26 02:42:00-05:00,5087.0,5088.0,5084.89990234375,5085.7001953125,107.0
2026-01-26 02:43:00-05:00,5085.39990234375,5085.7001953125,5084.2998046875,5084.2998046875,185.0
2026-01-26 02:44:00-05:00,5084.39990234375,5085.39990234375,5082.60009765625,5085.39990234375,119.0
2026-01-26 02:45:00-05:00,5085.7001953125,5088.7001953125,5085.7001953125,5086.89990234375,77.0
2026-01-26 02:46:00-05:00,5086.7998046875,5086.7998046875,5085.2998046875,5086.2001953125,82.0
2026-01-26 02:47:00-05:00,5085.7001953125,5087.0,5085.7001953125,5086.2001953125,31.0
2026-01-26 02:48:00-05:00,5085.89990234375,5089.2998046875,5085.89990234375,5088.5,57.0
2026-01-26 02:49:00-05:00,5088.89990234375,5089.7001953125,5088.7998046875,5089.60009765625,106.0
2026-01-26 02:50:00-05:00,5089.2998046875,5089.7001953125,5088.60009765625,5089.39990234375,76.0
2026-01-26 02:51:00-05:00,5089.60009765625,5090.0,5088.89990234375,5089.10009765625,54.0
2026-01-26 02:52:00-05:00,5088.7998046875,5088.89990234375,5087.7998046875,5088.0,46.0
2026-01-26 02:53:00-05:00,5087.7001953125,5090.0,5087.5,5089.2001953125,167.0
2026-01-26 02:54:00-05:00,5089.10009765625,5091.39990234375,5089.0,5089.2998046875,155.0
2026-01-26 02:55:00-05:00,5089.0,5090.10009765625,5087.89990234375,5089.10009765625,144.0
2026-01-26 02:56:00-05:00,5089.2998046875,5090.5,5089.0,5090.5,61.0
2026-01-26 02:57:00-05:00,5090.2001953125,5090.60009765625,5086.5,5086.89990234375,144.0
2026-01-26 02:58:00-05:00,5086.7998046875,5087.89990234375,5086.7001953125,5087.7998046875,57.0
2026-01-26 02:59:00-05:00,5087.2998046875,5087.5,5085.5,5086.39990234375,37.0
2026-01-26 03:00:00-05:00,5086.2998046875,5088.10009765625,5084.7998046875,5086.5,151.0
2026-01-26 03:01:00-05:00,5087.60009765625,5092.10009765625,5087.2001953125,5092.10009765625,175.0
2026-01-26 03:02:00-05:00,5092.0,5092.89990234375,5090.0,5091.7998046875,207.0
2026-01-26 03:03:00-05:00,5092.10009765625,5094.10009765625,5091.5,5091.60009765625,123.0
2026-01-26 03:04:00-05:00,5091.39990234375,5092.7998046875,5091.39990234375,5092.10009765625,107.0
2026-01-26 03:05:00-05:00,5092.5,5093.5,5090.89990234375,5091.7001953125,178.0
2026-01-26 03:06:00-05:00,5091.7001953125,5091.7001953125,5088.0,5088.2998046875,184.0
2026-01-26 03:07:00-05:00,5087.7001953125,5089.60009765625,5087.2001953125,5088.89990234375,232.0
2026-01-26 03:08:00-05:00,5089.0,5089.39990234375,5087.89990234375,5087.89990234375,146.0
2026-01-26 03:09:00-05:00,5088.5,5089.60009765625,5087.89990234375,5088.7001953125,96.0
2026-01-26 03:10:00-05:00,5088.60009765625,5089.60009765625,5086.89990234375,5089.2001953125,135.0
2026-01-26 03:11:00-05:00,5088.89990234375,5091.0,5088.7998046875,5090.7001953125,119.0
2026-01-26 03:12:00-05:00,5090.7998046875,5092.7998046875,5090.5,5090.5,114.0
2026-01-26 03:13:00-05:00,5090.5,5093.60009765625,5090.2001953125,5092.39990234375,97.0
2026-01-26 03:14:00-05:00,5092.60009765625,5094.10009765625,5092.60009765625,5093.7998046875,84.0
2026-01-26 03:15:00-05:00,5093.7998046875,5094.2001953125,5093.2001953125,5093.7998046875,141.0
2026-01-26 03:16:00-05:00,5093.2998046875,5094.7998046875,5092.39990234375,5094.10009765625,117.0
2026-01-26 03:17:00-05:00,5093.89990234375,5095.60009765625,5093.2998046875,5094.7001953125,158.0
2026-01-26 03:18:00-05:00,5094.10009765625,5095.7998046875,5093.2001953125,5093.60009765625,238.0
2026-01-26 03:19:00-05:00,5093.89990234375,5095.10009765625,5093.7998046875,5094.7001953125,178.0
2026-01-26 03:20:00-05:00,5094.7998046875,5094.89990234375,5093.7998046875,5094.2001953125,91.0
2026-01-26 03:21:00-05:00,5094.2001953125,5094.5,5092.60009765625,5093.5,102.0
2026-01-26 03:22:00-05:00,5093.2998046875,5093.89990234375,5092.60009765625,5093.39990234375,34.0
2026-01-26 03:23:00-05:00,5093.0,5093.89990234375,5092.89990234375,5093.60009765625,68.0
2026-01-26 03:24:00-05:00,5093.60009765625,5094.7001953125,5093.60009765625,5094.2998046875,63.0
2026-01-26 03:25:00-05:00,5094.10009765625,5095.10009765625,5094.10009765625,5095.0,61.0
2026-01-26 03:26:00-05:00,5095.10009765625,5095.10009765625,5094.0,5094.60009765625,73.0
2026-01-26 03:27:00-05:00,5094.5,5095.10009765625,5094.10009765625,5095.10009765625,299.0
2026-01-26 03:28:00-05:00,5094.7001953125,5095.10009765625,5094.39990234375,5095.0,166.0
2026-01-26 03:29:00-05:00,5094.89990234375,5095.0,5093.60009765625,5094.2998046875,116.0
2026-01-26 03:30:00-05:00,5094.39990234375,5095.10009765625,5093.7001953125,5094.10009765625,174.0
2026-01-26 03:31:00-05:00,5094.0,5095.60009765625,5094.0,5094.89990234375,386.0
2026-01-26 03:32:00-05:00,5095.0,5095.60009765625,5094.5,5094.7001953125,213.0
2026-01-26 03:33:00-05:00,5094.7001953125,5095.60009765625,5094.2998046875,5095.0,172.0
2026-01-26 03:34:00-05:00,5095.10009765625,5095.60009765625,5093.2998046875,5094.39990234375,859.0
2026-01-26 03:35:00-05:00,5094.39990234375,5095.60009765625,5094.0,5094.7998046875,205.0
2026-01-26 03:36:00-05:00,5094.89990234375,5095.2998046875,5094.39990234375,5094.5,45.0
2026-01-26 03:37:00-05:00,5094.7001953125,5096.10009765625,5094.7001953125,5095.2001953125,970.0
2026-01-26 03:38:00-05:00,5094.7998046875,5096.10009765625,5094.5,5094.60009765625,660.0
2026-01-26 03:39:00-05:00,5094.7001953125,5094.7001953125,5093.0,5093.5,217.0
2026-01-26 03:40:00-05:00,5093.39990234375,5094.39990234375,5092.2001953125,5093.39990234375,289.0
2026-01-26 03:41:00-05:00,5093.5,5093.5,5089.2001953125,5092.10009765625,334.0
2026-01-26 03:42:00-05:00,5091.7998046875,5092.2998046875,5090.2001953125,5090.7001953125,191.0
2026-01-26 03:43:00-05:00,5090.60009765625,5090.7001953125,5087.7998046875,5089.2001953125,322.0
2026-01-26 03:44:00-05:00,5089.2001953125,5091.39990234375,5088.7998046875,5091.2998046875,168.0
2026-01-26 03:45:00-05:00,5091.2998046875,5091.5,5088.5,5088.60009765625,143.0
2026-01-26 03:46:00-05:00,5088.5,5091.2998046875,5088.0,5089.7998046875,208.0
2026-01-26 03:47:00-05:00,5089.7998046875,5090.7998046875,5087.39990234375,5088.7001953125,194.0
2026-01-26 03:48:00-05:00,5088.39990234375,5089.39990234375,5087.10009765625,5089.10009765625,153.0
2026-01-26 03:49:00-05:00,5089.2998046875,5090.2998046875,5086.5,5086.5,147.0
2026-01-26 03:50:00-05:00,5086.2998046875,5086.7998046875,5084.89990234375,5086.7998046875,145.0
2026-01-26 03:51:00-05:00,5086.7998046875,5087.39990234375,5079.2998046875,5080.2998046875,470.0
2026-01-26 03:52:00-05:00,5080.0,5083.10009765625,5080.0,5080.7998046875,288.0
2026-01-26 03:53:00-05:00,5080.39990234375,5080.89990234375,5078.60009765625,5079.89990234375,163.0
2026-01-26 03:54:00-05:00,5079.39990234375,5081.0,5077.39990234375,5081.0,726.0
2026-01-26 03:55:00-05:00,5081.10009765625,5082.5,5081.0,5081.7998046875,108.0
2026-01-26 03:56:00-05:00,5081.7001953125,5082.0,5078.7998046875,5080.10009765625,225.0
2026-01-26 03:57:00-05:00,5079.60009765625,5081.60009765625,5078.89990234375,5079.39990234375,139.0
2026-01-26 03:58:00-05:00,5079.0,5080.7998046875,5079.0,5080.2001953125,78.0
2026-01-26 03:59:00-05:00,5080.0,5081.2998046875,5078.7998046875,5081.2998046875,153.0
2026-01-26 04:00:00-05:00,5081.2998046875,5088.2998046875,5079.89990234375,5086.39990234375,388.0
2026-01-26 04:01:00-05:00,5086.5,5087.7001953125,5082.10009765625,5084.7998046875,223.0
2026-01-26 04:02:00-05:00,5084.7998046875,5088.7998046875,5084.7998046875,5085.10009765625,203.0
2026-01-26 04:03:00-05:00,5085.39990234375,5087.2998046875,5083.7001953125,5083.89990234375,110.0
2026-01-26 04:04:00-05:00,5084.10009765625,5087.39990234375,5083.5,5086.7998046875,146.0
2026-01-26 04:05:00-05:00,5087.0,5091.2001953125,5087.0,5089.5,194.0
2026-01-26 04:06:00-05:00,5089.0,5089.0,5087.7001953125,5088.2998046875,82.0
2026-01-26 04:07:00-05:00,5087.89990234375,5089.2998046875,5087.60009765625,5088.2001953125,55.0
2026-01-26 04:08:00-05:00,5088.39990234375,5088.39990234375,5087.0,5087.7998046875,100.0
2026-01-26 04:09:00-05:00,5087.0,5087.7001953125,5086.39990234375,5086.7001953125,357.0
2026-01-26 04:10:00-05:00,5086.39990234375,5088.0,5085.39990234375,5087.2998046875,201.0
2026-01-26 04:11:00-05:00,5087.2998046875,5089.39990234375,5087.10009765625,5087.10009765625,176.0
2026-01-26 04:12:00-05:00,5087.10009765625,5088.0,5085.0,5086.0,237.0
2026-01-26 04:13:00-05:00,5086.10009765625,5088.89990234375,5085.60009765625,5087.7001953125,121.0
2026-01-26 04:14:00-05:00,5087.39990234375,5089.5,5086.60009765625,5089.2998046875,271.0
2026-01-26 04:15:00-05:00,5089.39990234375,5091.0,5089.2001953125,5090.7001953125,442.0
2026-01-26 04:16:00-05:00,5090.7998046875,5092.0,5089.10009765625,5090.2001953125,233.0
2026-01-26 04:17:00-05:00,5090.10009765625,5091.39990234375,5089.10009765625,5090.5,154.0
2026-01-26 04:18:00-05:00,5091.0,5091.7001953125,5089.60009765625,5091.2001953125,170.0
2026-01-26 04:19:00-05:00,5090.7998046875,5092.2998046875,5090.7998046875,5091.60009765625,377.0
2026-01-26 04:20:00-05:00,5091.5,5092.2001953125,5089.2001953125,5089.7001953125,275.0
2026-01-26 04:21:00-05:00,5090.2998046875,5090.2998046875,5087.7001953125,5088.2998046875,225.0
2026-01-26 04:22:00-05:00,5088.7001953125,5089.10009765625,5087.7998046875,5088.60009765625,88.0
2026-01-26 04:23:00-05:00,5089.0,5089.5,5086.0,5086.0,187.0
2026-01-26 04:24:00-05:00,5085.89990234375,5089.10009765625,5085.7998046875,5088.2998046875,177.0
2026-01-26 04:25:00-05:00,5088.2001953125,5089.60009765625,5088.2001953125,5088.7998046875,69.0
2026-01-26 04:26:00-05:00,5089.0,5089.39990234375,5087.60009765625,5088.89990234375,157.0
2026-01-26 04:27:00-05:00,5089.10009765625,5092.0,5088.7001953125,5091.60009765625,116.0
2026-01-26 04:28:00-05:00,5091.89990234375,5094.5,5091.60009765625,5094.5,168.0
2026-01-26 04:29:00-05:00,5094.2998046875,5094.7001953125,5093.39990234375,5094.7001953125,291.0
2026-01-26 04:30:00-05:00,5094.7001953125,5094.7001953125,5092.89990234375,5094.0,195.0
2026-01-26 04:31:00-05:00,5093.89990234375,5097.39990234375,5093.89990234375,5095.2998046875,489.0
2026-01-26 04:32:00-05:00,5095.7998046875,5096.7998046875,5094.7001953125,5095.7998046875,294.0
2026-01-26 04:33:00-05:00,5095.89990234375,5096.2998046875,5094.7998046875,5095.39990234375,106.0
2026-01-26 04:34:00-05:00,5095.0,5096.2001953125,5094.2998046875,5096.0,351.0
2026-01-26 04:35:00-05:00,5095.89990234375,5096.0,5095.2998046875,5095.89990234375,73.0
2026-01-26 04:36:00-05:00,5096.2001953125,5096.5,5094.7998046875,5095.7998046875,92.0
2026-01-26 04:37:00-05:00,5095.7001953125,5095.7001953125,5094.10009765625,5095.0,67.0
2026-01-26 04:38:00-05:00,5094.5,5094.5,5093.2001953125,5093.5,66.0
2026-01-26 04:39:00-05:00,5093.10009765625,5093.10009765625,5091.2001953125,5091.2998046875,129.0
2026-01-26 04:40:00-05:00,5091.39990234375,5091.5,5086.2998046875,5086.2998046875,250.0
2026-01-26 04:41:00-05:00,5086.10009765625,5087.7001953125,5085.10009765625,5085.5,227.0
2026-01-26 04:42:00-05:00,5085.7998046875,5088.7998046875,5085.7998046875,5087.10009765625,183.0
2026-01-26 04:43:00-05:00,5087.2001953125,5088.7001953125,5086.89990234375,5088.0,100.0
2026-01-26 04:44:00-05:00,5088.10009765625,5090.0,5087.89990234375,5089.2001953125,112.0
2026-01-26 04:45:00-05:00,5089.5,5089.7998046875,5088.39990234375,5088.89990234375,46.0
2026-01-26 04:46:00-05:00,5089.2001953125,5091.10009765625,5089.10009765625,5090.60009765625,159.0
2026-01-26 04:47:00-05:00,5090.2998046875,5091.0,5088.39990234375,5088.7001953125,53.0
2026-01-26 04:48:00-05:00,5088.39990234375,5088.89990234375,5086.5,5087.7998046875,87.0
2026-01-26 04:49:00-05:00,5087.39990234375,5087.39990234375,5081.10009765625,5081.60009765625,307.0
2026-01-26 04:50:00-05:00,5081.7998046875,5084.10009765625,5079.0,5079.2998046875,312.0
2026-01-26 04:51:00-05:00,5080.2001953125,5080.2001953125,5076.39990234375,5076.7998046875,316.0
2026-01-26 04:52:00-05:00,5076.39990234375,5081.60009765625,5076.0,5080.60009765625,414.0
2026-01-26 04:53:00-05:00,5080.39990234375,5082.7998046875,5078.39990234375,5080.0,431.0
2026-01-26 04:54:00-05:00,5080.2998046875,5080.89990234375,5075.0,5076.89990234375,464.0
2026-01-26 04:55:00-05:00,5077.39990234375,5077.89990234375,5076.60009765625,5077.2001953125,157.0
2026-01-26 04:56:00-05:00,5077.0,5077.7001953125,5073.10009765625,5074.7998046875,390.0
2026-01-26 04:57:00-05:00,5074.7001953125,5078.60009765625,5073.60009765625,5077.7998046875,301.0
2026-01-26 04:58:00-05:00,5078.0,5080.89990234375,5077.7001953125,5079.2998046875,381.0
2026-01-26 04:59:00-05:00,5078.7998046875,5082.2998046875,5078.7001953125,5082.2001953125,181.0
2026-01-26 05:00:00-05:00,5082.39990234375,5083.89990234375,5081.2998046875,5082.2998046875,188.0
2026-01-26 05:01:00-05:00,5082.0,5082.7001953125,5079.89990234375,5081.7001953125,192.0
2026-01-26 05:02:00-05:00,5081.2998046875,5081.7001953125,5079.89990234375,5079.89990234375,177.0
2026-01-26 05:03:00-05:00,5080.10009765625,5080.2001953125,5078.39990234375,5078.39990234375,174.0
2026-01-26 05:04:00-05:00,5078.39990234375,5079.89990234375,5076.5,5079.2998046875,172.0
2026-01-26 05:05:00-05:00,5079.39990234375,5082.60009765625,5078.5,5082.2001953125,154.0
2026-01-26 05:06:00-05:00,5082.2001953125,5083.39990234375,5082.2001953125,5082.7001953125,71.0
2026-01-26 05:07:00-05:00,5082.39990234375,5082.7998046875,5079.7001953125,5080.10009765625,173.0
2026-01-26 05:08:00-05:00,5079.7001953125,5079.89990234375,5077.2001953125,5079.39990234375,286.0
2026-01-26 05:09:00-05:00,5079.0,5081.10009765625,5078.7001953125,5081.10009765625,217.0
2026-01-26 05:10:00-05:00,5080.60009765625,5083.2998046875,5079.89990234375,5082.7001953125,281.0
2026-01-26 05:11:00-05:00,5082.39990234375,5083.2998046875,5081.60009765625,5081.89990234375,460.0
2026-01-26 05:12:00-05:00,5081.89990234375,5084.7001953125,5081.89990234375,5084.2001953125,103.0
2026-01-26 05:13:00-05:00,5084.39990234375,5086.5,5083.60009765625,5086.0,112.0
2026-01-26 05:14:00-05:00,5086.0,5088.2001953125,5085.5,5086.7998046875,233.0
2026-01-26 05:15:00-05:00,5086.7998046875,5087.7998046875,5086.2001953125,5087.5,111.0
2026-01-26 05:16:00-05:00,5087.10009765625,5087.10009765625,5085.5,5086.39990234375,122.0
2026-01-26 05:17:00-05:00,5086.39990234375,5086.39990234375,5084.89990234375,5086.2998046875,83.0
2026-01-26 05:18:00-05:00,5086.2998046875,5086.89990234375,5085.5,5085.5,95.0
2026-01-26 05:19:00-05:00,5086.0,5087.39990234375,5085.2998046875,5087.2998046875,156.0
2026-01-26 05:20:00-05:00,5087.10009765625,5089.2001953125,5084.7001953125,5088.89990234375,318.0
2026-01-26 05:21:00-05:00,5088.10009765625,5088.5,5087.39990234375,5087.60009765625,177.0
2026-01-26 05:22:00-05:00,5088.0,5088.10009765625,5087.0,5087.5,152.0
2026-01-26 05:23:00-05:00,5087.2001953125,5087.7001953125,5086.60009765625,5086.60009765625,105.0
2026-01-26 05:24:00-05:00,5087.2001953125,5087.5,5086.39990234375,5086.5,89.0
2026-01-26 05:25:00-05:00,5086.5,5087.0,5085.89990234375,5086.2998046875,128.0
2026-01-26 05:26:00-05:00,5086.10009765625,5086.10009765625,5083.89990234375,5085.39990234375,94.0
2026-01-26 05:27:00-05:00,5085.10009765625,5086.7001953125,5085.0,5086.0,78.0
2026-01-26 05:28:00-05:00,5086.5,5087.60009765625,5086.10009765625,5086.2998046875,100.0
2026-01-26 05:29:00-05:00,5086.5,5086.5,5084.0,5085.0,172.0
2026-01-26 05:30:00-05:00,5085.39990234375,5086.7001953125,5083.60009765625,5086.7001953125,368.0
2026-01-26 05:31:00-05:00,5086.60009765625,5087.5,5085.2998046875,5086.60009765625,126.0
2026-01-26 05:32:00-05:00,5086.2001953125,5090.0,5086.2001953125,5089.0,236.0
2026-01-26 05:33:00-05:00,5089.0,5091.10009765625,5088.60009765625,5090.7001953125,120.0
2026-01-26 05:34:00-05:00,5090.10009765625,5091.5,5090.0,5090.60009765625,95.0
2026-01-26 05:35:00-05:00,5090.39990234375,5091.39990234375,5090.10009765625,5090.60009765625,134.0
2026-01-26 05:36:00-05:00,5090.7001953125,5090.89990234375,5089.39990234375,5089.39990234375,170.0
2026-01-26 05:37:00-05:00,5089.5,5089.89990234375,5088.0,5089.39990234375,154.0
2026-01-26 05:38:00-05:00,5089.2998046875,5091.7001953125,5088.89990234375,5090.60009765625,208.0
2026-01-26 05:39:00-05:00,5090.7998046875,5092.7998046875,5090.7998046875,5092.2998046875,164.0
2026-01-26 05:40:00-05:00,5092.2998046875,5092.89990234375,5091.2998046875,5092.7001953125,85.0
2026-01-26 05:41:00-05:00,5092.7001953125,5093.0,5090.7001953125,5090.7998046875,121.0
2026-01-26 05:42:00-05:00,5090.39990234375,5091.89990234375,5090.39990234375,5091.39990234375,79.0
2026-01-26 05:43:00-05:00,5091.2001953125,5092.10009765625,5090.5,5091.0,141.0
2026-01-26 05:44:00-05:00,5091.0,5091.10009765625,5090.2998046875,5091.10009765625,54.0
2026-01-26 05:45:00-05:00,5090.89990234375,5092.39990234375,5090.89990234375,5091.2998046875,88.0
2026-01-26 05:46:00-05:00,5091.2001953125,5091.7998046875,5090.0,5090.2998046875,87.0
2026-01-26 05:47:00-05:00,5090.2001953125,5091.10009765625,5089.89990234375,5090.7001953125,63.0
2026-01-26 05:48:00-05:00,5090.7001953125,5090.7998046875,5089.0,5089.60009765625,108.0
2026-01-26 05:49:00-05:00,5089.60009765625,5090.39990234375,5089.5,5090.39990234375,37.0
2026-01-26 05:50:00-05:00,5090.5,5091.10009765625,5090.2001953125,5090.5,41.0
2026-01-26 05:51:00-05:00,5090.2998046875,5090.7001953125,5088.5,5090.2001953125,112.0
2026-01-26 05:52:00-05:00,5090.5,5090.60009765625,5088.5,5089.10009765625,138.0
2026-01-26 05:53:00-05:00,5089.5,5090.60009765625,5088.7001953125,5090.60009765625,64.0
2026-01-26 05:54:00-05:00,5090.7998046875,5091.7001953125,5090.60009765625,5091.10009765625,92.0
2026-01-26 05:55:00-05:00,5091.7001953125,5091.89990234375,5090.10009765625,5090.10009765625,63.0
2026-01-26 05:56:00-05:00,5089.7001953125,5090.5,5089.60009765625,5090.2998046875,95.0
2026-01-26 05:57:00-05:00,5090.0,5090.7998046875,5089.89990234375,5090.0,249.0
2026-01-26 05:58:00-05:00,5090.0,5090.10009765625,5089.10009765625,5089.2998046875,210.0
2026-01-26 05:59:00-05:00,5089.10009765625,5090.10009765625,5088.89990234375,5090.10009765625,122.0
2026-01-26 06:00:00-05:00,5090.10009765625,5090.10009765625,5087.7001953125,5089.2998046875,141.0
2026-01-26 06:01:00-05:00,5089.10009765625,5089.7001953125,5087.7001953125,5088.0,109.0
2026-01-26 06:02:00-05:00,5087.89990234375,5088.2998046875,5087.39990234375,5088.0,86.0
2026-01-26 06:03:00-05:00,5087.7998046875,5089.89990234375,5087.60009765625,5089.89990234375,119.0
2026-01-26 06:04:00-05:00,5090.0,5091.2998046875,5089.89990234375,5091.10009765625,90.0
2026-01-26 06:05:00-05:00,5090.60009765625,5091.0,5090.10009765625,5090.60009765625,139.0
2026-01-26 06:06:00-05:00,5090.60009765625,5090.7998046875,5088.60009765625,5089.2998046875,180.0
2026-01-26 06:07:00-05:00,5088.7998046875,5089.2998046875,5088.0,5089.10009765625,96.0
2026-01-26 06:08:00-05:00,5089.10009765625,5090.60009765625,5088.2998046875,5089.89990234375,114.0
2026-01-26 06:09:00-05:00,5090.2998046875,5090.2998046875,5089.0,5089.5,83.0
2026-01-26 06:10:00-05:00,5089.39990234375,5089.5,5088.10009765625,5088.10009765625,50.0
2026-01-26 06:11:00-05:00,5088.10009765625,5088.10009765625,5087.0,5087.5,145.0
2026-01-26 06:12:00-05:00,5087.7998046875,5087.7998046875,5086.7998046875,5086.7998046875,58.0
2026-01-26 06:13:00-05:00,5086.60009765625,5087.2001953125,5085.60009765625,5087.2001953125,248.0
2026-01-26 06:14:00-05:00,5086.60009765625,5086.7998046875,5086.2001953125,5086.2001953125,105.0
2026-01-26 06:15:00-05:00,5086.5,5086.7001953125,5083.60009765625,5084.5,167.0
2026-01-26 06:16:00-05:00,5085.0,5087.10009765625,5084.60009765625,5086.2998046875,407.0
2026-01-26 06:17:00-05:00,5086.60009765625,5086.60009765625,5084.0,5084.0,63.0
2026-01-26 06:18:00-05:00,5084.5,5084.60009765625,5078.39990234375,5079.39990234375,335.0
2026-01-26 06:19:00-05:00,5079.2001953125,5080.10009765625,5076.5,5079.60009765625,275.0
2026-01-26 06:20:00-05:00,5079.39990234375,5079.7001953125,5077.39990234375,5077.60009765625,140.0
2026-01-26 06:21:00-05:00,5077.60009765625,5079.7001953125,5077.2001953125,5078.89990234375,136.0
2026-01-26 06:22:00-05:00,5078.7001953125,5081.60009765625,5077.7998046875,5081.2001953125,190.0
2026-01-26 06:23:00-05:00,5080.89990234375,5081.5,5080.2998046875,5081.10009765625,79.0
2026-01-26 06:24:00-05:00,5081.39990234375,5083.2998046875,5081.39990234375,5083.0,116.0
2026-01-26 06:25:00-05:00,5082.60009765625,5083.7001953125,5081.60009765625,5083.0,86.0
2026-01-26 06:26:00-05:00,5083.2998046875,5083.2998046875,5081.7001953125,5081.89990234375,89.0
2026-01-26 06:27:00-05:00,5082.60009765625,5083.60009765625,5080.5,5083.60009765625,132.0
2026-01-26 06:28:00-05:00,5083.2001953125,5085.60009765625,5083.10009765625,5085.60009765625,93.0
2026-01-26 06:29:00-05:00,5085.2998046875,5086.0,5084.2001953125,5085.39990234375,111.0
2026-01-26 06:30:00-05:00,5085.60009765625,5086.10009765625,5084.39990234375,5085.10009765625,126.0
2026-01-26 06:31:00-05:00,5085.10009765625,5085.39990234375,5083.7998046875,5084.39990234375,140.0
2026-01-26 06:32:00-05:00,5084.2001953125,5084.2998046875,5081.89990234375,5082.60009765625,226.0
2026-01-26 06:33:00-05:00,5082.7001953125,5083.5,5082.7001953125,5083.5,116.0
2026-01-26 06:34:00-05:00,5083.60009765625,5083.60009765625,5081.7001953125,5083.2998046875,106.0
2026-01-26 06:35:00-05:00,5083.5,5085.2001953125,5082.89990234375,5084.7998046875,118.0
2026-01-26 06:36:00-05:00,5084.89990234375,5086.39990234375,5084.7998046875,5086.2998046875,148.0
2026-01-26 06:37:00-05:00,5086.39990234375,5088.39990234375,5086.2001953125,5088.2998046875,152.0
2026-01-26 06:38:00-05:00,5087.7998046875,5089.10009765625,5087.7001953125,5089.0,206.0
2026-01-26 06:39:00-05:00,5089.2001953125,5090.39990234375,5088.7001953125,5090.39990234375,119.0
2026-01-26 06:40:00-05:00,5090.10009765625,5090.7001953125,5089.7998046875,5090.10009765625,143.0
2026-01-26 06:41:00-05:00,5090.2001953125,5090.5,5089.60009765625,5089.89990234375,110.0
2026-01-26 06:42:00-05:00,5089.0,5090.7001953125,5089.0,5090.60009765625,182.0
2026-01-26 06:43:00-05:00,5090.7001953125,5090.7001953125,5089.2001953125,5089.5,92.0
2026-01-26 06:44:00-05:00,5089.10009765625,5089.39990234375,5087.5,5088.10009765625,140.0
2026-01-26 06:45:00-05:00,5087.89990234375,5087.89990234375,5086.2998046875,5086.39990234375,101.0
2026-01-26 06:46:00-05:00,5086.7001953125,5086.7001953125,5085.2998046875,5085.60009765625,120.0
2026-01-26 06:47:00-05:00,5085.89990234375,5087.89990234375,5085.39990234375,5087.60009765625,76.0
2026-01-26 06:48:00-05:00,5087.7998046875,5088.7998046875,5087.2998046875,5087.89990234375,130.0
2026-01-26 06:49:00-05:00,5088.10009765625,5089.10009765625,5087.7998046875,5089.0,73.0
2026-01-26 06:50:00-05:00,5089.0,5089.60009765625,5088.5,5089.60009765625,98.0
2026-01-26 06:51:00-05:00,5089.39990234375,5090.7001953125,5088.7001953125,5089.7998046875,126.0
2026-01-26 06:52:00-05:00,5089.7001953125,5090.5,5089.7001953125,5090.2001953125,90.0
2026-01-26 06:53:00-05:00,5090.39990234375,5090.39990234375,5089.10009765625,5089.2998046875,57.0
2026-01-26 06:54:00-05:00,5089.2998046875,5089.89990234375,5088.7001953125,5089.60009765625,68.0
2026-01-26 06:55:00-05:00,5089.60009765625,5090.0,5089.10009765625,5090.0,83.0
2026-01-26 06:56:00-05:00,5090.39990234375,5090.39990234375,5089.2998046875,5089.2998046875,80.0
2026-01-26 06:57:00-05:00,5089.10009765625,5089.2001953125,5088.0,5088.39990234375,80.0
2026-01-26 06:58:00-05:00,5088.5,5089.7001953125,5088.5,5089.10009765625,99.0
2026-01-26 06:59:00-05:00,5089.10009765625,5089.89990234375,5088.7998046875,5089.7998046875,437.0
2026-01-26 07:00:00-05:00,5089.60009765625,5089.7001953125,5086.5,5086.7001953125,237.0
2026-01-26 07:01:00-05:00,5086.39990234375,5090.39990234375,5085.39990234375,5090.2001953125,221.0
2026-01-26 07:02:00-05:00,5090.2001953125,5091.7001953125,5090.2001953125,5090.89990234375,195.0
2026-01-26 07:03:00-05:00,5090.7998046875,5091.2001953125,5090.10009765625,5090.39990234375,126.0
2026-01-26 07:04:00-05:00,5090.60009765625,5091.7998046875,5090.39990234375,5091.7998046875,243.0
2026-01-26 07:05:00-05:00,5091.7001953125,5092.10009765625,5090.89990234375,5091.7001953125,74.0
2026-01-26 07:06:00-05:00,5091.60009765625,5091.60009765625,5089.2998046875,5089.89990234375,149.0
2026-01-26 07:07:00-05:00,5090.10009765625,5090.89990234375,5089.89990234375,5090.10009765625,48.0
2026-01-26 07:08:00-05:00,5090.10009765625,5090.10009765625,5088.39990234375,5089.39990234375,220.0
2026-01-26 07:09:00-05:00,5089.2001953125,5091.60009765625,5088.89990234375,5090.89990234375,163.0
2026-01-26 07:10:00-05:00,5090.60009765625,5090.60009765625,5089.2001953125,5089.7001953125,43.0
2026-01-26 07:11:00-05:00,5089.60009765625,5089.7998046875,5088.5,5089.7998046875,103.0
2026-01-26 07:12:00-05:00,5089.2998046875,5089.2998046875,5087.10009765625,5088.60009765625,170.0
2026-01-26 07:13:00-05:00,5088.89990234375,5089.7998046875,5087.89990234375,5088.7001953125,164.0
2026-01-26 07:14:00-05:00,5088.7001953125,5088.7001953125,5087.60009765625,5088.0,105.0
2026-01-26 07:15:00-05:00,5088.2998046875,5088.7001953125,5087.7998046875,5088.60009765625,77.0
2026-01-26 07:16:00-05:00,5088.5,5089.2001953125,5087.7001953125,5088.5,110.0
2026-01-26 07:17:00-05:00,5088.5,5088.60009765625,5086.10009765625,5086.7998046875,103.0
2026-01-26 07:18:00-05:00,5086.7998046875,5087.10009765625,5085.0,5085.2001953125,258.0
2026-01-26 07:19:00-05:00,5085.39990234375,5086.7998046875,5083.7001953125,5086.7001953125,441.0
2026-01-26 07:20:00-05:00,5086.7998046875,5088.7001953125,5086.39990234375,5088.2001953125,153.0
2026-01-26 07:21:00-05:00,5088.60009765625,5090.5,5088.2001953125,5090.2998046875,114.0
2026-01-26 07:22:00-05:00,5090.5,5093.60009765625,5090.5,5093.39990234375,217.0
2026-01-26 07:23:00-05:00,5093.2998046875,5094.60009765625,5092.60009765625,5093.2001953125,377.0
2026-01-26 07:24:00-05:00,5093.10009765625,5095.39990234375,5091.7001953125,5095.10009765625,599.0
2026-01-26 07:25:00-05:00,5094.7998046875,5095.0,5092.2001953125,5092.60009765625,177.0
2026-01-26 07:26:00-05:00,5092.7998046875,5092.89990234375,5088.39990234375,5088.7001953125,248.0
2026-01-26 07:27:00-05:00,5089.10009765625,5089.10009765625,5087.2998046875,5088.2998046875,118.0
2026-01-26 07:28:00-05:00,5088.10009765625,5088.39990234375,5086.39990234375,5087.39990234375,156.0
2026-01-26 07:29:00-05:00,5086.7001953125,5087.89990234375,5086.5,5087.89990234375,322.0
2026-01-26 07:30:00-05:00,5087.89990234375,5087.89990234375,5086.2998046875,5086.60009765625,131.0
2026-01-26 07:31:00-05:00,5086.5,5086.5,5082.5,5084.5,458.0
2026-01-26 07:32:00-05:00,5084.5,5084.60009765625,5081.89990234375,5082.0,242.0
2026-01-26 07:33:00-05:00,5082.2998046875,5084.60009765625,5081.7998046875,5084.60009765625,177.0
2026-01-26 07:34:00-05:00,5084.10009765625,5084.7001953125,5084.0,5084.39990234375,179.0
2026-01-26 07:35:00-05:00,5084.5,5084.7001953125,5083.10009765625,5084.2998046875,111.0
2026-01-26 07:36:00-05:00,5084.2998046875,5086.60009765625,5084.2998046875,5086.39990234375,347.0
2026-01-26 07:37:00-05:00,5086.39990234375,5087.5,5085.2998046875,5085.7001953125,166.0
2026-01-26 07:38:00-05:00,5085.39990234375,5086.0,5084.7001953125,5084.89990234375,76.0
2026-01-26 07:39:00-05:00,5084.5,5085.60009765625,5082.7998046875,5082.89990234375,252.0
2026-01-26 07:40:00-05:00,5082.7001953125,5083.89990234375,5082.5,5083.7001953125,439.0
2026-01-26 07:41:00-05:00,5083.89990234375,5085.39990234375,5082.10009765625,5082.7998046875,306.0
2026-01-26 07:42:00-05:00,5082.5,5082.5,5077.2001953125,5078.2001953125,656.0
2026-01-26 07:43:00-05:00,5078.2001953125,5081.39990234375,5076.7001953125,5080.39990234375,335.0
2026-01-26 07:44:00-05:00,5080.7001953125,5082.89990234375,5080.2998046875,5081.0,178.0
2026-01-26 07:45:00-05:00,5081.2001953125,5082.60009765625,5080.5,5080.7998046875,97.0
2026-01-26 07:46:00-05:00,5080.5,5082.5,5080.2001953125,5082.10009765625,126.0
2026-01-26 07:47:00-05:00,5082.39990234375,5083.2001953125,5081.39990234375,5081.60009765625,120.0
2026-01-26 07:48:00-05:00,5081.39990234375,5081.7001953125,5080.2998046875,5081.2998046875,136.0
2026-01-26 07:49:00-05:00,5081.2001953125,5081.7998046875,5080.60009765625,5081.60009765625,139.0
2026-01-26 07:50:00-05:00,5081.39990234375,5083.2998046875,5080.89990234375,5082.0,182.0
2026-01-26 07:51:00-05:00,5081.7998046875,5083.39990234375,5081.7001953125,5082.7001953125,198.0
2026-01-26 07:52:00-05:00,5082.2998046875,5082.7998046875,5079.89990234375,5081.39990234375,161.0
2026-01-26 07:53:00-05:00,5081.0,5082.2998046875,5080.60009765625,5082.2998046875,134.0
2026-01-26 07:54:00-05:00,5082.2998046875,5083.5,5081.10009765625,5082.2001953125,128.0
2026-01-26 07:55:00-05:00,5082.39990234375,5083.7001953125,5081.7001953125,5082.10009765625,196.0
2026-01-26 07:56:00-05:00,5082.0,5082.10009765625,5074.5,5075.7998046875,554.0
2026-01-26 07:57:00-05:00,5075.89990234375,5078.60009765625,5075.7998046875,5077.89990234375,250.0
2026-01-26 07:58:00-05:00,5078.0,5079.7001953125,5076.60009765625,5079.60009765625,336.0
2026-01-26 07:59:00-05:00,5079.5,5079.7001953125,5074.60009765625,5076.2001953125,513.0
2026-01-26 08:00:00-05:00,5076.60009765625,5077.7998046875,5072.2998046875,5075.7998046875,807.0
2026-01-26 08:01:00-05:00,5076.10009765625,5078.2001953125,5074.0,5075.60009765625,305.0
2026-01-26 08:02:00-05:00,5075.7001953125,5076.7998046875,5063.7001953125,5064.7998046875,792.0
2026-01-26 08:03:00-05:00,5064.60009765625,5068.0,5063.2001953125,5067.10009765625,461.0
2026-01-26 08:04:00-05:00,5067.10009765625,5072.2998046875,5065.60009765625,5072.0,1588.0
2026-01-26 08:05:00-05:00,5071.5,5074.39990234375,5068.5,5072.7001953125,292.0
2026-01-26 08:06:00-05:00,5072.5,5073.2001953125,5068.7001953125,5069.2998046875,269.0
2026-01-26 08:07:00-05:00,5069.39990234375,5073.10009765625,5069.2001953125,5073.10009765625,2457.0
2026-01-26 08:08:00-05:00,5073.0,5074.2998046875,5070.10009765625,5074.0,175.0
2026-01-26 08:09:00-05:00,5074.0,5075.89990234375,5073.7001953125,5074.7998046875,314.0
2026-01-26 08:10:00-05:00,5075.7001953125,5078.89990234375,5075.60009765625,5078.39990234375,220.0
2026-01-26 08:11:00-05:00,5079.0,5079.5,5077.10009765625,5079.5,246.0
2026-01-26 08:12:00-05:00,5079.2001953125,5080.5,5077.7001953125,5077.89990234375,254.0
2026-01-26 08:13:00-05:00,5077.7001953125,5079.0,5076.7001953125,5077.0,488.0
2026-01-26 08:14:00-05:00,5077.39990234375,5078.60009765625,5076.39990234375,5077.7998046875,174.0
2026-01-26 08:15:00-05:00,5078.0,5080.89990234375,5077.7998046875,5080.7001953125,197.0
2026-01-26 08:16:00-05:00,5080.10009765625,5080.39990234375,5077.89990234375,5078.5,165.0
2026-01-26 08:17:00-05:00,5078.89990234375,5078.89990234375,5075.7998046875,5076.7998046875,141.0
2026-01-26 08:18:00-05:00,5076.39990234375,5078.2001953125,5075.7998046875,5076.89990234375,325.0
2026-01-26 08:19:00-05:00,5076.7001953125,5076.7001953125,5072.2998046875,5074.2998046875,378.0
2026-01-26 08:20:00-05:00,5074.0,5074.2998046875,5069.2998046875,5069.89990234375,394.0
2026-01-26 08:21:00-05:00,5070.39990234375,5072.2998046875,5067.2998046875,5067.89990234375,462.0
2026-01-26 08:22:00-05:00,5067.7998046875,5072.0,5067.7998046875,5071.2001953125,317.0
2026-01-26 08:23:00-05:00,5070.7001953125,5070.7998046875,5067.10009765625,5068.0,281.0
2026-01-26 08:24:00-05:00,5067.7001953125,5068.5,5066.0,5067.2998046875,224.0
2026-01-26 08:25:00-05:00,5067.39990234375,5068.2001953125,5064.60009765625,5067.2998046875,385.0
2026-01-26 08:26:00-05:00,5067.0,5070.39990234375,5066.2998046875,5070.0,279.0
2026-01-26 08:27:00-05:00,5070.10009765625,5072.10009765625,5068.7001953125,5072.0,362.0
2026-01-26 08:28:00-05:00,5071.39990234375,5073.5,5070.2998046875,5071.39990234375,170.0
2026-01-26 08:29:00-05:00,5071.2998046875,5072.2998046875,5068.89990234375,5068.89990234375,201.0
2026-01-26 08:30:00-05:00,5070.2001953125,5070.89990234375,5056.60009765625,5059.89990234375,1032.0
2026-01-26 08:31:00-05:00,5060.7001953125,5062.7001953125,5057.89990234375,5060.60009765625,1092.0
2026-01-26 08:32:00-05:00,5060.0,5060.39990234375,5052.0,5053.0,1274.0
2026-01-26 08:33:00-05:00,5052.7998046875,5058.89990234375,5052.0,5054.5,823.0
2026-01-26 08:34:00-05:00,5054.7998046875,5060.60009765625,5053.5,5060.60009765625,412.0
2026-01-26 08:35:00-05:00,5060.7998046875,5062.60009765625,5057.60009765625,5058.10009765625,421.0
2026-01-26 08:36:00-05:00,5058.7998046875,5061.60009765625,5057.10009765625,5060.7998046875,307.0
2026-01-26 08:37:00-05:00,5060.2998046875,5061.89990234375,5059.2998046875,5060.7001953125,298.0
2026-01-26 08:38:00-05:00,5061.0,5063.0,5060.5,5060.60009765625,276.0
2026-01-26 08:39:00-05:00,5060.60009765625,5062.7998046875,5060.2001953125,5062.10009765625,478.0
2026-01-26 08:40:00-05:00,5062.2001953125,5065.2001953125,5061.89990234375,5064.2001953125,389.0
2026-01-26 08:41:00-05:00,5064.5,5066.7001953125,5062.39990234375,5066.10009765625,292.0
2026-01-26 08:42:00-05:00,5065.7998046875,5070.0,5065.5,5068.5,298.0
2026-01-26 08:43:00-05:00,5068.89990234375,5069.7001953125,5067.7001953125,5068.7001953125,524.0
2026-01-26 08:44:00-05:00,5068.7001953125,5069.10009765625,5067.5,5068.7001953125,154.0
2026-01-26 08:45:00-05:00,5068.89990234375,5069.60009765625,5066.7001953125,5068.7001953125,225.0
2026-01-26 08:46:00-05:00,5068.39990234375,5068.7001953125,5066.2998046875,5068.5,288.0
2026-01-26 08:47:00-05:00,5067.2998046875,5068.39990234375,5064.39990234375,5068.39990234375,240.0
2026-01-26 08:48:00-05:00,5068.2998046875,5070.89990234375,5067.7998046875,5069.5,250.0
2026-01-26 08:49:00-05:00,5069.2998046875,5071.0,5068.7998046875,5069.89990234375,1172.0
2026-01-26 08:50:00-05:00,5069.10009765625,5071.7001953125,5067.5,5067.7998046875,373.0
2026-01-26 08:51:00-05:00,5067.89990234375,5070.5,5065.10009765625,5069.10009765625,305.0
2026-01-26 08:52:00-05:00,5069.5,5073.60009765625,5068.5,5071.60009765625,360.0
2026-01-26 08:53:00-05:00,5071.60009765625,5072.2001953125,5069.2998046875,5070.2001953125,200.0
2026-01-26 08:54:00-05:00,5069.7998046875,5072.7001953125,5067.60009765625,5071.2998046875,266.0
2026-01-26 08:55:00-05:00,5071.2998046875,5071.5,5067.60009765625,5068.5,369.0
2026-01-26 08:56:00-05:00,5068.7998046875,5068.89990234375,5065.39990234375,5066.89990234375,276.0
2026-01-26 08:57:00-05:00,5066.2998046875,5067.7001953125,5064.2001953125,5065.10009765625,408.0
2026-01-26 08:58:00-05:00,5065.10009765625,5068.2998046875,5064.5,5066.7998046875,355.0
2026-01-26 08:59:00-05:00,5067.10009765625,5067.89990234375,5064.7998046875,5065.89990234375,438.0
2026-01-26 09:00:00-05:00,5065.7001953125,5067.7001953125,5059.0,5059.89990234375,572.0
2026-01-26 09:01:00-05:00,5059.89990234375,5059.89990234375,5056.0,5056.60009765625,473.0
2026-01-26 09:02:00-05:00,5056.7001953125,5058.7001953125,5055.5,5058.10009765625,567.0
2026-01-26 09:03:00-05:00,5058.2001953125,5063.0,5058.0,5062.0,467.0
2026-01-26 09:04:00-05:00,5061.89990234375,5063.60009765625,5059.39990234375,5062.7001953125,418.0
2026-01-26 09:05:00-05:00,5062.2001953125,5066.2001953125,5062.2001953125,5065.89990234375,586.0
2026-01-26 09:06:00-05:00,5066.0,5066.7998046875,5064.7001953125,5065.39990234375,263.0
2026-01-26 09:07:00-05:00,5065.2001953125,5067.0,5065.2001953125,5065.2998046875,448.0
2026-01-26 09:08:00-05:00,5065.10009765625,5066.5,5064.5,5065.5,183.0
2026-01-26 09:09:00-05:00,5065.10009765625,5066.89990234375,5064.7001953125,5066.0,142.0
2026-01-26 09:10:00-05:00,5065.5,5068.10009765625,5065.39990234375,5067.60009765625,307.0
2026-01-26 09:11:00-05:00,5067.89990234375,5068.7001953125,5067.10009765625,5068.2001953125,237.0
2026-01-26 09:12:00-05:00,5068.10009765625,5069.7001953125,5067.10009765625,5069.39990234375,342.0
2026-01-26 09:13:00-05:00,5069.39990234375,5069.60009765625,5068.10009765625,5069.2001953125,200.0
2026-01-26 09:14:00-05:00,5069.5,5070.60009765625,5068.0,5068.7001953125,304.0
2026-01-26 09:15:00-05:00,5068.89990234375,5069.5,5068.5,5069.2998046875,202.0
2026-01-26 09:16:00-05:00,5068.89990234375,5068.89990234375,5060.89990234375,5065.10009765625,830.0
2026-01-26 09:17:00-05:00,5064.89990234375,5068.10009765625,5064.7998046875,5066.39990234375,251.0
2026-01-26 09:18:00-05:00,5066.0,5068.39990234375,5064.89990234375,5068.10009765625,147.0
2026-01-26 09:19:00-05:00,5067.7998046875,5069.10009765625,5067.2001953125,5069.0,212.0
2026-01-26 09:20:00-05:00,5069.2998046875,5070.7998046875,5068.39990234375,5070.5,319.0
2026-01-26 09:21:00-05:00,5070.5,5073.89990234375,5070.39990234375,5072.39990234375,687.0
2026-01-26 09:22:00-05:00,5072.60009765625,5074.39990234375,5071.7001953125,5074.0,326.0
2026-01-26 09:23:00-05:00,5074.2998046875,5075.7001953125,5073.2001953125,5074.39990234375,327.0
2026-01-26 09:24:00-05:00,5074.2001953125,5076.39990234375,5074.2001953125,5074.7998046875,2193.0
2026-01-26 09:25:00-05:00,5074.89990234375,5074.89990234375,5072.89990234375,5073.60009765625,394.0
2026-01-26 09:26:00-05:00,5073.89990234375,5075.7001953125,5071.5,5075.5,388.0
2026-01-26 09:27:00-05:00,5075.60009765625,5080.10009765625,5073.7001953125,5079.5,636.0
2026-01-26 09:28:00-05:00,5079.7001953125,5080.0,5077.39990234375,5077.7001953125,545.0
2026-01-26 09:29:00-05:00,5077.7998046875,5078.89990234375,5074.7001953125,5075.60009765625,547.0
2026-01-26 09:30:00-05:00,5075.60009765625,5078.60009765625,5073.2998046875,5077.10009765625,1528.0
2026-01-26 09:31:00-05:00,5077.0,5077.89990234375,5071.89990234375,5077.10009765625,768.0
2026-01-26 09:32:00-05:00,5077.10009765625,5081.2998046875,5075.39990234375,5075.60009765625,2708.0
2026-01-26 09:33:00-05:00,5075.39990234375,5080.0,5075.0,5079.89990234375,460.0
2026-01-26 09:34:00-05:00,5079.7001953125,5083.0,5079.2998046875,5082.2001953125,577.0
2026-01-26 09:35:00-05:00,5082.2001953125,5082.5,5078.5,5078.5,515.0
2026-01-26 09:36:00-05:00,5078.60009765625,5082.60009765625,5078.60009765625,5080.60009765625,400.0
2026-01-26 09:37:00-05:00,5080.60009765625,5087.10009765625,5080.2001953125,5086.89990234375,689.0
2026-01-26 09:38:00-05:00,5086.7998046875,5088.10009765625,5085.89990234375,5087.10009765625,486.0
2026-01-26 09:39:00-05:00,5087.0,5087.60009765625,5085.10009765625,5086.39990234375,452.0
2026-01-26 09:40:00-05:00,5086.5,5088.10009765625,5085.5,5086.10009765625,315.0
2026-01-26 09:41:00-05:00,5085.89990234375,5086.2998046875,5078.60009765625,5079.60009765625,1235.0
2026-01-26 09:42:00-05:00,5079.5,5081.5,5076.5,5078.60009765625,1746.0
2026-01-26 09:43:00-05:00,5078.10009765625,5080.60009765625,5076.2998046875,5076.60009765625,425.0
2026-01-26 09:44:00-05:00,5076.60009765625,5079.39990234375,5076.39990234375,5078.60009765625,351.0
2026-01-26 09:45:00-05:00,5078.60009765625,5083.2001953125,5077.39990234375,5082.2001953125,3087.0
2026-01-26 09:46:00-05:00,5082.2998046875,5086.60009765625,5081.5,5084.2001953125,402.0
2026-01-26 09:47:00-05:00,5084.5,5086.5,5082.39990234375,5086.2001953125,353.0
2026-01-26 09:48:00-05:00,5085.5,5085.7998046875,5083.5,5084.2001953125,238.0
2026-01-26 09:49:00-05:00,5084.60009765625,5087.0,5084.2001953125,5086.39990234375,851.0
2026-01-26 09:50:00-05:00,5086.5,5086.7998046875,5082.10009765625,5082.39990234375,319.0
2026-01-26 09:51:00-05:00,5082.10009765625,5084.89990234375,5081.7998046875,5084.7998046875,409.0
2026-01-26 09:52:00-05:00,5084.89990234375,5091.2998046875,5084.0,5091.2001953125,840.0
2026-01-26 09:53:00-05:00,5091.2001953125,5093.10009765625,5090.2001953125,5090.60009765625,648.0
2026-01-26 09:54:00-05:00,5090.39990234375,5090.7001953125,5088.2998046875,5089.5,1050.0
2026-01-26 09:55:00-05:00,5089.7998046875,5091.89990234375,5087.89990234375,5088.39990234375,412.0
2026-01-26 09:56:00-05:00,5088.7998046875,5092.2001953125,5088.39990234375,5091.7998046875,383.0
2026-01-26 09:57:00-05:00,5092.0,5094.5,5090.89990234375,5092.2998046875,338.0
2026-01-26 09:58:00-05:00,5092.7001953125,5094.7001953125,5091.89990234375,5093.89990234375,987.0
2026-01-26 09:59:00-05:00,5093.39990234375,5094.39990234375,5092.5,5093.7001953125,434.0
2026-01-26 10:00:00-05:00,5094.10009765625,5094.7998046875,5088.7998046875,5089.7001953125,848.0
2026-01-26 10:01:00-05:00,5089.7001953125,5089.89990234375,5083.2998046875,5086.2998046875,995.0
2026-01-26 10:02:00-05:00,5086.0,5087.7998046875,5085.60009765625,5086.60009765625,552.0
2026-01-26 10:03:00-05:00,5086.60009765625,5088.7998046875,5086.2001953125,5087.0,2136.0
2026-01-26 10:04:00-05:00,5086.7998046875,5091.0,5086.7001953125,5089.7001953125,1169.0
2026-01-26 10:05:00-05:00,5089.2001953125,5090.5,5086.7998046875,5089.10009765625,483.0
2026-01-26 10:06:00-05:00,5089.2001953125,5090.7998046875,5087.7998046875,5089.2001953125,440.0
2026-01-26 10:07:00-05:00,5089.10009765625,5089.89990234375,5088.0,5089.39990234375,1441.0
2026-01-26 10:08:00-05:00,5089.5,5091.89990234375,5088.7998046875,5090.7998046875,797.0
2026-01-26 10:09:00-05:00,5090.39990234375,5090.7001953125,5087.2998046875,5088.7001953125,389.0
2026-01-26 10:10:00-05:00,5088.7001953125,5090.0,5086.7998046875,5088.39990234375,385.0
2026-01-26 10:11:00-05:00,5088.5,5091.7998046875,5087.7001953125,5091.60009765625,437.0
2026-01-26 10:12:00-05:00,5091.60009765625,5095.10009765625,5091.5,5092.7998046875,611.0
2026-01-26 10:13:00-05:00,5093.0,5095.2001953125,5091.7001953125,5091.89990234375,484.0
2026-01-26 10:14:00-05:00,5091.5,5093.2001953125,5090.60009765625,5092.7001953125,292.0
2026-01-26 10:15:00-05:00,5093.0,5094.60009765625,5090.2998046875,5090.7001953125,481.0
2026-01-26 10:16:00-05:00,5090.89990234375,5091.7001953125,5086.89990234375,5087.0,386.0
2026-01-26 10:17:00-05:00,5086.89990234375,5090.10009765625,5086.60009765625,5089.2998046875,508.0
2026-01-26 10:18:00-05:00,5089.39990234375,5089.7001953125,5087.39990234375,5087.7998046875,235.0
2026-01-26 10:19:00-05:00,5088.0,5089.60009765625,5086.10009765625,5086.60009765625,464.0
2026-01-26 10:20:00-05:00,5086.60009765625,5087.2001953125,5081.5,5082.7998046875,697.0
2026-01-26 10:21:00-05:00,5083.0,5086.7998046875,5083.0,5086.2998046875,486.0
2026-01-26 10:22:00-05:00,5086.2998046875,5091.7998046875,5085.2001953125,5090.60009765625,1389.0
2026-01-26 10:23:00-05:00,5090.39990234375,5091.7998046875,5088.39990234375,5090.2001953125,592.0
2026-01-26 10:24:00-05:00,5090.2001953125,5090.5,5086.7001953125,5087.7998046875,474.0
2026-01-26 10:25:00-05:00,5088.2001953125,5088.5,5085.10009765625,5086.2998046875,603.0
2026-01-26 10:26:00-05:00,5085.7001953125,5089.5,5085.2998046875,5088.39990234375,956.0
2026-01-26 10:27:00-05:00,5088.39990234375,5088.60009765625,5084.2998046875,5084.2998046875,401.0
2026-01-26 10:28:00-05:00,5084.2998046875,5086.7998046875,5083.5,5086.2998046875,412.0
2026-01-26 10:29:00-05:00,5086.39990234375,5088.5,5086.0,5088.2001953125,172.0
2026-01-26 10:30:00-05:00,5088.10009765625,5090.39990234375,5087.60009765625,5088.60009765625,359.0
2026-01-26 10:31:00-05:00,5088.7001953125,5090.10009765625,5086.5,5087.89990234375,387.0
2026-01-26 10:32:00-05:00,5088.0,5088.0,5083.5,5086.39990234375,489.0
2026-01-26 10:33:00-05:00,5086.39990234375,5087.2998046875,5081.5,5081.7001953125,1924.0
2026-01-26 10:34:00-05:00,5082.0,5082.0,5074.2998046875,5075.39990234375,1318.0
2026-01-26 10:35:00-05:00,5075.2001953125,5079.2998046875,5072.2998046875,5078.60009765625,697.0
2026-01-26 10:36:00-05:00,5079.0,5084.0,5079.0,5081.7001953125,636.0
2026-01-26 10:37:00-05:00,5081.7998046875,5086.7001953125,5081.7001953125,5083.0,881.0
2026-01-26 10:38:00-05:00,5081.89990234375,5084.2001953125,5078.39990234375,5081.2998046875,360.0
2026-01-26 10:39:00-05:00,5081.5,5081.7998046875,5076.2998046875,5078.0,381.0
2026-01-26 10:40:00-05:00,5078.39990234375,5080.7001953125,5076.2001953125,5078.7001953125,962.0
2026-01-26 10:41:00-05:00,5079.2001953125,5079.89990234375,5071.2998046875,5072.2998046875,1000.0
2026-01-26 10:42:00-05:00,5071.7998046875,5077.10009765625,5071.39990234375,5076.7998046875,394.0
2026-01-26 10:43:00-05:00,5077.0,5078.7998046875,5074.7001953125,5077.5,1084.0
2026-01-26 10:44:00-05:00,5077.7001953125,5078.2001953125,5075.2998046875,5075.7001953125,923.0
2026-01-26 10:45:00-05:00,5076.0,5078.7998046875,5075.39990234375,5077.39990234375,572.0
2026-01-26 10:46:00-05:00,5077.39990234375,5082.7001953125,5076.39990234375,5081.60009765625,719.0
2026-01-26 10:47:00-05:00,5081.7001953125,5082.60009765625,5080.2001953125,5080.7998046875,324.0
2026-01-26 10:48:00-05:00,5080.60009765625,5084.60009765625,5079.60009765625,5082.10009765625,322.0
2026-01-26 10:49:00-05:00,5082.7998046875,5084.2998046875,5082.0,5083.2001953125,1472.0
2026-01-26 10:50:00-05:00,5082.89990234375,5085.2001953125,5082.7998046875,5083.0,1622.0
2026-01-26 10:51:00-05:00,5082.89990234375,5083.89990234375,5081.0,5081.7001953125,185.0
2026-01-26 10:52:00-05:00,5081.5,5085.39990234375,5081.5,5085.0,207.0
2026-01-26 10:53:00-05:00,5085.2998046875,5087.7001953125,5085.2998046875,5086.10009765625,349.0
2026-01-26 10:54:00-05:00,5086.5,5086.7001953125,5084.39990234375,5086.60009765625,339.0
2026-01-26 10:55:00-05:00,5086.7998046875,5091.7998046875,5086.60009765625,5091.7998046875,462.0
2026-01-26 10:56:00-05:00,5091.5,5091.89990234375,5089.7998046875,5090.89990234375,336.0
2026-01-26 10:57:00-05:00,5091.0,5092.7998046875,5088.2998046875,5090.0,349.0
2026-01-26 10:58:00-05:00,5089.10009765625,5091.39990234375,5088.2998046875,5090.7998046875,581.0
2026-01-26 10:59:00-05:00,5090.7998046875,5090.7998046875,5088.0,5088.39990234375,300.0
2026-01-26 11:00:00-05:00,5088.39990234375,5090.5,5087.2001953125,5090.0,337.0
2026-01-26 11:01:00-05:00,5090.0,5090.60009765625,5088.10009765625,5089.2998046875,353.0
2026-01-26 11:02:00-05:00,5089.39990234375,5093.89990234375,5089.39990234375,5092.39990234375,745.0
2026-01-26 11:03:00-05:00,5092.7998046875,5097.7001953125,5092.10009765625,5097.2998046875,1219.0
2026-01-26 11:04:00-05:00,5097.5,5100.7998046875,5096.89990234375,5098.2001953125,823.0
2026-01-26 11:05:00-05:00,5098.2998046875,5101.5,5098.2998046875,5100.7001953125,1248.0
2026-01-26 11:06:00-05:00,5100.89990234375,5103.0,5098.2001953125,5099.0,721.0
2026-01-26 11:07:00-05:00,5099.0,5100.7998046875,5098.89990234375,5099.39990234375,430.0
2026-01-26 11:08:00-05:00,5099.5,5100.10009765625,5096.7998046875,5097.5,1103.0
2026-01-26 11:09:00-05:00,5097.7001953125,5099.89990234375,5097.5,5098.2998046875,380.0
2026-01-26 11:10:00-05:00,5098.2001953125,5098.89990234375,5095.5,5096.2998046875,982.0
2026-01-26 11:11:00-05:00,5096.39990234375,5097.39990234375,5093.89990234375,5095.7998046875,707.0
2026-01-26 11:12:00-05:00,5095.60009765625,5097.60009765625,5094.2998046875,5097.2998046875,264.0
2026-01-26 11:13:00-05:00,5097.39990234375,5100.0,5097.2998046875,5099.60009765625,553.0
2026-01-26 11:14:00-05:00,5099.7001953125,5100.0,5098.2998046875,5099.2001953125,298.0
2026-01-26 11:15:00-05:00,5099.0,5099.2001953125,5097.89990234375,5098.10009765625,242.0
2026-01-26 11:16:00-05:00,5098.2001953125,5101.7998046875,5098.0,5098.89990234375,682.0
2026-01-26 11:17:00-05:00,5098.60009765625,5099.0,5095.2001953125,5095.7001953125,493.0
2026-01-26 11:18:00-05:00,5095.7998046875,5099.10009765625,5095.60009765625,5097.60009765625,323.0
2026-01-26 11:19:00-05:00,5097.60009765625,5097.60009765625,5093.2001953125,5095.2001953125,396.0
2026-01-26 11:20:00-05:00,5095.39990234375,5097.10009765625,5091.0,5092.2998046875,499.0
2026-01-26 11:21:00-05:00,5092.2998046875,5092.7001953125,5087.5,5090.7998046875,645.0
2026-01-26 11:22:00-05:00,5091.2998046875,5095.10009765625,5090.5,5094.89990234375,245.0
2026-01-26 11:23:00-05:00,5094.5,5094.5,5092.89990234375,5093.2998046875,230.0
2026-01-26 11:24:00-05:00,5093.7998046875,5094.2001953125,5090.10009765625,5091.7001953125,252.0
2026-01-26 11:25:00-05:00,5092.2001953125,5094.89990234375,5091.2001953125,5093.10009765625,826.0
2026-01-26 11:26:00-05:00,5093.0,5094.89990234375,5088.5,5088.7998046875,204.0
2026-01-26 11:27:00-05:00,5088.7001953125,5090.89990234375,5081.39990234375,5081.7001953125,531.0
2026-01-26 11:28:00-05:00,5081.39990234375,5084.89990234375,5070.89990234375,5072.5,2001.0
2026-01-26 11:29:00-05:00,5073.0,5074.89990234375,5067.2001953125,5072.89990234375,1510.0
2026-01-26 11:30:00-05:00,5073.2998046875,5079.0,5070.2998046875,5076.0,873.0
2026-01-26 11:31:00-05:00,5076.2998046875,5077.0,5070.7998046875,5072.7998046875,665.0
2026-01-26 11:32:00-05:00,5072.7998046875,5073.60009765625,5066.2001953125,5071.5,954.0
2026-01-26 11:33:00-05:00,5071.60009765625,5076.39990234375,5071.2001953125,5076.2001953125,526.0
2026-01-26 11:34:00-05:00,5075.89990234375,5078.2998046875,5072.10009765625,5072.10009765625,500.0
2026-01-26 11:35:00-05:00,5072.2998046875,5076.89990234375,5071.60009765625,5074.39990234375,455.0
2026-01-26 11:36:00-05:00,5074.5,5074.7998046875,5070.89990234375,5072.2998046875,340.0
2026-01-26 11:37:00-05:00,5072.5,5075.2998046875,5072.5,5074.60009765625,314.0
2026-01-26 11:38:00-05:00,5074.60009765625,5077.60009765625,5063.5,5063.89990234375,945.0
2026-01-26 11:39:00-05:00,5064.2001953125,5066.60009765625,5062.0,5066.2001953125,879.0
2026-01-26 11:40:00-05:00,5066.2001953125,5074.5,5065.10009765625,5074.5,647.0
2026-01-26 11:41:00-05:00,5074.60009765625,5077.5,5072.7001953125,5077.39990234375,497.0
2026-01-26 11:42:00-05:00,5077.39990234375,5080.2998046875,5076.89990234375,5076.89990234375,418.0
2026-01-26 11:43:00-05:00,5077.5,5079.5,5076.10009765625,5076.60009765625,222.0
2026-01-26 11:44:00-05:00,5076.7001953125,5076.7001953125,5071.60009765625,5074.0,317.0
2026-01-26 11:45:00-05:00,5074.0,5078.39990234375,5073.7001953125,5075.7001953125,382.0
2026-01-26 11:46:00-05:00,5076.2001953125,5078.89990234375,5076.10009765625,5078.39990234375,327.0
2026-01-26 11:47:00-05:00,5078.39990234375,5079.7998046875,5077.7001953125,5079.0,284.0
2026-01-26 11:48:00-05:00,5079.7001953125,5082.39990234375,5078.89990234375,5082.2998046875,337.0
2026-01-26 11:49:00-05:00,5082.2998046875,5085.0,5079.60009765625,5080.7998046875,448.0
2026-01-26 11:50:00-05:00,5080.5,5082.7001953125,5080.2001953125,5081.7998046875,174.0
2026-01-26 11:51:00-05:00,5082.0,5083.0,5081.2001953125,5081.7001953125,160.0
2026-01-26 11:52:00-05:00,5081.60009765625,5083.7001953125,5080.39990234375,5081.2998046875,184.0
2026-01-26 11:53:00-05:00,5081.5,5084.5,5080.7998046875,5084.2998046875,1134.0
2026-01-26 11:54:00-05:00,5084.39990234375,5085.2998046875,5083.0,5083.5,187.0
2026-01-26 11:55:00-05:00,5083.7001953125,5087.60009765625,5083.39990234375,5084.39990234375,339.0
2026-01-26 11:56:00-05:00,5084.7001953125,5086.10009765625,5084.39990234375,5084.60009765625,139.0
2026-01-26 11:57:00-05:00,5084.2998046875,5087.5,5084.0,5086.7001953125,201.0
2026-01-26 11:58:00-05:00,5086.60009765625,5092.10009765625,5086.5,5087.2998046875,867.0
2026-01-26 11:59:00-05:00,5087.10009765625,5088.0,5084.7001953125,5086.39990234375,198.0
2026-01-26 12:00:00-05:00,5087.0,5088.5,5086.60009765625,5086.7998046875,216.0
2026-01-26 12:01:00-05:00,5086.5,5089.89990234375,5085.2998046875,5089.10009765625,381.0
2026-01-26 12:02:00-05:00,5088.5,5090.2998046875,5087.10009765625,5089.89990234375,296.0
2026-01-26 12:03:00-05:00,5089.7998046875,5091.0,5086.7998046875,5090.7998046875,782.0
2026-01-26 12:04:00-05:00,5090.89990234375,5092.2998046875,5089.60009765625,5092.0,290.0
2026-01-26 12:05:00-05:00,5092.2998046875,5094.5,5092.2001953125,5094.10009765625,351.0
2026-01-26 12:06:00-05:00,5094.0,5094.0,5091.5,5092.5,213.0
2026-01-26 12:07:00-05:00,5092.7001953125,5093.5,5089.2998046875,5089.39990234375,185.0
2026-01-26 12:08:00-05:00,5090.0,5090.60009765625,5087.5,5088.5,269.0
2026-01-26 12:09:00-05:00,5088.2998046875,5091.2001953125,5087.2998046875,5088.60009765625,349.0
2026-01-26 12:10:00-05:00,5088.2998046875,5088.39990234375,5085.89990234375,5085.89990234375,368.0
2026-01-26 12:11:00-05:00,5085.5,5085.5,5082.2998046875,5083.39990234375,323.0
2026-01-26 12:12:00-05:00,5083.10009765625,5089.5,5082.5,5088.7001953125,278.0
2026-01-26 12:13:00-05:00,5089.0,5092.39990234375,5088.7998046875,5091.7001953125,240.0
2026-01-26 12:14:00-05:00,5091.2998046875,5092.60009765625,5090.7001953125,5091.39990234375,404.0
2026-01-26 12:15:00-05:00,5091.60009765625,5092.5,5089.2001953125,5089.39990234375,158.0
2026-01-26 12:16:00-05:00,5089.2998046875,5091.5,5088.10009765625,5090.7001953125,297.0
2026-01-26 12:17:00-05:00,5090.5,5092.2001953125,5088.89990234375,5090.60009765625,155.0
2026-01-26 12:18:00-05:00,5090.7001953125,5091.5,5088.2998046875,5088.7998046875,145.0
2026-01-26 12:19:00-05:00,5088.7998046875,5090.10009765625,5087.89990234375,5089.10009765625,200.0
2026-01-26 12:20:00-05:00,5089.10009765625,5090.60009765625,5088.0,5089.2998046875,202.0
2026-01-26 12:21:00-05:00,5089.5,5089.7998046875,5084.89990234375,5086.10009765625,435.0
2026-01-26 12:22:00-05:00,5086.0,5087.39990234375,5084.89990234375,5086.39990234375,250.0
2026-01-26 12:23:00-05:00,5086.5,5088.60009765625,5086.0,5086.0,174.0
2026-01-26 12:24:00-05:00,5086.0,5086.0,5078.2001953125,5080.2998046875,738.0
2026-01-26 12:25:00-05:00,5080.2998046875,5083.2998046875,5076.7001953125,5081.89990234375,445.0
2026-01-26 12:26:00-05:00,5082.10009765625,5084.0,5081.7998046875,5082.7998046875,133.0
2026-01-26 12:27:00-05:00,5082.89990234375,5084.60009765625,5082.0,5083.89990234375,179.0
2026-01-26 12:28:00-05:00,5083.89990234375,5086.39990234375,5083.7001953125,5085.2001953125,210.0
2026-01-26 12:29:00-05:00,5085.60009765625,5087.7001953125,5085.10009765625,5085.2998046875,226.0
2026-01-26 12:30:00-05:00,5085.0,5086.2001953125,5078.7998046875,5080.2998046875,341.0
2026-01-26 12:31:00-05:00,5080.60009765625,5086.5,5080.5,5086.39990234375,280.0
2026-01-26 12:32:00-05:00,5086.5,5090.0,5086.5,5087.60009765625,357.0
2026-01-26 12:33:00-05:00,5087.2998046875,5089.60009765625,5086.60009765625,5088.2001953125,131.0
2026-01-26 12:34:00-05:00,5088.39990234375,5090.0,5087.5,5089.60009765625,93.0
2026-01-26 12:35:00-05:00,5089.5,5090.10009765625,5085.2001953125,5085.89990234375,373.0
2026-01-26 12:36:00-05:00,5085.89990234375,5089.2001953125,5085.89990234375,5088.2998046875,487.0
2026-01-26 12:37:00-05:00,5088.5,5089.10009765625,5087.7998046875,5088.7001953125,101.0
2026-01-26 12:38:00-05:00,5088.7001953125,5089.5,5087.39990234375,5087.39990234375,199.0
2026-01-26 12:39:00-05:00,5087.5,5089.2998046875,5087.39990234375,5087.7001953125,204.0
2026-01-26 12:40:00-05:00,5087.60009765625,5091.7998046875,5087.39990234375,5091.39990234375,252.0
2026-01-26 12:41:00-05:00,5091.5,5093.5,5091.39990234375,5093.0,313.0
2026-01-26 12:42:00-05:00,5093.10009765625,5096.7998046875,5091.89990234375,5096.2001953125,447.0
2026-01-26 12:43:00-05:00,5096.5,5098.0,5095.7998046875,5096.89990234375,282.0
2026-01-26 12:44:00-05:00,5096.5,5099.0,5096.39990234375,5098.89990234375,224.0
2026-01-26 12:45:00-05:00,5098.89990234375,5101.2001953125,5098.60009765625,5100.89990234375,352.0
2026-01-26 12:46:00-05:00,5100.89990234375,5101.39990234375,5094.89990234375,5097.89990234375,505.0
2026-01-26 12:47:00-05:00,5097.60009765625,5100.5,5096.39990234375,5099.7001953125,200.0
2026-01-26 12:48:00-05:00,5099.7998046875,5102.10009765625,5098.2998046875,5098.7998046875,1849.0
2026-01-26 12:49:00-05:00,5098.5,5099.60009765625,5097.5,5097.7001953125,145.0
2026-01-26 12:50:00-05:00,5097.89990234375,5099.2001953125,5097.0,5098.7001953125,268.0
2026-01-26 12:51:00-05:00,5098.7001953125,5100.2998046875,5097.7998046875,5098.5,259.0
2026-01-26 12:52:00-05:00,5098.2001953125,5099.10009765625,5095.7001953125,5096.2001953125,243.0
2026-01-26 12:53:00-05:00,5096.2001953125,5097.89990234375,5095.7998046875,5096.39990234375,182.0
2026-01-26 12:54:00-05:00,5096.10009765625,5097.7998046875,5095.7998046875,5096.89990234375,171.0
2026-01-26 12:55:00-05:00,5096.60009765625,5097.60009765625,5094.5,5095.60009765625,810.0
2026-01-26 12:56:00-05:00,5095.0,5098.60009765625,5094.39990234375,5098.39990234375,210.0
2026-01-26 12:57:00-05:00,5098.5,5099.60009765625,5096.7001953125,5096.7001953125,565.0
2026-01-26 12:58:00-05:00,5096.89990234375,5098.2998046875,5096.60009765625,5098.2001953125,163.0
2026-01-26 12:59:00-05:00,5097.89990234375,5099.60009765625,5097.2998046875,5098.10009765625,247.0
2026-01-26 13:00:00-05:00,5097.89990234375,5099.7998046875,5096.7998046875,5097.89990234375,258.0
2026-01-26 13:01:00-05:00,5097.60009765625,5100.2998046875,5097.2001953125,5098.7998046875,210.0
2026-01-26 13:02:00-05:00,5098.7998046875,5099.10009765625,5096.39990234375,5097.60009765625,292.0
2026-01-26 13:03:00-05:00,5097.5,5099.60009765625,5096.7998046875,5096.7998046875,173.0
2026-01-26 13:04:00-05:00,5096.60009765625,5098.7001953125,5094.7001953125,5097.7998046875,385.0
2026-01-26 13:05:00-05:00,5097.7998046875,5098.0,5089.60009765625,5089.89990234375,425.0
2026-01-26 13:06:00-05:00,5090.0,5093.39990234375,5089.2001953125,5092.2001953125,284.0
2026-01-26 13:07:00-05:00,5092.0,5092.10009765625,5084.60009765625,5087.10009765625,482.0
2026-01-26 13:08:00-05:00,5087.39990234375,5089.2001953125,5085.0,5085.7998046875,403.0
2026-01-26 13:09:00-05:00,5085.89990234375,5086.2998046875,5083.2998046875,5084.0,423.0
2026-01-26 13:10:00-05:00,5083.89990234375,5085.2998046875,5078.39990234375,5081.0,704.0
2026-01-26 13:11:00-05:00,5079.89990234375,5080.39990234375,5074.89990234375,5077.7001953125,367.0
2026-01-26 13:12:00-05:00,5077.2001953125,5081.2998046875,5076.0,5079.39990234375,330.0
2026-01-26 13:13:00-05:00,5079.10009765625,5080.60009765625,5073.5,5076.2001953125,385.0
2026-01-26 13:14:00-05:00,5075.7001953125,5075.89990234375,5072.60009765625,5074.5,385.0
2026-01-26 13:15:00-05:00,5074.89990234375,5081.0,5073.0,5080.39990234375,398.0
2026-01-26 13:16:00-05:00,5080.2998046875,5080.5,5077.7998046875,5079.60009765625,360.0
2026-01-26 13:17:00-05:00,5080.0,5084.7001953125,5080.0,5083.89990234375,450.0
2026-01-26 13:18:00-05:00,5083.0,5085.7001953125,5083.0,5083.5,784.0
2026-01-26 13:19:00-05:00,5083.60009765625,5086.2998046875,5083.10009765625,5083.2001953125,305.0
2026-01-26 13:20:00-05:00,5082.89990234375,5086.10009765625,5079.10009765625,5085.60009765625,309.0
2026-01-26 13:21:00-05:00,5085.7001953125,5086.89990234375,5083.2998046875,5084.7001953125,259.0
2026-01-26 13:22:00-05:00,5084.5,5084.5,5081.0,5082.7001953125,288.0
2026-01-26 13:23:00-05:00,5083.5,5084.7998046875,5079.7001953125,5081.0,392.0
2026-01-26 13:24:00-05:00,5080.89990234375,5086.7998046875,5080.5,5085.5,543.0
2026-01-26 13:25:00-05:00,5086.0,5086.5,5083.2998046875,5083.89990234375,545.0
2026-01-26 13:26:00-05:00,5084.10009765625,5085.10009765625,5082.2001953125,5082.7001953125,258.0
2026-01-26 13:27:00-05:00,5082.7001953125,5084.5,5080.89990234375,5083.2998046875,421.0
2026-01-26 13:28:00-05:00,5083.2998046875,5085.89990234375,5081.60009765625,5084.39990234375,428.0
2026-01-26 13:29:00-05:00,5084.7001953125,5085.2998046875,5080.10009765625,5081.39990234375,4182.0
2026-01-26 13:30:00-05:00,5081.5,5081.60009765625,5077.5,5079.0,379.0
2026-01-26 13:31:00-05:00,5079.10009765625,5079.39990234375,5071.39990234375,5073.2998046875,813.0
2026-01-26 13:32:00-05:00,5073.10009765625,5073.60009765625,5069.60009765625,5071.7001953125,509.0
2026-01-26 13:33:00-05:00,5071.89990234375,5073.89990234375,5068.39990234375,5068.7998046875,433.0
2026-01-26 13:34:00-05:00,5068.89990234375,5073.0,5067.0,5069.10009765625,721.0
2026-01-26 13:35:00-05:00,5069.0,5069.10009765625,5063.2998046875,5065.2001953125,602.0
2026-01-26 13:36:00-05:00,5065.39990234375,5073.89990234375,5064.89990234375,5070.7001953125,455.0
2026-01-26 13:37:00-05:00,5069.89990234375,5074.0,5067.2001953125,5073.10009765625,295.0
2026-01-26 13:38:00-05:00,5072.7998046875,5073.7001953125,5071.10009765625,5072.39990234375,396.0
2026-01-26 13:39:00-05:00,5072.0,5072.7001953125,5063.2001953125,5064.5,654.0
2026-01-26 13:40:00-05:00,5064.2001953125,5065.2001953125,5060.7001953125,5061.0,491.0
2026-01-26 13:41:00-05:00,5061.2998046875,5062.2001953125,5056.60009765625,5059.0,590.0
2026-01-26 13:42:00-05:00,5059.2998046875,5061.39990234375,5053.39990234375,5058.2001953125,757.0
2026-01-26 13:43:00-05:00,5057.89990234375,5062.7001953125,5056.2998046875,5060.39990234375,458.0
2026-01-26 13:44:00-05:00,5060.39990234375,5063.10009765625,5059.39990234375,5060.2001953125,337.0
2026-01-26 13:45:00-05:00,5060.7001953125,5067.2998046875,5060.2001953125,5066.2001953125,556.0
2026-01-26 13:46:00-05:00,5066.7001953125,5070.89990234375,5066.39990234375,5068.7001953125,683.0
2026-01-26 13:47:00-05:00,5068.39990234375,5068.60009765625,5063.60009765625,5067.7001953125,257.0
2026-01-26 13:48:00-05:00,5067.7001953125,5071.89990234375,5065.39990234375,5071.5,344.0
2026-01-26 13:49:00-05:00,5071.10009765625,5074.5,5071.10009765625,5074.5,312.0
2026-01-26 13:50:00-05:00,5074.7001953125,5078.89990234375,5073.60009765625,5078.5,574.0
2026-01-26 13:51:00-05:00,5078.2001953125,5078.2001953125,5071.2001953125,5072.0,284.0
2026-01-26 13:52:00-05:00,5071.60009765625,5076.7001953125,5071.2998046875,5075.2998046875,272.0
2026-01-26 13:53:00-05:00,5075.2998046875,5077.5,5074.7001953125,5075.89990234375,155.0
2026-01-26 13:54:00-05:00,5076.2998046875,5078.7998046875,5075.0,5075.7001953125,162.0
2026-01-26 13:55:00-05:00,5076.2998046875,5076.39990234375,5073.10009765625,5073.7998046875,173.0
2026-01-26 13:56:00-05:00,5074.10009765625,5074.10009765625,5069.0,5069.39990234375,315.0
2026-01-26 13:57:00-05:00,5069.60009765625,5071.2001953125,5065.5,5065.89990234375,288.0
2026-01-26 13:58:00-05:00,5065.60009765625,5068.5,5065.2001953125,5068.0,190.0
2026-01-26 13:59:00-05:00,5068.10009765625,5068.2001953125,5064.5,5064.60009765625,401.0
2026-01-26 14:00:00-05:00,5065.2001953125,5065.5,5061.89990234375,5063.60009765625,497.0
2026-01-26 14:01:00-05:00,5063.60009765625,5064.0,5054.7001953125,5054.89990234375,396.0
2026-01-26 14:02:00-05:00,5054.89990234375,5055.60009765625,5040.39990234375,5043.0,1829.0
2026-01-26 14:03:00-05:00,5043.39990234375,5044.2001953125,5032.7001953125,5037.60009765625,1480.0
2026-01-26 14:04:00-05:00,5037.2001953125,5043.2001953125,5031.10009765625,5041.39990234375,1444.0
2026-01-26 14:05:00-05:00,5041.2998046875,5046.60009765625,5040.10009765625,5045.39990234375,502.0
2026-01-26 14:06:00-05:00,5045.2001953125,5048.60009765625,5043.5,5048.2001953125,443.0
2026-01-26 14:07:00-05:00,5047.5,5057.0,5045.5,5056.2998046875,479.0
2026-01-26 14:08:00-05:00,5056.10009765625,5058.2001953125,5052.5,5053.10009765625,415.0
2026-01-26 14:09:00-05:00,5052.7998046875,5055.60009765625,5051.2998046875,5053.0,381.0
2026-01-26 14:10:00-05:00,5052.0,5056.89990234375,5051.7998046875,5053.39990234375,271.0
2026-01-26 14:11:00-05:00,5053.5,5054.5,5046.39990234375,5048.10009765625,700.0
2026-01-26 14:12:00-05:00,5048.5,5056.0,5047.0,5054.5,369.0
2026-01-26 14:13:00-05:00,5054.10009765625,5057.60009765625,5051.89990234375,5053.60009765625,259.0
2026-01-26 14:14:00-05:00,5053.5,5058.7998046875,5053.0,5055.2001953125,346.0
2026-01-26 14:15:00-05:00,5054.7001953125,5056.60009765625,5049.7998046875,5050.0,212.0
2026-01-26 14:16:00-05:00,5050.0,5050.2998046875,5042.5,5043.89990234375,366.0
2026-01-26 14:17:00-05:00,5043.7998046875,5045.0,5038.39990234375,5039.7998046875,666.0
2026-01-26 14:18:00-05:00,5039.7001953125,5042.2001953125,5035.60009765625,5039.2001953125,437.0
2026-01-26 14:19:00-05:00,5039.60009765625,5040.10009765625,5033.39990234375,5035.2998046875,481.0
2026-01-26 14:20:00-05:00,5035.10009765625,5039.89990234375,5028.2998046875,5029.0,703.0
2026-01-26 14:21:00-05:00,5028.7001953125,5030.7998046875,5021.7001953125,5023.2001953125,1334.0
2026-01-26 14:22:00-05:00,5023.0,5023.60009765625,5016.2001953125,5020.2998046875,1391.0
2026-01-26 14:23:00-05:00,5020.60009765625,5025.5,5018.10009765625,5018.10009765625,696.0
2026-01-26 14:24:00-05:00,5019.2001953125,5021.10009765625,5014.7998046875,5016.60009765625,726.0
2026-01-26 14:25:00-05:00,5016.89990234375,5027.7001953125,5015.60009765625,5024.0,742.0
2026-01-26 14:26:00-05:00,5023.7001953125,5032.0,5022.60009765625,5029.39990234375,639.0
2026-01-26 14:27:00-05:00,5029.0,5031.7001953125,5024.2001953125,5025.0,399.0
2026-01-26 14:28:00-05:00,5025.2001953125,5028.5,5021.7001953125,5025.2001953125,260.0
2026-01-26 14:29:00-05:00,5025.39990234375,5029.39990234375,5019.2998046875,5022.60009765625,470.0
2026-01-26 14:30:00-05:00,5022.2998046875,5031.10009765625,5020.0,5030.2998046875,393.0
2026-01-26 14:31:00-05:00,5030.2001953125,5035.7998046875,5030.10009765625,5033.60009765625,445.0
2026-01-26 14:32:00-05:00,5033.89990234375,5038.0,5031.2998046875,5035.2001953125,366.0
2026-01-26 14:33:00-05:00,5035.5,5037.2001953125,5033.0,5036.5,351.0
2026-01-26 14:34:00-05:00,5036.10009765625,5039.5,5035.2001953125,5037.39990234375,313.0
2026-01-26 14:35:00-05:00,5037.2001953125,5038.0,5030.7001953125,5030.89990234375,313.0
2026-01-26 14:36:00-05:00,5032.0,5032.0,5025.10009765625,5028.60009765625,872.0
2026-01-26 14:37:00-05:00,5028.60009765625,5033.7001953125,5027.10009765625,5031.7001953125,202.0
2026-01-26 14:38:00-05:00,5032.10009765625,5039.0,5031.5,5037.39990234375,312.0
2026-01-26 14:39:00-05:00,5037.2001953125,5037.2001953125,5030.7001953125,5033.2001953125,239.0
2026-01-26 14:40:00-05:00,5033.60009765625,5033.60009765625,5028.10009765625,5029.60009765625,197.0
2026-01-26 14:41:00-05:00,5029.10009765625,5029.7998046875,5023.5,5024.5,417.0
2026-01-26 14:42:00-05:00,5024.39990234375,5026.39990234375,5021.60009765625,5024.7998046875,477.0
2026-01-26 14:43:00-05:00,5025.10009765625,5032.0,5023.60009765625,5031.39990234375,324.0
2026-01-26 14:44:00-05:00,5031.10009765625,5032.60009765625,5027.89990234375,5029.7998046875,324.0
2026-01-26 14:45:00-05:00,5029.60009765625,5033.2001953125,5026.7998046875,5028.10009765625,172.0
2026-01-26 14:46:00-05:00,5028.39990234375,5029.7001953125,5024.0,5024.7001953125,288.0
2026-01-26 14:47:00-05:00,5024.7001953125,5024.7001953125,5015.0,5016.39990234375,569.0
2026-01-26 14:48:00-05:00,5016.60009765625,5017.39990234375,5002.7001953125,5005.7001953125,1599.0
2026-01-26 14:49:00-05:00,5006.0,5014.7001953125,5005.10009765625,5012.89990234375,639.0
2026-01-26 14:50:00-05:00,5012.7001953125,5014.2001953125,5006.0,5006.2001953125,588.0
2026-01-26 14:51:00-05:00,5006.60009765625,5015.60009765625,5005.10009765625,5015.0,605.0
2026-01-26 14:52:00-05:00,5014.5,5019.7001953125,5013.60009765625,5018.0,441.0
2026-01-26 14:53:00-05:00,5018.10009765625,5018.60009765625,5010.5,5011.7998046875,432.0
2026-01-26 14:54:00-05:00,5012.5,5015.5,5009.2001953125,5012.2001953125,381.0
2026-01-26 14:55:00-05:00,5012.2998046875,5022.39990234375,5012.2998046875,5022.0,748.0
2026-01-26 14:56:00-05:00,5022.2001953125,5025.10009765625,5019.89990234375,5021.5,335.0
2026-01-26 14:57:00-05:00,5020.89990234375,5024.7001953125,5019.10009765625,5024.0,214.0
2026-01-26 14:58:00-05:00,5024.0,5026.39990234375,5021.0,5023.60009765625,367.0
2026-01-26 14:59:00-05:00,5023.89990234375,5026.7001953125,5022.39990234375,5023.60009765625,381.0
2026-01-26 15:00:00-05:00,5023.60009765625,5031.2998046875,5022.0,5031.2998046875,475.0
2026-01-26 15:01:00-05:00,5031.89990234375,5034.39990234375,5030.39990234375,5032.7998046875,249.0
2026-01-26 15:02:00-05:00,5032.7001953125,5035.2998046875,5031.0,5032.0,280.0
2026-01-26 15:03:00-05:00,5032.2998046875,5032.89990234375,5029.60009765625,5031.5,225.0
2026-01-26 15:04:00-05:00,5031.39990234375,5037.39990234375,5030.2998046875,5037.39990234375,183.0
2026-01-26 15:05:00-05:00,5036.7001953125,5040.2001953125,5035.39990234375,5039.60009765625,308.0
2026-01-26 15:06:00-05:00,5040.2001953125,5040.5,5038.0,5038.60009765625,225.0
2026-01-26 15:07:00-05:00,5038.0,5039.0,5035.5,5037.89990234375,166.0
2026-01-26 15:08:00-05:00,5037.60009765625,5037.60009765625,5030.5,5031.7998046875,242.0
2026-01-26 15:09:00-05:00,5032.39990234375,5038.5,5032.39990234375,5037.7001953125,253.0
2026-01-26 15:10:00-05:00,5037.0,5041.39990234375,5032.60009765625,5040.89990234375,341.0
2026-01-26 15:11:00-05:00,5040.5,5047.0,5039.7001953125,5046.2001953125,600.0
2026-01-26 15:12:00-05:00,5046.39990234375,5049.5,5043.60009765625,5043.60009765625,628.0
2026-01-26 15:13:00-05:00,5043.5,5046.7998046875,5042.89990234375,5045.7998046875,287.0
2026-01-26 15:14:00-05:00,5046.10009765625,5047.60009765625,5044.60009765625,5045.39990234375,265.0
2026-01-26 15:15:00-05:00,5044.89990234375,5047.7001953125,5044.0,5045.5,153.0
2026-01-26 15:16:00-05:00,5045.60009765625,5045.60009765625,5035.60009765625,5039.10009765625,413.0
2026-01-26 15:17:00-05:00,5038.89990234375,5041.7998046875,5037.39990234375,5037.39990234375,213.0
2026-01-26 15:18:00-05:00,5037.60009765625,5045.39990234375,5037.39990234375,5045.39990234375,213.0
2026-01-26 15:19:00-05:00,5045.10009765625,5046.7001953125,5043.7001953125,5044.10009765625,142.0
2026-01-26 15:20:00-05:00,5044.60009765625,5044.7001953125,5036.7001953125,5039.10009765625,622.0
2026-01-26 15:21:00-05:00,5039.10009765625,5044.60009765625,5037.5,5042.60009765625,248.0
2026-01-26 15:22:00-05:00,5042.10009765625,5046.2998046875,5039.60009765625,5046.2998046875,450.0
2026-01-26 15:23:00-05:00,5046.60009765625,5047.0,5040.89990234375,5041.5,222.0
2026-01-26 15:24:00-05:00,5041.7998046875,5046.7001953125,5039.39990234375,5046.10009765625,267.0
2026-01-26 15:25:00-05:00,5046.10009765625,5046.7001953125,5043.2001953125,5043.2001953125,230.0
2026-01-26 15:26:00-05:00,5043.5,5046.10009765625,5042.2001953125,5043.10009765625,201.0
2026-01-26 15:27:00-05:00,5043.60009765625,5049.7998046875,5042.60009765625,5047.2001953125,287.0
2026-01-26 15:28:00-05:00,5047.0,5052.5,5046.60009765625,5050.89990234375,292.0
2026-01-26 15:29:00-05:00,5050.5,5052.10009765625,5049.2998046875,5052.0,255.0
2026-01-26 15:30:00-05:00,5052.2001953125,5054.39990234375,5050.7998046875,5051.60009765625,315.0
2026-01-26 15:31:00-05:00,5051.5,5056.7998046875,5050.60009765625,5051.39990234375,468.0
2026-01-26 15:32:00-05:00,5051.10009765625,5058.2998046875,5050.0,5052.89990234375,616.0
2026-01-26 15:33:00-05:00,5053.2998046875,5056.89990234375,5053.0,5053.39990234375,253.0
2026-01-26 15:34:00-05:00,5053.0,5054.39990234375,5049.39990234375,5050.39990234375,469.0
2026-01-26 15:35:00-05:00,5050.7998046875,5051.5,5047.7001953125,5047.89990234375,276.0
2026-01-26 15:36:00-05:00,5047.5,5049.89990234375,5045.89990234375,5048.2998046875,424.0
2026-01-26 15:37:00-05:00,5048.2998046875,5049.10009765625,5031.89990234375,5035.89990234375,1556.0
2026-01-26 15:38:00-05:00,5035.89990234375,5035.89990234375,5030.5,5034.10009765625,537.0
2026-01-26 15:39:00-05:00,5034.39990234375,5040.60009765625,5033.89990234375,5036.60009765625,335.0
2026-01-26 15:40:00-05:00,5037.0,5041.39990234375,5036.2001953125,5040.0,157.0
2026-01-26 15:41:00-05:00,5040.7001953125,5042.2998046875,5039.2998046875,5041.39990234375,258.0
2026-01-26 15:42:00-05:00,5042.0,5043.5,5039.39990234375,5042.39990234375,382.0
2026-01-26 15:43:00-05:00,5042.5,5044.7001953125,5040.0,5043.5,246.0
2026-01-26 15:44:00-05:00,5043.89990234375,5044.89990234375,5042.0,5042.5,117.0
2026-01-26 15:45:00-05:00,5042.5,5046.10009765625,5042.5,5045.2998046875,198.0
2026-01-26 15:46:00-05:00,5045.60009765625,5046.0,5038.5,5040.7001953125,340.0
2026-01-26 15:47:00-05:00,5040.7001953125,5045.7998046875,5040.60009765625,5044.7998046875,91.0
2026-01-26 15:48:00-05:00,5044.7998046875,5047.5,5043.2998046875,5046.39990234375,230.0
2026-01-26 15:49:00-05:00,5046.2001953125,5046.2001953125,5042.0,5043.39990234375,131.0
2026-01-26 15:50:00-05:00,5043.10009765625,5046.5,5042.60009765625,5046.5,113.0
2026-01-26 15:51:00-05:00,5045.89990234375,5054.2998046875,5045.0,5051.39990234375,640.0
2026-01-26 15:52:00-05:00,5051.2001953125,5053.7001953125,5051.0,5052.5,114.0
2026-01-26 15:53:00-05:00,5052.5,5055.0,5051.7001953125,5053.60009765625,157.0
2026-01-26 15:54:00-05:00,5054.2001953125,5055.0,5051.39990234375,5051.39990234375,114.0
2026-01-26 15:55:00-05:00,5051.10009765625,5056.5,5050.89990234375,5054.10009765625,331.0
2026-01-26 15:56:00-05:00,5053.60009765625,5053.60009765625,5049.39990234375,5051.2998046875,208.0
2026-01-26 15:57:00-05:00,5051.5,5052.60009765625,5048.7998046875,5049.5,259.0
2026-01-26 15:58:00-05:00,5049.7001953125,5050.7998046875,5047.60009765625,5048.7001953125,224.0
2026-01-26 15:59:00-05:00,5049.2998046875,5051.2998046875,5048.10009765625,5049.39990234375,409.0
2026-01-26 16:00:00-05:00,5049.60009765625,5051.2001953125,5047.7998046875,5051.10009765625,173.0
2026-01-26 16:01:00-05:00,5050.5,5051.39990234375,5046.10009765625,5047.10009765625,126.0
2026-01-26 16:02:00-05:00,5046.89990234375,5051.2001953125,5046.7998046875,5050.7001953125,79.0
2026-01-26 16:03:00-05:00,5050.60009765625,5051.89990234375,5049.0,5051.89990234375,79.0
2026-01-26 16:04:00-05:00,5051.89990234375,5053.7998046875,5051.89990234375,5053.7001953125,124.0
2026-01-26 16:05:00-05:00,5053.89990234375,5053.89990234375,5046.5,5047.7001953125,334.0
2026-01-26 16:06:00-05:00,5047.60009765625,5049.10009765625,5045.60009765625,5046.10009765625,111.0
2026-01-26 16:07:00-05:00,5046.5,5048.10009765625,5045.0,5046.60009765625,174.0
2026-01-26 16:08:00-05:00,5046.2001953125,5046.2001953125,5039.60009765625,5043.7001953125,297.0
2026-01-26 16:09:00-05:00,5043.39990234375,5043.39990234375,5038.7001953125,5040.2998046875,127.0
2026-01-26 16:10:00-05:00,5040.7001953125,5041.7998046875,5035.89990234375,5038.2001953125,280.0
2026-01-26 16:11:00-05:00,5037.60009765625,5041.39990234375,5033.60009765625,5040.7998046875,371.0
2026-01-26 16:12:00-05:00,5041.2998046875,5043.89990234375,5039.5,5040.10009765625,237.0
2026-01-26 16:13:00-05:00,5040.2998046875,5040.2998046875,5036.2001953125,5037.39990234375,92.0
2026-01-26 16:14:00-05:00,5036.0,5036.2001953125,5028.10009765625,5028.2001953125,332.0
2026-01-26 16:15:00-05:00,5028.5,5029.60009765625,5023.0,5026.60009765625,444.0
2026-01-26 16:16:00-05:00,5027.2001953125,5027.2998046875,5021.2001953125,5026.39990234375,358.0
2026-01-26 16:17:00-05:00,5025.89990234375,5027.0,5015.60009765625,5022.39990234375,472.0
2026-01-26 16:18:00-05:00,5022.7998046875,5027.10009765625,5022.7998046875,5027.10009765625,238.0
2026-01-26 16:19:00-05:00,5026.60009765625,5027.10009765625,5024.5,5025.5,107.0
2026-01-26 16:20:00-05:00,5025.7998046875,5025.7998046875,5017.2998046875,5018.7998046875,285.0
2026-01-26 16:21:00-05:00,5018.2001953125,5018.2001953125,5009.0,5017.0,644.0
2026-01-26 16:22:00-05:00,5015.5,5017.2001953125,5003.7001953125,5005.39990234375,379.0
2026-01-26 16:23:00-05:00,5005.60009765625,5014.39990234375,5004.39990234375,5014.39990234375,254.0
2026-01-26 16:24:00-05:00,5014.10009765625,5019.0,5011.0,5013.7998046875,297.0
2026-01-26 16:25:00-05:00,5014.2998046875,5017.10009765625,5012.7998046875,5015.89990234375,79.0
2026-01-26 16:26:00-05:00,5016.10009765625,5020.89990234375,5013.39990234375,5013.39990234375,178.0
2026-01-26 16:27:00-05:00,5014.2001953125,5018.60009765625,5013.0,5018.0,120.0
2026-01-26 16:28:00-05:00,5018.5,5018.60009765625,5015.7998046875,5015.7998046875,105.0
2026-01-26 16:29:00-05:00,5015.2998046875,5016.2001953125,5013.0,5015.0,226.0
2026-01-26 16:30:00-05:00,5013.0,5015.39990234375,5009.7998046875,5009.7998046875,129.0
2026-01-26 16:31:00-05:00,5010.10009765625,5013.0,5003.60009765625,5003.60009765625,336.0
2026-01-26 16:32:00-05:00,5004.39990234375,5004.39990234375,4998.89990234375,5001.2001953125,906.0
2026-01-26 16:33:00-05:00,5000.5,5007.39990234375,5000.5,5004.0,295.0
2026-01-26 16:34:00-05:00,5003.10009765625,5005.2998046875,4999.0,5004.39990234375,243.0
2026-01-26 16:35:00-05:00,5005.5,5005.5,5000.0,5001.5,205.0
2026-01-26 16:36:00-05:00,5001.0,5001.2001953125,4983.60009765625,4995.7998046875,1267.0
2026-01-26 16:37:00-05:00,4995.89990234375,4996.39990234375,4990.2998046875,4993.2998046875,449.0
2026-01-26 16:38:00-05:00,4993.89990234375,4996.2001953125,4990.7001953125,4993.2001953125,315.0
2026-01-26 16:39:00-05:00,4993.39990234375,4995.60009765625,4990.7998046875,4995.2998046875,234.0
2026-01-26 16:40:00-05:00,4995.89990234375,5007.0,4993.2001953125,5005.2998046875,484.0
2026-01-26 16:41:00-05:00,5005.5,5009.2998046875,5005.2001953125,5008.7001953125,294.0
2026-01-26 16:42:00-05:00,5008.60009765625,5011.39990234375,5007.89990234375,5010.39990234375,259.0
2026-01-26 16:43:00-05:00,5010.39990234375,5010.7001953125,5005.10009765625,5005.7998046875,138.0
2026-01-26 16:44:00-05:00,5005.7001953125,5006.7998046875,4999.39990234375,4999.5,174.0
2026-01-26 16:45:00-05:00,4999.60009765625,5009.60009765625,4999.60009765625,5006.5,137.0
2026-01-26 16:46:00-05:00,5006.2998046875,5007.89990234375,5005.0,5005.60009765625,140.0
2026-01-26 16:47:00-05:00,5005.10009765625,5009.89990234375,5005.10009765625,5007.39990234375,69.0
2026-01-26 16:48:00-05:00,5006.7001953125,5011.7001953125,5005.89990234375,5008.2998046875,196.0
2026-01-26 16:49:00-05:00,5007.7001953125,5010.39990234375,5005.60009765625,5009.89990234375,172.0
2026-01-26 16:50:00-05:00,5010.2001953125,5011.2001953125,5007.5,5008.10009765625,65.0
2026-01-26 16:51:00-05:00,5008.60009765625,5010.60009765625,5004.2001953125,5004.7998046875,156.0
2026-01-26 16:52:00-05:00,5004.2998046875,5004.2998046875,5000.89990234375,5003.89990234375,98.0
2026-01-26 16:53:00-05:00,5004.2998046875,5007.10009765625,5002.89990234375,5006.39990234375,97.0
2026-01-26 16:54:00-05:00,5005.89990234375,5007.7001953125,5004.0,5006.7001953125,112.0
2026-01-26 16:55:00-05:00,5006.39990234375,5006.89990234375,5002.89990234375,5003.7998046875,70.0
2026-01-26 16:56:00-05:00,5003.7998046875,5005.0,5002.2001953125,5002.60009765625,68.0
2026-01-26 16:57:00-05:00,5003.60009765625,5004.10009765625,5000.0,5002.89990234375,94.0
2026-01-26 16:58:00-05:00,5002.5,5004.7998046875,5001.7998046875,5001.89990234375,98.0
2026-01-26 16:59:00-05:00,5002.10009765625,5004.7998046875,5000.89990234375,5004.7998046875,128.0
2026-01-26 18:00:00-05:00,5005.5,5017.7998046875,5004.5,5015.0,0.0
2026-01-26 18:01:00-05:00,5015.10009765625,5024.10009765625,5014.2998046875,5019.39990234375,282.0
2026-01-26 18:02:00-05:00,5018.60009765625,5020.10009765625,5012.60009765625,5015.5,371.0
2026-01-26 18:03:00-05:00,5015.60009765625,5023.0,5011.2001953125,5022.10009765625,349.0
2026-01-26 18:04:00-05:00,5022.10009765625,5028.89990234375,5022.10009765625,5028.7998046875,276.0
2026-01-26 18:05:00-05:00,5028.2001953125,5029.89990234375,5021.39990234375,5023.89990234375,193.0
2026-01-26 18:06:00-05:00,5024.10009765625,5029.39990234375,5023.2001953125,5029.10009765625,161.0
2026-01-26 18:07:00-05:00,5029.10009765625,5030.60009765625,5027.60009765625,5030.10009765625,112.0
2026-01-26 18:08:00-05:00,5030.60009765625,5031.89990234375,5029.39990234375,5029.89990234375,92.0
2026-01-26 18:09:00-05:00,5029.7998046875,5032.39990234375,5028.7001953125,5031.39990234375,126.0
2026-01-26 18:10:00-05:00,5031.2001953125,5031.2001953125,5027.7001953125,5027.7001953125,147.0
2026-01-26 18:11:00-05:00,5027.10009765625,5027.89990234375,5024.0,5025.7998046875,126.0
2026-01-26 18:12:00-05:00,5026.10009765625,5029.2001953125,5026.10009765625,5028.60009765625,69.0
2026-01-26 18:13:00-05:00,5028.7998046875,5034.2001953125,5027.89990234375,5033.7001953125,206.0
2026-01-26 18:14:00-05:00,5033.10009765625,5035.2998046875,5032.0,5034.2998046875,85.0
2026-01-26 18:15:00-05:00,5034.10009765625,5037.39990234375,5031.39990234375,5037.39990234375,215.0
2026-01-26 18:16:00-05:00,5036.89990234375,5039.5,5034.2998046875,5038.5,274.0
2026-01-26 18:17:00-05:00,5038.7001953125,5041.60009765625,5038.0,5038.7001953125,200.0
2026-01-26 18:18:00-05:00,5038.89990234375,5040.60009765625,5038.0,5038.7001953125,71.0
2026-01-26 18:19:00-05:00,5038.2998046875,5043.39990234375,5038.2998046875,5041.2998046875,202.0
2026-01-26 18:20:00-05:00,5041.10009765625,5043.7001953125,5041.10009765625,5043.39990234375,88.0
2026-01-26 18:21:00-05:00,5043.5,5044.7001953125,5039.5,5041.39990234375,235.0
2026-01-26 18:22:00-05:00,5040.5,5041.60009765625,5039.10009765625,5040.89990234375,138.0
2026-01-26 18:23:00-05:00,5041.10009765625,5042.60009765625,5040.39990234375,5041.39990234375,82.0
2026-01-26 18:24:00-05:00,5041.10009765625,5041.2001953125,5037.39990234375,5039.0,124.0
2026-01-26 18:25:00-05:00,5039.2001953125,5040.0,5037.89990234375,5038.89990234375,119.0
2026-01-26 18:26:00-05:00,5038.2001953125,5039.7001953125,5038.0,5039.0,70.0
2026-01-26 18:27:00-05:00,5039.2001953125,5039.2001953125,5035.7998046875,5036.7998046875,90.0
2026-01-26 18:28:00-05:00,5036.89990234375,5039.7001953125,5036.39990234375,5037.39990234375,61.0
2026-01-26 18:29:00-05:00,5037.2998046875,5039.2998046875,5036.60009765625,5039.2998046875,35.0
2026-01-26 18:30:00-05:00,5038.7998046875,5039.2998046875,5037.89990234375,5038.5,23.0
2026-01-26 18:31:00-05:00,5037.2998046875,5038.0,5036.0,5036.7001953125,59.0
2026-01-26 18:32:00-05:00,5036.5,5036.7998046875,5034.2001953125,5034.2001953125,86.0
2026-01-26 18:33:00-05:00,5034.39990234375,5041.0,5034.39990234375,5039.60009765625,115.0
2026-01-26 18:34:00-05:00,5039.5,5039.7998046875,5036.2998046875,5037.7001953125,42.0
2026-01-26 18:35:00-05:00,5037.60009765625,5042.5,5037.60009765625,5041.89990234375,50.0
2026-01-26 18:36:00-05:00,5042.10009765625,5042.5,5039.7998046875,5041.60009765625,82.0
2026-01-26 18:37:00-05:00,5040.7998046875,5043.5,5040.10009765625,5042.2001953125,60.0
2026-01-26 18:38:00-05:00,5042.5,5044.0,5041.0,5043.60009765625,54.0
2026-01-26 18:39:00-05:00,5043.2998046875,5047.10009765625,5043.0,5047.10009765625,131.0
2026-01-26 18:40:00-05:00,5046.5,5047.2001953125,5044.7001953125,5045.60009765625,83.0
2026-01-26 18:41:00-05:00,5045.89990234375,5050.0,5045.60009765625,5049.60009765625,146.0
2026-01-26 18:42:00-05:00,5048.89990234375,5051.60009765625,5048.89990234375,5051.60009765625,149.0
2026-01-26 18:43:00-05:00,5051.7998046875,5052.10009765625,5049.7001953125,5050.60009765625,126.0
2026-01-26 18:44:00-05:00,5050.7998046875,5051.60009765625,5049.60009765625,5050.7001953125,149.0
2026-01-26 18:45:00-05:00,5051.10009765625,5055.2998046875,5051.10009765625,5054.2001953125,218.0
2026-01-26 18:46:00-05:00,5054.10009765625,5056.0,5052.10009765625,5054.0,157.0
2026-01-26 18:47:00-05:00,5053.5,5054.2998046875,5051.5,5053.7001953125,140.0
2026-01-26 18:48:00-05:00,5053.60009765625,5053.60009765625,5052.5,5052.5,25.0
2026-01-26 18:49:00-05:00,5052.7998046875,5053.60009765625,5050.7998046875,5051.2998046875,78.0
2026-01-26 18:50:00-05:00,5050.5,5050.60009765625,5049.10009765625,5049.7001953125,71.0
2026-01-26 18:51:00-05:00,5049.39990234375,5051.39990234375,5046.0,5048.2998046875,270.0
2026-01-26 18:52:00-05:00,5048.5,5048.89990234375,5046.10009765625,5046.2001953125,101.0
2026-01-26 18:53:00-05:00,5046.0,5047.60009765625,5044.39990234375,5044.60009765625,158.0
2026-01-26 18:54:00-05:00,5045.0,5046.2001953125,5043.2001953125,5044.10009765625,92.0
2026-01-26 18:55:00-05:00,5043.7998046875,5046.5,5043.2998046875,5044.5,95.0
2026-01-26 18:56:00-05:00,5044.60009765625,5045.5,5043.7998046875,5045.10009765625,59.0
2026-01-26 18:57:00-05:00,5045.2998046875,5046.7001953125,5044.39990234375,5045.7001953125,49.0
2026-01-26 18:58:00-05:00,5045.10009765625,5045.39990234375,5041.5,5042.2001953125,95.0
2026-01-26 18:59:00-05:00,5042.2001953125,5042.60009765625,5037.7001953125,5037.7001953125,236.0
2026-01-26 19:00:00-05:00,5037.7001953125,5039.5,5032.60009765625,5037.2998046875,250.0
2026-01-26 19:01:00-05:00,5037.5,5041.7998046875,5034.7001953125,5041.2998046875,104.0
2026-01-26 19:02:00-05:00,5040.7998046875,5040.89990234375,5037.89990234375,5039.89990234375,64.0
2026-01-26 19:03:00-05:00,5039.89990234375,5041.5,5039.39990234375,5041.10009765625,58.0
2026-01-26 19:04:00-05:00,5041.7998046875,5044.0,5041.7998046875,5042.60009765625,58.0
2026-01-26 19:05:00-05:00,5042.2998046875,5047.2998046875,5042.2998046875,5046.7998046875,105.0
2026-01-26 19:06:00-05:00,5047.10009765625,5048.60009765625,5046.39990234375,5047.10009765625,79.0
2026-01-26 19:07:00-05:00,5046.60009765625,5047.60009765625,5045.2998046875,5045.7001953125,304.0
2026-01-26 19:08:00-05:00,5046.39990234375,5046.7998046875,5044.5,5044.89990234375,16.0
2026-01-26 19:09:00-05:00,5044.2001953125,5045.39990234375,5041.7998046875,5042.39990234375,40.0
2026-01-26 19:10:00-05:00,5042.0,5046.2998046875,5041.7001953125,5043.5,41.0
2026-01-26 19:11:00-05:00,5044.10009765625,5045.2998046875,5043.7001953125,5045.10009765625,28.0
2026-01-26 19:12:00-05:00,5045.10009765625,5047.2001953125,5045.10009765625,5047.2001953125,20.0
2026-01-26 19:13:00-05:00,5047.39990234375,5047.39990234375,5046.39990234375,5046.39990234375,24.0
2026-01-26 19:14:00-05:00,5047.2001953125,5047.7998046875,5046.39990234375,5047.2001953125,37.0
2026-01-26 19:15:00-05:00,5047.39990234375,5047.39990234375,5045.2001953125,5045.7998046875,26.0
2026-01-26 19:16:00-05:00,5046.0,5047.0,5045.60009765625,5047.0,25.0
2026-01-26 19:17:00-05:00,5047.10009765625,5047.10009765625,5045.39990234375,5045.7998046875,135.0
2026-01-26 19:18:00-05:00,5046.39990234375,5048.7001953125,5046.39990234375,5047.0,51.0
2026-01-26 19:19:00-05:00,5046.7001953125,5047.39990234375,5045.60009765625,5046.5,25.0
2026-01-26 19:20:00-05:00,5046.39990234375,5046.39990234375,5042.7001953125,5043.2998046875,56.0
2026-01-26 19:21:00-05:00,5043.2001953125,5044.2001953125,5041.60009765625,5043.10009765625,41.0
2026-01-26 19:22:00-05:00,5042.7001953125,5043.60009765625,5042.2998046875,5042.2998046875,25.0
2026-01-26 19:23:00-05:00,5043.2001953125,5043.2001953125,5041.39990234375,5042.0,61.0
2026-01-26 19:24:00-05:00,5041.7998046875,5044.39990234375,5041.7998046875,5042.2001953125,39.0
2026-01-26 19:25:00-05:00,5042.39990234375,5043.0,5041.39990234375,5042.39990234375,46.0
2026-01-26 19:26:00-05:00,5042.2998046875,5045.39990234375,5041.89990234375,5044.89990234375,52.0
2026-01-26 19:27:00-05:00,5045.39990234375,5045.5,5042.2001953125,5042.7998046875,54.0
2026-01-26 19:28:00-05:00,5043.39990234375,5043.60009765625,5039.2001953125,5039.60009765625,112.0
2026-01-26 19:29:00-05:00,5040.10009765625,5040.2998046875,5039.2998046875,5039.89990234375,19.0
2026-01-26 19:30:00-05:00,5040.10009765625,5041.39990234375,5038.7998046875,5041.39990234375,99.0
2026-01-26 19:31:00-05:00,5042.0,5044.7001953125,5042.0,5043.7001953125,104.0
2026-01-26 19:32:00-05:00,5043.10009765625,5043.10009765625,5041.10009765625,5041.7998046875,136.0
2026-01-26 19:33:00-05:00,5041.7998046875,5042.2001953125,5041.0,5042.2001953125,53.0
2026-01-26 19:34:00-05:00,5042.10009765625,5042.10009765625,5040.2998046875,5040.2998046875,33.0
2026-01-26 19:35:00-05:00,5040.60009765625,5041.10009765625,5036.5,5036.5,66.0
2026-01-26 19:36:00-05:00,5036.7001953125,5038.7998046875,5035.89990234375,5037.7001953125,73.0
2026-01-26 19:37:00-05:00,5037.5,5037.5,5035.10009765625,5035.5,68.0
2026-01-26 19:38:00-05:00,5035.10009765625,5035.7001953125,5033.60009765625,5033.60009765625,77.0
2026-01-26 19:39:00-05:00,5034.2998046875,5035.89990234375,5033.7001953125,5035.2998046875,119.0
2026-01-26 19:40:00-05:00,5035.2001953125,5037.7001953125,5033.60009765625,5034.2998046875,97.0
2026-01-26 19:41:00-05:00,5034.0,5035.2001953125,5032.5,5034.10009765625,57.0
2026-01-26 19:42:00-05:00,5034.2998046875,5034.2998046875,5026.7998046875,5027.39990234375,210.0
2026-01-26 19:43:00-05:00,5027.7998046875,5027.7998046875,5024.10009765625,5026.5,214.0
2026-01-26 19:44:00-05:00,5026.89990234375,5028.39990234375,5025.7001953125,5027.60009765625,75.0
2026-01-26 19:45:00-05:00,5027.10009765625,5028.60009765625,5025.2998046875,5025.60009765625,66.0
2026-01-26 19:46:00-05:00,5025.60009765625,5025.60009765625,5020.7001953125,5023.7998046875,142.0
2026-01-26 19:47:00-05:00,5024.2998046875,5026.2998046875,5022.2998046875,5022.89990234375,163.0
2026-01-26 19:48:00-05:00,5023.2001953125,5023.89990234375,5020.39990234375,5020.89990234375,98.0
2026-01-26 19:49:00-05:00,5021.10009765625,5021.2001953125,5017.5,5018.89990234375,254.0
2026-01-26 19:50:00-05:00,5018.89990234375,5020.10009765625,5013.2998046875,5014.7998046875,305.0
2026-01-26 19:51:00-05:00,5014.89990234375,5014.89990234375,5009.5,5009.7998046875,412.0
2026-01-26 19:52:00-05:00,5009.39990234375,5015.2998046875,5008.2998046875,5013.0,491.0
2026-01-26 19:53:00-05:00,5012.7001953125,5018.2998046875,5011.60009765625,5017.39990234375,201.0
2026-01-26 19:54:00-05:00,5017.7998046875,5017.7998046875,5015.7001953125,5017.5,125.0
2026-01-26 19:55:00-05:00,5018.2001953125,5024.39990234375,5017.89990234375,5022.7998046875,224.0
2026-01-26 19:56:00-05:00,5022.89990234375,5025.7001953125,5021.89990234375,5025.2001953125,125.0
2026-01-26 19:57:00-05:00,5024.5,5028.2001953125,5024.2998046875,5028.10009765625,201.0
2026-01-26 19:58:00-05:00,5028.2998046875,5030.0,5026.2998046875,5027.7001953125,267.0
2026-01-26 19:59:00-05:00,5027.5,5029.2998046875,5023.60009765625,5027.10009765625,311.0
2026-01-26 20:00:00-05:00,5027.2998046875,5029.60009765625,5013.0,5027.0,708.0
2026-01-26 20:01:00-05:00,5027.2998046875,5028.10009765625,5013.5,5014.7001953125,305.0
2026-01-26 20:02:00-05:00,5013.7001953125,5023.10009765625,5013.5,5018.60009765625,220.0
2026-01-26 20:03:00-05:00,5018.7001953125,5021.5,5013.60009765625,5018.2001953125,223.0
2026-01-26 20:04:00-05:00,5018.5,5029.5,5018.5,5029.0,196.0
2026-01-26 20:05:00-05:00,5029.10009765625,5038.10009765625,5028.2001953125,5037.60009765625,399.0
2026-01-26 20:06:00-05:00,5037.7998046875,5040.89990234375,5034.89990234375,5040.89990234375,571.0
2026-01-26 20:07:00-05:00,5041.0,5041.2001953125,5033.0,5035.89990234375,422.0
2026-01-26 20:08:00-05:00,5036.60009765625,5046.5,5036.39990234375,5042.2001953125,309.0
2026-01-26 20:09:00-05:00,5043.39990234375,5046.7998046875,5040.39990234375,5043.0,292.0
2026-01-26 20:10:00-05:00,5043.7998046875,5051.0,5043.39990234375,5045.0,492.0
2026-01-26 20:11:00-05:00,5045.7001953125,5057.60009765625,5045.7001953125,5057.60009765625,484.0
2026-01-26 20:12:00-05:00,5057.60009765625,5057.60009765625,5051.89990234375,5052.89990234375,246.0
2026-01-26 20:13:00-05:00,5052.5,5063.5,5050.5,5063.10009765625,472.0
2026-01-26 20:14:00-05:00,5063.2001953125,5067.0,5060.2998046875,5067.0,749.0
2026-01-26 20:15:00-05:00,5067.0,5071.5,5063.7001953125,5066.0,584.0
2026-01-26 20:16:00-05:00,5065.7001953125,5066.60009765625,5059.2998046875,5063.10009765625,307.0
2026-01-26 20:17:00-05:00,5063.10009765625,5066.2998046875,5061.2001953125,5063.7001953125,205.0
2026-01-26 20:18:00-05:00,5063.7998046875,5067.2998046875,5059.39990234375,5060.60009765625,489.0
2026-01-26 20:19:00-05:00,5061.2998046875,5061.7001953125,5057.60009765625,5059.2998046875,277.0
2026-01-26 20:20:00-05:00,5058.7998046875,5062.5,5057.7998046875,5059.2998046875,186.0
2026-01-26 20:21:00-05:00,5059.89990234375,5064.7001953125,5058.89990234375,5061.89990234375,258.0
2026-01-26 20:22:00-05:00,5061.7998046875,5065.0,5060.10009765625,5062.60009765625,220.0
2026-01-26 20:23:00-05:00,5063.0,5064.0,5060.39990234375,5062.60009765625,240.0
2026-01-26 20:24:00-05:00,5063.0,5063.0,5060.0,5062.5,183.0
2026-01-26 20:25:00-05:00,5062.0,5062.0,5057.7998046875,5059.89990234375,201.0
2026-01-26 20:26:00-05:00,5058.7998046875,5060.89990234375,5057.7998046875,5060.89990234375,126.0
2026-01-26 20:27:00-05:00,5059.39990234375,5063.0,5059.0,5061.0,138.0
2026-01-26 20:28:00-05:00,5061.39990234375,5063.7998046875,5058.0,5058.60009765625,234.0
2026-01-26 20:29:00-05:00,5058.39990234375,5062.10009765625,5058.39990234375,5060.5,65.0
2026-01-26 20:30:00-05:00,5060.2001953125,5064.60009765625,5058.5,5064.2998046875,184.0
2026-01-26 20:31:00-05:00,5064.60009765625,5064.7001953125,5060.39990234375,5061.0,135.0
2026-01-26 20:32:00-05:00,5060.0,5061.39990234375,5054.7001953125,5054.89990234375,124.0
2026-01-26 20:33:00-05:00,5055.0,5058.7998046875,5054.60009765625,5058.2998046875,163.0
2026-01-26 20:34:00-05:00,5058.7998046875,5059.10009765625,5056.89990234375,5057.2998046875,61.0
2026-01-26 20:35:00-05:00,5058.5,5062.39990234375,5057.60009765625,5060.10009765625,158.0
2026-01-26 20:36:00-05:00,5058.7998046875,5061.39990234375,5058.7001953125,5061.0,67.0
2026-01-26 20:37:00-05:00,5060.7001953125,5064.0,5059.5,5059.60009765625,68.0
2026-01-26 20:38:00-05:00,5059.5,5059.5,5054.60009765625,5054.60009765625,125.0
2026-01-26 20:39:00-05:00,5054.0,5056.2998046875,5053.2001953125,5054.7001953125,108.0
2026-01-26 20:40:00-05:00,5054.7001953125,5055.39990234375,5051.60009765625,5053.89990234375,144.0
2026-01-26 20:41:00-05:00,5053.89990234375,5053.89990234375,5049.0,5049.0,184.0
2026-01-26 20:42:00-05:00,5049.2001953125,5053.10009765625,5049.2001953125,5051.5,164.0
2026-01-26 20:43:00-05:00,5051.60009765625,5057.60009765625,5051.0,5055.39990234375,141.0
2026-01-26 20:44:00-05:00,5055.60009765625,5058.10009765625,5055.5,5057.7001953125,53.0
2026-01-26 20:45:00-05:00,5057.7001953125,5058.89990234375,5051.89990234375,5052.2001953125,65.0
2026-01-26 20:46:00-05:00,5052.39990234375,5053.89990234375,5051.0,5051.60009765625,57.0
2026-01-26 20:47:00-05:00,5052.10009765625,5056.5,5052.0,5055.2001953125,72.0
2026-01-26 20:48:00-05:00,5055.5,5055.5,5052.39990234375,5053.7001953125,78.0
2026-01-26 20:49:00-05:00,5055.7001953125,5058.5,5055.7001953125,5057.0,132.0
2026-01-26 20:50:00-05:00,5057.0,5061.7998046875,5057.0,5059.89990234375,154.0
2026-01-26 20:51:00-05:00,5059.10009765625,5061.60009765625,5059.10009765625,5060.7998046875,169.0
2026-01-26 20:52:00-05:00,5061.60009765625,5062.0,5058.0,5059.2998046875,89.0
2026-01-26 20:53:00-05:00,5059.5,5060.10009765625,5056.5,5058.5,90.0
2026-01-26 20:54:00-05:00,5058.5,5061.10009765625,5057.5,5059.89990234375,70.0
2026-01-26 20:55:00-05:00,5060.2001953125,5060.7998046875,5058.10009765625,5058.89990234375,48.0
2026-01-26 20:56:00-05:00,5058.5,5059.7001953125,5058.0,5059.39990234375,23.0
2026-01-26 20:57:00-05:00,5059.10009765625,5060.2998046875,5058.39990234375,5058.39990234375,61.0
2026-01-26 20:58:00-05:00,5058.89990234375,5059.39990234375,5055.7998046875,5056.89990234375,91.0
2026-01-26 20:59:00-05:00,5057.39990234375,5057.39990234375,5053.7998046875,5055.2998046875,97.0
2026-01-26 21:00:00-05:00,5054.7001953125,5056.2998046875,5049.5,5050.7001953125,130.0
2026-01-26 21:01:00-05:00,5051.39990234375,5052.7001953125,5048.10009765625,5050.10009765625,157.0
2026-01-26 21:02:00-05:00,5049.7001953125,5050.7998046875,5046.2998046875,5046.7998046875,328.0
2026-01-26 21:03:00-05:00,5046.0,5049.0,5043.89990234375,5049.0,213.0
2026-01-26 21:04:00-05:00,5048.7001953125,5053.2998046875,5046.10009765625,5052.7998046875,178.0
2026-01-26 21:05:00-05:00,5052.60009765625,5055.60009765625,5052.10009765625,5055.0,100.0
2026-01-26 21:06:00-05:00,5055.10009765625,5057.2998046875,5053.7001953125,5056.7001953125,98.0
2026-01-26 21:07:00-05:00,5057.10009765625,5059.39990234375,5057.10009765625,5059.2998046875,91.0
2026-01-26 21:08:00-05:00,5059.5,5060.5,5058.2998046875,5058.2998046875,92.0
2026-01-26 21:09:00-05:00,5057.7998046875,5062.0,5057.7998046875,5060.5,152.0
2026-01-26 21:10:00-05:00,5060.39990234375,5062.39990234375,5060.10009765625,5061.2998046875,32.0
2026-01-26 21:11:00-05:00,5061.39990234375,5062.5,5060.39990234375,5061.39990234375,73.0
2026-01-26 21:12:00-05:00,5061.39990234375,5061.5,5058.89990234375,5060.10009765625,143.0
2026-01-26 21:13:00-05:00,5059.89990234375,5060.0,5056.7998046875,5058.2998046875,97.0
2026-01-26 21:14:00-05:00,5057.7001953125,5059.10009765625,5056.2998046875,5058.7001953125,57.0
2026-01-26 21:15:00-05:00,5059.5,5065.89990234375,5059.5,5063.7998046875,242.0
2026-01-26 21:16:00-05:00,5064.10009765625,5065.2001953125,5063.2001953125,5063.2001953125,97.0
2026-01-26 21:17:00-05:00,5063.2001953125,5063.89990234375,5062.89990234375,5063.5,50.0
2026-01-26 21:18:00-05:00,5063.0,5063.2001953125,5058.7001953125,5060.0,148.0
2026-01-26 21:19:00-05:00,5059.89990234375,5060.2998046875,5058.5,5059.60009765625,97.0
2026-01-26 21:20:00-05:00,5059.2001953125,5060.7998046875,5058.89990234375,5059.39990234375,43.0
2026-01-26 21:21:00-05:00,5058.2001953125,5058.2001953125,5056.0,5057.5,76.0
2026-01-26 21:22:00-05:00,5057.5,5059.89990234375,5057.10009765625,5059.5,52.0
2026-01-26 21:23:00-05:00,5059.39990234375,5063.0,5059.2001953125,5063.0,89.0
2026-01-26 21:24:00-05:00,5062.89990234375,5063.89990234375,5062.39990234375,5063.60009765625,71.0
2026-01-26 21:25:00-05:00,5063.39990234375,5064.89990234375,5063.10009765625,5063.5,111.0
2026-01-26 21:26:00-05:00,5063.5,5064.10009765625,5060.2001953125,5060.7001953125,197.0
2026-01-26 21:27:00-05:00,5060.2998046875,5061.2001953125,5059.39990234375,5060.10009765625,43.0
2026-01-26 21:28:00-05:00,5060.60009765625,5062.7001953125,5060.5,5062.7001953125,44.0
2026-01-26 21:29:00-05:00,5062.7001953125,5063.89990234375,5062.0,5063.2998046875,78.0
2026-01-26 21:30:00-05:00,5063.2001953125,5067.0,5062.0,5065.7001953125,212.0
2026-01-26 21:31:00-05:00,5066.2998046875,5066.7001953125,5063.10009765625,5064.2001953125,110.0
2026-01-26 21:32:00-05:00,5064.60009765625,5068.89990234375,5064.60009765625,5067.2001953125,108.0
2026-01-26 21:33:00-05:00,5066.60009765625,5067.7998046875,5064.7001953125,5065.0,47.0
2026-01-26 21:34:00-05:00,5064.60009765625,5067.10009765625,5064.60009765625,5065.2998046875,43.0
2026-01-26 21:35:00-05:00,5065.10009765625,5065.7998046875,5062.5,5065.2998046875,101.0
2026-01-26 21:36:00-05:00,5065.10009765625,5068.39990234375,5065.10009765625,5068.39990234375,81.0
2026-01-26 21:37:00-05:00,5068.2001953125,5070.10009765625,5067.5,5070.10009765625,99.0
2026-01-26 21:38:00-05:00,5069.7998046875,5070.60009765625,5067.39990234375,5067.89990234375,141.0
2026-01-26 21:39:00-05:00,5067.60009765625,5069.2001953125,5065.60009765625,5069.2001953125,155.0
2026-01-26 21:40:00-05:00,5068.2998046875,5071.2001953125,5068.10009765625,5071.2001953125,90.0
2026-01-26 21:41:00-05:00,5070.7001953125,5072.7001953125,5070.60009765625,5072.2001953125,144.0
2026-01-26 21:42:00-05:00,5072.10009765625,5073.7998046875,5071.39990234375,5072.89990234375,128.0
2026-01-26 21:43:00-05:00,5073.0,5073.0,5070.7998046875,5072.0,122.0
2026-01-26 21:44:00-05:00,5072.5,5074.7001953125,5072.5,5073.7001953125,89.0
2026-01-26 21:45:00-05:00,5073.39990234375,5074.7001953125,5072.89990234375,5073.2998046875,88.0
2026-01-26 21:46:00-05:00,5073.2001953125,5074.7998046875,5071.7001953125,5072.10009765625,102.0
2026-01-26 21:47:00-05:00,5072.2998046875,5072.2998046875,5069.2998046875,5070.39990234375,126.0
2026-01-26 21:48:00-05:00,5070.5,5073.5,5070.2998046875,5072.10009765625,118.0
2026-01-26 21:49:00-05:00,5072.89990234375,5073.5,5071.2001953125,5072.10009765625,58.0
2026-01-26 21:50:00-05:00,5072.2998046875,5073.0,5072.0,5072.2998046875,21.0
2026-01-26 21:51:00-05:00,5072.10009765625,5072.10009765625,5069.0,5069.2001953125,45.0
2026-01-26 21:52:00-05:00,5069.2998046875,5071.10009765625,5068.7001953125,5070.0,39.0
2026-01-26 21:53:00-05:00,5068.7998046875,5069.2998046875,5065.7998046875,5065.7998046875,184.0
2026-01-26 21:54:00-05:00,5065.39990234375,5066.2001953125,5060.2001953125,5061.0,175.0
2026-01-26 21:55:00-05:00,5060.7998046875,5065.7998046875,5060.7998046875,5065.10009765625,85.0
2026-01-26 21:56:00-05:00,5065.89990234375,5068.10009765625,5065.5,5067.7998046875,44.0
2026-01-26 21:57:00-05:00,5067.5,5068.2998046875,5065.89990234375,5066.7998046875,107.0
2026-01-26 21:58:00-05:00,5066.2998046875,5068.2001953125,5066.2001953125,5067.2001953125,42.0
2026-01-26 21:59:00-05:00,5068.10009765625,5068.5,5067.39990234375,5067.39990234375,20.0
2026-01-26 22:00:00-05:00,5067.89990234375,5068.7998046875,5065.10009765625,5065.5,48.0
2026-01-26 22:01:00-05:00,5065.0,5065.2998046875,5062.2998046875,5062.2998046875,64.0
2026-01-26 22:02:00-05:00,5062.60009765625,5064.60009765625,5061.5,5063.10009765625,75.0
2026-01-26 22:03:00-05:00,5062.60009765625,5065.0,5062.39990234375,5065.0,35.0
2026-01-26 22:04:00-05:00,5065.2001953125,5065.7001953125,5060.5,5061.10009765625,129.0
2026-01-26 22:05:00-05:00,5061.10009765625,5061.2001953125,5058.39990234375,5059.2998046875,84.0
2026-01-26 22:06:00-05:00,5059.2001953125,5060.89990234375,5058.10009765625,5060.10009765625,67.0
2026-01-26 22:07:00-05:00,5059.7998046875,5062.39990234375,5059.5,5062.39990234375,72.0
2026-01-26 22:08:00-05:00,5062.10009765625,5064.7001953125,5061.60009765625,5063.5,64.0
2026-01-26 22:09:00-05:00,5063.7001953125,5065.7998046875,5063.7001953125,5065.2001953125,98.0
2026-01-26 22:10:00-05:00,5065.10009765625,5065.10009765625,5062.60009765625,5062.60009765625,51.0
2026-01-26 22:11:00-05:00,5062.7001953125,5062.89990234375,5060.60009765625,5061.7998046875,59.0
2026-01-26 22:12:00-05:00,5062.5,5064.7998046875,5062.2998046875,5064.39990234375,31.0
2026-01-26 22:13:00-05:00,5064.5,5064.7001953125,5059.39990234375,5059.7001953125,95.0
2026-01-26 22:14:00-05:00,5059.7001953125,5061.0,5058.7001953125,5060.5,177.0
2026-01-26 22:15:00-05:00,5061.0,5061.2001953125,5058.10009765625,5059.60009765625,87.0
2026-01-26 22:16:00-05:00,5060.39990234375,5060.39990234375,5054.39990234375,5058.2001953125,149.0
2026-01-26 22:17:00-05:00,5058.5,5061.5,5058.5,5060.5,83.0
2026-01-26 22:18:00-05:00,5060.39990234375,5064.5,5059.7001953125,5064.2001953125,87.0
2026-01-26 22:19:00-05:00,5064.10009765625,5064.10009765625,5061.39990234375,5062.5,43.0
2026-01-26 22:20:00-05:00,5062.5,5065.0,5062.2998046875,5062.89990234375,44.0
2026-01-26 22:21:00-05:00,5062.89990234375,5065.89990234375,5062.7998046875,5065.7998046875,29.0
2026-01-26 22:22:00-05:00,5065.2998046875,5066.5,5065.10009765625,5065.89990234375,49.0
2026-01-26 22:23:00-05:00,5066.0,5067.2001953125,5064.7998046875,5065.7998046875,64.0
2026-01-26 22:24:00-05:00,5065.60009765625,5065.7001953125,5064.7001953125,5065.2998046875,38.0
2026-01-26 22:25:00-05:00,5064.7998046875,5065.2001953125,5062.39990234375,5064.60009765625,118.0
2026-01-26 22:26:00-05:00,5064.7998046875,5067.0,5063.89990234375,5063.89990234375,115.0
2026-01-26 22:27:00-05:00,5064.2998046875,5064.2998046875,5059.5,5060.0,93.0
2026-01-26 22:28:00-05:00,5059.39990234375,5062.0,5058.60009765625,5059.5,52.0
2026-01-26 22:29:00-05:00,5059.2998046875,5060.39990234375,5058.2001953125,5059.39990234375,49.0
2026-01-26 22:30:00-05:00,5059.0,5062.39990234375,5058.5,5061.2998046875,97.0
2026-01-26 22:31:00-05:00,5061.89990234375,5065.0,5061.89990234375,5063.10009765625,97.0
2026-01-26 22:32:00-05:00,5063.60009765625,5064.60009765625,5060.60009765625,5063.5,106.0
2026-01-26 22:33:00-05:00,5063.10009765625,5063.89990234375,5062.5,5063.5,23.0
2026-01-26 22:34:00-05:00,5061.89990234375,5062.5,5061.39990234375,5062.2001953125,19.0
2026-01-26 22:35:00-05:00,5062.39990234375,5062.39990234375,5060.89990234375,5060.89990234375,37.0
2026-01-26 22:36:00-05:00,5061.7998046875,5064.7001953125,5061.7998046875,5063.60009765625,27.0
2026-01-26 22:37:00-05:00,5063.7001953125,5065.2998046875,5063.10009765625,5063.2998046875,26.0
2026-01-26 22:38:00-05:00,5063.2001953125,5067.0,5062.39990234375,5067.0,53.0
2026-01-26 22:39:00-05:00,5067.10009765625,5069.5,5067.10009765625,5068.60009765625,144.0
2026-01-26 22:40:00-05:00,5068.60009765625,5071.2998046875,5068.5,5071.2998046875,53.0
2026-01-26 22:41:00-05:00,5070.89990234375,5071.2001953125,5069.60009765625,5070.0,39.0
2026-01-26 22:42:00-05:00,5070.2001953125,5070.60009765625,5068.7998046875,5070.10009765625,45.0
2026-01-26 22:43:00-05:00,5070.5,5070.89990234375,5069.10009765625,5070.60009765625,52.0
2026-01-26 22:44:00-05:00,5070.39990234375,5070.39990234375,5068.39990234375,5069.7001953125,31.0
2026-01-26 22:45:00-05:00,5069.39990234375,5070.7001953125,5069.39990234375,5070.7001953125,58.0
2026-01-26 22:46:00-05:00,5070.7001953125,5071.7001953125,5070.0,5071.10009765625,70.0
2026-01-26 22:47:00-05:00,5071.60009765625,5071.60009765625,5068.7001953125,5068.7998046875,67.0
2026-01-26 22:48:00-05:00,5068.7001953125,5071.10009765625,5068.7001953125,5071.10009765625,37.0
2026-01-26 22:49:00-05:00,5071.7001953125,5071.7001953125,5070.0,5071.39990234375,22.0
2026-01-26 22:50:00-05:00,5071.60009765625,5072.0,5069.7001953125,5071.0,77.0
2026-01-26 22:51:00-05:00,5069.7001953125,5070.0,5066.7998046875,5067.39990234375,136.0
2026-01-26 22:52:00-05:00,5067.2998046875,5069.10009765625,5067.10009765625,5069.10009765625,56.0
2026-01-26 22:53:00-05:00,5068.7001953125,5068.89990234375,5067.2998046875,5067.5,68.0
2026-01-26 22:54:00-05:00,5067.60009765625,5070.7998046875,5067.39990234375,5069.7998046875,73.0
2026-01-26 22:55:00-05:00,5069.7001953125,5069.7001953125,5067.0,5067.5,27.0
2026-01-26 22:56:00-05:00,5067.2001953125,5068.10009765625,5067.2001953125,5067.7998046875,18.0
2026-01-26 22:57:00-05:00,5068.2001953125,5069.10009765625,5068.2001953125,5068.7001953125,22.0
2026-01-26 22:58:00-05:00,5069.0,5074.2998046875,5069.0,5073.60009765625,387.0
2026-01-26 22:59:00-05:00,5073.39990234375,5073.60009765625,5071.39990234375,5071.89990234375,53.0
2026-01-26 23:00:00-05:00,5071.7001953125,5072.0,5071.2001953125,5071.39990234375,52.0
2026-01-26 23:01:00-05:00,5071.10009765625,5072.89990234375,5070.60009765625,5071.39990234375,51.0
2026-01-26 23:02:00-05:00,5070.7998046875,5072.0,5070.7998046875,5071.60009765625,25.0
2026-01-26 23:03:00-05:00,5071.7998046875,5073.60009765625,5071.7001953125,5073.10009765625,120.0
2026-01-26 23:04:00-05:00,5073.10009765625,5073.10009765625,5070.89990234375,5071.10009765625,65.0
2026-01-26 23:05:00-05:00,5071.0,5071.2998046875,5070.7001953125,5071.10009765625,44.0
2026-01-26 23:06:00-05:00,5071.39990234375,5072.2998046875,5070.7001953125,5071.89990234375,59.0
2026-01-26 23:07:00-05:00,5071.60009765625,5071.7998046875,5068.39990234375,5069.10009765625,148.0
2026-01-26 23:08:00-05:00,5069.2001953125,5071.0,5068.7998046875,5068.7998046875,52.0
2026-01-26 23:09:00-05:00,5069.0,5069.0,5067.39990234375,5067.5,14.0
2026-01-26 23:10:00-05:00,5067.2998046875,5069.39990234375,5067.2998046875,5068.2998046875,37.0
2026-01-26 23:11:00-05:00,5067.7998046875,5067.7998046875,5065.7998046875,5067.60009765625,58.0
2026-01-26 23:12:00-05:00,5067.89990234375,5068.2998046875,5066.2998046875,5066.39990234375,35.0
2026-01-26 23:13:00-05:00,5066.2001953125,5067.2001953125,5066.0,5066.7998046875,32.0
2026-01-26 23:14:00-05:00,5067.0,5067.0,5063.7001953125,5064.5,103.0
2026-01-26 23:15:00-05:00,5064.5,5067.2998046875,5064.5,5066.60009765625,83.0
2026-01-26 23:16:00-05:00,5066.60009765625,5068.89990234375,5066.5,5068.89990234375,50.0
2026-01-26 23:17:00-05:00,5068.2001953125,5068.7998046875,5067.7998046875,5068.2998046875,23.0
2026-01-26 23:18:00-05:00,5068.7001953125,5070.7998046875,5068.7001953125,5070.0,73.0
2026-01-26 23:19:00-05:00,5069.7998046875,5070.7001953125,5069.0,5069.0,41.0
2026-01-26 23:20:00-05:00,5068.7001953125,5069.0,5068.7001953125,5068.89990234375,17.0
2026-01-26 23:21:00-05:00,5068.7998046875,5069.2001953125,5068.10009765625,5068.10009765625,30.0
2026-01-26 23:22:00-05:00,5068.39990234375,5069.10009765625,5068.0,5068.39990234375,27.0
2026-01-26 23:23:00-05:00,5068.2998046875,5069.5,5068.0,5069.0,43.0
2026-01-26 23:24:00-05:00,5068.89990234375,5070.0,5068.39990234375,5069.2998046875,37.0
2026-01-26 23:25:00-05:00,5069.10009765625,5069.10009765625,5067.0,5067.7001953125,56.0
2026-01-26 23:26:00-05:00,5067.7001953125,5070.7001953125,5067.5,5069.7998046875,77.0
2026-01-26 23:27:00-05:00,5069.5,5070.7001953125,5069.0,5069.0,24.0
2026-01-26 23:28:00-05:00,5068.89990234375,5069.2001953125,5068.2998046875,5068.60009765625,22.0
2026-01-26 23:29:00-05:00,5068.5,5069.60009765625,5068.39990234375,5069.60009765625,25.0
2026-01-26 23:30:00-05:00,5069.2998046875,5070.2001953125,5069.2001953125,5069.2001953125,16.0
2026-01-26 23:31:00-05:00,5069.10009765625,5069.2001953125,5068.39990234375,5068.7998046875,31.0
2026-01-26 23:32:00-05:00,5068.60009765625,5069.7001953125,5068.60009765625,5069.0,18.0
2026-01-26 23:33:00-05:00,5069.5,5069.5,5068.89990234375,5069.2001953125,9.0
2026-01-26 23:34:00-05:00,5068.5,5068.5,5067.0,5067.10009765625,68.0
2026-01-26 23:35:00-05:00,5066.89990234375,5066.89990234375,5064.2998046875,5064.2998046875,46.0
2026-01-26 23:36:00-05:00,5063.89990234375,5064.7998046875,5062.60009765625,5064.60009765625,73.0
2026-01-26 23:37:00-05:00,5064.5,5065.2998046875,5064.5,5064.7001953125,23.0
2026-01-26 23:38:00-05:00,5065.0,5065.0,5062.0,5062.60009765625,110.0
2026-01-26 23:39:00-05:00,5062.0,5064.39990234375,5062.0,5062.60009765625,51.0
2026-01-26 23:40:00-05:00,5063.2998046875,5063.39990234375,5058.7998046875,5059.0,109.0
2026-01-26 23:41:00-05:00,5059.0,5059.5,5057.0,5057.2998046875,111.0
2026-01-26 23:42:00-05:00,5057.5,5059.10009765625,5056.39990234375,5058.39990234375,98.0
2026-01-26 23:43:00-05:00,5058.2998046875,5060.39990234375,5056.7998046875,5057.89990234375,69.0
2026-01-26 23:44:00-05:00,5057.5,5061.60009765625,5056.5,5061.2001953125,119.0
2026-01-26 23:45:00-05:00,5061.2998046875,5062.0,5060.60009765625,5061.0,71.0
2026-01-26 23:46:00-05:00,5061.2998046875,5061.2998046875,5058.89990234375,5061.2001953125,82.0
2026-01-26 23:47:00-05:00,5061.39990234375,5062.10009765625,5058.7001953125,5058.7001953125,81.0
2026-01-26 23:48:00-05:00,5058.7001953125,5059.39990234375,5057.7998046875,5058.2001953125,57.0
2026-01-26 23:49:00-05:00,5057.7998046875,5060.39990234375,5057.5,5060.0,112.0
2026-01-26 23:50:00-05:00,5060.2998046875,5060.2998046875,5059.0,5059.39990234375,37.0
2026-01-26 23:51:00-05:00,5059.0,5059.5,5057.2001953125,5059.5,86.0
2026-01-26 23:52:00-05:00,5059.0,5062.10009765625,5059.0,5060.7001953125,154.0
2026-01-26 23:53:00-05:00,5060.89990234375,5061.0,5058.89990234375,5060.89990234375,89.0
2026-01-26 23:54:00-05:00,5061.2998046875,5062.39990234375,5061.2001953125,5061.7998046875,35.0
2026-01-26 23:55:00-05:00,5062.10009765625,5063.7001953125,5062.10009765625,5062.2998046875,24.0
2026-01-26 23:56:00-05:00,5063.10009765625,5064.2998046875,5062.7998046875,5063.7001953125,28.0
2026-01-26 23:57:00-05:00,5063.7998046875,5065.60009765625,5063.2001953125,5064.0,91.0
2026-01-26 23:58:00-05:00,5064.0,5064.39990234375,5060.5,5061.10009765625,108.0
2026-01-27 00:00:00-05:00,5062.60009765625,5063.2001953125,5060.60009765625,5063.2001953125,66.0
2026-01-27 00:01:00-05:00,5062.89990234375,5063.7001953125,5058.7001953125,5059.2998046875,99.0
2026-01-27 00:02:00-05:00,5059.2001953125,5059.5,5056.0,5058.39990234375,127.0
2026-01-27 00:03:00-05:00,5057.7998046875,5057.89990234375,5056.7998046875,5057.5,89.0
2026-01-27 00:04:00-05:00,5057.2001953125,5057.60009765625,5055.39990234375,5056.7001953125,78.0
2026-01-27 00:05:00-05:00,5056.89990234375,5057.89990234375,5055.2001953125,5056.60009765625,82.0
2026-01-27 00:06:00-05:00,5057.0,5057.60009765625,5056.2001953125,5056.60009765625,55.0
2026-01-27 00:07:00-05:00,5056.2001953125,5058.39990234375,5055.39990234375,5057.2998046875,31.0
2026-01-27 00:08:00-05:00,5057.60009765625,5058.2001953125,5056.2998046875,5056.60009765625,46.0
2026-01-27 00:09:00-05:00,5056.2001953125,5056.2001953125,5053.2998046875,5055.39990234375,156.0
2026-01-27 00:10:00-05:00,5054.7998046875,5058.0,5054.7998046875,5056.10009765625,72.0
2026-01-27 00:11:00-05:00,5056.2998046875,5056.39990234375,5051.89990234375,5053.60009765625,157.0
2026-01-27 00:12:00-05:00,5053.5,5054.7001953125,5052.7001953125,5053.2001953125,67.0
2026-01-27 00:13:00-05:00,5053.89990234375,5054.7001953125,5052.39990234375,5054.10009765625,69.0
2026-01-27 00:14:00-05:00,5054.2001953125,5058.5,5054.2001953125,5058.0,145.0
2026-01-27 00:15:00-05:00,5058.5,5058.7998046875,5055.89990234375,5057.5,145.0
2026-01-27 00:16:00-05:00,5057.7001953125,5059.2001953125,5057.0,5057.10009765625,51.0
2026-01-27 00:17:00-05:00,5057.0,5057.39990234375,5054.5,5057.10009765625,151.0
2026-01-27 00:18:00-05:00,5057.39990234375,5058.2001953125,5053.89990234375,5054.2001953125,154.0
2026-01-27 00:19:00-05:00,5054.10009765625,5057.39990234375,5053.0,5055.39990234375,242.0
2026-01-27 00:20:00-05:00,5055.10009765625,5057.2001953125,5053.7001953125,5057.10009765625,52.0
2026-01-27 00:21:00-05:00,5057.10009765625,5057.7001953125,5056.2998046875,5057.2998046875,72.0
2026-01-27 00:22:00-05:00,5057.7998046875,5058.39990234375,5056.2998046875,5058.2001953125,49.0
2026-01-27 00:23:00-05:00,5057.7998046875,5060.7998046875,5057.7998046875,5060.7998046875,60.0
2026-01-27 00:24:00-05:00,5060.7998046875,5061.7998046875,5059.5,5060.5,62.0
2026-01-27 00:25:00-05:00,5061.10009765625,5061.39990234375,5060.2998046875,5061.2998046875,51.0
2026-01-27 00:26:00-05:00,5061.39990234375,5061.89990234375,5060.60009765625,5061.0,54.0
2026-01-27 00:27:00-05:00,5060.7001953125,5060.7001953125,5058.10009765625,5059.2998046875,81.0
2026-01-27 00:28:00-05:00,5059.7001953125,5061.2998046875,5059.7001953125,5060.2998046875,90.0
2026-01-27 00:29:00-05:00,5060.0,5060.89990234375,5059.39990234375,5059.39990234375,103.0
2026-01-27 00:30:00-05:00,5058.89990234375,5058.89990234375,5054.2998046875,5058.39990234375,266.0
2026-01-27 00:31:00-05:00,5058.7001953125,5065.5,5058.7001953125,5065.10009765625,160.0
2026-01-27 00:32:00-05:00,5065.5,5066.10009765625,5063.2001953125,5063.2001953125,95.0
2026-01-27 00:33:00-05:00,5063.60009765625,5064.60009765625,5062.7998046875,5064.5,58.0
2026-01-27 00:34:00-05:00,5064.2998046875,5067.89990234375,5064.2998046875,5067.7001953125,113.0
2026-01-27 00:35:00-05:00,5067.10009765625,5068.0,5065.89990234375,5066.5,88.0
2026-01-27 00:36:00-05:00,5066.60009765625,5066.89990234375,5064.5,5066.2998046875,108.0
2026-01-27 00:37:00-05:00,5066.10009765625,5066.10009765625,5064.5,5065.2998046875,27.0
2026-01-27 00:38:00-05:00,5065.10009765625,5067.0,5065.10009765625,5066.39990234375,58.0
2026-01-27 00:39:00-05:00,5066.7001953125,5066.7001953125,5065.2001953125,5065.7001953125,88.0
2026-01-27 00:40:00-05:00,5065.60009765625,5067.39990234375,5063.89990234375,5067.0,116.0
2026-01-27 00:41:00-05:00,5067.10009765625,5067.39990234375,5065.2998046875,5065.39990234375,65.0
2026-01-27 00:42:00-05:00,5065.7998046875,5067.2001953125,5065.2998046875,5066.2998046875,88.0
2026-01-27 00:43:00-05:00,5066.39990234375,5068.7001953125,5066.2998046875,5067.2998046875,106.0
2026-01-27 00:44:00-05:00,5067.89990234375,5069.60009765625,5067.7998046875,5069.2001953125,93.0
2026-01-27 00:45:00-05:00,5069.7001953125,5072.89990234375,5069.7001953125,5072.60009765625,201.0
2026-01-27 00:46:00-05:00,5072.5,5072.7001953125,5071.39990234375,5072.10009765625,72.0
2026-01-27 00:47:00-05:00,5072.2998046875,5076.60009765625,5072.2998046875,5075.7001953125,364.0
2026-01-27 00:48:00-05:00,5075.2998046875,5076.60009765625,5074.0,5076.60009765625,97.0
2026-01-27 00:49:00-05:00,5076.5,5077.2998046875,5074.89990234375,5074.89990234375,95.0
2026-01-27 00:50:00-05:00,5075.2001953125,5079.2998046875,5074.7998046875,5078.7998046875,241.0
2026-01-27 00:51:00-05:00,5078.7998046875,5080.2998046875,5077.5,5077.5,311.0
2026-01-27 00:52:00-05:00,5077.5,5077.60009765625,5075.5,5075.7001953125,158.0
2026-01-27 00:53:00-05:00,5075.5,5077.10009765625,5075.10009765625,5075.2998046875,83.0
2026-01-27 00:54:00-05:00,5075.0,5075.7998046875,5073.2001953125,5074.2001953125,127.0
2026-01-27 00:55:00-05:00,5074.10009765625,5075.0,5073.60009765625,5074.5,119.0
2026-01-27 00:56:00-05:00,5074.7001953125,5078.0,5074.2998046875,5076.60009765625,114.0
2026-01-27 00:57:00-05:00,5077.0,5077.7998046875,5075.89990234375,5077.7998046875,138.0
2026-01-27 00:58:00-05:00,5077.5,5078.60009765625,5077.10009765625,5077.7001953125,115.0
2026-01-27 00:59:00-05:00,5077.7998046875,5079.0,5077.10009765625,5078.10009765625,131.0
2026-01-27 01:00:00-05:00,5077.89990234375,5079.7001953125,5077.10009765625,5079.7001953125,119.0
2026-01-27 01:01:00-05:00,5079.7998046875,5081.39990234375,5079.39990234375,5080.2998046875,129.0
2026-01-27 01:02:00-05:00,5080.10009765625,5080.10009765625,5077.60009765625,5079.2998046875,108.0
2026-01-27 01:03:00-05:00,5079.60009765625,5082.0,5079.60009765625,5081.2001953125,122.0
2026-01-27 01:04:00-05:00,5081.39990234375,5081.60009765625,5078.5,5078.5,81.0
2026-01-27 01:05:00-05:00,5078.7998046875,5080.7001953125,5078.10009765625,5080.7001953125,98.0
2026-01-27 01:06:00-05:00,5080.2998046875,5080.2998046875,5077.2998046875,5077.5,87.0
2026-01-27 01:07:00-05:00,5077.7998046875,5078.0,5075.5,5076.5,188.0
2026-01-27 01:08:00-05:00,5076.10009765625,5076.5,5074.60009765625,5076.10009765625,80.0
2026-01-27 01:09:00-05:00,5076.2001953125,5077.60009765625,5076.2001953125,5077.0,48.0
2026-01-27 01:10:00-05:00,5077.2001953125,5077.39990234375,5074.39990234375,5075.0,95.0
2026-01-27 01:11:00-05:00,5074.5,5074.89990234375,5072.89990234375,5074.0,108.0
2026-01-27 01:12:00-05:00,5074.10009765625,5075.10009765625,5071.60009765625,5072.39990234375,128.0
2026-01-27 01:13:00-05:00,5072.2001953125,5077.7001953125,5071.7998046875,5077.7001953125,92.0
2026-01-27 01:14:00-05:00,5077.89990234375,5079.5,5076.89990234375,5078.5,91.0
2026-01-27 01:15:00-05:00,5078.2998046875,5078.7001953125,5076.7998046875,5077.7998046875,38.0
2026-01-27 01:16:00-05:00,5077.39990234375,5077.7998046875,5076.10009765625,5077.7998046875,48.0
2026-01-27 01:17:00-05:00,5078.0,5078.0,5075.7998046875,5076.5,77.0
2026-01-27 01:18:00-05:00,5076.7001953125,5077.39990234375,5075.7001953125,5076.7001953125,56.0
2026-01-27 01:19:00-05:00,5076.60009765625,5077.2001953125,5076.2998046875,5076.89990234375,19.0
2026-01-27 01:20:00-05:00,5076.7001953125,5077.5,5074.60009765625,5075.10009765625,71.0
2026-01-27 01:21:00-05:00,5075.39990234375,5079.5,5075.39990234375,5078.89990234375,92.0
2026-01-27 01:22:00-05:00,5079.39990234375,5081.2001953125,5079.2001953125,5080.5,115.0
2026-01-27 01:23:00-05:00,5080.89990234375,5081.7001953125,5079.0,5080.39990234375,99.0
2026-01-27 01:24:00-05:00,5080.60009765625,5083.2001953125,5080.39990234375,5082.89990234375,81.0
2026-01-27 01:25:00-05:00,5082.89990234375,5083.10009765625,5080.7001953125,5080.7001953125,130.0
2026-01-27 01:26:00-05:00,5080.60009765625,5080.60009765625,5078.0,5078.0,87.0
2026-01-27 01:27:00-05:00,5078.2001953125,5080.2001953125,5078.2001953125,5079.2998046875,56.0
2026-01-27 01:28:00-05:00,5080.0,5080.2001953125,5078.0,5079.0,52.0
2026-01-27 01:29:00-05:00,5079.0,5079.0,5077.7001953125,5077.7001953125,27.0
2026-01-27 01:30:00-05:00,5077.60009765625,5078.0,5075.2001953125,5075.5,96.0
2026-01-27 01:31:00-05:00,5075.2001953125,5078.5,5074.2998046875,5077.2998046875,147.0
2026-01-27 01:32:00-05:00,5077.10009765625,5078.0,5076.60009765625,5076.7001953125,34.0
2026-01-27 01:33:00-05:00,5077.10009765625,5079.7001953125,5077.10009765625,5079.2998046875,53.0
2026-01-27 01:34:00-05:00,5078.89990234375,5079.39990234375,5077.39990234375,5077.39990234375,70.0
2026-01-27 01:35:00-05:00,5077.39990234375,5079.0,5077.2001953125,5078.89990234375,63.0
2026-01-27 01:36:00-05:00,5078.89990234375,5080.5,5078.39990234375,5080.10009765625,103.0
2026-01-27 01:37:00-05:00,5079.89990234375,5079.89990234375,5076.2998046875,5077.39990234375,83.0
2026-01-27 01:38:00-05:00,5077.7001953125,5078.60009765625,5077.10009765625,5078.39990234375,59.0
2026-01-27 01:39:00-05:00,5077.7998046875,5079.10009765625,5077.60009765625,5078.60009765625,30.0
2026-01-27 01:40:00-05:00,5078.89990234375,5081.7998046875,5078.10009765625,5081.60009765625,94.0
2026-01-27 01:41:00-05:00,5081.2998046875,5083.2998046875,5081.2001953125,5082.60009765625,245.0
2026-01-27 01:42:00-05:00,5082.60009765625,5084.0,5082.60009765625,5083.7998046875,124.0
2026-01-27 01:43:00-05:00,5083.39990234375,5083.7998046875,5080.10009765625,5080.60009765625,126.0
2026-01-27 01:44:00-05:00,5080.89990234375,5081.60009765625,5080.5,5081.5,75.0
2026-01-27 01:45:00-05:00,5081.10009765625,5084.7001953125,5080.7998046875,5084.2001953125,115.0
2026-01-27 01:46:00-05:00,5084.60009765625,5086.60009765625,5084.60009765625,5084.7001953125,193.0
2026-01-27 01:47:00-05:00,5084.5,5088.2001953125,5084.39990234375,5088.10009765625,225.0
2026-01-27 01:48:00-05:00,5088.2001953125,5089.2001953125,5086.60009765625,5086.60009765625,206.0
2026-01-27 01:49:00-05:00,5086.39990234375,5088.10009765625,5085.10009765625,5085.10009765625,110.0
2026-01-27 01:50:00-05:00,5085.10009765625,5087.7998046875,5084.2998046875,5087.39990234375,100.0
2026-01-27 01:51:00-05:00,5087.7998046875,5089.60009765625,5086.89990234375,5087.0,169.0
2026-01-27 01:52:00-05:00,5086.89990234375,5087.2998046875,5084.89990234375,5087.10009765625,145.0
2026-01-27 01:53:00-05:00,5087.2001953125,5088.7001953125,5086.10009765625,5086.2001953125,79.0
2026-01-27 01:54:00-05:00,5086.2998046875,5086.5,5084.10009765625,5084.10009765625,135.0
2026-01-27 01:55:00-05:00,5084.0,5084.0,5077.2998046875,5078.7998046875,347.0
2026-01-27 01:56:00-05:00,5078.60009765625,5080.39990234375,5077.7001953125,5079.5,190.0
2026-01-27 01:57:00-05:00,5079.7001953125,5081.89990234375,5079.5,5081.10009765625,75.0
2026-01-27 01:58:00-05:00,5081.2001953125,5083.39990234375,5081.2001953125,5082.39990234375,257.0
2026-01-27 01:59:00-05:00,5082.2998046875,5083.0,5081.10009765625,5081.5,83.0
2026-01-27 02:00:00-05:00,5081.39990234375,5083.2998046875,5077.7998046875,5079.2001953125,267.0
2026-01-27 02:01:00-05:00,5079.10009765625,5081.7001953125,5078.39990234375,5080.89990234375,146.0
2026-01-27 02:02:00-05:00,5080.60009765625,5081.39990234375,5079.39990234375,5079.7998046875,137.0
2026-01-27 02:03:00-05:00,5079.7998046875,5081.39990234375,5079.2001953125,5080.89990234375,111.0
2026-01-27 02:04:00-05:00,5081.2001953125,5082.5,5079.7998046875,5080.39990234375,217.0
2026-01-27 02:05:00-05:00,5080.7998046875,5083.2998046875,5079.10009765625,5082.89990234375,278.0
2026-01-27 02:06:00-05:00,5082.0,5084.89990234375,5081.60009765625,5084.2998046875,157.0
2026-01-27 02:07:00-05:00,5084.39990234375,5085.39990234375,5083.0,5083.60009765625,231.0
2026-01-27 02:08:00-05:00,5083.5,5088.0,5083.5,5087.7001953125,274.0
2026-01-27 02:09:00-05:00,5087.39990234375,5090.0,5087.2998046875,5088.7001953125,403.0
2026-01-27 02:10:00-05:00,5089.0,5089.0,5083.7001953125,5084.7998046875,328.0
2026-01-27 02:11:00-05:00,5085.0,5087.5,5084.2998046875,5086.7001953125,136.0
2026-01-27 02:12:00-05:00,5086.89990234375,5087.0,5082.10009765625,5082.10009765625,272.0
2026-01-27 02:13:00-05:00,5082.89990234375,5085.0,5082.2998046875,5083.2001953125,111.0
2026-01-27 02:14:00-05:00,5082.7001953125,5083.39990234375,5080.0,5080.89990234375,283.0
2026-01-27 02:15:00-05:00,5080.5,5085.2998046875,5079.7001953125,5082.7998046875,397.0
2026-01-27 02:16:00-05:00,5083.0,5083.0,5079.60009765625,5080.60009765625,169.0
2026-01-27 02:17:00-05:00,5080.60009765625,5085.5,5079.5,5084.7001953125,299.0
2026-01-27 02:18:00-05:00,5084.5,5086.10009765625,5083.0,5085.2998046875,158.0
2026-01-27 02:19:00-05:00,5085.0,5085.0,5079.60009765625,5081.60009765625,295.0
2026-01-27 02:20:00-05:00,5081.60009765625,5082.2001953125,5080.89990234375,5081.89990234375,54.0
2026-01-27 02:21:00-05:00,5081.2998046875,5082.2001953125,5080.39990234375,5082.10009765625,48.0
2026-01-27 02:22:00-05:00,5081.7001953125,5085.0,5080.5,5085.0,497.0
2026-01-27 02:23:00-05:00,5084.5,5085.2998046875,5083.2998046875,5084.39990234375,80.0
2026-01-27 02:24:00-05:00,5084.89990234375,5085.2998046875,5082.2998046875,5082.7001953125,146.0
2026-01-27 02:25:00-05:00,5082.39990234375,5083.2998046875,5078.2998046875,5078.7001953125,343.0
2026-01-27 02:26:00-05:00,5078.2001953125,5079.89990234375,5077.10009765625,5078.7001953125,311.0
2026-01-27 02:27:00-05:00,5079.0,5080.7998046875,5078.2001953125,5079.89990234375,151.0
2026-01-27 02:28:00-05:00,5080.10009765625,5083.60009765625,5079.10009765625,5083.0,339.0
2026-01-27 02:29:00-05:00,5082.39990234375,5084.89990234375,5082.0,5083.2998046875,168.0
2026-01-27 02:30:00-05:00,5083.60009765625,5087.0,5083.60009765625,5085.7998046875,116.0
2026-01-27 02:31:00-05:00,5085.60009765625,5091.39990234375,5085.60009765625,5089.39990234375,335.0
2026-01-27 02:32:00-05:00,5089.2998046875,5093.5,5088.0,5088.89990234375,378.0
2026-01-27 02:33:00-05:00,5088.5,5090.2001953125,5087.7998046875,5088.7998046875,110.0
2026-01-27 02:34:00-05:00,5089.5,5093.0,5089.10009765625,5091.89990234375,172.0
2026-01-27 02:35:00-05:00,5091.7001953125,5092.2998046875,5087.39990234375,5089.0,187.0
2026-01-27 02:36:00-05:00,5089.2998046875,5090.60009765625,5086.60009765625,5089.89990234375,180.0
2026-01-27 02:37:00-05:00,5090.5,5092.2001953125,5089.2998046875,5090.60009765625,176.0
2026-01-27 02:38:00-05:00,5091.7998046875,5095.7001953125,5090.7001953125,5095.10009765625,265.0
2026-01-27 02:39:00-05:00,5095.5,5095.5,5091.5,5091.5,138.0
2026-01-27 02:40:00-05:00,5091.89990234375,5093.2998046875,5090.0,5093.2001953125,205.0
2026-01-27 02:41:00-05:00,5094.0,5096.89990234375,5093.5,5096.10009765625,391.0
2026-01-27 02:42:00-05:00,5096.10009765625,5097.2998046875,5094.60009765625,5095.10009765625,250.0
2026-01-27 02:43:00-05:00,5095.2998046875,5095.7998046875,5090.2001953125,5090.5,513.0
2026-01-27 02:44:00-05:00,5090.5,5091.89990234375,5088.2998046875,5089.39990234375,365.0
2026-01-27 02:45:00-05:00,5088.89990234375,5092.5,5088.2998046875,5091.7001953125,170.0
2026-01-27 02:46:00-05:00,5091.39990234375,5091.5,5089.10009765625,5090.7998046875,144.0
2026-01-27 02:47:00-05:00,5090.60009765625,5091.0,5085.7998046875,5088.5,405.0
2026-01-27 02:48:00-05:00,5088.2001953125,5088.7998046875,5086.2001953125,5087.2001953125,67.0
2026-01-27 02:49:00-05:00,5087.10009765625,5088.7998046875,5086.7998046875,5088.10009765625,95.0
2026-01-27 02:50:00-05:00,5087.60009765625,5088.10009765625,5086.2001953125,5086.7001953125,87.0
2026-01-27 02:51:00-05:00,5086.7001953125,5087.0,5085.0,5086.60009765625,119.0
2026-01-27 02:52:00-05:00,5086.7998046875,5088.10009765625,5085.89990234375,5086.60009765625,151.0
2026-01-27 02:53:00-05:00,5087.39990234375,5088.89990234375,5086.7001953125,5087.7001953125,53.0
2026-01-27 02:54:00-05:00,5088.5,5089.0,5086.0,5086.5,79.0
2026-01-27 02:55:00-05:00,5087.0,5087.89990234375,5085.5,5086.0,104.0
2026-01-27 02:56:00-05:00,5086.89990234375,5087.10009765625,5085.5,5086.2001953125,50.0
2026-01-27 02:57:00-05:00,5085.7001953125,5086.2001953125,5085.0,5085.89990234375,63.0
2026-01-27 02:58:00-05:00,5086.0,5086.0,5082.2001953125,5082.7001953125,128.0
2026-01-27 02:59:00-05:00,5083.60009765625,5084.7998046875,5081.2998046875,5081.60009765625,95.0
2026-01-27 03:00:00-05:00,5081.5,5083.10009765625,5079.7001953125,5083.10009765625,314.0
2026-01-27 03:01:00-05:00,5083.0,5084.10009765625,5081.5,5082.2998046875,119.0
2026-01-27 03:02:00-05:00,5081.60009765625,5082.89990234375,5080.7998046875,5080.89990234375,300.0
2026-01-27 03:03:00-05:00,5081.0,5081.7001953125,5078.60009765625,5079.7998046875,199.0
2026-01-27 03:04:00-05:00,5079.89990234375,5082.60009765625,5079.89990234375,5081.7001953125,245.0
2026-01-27 03:05:00-05:00,5081.7001953125,5082.5,5080.2998046875,5080.7001953125,83.0
2026-01-27 03:06:00-05:00,5080.7001953125,5080.7001953125,5077.0,5077.7998046875,168.0
2026-01-27 03:07:00-05:00,5077.7998046875,5079.7998046875,5077.7998046875,5078.7998046875,222.0
2026-01-27 03:08:00-05:00,5079.0,5079.0,5074.7998046875,5075.2001953125,363.0
2026-01-27 03:09:00-05:00,5075.10009765625,5080.0,5075.10009765625,5079.39990234375,292.0
2026-01-27 03:10:00-05:00,5079.2998046875,5080.10009765625,5077.5,5077.7001953125,183.0
2026-01-27 03:11:00-05:00,5078.2001953125,5080.89990234375,5076.7998046875,5077.5,172.0
2026-01-27 03:12:00-05:00,5078.10009765625,5080.7998046875,5077.5,5080.39990234375,93.0
2026-01-27 03:13:00-05:00,5081.0,5082.0,5080.10009765625,5080.60009765625,91.0
2026-01-27 03:14:00-05:00,5080.89990234375,5082.60009765625,5079.60009765625,5082.10009765625,76.0
2026-01-27 03:15:00-05:00,5082.39990234375,5082.7998046875,5080.89990234375,5081.5,119.0
2026-01-27 03:16:00-05:00,5081.5,5081.89990234375,5080.10009765625,5081.10009765625,40.0
2026-01-27 03:17:00-05:00,5081.10009765625,5083.60009765625,5079.2001953125,5081.39990234375,175.0
2026-01-27 03:18:00-05:00,5081.7001953125,5084.0,5080.2001953125,5083.10009765625,278.0
2026-01-27 03:19:00-05:00,5082.89990234375,5083.2001953125,5081.2998046875,5082.60009765625,72.0
2026-01-27 03:20:00-05:00,5082.2998046875,5083.0,5081.89990234375,5082.60009765625,63.0
2026-01-27 03:21:00-05:00,5082.39990234375,5082.89990234375,5080.5,5081.89990234375,133.0
2026-01-27 03:22:00-05:00,5082.0,5082.7998046875,5081.2001953125,5082.2998046875,294.0
2026-01-27 03:23:00-05:00,5082.2001953125,5082.7001953125,5081.2001953125,5081.39990234375,38.0
2026-01-27 03:24:00-05:00,5080.89990234375,5080.89990234375,5078.60009765625,5079.89990234375,186.0
2026-01-27 03:25:00-05:00,5080.10009765625,5080.10009765625,5077.89990234375,5078.39990234375,300.0
2026-01-27 03:26:00-05:00,5079.0,5079.5,5076.89990234375,5078.2001953125,165.0
2026-01-27 03:27:00-05:00,5078.39990234375,5078.89990234375,5076.2998046875,5076.60009765625,98.0
2026-01-27 03:28:00-05:00,5076.10009765625,5077.7998046875,5075.7001953125,5075.7998046875,172.0
2026-01-27 03:29:00-05:00,5075.7998046875,5075.7998046875,5071.2001953125,5073.39990234375,360.0
2026-01-27 03:30:00-05:00,5073.7001953125,5074.5,5072.10009765625,5073.0,233.0
2026-01-27 03:31:00-05:00,5072.2998046875,5074.89990234375,5069.7998046875,5070.2001953125,161.0
2026-01-27 03:32:00-05:00,5070.10009765625,5071.0,5069.10009765625,5070.2998046875,149.0
2026-01-27 03:33:00-05:00,5070.2998046875,5072.60009765625,5069.39990234375,5070.10009765625,401.0
2026-01-27 03:34:00-05:00,5070.0,5072.2001953125,5068.5,5071.60009765625,251.0
2026-01-27 03:35:00-05:00,5071.39990234375,5076.7001953125,5070.5,5076.5,301.0
2026-01-27 03:36:00-05:00,5076.89990234375,5077.7001953125,5075.5,5075.7001953125,158.0
2026-01-27 03:37:00-05:00,5075.89990234375,5077.10009765625,5075.0,5076.2998046875,87.0
2026-01-27 03:38:00-05:00,5076.60009765625,5077.0,5075.10009765625,5076.0,395.0
2026-01-27 03:39:00-05:00,5076.39990234375,5076.7001953125,5073.7001953125,5074.7998046875,867.0
2026-01-27 03:40:00-05:00,5074.7998046875,5074.7998046875,5073.0,5074.2998046875,334.0
2026-01-27 03:41:00-05:00,5074.0,5076.5,5074.0,5076.2001953125,148.0
2026-01-27 03:42:00-05:00,5076.5,5078.7001953125,5076.5,5077.0,275.0
2026-01-27 03:43:00-05:00,5076.89990234375,5078.7001953125,5076.5,5077.0,99.0
2026-01-27 03:44:00-05:00,5077.39990234375,5078.60009765625,5075.60009765625,5078.5,90.0
2026-01-27 03:45:00-05:00,5078.7998046875,5080.39990234375,5077.60009765625,5080.0,123.0
2026-01-27 03:46:00-05:00,5080.5,5081.7001953125,5080.5,5081.60009765625,103.0
2026-01-27 03:47:00-05:00,5081.39990234375,5082.0,5077.89990234375,5078.2001953125,206.0
2026-01-27 03:48:00-05:00,5078.2998046875,5079.2998046875,5077.7001953125,5078.39990234375,149.0
2026-01-27 03:49:00-05:00,5078.7998046875,5080.2001953125,5078.7998046875,5080.0,80.0
2026-01-27 03:50:00-05:00,5080.10009765625,5080.10009765625,5077.7998046875,5077.7998046875,199.0
2026-01-27 03:51:00-05:00,5077.60009765625,5078.2998046875,5075.89990234375,5076.2001953125,54.0
2026-01-27 03:52:00-05:00,5076.2998046875,5077.0,5075.89990234375,5076.5,90.0
2026-01-27 03:53:00-05:00,5076.39990234375,5076.39990234375,5073.89990234375,5074.10009765625,64.0
2026-01-27 03:54:00-05:00,5074.2001953125,5077.60009765625,5074.2001953125,5076.89990234375,98.0
2026-01-27 03:55:00-05:00,5076.89990234375,5078.89990234375,5075.89990234375,5078.2001953125,113.0
2026-01-27 03:56:00-05:00,5078.2998046875,5079.7998046875,5078.2998046875,5079.39990234375,155.0
2026-01-27 03:57:00-05:00,5079.7001953125,5079.7998046875,5077.89990234375,5078.60009765625,39.0
2026-01-27 03:58:00-05:00,5078.5,5078.89990234375,5077.39990234375,5077.39990234375,157.0
2026-01-27 03:59:00-05:00,5076.89990234375,5077.0,5075.2998046875,5075.60009765625,80.0
2026-01-27 04:00:00-05:00,5075.0,5077.2001953125,5074.10009765625,5076.0,243.0
2026-01-27 04:01:00-05:00,5076.10009765625,5077.5,5075.0,5075.5,89.0
2026-01-27 04:02:00-05:00,5076.0,5077.2001953125,5074.60009765625,5076.89990234375,101.0
2026-01-27 04:03:00-05:00,5076.5,5077.39990234375,5075.7001953125,5077.0,43.0
2026-01-27 04:04:00-05:00,5077.2998046875,5077.60009765625,5076.2998046875,5077.10009765625,59.0
2026-01-27 04:05:00-05:00,5077.60009765625,5079.39990234375,5076.5,5078.10009765625,144.0
2026-01-27 04:06:00-05:00,5078.5,5078.5,5076.2001953125,5077.0,151.0
2026-01-27 04:07:00-05:00,5076.60009765625,5077.2001953125,5075.7001953125,5076.7998046875,130.0
2026-01-27 04:08:00-05:00,5076.2998046875,5078.60009765625,5075.89990234375,5078.2998046875,72.0
2026-01-27 04:09:00-05:00,5078.60009765625,5078.7998046875,5077.2001953125,5078.5,84.0
2026-01-27 04:10:00-05:00,5078.10009765625,5078.7001953125,5077.7001953125,5078.39990234375,76.0
2026-01-27 04:11:00-05:00,5078.89990234375,5080.0,5078.2001953125,5080.0,122.0
2026-01-27 04:12:00-05:00,5079.60009765625,5079.89990234375,5078.39990234375,5079.0,104.0
2026-01-27 04:13:00-05:00,5079.0,5080.2998046875,5078.10009765625,5080.2998046875,90.0
2026-01-27 04:14:00-05:00,5080.10009765625,5080.10009765625,5078.7001953125,5079.60009765625,74.0
2026-01-27 04:15:00-05:00,5079.7998046875,5080.2998046875,5079.2998046875,5079.39990234375,45.0
2026-01-27 04:16:00-05:00,5079.5,5081.0,5078.7998046875,5078.89990234375,112.0
2026-01-27 04:17:00-05:00,5079.10009765625,5080.39990234375,5078.5,5079.7998046875,108.0
2026-01-27 04:18:00-05:00,5080.39990234375,5081.5,5079.7001953125,5080.7998046875,97.0
2026-01-27 04:19:00-05:00,5081.5,5082.7998046875,5080.2001953125,5082.2998046875,68.0
2026-01-27 04:20:00-05:00,5082.7001953125,5082.89990234375,5081.60009765625,5081.7001953125,114.0
2026-01-27 04:21:00-05:00,5081.89990234375,5083.2998046875,5081.2998046875,5082.89990234375,179.0
2026-01-27 04:22:00-05:00,5082.89990234375,5083.5,5081.60009765625,5083.0,71.0
2026-01-27 04:23:00-05:00,5082.7001953125,5083.89990234375,5082.7001953125,5083.10009765625,109.0
2026-01-27 04:24:00-05:00,5083.2998046875,5083.7001953125,5081.10009765625,5081.2001953125,202.0
2026-01-27 04:25:00-05:00,5081.7998046875,5083.0,5081.2001953125,5082.5,205.0
2026-01-27 04:26:00-05:00,5082.7998046875,5084.0,5082.7001953125,5084.0,89.0
2026-01-27 04:27:00-05:00,5083.7001953125,5084.5,5081.39990234375,5082.39990234375,211.0
2026-01-27 04:28:00-05:00,5082.39990234375,5084.2998046875,5082.2998046875,5082.39990234375,104.0
2026-01-27 04:29:00-05:00,5082.5,5084.39990234375,5082.5,5084.39990234375,104.0
2026-01-27 04:30:00-05:00,5084.39990234375,5084.7998046875,5082.7001953125,5083.10009765625,332.0
2026-01-27 04:31:00-05:00,5082.89990234375,5083.2998046875,5082.39990234375,5082.7998046875,72.0
2026-01-27 04:32:00-05:00,5083.10009765625,5083.10009765625,5082.10009765625,5082.7001953125,68.0
2026-01-27 04:33:00-05:00,5082.89990234375,5086.39990234375,5082.89990234375,5086.2998046875,102.0
2026-01-27 04:34:00-05:00,5086.0,5086.5,5085.5,5085.7998046875,96.0
2026-01-27 04:35:00-05:00,5085.7998046875,5086.7998046875,5085.7001953125,5086.2998046875,51.0
2026-01-27 04:36:00-05:00,5086.5,5087.39990234375,5085.7001953125,5086.5,45.0
2026-01-27 04:37:00-05:00,5086.2001953125,5087.10009765625,5085.10009765625,5087.10009765625,104.0
2026-01-27 04:38:00-05:00,5086.89990234375,5090.2001953125,5086.89990234375,5089.7998046875,151.0
2026-01-27 04:39:00-05:00,5089.89990234375,5090.60009765625,5088.39990234375,5089.39990234375,219.0
2026-01-27 04:40:00-05:00,5089.2001953125,5089.5,5086.7998046875,5086.7998046875,152.0
2026-01-27 04:41:00-05:00,5087.10009765625,5087.89990234375,5086.7001953125,5087.39990234375,137.0
2026-01-27 04:42:00-05:00,5087.2001953125,5087.39990234375,5086.60009765625,5086.7998046875,57.0
2026-01-27 04:43:00-05:00,5086.7998046875,5086.89990234375,5086.10009765625,5086.39990234375,117.0
2026-01-27 04:44:00-05:00,5086.2998046875,5086.39990234375,5084.7998046875,5084.7998046875,158.0
2026-01-27 04:45:00-05:00,5084.2998046875,5085.10009765625,5080.0,5080.39990234375,233.0
2026-01-27 04:46:00-05:00,5080.2998046875,5082.89990234375,5079.10009765625,5082.89990234375,211.0
2026-01-27 04:47:00-05:00,5082.60009765625,5083.39990234375,5082.10009765625,5082.7001953125,75.0
2026-01-27 04:48:00-05:00,5082.89990234375,5085.39990234375,5082.89990234375,5085.2998046875,122.0
2026-01-27 04:49:00-05:00,5084.7998046875,5086.0,5084.0,5084.7001953125,105.0
2026-01-27 04:50:00-05:00,5084.89990234375,5087.2001953125,5084.89990234375,5086.60009765625,114.0
2026-01-27 04:51:00-05:00,5087.0,5088.7001953125,5086.7998046875,5088.5,105.0
2026-01-27 04:52:00-05:00,5088.7001953125,5093.39990234375,5088.10009765625,5091.7998046875,465.0
2026-01-27 04:53:00-05:00,5092.2998046875,5094.2998046875,5092.2998046875,5093.0,545.0
2026-01-27 04:54:00-05:00,5093.2001953125,5094.0,5091.60009765625,5092.2998046875,246.0
2026-01-27 04:55:00-05:00,5092.5,5092.7001953125,5089.10009765625,5089.60009765625,200.0
2026-01-27 04:56:00-05:00,5090.10009765625,5091.10009765625,5089.2001953125,5091.10009765625,63.0
2026-01-27 04:57:00-05:00,5090.60009765625,5092.39990234375,5090.2998046875,5091.0,102.0
2026-01-27 04:58:00-05:00,5090.60009765625,5093.7998046875,5090.39990234375,5093.7998046875,210.0
2026-01-27 04:59:00-05:00,5093.5,5096.2998046875,5093.5,5095.2998046875,332.0
2026-01-27 05:00:00-05:00,5095.2001953125,5095.2998046875,5092.2001953125,5092.7001953125,551.0
2026-01-27 05:01:00-05:00,5092.5,5094.7998046875,5092.5,5092.7001953125,253.0
2026-01-27 05:02:00-05:00,5092.7001953125,5094.89990234375,5092.39990234375,5093.39990234375,249.0
2026-01-27 05:03:00-05:00,5093.2001953125,5093.7998046875,5091.7998046875,5091.7998046875,215.0
2026-01-27 05:04:00-05:00,5091.5,5093.2001953125,5090.7998046875,5090.89990234375,166.0
2026-01-27 05:05:00-05:00,5090.7001953125,5092.0,5090.0,5090.2001953125,285.0
2026-01-27 05:06:00-05:00,5090.2001953125,5090.7998046875,5089.2001953125,5090.60009765625,182.0
2026-01-27 05:07:00-05:00,5090.2001953125,5091.2998046875,5089.2001953125,5089.2001953125,89.0
2026-01-27 05:08:00-05:00,5089.7001953125,5090.2001953125,5088.39990234375,5088.5,184.0
2026-01-27 05:09:00-05:00,5088.60009765625,5091.39990234375,5088.60009765625,5090.89990234375,179.0
2026-01-27 05:10:00-05:00,5091.0,5091.2998046875,5088.5,5088.89990234375,100.0
2026-01-27 05:11:00-05:00,5088.7001953125,5089.7998046875,5088.0,5088.2001953125,92.0
2026-01-27 05:12:00-05:00,5088.10009765625,5090.7998046875,5088.10009765625,5090.7001953125,86.0
2026-01-27 05:13:00-05:00,5090.7001953125,5093.5,5090.60009765625,5092.7998046875,249.0
2026-01-27 05:14:00-05:00,5093.10009765625,5094.7998046875,5093.10009765625,5093.60009765625,353.0
2026-01-27 05:15:00-05:00,5093.2998046875,5095.10009765625,5093.2998046875,5093.7998046875,154.0
2026-01-27 05:16:00-05:00,5093.7001953125,5094.2998046875,5092.60009765625,5093.60009765625,100.0
2026-01-27 05:17:00-05:00,5092.89990234375,5094.2001953125,5091.5,5091.60009765625,162.0
2026-01-27 05:18:00-05:00,5091.10009765625,5092.39990234375,5091.10009765625,5091.89990234375,85.0
2026-01-27 05:19:00-05:00,5092.2998046875,5092.39990234375,5089.89990234375,5090.5,88.0
2026-01-27 05:20:00-05:00,5090.5,5090.5,5086.39990234375,5088.2998046875,340.0
2026-01-27 05:21:00-05:00,5087.7998046875,5089.0,5087.7001953125,5087.7001953125,124.0
2026-01-27 05:22:00-05:00,5088.2001953125,5088.2001953125,5086.2001953125,5086.5,72.0
2026-01-27 05:23:00-05:00,5086.2998046875,5087.89990234375,5085.10009765625,5086.5,173.0
2026-01-27 05:24:00-05:00,5087.0,5087.2998046875,5086.2998046875,5086.39990234375,40.0
2026-01-27 05:25:00-05:00,5086.10009765625,5087.10009765625,5084.60009765625,5085.0,127.0
2026-01-27 05:26:00-05:00,5084.60009765625,5085.2998046875,5084.39990234375,5084.7001953125,48.0
2026-01-27 05:27:00-05:00,5084.7001953125,5087.60009765625,5084.7001953125,5087.2001953125,62.0
2026-01-27 05:28:00-05:00,5087.10009765625,5087.10009765625,5084.2001953125,5084.5,66.0
2026-01-27 05:29:00-05:00,5084.7001953125,5086.2001953125,5084.2998046875,5084.89990234375,57.0
2026-01-27 05:30:00-05:00,5084.7001953125,5084.7001953125,5080.60009765625,5081.39990234375,529.0
2026-01-27 05:31:00-05:00,5080.89990234375,5085.0,5080.7001953125,5082.10009765625,268.0
2026-01-27 05:32:00-05:00,5082.5,5082.5,5081.10009765625,5081.7998046875,92.0
2026-01-27 05:33:00-05:00,5082.39990234375,5082.5,5078.2998046875,5078.7998046875,260.0
2026-01-27 05:34:00-05:00,5078.39990234375,5081.10009765625,5078.2998046875,5080.5,136.0
2026-01-27 05:35:00-05:00,5080.2998046875,5082.60009765625,5080.10009765625,5082.60009765625,96.0
2026-01-27 05:36:00-05:00,5082.0,5082.5,5081.10009765625,5082.2001953125,53.0
2026-01-27 05:37:00-05:00,5082.0,5082.2998046875,5081.0,5081.7001953125,69.0
2026-01-27 05:38:00-05:00,5081.7998046875,5085.0,5081.7998046875,5084.2001953125,262.0
2026-01-27 05:39:00-05:00,5084.0,5085.5,5084.0,5085.0,76.0
2026-01-27 05:40:00-05:00,5084.7001953125,5085.7001953125,5084.39990234375,5084.5,84.0
2026-01-27 05:41:00-05:00,5084.5,5084.7001953125,5084.0,5084.2998046875,41.0
2026-01-27 05:42:00-05:00,5084.7998046875,5084.7998046875,5082.89990234375,5083.7001953125,195.0
2026-01-27 05:43:00-05:00,5083.7998046875,5085.2001953125,5081.2998046875,5081.89990234375,171.0
2026-01-27 05:44:00-05:00,5082.0,5082.2998046875,5081.0,5081.0,56.0
2026-01-27 05:45:00-05:00,5081.5,5082.2998046875,5080.2001953125,5080.39990234375,157.0
2026-01-27 05:46:00-05:00,5080.2998046875,5080.7998046875,5078.2001953125,5079.10009765625,93.0
2026-01-27 05:47:00-05:00,5079.2998046875,5081.7001953125,5078.39990234375,5080.89990234375,84.0
2026-01-27 05:48:00-05:00,5080.5,5081.7001953125,5078.89990234375,5079.39990234375,52.0
2026-01-27 05:49:00-05:00,5080.0,5081.7998046875,5079.89990234375,5080.7001953125,88.0
2026-01-27 05:50:00-05:00,5080.7998046875,5081.2998046875,5080.0,5080.7001953125,26.0
2026-01-27 05:51:00-05:00,5080.60009765625,5081.2001953125,5080.0,5080.0,37.0
2026-01-27 05:52:00-05:00,5079.89990234375,5080.5,5079.89990234375,5080.0,14.0
2026-01-27 05:53:00-05:00,5080.39990234375,5080.39990234375,5078.7001953125,5079.0,28.0
2026-01-27 05:54:00-05:00,5079.0,5080.60009765625,5078.7001953125,5079.89990234375,56.0
2026-01-27 05:55:00-05:00,5080.0,5080.39990234375,5079.5,5079.7001953125,42.0
2026-01-27 05:56:00-05:00,5079.2001953125,5081.2001953125,5079.10009765625,5081.2001953125,60.0
2026-01-27 05:57:00-05:00,5081.10009765625,5081.7001953125,5080.89990234375,5081.5,44.0
2026-01-27 05:58:00-05:00,5081.60009765625,5082.39990234375,5080.89990234375,5082.2998046875,144.0
2026-01-27 05:59:00-05:00,5082.7001953125,5083.60009765625,5082.5,5082.5,89.0
2026-01-27 06:00:00-05:00,5082.7001953125,5084.39990234375,5082.39990234375,5083.2001953125,148.0
2026-01-27 06:01:00-05:00,5083.0,5083.60009765625,5082.39990234375,5082.5,104.0
2026-01-27 06:02:00-05:00,5082.60009765625,5083.2998046875,5080.10009765625,5080.39990234375,96.0
2026-01-27 06:03:00-05:00,5080.2998046875,5082.39990234375,5080.0,5081.2998046875,163.0
2026-01-27 06:04:00-05:00,5081.60009765625,5082.7998046875,5081.60009765625,5082.7001953125,38.0
2026-01-27 06:05:00-05:00,5082.7998046875,5083.7998046875,5082.7998046875,5083.7998046875,38.0
2026-01-27 06:06:00-05:00,5083.10009765625,5083.89990234375,5082.60009765625,5082.89990234375,107.0
2026-01-27 06:07:00-05:00,5082.5,5082.5,5081.60009765625,5081.7998046875,31.0
2026-01-27 06:08:00-05:00,5082.2001953125,5084.2998046875,5081.89990234375,5084.2998046875,28.0
2026-01-27 06:09:00-05:00,5084.2998046875,5085.60009765625,5084.2001953125,5085.0,231.0
2026-01-27 06:10:00-05:00,5085.5,5085.89990234375,5084.89990234375,5084.89990234375,36.0
2026-01-27 06:11:00-05:00,5085.0,5085.7001953125,5082.5,5082.5,120.0
2026-01-27 06:12:00-05:00,5082.5,5086.0,5082.10009765625,5085.60009765625,112.0
2026-01-27 06:13:00-05:00,5085.39990234375,5086.60009765625,5085.10009765625,5086.5,74.0
2026-01-27 06:14:00-05:00,5086.60009765625,5086.7001953125,5085.7001953125,5086.60009765625,164.0
2026-01-27 06:15:00-05:00,5086.7001953125,5087.0,5086.0,5086.0,51.0
2026-01-27 06:16:00-05:00,5086.2001953125,5087.0,5085.39990234375,5086.39990234375,106.0
2026-01-27 06:17:00-05:00,5086.7998046875,5086.7998046875,5085.2001953125,5085.2001953125,35.0
2026-01-27 06:18:00-05:00,5085.39990234375,5085.39990234375,5082.60009765625,5083.0,87.0
2026-01-27 06:19:00-05:00,5082.7998046875,5083.2001953125,5082.39990234375,5082.5,433.0
2026-01-27 06:20:00-05:00,5082.60009765625,5084.0,5082.60009765625,5083.10009765625,89.0
2026-01-27 06:21:00-05:00,5083.10009765625,5083.60009765625,5081.5,5082.39990234375,95.0
2026-01-27 06:22:00-05:00,5082.2001953125,5082.7998046875,5082.0,5082.7998046875,39.0
2026-01-27 06:23:00-05:00,5082.7998046875,5083.2001953125,5082.10009765625,5082.89990234375,35.0
2026-01-27 06:24:00-05:00,5082.10009765625,5082.60009765625,5081.60009765625,5082.60009765625,88.0
2026-01-27 06:25:00-05:00,5082.5,5083.7001953125,5082.5,5083.5,150.0
2026-01-27 06:26:00-05:00,5083.2001953125,5083.7998046875,5082.89990234375,5083.2001953125,337.0
2026-01-27 06:27:00-05:00,5083.10009765625,5083.89990234375,5082.60009765625,5082.7998046875,54.0
2026-01-27 06:28:00-05:00,5082.39990234375,5083.2998046875,5082.39990234375,5083.2001953125,48.0
2026-01-27 06:29:00-05:00,5083.10009765625,5083.89990234375,5082.10009765625,5082.89990234375,143.0
2026-01-27 06:30:00-05:00,5083.89990234375,5084.5,5081.5,5082.7998046875,99.0
2026-01-27 06:31:00-05:00,5083.10009765625,5083.10009765625,5080.5,5080.7998046875,65.0
2026-01-27 06:32:00-05:00,5080.7001953125,5081.5,5079.5,5081.5,124.0
2026-01-27 06:33:00-05:00,5081.5,5082.0,5081.10009765625,5082.0,35.0
2026-01-27 06:34:00-05:00,5082.2001953125,5082.2998046875,5081.60009765625,5082.10009765625,44.0
2026-01-27 06:35:00-05:00,5082.5,5084.10009765625,5082.5,5084.10009765625,58.0
2026-01-27 06:36:00-05:00,5084.2001953125,5084.60009765625,5082.39990234375,5082.7001953125,212.0
2026-01-27 06:37:00-05:00,5082.2998046875,5083.0,5082.0,5082.0,24.0
2026-01-27 06:38:00-05:00,5081.89990234375,5082.89990234375,5081.89990234375,5082.7998046875,39.0
2026-01-27 06:39:00-05:00,5083.0,5083.7001953125,5082.60009765625,5083.60009765625,55.0
2026-01-27 06:40:00-05:00,5083.5,5083.89990234375,5082.89990234375,5082.89990234375,42.0
2026-01-27 06:41:00-05:00,5083.10009765625,5083.10009765625,5082.39990234375,5082.5,24.0
2026-01-27 06:42:00-05:00,5082.2998046875,5083.0,5082.2998046875,5082.7001953125,30.0
2026-01-27 06:43:00-05:00,5082.5,5082.89990234375,5082.10009765625,5082.2001953125,39.0
2026-01-27 06:44:00-05:00,5082.7001953125,5083.10009765625,5081.7001953125,5081.89990234375,304.0
2026-01-27 06:45:00-05:00,5081.89990234375,5082.10009765625,5079.60009765625,5079.60009765625,166.0
2026-01-27 06:46:00-05:00,5080.0,5080.89990234375,5079.60009765625,5080.39990234375,75.0
2026-01-27 06:47:00-05:00,5080.5,5080.5,5073.7001953125,5075.60009765625,502.0
2026-01-27 06:48:00-05:00,5075.2001953125,5075.7998046875,5070.89990234375,5071.10009765625,543.0
2026-01-27 06:49:00-05:00,5071.0,5072.2001953125,5070.60009765625,5071.7001953125,208.0
2026-01-27 06:50:00-05:00,5071.7001953125,5073.5,5069.2998046875,5069.2998046875,295.0
2026-01-27 06:51:00-05:00,5069.7001953125,5070.89990234375,5063.0,5064.5,890.0
2026-01-27 06:52:00-05:00,5063.7998046875,5066.39990234375,5062.2001953125,5064.5,723.0
2026-01-27 06:53:00-05:00,5064.89990234375,5069.39990234375,5063.7998046875,5066.10009765625,213.0
2026-01-27 06:54:00-05:00,5066.10009765625,5069.89990234375,5065.7001953125,5068.7001953125,138.0
2026-01-27 06:55:00-05:00,5068.7001953125,5071.60009765625,5068.0,5071.5,120.0
2026-01-27 06:56:00-05:00,5071.5,5074.7998046875,5071.39990234375,5073.7998046875,130.0
2026-01-27 06:57:00-05:00,5074.2001953125,5075.7001953125,5074.10009765625,5074.2001953125,131.0
2026-01-27 06:58:00-05:00,5074.2001953125,5074.7998046875,5073.60009765625,5074.0,58.0
2026-01-27 06:59:00-05:00,5074.0,5074.2001953125,5072.2001953125,5073.10009765625,133.0
2026-01-27 07:00:00-05:00,5072.89990234375,5076.39990234375,5072.39990234375,5075.2998046875,196.0
2026-01-27 07:01:00-05:00,5075.39990234375,5076.0,5074.39990234375,5075.7998046875,115.0
2026-01-27 07:02:00-05:00,5075.89990234375,5076.39990234375,5073.7001953125,5074.5,74.0
2026-01-27 07:03:00-05:00,5075.10009765625,5077.0,5071.5,5072.0,170.0
2026-01-27 07:04:00-05:00,5072.60009765625,5074.10009765625,5071.89990234375,5073.0,99.0
2026-01-27 07:05:00-05:00,5073.39990234375,5075.10009765625,5073.39990234375,5074.7998046875,41.0
2026-01-27 07:06:00-05:00,5074.7998046875,5078.5,5074.7998046875,5077.5,143.0
2026-01-27 07:07:00-05:00,5077.7998046875,5079.2001953125,5076.5,5076.60009765625,203.0
2026-01-27 07:08:00-05:00,5076.5,5077.7001953125,5075.60009765625,5077.39990234375,92.0
2026-01-27 07:09:00-05:00,5077.7001953125,5077.7001953125,5074.89990234375,5076.5,65.0
2026-01-27 07:10:00-05:00,5076.60009765625,5077.2998046875,5075.89990234375,5076.2001953125,151.0
2026-01-27 07:11:00-05:00,5076.2001953125,5076.89990234375,5075.7998046875,5075.89990234375,90.0
2026-01-27 07:12:00-05:00,5076.2001953125,5077.0,5075.60009765625,5077.0,348.0
2026-01-27 07:13:00-05:00,5077.10009765625,5077.10009765625,5074.60009765625,5075.7998046875,515.0
2026-01-27 07:14:00-05:00,5076.2001953125,5078.2998046875,5076.2001953125,5077.2001953125,170.0
2026-01-27 07:15:00-05:00,5077.0,5077.2998046875,5075.89990234375,5076.2998046875,55.0
2026-01-27 07:16:00-05:00,5076.0,5076.2001953125,5075.0,5075.7001953125,42.0
2026-01-27 07:17:00-05:00,5075.89990234375,5075.89990234375,5072.89990234375,5073.89990234375,111.0
2026-01-27 07:18:00-05:00,5074.39990234375,5074.7998046875,5072.7998046875,5073.39990234375,101.0
2026-01-27 07:19:00-05:00,5073.2998046875,5075.2998046875,5073.10009765625,5073.39990234375,220.0
2026-01-27 07:20:00-05:00,5072.89990234375,5073.2001953125,5069.5,5071.39990234375,147.0
2026-01-27 07:21:00-05:00,5071.60009765625,5073.0,5070.2998046875,5070.5,123.0
2026-01-27 07:22:00-05:00,5070.60009765625,5072.2001953125,5070.5,5071.39990234375,129.0
2026-01-27 07:23:00-05:00,5071.10009765625,5074.89990234375,5071.0,5074.0,203.0
2026-01-27 07:24:00-05:00,5073.89990234375,5073.89990234375,5072.2998046875,5072.89990234375,57.0
2026-01-27 07:25:00-05:00,5072.60009765625,5074.60009765625,5071.89990234375,5072.60009765625,133.0
2026-01-27 07:26:00-05:00,5072.2998046875,5073.7001953125,5071.0,5072.2998046875,164.0
2026-01-27 07:27:00-05:00,5072.60009765625,5073.10009765625,5070.5,5071.39990234375,96.0
2026-01-27 07:28:00-05:00,5071.39990234375,5073.2998046875,5070.7998046875,5073.2998046875,144.0
2026-01-27 07:29:00-05:00,5072.89990234375,5075.89990234375,5071.7001953125,5075.5,111.0
2026-01-27 07:30:00-05:00,5074.7998046875,5079.89990234375,5074.60009765625,5079.5,236.0
2026-01-27 07:31:00-05:00,5079.2001953125,5080.10009765625,5078.0,5078.2998046875,125.0
2026-01-27 07:32:00-05:00,5078.39990234375,5084.60009765625,5078.39990234375,5083.7001953125,298.0
2026-01-27 07:33:00-05:00,5083.7001953125,5084.89990234375,5083.60009765625,5084.10009765625,182.0
2026-01-27 07:34:00-05:00,5084.5,5084.5,5081.7998046875,5083.5,157.0
2026-01-27 07:35:00-05:00,5083.39990234375,5084.2001953125,5082.60009765625,5084.2001953125,75.0
2026-01-27 07:36:00-05:00,5084.10009765625,5085.7001953125,5084.10009765625,5085.60009765625,212.0
2026-01-27 07:37:00-05:00,5085.2998046875,5086.10009765625,5084.39990234375,5085.2001953125,160.0
2026-01-27 07:38:00-05:00,5085.10009765625,5085.10009765625,5083.89990234375,5084.2001953125,56.0
2026-01-27 07:39:00-05:00,5083.7998046875,5084.0,5081.60009765625,5082.10009765625,158.0
2026-01-27 07:40:00-05:00,5082.2998046875,5083.39990234375,5082.10009765625,5082.7001953125,101.0
2026-01-27 07:41:00-05:00,5082.89990234375,5083.89990234375,5082.7998046875,5083.10009765625,70.0
2026-01-27 07:42:00-05:00,5083.39990234375,5086.5,5083.2998046875,5085.7998046875,138.0
2026-01-27 07:43:00-05:00,5085.5,5085.60009765625,5083.2998046875,5084.5,85.0
2026-01-27 07:44:00-05:00,5084.60009765625,5085.60009765625,5084.60009765625,5085.10009765625,84.0
2026-01-27 07:45:00-05:00,5085.2998046875,5086.7998046875,5085.2998046875,5085.60009765625,121.0
2026-01-27 07:46:00-05:00,5085.39990234375,5087.2001953125,5084.5,5087.2001953125,259.0
2026-01-27 07:47:00-05:00,5087.0,5087.39990234375,5084.7998046875,5085.0,111.0
2026-01-27 07:48:00-05:00,5085.2998046875,5086.60009765625,5084.39990234375,5084.60009765625,421.0
2026-01-27 07:49:00-05:00,5083.7998046875,5084.10009765625,5081.2998046875,5081.2998046875,369.0
2026-01-27 07:50:00-05:00,5081.2001953125,5084.0,5081.2001953125,5083.2001953125,82.0
2026-01-27 07:51:00-05:00,5083.10009765625,5083.10009765625,5081.0,5081.2001953125,67.0
2026-01-27 07:52:00-05:00,5081.39990234375,5081.39990234375,5079.39990234375,5080.0,158.0
2026-01-27 07:53:00-05:00,5081.2001953125,5082.7001953125,5080.89990234375,5081.7998046875,116.0
2026-01-27 07:54:00-05:00,5081.7998046875,5082.7998046875,5080.0,5080.0,118.0
2026-01-27 07:55:00-05:00,5080.10009765625,5081.10009765625,5079.39990234375,5080.60009765625,59.0
2026-01-27 07:56:00-05:00,5080.2001953125,5080.2001953125,5077.7001953125,5079.2998046875,100.0
2026-01-27 07:57:00-05:00,5079.7998046875,5080.89990234375,5079.0,5080.60009765625,86.0
2026-01-27 07:58:00-05:00,5080.60009765625,5080.89990234375,5078.89990234375,5080.89990234375,73.0
2026-01-27 07:59:00-05:00,5080.89990234375,5082.5,5080.89990234375,5081.60009765625,144.0
2026-01-27 08:00:00-05:00,5081.5,5086.7998046875,5080.7001953125,5081.60009765625,525.0
2026-01-27 08:01:00-05:00,5081.5,5086.7998046875,5081.2998046875,5086.7001953125,192.0
2026-01-27 08:02:00-05:00,5086.2998046875,5088.7998046875,5085.2001953125,5085.7001953125,369.0
2026-01-27 08:03:00-05:00,5085.89990234375,5086.7998046875,5084.2001953125,5084.7998046875,168.0
2026-01-27 08:04:00-05:00,5085.0,5087.10009765625,5084.10009765625,5085.10009765625,190.0
2026-01-27 08:05:00-05:00,5084.89990234375,5085.10009765625,5080.2001953125,5080.2001953125,244.0
2026-01-27 08:06:00-05:00,5080.10009765625,5082.0,5079.39990234375,5081.5,203.0
2026-01-27 08:07:00-05:00,5081.5,5084.89990234375,5080.10009765625,5084.7998046875,227.0
2026-01-27 08:08:00-05:00,5084.39990234375,5085.5,5083.2998046875,5083.60009765625,245.0
2026-01-27 08:09:00-05:00,5083.0,5083.7001953125,5079.2998046875,5079.5,150.0
2026-01-27 08:10:00-05:00,5079.7001953125,5079.7001953125,5075.0,5075.7998046875,254.0
2026-01-27 08:11:00-05:00,5075.5,5081.7998046875,5075.39990234375,5081.2001953125,432.0
2026-01-27 08:12:00-05:00,5081.60009765625,5085.7998046875,5081.60009765625,5085.7001953125,2671.0
2026-01-27 08:13:00-05:00,5085.2998046875,5087.60009765625,5085.10009765625,5087.5,427.0
2026-01-27 08:14:00-05:00,5087.7001953125,5088.39990234375,5086.2001953125,5087.0,211.0
2026-01-27 08:15:00-05:00,5086.7001953125,5088.7998046875,5085.7998046875,5088.60009765625,237.0
2026-01-27 08:16:00-05:00,5088.39990234375,5089.39990234375,5082.0,5084.10009765625,530.0
2026-01-27 08:17:00-05:00,5083.89990234375,5086.2998046875,5083.2998046875,5085.0,295.0
2026-01-27 08:18:00-05:00,5085.0,5085.89990234375,5083.0,5084.10009765625,230.0
2026-01-27 08:19:00-05:00,5084.2001953125,5086.5,5084.2001953125,5085.0,167.0
2026-01-27 08:20:00-05:00,5084.89990234375,5085.5,5081.39990234375,5083.7001953125,326.0
2026-01-27 08:21:00-05:00,5083.7001953125,5085.10009765625,5081.10009765625,5084.2998046875,476.0
2026-01-27 08:22:00-05:00,5084.2001953125,5086.0,5083.2998046875,5084.10009765625,318.0
2026-01-27 08:23:00-05:00,5084.39990234375,5085.2001953125,5081.5,5082.5,404.0
2026-01-27 08:24:00-05:00,5083.10009765625,5083.10009765625,5080.2001953125,5082.5,279.0
2026-01-27 08:25:00-05:00,5082.0,5082.2001953125,5079.0,5079.5,145.0
2026-01-27 08:26:00-05:00,5079.2998046875,5081.2998046875,5077.5,5078.7998046875,151.0
2026-01-27 08:27:00-05:00,5078.5,5079.89990234375,5076.39990234375,5079.5,408.0
2026-01-27 08:28:00-05:00,5079.2001953125,5080.0,5077.60009765625,5078.0,291.0
2026-01-27 08:29:00-05:00,5078.2001953125,5078.89990234375,5072.0,5076.7998046875,604.0
2026-01-27 08:30:00-05:00,5077.2998046875,5079.10009765625,5076.39990234375,5079.10009765625,382.0
2026-01-27 08:31:00-05:00,5079.2001953125,5080.0,5078.39990234375,5079.60009765625,256.0
2026-01-27 08:32:00-05:00,5079.89990234375,5082.39990234375,5079.2998046875,5081.39990234375,343.0
2026-01-27 08:33:00-05:00,5081.7001953125,5082.0,5076.60009765625,5077.89990234375,365.0
2026-01-27 08:34:00-05:00,5077.60009765625,5077.7998046875,5071.5,5072.7001953125,238.0
2026-01-27 08:35:00-05:00,5073.0,5075.5,5070.60009765625,5075.5,219.0
2026-01-27 08:36:00-05:00,5075.2001953125,5075.2001953125,5070.0,5070.5,302.0
2026-01-27 08:37:00-05:00,5070.7001953125,5074.2998046875,5070.10009765625,5074.2998046875,225.0
2026-01-27 08:38:00-05:00,5074.5,5076.60009765625,5073.60009765625,5076.10009765625,1110.0
2026-01-27 08:39:00-05:00,5076.7001953125,5076.7998046875,5073.39990234375,5075.7001953125,286.0
2026-01-27 08:40:00-05:00,5075.7001953125,5075.7001953125,5071.2998046875,5071.89990234375,438.0
2026-01-27 08:41:00-05:00,5071.7001953125,5074.10009765625,5068.2998046875,5071.5,448.0
2026-01-27 08:42:00-05:00,5072.0,5074.39990234375,5070.89990234375,5070.89990234375,102.0
2026-01-27 08:43:00-05:00,5070.0,5070.60009765625,5065.7998046875,5067.0,255.0
2026-01-27 08:44:00-05:00,5067.7001953125,5070.60009765625,5067.5,5070.0,196.0
2026-01-27 08:45:00-05:00,5069.60009765625,5075.10009765625,5068.89990234375,5074.7001953125,335.0
2026-01-27 08:46:00-05:00,5074.60009765625,5075.0,5072.0,5073.0,388.0
2026-01-27 08:47:00-05:00,5073.39990234375,5074.89990234375,5072.7998046875,5074.0,148.0
2026-01-27 08:48:00-05:00,5073.5,5075.0,5070.0,5070.7001953125,175.0
2026-01-27 08:49:00-05:00,5070.39990234375,5071.7998046875,5070.0,5071.7998046875,128.0
2026-01-27 08:50:00-05:00,5071.7001953125,5071.7001953125,5067.60009765625,5069.0,306.0
2026-01-27 08:51:00-05:00,5068.7998046875,5073.2998046875,5068.7998046875,5072.7998046875,146.0
2026-01-27 08:52:00-05:00,5072.89990234375,5072.89990234375,5071.10009765625,5071.5,1287.0
2026-01-27 08:53:00-05:00,5071.2001953125,5076.7001953125,5070.7001953125,5076.7001953125,350.0
2026-01-27 08:54:00-05:00,5076.39990234375,5078.7001953125,5076.10009765625,5077.2001953125,365.0
2026-01-27 08:55:00-05:00,5077.10009765625,5077.2998046875,5074.2998046875,5076.39990234375,494.0
2026-01-27 08:56:00-05:00,5076.39990234375,5077.5,5076.0,5076.2001953125,106.0
2026-01-27 08:57:00-05:00,5076.60009765625,5077.2998046875,5074.2001953125,5075.60009765625,169.0
2026-01-27 08:58:00-05:00,5075.89990234375,5077.10009765625,5075.7001953125,5075.7001953125,97.0
2026-01-27 08:59:00-05:00,5076.0,5076.0,5073.7001953125,5073.7998046875,125.0
2026-01-27 09:00:00-05:00,5073.7001953125,5073.7001953125,5067.0,5068.0,461.0
2026-01-27 09:01:00-05:00,5068.10009765625,5072.2001953125,5068.0,5071.5,729.0
2026-01-27 09:02:00-05:00,5071.2998046875,5072.10009765625,5065.7001953125,5066.5,327.0
2026-01-27 09:03:00-05:00,5066.60009765625,5068.89990234375,5064.0,5067.5,332.0
2026-01-27 09:04:00-05:00,5067.5,5068.39990234375,5063.7998046875,5064.2001953125,236.0
2026-01-27 09:05:00-05:00,5063.7998046875,5064.7998046875,5055.0,5055.2001953125,1433.0
2026-01-27 09:06:00-05:00,5055.7001953125,5059.7001953125,5054.39990234375,5058.2998046875,747.0
2026-01-27 09:07:00-05:00,5059.0,5064.7998046875,5058.39990234375,5064.7998046875,458.0
2026-01-27 09:08:00-05:00,5064.7001953125,5066.2998046875,5063.60009765625,5065.7001953125,398.0
2026-01-27 09:09:00-05:00,5065.2001953125,5067.10009765625,5064.89990234375,5065.7998046875,172.0
2026-01-27 09:10:00-05:00,5065.89990234375,5067.89990234375,5063.7001953125,5067.60009765625,292.0
2026-01-27 09:11:00-05:00,5067.2998046875,5067.7998046875,5060.10009765625,5060.39990234375,323.0
2026-01-27 09:12:00-05:00,5060.0,5061.60009765625,5058.2001953125,5059.5,399.0
2026-01-27 09:13:00-05:00,5059.0,5059.2998046875,5051.0,5054.5,1107.0
2026-01-27 09:14:00-05:00,5055.0,5058.39990234375,5053.7001953125,5056.0,495.0
2026-01-27 09:15:00-05:00,5056.0,5059.60009765625,5052.89990234375,5052.89990234375,619.0
2026-01-27 09:16:00-05:00,5053.7001953125,5055.89990234375,5043.39990234375,5047.0,2081.0
2026-01-27 09:17:00-05:00,5047.2001953125,5049.5,5042.0,5047.10009765625,919.0
2026-01-27 09:18:00-05:00,5047.0,5052.2998046875,5046.5,5051.0,604.0
2026-01-27 09:19:00-05:00,5050.89990234375,5053.0,5046.5,5050.7998046875,696.0
2026-01-27 09:20:00-05:00,5050.39990234375,5056.7998046875,5048.2998046875,5054.60009765625,653.0
2026-01-27 09:21:00-05:00,5054.7998046875,5057.7998046875,5053.89990234375,5054.0,255.0
2026-01-27 09:22:00-05:00,5053.7998046875,5059.60009765625,5053.7998046875,5058.10009765625,197.0
2026-01-27 09:23:00-05:00,5057.5,5059.60009765625,5056.2001953125,5058.39990234375,443.0
2026-01-27 09:24:00-05:00,5057.7998046875,5058.7001953125,5052.60009765625,5055.60009765625,428.0
2026-01-27 09:25:00-05:00,5056.0,5061.5,5055.7998046875,5061.2001953125,337.0
2026-01-27 09:26:00-05:00,5061.10009765625,5061.89990234375,5059.0,5059.2001953125,441.0
2026-01-27 09:27:00-05:00,5059.2001953125,5061.0,5056.7001953125,5059.5,246.0
2026-01-27 09:28:00-05:00,5059.2998046875,5059.5,5055.39990234375,5057.2001953125,226.0
2026-01-27 09:29:00-05:00,5056.39990234375,5057.89990234375,5054.60009765625,5055.10009765625,279.0
2026-01-27 09:30:00-05:00,5055.2001953125,5065.89990234375,5054.39990234375,5064.39990234375,869.0
2026-01-27 09:31:00-05:00,5064.10009765625,5065.39990234375,5057.2001953125,5058.60009765625,506.0
2026-01-27 09:32:00-05:00,5058.2001953125,5066.0,5057.2001953125,5065.7998046875,722.0
2026-01-27 09:33:00-05:00,5066.10009765625,5067.89990234375,5061.0,5061.10009765625,769.0
2026-01-27 09:34:00-05:00,5061.5,5067.2001953125,5061.2998046875,5062.10009765625,456.0
2026-01-27 09:35:00-05:00,5061.7998046875,5065.0,5058.2998046875,5064.7001953125,571.0
2026-01-27 09:36:00-05:00,5065.0,5072.39990234375,5064.89990234375,5071.2001953125,636.0
2026-01-27 09:37:00-05:00,5071.10009765625,5071.10009765625,5065.39990234375,5067.5,424.0
2026-01-27 09:38:00-05:00,5067.89990234375,5069.7001953125,5066.89990234375,5069.10009765625,378.0
2026-01-27 09:39:00-05:00,5068.60009765625,5069.5,5061.39990234375,5063.39990234375,454.0
2026-01-27 09:40:00-05:00,5063.5,5069.2001953125,5062.2998046875,5068.89990234375,476.0
2026-01-27 09:41:00-05:00,5069.7001953125,5077.0,5069.5,5073.89990234375,1422.0
2026-01-27 09:42:00-05:00,5074.2998046875,5076.60009765625,5072.7998046875,5075.89990234375,466.0
2026-01-27 09:43:00-05:00,5075.7001953125,5077.89990234375,5074.5,5075.10009765625,957.0
2026-01-27 09:44:00-05:00,5075.5,5076.89990234375,5073.2001953125,5074.7998046875,276.0
2026-01-27 09:45:00-05:00,5074.7001953125,5075.0,5067.7001953125,5067.7998046875,1434.0
2026-01-27 09:46:00-05:00,5067.7001953125,5071.60009765625,5066.0,5070.5,365.0
2026-01-27 09:47:00-05:00,5070.2001953125,5072.0,5067.2998046875,5067.7001953125,312.0
2026-01-27 09:48:00-05:00,5068.10009765625,5068.10009765625,5062.2001953125,5064.10009765625,511.0
2026-01-27 09:49:00-05:00,5064.7001953125,5065.7001953125,5057.2998046875,5060.39990234375,1390.0
2026-01-27 09:50:00-05:00,5060.39990234375,5062.89990234375,5056.0,5059.0,635.0
2026-01-27 09:51:00-05:00,5059.2001953125,5060.89990234375,5053.10009765625,5053.7001953125,585.0
2026-01-27 09:52:00-05:00,5053.7998046875,5058.2998046875,5052.2001953125,5058.2998046875,920.0
2026-01-27 09:53:00-05:00,5058.10009765625,5059.89990234375,5055.5,5056.0,701.0
2026-01-27 09:54:00-05:00,5055.7001953125,5059.7001953125,5053.39990234375,5059.0,376.0
2026-01-27 09:55:00-05:00,5058.7998046875,5058.7998046875,5049.5,5053.10009765625,927.0
2026-01-27 09:56:00-05:00,5053.39990234375,5056.89990234375,5052.10009765625,5055.7998046875,375.0
2026-01-27 09:57:00-05:00,5055.60009765625,5059.10009765625,5052.5,5052.89990234375,395.0
2026-01-27 09:58:00-05:00,5052.10009765625,5053.2998046875,5046.7001953125,5051.2001953125,1048.0
2026-01-27 09:59:00-05:00,5051.39990234375,5051.5,5046.0,5049.60009765625,611.0
2026-01-27 10:00:00-05:00,5049.2001953125,5053.2001953125,5042.2998046875,5047.5,1299.0
2026-01-27 10:01:00-05:00,5047.7998046875,5057.89990234375,5046.60009765625,5056.10009765625,935.0
2026-01-27 10:02:00-05:00,5056.0,5058.60009765625,5053.39990234375,5058.5,778.0
2026-01-27 10:03:00-05:00,5057.89990234375,5064.10009765625,5055.39990234375,5063.7001953125,459.0
2026-01-27 10:04:00-05:00,5063.2998046875,5063.2998046875,5058.5,5058.60009765625,571.0
2026-01-27 10:05:00-05:00,5058.5,5064.7001953125,5058.10009765625,5063.10009765625,507.0
2026-01-27 10:06:00-05:00,5063.5,5065.5,5060.2998046875,5060.2998046875,564.0
2026-01-27 10:07:00-05:00,5060.2998046875,5063.0,5058.10009765625,5058.39990234375,473.0
2026-01-27 10:08:00-05:00,5058.10009765625,5063.89990234375,5056.2001953125,5061.2998046875,604.0
2026-01-27 10:09:00-05:00,5061.10009765625,5062.10009765625,5059.0,5060.0,582.0
2026-01-27 10:10:00-05:00,5059.89990234375,5061.7998046875,5055.0,5058.89990234375,1010.0
2026-01-27 10:11:00-05:00,5059.2998046875,5066.2998046875,5059.2998046875,5060.5,1038.0
2026-01-27 10:12:00-05:00,5060.2001953125,5060.2998046875,5053.5,5054.7998046875,1210.0
2026-01-27 10:13:00-05:00,5054.5,5055.0,5048.10009765625,5049.89990234375,879.0
2026-01-27 10:14:00-05:00,5049.7998046875,5055.60009765625,5047.2001953125,5053.7001953125,748.0
2026-01-27 10:15:00-05:00,5053.60009765625,5061.5,5052.10009765625,5060.5,577.0
2026-01-27 10:16:00-05:00,5060.7001953125,5069.39990234375,5060.10009765625,5065.2998046875,1703.0
2026-01-27 10:17:00-05:00,5065.10009765625,5068.5,5063.2998046875,5066.39990234375,480.0
2026-01-27 10:18:00-05:00,5066.5,5070.0,5066.5,5068.39990234375,502.0
2026-01-27 10:19:00-05:00,5068.2001953125,5070.7001953125,5064.7998046875,5067.39990234375,521.0
2026-01-27 10:20:00-05:00,5067.2998046875,5069.5,5064.2998046875,5068.60009765625,536.0
2026-01-27 10:21:00-05:00,5068.60009765625,5069.60009765625,5066.0,5069.10009765625,194.0
2026-01-27 10:22:00-05:00,5068.60009765625,5069.0,5065.2998046875,5067.7998046875,271.0
2026-01-27 10:23:00-05:00,5067.60009765625,5067.7001953125,5064.7998046875,5066.39990234375,383.0
2026-01-27 10:24:00-05:00,5066.60009765625,5071.89990234375,5064.89990234375,5071.60009765625,724.0
2026-01-27 10:25:00-05:00,5071.2998046875,5073.39990234375,5067.5,5067.5,666.0
2026-01-27 10:26:00-05:00,5067.39990234375,5071.89990234375,5066.0,5069.89990234375,375.0
2026-01-27 10:27:00-05:00,5070.2998046875,5072.7001953125,5066.7001953125,5066.89990234375,382.0
2026-01-27 10:28:00-05:00,5067.10009765625,5067.89990234375,5065.2001953125,5065.89990234375,341.0
2026-01-27 10:29:00-05:00,5065.7001953125,5068.89990234375,5063.89990234375,5065.7001953125,458.0
2026-01-27 10:30:00-05:00,5065.39990234375,5071.0,5065.10009765625,5069.7001953125,430.0
2026-01-27 10:31:00-05:00,5070.7001953125,5072.7998046875,5069.2001953125,5071.2001953125,323.0
2026-01-27 10:32:00-05:00,5071.39990234375,5073.7998046875,5070.0,5073.5,336.0
2026-01-27 10:33:00-05:00,5073.5,5076.39990234375,5073.10009765625,5075.7001953125,540.0
2026-01-27 10:34:00-05:00,5075.5,5076.5,5072.5,5074.0,331.0
2026-01-27 10:35:00-05:00,5074.39990234375,5077.10009765625,5073.7998046875,5075.39990234375,539.0
2026-01-27 10:36:00-05:00,5075.5,5077.60009765625,5073.5,5076.2001953125,978.0
2026-01-27 10:37:00-05:00,5076.7001953125,5082.10009765625,5076.7001953125,5079.0,994.0
2026-01-27 10:38:00-05:00,5079.10009765625,5083.7001953125,5078.7998046875,5079.7001953125,1149.0
2026-01-27 10:39:00-05:00,5080.0,5080.5,5078.10009765625,5079.7998046875,425.0
2026-01-27 10:40:00-05:00,5079.5,5079.5,5076.2001953125,5076.5,780.0
2026-01-27 10:41:00-05:00,5076.2001953125,5078.7001953125,5075.89990234375,5078.2998046875,402.0
2026-01-27 10:42:00-05:00,5078.39990234375,5079.0,5076.0,5076.7998046875,225.0
2026-01-27 10:43:00-05:00,5076.60009765625,5078.0,5075.0,5075.39990234375,350.0
2026-01-27 10:44:00-05:00,5076.0,5078.39990234375,5075.60009765625,5077.7001953125,185.0
2026-01-27 10:45:00-05:00,5077.10009765625,5080.7998046875,5076.7998046875,5079.7998046875,306.0
2026-01-27 10:46:00-05:00,5079.7998046875,5082.60009765625,5079.39990234375,5081.7001953125,964.0
2026-01-27 10:47:00-05:00,5081.7998046875,5083.60009765625,5080.89990234375,5083.0,208.0
2026-01-27 10:48:00-05:00,5082.7001953125,5082.7998046875,5079.2001953125,5079.39990234375,250.0
2026-01-27 10:49:00-05:00,5079.2998046875,5083.60009765625,5079.2001953125,5082.5,543.0
2026-01-27 10:50:00-05:00,5083.2998046875,5084.7001953125,5082.39990234375,5083.2998046875,308.0
2026-01-27 10:51:00-05:00,5083.2001953125,5083.7001953125,5081.2001953125,5082.5,289.0
2026-01-27 10:52:00-05:00,5082.89990234375,5083.89990234375,5080.0,5081.0,293.0
2026-01-27 10:53:00-05:00,5081.10009765625,5083.39990234375,5080.7998046875,5081.60009765625,499.0
2026-01-27 10:54:00-05:00,5082.0,5084.2998046875,5080.5,5081.10009765625,333.0
2026-01-27 10:55:00-05:00,5081.39990234375,5082.0,5079.39990234375,5082.0,283.0
2026-01-27 10:56:00-05:00,5081.60009765625,5083.10009765625,5079.89990234375,5083.10009765625,201.0
2026-01-27 10:57:00-05:00,5082.7998046875,5083.2001953125,5080.2001953125,5080.2001953125,166.0
2026-01-27 10:58:00-05:00,5080.5,5081.89990234375,5078.5,5078.7998046875,354.0
2026-01-27 10:59:00-05:00,5079.0,5088.2998046875,5078.89990234375,5087.60009765625,793.0
2026-01-27 11:00:00-05:00,5087.5,5088.7001953125,5086.0,5087.39990234375,1104.0
2026-01-27 11:01:00-05:00,5087.39990234375,5088.2001953125,5085.7998046875,5087.39990234375,321.0
2026-01-27 11:02:00-05:00,5086.89990234375,5088.60009765625,5086.0,5086.39990234375,218.0
2026-01-27 11:03:00-05:00,5086.7001953125,5088.7998046875,5085.2001953125,5085.60009765625,418.0
2026-01-27 11:04:00-05:00,5085.7001953125,5086.10009765625,5081.5,5082.5,456.0
2026-01-27 11:05:00-05:00,5082.60009765625,5084.7001953125,5080.5,5084.10009765625,481.0
2026-01-27 11:06:00-05:00,5083.89990234375,5085.0,5082.2001953125,5084.2001953125,301.0
2026-01-27 11:07:00-05:00,5084.39990234375,5089.10009765625,5083.7001953125,5087.2001953125,828.0
2026-01-27 11:08:00-05:00,5087.10009765625,5087.60009765625,5085.5,5086.39990234375,291.0
2026-01-27 11:09:00-05:00,5086.39990234375,5087.7998046875,5085.2001953125,5087.2001953125,121.0
2026-01-27 11:10:00-05:00,5087.2998046875,5089.39990234375,5087.2001953125,5088.7998046875,460.0
2026-01-27 11:11:00-05:00,5088.89990234375,5094.0,5088.5,5093.10009765625,1166.0
2026-01-27 11:12:00-05:00,5093.2001953125,5094.2998046875,5092.2001953125,5094.2001953125,774.0
2026-01-27 11:13:00-05:00,5094.2001953125,5095.7001953125,5092.7998046875,5093.7001953125,462.0
2026-01-27 11:14:00-05:00,5093.89990234375,5094.10009765625,5091.60009765625,5092.2001953125,310.0
2026-01-27 11:15:00-05:00,5091.7998046875,5092.7998046875,5090.39990234375,5092.10009765625,340.0
2026-01-27 11:16:00-05:00,5091.2998046875,5093.2001953125,5090.2998046875,5092.0,218.0
2026-01-27 11:17:00-05:00,5092.0,5094.2001953125,5092.0,5093.89990234375,446.0
2026-01-27 11:18:00-05:00,5093.7998046875,5098.0,5093.7001953125,5094.2998046875,886.0
2026-01-27 11:19:00-05:00,5094.10009765625,5097.89990234375,5094.10009765625,5097.0,563.0
2026-01-27 11:20:00-05:00,5097.60009765625,5100.2998046875,5095.7998046875,5096.7998046875,708.0
2026-01-27 11:21:00-05:00,5096.2998046875,5096.89990234375,5092.0,5092.5,506.0
2026-01-27 11:22:00-05:00,5092.10009765625,5095.10009765625,5091.2998046875,5093.7998046875,527.0
2026-01-27 11:23:00-05:00,5093.7998046875,5095.2998046875,5092.60009765625,5093.60009765625,435.0
2026-01-27 11:24:00-05:00,5093.5,5093.5,5090.39990234375,5091.0,535.0
2026-01-27 11:25:00-05:00,5091.2998046875,5094.7998046875,5091.2001953125,5094.39990234375,352.0
2026-01-27 11:26:00-05:00,5094.0,5095.7001953125,5092.2998046875,5093.5,304.0
2026-01-27 11:27:00-05:00,5093.7001953125,5094.0,5092.0,5093.2998046875,200.0
2026-01-27 11:28:00-05:00,5093.2998046875,5093.89990234375,5092.0,5092.2001953125,202.0
2026-01-27 11:29:00-05:00,5092.0,5096.5,5091.89990234375,5095.7001953125,223.0
2026-01-27 11:30:00-05:00,5095.60009765625,5096.60009765625,5092.89990234375,5093.7001953125,316.0
2026-01-27 11:31:00-05:00,5093.2998046875,5093.2998046875,5089.5,5090.10009765625,753.0
2026-01-27 11:32:00-05:00,5090.0,5091.60009765625,5088.10009765625,5091.5,535.0
2026-01-27 11:33:00-05:00,5091.5,5091.89990234375,5089.2998046875,5089.60009765625,260.0
2026-01-27 11:34:00-05:00,5089.7998046875,5091.2001953125,5088.10009765625,5089.89990234375,236.0
2026-01-27 11:35:00-05:00,5089.60009765625,5090.0,5086.5,5087.2001953125,288.0
2026-01-27 11:36:00-05:00,5087.60009765625,5090.0,5087.39990234375,5088.7998046875,139.0
2026-01-27 11:37:00-05:00,5088.89990234375,5091.2001953125,5088.7998046875,5090.2998046875,237.0
2026-01-27 11:38:00-05:00,5089.7998046875,5091.89990234375,5089.7001953125,5091.10009765625,121.0
2026-01-27 11:39:00-05:00,5091.0,5091.0,5088.7001953125,5089.60009765625,885.0
2026-01-27 11:40:00-05:00,5089.39990234375,5091.10009765625,5087.2001953125,5091.0,577.0
2026-01-27 11:41:00-05:00,5090.7998046875,5094.39990234375,5090.5,5094.0,394.0
2026-01-27 11:42:00-05:00,5094.2001953125,5095.5,5088.10009765625,5088.60009765625,570.0
2026-01-27 11:43:00-05:00,5088.5,5089.0,5082.89990234375,5085.2001953125,611.0
2026-01-27 11:44:00-05:00,5085.2001953125,5087.2001953125,5083.2998046875,5085.5,848.0
2026-01-27 11:45:00-05:00,5085.5,5087.60009765625,5085.2998046875,5086.7998046875,151.0
2026-01-27 11:46:00-05:00,5087.2001953125,5088.0,5084.7001953125,5085.10009765625,253.0
2026-01-27 11:47:00-05:00,5085.39990234375,5087.0,5085.2998046875,5086.10009765625,125.0
2026-01-27 11:48:00-05:00,5086.0,5087.2998046875,5084.0,5086.2001953125,155.0
2026-01-27 11:49:00-05:00,5086.7001953125,5088.39990234375,5086.0,5086.10009765625,253.0
2026-01-27 11:50:00-05:00,5086.7001953125,5088.7001953125,5086.5,5088.5,86.0
2026-01-27 11:51:00-05:00,5088.60009765625,5089.2001953125,5087.0,5087.7001953125,214.0
2026-01-27 11:52:00-05:00,5087.2998046875,5088.5,5085.0,5085.39990234375,262.0
2026-01-27 11:53:00-05:00,5085.2001953125,5087.89990234375,5084.7001953125,5087.39990234375,317.0
2026-01-27 11:54:00-05:00,5087.60009765625,5087.7998046875,5085.2001953125,5086.89990234375,124.0
2026-01-27 11:55:00-05:00,5086.7001953125,5086.7998046875,5084.39990234375,5084.89990234375,144.0
2026-01-27 11:56:00-05:00,5084.7998046875,5085.2001953125,5081.60009765625,5083.10009765625,462.0
2026-01-27 11:57:00-05:00,5082.89990234375,5083.2998046875,5080.60009765625,5082.0,355.0
2026-01-27 11:58:00-05:00,5082.2001953125,5085.7998046875,5082.2001953125,5085.5,352.0
2026-01-27 11:59:00-05:00,5085.2998046875,5087.5,5084.2998046875,5085.10009765625,211.0
2026-01-27 12:00:00-05:00,5085.2001953125,5085.7001953125,5082.2998046875,5083.7001953125,327.0
2026-01-27 12:01:00-05:00,5083.7998046875,5084.7001953125,5081.89990234375,5084.7001953125,246.0
2026-01-27 12:02:00-05:00,5085.0,5086.5,5084.39990234375,5084.7001953125,180.0
2026-01-27 12:03:00-05:00,5084.39990234375,5084.39990234375,5080.89990234375,5083.89990234375,259.0
2026-01-27 12:04:00-05:00,5084.2001953125,5084.2001953125,5080.7998046875,5081.39990234375,377.0
2026-01-27 12:05:00-05:00,5081.60009765625,5081.7001953125,5078.2998046875,5080.60009765625,543.0
2026-01-27 12:06:00-05:00,5080.7001953125,5083.0,5080.2998046875,5081.39990234375,281.0
2026-01-27 12:07:00-05:00,5081.39990234375,5083.5,5080.7998046875,5082.0,242.0
2026-01-27 12:08:00-05:00,5081.89990234375,5083.39990234375,5081.0,5083.0,349.0
2026-01-27 12:09:00-05:00,5083.2001953125,5085.10009765625,5077.89990234375,5084.2998046875,432.0
2026-01-27 12:10:00-05:00,5084.60009765625,5086.2001953125,5082.89990234375,5086.2001953125,128.0
2026-01-27 12:11:00-05:00,5086.39990234375,5088.0,5084.2998046875,5086.5,354.0
2026-01-27 12:12:00-05:00,5086.7998046875,5089.2998046875,5086.60009765625,5089.2998046875,481.0
2026-01-27 12:13:00-05:00,5089.5,5090.0,5086.2998046875,5089.60009765625,478.0
2026-01-27 12:14:00-05:00,5089.5,5089.89990234375,5087.2998046875,5089.39990234375,741.0
2026-01-27 12:15:00-05:00,5089.5,5092.0,5086.2001953125,5086.60009765625,657.0
2026-01-27 12:16:00-05:00,5086.60009765625,5087.7998046875,5078.60009765625,5079.2998046875,1025.0
2026-01-27 12:17:00-05:00,5079.2998046875,5080.2998046875,5076.5,5079.60009765625,614.0
2026-01-27 12:18:00-05:00,5079.2001953125,5082.89990234375,5077.7001953125,5081.2001953125,239.0
2026-01-27 12:19:00-05:00,5081.39990234375,5083.60009765625,5080.2001953125,5080.39990234375,292.0
2026-01-27 12:20:00-05:00,5081.2998046875,5083.39990234375,5081.0,5083.2998046875,150.0
2026-01-27 12:21:00-05:00,5083.2998046875,5084.2998046875,5082.5,5083.2001953125,197.0
2026-01-27 12:22:00-05:00,5083.10009765625,5083.2998046875,5079.60009765625,5080.10009765625,452.0
2026-01-27 12:23:00-05:00,5080.39990234375,5081.2998046875,5079.10009765625,5080.39990234375,107.0
2026-01-27 12:24:00-05:00,5080.89990234375,5082.2001953125,5080.5,5082.10009765625,58.0
2026-01-27 12:25:00-05:00,5081.7998046875,5084.2001953125,5081.10009765625,5083.7001953125,167.0
2026-01-27 12:26:00-05:00,5084.2001953125,5084.2998046875,5081.89990234375,5084.2998046875,229.0
2026-01-27 12:27:00-05:00,5084.39990234375,5084.39990234375,5082.2998046875,5082.60009765625,68.0
2026-01-27 12:28:00-05:00,5083.0,5086.0,5082.60009765625,5085.0,185.0
2026-01-27 12:29:00-05:00,5085.0,5086.2001953125,5084.2998046875,5085.7998046875,86.0
2026-01-27 12:30:00-05:00,5085.2998046875,5086.10009765625,5083.7998046875,5085.2998046875,347.0
2026-01-27 12:31:00-05:00,5085.39990234375,5087.39990234375,5085.39990234375,5085.5,148.0
2026-01-27 12:32:00-05:00,5085.2998046875,5086.89990234375,5084.39990234375,5086.0,86.0
2026-01-27 12:33:00-05:00,5086.60009765625,5086.7998046875,5085.5,5086.0,80.0
2026-01-27 12:34:00-05:00,5086.10009765625,5086.10009765625,5082.5,5084.2001953125,165.0
2026-01-27 12:35:00-05:00,5084.0,5085.60009765625,5080.89990234375,5083.2001953125,213.0
2026-01-27 12:36:00-05:00,5083.10009765625,5083.7998046875,5080.0,5080.60009765625,188.0
2026-01-27 12:37:00-05:00,5080.89990234375,5082.5,5077.60009765625,5081.5,724.0
2026-01-27 12:38:00-05:00,5081.2998046875,5082.60009765625,5079.2001953125,5081.2001953125,129.0
2026-01-27 12:39:00-05:00,5080.7998046875,5082.10009765625,5080.5,5081.2001953125,90.0
2026-01-27 12:40:00-05:00,5082.0,5082.2001953125,5077.89990234375,5077.89990234375,118.0
2026-01-27 12:41:00-05:00,5078.5,5081.2001953125,5078.39990234375,5080.89990234375,170.0
2026-01-27 12:42:00-05:00,5081.2998046875,5082.2001953125,5079.2998046875,5080.10009765625,114.0
2026-01-27 12:43:00-05:00,5080.10009765625,5080.2001953125,5076.10009765625,5080.2001953125,958.0
2026-01-27 12:44:00-05:00,5080.10009765625,5080.2001953125,5077.0,5080.10009765625,326.0
2026-01-27 12:45:00-05:00,5079.2001953125,5080.7998046875,5078.2998046875,5080.60009765625,372.0
2026-01-27 12:46:00-05:00,5080.10009765625,5080.10009765625,5078.7998046875,5079.0,322.0
2026-01-27 12:47:00-05:00,5078.7998046875,5079.10009765625,5075.7998046875,5079.10009765625,424.0
2026-01-27 12:48:00-05:00,5078.60009765625,5083.39990234375,5078.2998046875,5080.2998046875,175.0
2026-01-27 12:49:00-05:00,5080.2001953125,5080.2998046875,5074.7001953125,5076.60009765625,682.0
2026-01-27 12:50:00-05:00,5076.7001953125,5078.10009765625,5074.7001953125,5077.0,303.0
2026-01-27 12:51:00-05:00,5077.10009765625,5081.10009765625,5077.10009765625,5080.60009765625,201.0
2026-01-27 12:52:00-05:00,5080.7998046875,5082.60009765625,5079.7998046875,5082.2998046875,840.0
2026-01-27 12:53:00-05:00,5082.39990234375,5082.7001953125,5080.0,5080.7998046875,102.0
2026-01-27 12:54:00-05:00,5080.5,5082.2998046875,5079.7998046875,5080.2001953125,165.0
2026-01-27 12:55:00-05:00,5080.39990234375,5082.7998046875,5080.2998046875,5081.89990234375,179.0
2026-01-27 12:56:00-05:00,5082.2001953125,5084.0,5081.2998046875,5081.39990234375,151.0
2026-01-27 12:57:00-05:00,5081.60009765625,5083.0,5081.60009765625,5082.2998046875,111.0
2026-01-27 12:58:00-05:00,5082.0,5082.0,5080.0,5080.89990234375,85.0
2026-01-27 12:59:00-05:00,5080.5,5080.7998046875,5078.39990234375,5079.2001953125,331.0
2026-01-27 13:00:00-05:00,5079.10009765625,5082.7998046875,5079.10009765625,5082.2998046875,157.0
2026-01-27 13:01:00-05:00,5082.7001953125,5084.89990234375,5082.2998046875,5084.7998046875,245.0
2026-01-27 13:02:00-05:00,5084.39990234375,5084.7998046875,5082.2998046875,5083.7998046875,148.0
2026-01-27 13:03:00-05:00,5084.2998046875,5085.5,5083.60009765625,5083.89990234375,210.0
2026-01-27 13:04:00-05:00,5083.39990234375,5083.7001953125,5080.2998046875,5080.2998046875,253.0
2026-01-27 13:05:00-05:00,5080.10009765625,5080.10009765625,5076.2001953125,5077.2001953125,458.0
2026-01-27 13:06:00-05:00,5076.89990234375,5078.2001953125,5075.7998046875,5075.7998046875,170.0
2026-01-27 13:07:00-05:00,5076.2998046875,5077.7998046875,5074.2001953125,5076.0,208.0
2026-01-27 13:08:00-05:00,5075.7001953125,5077.10009765625,5074.10009765625,5074.10009765625,183.0
2026-01-27 13:09:00-05:00,5074.2001953125,5079.7001953125,5074.0,5079.2998046875,170.0
2026-01-27 13:10:00-05:00,5079.2998046875,5082.0,5078.10009765625,5081.2998046875,186.0
2026-01-27 13:11:00-05:00,5080.89990234375,5083.0,5079.60009765625,5082.0,437.0
2026-01-27 13:12:00-05:00,5082.10009765625,5083.0,5081.10009765625,5082.2998046875,99.0
2026-01-27 13:13:00-05:00,5082.7001953125,5082.89990234375,5078.5,5079.10009765625,587.0
2026-01-27 13:14:00-05:00,5079.2998046875,5080.2001953125,5077.39990234375,5079.2001953125,121.0
2026-01-27 13:15:00-05:00,5079.39990234375,5082.2998046875,5078.89990234375,5080.7998046875,128.0
2026-01-27 13:16:00-05:00,5080.60009765625,5083.89990234375,5080.0,5083.60009765625,124.0
2026-01-27 13:17:00-05:00,5083.5,5084.2001953125,5082.39990234375,5083.2998046875,153.0
2026-01-27 13:18:00-05:00,5083.7001953125,5083.7998046875,5082.2001953125,5083.5,120.0
2026-01-27 13:19:00-05:00,5083.5,5083.89990234375,5078.5,5081.10009765625,321.0
2026-01-27 13:20:00-05:00,5081.10009765625,5081.10009765625,5077.5,5080.0,358.0
2026-01-27 13:21:00-05:00,5079.7001953125,5082.10009765625,5077.60009765625,5080.2998046875,406.0
2026-01-27 13:22:00-05:00,5080.10009765625,5082.60009765625,5078.60009765625,5081.5,286.0
2026-01-27 13:23:00-05:00,5080.7998046875,5083.60009765625,5080.39990234375,5081.10009765625,112.0
2026-01-27 13:24:00-05:00,5081.2998046875,5083.10009765625,5078.0,5078.7001953125,341.0
2026-01-27 13:25:00-05:00,5078.89990234375,5080.60009765625,5076.60009765625,5078.39990234375,221.0
2026-01-27 13:26:00-05:00,5078.10009765625,5080.89990234375,5077.60009765625,5079.5,201.0
2026-01-27 13:27:00-05:00,5079.60009765625,5081.5,5078.2998046875,5081.10009765625,112.0
2026-01-27 13:28:00-05:00,5081.10009765625,5087.0,5081.0,5083.60009765625,1041.0
2026-01-27 13:29:00-05:00,5083.60009765625,5083.60009765625,5081.2001953125,5082.7001953125,1448.0
2026-01-27 13:30:00-05:00,5082.7001953125,5087.10009765625,5082.60009765625,5086.7001953125,746.0
2026-01-27 13:31:00-05:00,5086.7001953125,5088.2001953125,5085.7001953125,5088.10009765625,247.0
2026-01-27 13:32:00-05:00,5088.10009765625,5090.0,5088.0,5089.5,335.0
2026-01-27 13:33:00-05:00,5089.2001953125,5089.39990234375,5085.7001953125,5086.5,285.0
2026-01-27 13:34:00-05:00,5086.7001953125,5088.0,5085.89990234375,5086.7998046875,82.0
2026-01-27 13:35:00-05:00,5086.60009765625,5088.60009765625,5086.60009765625,5088.60009765625,108.0
2026-01-27 13:36:00-05:00,5088.2001953125,5088.2998046875,5086.60009765625,5087.10009765625,85.0
2026-01-27 13:37:00-05:00,5087.2998046875,5089.60009765625,5087.2998046875,5088.2998046875,78.0
2026-01-27 13:38:00-05:00,5088.39990234375,5090.0,5087.5,5087.89990234375,137.0
2026-01-27 13:39:00-05:00,5088.10009765625,5088.5,5086.7998046875,5088.10009765625,92.0
2026-01-27 13:40:00-05:00,5087.89990234375,5087.89990234375,5086.7001953125,5087.0,58.0
2026-01-27 13:41:00-05:00,5086.7998046875,5087.39990234375,5086.10009765625,5086.89990234375,110.0
2026-01-27 13:42:00-05:00,5086.7998046875,5087.5,5085.89990234375,5086.39990234375,54.0
2026-01-27 13:43:00-05:00,5086.60009765625,5086.60009765625,5085.2998046875,5085.5,72.0
2026-01-27 13:44:00-05:00,5085.10009765625,5086.7001953125,5084.5,5086.7001953125,119.0
2026-01-27 13:45:00-05:00,5086.60009765625,5088.89990234375,5086.10009765625,5087.7001953125,141.0
2026-01-27 13:46:00-05:00,5087.60009765625,5088.39990234375,5086.5,5086.5,105.0
2026-01-27 13:47:00-05:00,5086.2998046875,5088.10009765625,5086.10009765625,5087.5,194.0
2026-01-27 13:48:00-05:00,5087.39990234375,5089.2001953125,5086.7001953125,5088.5,100.0
2026-01-27 13:49:00-05:00,5088.39990234375,5090.7998046875,5088.39990234375,5090.5,129.0
2026-01-27 13:50:00-05:00,5090.89990234375,5092.5,5090.39990234375,5091.7998046875,219.0
2026-01-27 13:51:00-05:00,5092.0,5092.60009765625,5091.10009765625,5092.0,122.0
2026-01-27 13:52:00-05:00,5092.10009765625,5092.7001953125,5091.5,5091.7998046875,122.0
2026-01-27 13:53:00-05:00,5091.7998046875,5093.2001953125,5091.2998046875,5092.7998046875,151.0
2026-01-27 13:54:00-05:00,5092.7001953125,5092.7998046875,5090.2998046875,5090.39990234375,233.0
2026-01-27 13:55:00-05:00,5090.0,5090.60009765625,5089.39990234375,5089.39990234375,93.0
2026-01-27 13:56:00-05:00,5089.39990234375,5093.5,5089.10009765625,5093.10009765625,383.0
2026-01-27 13:57:00-05:00,5092.89990234375,5092.89990234375,5089.5,5090.5,266.0
2026-01-27 13:58:00-05:00,5090.10009765625,5090.39990234375,5087.60009765625,5087.60009765625,128.0
2026-01-27 13:59:00-05:00,5087.7001953125,5088.39990234375,5084.7998046875,5085.89990234375,223.0
2026-01-27 14:00:00-05:00,5085.5,5085.5,5082.39990234375,5084.2001953125,299.0
2026-01-27 14:01:00-05:00,5084.10009765625,5085.60009765625,5084.0,5084.7998046875,76.0
2026-01-27 14:02:00-05:00,5085.2001953125,5085.39990234375,5083.60009765625,5084.89990234375,42.0
2026-01-27 14:03:00-05:00,5084.7001953125,5084.7001953125,5082.10009765625,5082.39990234375,145.0
2026-01-27 14:04:00-05:00,5082.39990234375,5085.2998046875,5080.7001953125,5084.39990234375,256.0
2026-01-27 14:05:00-05:00,5084.60009765625,5085.0,5081.7998046875,5082.39990234375,123.0
2026-01-27 14:06:00-05:00,5081.7998046875,5082.2998046875,5078.60009765625,5080.10009765625,281.0
2026-01-27 14:07:00-05:00,5080.2998046875,5083.0,5080.2998046875,5081.60009765625,109.0
2026-01-27 14:08:00-05:00,5081.2001953125,5082.0,5080.10009765625,5080.60009765625,45.0
2026-01-27 14:09:00-05:00,5080.60009765625,5084.60009765625,5080.60009765625,5083.89990234375,98.0
2026-01-27 14:10:00-05:00,5083.60009765625,5084.2998046875,5081.89990234375,5082.5,73.0
2026-01-27 14:11:00-05:00,5082.39990234375,5082.7001953125,5080.10009765625,5082.39990234375,313.0
2026-01-27 14:12:00-05:00,5082.2998046875,5084.7998046875,5082.0,5084.5,39.0
2026-01-27 14:13:00-05:00,5084.7001953125,5087.0,5084.5,5086.0,184.0
2026-01-27 14:14:00-05:00,5086.0,5086.7001953125,5085.2998046875,5085.2998046875,56.0
2026-01-27 14:15:00-05:00,5085.2998046875,5086.5,5084.2998046875,5085.39990234375,74.0
2026-01-27 14:16:00-05:00,5085.7998046875,5086.10009765625,5084.7001953125,5085.39990234375,62.0
2026-01-27 14:17:00-05:00,5085.2001953125,5085.7001953125,5083.7001953125,5085.2998046875,107.0
2026-01-27 14:18:00-05:00,5085.2001953125,5085.7998046875,5083.89990234375,5084.2001953125,353.0
2026-01-27 14:19:00-05:00,5084.2001953125,5086.2998046875,5084.0,5086.2001953125,52.0
2026-01-27 14:20:00-05:00,5086.10009765625,5087.60009765625,5086.10009765625,5086.7998046875,28.0
2026-01-27 14:21:00-05:00,5086.5,5087.2001953125,5085.7998046875,5086.5,59.0
2026-01-27 14:22:00-05:00,5086.7001953125,5087.39990234375,5085.2001953125,5086.7998046875,283.0
2026-01-27 14:23:00-05:00,5086.7998046875,5087.89990234375,5086.7001953125,5087.5,58.0
2026-01-27 14:24:00-05:00,5088.0,5089.2001953125,5087.2001953125,5088.2998046875,102.0
2026-01-27 14:25:00-05:00,5088.89990234375,5089.10009765625,5087.2001953125,5087.60009765625,76.0
2026-01-27 14:26:00-05:00,5087.7998046875,5087.89990234375,5084.39990234375,5086.2998046875,182.0
2026-01-27 14:27:00-05:00,5086.39990234375,5087.5,5085.60009765625,5086.2001953125,84.0
2026-01-27 14:28:00-05:00,5086.0,5087.2998046875,5085.7998046875,5086.0,130.0
2026-01-27 14:29:00-05:00,5086.10009765625,5086.7998046875,5085.89990234375,5086.2001953125,30.0
2026-01-27 14:30:00-05:00,5086.7001953125,5087.89990234375,5086.2998046875,5087.7998046875,51.0
2026-01-27 14:31:00-05:00,5088.39990234375,5089.7001953125,5087.2998046875,5088.2998046875,391.0
2026-01-27 14:32:00-05:00,5088.5,5088.7001953125,5086.89990234375,5087.60009765625,88.0
2026-01-27 14:33:00-05:00,5087.2998046875,5087.7001953125,5086.7001953125,5086.7998046875,77.0
2026-01-27 14:34:00-05:00,5087.10009765625,5087.89990234375,5085.7001953125,5087.89990234375,153.0
2026-01-27 14:35:00-05:00,5087.7998046875,5087.89990234375,5086.89990234375,5087.7001953125,59.0
2026-01-27 14:36:00-05:00,5087.5,5088.60009765625,5087.2001953125,5088.39990234375,78.0
2026-01-27 14:37:00-05:00,5088.5,5088.89990234375,5087.7001953125,5087.7998046875,58.0
2026-01-27 14:38:00-05:00,5087.89990234375,5089.2001953125,5087.89990234375,5088.7001953125,46.0
2026-01-27 14:39:00-05:00,5089.2001953125,5089.60009765625,5088.39990234375,5088.5,62.0
2026-01-27 14:40:00-05:00,5088.7998046875,5089.60009765625,5088.0,5088.60009765625,63.0
2026-01-27 14:41:00-05:00,5088.7001953125,5090.7998046875,5088.39990234375,5090.0,100.0
2026-01-27 14:42:00-05:00,5090.39990234375,5090.5,5089.2001953125,5089.89990234375,102.0
2026-01-27 14:43:00-05:00,5090.2998046875,5091.60009765625,5090.10009765625,5091.5,90.0
2026-01-27 14:44:00-05:00,5091.39990234375,5091.60009765625,5090.7001953125,5091.2998046875,251.0
2026-01-27 14:45:00-05:00,5091.39990234375,5091.7001953125,5090.10009765625,5090.89990234375,163.0
2026-01-27 14:46:00-05:00,5090.89990234375,5091.39990234375,5090.7998046875,5091.0,179.0
2026-01-27 14:47:00-05:00,5091.0,5091.39990234375,5089.89990234375,5090.39990234375,141.0
2026-01-27 14:48:00-05:00,5090.10009765625,5090.89990234375,5089.7001953125,5090.2998046875,79.0
2026-01-27 14:49:00-05:00,5090.2001953125,5090.89990234375,5089.2001953125,5089.2998046875,209.0
2026-01-27 14:50:00-05:00,5089.2998046875,5090.7998046875,5089.0,5090.2998046875,91.0
2026-01-27 14:51:00-05:00,5090.2998046875,5092.60009765625,5090.2998046875,5091.0,174.0
2026-01-27 14:52:00-05:00,5091.2998046875,5092.7001953125,5091.2001953125,5092.39990234375,136.0
2026-01-27 14:53:00-05:00,5092.5,5092.89990234375,5091.7998046875,5092.2998046875,567.0
2026-01-27 14:54:00-05:00,5091.7998046875,5092.60009765625,5091.60009765625,5092.60009765625,57.0
2026-01-27 14:55:00-05:00,5092.5,5098.2998046875,5092.5,5097.10009765625,514.0
2026-01-27 14:56:00-05:00,5097.2001953125,5098.2998046875,5096.39990234375,5097.10009765625,109.0
2026-01-27 14:57:00-05:00,5097.39990234375,5097.7998046875,5095.60009765625,5097.2001953125,196.0
2026-01-27 14:58:00-05:00,5097.0,5097.7998046875,5095.5,5097.7998046875,99.0
2026-01-27 14:59:00-05:00,5097.60009765625,5097.89990234375,5096.89990234375,5097.2998046875,146.0
2026-01-27 15:00:00-05:00,5097.10009765625,5099.0,5096.2001953125,5098.0,201.0
2026-01-27 15:01:00-05:00,5097.89990234375,5098.5,5096.7998046875,5098.0,114.0
2026-01-27 15:02:00-05:00,5098.39990234375,5099.5,5096.89990234375,5099.10009765625,263.0
2026-01-27 15:03:00-05:00,5099.5,5123.10009765625,5099.5,5112.2001953125,2157.0
2026-01-27 15:04:00-05:00,5112.89990234375,5118.39990234375,5110.60009765625,5117.5,449.0
2026-01-27 15:05:00-05:00,5117.7998046875,5122.7998046875,5116.39990234375,5119.89990234375,693.0
2026-01-27 15:06:00-05:00,5120.0,5120.2998046875,5113.89990234375,5114.7998046875,550.0
2026-01-27 15:07:00-05:00,5115.60009765625,5124.7001953125,5115.60009765625,5122.7001953125,553.0
2026-01-27 15:08:00-05:00,5122.0,5122.39990234375,5117.60009765625,5119.0,269.0
2026-01-27 15:09:00-05:00,5119.10009765625,5126.89990234375,5118.0,5125.60009765625,745.0
2026-01-27 15:10:00-05:00,5125.7998046875,5137.39990234375,5123.39990234375,5134.7998046875,1085.0
2026-01-27 15:11:00-05:00,5134.5,5140.10009765625,5133.39990234375,5133.7001953125,852.0
2026-01-27 15:12:00-05:00,5133.2001953125,5138.2001953125,5131.7998046875,5133.0,341.0
2026-01-27 15:13:00-05:00,5132.60009765625,5139.89990234375,5131.5,5139.89990234375,692.0
2026-01-27 15:14:00-05:00,5139.7001953125,5144.0,5138.60009765625,5142.2998046875,1167.0
2026-01-27 15:15:00-05:00,5141.39990234375,5142.89990234375,5133.89990234375,5137.60009765625,796.0
2026-01-27 15:16:00-05:00,5137.5,5138.10009765625,5132.60009765625,5136.60009765625,834.0
2026-01-27 15:17:00-05:00,5136.5,5137.60009765625,5131.10009765625,5133.10009765625,411.0
2026-01-27 15:18:00-05:00,5133.39990234375,5141.39990234375,5132.39990234375,5140.10009765625,653.0
2026-01-27 15:19:00-05:00,5139.89990234375,5140.60009765625,5137.0,5139.60009765625,622.0
2026-01-27 15:20:00-05:00,5139.2998046875,5149.60009765625,5137.7001953125,5146.39990234375,1278.0
2026-01-27 15:21:00-05:00,5146.5,5151.39990234375,5137.89990234375,5143.60009765625,1242.0
2026-01-27 15:22:00-05:00,5143.39990234375,5149.89990234375,5141.60009765625,5148.39990234375,689.0
2026-01-27 15:23:00-05:00,5149.2001953125,5149.7001953125,5135.39990234375,5137.39990234375,840.0
2026-01-27 15:24:00-05:00,5137.60009765625,5139.60009765625,5135.60009765625,5137.39990234375,699.0
2026-01-27 15:25:00-05:00,5137.89990234375,5140.2998046875,5133.10009765625,5139.39990234375,723.0
2026-01-27 15:26:00-05:00,5139.39990234375,5142.0,5138.60009765625,5140.2001953125,297.0
2026-01-27 15:27:00-05:00,5140.10009765625,5141.89990234375,5137.7998046875,5137.7998046875,219.0
2026-01-27 15:28:00-05:00,5137.7001953125,5141.10009765625,5135.39990234375,5140.89990234375,269.0
2026-01-27 15:29:00-05:00,5141.10009765625,5144.0,5139.39990234375,5141.10009765625,828.0
2026-01-27 15:30:00-05:00,5141.0,5149.0,5139.0,5145.2998046875,488.0
2026-01-27 15:31:00-05:00,5145.0,5145.0,5140.5,5142.89990234375,263.0
2026-01-27 15:32:00-05:00,5142.5,5144.89990234375,5136.5,5138.0,547.0
2026-01-27 15:33:00-05:00,5137.2001953125,5138.39990234375,5132.10009765625,5134.0,570.0
2026-01-27 15:34:00-05:00,5133.7001953125,5143.89990234375,5133.2998046875,5142.60009765625,295.0
2026-01-27 15:35:00-05:00,5142.2998046875,5145.2998046875,5139.10009765625,5144.2001953125,567.0
2026-01-27 15:36:00-05:00,5144.10009765625,5146.60009765625,5143.7001953125,5144.5,245.0
2026-01-27 15:37:00-05:00,5144.39990234375,5145.0,5140.7998046875,5143.89990234375,130.0
2026-01-27 15:38:00-05:00,5144.0,5146.89990234375,5142.0,5142.2001953125,326.0
2026-01-27 15:39:00-05:00,5142.0,5143.2001953125,5141.0,5143.0,316.0
2026-01-27 15:40:00-05:00,5143.7998046875,5144.2001953125,5139.60009765625,5141.7998046875,200.0
2026-01-27 15:41:00-05:00,5141.89990234375,5143.2001953125,5140.39990234375,5142.39990234375,146.0
2026-01-27 15:42:00-05:00,5142.7001953125,5147.0,5142.7001953125,5146.7998046875,567.0
2026-01-27 15:43:00-05:00,5146.89990234375,5148.39990234375,5141.10009765625,5142.89990234375,320.0
2026-01-27 15:44:00-05:00,5143.0,5144.39990234375,5134.7001953125,5141.89990234375,832.0
2026-01-27 15:45:00-05:00,5141.5,5151.2998046875,5141.5,5147.7998046875,557.0
2026-01-27 15:46:00-05:00,5147.89990234375,5157.39990234375,5146.2998046875,5155.89990234375,808.0
2026-01-27 15:47:00-05:00,5155.2001953125,5160.7001953125,5146.0,5153.60009765625,1120.0
2026-01-27 15:48:00-05:00,5153.39990234375,5169.2998046875,5151.7001953125,5163.89990234375,1312.0
2026-01-27 15:49:00-05:00,5163.39990234375,5165.89990234375,5158.39990234375,5160.10009765625,566.0
2026-01-27 15:50:00-05:00,5159.60009765625,5163.7998046875,5151.89990234375,5154.0,789.0
2026-01-27 15:51:00-05:00,5153.2998046875,5160.7998046875,5153.10009765625,5160.2001953125,405.0
2026-01-27 15:52:00-05:00,5160.5,5161.2998046875,5156.10009765625,5161.10009765625,1001.0
2026-01-27 15:53:00-05:00,5160.5,5175.7001953125,5160.5,5172.7998046875,1262.0
2026-01-27 15:54:00-05:00,5173.89990234375,5176.7001953125,5170.10009765625,5176.0,513.0
2026-01-27 15:55:00-05:00,5176.0,5184.2001953125,5173.89990234375,5178.7001953125,742.0
2026-01-27 15:56:00-05:00,5179.0,5179.0,5166.89990234375,5168.10009765625,821.0
2026-01-27 15:57:00-05:00,5168.60009765625,5174.60009765625,5168.10009765625,5172.39990234375,211.0
2026-01-27 15:58:00-05:00,5172.7001953125,5181.10009765625,5170.10009765625,5178.0,613.0
2026-01-27 15:59:00-05:00,5178.2998046875,5181.39990234375,5174.2001953125,5174.7001953125,777.0
2026-01-27 16:00:00-05:00,5175.0,5187.2001953125,5169.2001953125,5170.39990234375,975.0
2026-01-27 16:01:00-05:00,5170.60009765625,5177.2001953125,5170.10009765625,5174.2998046875,329.0
2026-01-27 16:02:00-05:00,5174.60009765625,5180.7001953125,5174.60009765625,5179.89990234375,246.0
2026-01-27 16:03:00-05:00,5179.7001953125,5183.60009765625,5177.5,5182.7998046875,381.0
2026-01-27 16:04:00-05:00,5182.2001953125,5182.39990234375,5176.7001953125,5177.0,750.0
2026-01-27 16:05:00-05:00,5176.7998046875,5184.5,5176.2001953125,5183.39990234375,609.0
2026-01-27 16:06:00-05:00,5183.39990234375,5183.7001953125,5178.7998046875,5179.0,170.0
2026-01-27 16:07:00-05:00,5178.89990234375,5180.7998046875,5171.5,5175.2998046875,508.0
2026-01-27 16:08:00-05:00,5175.39990234375,5178.7001953125,5174.60009765625,5176.60009765625,145.0
2026-01-27 16:09:00-05:00,5176.39990234375,5180.60009765625,5176.39990234375,5180.39990234375,119.0
2026-01-27 16:10:00-05:00,5179.7001953125,5180.60009765625,5177.7001953125,5178.7001953125,475.0
2026-01-27 16:11:00-05:00,5179.0,5186.10009765625,5178.5,5186.10009765625,409.0
2026-01-27 16:12:00-05:00,5186.0,5186.0,5174.39990234375,5174.39990234375,312.0
2026-01-27 16:13:00-05:00,5174.5,5178.10009765625,5172.5,5172.5,125.0
2026-01-27 16:14:00-05:00,5172.7998046875,5176.39990234375,5172.7998046875,5176.39990234375,124.0
2026-01-27 16:15:00-05:00,5176.2998046875,5177.0,5175.5,5176.5,66.0
2026-01-27 16:16:00-05:00,5177.10009765625,5180.2001953125,5174.39990234375,5178.0,164.0
2026-01-27 16:17:00-05:00,5178.0,5178.7001953125,5173.7998046875,5175.60009765625,113.0
2026-01-27 16:18:00-05:00,5175.7998046875,5177.2998046875,5175.60009765625,5176.39990234375,156.0
2026-01-27 16:19:00-05:00,5176.2001953125,5179.5,5176.2001953125,5176.89990234375,95.0
2026-01-27 16:20:00-05:00,5176.60009765625,5178.89990234375,5174.5,5178.7998046875,225.0
2026-01-27 16:21:00-05:00,5178.60009765625,5178.89990234375,5174.39990234375,5174.39990234375,97.0
2026-01-27 16:22:00-05:00,5175.2998046875,5176.7001953125,5173.60009765625,5173.60009765625,47.0
2026-01-27 16:23:00-05:00,5174.0,5174.10009765625,5171.5,5172.10009765625,103.0
2026-01-27 16:24:00-05:00,5172.2998046875,5176.89990234375,5171.7998046875,5173.7998046875,175.0
2026-01-27 16:25:00-05:00,5173.2001953125,5173.89990234375,5169.10009765625,5171.7998046875,344.0
2026-01-27 16:26:00-05:00,5171.60009765625,5176.89990234375,5171.39990234375,5176.7001953125,111.0
2026-01-27 16:27:00-05:00,5176.7998046875,5177.39990234375,5174.7001953125,5176.7001953125,75.0
2026-01-27 16:28:00-05:00,5176.7998046875,5177.39990234375,5174.0,5174.2998046875,96.0
2026-01-27 16:29:00-05:00,5174.5,5176.39990234375,5172.89990234375,5173.89990234375,137.0
2026-01-27 16:30:00-05:00,5173.5,5175.2998046875,5172.60009765625,5173.0,62.0
2026-01-27 16:31:00-05:00,5173.0,5174.7998046875,5171.0,5173.7001953125,201.0
2026-01-27 16:32:00-05:00,5172.7998046875,5174.2001953125,5172.0,5172.2998046875,65.0
2026-01-27 16:33:00-05:00,5173.7998046875,5174.7998046875,5172.5,5173.7001953125,38.0
2026-01-27 16:34:00-05:00,5173.7998046875,5175.39990234375,5173.7998046875,5174.7998046875,35.0
2026-01-27 16:35:00-05:00,5174.2998046875,5176.2998046875,5174.2998046875,5175.10009765625,43.0
2026-01-27 16:36:00-05:00,5175.2998046875,5176.39990234375,5173.89990234375,5175.2998046875,70.0
2026-01-27 16:37:00-05:00,5174.7001953125,5178.5,5174.7001953125,5178.5,69.0
2026-01-27 16:38:00-05:00,5178.39990234375,5180.2998046875,5177.2001953125,5180.0,165.0
2026-01-27 16:39:00-05:00,5180.5,5181.7998046875,5179.2998046875,5181.10009765625,189.0
2026-01-27 16:40:00-05:00,5180.7998046875,5182.2998046875,5179.7001953125,5181.0,66.0
2026-01-27 16:41:00-05:00,5180.7001953125,5181.7001953125,5178.7001953125,5180.10009765625,370.0
2026-01-27 16:42:00-05:00,5179.7001953125,5182.60009765625,5178.7998046875,5180.2001953125,276.0
2026-01-27 16:43:00-05:00,5180.0,5185.7998046875,5179.60009765625,5184.10009765625,172.0
2026-01-27 16:44:00-05:00,5183.7001953125,5186.60009765625,5183.2998046875,5185.0,173.0
2026-01-27 16:45:00-05:00,5184.5,5189.5,5182.89990234375,5183.10009765625,330.0
2026-01-27 16:46:00-05:00,5183.7001953125,5184.10009765625,5179.10009765625,5181.39990234375,143.0
2026-01-27 16:47:00-05:00,5181.2001953125,5187.2001953125,5181.0,5186.7001953125,140.0
2026-01-27 16:48:00-05:00,5186.5,5188.0,5184.89990234375,5187.7998046875,59.0
2026-01-27 16:49:00-05:00,5187.5,5190.7998046875,5187.5,5189.5,152.0
2026-01-27 16:50:00-05:00,5189.10009765625,5189.10009765625,5179.0,5180.39990234375,290.0
2026-01-27 16:51:00-05:00,5181.2001953125,5181.7001953125,5177.10009765625,5177.7998046875,145.0
2026-01-27 16:52:00-05:00,5177.7998046875,5179.10009765625,5174.10009765625,5174.89990234375,169.0
2026-01-27 16:53:00-05:00,5174.39990234375,5178.7001953125,5174.39990234375,5177.10009765625,91.0
2026-01-27 16:54:00-05:00,5177.0,5179.2998046875,5174.0,5175.39990234375,191.0
2026-01-27 16:55:00-05:00,5176.2001953125,5179.0,5173.39990234375,5178.2001953125,97.0
2026-01-27 16:56:00-05:00,5177.7998046875,5179.39990234375,5177.0,5178.2998046875,37.0
2026-01-27 16:57:00-05:00,5179.10009765625,5180.5,5176.89990234375,5180.5,121.0
2026-01-27 16:58:00-05:00,5179.7998046875,5182.0,5179.10009765625,5180.60009765625,86.0
2026-01-27 16:59:00-05:00,5181.7001953125,5182.0,5176.7998046875,5179.60009765625,208.0
2026-01-27 18:00:00-05:00,5179.0,5181.89990234375,5165.7001953125,5166.39990234375,0.0
2026-01-27 18:01:00-05:00,5166.0,5170.39990234375,5161.89990234375,5167.7998046875,352.0
2026-01-27 18:02:00-05:00,5169.0,5175.60009765625,5167.7001953125,5173.7998046875,412.0
2026-01-27 18:03:00-05:00,5173.10009765625,5175.89990234375,5170.7001953125,5171.2001953125,288.0
2026-01-27 18:04:00-05:00,5171.2001953125,5175.0,5169.7001953125,5174.2998046875,172.0
2026-01-27 18:05:00-05:00,5175.10009765625,5176.89990234375,5170.60009765625,5170.60009765625,155.0
2026-01-27 18:06:00-05:00,5171.10009765625,5174.2001953125,5170.0,5172.10009765625,68.0
2026-01-27 18:07:00-05:00,5172.39990234375,5175.60009765625,5171.39990234375,5175.60009765625,50.0
2026-01-27 18:08:00-05:00,5174.39990234375,5175.10009765625,5172.7001953125,5174.2998046875,59.0
2026-01-27 18:09:00-05:00,5174.2998046875,5175.5,5173.39990234375,5173.7998046875,282.0
2026-01-27 18:10:00-05:00,5173.5,5173.5,5171.39990234375,5172.60009765625,108.0
2026-01-27 18:11:00-05:00,5172.60009765625,5172.89990234375,5170.5,5172.2001953125,237.0
2026-01-27 18:12:00-05:00,5172.0,5172.0,5168.7998046875,5169.89990234375,104.0
2026-01-27 18:13:00-05:00,5169.2001953125,5169.39990234375,5164.2998046875,5165.0,92.0
2026-01-27 18:14:00-05:00,5164.89990234375,5168.39990234375,5164.89990234375,5168.2001953125,141.0
2026-01-27 18:15:00-05:00,5167.7001953125,5169.2998046875,5166.60009765625,5168.5,113.0
2026-01-27 18:16:00-05:00,5169.10009765625,5169.10009765625,5163.7001953125,5164.0,108.0
2026-01-27 18:17:00-05:00,5163.7998046875,5165.0,5162.0,5165.0,94.0
2026-01-27 18:18:00-05:00,5165.0,5165.10009765625,5163.39990234375,5165.10009765625,73.0
2026-01-27 18:19:00-05:00,5165.39990234375,5165.39990234375,5162.7998046875,5164.2001953125,40.0
2026-01-27 18:20:00-05:00,5163.7998046875,5165.7001953125,5163.7998046875,5164.60009765625,54.0
2026-01-27 18:21:00-05:00,5164.2998046875,5166.2001953125,5163.5,5164.10009765625,70.0
2026-01-27 18:22:00-05:00,5164.5,5165.2998046875,5161.10009765625,5161.2998046875,110.0
2026-01-27 18:23:00-05:00,5162.7998046875,5162.7998046875,5158.7998046875,5159.39990234375,95.0
2026-01-27 18:24:00-05:00,5159.0,5160.10009765625,5156.39990234375,5160.10009765625,233.0
2026-01-27 18:25:00-05:00,5160.39990234375,5163.5,5159.7001953125,5163.39990234375,109.0
2026-01-27 18:26:00-05:00,5163.39990234375,5164.5,5162.7001953125,5164.2001953125,26.0
2026-01-27 18:27:00-05:00,5164.5,5168.89990234375,5163.60009765625,5168.0,89.0
2026-01-27 18:28:00-05:00,5167.60009765625,5169.0,5166.39990234375,5169.0,53.0
2026-01-27 18:29:00-05:00,5169.7998046875,5170.2998046875,5165.7998046875,5167.60009765625,50.0
2026-01-27 18:30:00-05:00,5166.2001953125,5168.0,5166.2001953125,5168.0,18.0
2026-01-27 18:31:00-05:00,5168.60009765625,5168.7998046875,5164.5,5166.2998046875,57.0
2026-01-27 18:32:00-05:00,5164.60009765625,5164.7998046875,5163.2998046875,5164.10009765625,32.0
2026-01-27 18:33:00-05:00,5164.10009765625,5164.89990234375,5161.7998046875,5164.89990234375,32.0
2026-01-27 18:34:00-05:00,5164.39990234375,5164.39990234375,5162.2998046875,5163.2998046875,194.0
2026-01-27 18:35:00-05:00,5163.10009765625,5164.10009765625,5161.2001953125,5164.10009765625,26.0
2026-01-27 18:36:00-05:00,5162.39990234375,5162.39990234375,5161.0,5162.0,88.0
2026-01-27 18:37:00-05:00,5162.39990234375,5162.5,5161.39990234375,5162.0,120.0
2026-01-27 18:38:00-05:00,5162.2001953125,5163.2998046875,5161.7001953125,5162.7001953125,333.0
2026-01-27 18:39:00-05:00,5164.10009765625,5164.10009765625,5162.7998046875,5163.60009765625,13.0
2026-01-27 18:40:00-05:00,5163.89990234375,5165.2998046875,5163.89990234375,5164.7998046875,13.0
2026-01-27 18:41:00-05:00,5164.7998046875,5165.7998046875,5164.39990234375,5165.60009765625,22.0
2026-01-27 18:42:00-05:00,5165.39990234375,5166.7998046875,5165.39990234375,5166.7998046875,10.0
2026-01-27 18:43:00-05:00,5165.7001953125,5165.89990234375,5165.2998046875,5165.5,23.0
2026-01-27 18:44:00-05:00,5164.7998046875,5164.7998046875,5161.10009765625,5161.5,26.0
2026-01-27 18:45:00-05:00,5161.89990234375,5162.5,5160.7998046875,5162.39990234375,111.0
2026-01-27 18:46:00-05:00,5162.2998046875,5165.5,5162.2998046875,5165.39990234375,70.0
2026-01-27 18:47:00-05:00,5165.89990234375,5166.7998046875,5165.89990234375,5166.2998046875,19.0
2026-01-27 18:48:00-05:00,5166.7001953125,5168.39990234375,5166.2001953125,5168.39990234375,12.0
2026-01-27 18:49:00-05:00,5168.10009765625,5169.10009765625,5167.10009765625,5167.7998046875,57.0
2026-01-27 18:50:00-05:00,5167.7001953125,5167.7998046875,5166.60009765625,5166.60009765625,33.0
2026-01-27 18:51:00-05:00,5166.89990234375,5167.7998046875,5165.60009765625,5166.2001953125,60.0
2026-01-27 18:52:00-05:00,5167.0,5167.2998046875,5165.89990234375,5166.10009765625,13.0
2026-01-27 18:53:00-05:00,5166.7001953125,5170.10009765625,5165.89990234375,5169.5,46.0
2026-01-27 18:54:00-05:00,5170.0,5172.0,5169.7001953125,5170.7001953125,112.0
2026-01-27 18:55:00-05:00,5171.7998046875,5173.89990234375,5171.7998046875,5172.5,42.0
2026-01-27 18:56:00-05:00,5172.2001953125,5172.2001953125,5169.5,5170.2998046875,33.0
2026-01-27 18:57:00-05:00,5169.39990234375,5170.89990234375,5169.0,5169.0,37.0
2026-01-27 18:58:00-05:00,5169.0,5171.5,5168.39990234375,5169.89990234375,62.0
2026-01-27 18:59:00-05:00,5169.2998046875,5169.2998046875,5167.2998046875,5169.2001953125,31.0
2026-01-27 19:00:00-05:00,5169.2998046875,5169.7001953125,5165.39990234375,5166.2998046875,57.0
2026-01-27 19:01:00-05:00,5165.39990234375,5165.60009765625,5158.7001953125,5159.7998046875,121.0
2026-01-27 19:02:00-05:00,5159.0,5159.0,5156.60009765625,5156.89990234375,79.0
2026-01-27 19:03:00-05:00,5157.39990234375,5159.89990234375,5157.39990234375,5159.10009765625,31.0
2026-01-27 19:04:00-05:00,5157.89990234375,5158.5,5156.60009765625,5157.0,40.0
2026-01-27 19:05:00-05:00,5157.10009765625,5157.89990234375,5154.7998046875,5157.7998046875,172.0
2026-01-27 19:06:00-05:00,5158.0,5160.89990234375,5158.0,5160.39990234375,159.0
2026-01-27 19:07:00-05:00,5160.5,5162.89990234375,5160.5,5162.89990234375,39.0
2026-01-27 19:08:00-05:00,5162.60009765625,5164.5,5162.60009765625,5164.2001953125,20.0
2026-01-27 19:09:00-05:00,5163.60009765625,5165.10009765625,5163.2001953125,5165.0,295.0
2026-01-27 19:10:00-05:00,5164.5,5164.5,5161.5,5161.5,46.0
2026-01-27 19:11:00-05:00,5161.7998046875,5162.7998046875,5161.7001953125,5162.7998046875,8.0
2026-01-27 19:12:00-05:00,5162.2001953125,5163.5,5160.39990234375,5163.39990234375,19.0
2026-01-27 19:13:00-05:00,5162.10009765625,5162.39990234375,5160.10009765625,5162.0,35.0
2026-01-27 19:14:00-05:00,5162.39990234375,5162.7998046875,5161.5,5162.7001953125,18.0
2026-01-27 19:15:00-05:00,5162.7001953125,5164.0,5161.7998046875,5163.7001953125,26.0
2026-01-27 19:16:00-05:00,5160.39990234375,5161.89990234375,5159.2001953125,5159.2001953125,46.0
2026-01-27 19:17:00-05:00,5159.0,5160.7001953125,5158.7001953125,5159.10009765625,39.0
2026-01-27 19:18:00-05:00,5159.0,5162.2001953125,5159.0,5162.2001953125,58.0
2026-01-27 19:19:00-05:00,5162.89990234375,5163.2998046875,5161.2001953125,5161.2998046875,27.0
2026-01-27 19:20:00-05:00,5161.0,5161.0,5159.0,5159.60009765625,35.0
2026-01-27 19:21:00-05:00,5159.60009765625,5160.7001953125,5157.60009765625,5158.2001953125,64.0
2026-01-27 19:22:00-05:00,5157.7001953125,5159.60009765625,5157.2998046875,5159.10009765625,36.0
2026-01-27 19:23:00-05:00,5159.5,5161.60009765625,5159.0,5161.5,22.0
2026-01-27 19:24:00-05:00,5160.7001953125,5160.7001953125,5159.10009765625,5159.89990234375,22.0
2026-01-27 19:25:00-05:00,5160.2001953125,5160.2001953125,5158.89990234375,5160.10009765625,66.0
2026-01-27 19:26:00-05:00,5159.7001953125,5160.39990234375,5159.2998046875,5160.39990234375,11.0
2026-01-27 19:27:00-05:00,5160.2001953125,5160.2001953125,5159.10009765625,5159.5,8.0
2026-01-27 19:28:00-05:00,5159.2998046875,5159.7001953125,5158.60009765625,5158.60009765625,7.0
2026-01-27 19:29:00-05:00,5158.60009765625,5160.2998046875,5158.60009765625,5160.2001953125,20.0
2026-01-27 19:30:00-05:00,5160.7001953125,5163.0,5160.7001953125,5162.89990234375,16.0
2026-01-27 19:31:00-05:00,5162.7998046875,5163.2001953125,5161.0,5162.39990234375,30.0
2026-01-27 19:32:00-05:00,5161.7001953125,5163.2001953125,5161.10009765625,5162.7001953125,24.0
2026-01-27 19:33:00-05:00,5162.10009765625,5163.10009765625,5162.10009765625,5163.10009765625,5.0
2026-01-27 19:34:00-05:00,5162.7001953125,5163.0,5161.89990234375,5163.0,10.0
2026-01-27 19:35:00-05:00,5163.5,5164.2001953125,5163.2998046875,5164.2001953125,12.0
2026-01-27 19:36:00-05:00,5164.0,5164.7998046875,5163.5,5163.7001953125,31.0
2026-01-27 19:37:00-05:00,5164.7001953125,5166.2001953125,5164.2998046875,5165.2001953125,91.0
2026-01-27 19:38:00-05:00,5165.89990234375,5166.39990234375,5165.7998046875,5166.39990234375,7.0
2026-01-27 19:39:00-05:00,5166.89990234375,5167.39990234375,5165.5,5166.39990234375,38.0
2026-01-27 19:40:00-05:00,5166.10009765625,5166.10009765625,5165.7001953125,5166.0,22.0
2026-01-27 19:41:00-05:00,5166.2998046875,5166.2998046875,5164.0,5164.0,27.0
2026-01-27 19:42:00-05:00,5164.39990234375,5165.5,5163.7998046875,5163.7998046875,27.0
2026-01-27 19:43:00-05:00,5163.5,5165.2001953125,5163.5,5165.10009765625,22.0
2026-01-27 19:44:00-05:00,5166.0,5166.2001953125,5164.2001953125,5165.10009765625,35.0
2026-01-27 19:45:00-05:00,5165.7001953125,5168.5,5165.39990234375,5168.39990234375,54.0
2026-01-27 19:46:00-05:00,5168.10009765625,5170.0,5167.5,5168.60009765625,61.0
2026-01-27 19:47:00-05:00,5168.5,5169.60009765625,5167.60009765625,5168.7001953125,41.0
2026-01-27 19:48:00-05:00,5167.89990234375,5169.39990234375,5167.7998046875,5168.89990234375,32.0
2026-01-27 19:49:00-05:00,5167.2998046875,5167.89990234375,5167.10009765625,5167.7001953125,23.0
2026-01-27 19:50:00-05:00,5167.89990234375,5169.60009765625,5167.2001953125,5169.39990234375,39.0
2026-01-27 19:51:00-05:00,5168.7001953125,5171.2001953125,5168.7001953125,5171.2001953125,28.0
2026-01-27 19:52:00-05:00,5172.0,5173.0,5171.89990234375,5172.7998046875,28.0
2026-01-27 19:53:00-05:00,5172.39990234375,5174.10009765625,5172.0,5174.10009765625,21.0
2026-01-27 19:54:00-05:00,5173.89990234375,5175.10009765625,5173.7001953125,5175.0,25.0
2026-01-27 19:55:00-05:00,5174.5,5176.89990234375,5174.5,5176.10009765625,42.0
2026-01-27 19:56:00-05:00,5176.2001953125,5177.0,5174.7998046875,5175.10009765625,42.0
2026-01-27 19:57:00-05:00,5175.39990234375,5175.39990234375,5172.10009765625,5172.7998046875,35.0
2026-01-27 19:58:00-05:00,5172.5,5172.5,5171.7001953125,5171.7001953125,29.0
2026-01-27 19:59:00-05:00,5171.5,5175.2001953125,5168.39990234375,5168.5,114.0
2026-01-27 20:00:00-05:00,5168.89990234375,5173.89990234375,5165.39990234375,5166.89990234375,264.0
2026-01-27 20:01:00-05:00,5165.60009765625,5171.2001953125,5165.10009765625,5170.39990234375,99.0
2026-01-27 20:02:00-05:00,5170.2001953125,5177.0,5168.39990234375,5175.89990234375,96.0
2026-01-27 20:03:00-05:00,5175.89990234375,5185.0,5172.39990234375,5182.5,392.0
2026-01-27 20:04:00-05:00,5182.89990234375,5184.2001953125,5181.0,5182.89990234375,70.0
2026-01-27 20:05:00-05:00,5183.2001953125,5185.39990234375,5179.7998046875,5180.7998046875,198.0
2026-01-27 20:06:00-05:00,5180.7998046875,5193.2001953125,5178.39990234375,5191.5,273.0
2026-01-27 20:07:00-05:00,5191.2998046875,5199.0,5190.2998046875,5194.5,157.0
2026-01-27 20:08:00-05:00,5194.0,5197.0,5191.39990234375,5196.60009765625,74.0
2026-01-27 20:09:00-05:00,5196.39990234375,5197.10009765625,5190.10009765625,5193.5,135.0
2026-01-27 20:10:00-05:00,5192.60009765625,5192.60009765625,5180.5,5182.60009765625,77.0
2026-01-27 20:11:00-05:00,5182.7001953125,5186.60009765625,5172.2001953125,5172.2001953125,157.0
2026-01-27 20:12:00-05:00,5172.7001953125,5182.0,5171.5,5179.60009765625,67.0
2026-01-27 20:13:00-05:00,5179.60009765625,5184.5,5179.60009765625,5181.0,100.0
2026-01-27 20:14:00-05:00,5181.89990234375,5186.89990234375,5181.10009765625,5186.89990234375,43.0
2026-01-27 20:15:00-05:00,5186.39990234375,5186.60009765625,5184.60009765625,5185.7998046875,29.0
2026-01-27 20:16:00-05:00,5186.7001953125,5189.0,5185.2001953125,5185.39990234375,127.0
2026-01-27 20:17:00-05:00,5186.0,5188.7001953125,5181.2001953125,5182.0,47.0
2026-01-27 20:18:00-05:00,5182.60009765625,5185.2001953125,5182.60009765625,5185.2001953125,24.0
2026-01-27 20:19:00-05:00,5183.5,5184.0,5179.7998046875,5179.7998046875,52.0
2026-01-27 20:20:00-05:00,5178.60009765625,5182.2001953125,5178.2998046875,5182.2001953125,89.0
2026-01-27 20:21:00-05:00,5183.60009765625,5184.89990234375,5180.89990234375,5183.5,38.0
2026-01-27 20:22:00-05:00,5184.7998046875,5187.60009765625,5184.7998046875,5186.5,18.0
2026-01-27 20:23:00-05:00,5184.60009765625,5186.2998046875,5183.89990234375,5184.7998046875,14.0
2026-01-27 20:24:00-05:00,5184.39990234375,5185.7001953125,5184.39990234375,5185.5,15.0
2026-01-27 20:25:00-05:00,5185.0,5185.2998046875,5180.60009765625,5185.2998046875,55.0
2026-01-27 20:26:00-05:00,5184.10009765625,5184.60009765625,5178.10009765625,5179.5,59.0
2026-01-27 20:27:00-05:00,5181.2001953125,5185.10009765625,5181.2001953125,5185.10009765625,33.0
2026-01-27 20:28:00-05:00,5186.60009765625,5187.39990234375,5185.7001953125,5187.39990234375,23.0
2026-01-27 20:29:00-05:00,5187.10009765625,5192.39990234375,5184.60009765625,5190.10009765625,88.0
2026-01-27 20:30:00-05:00,5190.2001953125,5192.10009765625,5185.60009765625,5186.2001953125,116.0
2026-01-27 20:31:00-05:00,5185.39990234375,5186.89990234375,5184.0,5185.5,44.0
2026-01-27 20:32:00-05:00,5185.2998046875,5189.2001953125,5185.2001953125,5189.2001953125,41.0
2026-01-27 20:33:00-05:00,5188.7001953125,5188.89990234375,5185.5,5185.89990234375,33.0
2026-01-27 20:34:00-05:00,5183.10009765625,5186.10009765625,5182.7998046875,5184.0,32.0
2026-01-27 20:35:00-05:00,5184.0,5185.2998046875,5183.2001953125,5184.10009765625,67.0
2026-01-27 20:36:00-05:00,5184.0,5193.2998046875,5183.89990234375,5193.2998046875,84.0
2026-01-27 20:37:00-05:00,5193.89990234375,5198.5,5193.60009765625,5197.39990234375,125.0
2026-01-27 20:38:00-05:00,5196.10009765625,5197.2001953125,5193.60009765625,5195.2001953125,36.0
2026-01-27 20:39:00-05:00,5195.2998046875,5196.89990234375,5194.2998046875,5195.10009765625,22.0
2026-01-27 20:40:00-05:00,5195.2001953125,5205.10009765625,5195.2001953125,5203.0,236.0
2026-01-27 20:41:00-05:00,5203.89990234375,5206.2001953125,5203.2998046875,5204.2001953125,53.0
2026-01-27 20:42:00-05:00,5203.5,5207.2998046875,5203.5,5207.2998046875,97.0
2026-01-27 20:43:00-05:00,5206.39990234375,5207.7998046875,5204.7001953125,5206.60009765625,67.0
2026-01-27 20:44:00-05:00,5207.7998046875,5211.39990234375,5207.7998046875,5209.7001953125,95.0
2026-01-27 20:45:00-05:00,5211.2001953125,5216.7001953125,5211.2001953125,5216.10009765625,229.0
2026-01-27 20:46:00-05:00,5216.2001953125,5219.10009765625,5214.7998046875,5216.5,181.0
2026-01-27 20:47:00-05:00,5217.0,5219.7998046875,5216.2001953125,5218.89990234375,31.0
2026-01-27 20:48:00-05:00,5219.89990234375,5219.89990234375,5215.60009765625,5216.2001953125,43.0
2026-01-27 20:49:00-05:00,5215.7001953125,5219.7001953125,5215.2998046875,5218.0,159.0
2026-01-27 20:50:00-05:00,5216.60009765625,5220.7001953125,5216.0,5219.7998046875,114.0
2026-01-27 20:51:00-05:00,5219.5,5219.5,5212.7001953125,5214.2001953125,46.0
2026-01-27 20:52:00-05:00,5214.7001953125,5218.0,5214.2001953125,5214.7001953125,97.0
2026-01-27 20:53:00-05:00,5216.39990234375,5217.60009765625,5215.7001953125,5217.0,33.0
2026-01-27 20:54:00-05:00,5217.2998046875,5218.5,5215.0,5215.0,29.0
2026-01-27 20:55:00-05:00,5214.0,5214.7998046875,5209.5,5214.7998046875,70.0
2026-01-27 20:56:00-05:00,5214.7001953125,5215.5,5210.2001953125,5210.89990234375,30.0
2026-01-27 20:57:00-05:00,5211.0,5211.5,5207.60009765625,5207.60009765625,40.0
2026-01-27 20:58:00-05:00,5207.10009765625,5208.39990234375,5205.10009765625,5205.10009765625,59.0
2026-01-27 20:59:00-05:00,5205.0,5205.0,5199.39990234375,5199.5,177.0
2026-01-27 21:00:00-05:00,5199.0,5209.39990234375,5198.89990234375,5209.39990234375,94.0
2026-01-27 21:01:00-05:00,5210.2001953125,5212.10009765625,5200.89990234375,5202.0,48.0
2026-01-27 21:02:00-05:00,5201.39990234375,5203.10009765625,5199.2001953125,5203.10009765625,156.0
2026-01-27 21:03:00-05:00,5203.10009765625,5203.10009765625,5198.2998046875,5198.2998046875,55.0
2026-01-27 21:04:00-05:00,5198.39990234375,5203.0,5198.39990234375,5203.0,40.0
2026-01-27 21:05:00-05:00,5202.39990234375,5203.10009765625,5197.89990234375,5200.5,113.0
2026-01-27 21:06:00-05:00,5199.10009765625,5201.2001953125,5198.2998046875,5201.2001953125,40.0
2026-01-27 21:07:00-05:00,5201.89990234375,5205.0,5201.7998046875,5203.89990234375,90.0
2026-01-27 21:08:00-05:00,5203.60009765625,5206.2998046875,5203.60009765625,5206.2998046875,46.0
2026-01-27 21:09:00-05:00,5207.5,5208.2001953125,5205.10009765625,5206.5,28.0
2026-01-27 21:10:00-05:00,5206.2001953125,5207.39990234375,5198.5,5199.10009765625,70.0
2026-01-27 21:11:00-05:00,5199.2998046875,5199.39990234375,5196.60009765625,5198.0,96.0
2026-01-27 21:12:00-05:00,5198.10009765625,5203.10009765625,5198.0,5203.10009765625,190.0
2026-01-27 21:13:00-05:00,5203.5,5204.10009765625,5201.60009765625,5202.0,138.0
2026-01-27 21:14:00-05:00,5202.0,5204.7001953125,5201.39990234375,5204.39990234375,398.0
2026-01-27 21:15:00-05:00,5204.5,5206.89990234375,5202.7001953125,5206.5,46.0
2026-01-27 21:16:00-05:00,5205.2001953125,5205.2001953125,5202.89990234375,5204.2001953125,19.0
2026-01-27 21:17:00-05:00,5204.2998046875,5205.2001953125,5203.60009765625,5204.5,214.0
2026-01-27 21:18:00-05:00,5204.60009765625,5204.60009765625,5203.7001953125,5204.5,34.0
2026-01-27 21:19:00-05:00,5204.10009765625,5207.60009765625,5203.89990234375,5207.5,56.0
2026-01-27 21:20:00-05:00,5207.7001953125,5207.7001953125,5205.5,5207.10009765625,29.0
2026-01-27 21:21:00-05:00,5207.10009765625,5207.39990234375,5204.0,5206.39990234375,29.0
2026-01-27 21:22:00-05:00,5207.10009765625,5210.0,5206.2001953125,5210.0,33.0
2026-01-27 21:23:00-05:00,5209.7998046875,5211.39990234375,5209.39990234375,5210.2001953125,50.0
2026-01-27 21:24:00-05:00,5210.0,5211.5,5209.7998046875,5209.7998046875,29.0
2026-01-27 21:25:00-05:00,5210.10009765625,5210.7001953125,5209.2998046875,5210.7001953125,19.0
2026-01-27 21:26:00-05:00,5211.39990234375,5215.0,5211.39990234375,5213.7001953125,57.0
2026-01-27 21:27:00-05:00,5213.5,5215.2998046875,5213.5,5214.5,40.0
2026-01-27 21:28:00-05:00,5214.39990234375,5214.5,5213.5,5213.5,9.0
2026-01-27 21:29:00-05:00,5213.10009765625,5213.10009765625,5212.0,5213.0,10.0
2026-01-27 21:30:00-05:00,5213.2001953125,5215.10009765625,5211.5,5215.10009765625,51.0
2026-01-27 21:31:00-05:00,5215.5,5217.89990234375,5215.5,5216.39990234375,43.0
2026-01-27 21:32:00-05:00,5216.2001953125,5224.2001953125,5216.10009765625,5224.2001953125,136.0
2026-01-27 21:33:00-05:00,5223.60009765625,5224.0,5219.10009765625,5219.10009765625,59.0
2026-01-27 21:34:00-05:00,5219.2001953125,5220.2001953125,5213.2001953125,5218.5,268.0
2026-01-27 21:35:00-05:00,5217.5,5219.7001953125,5217.10009765625,5219.7001953125,24.0
2026-01-27 21:36:00-05:00,5219.7998046875,5220.89990234375,5217.39990234375,5220.0,30.0
2026-01-27 21:37:00-05:00,5220.10009765625,5221.2998046875,5218.7998046875,5220.0,39.0
2026-01-27 21:38:00-05:00,5219.2998046875,5220.0,5216.7998046875,5220.0,44.0
2026-01-27 21:39:00-05:00,5220.2001953125,5220.2001953125,5216.5,5216.5,54.0
2026-01-27 21:40:00-05:00,5215.89990234375,5219.10009765625,5215.7001953125,5218.89990234375,11.0
2026-01-27 21:41:00-05:00,5218.7998046875,5222.10009765625,5218.7998046875,5221.0,55.0
2026-01-27 21:42:00-05:00,5220.2001953125,5220.60009765625,5217.39990234375,5218.60009765625,32.0
2026-01-27 21:43:00-05:00,5218.5,5218.7998046875,5217.60009765625,5217.60009765625,5.0
2026-01-27 21:44:00-05:00,5217.2001953125,5217.2001953125,5214.7001953125,5216.2998046875,66.0
2026-01-27 21:45:00-05:00,5216.7998046875,5217.89990234375,5215.89990234375,5217.2998046875,16.0
2026-01-27 21:46:00-05:00,5216.39990234375,5219.2001953125,5215.89990234375,5217.2998046875,36.0
2026-01-27 21:47:00-05:00,5217.2001953125,5219.7001953125,5217.0,5219.7001953125,24.0
2026-01-27 21:48:00-05:00,5220.89990234375,5221.7001953125,5219.2998046875,5221.7001953125,40.0
2026-01-27 21:49:00-05:00,5221.7998046875,5224.0,5220.7001953125,5222.7001953125,51.0
2026-01-27 21:50:00-05:00,5222.89990234375,5222.89990234375,5219.2998046875,5222.2998046875,35.0
2026-01-27 21:51:00-05:00,5221.60009765625,5222.7001953125,5221.10009765625,5222.7001953125,30.0
2026-01-27 21:52:00-05:00,5222.7001953125,5223.2001953125,5221.39990234375,5221.7001953125,19.0
2026-01-27 21:53:00-05:00,5222.5,5224.0,5221.60009765625,5224.0,11.0
2026-01-27 21:54:00-05:00,5224.2001953125,5228.89990234375,5224.0,5228.89990234375,62.0
2026-01-27 21:55:00-05:00,5228.2001953125,5228.2001953125,5223.0,5223.0,40.0
2026-01-27 21:56:00-05:00,5222.7001953125,5226.2998046875,5222.7001953125,5225.60009765625,22.0
2026-01-27 21:57:00-05:00,5225.0,5225.7998046875,5224.5,5224.5,37.0
2026-01-27 21:58:00-05:00,5225.39990234375,5226.60009765625,5225.39990234375,5226.60009765625,58.0
2026-01-27 21:59:00-05:00,5226.2998046875,5228.2001953125,5226.10009765625,5226.39990234375,48.0
2026-01-27 22:00:00-05:00,5226.2998046875,5228.89990234375,5225.2001953125,5228.7001953125,103.0
2026-01-27 22:01:00-05:00,5228.89990234375,5229.5,5228.89990234375,5229.2998046875,24.0
2026-01-27 22:02:00-05:00,5226.0,5226.0,5225.2001953125,5225.2998046875,86.0
2026-01-27 22:03:00-05:00,5227.2001953125,5231.10009765625,5227.2001953125,5230.2001953125,25.0
2026-01-27 22:04:00-05:00,5230.39990234375,5231.2998046875,5229.89990234375,5230.5,12.0
2026-01-27 22:05:00-05:00,5231.60009765625,5234.89990234375,5231.2001953125,5232.2001953125,179.0
2026-01-27 22:06:00-05:00,5232.10009765625,5236.39990234375,5231.2001953125,5234.7998046875,70.0
2026-01-27 22:07:00-05:00,5235.39990234375,5237.0,5234.2001953125,5236.7001953125,64.0
2026-01-27 22:08:00-05:00,5236.89990234375,5241.10009765625,5236.89990234375,5240.89990234375,201.0
2026-01-27 22:09:00-05:00,5239.89990234375,5241.2001953125,5238.7001953125,5239.2998046875,86.0
2026-01-27 22:10:00-05:00,5239.10009765625,5242.2001953125,5238.2001953125,5240.5,204.0
2026-01-27 22:11:00-05:00,5241.0,5241.0,5238.5,5238.5,57.0
2026-01-27 22:12:00-05:00,5237.5,5237.7001953125,5235.39990234375,5236.2998046875,42.0
2026-01-27 22:13:00-05:00,5236.60009765625,5238.5,5236.0,5237.5,22.0
2026-01-27 22:14:00-05:00,5236.7998046875,5238.7998046875,5236.7998046875,5237.39990234375,34.0
2026-01-27 22:15:00-05:00,5238.5,5239.5,5237.89990234375,5238.89990234375,26.0
2026-01-27 22:16:00-05:00,5240.0,5240.39990234375,5237.7998046875,5237.7998046875,122.0
2026-01-27 22:17:00-05:00,5236.2998046875,5236.7001953125,5234.0,5235.2998046875,85.0
2026-01-27 22:18:00-05:00,5235.5,5235.7998046875,5232.7998046875,5233.5,53.0
2026-01-27 22:19:00-05:00,5233.7998046875,5235.39990234375,5233.10009765625,5235.2998046875,23.0
2026-01-27 22:20:00-05:00,5234.0,5238.2001953125,5233.89990234375,5238.2001953125,156.0
2026-01-27 22:21:00-05:00,5238.10009765625,5238.89990234375,5237.60009765625,5237.60009765625,23.0
2026-01-27 22:22:00-05:00,5238.0,5238.0,5237.10009765625,5237.2001953125,93.0
2026-01-27 22:23:00-05:00,5236.7001953125,5237.2001953125,5235.2001953125,5236.0,62.0
2026-01-27 22:24:00-05:00,5235.60009765625,5235.60009765625,5234.2998046875,5234.39990234375,37.0
2026-01-27 22:25:00-05:00,5234.2001953125,5235.0,5233.5,5234.2001953125,25.0
2026-01-27 22:26:00-05:00,5233.7001953125,5235.5,5233.0,5235.39990234375,21.0
2026-01-27 22:27:00-05:00,5236.60009765625,5236.60009765625,5233.89990234375,5234.89990234375,46.0
2026-01-27 22:28:00-05:00,5235.10009765625,5235.7001953125,5231.60009765625,5231.89990234375,73.0
2026-01-27 22:29:00-05:00,5232.60009765625,5232.60009765625,5231.0,5231.2001953125,72.0
2026-01-27 22:30:00-05:00,5231.7001953125,5232.0,5230.10009765625,5230.10009765625,21.0
2026-01-27 22:31:00-05:00,5231.0,5232.5,5231.0,5231.89990234375,19.0
2026-01-27 22:32:00-05:00,5232.7998046875,5234.5,5232.39990234375,5234.0,41.0
2026-01-27 22:33:00-05:00,5233.2001953125,5233.2001953125,5232.0,5232.39990234375,36.0
2026-01-27 22:34:00-05:00,5230.89990234375,5232.7001953125,5229.89990234375,5230.7001953125,38.0
2026-01-27 22:35:00-05:00,5229.60009765625,5230.39990234375,5226.60009765625,5229.7001953125,76.0
2026-01-27 22:36:00-05:00,5230.0,5230.0,5227.5,5228.7001953125,45.0
2026-01-27 22:37:00-05:00,5228.5,5228.5,5225.7001953125,5225.7001953125,48.0
2026-01-27 22:38:00-05:00,5225.89990234375,5226.2001953125,5222.2998046875,5225.7001953125,104.0
2026-01-27 22:39:00-05:00,5225.0,5226.5,5222.7001953125,5224.5,73.0
2026-01-27 22:40:00-05:00,5224.5,5224.89990234375,5219.39990234375,5219.7001953125,134.0
2026-01-27 22:41:00-05:00,5220.39990234375,5221.10009765625,5218.7001953125,5220.7998046875,27.0
2026-01-27 22:42:00-05:00,5220.89990234375,5224.10009765625,5219.89990234375,5223.89990234375,72.0
2026-01-27 22:43:00-05:00,5223.7998046875,5227.60009765625,5223.7998046875,5227.2998046875,93.0
2026-01-27 22:44:00-05:00,5225.39990234375,5227.7998046875,5225.39990234375,5227.5,43.0
2026-01-27 22:45:00-05:00,5226.5,5230.2998046875,5226.0,5230.2998046875,54.0
2026-01-27 22:46:00-05:00,5230.39990234375,5230.39990234375,5229.2001953125,5230.0,13.0
2026-01-27 22:47:00-05:00,5229.0,5230.0,5228.7998046875,5229.7998046875,18.0
2026-01-27 22:48:00-05:00,5229.7998046875,5233.10009765625,5229.7998046875,5232.7998046875,82.0
2026-01-27 22:49:00-05:00,5233.0,5234.10009765625,5232.39990234375,5234.10009765625,47.0
2026-01-27 22:50:00-05:00,5233.7001953125,5237.2001953125,5232.39990234375,5237.2001953125,111.0
2026-01-27 22:51:00-05:00,5236.2998046875,5237.0,5235.7001953125,5236.7001953125,23.0
2026-01-27 22:52:00-05:00,5236.7998046875,5238.2001953125,5235.89990234375,5236.0,31.0
2026-01-27 22:53:00-05:00,5235.89990234375,5235.89990234375,5231.7001953125,5233.60009765625,33.0
2026-01-27 22:54:00-05:00,5233.7001953125,5233.7998046875,5231.7998046875,5232.89990234375,44.0
2026-01-27 22:55:00-05:00,5232.89990234375,5233.2998046875,5231.0,5232.5,53.0
2026-01-27 22:56:00-05:00,5231.39990234375,5231.39990234375,5226.7001953125,5227.2001953125,57.0
2026-01-27 22:57:00-05:00,5227.0,5228.89990234375,5225.0,5228.89990234375,39.0
2026-01-27 22:58:00-05:00,5228.5,5229.7998046875,5228.5,5229.7998046875,9.0
2026-01-27 22:59:00-05:00,5228.2998046875,5229.39990234375,5228.2998046875,5229.2001953125,11.0
2026-01-27 23:00:00-05:00,5228.7998046875,5231.39990234375,5228.5,5230.2998046875,52.0
2026-01-27 23:01:00-05:00,5230.89990234375,5231.5,5230.60009765625,5231.5,19.0
2026-01-27 23:02:00-05:00,5232.0,5233.0,5230.60009765625,5231.7998046875,39.0
2026-01-27 23:03:00-05:00,5231.60009765625,5234.2998046875,5231.60009765625,5233.89990234375,16.0
2026-01-27 23:04:00-05:00,5233.60009765625,5235.0,5233.60009765625,5233.60009765625,38.0
2026-01-27 23:05:00-05:00,5233.2998046875,5233.39990234375,5231.7001953125,5233.39990234375,10.0
2026-01-27 23:06:00-05:00,5233.39990234375,5233.5,5231.7001953125,5231.7001953125,11.0
2026-01-27 23:07:00-05:00,5232.2998046875,5232.2998046875,5230.7998046875,5230.7998046875,6.0
2026-01-27 23:08:00-05:00,5230.7001953125,5230.7001953125,5230.7001953125,5230.7001953125,3.0
2026-01-27 23:09:00-05:00,5230.0,5230.89990234375,5230.0,5230.89990234375,27.0
2026-01-27 23:10:00-05:00,5231.60009765625,5231.7998046875,5230.39990234375,5231.2001953125,54.0
2026-01-27 23:11:00-05:00,5231.10009765625,5231.10009765625,5229.39990234375,5230.60009765625,16.0
2026-01-27 23:12:00-05:00,5230.5,5230.60009765625,5229.7001953125,5230.60009765625,5.0
2026-01-27 23:13:00-05:00,5228.7998046875,5229.2998046875,5228.7998046875,5229.0,12.0
2026-01-27 23:14:00-05:00,5228.2998046875,5229.7001953125,5227.89990234375,5229.7001953125,40.0
2026-01-27 23:15:00-05:00,5230.5,5230.5,5229.10009765625,5229.10009765625,4.0
2026-01-27 23:16:00-05:00,5228.7001953125,5228.7001953125,5227.39990234375,5228.10009765625,24.0
2026-01-27 23:17:00-05:00,5228.0,5228.60009765625,5228.0,5228.60009765625,11.0
2026-01-27 23:18:00-05:00,5227.89990234375,5228.39990234375,5227.89990234375,5227.89990234375,17.0
2026-01-27 23:19:00-05:00,5228.0,5228.39990234375,5228.0,5228.39990234375,6.0
2026-01-27 23:20:00-05:00,5228.7998046875,5231.7998046875,5228.7998046875,5231.7998046875,21.0
2026-01-27 23:21:00-05:00,5232.10009765625,5234.10009765625,5232.10009765625,5234.10009765625,10.0
2026-01-27 23:22:00-05:00,5233.2001953125,5233.7998046875,5232.7001953125,5233.39990234375,39.0
2026-01-27 23:23:00-05:00,5233.7998046875,5234.2998046875,5233.7998046875,5234.2998046875,4.0
2026-01-27 23:24:00-05:00,5234.0,5234.39990234375,5232.7998046875,5232.7998046875,4.0
2026-01-27 23:25:00-05:00,5233.5,5233.5,5233.5,5233.5,5.0
2026-01-27 23:26:00-05:00,5232.7998046875,5235.7998046875,5232.2998046875,5235.39990234375,92.0
2026-01-27 23:27:00-05:00,5235.7001953125,5235.7998046875,5233.7001953125,5234.2001953125,93.0
2026-01-27 23:28:00-05:00,5235.10009765625,5235.60009765625,5233.10009765625,5233.10009765625,92.0
2026-01-27 23:29:00-05:00,5232.60009765625,5233.39990234375,5232.2001953125,5233.39990234375,56.0
2026-01-27 23:30:00-05:00,5233.2001953125,5234.60009765625,5233.2001953125,5234.60009765625,90.0
2026-01-27 23:31:00-05:00,5234.7998046875,5235.60009765625,5233.10009765625,5233.5,54.0
2026-01-27 23:32:00-05:00,5233.10009765625,5233.2998046875,5232.7998046875,5233.2998046875,9.0
2026-01-27 23:34:00-05:00,5233.0,5233.0,5233.0,5233.0,143.0
2026-01-27 23:35:00-05:00,5233.0,5233.0,5232.5,5232.5,44.0
2026-01-27 23:36:00-05:00,5230.5,5230.5,5230.5,5230.5,8.0
2026-01-27 23:37:00-05:00,5230.2998046875,5232.0,5230.2998046875,5231.2998046875,51.0
2026-01-27 23:38:00-05:00,5231.60009765625,5233.7001953125,5230.5,5233.7001953125,76.0
2026-01-27 23:39:00-05:00,5233.7001953125,5234.5,5233.60009765625,5234.5,34.0
2026-01-27 23:40:00-05:00,5235.60009765625,5235.60009765625,5234.2998046875,5234.7001953125,15.0
2026-01-27 23:41:00-05:00,5234.2001953125,5236.5,5234.2001953125,5236.5,44.0
2026-01-27 23:42:00-05:00,5236.60009765625,5237.7001953125,5235.2998046875,5235.39990234375,117.0
2026-01-27 23:43:00-05:00,5236.0,5237.0,5236.0,5236.7998046875,30.0
2026-01-27 23:44:00-05:00,5236.7998046875,5237.0,5236.7998046875,5236.7998046875,16.0
2026-01-27 23:45:00-05:00,5236.0,5236.0,5235.2998046875,5235.2998046875,137.0
2026-01-27 23:46:00-05:00,5235.60009765625,5235.60009765625,5229.89990234375,5233.7998046875,71.0
2026-01-27 23:47:00-05:00,5233.39990234375,5234.39990234375,5233.39990234375,5234.39990234375,4.0
2026-01-27 23:48:00-05:00,5234.89990234375,5235.0,5234.60009765625,5235.0,10.0
2026-01-27 23:49:00-05:00,5234.89990234375,5234.89990234375,5234.10009765625,5234.10009765625,6.0
2026-01-27 23:50:00-05:00,5235.0,5235.0,5235.0,5235.0,3.0
2026-01-27 23:51:00-05:00,5236.89990234375,5237.7001953125,5236.7001953125,5237.7001953125,12.0
2026-01-27 23:52:00-05:00,5238.2998046875,5238.5,5237.39990234375,5237.39990234375,16.0
2026-01-27 23:53:00-05:00,5237.2998046875,5237.2998046875,5237.2998046875,5237.2998046875,7.0
2026-01-27 23:54:00-05:00,5238.0,5238.60009765625,5238.0,5238.39990234375,49.0
2026-01-27 23:55:00-05:00,5239.0,5241.39990234375,5238.2998046875,5240.7001953125,26.0
2026-01-27 23:56:00-05:00,5239.7998046875,5240.7998046875,5238.89990234375,5240.60009765625,52.0
2026-01-27 23:57:00-05:00,5241.2998046875,5243.0,5241.2998046875,5243.0,29.0
2026-01-27 23:58:00-05:00,5243.2001953125,5244.0,5242.7001953125,5242.7001953125,23.0
2026-01-28 00:00:00-05:00,5240.89990234375,5241.39990234375,5240.2998046875,5240.2998046875,16.0
2026-01-28 00:01:00-05:00,5239.5,5239.5,5237.89990234375,5237.89990234375,9.0
2026-01-28 00:02:00-05:00,5237.5,5238.89990234375,5237.10009765625,5238.7998046875,30.0
2026-01-28 00:03:00-05:00,5238.7001953125,5238.7001953125,5238.2001953125,5238.39990234375,10.0
2026-01-28 00:04:00-05:00,5239.0,5242.89990234375,5239.0,5242.10009765625,52.0
2026-01-28 00:05:00-05:00,5242.60009765625,5244.2998046875,5242.60009765625,5244.0,30.0
2026-01-28 00:06:00-05:00,5243.60009765625,5245.39990234375,5243.60009765625,5244.7998046875,65.0
2026-01-28 00:07:00-05:00,5245.0,5246.60009765625,5244.89990234375,5245.7001953125,45.0
2026-01-28 00:08:00-05:00,5245.7998046875,5246.2001953125,5244.5,5245.10009765625,50.0
2026-01-28 00:09:00-05:00,5245.5,5247.7998046875,5245.5,5247.7001953125,51.0
2026-01-28 00:10:00-05:00,5247.5,5250.39990234375,5247.5,5249.7998046875,93.0
2026-01-28 00:11:00-05:00,5249.60009765625,5251.10009765625,5248.39990234375,5248.7001953125,59.0
2026-01-28 00:12:00-05:00,5248.10009765625,5249.5,5244.60009765625,5245.0,57.0
2026-01-28 00:13:00-05:00,5244.89990234375,5246.2998046875,5244.89990234375,5245.39990234375,71.0
2026-01-28 00:14:00-05:00,5246.7001953125,5249.2001953125,5245.60009765625,5247.39990234375,40.0
2026-01-28 00:15:00-05:00,5247.39990234375,5248.60009765625,5246.5,5248.60009765625,20.0
2026-01-28 00:16:00-05:00,5247.89990234375,5249.7001953125,5247.89990234375,5248.7001953125,21.0
2026-01-28 00:17:00-05:00,5248.10009765625,5249.2001953125,5247.7998046875,5249.2001953125,10.0
2026-01-28 00:19:00-05:00,5249.10009765625,5251.60009765625,5249.10009765625,5251.60009765625,86.0
2026-01-28 00:20:00-05:00,5251.60009765625,5252.5,5250.89990234375,5251.2998046875,52.0
2026-01-28 00:21:00-05:00,5250.7998046875,5251.10009765625,5248.89990234375,5249.7001953125,35.0
2026-01-28 00:22:00-05:00,5249.5,5250.2001953125,5248.7998046875,5249.39990234375,16.0
2026-01-28 00:23:00-05:00,5249.2001953125,5253.60009765625,5249.2001953125,5253.60009765625,84.0
2026-01-28 00:24:00-05:00,5253.5,5254.60009765625,5252.0,5252.0,68.0
2026-01-28 00:25:00-05:00,5250.89990234375,5250.89990234375,5245.89990234375,5247.0,29.0
2026-01-28 00:26:00-05:00,5247.5,5247.7001953125,5246.2998046875,5246.2998046875,11.0
2026-01-28 00:27:00-05:00,5247.2998046875,5248.60009765625,5247.2001953125,5248.5,18.0
2026-01-28 00:28:00-05:00,5248.5,5255.5,5248.5,5253.89990234375,116.0
2026-01-28 00:29:00-05:00,5252.89990234375,5253.39990234375,5251.0,5252.2001953125,29.0
2026-01-28 00:30:00-05:00,5252.60009765625,5256.0,5252.60009765625,5253.89990234375,25.0
2026-01-28 00:31:00-05:00,5254.5,5254.7998046875,5251.39990234375,5252.89990234375,33.0
2026-01-28 00:32:00-05:00,5253.2001953125,5253.2001953125,5247.89990234375,5248.39990234375,84.0
2026-01-28 00:33:00-05:00,5248.2001953125,5248.2001953125,5244.0,5244.0,36.0
2026-01-28 00:34:00-05:00,5247.39990234375,5249.2001953125,5244.0,5248.10009765625,65.0
2026-01-28 00:35:00-05:00,5249.0,5250.2998046875,5247.7001953125,5248.0,68.0
2026-01-28 00:36:00-05:00,5251.0,5252.7001953125,5249.2001953125,5251.0,94.0
2026-01-28 00:37:00-05:00,5251.0,5252.39990234375,5250.7998046875,5251.7998046875,29.0
2026-01-28 00:38:00-05:00,5250.60009765625,5252.7998046875,5250.2998046875,5252.0,21.0
2026-01-28 00:39:00-05:00,5253.0,5253.0,5253.0,5253.0,3.0
2026-01-28 00:40:00-05:00,5253.10009765625,5255.2001953125,5253.10009765625,5253.5,15.0
2026-01-28 00:41:00-05:00,5255.5,5259.2998046875,5255.5,5259.10009765625,79.0
2026-01-28 00:42:00-05:00,5258.7001953125,5258.7001953125,5256.60009765625,5257.7001953125,33.0
2026-01-28 00:43:00-05:00,5257.39990234375,5258.0,5256.60009765625,5258.0,27.0
2026-01-28 00:44:00-05:00,5258.2998046875,5258.5,5256.60009765625,5258.5,39.0
2026-01-28 00:45:00-05:00,5256.10009765625,5257.0,5254.89990234375,5255.7001953125,38.0
2026-01-28 00:46:00-05:00,5256.0,5256.0,5253.39990234375,5255.0,26.0
2026-01-28 00:47:00-05:00,5255.5,5257.7001953125,5255.5,5257.0,28.0
2026-01-28 00:48:00-05:00,5257.2998046875,5258.7998046875,5257.2998046875,5257.60009765625,31.0
2026-01-28 00:49:00-05:00,5257.89990234375,5259.2001953125,5257.89990234375,5258.10009765625,16.0
2026-01-28 00:50:00-05:00,5256.7998046875,5256.7998046875,5254.39990234375,5254.39990234375,19.0
2026-01-28 00:51:00-05:00,5253.5,5255.10009765625,5253.2001953125,5253.39990234375,16.0
2026-01-28 00:52:00-05:00,5254.60009765625,5254.60009765625,5253.2001953125,5253.5,21.0
2026-01-28 00:53:00-05:00,5253.5,5255.7998046875,5253.5,5255.7998046875,13.0
2026-01-28 00:54:00-05:00,5253.5,5253.5,5250.7998046875,5250.7998046875,42.0
2026-01-28 00:55:00-05:00,5253.2001953125,5253.60009765625,5251.10009765625,5251.7001953125,26.0
2026-01-28 00:56:00-05:00,5251.60009765625,5254.7001953125,5251.60009765625,5254.7001953125,12.0
2026-01-28 00:57:00-05:00,5256.10009765625,5256.10009765625,5254.60009765625,5255.5,30.0
2026-01-28 00:58:00-05:00,5255.60009765625,5255.7001953125,5255.0,5255.0,6.0
2026-01-28 00:59:00-05:00,5254.5,5255.10009765625,5253.89990234375,5253.89990234375,30.0
2026-01-28 01:00:00-05:00,5253.10009765625,5255.5,5252.10009765625,5254.39990234375,17.0
2026-01-28 01:01:00-05:00,5255.5,5255.5,5254.89990234375,5254.89990234375,13.0
2026-01-28 01:02:00-05:00,5253.39990234375,5253.39990234375,5251.7998046875,5252.89990234375,20.0
2026-01-28 01:03:00-05:00,5253.2998046875,5254.5,5253.10009765625,5253.2998046875,9.0
2026-01-28 01:04:00-05:00,5252.7998046875,5252.7998046875,5250.2001953125,5250.39990234375,39.0
2026-01-28 01:05:00-05:00,5250.60009765625,5251.10009765625,5248.2001953125,5248.2998046875,17.0
2026-01-28 01:06:00-05:00,5248.60009765625,5248.60009765625,5245.60009765625,5245.60009765625,61.0
2026-01-28 01:07:00-05:00,5246.2998046875,5251.5,5246.2998046875,5250.60009765625,53.0
2026-01-28 01:08:00-05:00,5250.7998046875,5251.10009765625,5246.7998046875,5248.10009765625,26.0
2026-01-28 01:09:00-05:00,5248.2998046875,5249.39990234375,5245.89990234375,5249.39990234375,37.0
2026-01-28 01:10:00-05:00,5249.39990234375,5250.39990234375,5249.39990234375,5249.60009765625,10.0
2026-01-28 01:11:00-05:00,5249.89990234375,5251.60009765625,5249.89990234375,5251.60009765625,38.0
2026-01-28 01:12:00-05:00,5251.5,5251.7998046875,5251.2001953125,5251.2001953125,10.0
2026-01-28 01:13:00-05:00,5251.39990234375,5253.10009765625,5251.39990234375,5252.7001953125,13.0
2026-01-28 01:14:00-05:00,5251.60009765625,5253.0,5251.5,5252.7001953125,48.0
2026-01-28 01:15:00-05:00,5253.5,5254.2001953125,5252.10009765625,5252.5,36.0
2026-01-28 01:16:00-05:00,5252.60009765625,5253.7998046875,5252.60009765625,5253.60009765625,141.0
2026-01-28 01:17:00-05:00,5254.0,5255.0,5254.0,5254.7001953125,10.0
2026-01-28 01:18:00-05:00,5255.10009765625,5256.0,5253.89990234375,5254.2001953125,10.0
2026-01-28 01:19:00-05:00,5255.2998046875,5257.39990234375,5255.2998046875,5257.39990234375,35.0
2026-01-28 01:20:00-05:00,5256.10009765625,5258.2998046875,5256.0,5257.0,9.0
2026-01-28 01:21:00-05:00,5257.39990234375,5258.0,5256.60009765625,5257.0,59.0
2026-01-28 01:22:00-05:00,5256.0,5256.0,5253.60009765625,5253.89990234375,12.0
2026-01-28 01:23:00-05:00,5252.7001953125,5254.2001953125,5252.39990234375,5254.10009765625,33.0
2026-01-28 01:24:00-05:00,5253.10009765625,5253.7001953125,5252.39990234375,5252.89990234375,18.0
2026-01-28 01:25:00-05:00,5251.39990234375,5252.5,5247.7001953125,5248.0,52.0
2026-01-28 01:26:00-05:00,5247.60009765625,5248.10009765625,5245.0,5246.89990234375,57.0
2026-01-28 01:27:00-05:00,5246.7001953125,5250.10009765625,5246.7001953125,5249.5,61.0
2026-01-28 01:28:00-05:00,5249.39990234375,5249.39990234375,5248.0,5248.2998046875,47.0
2026-01-28 01:29:00-05:00,5248.2001953125,5249.2001953125,5247.2001953125,5248.60009765625,61.0
2026-01-28 01:30:00-05:00,5248.39990234375,5250.0,5247.39990234375,5248.39990234375,65.0
2026-01-28 01:31:00-05:00,5250.2998046875,5253.0,5249.7998046875,5253.0,18.0
2026-01-28 01:32:00-05:00,5253.60009765625,5255.10009765625,5252.0,5252.5,32.0
2026-01-28 01:33:00-05:00,5252.89990234375,5253.39990234375,5250.7998046875,5251.10009765625,61.0
2026-01-28 01:34:00-05:00,5253.60009765625,5253.60009765625,5251.0,5251.5,15.0
2026-01-28 01:35:00-05:00,5250.89990234375,5254.5,5250.89990234375,5254.5,49.0
2026-01-28 01:36:00-05:00,5254.39990234375,5256.7001953125,5254.39990234375,5256.10009765625,13.0
2026-01-28 01:37:00-05:00,5255.7001953125,5257.10009765625,5254.89990234375,5255.7001953125,68.0
2026-01-28 01:38:00-05:00,5255.0,5255.0,5253.10009765625,5253.2001953125,40.0
2026-01-28 01:39:00-05:00,5251.7001953125,5251.7001953125,5250.7998046875,5250.89990234375,27.0
2026-01-28 01:40:00-05:00,5251.5,5251.5,5250.89990234375,5251.2001953125,6.0
2026-01-28 01:41:00-05:00,5252.7001953125,5253.7001953125,5252.7001953125,5253.7001953125,6.0
2026-01-28 01:42:00-05:00,5255.2001953125,5255.7998046875,5255.0,5255.5,15.0
2026-01-28 01:43:00-05:00,5255.89990234375,5256.7001953125,5253.10009765625,5253.10009765625,29.0
2026-01-28 01:44:00-05:00,5253.5,5255.7998046875,5253.2998046875,5254.7001953125,29.0
2026-01-28 01:45:00-05:00,5255.10009765625,5255.39990234375,5252.5,5252.7998046875,12.0
2026-01-28 01:46:00-05:00,5251.5,5251.89990234375,5250.2001953125,5250.2001953125,67.0
2026-01-28 01:47:00-05:00,5251.2001953125,5251.89990234375,5251.0,5251.89990234375,22.0
2026-01-28 01:48:00-05:00,5251.7001953125,5251.7001953125,5251.10009765625,5251.5,7.0
2026-01-28 01:49:00-05:00,5253.10009765625,5256.10009765625,5253.10009765625,5255.39990234375,17.0
2026-01-28 01:50:00-05:00,5255.7001953125,5255.7001953125,5255.60009765625,5255.7001953125,23.0
2026-01-28 01:51:00-05:00,5256.7001953125,5261.0,5256.60009765625,5261.0,54.0
2026-01-28 01:52:00-05:00,5258.7001953125,5264.39990234375,5258.7001953125,5262.7998046875,119.0
2026-01-28 01:53:00-05:00,5262.7001953125,5264.2998046875,5259.89990234375,5260.0,95.0
2026-01-28 01:54:00-05:00,5260.2001953125,5260.2998046875,5259.0,5259.0,36.0
2026-01-28 01:55:00-05:00,5259.5,5259.7998046875,5258.10009765625,5259.10009765625,23.0
2026-01-28 01:56:00-05:00,5258.2998046875,5259.39990234375,5255.7998046875,5259.39990234375,56.0
2026-01-28 01:57:00-05:00,5258.89990234375,5260.7001953125,5258.89990234375,5259.60009765625,35.0
2026-01-28 01:58:00-05:00,5259.60009765625,5260.5,5259.60009765625,5260.5,33.0
2026-01-28 01:59:00-05:00,5260.0,5262.7001953125,5259.2001953125,5262.7001953125,26.0
2026-01-28 02:00:00-05:00,5263.2001953125,5263.2001953125,5257.39990234375,5258.0,71.0
2026-01-28 02:01:00-05:00,5257.7998046875,5258.5,5255.7001953125,5256.7001953125,107.0
2026-01-28 02:02:00-05:00,5256.5,5260.89990234375,5256.39990234375,5260.7001953125,69.0
2026-01-28 02:03:00-05:00,5260.5,5261.0,5259.2998046875,5259.2998046875,13.0
2026-01-28 02:04:00-05:00,5259.10009765625,5262.10009765625,5258.7998046875,5261.7001953125,28.0
2026-01-28 02:05:00-05:00,5261.60009765625,5261.89990234375,5260.5,5260.5,48.0
2026-01-28 02:06:00-05:00,5258.60009765625,5261.39990234375,5258.5,5260.10009765625,24.0
2026-01-28 02:07:00-05:00,5259.60009765625,5262.60009765625,5259.60009765625,5262.60009765625,11.0
2026-01-28 02:08:00-05:00,5261.39990234375,5262.2998046875,5261.39990234375,5261.89990234375,7.0
2026-01-28 02:09:00-05:00,5262.0,5267.0,5262.0,5265.0,114.0
2026-01-28 02:10:00-05:00,5264.5,5269.0,5264.2998046875,5268.10009765625,75.0
2026-01-28 02:11:00-05:00,5266.39990234375,5268.10009765625,5264.0,5264.0,58.0
2026-01-28 02:12:00-05:00,5263.7001953125,5265.7001953125,5263.60009765625,5265.7001953125,27.0
2026-01-28 02:13:00-05:00,5263.7001953125,5265.7998046875,5263.7001953125,5265.7998046875,8.0
2026-01-28 02:14:00-05:00,5264.39990234375,5267.7998046875,5264.39990234375,5267.7998046875,17.0
2026-01-28 02:15:00-05:00,5266.60009765625,5267.2001953125,5266.5,5267.0,34.0
2026-01-28 02:16:00-05:00,5267.7998046875,5269.7998046875,5267.0,5268.7001953125,74.0
2026-01-28 02:17:00-05:00,5269.2001953125,5270.7001953125,5268.10009765625,5268.5,144.0
2026-01-28 02:18:00-05:00,5269.10009765625,5271.60009765625,5269.10009765625,5271.60009765625,92.0
2026-01-28 02:19:00-05:00,5271.39990234375,5274.2998046875,5270.7001953125,5272.10009765625,71.0
2026-01-28 02:20:00-05:00,5272.10009765625,5275.89990234375,5271.7001953125,5275.7998046875,55.0
2026-01-28 02:21:00-05:00,5276.0,5276.2001953125,5273.2001953125,5274.7001953125,118.0
2026-01-28 02:22:00-05:00,5274.7001953125,5275.0,5271.10009765625,5271.7998046875,107.0
2026-01-28 02:23:00-05:00,5271.5,5271.5,5267.60009765625,5269.7001953125,84.0
2026-01-28 02:24:00-05:00,5269.7001953125,5272.39990234375,5269.7001953125,5271.7001953125,29.0
2026-01-28 02:25:00-05:00,5272.0,5276.7998046875,5272.0,5276.5,64.0
2026-01-28 02:26:00-05:00,5277.10009765625,5277.2001953125,5274.0,5274.10009765625,62.0
2026-01-28 02:27:00-05:00,5274.10009765625,5276.2001953125,5274.10009765625,5276.2001953125,252.0
2026-01-28 02:28:00-05:00,5276.7998046875,5276.7998046875,5274.2998046875,5274.2998046875,63.0
2026-01-28 02:29:00-05:00,5274.2001953125,5274.60009765625,5271.89990234375,5274.60009765625,71.0
2026-01-28 02:30:00-05:00,5274.60009765625,5275.2998046875,5272.89990234375,5274.10009765625,126.0
2026-01-28 02:31:00-05:00,5274.2001953125,5275.39990234375,5274.2001953125,5274.89990234375,32.0
2026-01-28 02:32:00-05:00,5275.0,5279.7998046875,5275.0,5276.0,254.0
2026-01-28 02:33:00-05:00,5275.10009765625,5275.39990234375,5274.2001953125,5275.2001953125,53.0
2026-01-28 02:34:00-05:00,5273.7001953125,5273.7001953125,5273.10009765625,5273.60009765625,10.0
2026-01-28 02:35:00-05:00,5273.7001953125,5273.7001953125,5272.0,5272.0,95.0
2026-01-28 02:36:00-05:00,5271.7001953125,5272.2001953125,5265.5,5270.89990234375,177.0
2026-01-28 02:37:00-05:00,5270.7001953125,5275.2001953125,5270.7001953125,5274.0,135.0
2026-01-28 02:38:00-05:00,5274.5,5275.2998046875,5272.60009765625,5272.60009765625,16.0
2026-01-28 02:39:00-05:00,5273.2001953125,5273.2001953125,5272.89990234375,5272.89990234375,9.0
2026-01-28 02:40:00-05:00,5273.2998046875,5273.2998046875,5272.0,5272.60009765625,68.0
2026-01-28 02:41:00-05:00,5273.0,5273.2001953125,5271.5,5273.2001953125,43.0
2026-01-28 02:42:00-05:00,5272.0,5275.2001953125,5272.0,5275.2001953125,39.0
2026-01-28 02:43:00-05:00,5274.10009765625,5274.5,5274.0,5274.5,4.0
2026-01-28 02:44:00-05:00,5275.0,5276.2001953125,5275.0,5275.7998046875,16.0
2026-01-28 02:45:00-05:00,5275.39990234375,5275.5,5272.5,5273.89990234375,19.0
2026-01-28 02:46:00-05:00,5273.5,5274.10009765625,5272.7998046875,5272.7998046875,16.0
2026-01-28 02:47:00-05:00,5272.89990234375,5275.7001953125,5272.89990234375,5275.7001953125,26.0
2026-01-28 02:48:00-05:00,5274.2998046875,5276.5,5273.7998046875,5276.5,21.0
2026-01-28 02:49:00-05:00,5278.0,5283.2998046875,5277.7998046875,5283.2001953125,120.0
2026-01-28 02:50:00-05:00,5283.10009765625,5283.10009765625,5279.5,5280.2001953125,35.0
2026-01-28 02:51:00-05:00,5280.0,5285.60009765625,5279.7001953125,5285.2001953125,72.0
2026-01-28 02:52:00-05:00,5285.7001953125,5285.7998046875,5283.7001953125,5284.2001953125,35.0
2026-01-28 02:53:00-05:00,5284.39990234375,5287.0,5284.2998046875,5285.7998046875,45.0
2026-01-28 02:54:00-05:00,5286.10009765625,5288.0,5286.10009765625,5287.39990234375,31.0
2026-01-28 02:55:00-05:00,5285.10009765625,5286.2998046875,5284.7001953125,5285.39990234375,24.0
2026-01-28 02:56:00-05:00,5285.89990234375,5286.2998046875,5284.0,5284.60009765625,20.0
2026-01-28 02:57:00-05:00,5285.0,5286.2998046875,5285.0,5285.0,33.0
2026-01-28 02:58:00-05:00,5285.5,5286.39990234375,5285.5,5286.39990234375,25.0
2026-01-28 02:59:00-05:00,5286.5,5286.5,5285.39990234375,5286.2001953125,38.0
2026-01-28 03:00:00-05:00,5285.39990234375,5285.5,5282.0,5285.2998046875,184.0
2026-01-28 03:01:00-05:00,5285.39990234375,5289.7001953125,5284.39990234375,5289.7001953125,89.0
2026-01-28 03:02:00-05:00,5289.89990234375,5290.7001953125,5288.60009765625,5290.39990234375,104.0
2026-01-28 03:03:00-05:00,5289.10009765625,5291.39990234375,5288.89990234375,5289.7001953125,31.0
2026-01-28 03:04:00-05:00,5290.39990234375,5291.60009765625,5289.7001953125,5290.39990234375,57.0
2026-01-28 03:05:00-05:00,5290.2001953125,5294.89990234375,5289.2001953125,5294.10009765625,55.0
2026-01-28 03:06:00-05:00,5293.5,5293.60009765625,5290.10009765625,5291.2998046875,42.0
2026-01-28 03:07:00-05:00,5291.2998046875,5293.0,5288.0,5291.7001953125,118.0
2026-01-28 03:08:00-05:00,5291.2001953125,5291.2001953125,5287.7998046875,5288.2998046875,58.0
2026-01-28 03:09:00-05:00,5287.60009765625,5290.2998046875,5287.2001953125,5290.2998046875,46.0
2026-01-28 03:10:00-05:00,5290.2998046875,5292.39990234375,5290.2998046875,5292.39990234375,8.0
2026-01-28 03:11:00-05:00,5290.2998046875,5290.2998046875,5288.39990234375,5289.0,40.0
2026-01-28 03:12:00-05:00,5288.0,5288.0,5284.5,5287.2001953125,155.0
2026-01-28 03:13:00-05:00,5286.39990234375,5288.5,5285.2001953125,5288.5,31.0
2026-01-28 03:14:00-05:00,5286.89990234375,5288.39990234375,5286.60009765625,5288.39990234375,42.0
2026-01-28 03:15:00-05:00,5288.39990234375,5289.2001953125,5285.2998046875,5287.2998046875,20.0
2026-01-28 03:16:00-05:00,5284.7998046875,5287.2001953125,5283.89990234375,5286.7001953125,59.0
2026-01-28 03:17:00-05:00,5286.7998046875,5288.5,5284.0,5287.0,42.0
2026-01-28 03:18:00-05:00,5286.89990234375,5288.10009765625,5286.0,5286.39990234375,54.0
2026-01-28 03:19:00-05:00,5286.60009765625,5288.7998046875,5286.60009765625,5287.2001953125,43.0
2026-01-28 03:20:00-05:00,5287.89990234375,5289.0,5286.60009765625,5289.0,33.0
2026-01-28 03:21:00-05:00,5288.5,5290.0,5288.2001953125,5288.2001953125,32.0
2026-01-28 03:22:00-05:00,5288.60009765625,5288.89990234375,5287.0,5288.2998046875,55.0
2026-01-28 03:23:00-05:00,5286.89990234375,5289.2001953125,5286.60009765625,5287.0,14.0
2026-01-28 03:24:00-05:00,5286.89990234375,5287.5,5286.2998046875,5287.5,17.0
2026-01-28 03:25:00-05:00,5288.60009765625,5291.0,5287.7001953125,5290.60009765625,46.0
2026-01-28 03:26:00-05:00,5290.7998046875,5295.2001953125,5288.7998046875,5293.10009765625,98.0
2026-01-28 03:27:00-05:00,5293.0,5296.0,5290.89990234375,5294.2001953125,158.0
2026-01-28 03:28:00-05:00,5294.2998046875,5294.60009765625,5292.60009765625,5293.2998046875,80.0
2026-01-28 03:29:00-05:00,5293.7998046875,5295.39990234375,5293.2998046875,5295.39990234375,40.0
2026-01-28 03:30:00-05:00,5295.39990234375,5298.10009765625,5293.7001953125,5295.2998046875,90.0
2026-01-28 03:31:00-05:00,5295.5,5295.5,5295.2998046875,5295.2998046875,3.0
2026-01-28 03:32:00-05:00,5335.60009765625,5344.5,5335.39990234375,5344.5,70043.0
2026-01-28 03:33:00-05:00,5344.39990234375,5345.0,5343.10009765625,5343.39990234375,474.0
2026-01-28 03:34:00-05:00,5343.2998046875,5343.2998046875,5338.60009765625,5339.10009765625,494.0
2026-01-28 03:35:00-05:00,5338.7998046875,5339.7001953125,5336.39990234375,5338.0,317.0
2026-01-28 03:36:00-05:00,5337.7001953125,5338.7001953125,5336.10009765625,5338.39990234375,266.0
2026-01-28 03:37:00-05:00,5338.39990234375,5340.89990234375,5336.39990234375,5337.2001953125,329.0
2026-01-28 03:38:00-05:00,5337.2998046875,5337.39990234375,5330.10009765625,5333.0,587.0
2026-01-28 03:39:00-05:00,5332.7001953125,5333.10009765625,5329.5,5330.7001953125,258.0
2026-01-28 03:40:00-05:00,5330.89990234375,5332.7998046875,5328.7998046875,5331.7001953125,240.0
2026-01-28 03:41:00-05:00,5331.7998046875,5332.2001953125,5327.39990234375,5331.10009765625,316.0
2026-01-28 03:42:00-05:00,5330.5,5332.89990234375,5327.2998046875,5328.2001953125,206.0
2026-01-28 03:43:00-05:00,5328.10009765625,5328.39990234375,5325.5,5326.5,296.0
2026-01-28 03:44:00-05:00,5325.89990234375,5326.89990234375,5323.2998046875,5323.7998046875,455.0
2026-01-28 03:45:00-05:00,5323.39990234375,5323.7998046875,5316.2998046875,5316.2998046875,905.0
2026-01-28 03:46:00-05:00,5316.39990234375,5321.5,5314.0,5316.7001953125,793.0
2026-01-28 03:47:00-05:00,5316.7998046875,5318.60009765625,5314.5,5317.7998046875,245.0
2026-01-28 03:48:00-05:00,5317.2998046875,5318.39990234375,5315.7001953125,5316.5,303.0
2026-01-28 03:49:00-05:00,5316.7998046875,5319.5,5315.2001953125,5317.89990234375,245.0
2026-01-28 03:50:00-05:00,5318.2001953125,5320.2001953125,5316.89990234375,5318.89990234375,203.0
2026-01-28 03:51:00-05:00,5319.10009765625,5323.0,5318.2998046875,5320.2001953125,247.0
2026-01-28 03:52:00-05:00,5320.7001953125,5322.5,5318.2998046875,5322.2001953125,233.0
2026-01-28 03:53:00-05:00,5322.2998046875,5324.10009765625,5321.60009765625,5324.10009765625,206.0
2026-01-28 03:54:00-05:00,5324.0,5329.7001953125,5323.39990234375,5326.5,601.0
2026-01-28 03:55:00-05:00,5326.5,5327.60009765625,5324.2001953125,5326.0,124.0
2026-01-28 03:56:00-05:00,5325.5,5327.10009765625,5323.39990234375,5326.60009765625,206.0
2026-01-28 03:57:00-05:00,5326.7001953125,5329.39990234375,5325.7001953125,5327.39990234375,173.0
2026-01-28 03:58:00-05:00,5327.2998046875,5329.10009765625,5326.2001953125,5328.7998046875,115.0
2026-01-28 03:59:00-05:00,5328.39990234375,5328.7001953125,5326.7998046875,5327.0,169.0
2026-01-28 04:00:00-05:00,5326.7998046875,5331.2001953125,5326.2001953125,5328.60009765625,334.0
2026-01-28 04:01:00-05:00,5328.2998046875,5330.2001953125,5326.7998046875,5326.7998046875,146.0
2026-01-28 04:02:00-05:00,5326.7001953125,5327.2001953125,5325.0,5325.89990234375,130.0
2026-01-28 04:03:00-05:00,5326.2001953125,5329.10009765625,5326.0,5327.60009765625,101.0
2026-01-28 04:04:00-05:00,5327.89990234375,5328.39990234375,5325.7001953125,5325.7001953125,80.0
2026-01-28 04:05:00-05:00,5326.2998046875,5328.2001953125,5326.2998046875,5326.7998046875,76.0
2026-01-28 04:06:00-05:00,5327.0,5327.5,5325.89990234375,5325.89990234375,43.0
2026-01-28 04:07:00-05:00,5325.89990234375,5326.0,5321.10009765625,5325.5,315.0
2026-01-28 04:08:00-05:00,5325.5,5326.2001953125,5323.60009765625,5325.89990234375,71.0
2026-01-28 04:09:00-05:00,5325.39990234375,5328.2001953125,5324.89990234375,5327.60009765625,90.0
2026-01-28 04:10:00-05:00,5327.7001953125,5329.2001953125,5326.60009765625,5327.2998046875,134.0
2026-01-28 04:11:00-05:00,5327.10009765625,5328.2998046875,5325.2001953125,5325.5,73.0
2026-01-28 04:12:00-05:00,5325.2001953125,5325.7998046875,5316.7998046875,5318.5,331.0
2026-01-28 04:13:00-05:00,5318.7998046875,5320.5,5316.0,5316.0,420.0
2026-01-28 04:14:00-05:00,5316.2001953125,5316.7998046875,5314.10009765625,5316.39990234375,434.0
2026-01-28 04:15:00-05:00,5316.39990234375,5316.39990234375,5313.10009765625,5313.5,353.0
2026-01-28 04:16:00-05:00,5313.60009765625,5315.5,5310.2998046875,5315.5,510.0
2026-01-28 04:17:00-05:00,5315.5,5316.2998046875,5309.5,5310.0,523.0
2026-01-28 04:18:00-05:00,5309.60009765625,5310.39990234375,5306.10009765625,5306.7001953125,481.0
2026-01-28 04:19:00-05:00,5307.0,5313.60009765625,5305.5,5312.0,402.0
2026-01-28 04:20:00-05:00,5312.2001953125,5314.10009765625,5308.2998046875,5308.5,230.0
2026-01-28 04:21:00-05:00,5308.60009765625,5308.89990234375,5305.0,5307.2001953125,244.0
2026-01-28 04:22:00-05:00,5307.39990234375,5308.7001953125,5304.0,5304.7001953125,209.0
2026-01-28 04:23:00-05:00,5304.89990234375,5306.0,5302.7001953125,5302.7001953125,355.0
2026-01-28 04:24:00-05:00,5302.89990234375,5306.0,5302.89990234375,5303.89990234375,231.0
2026-01-28 04:25:00-05:00,5303.89990234375,5309.0,5303.89990234375,5307.89990234375,274.0
2026-01-28 04:26:00-05:00,5308.60009765625,5312.60009765625,5308.10009765625,5310.0,378.0
2026-01-28 04:27:00-05:00,5309.89990234375,5310.2001953125,5307.7998046875,5308.89990234375,222.0
2026-01-28 04:28:00-05:00,5308.89990234375,5314.0,5308.89990234375,5313.2998046875,203.0
2026-01-28 04:29:00-05:00,5313.0,5313.60009765625,5309.7001953125,5310.10009765625,240.0
2026-01-28 04:30:00-05:00,5309.7998046875,5310.2998046875,5305.5,5305.5,278.0
2026-01-28 04:31:00-05:00,5306.0,5306.7998046875,5303.7001953125,5304.7001953125,260.0
2026-01-28 04:32:00-05:00,5304.7998046875,5310.0,5304.5,5309.7998046875,186.0
2026-01-28 04:33:00-05:00,5309.5,5312.7001953125,5307.5,5312.2998046875,238.0
2026-01-28 04:34:00-05:00,5312.2998046875,5314.39990234375,5312.2001953125,5314.2998046875,173.0
2026-01-28 04:35:00-05:00,5314.7998046875,5314.7998046875,5311.5,5312.89990234375,66.0
2026-01-28 04:36:00-05:00,5313.0,5314.10009765625,5312.10009765625,5313.5,428.0
2026-01-28 04:37:00-05:00,5313.2998046875,5313.5,5311.10009765625,5312.0,336.0
2026-01-28 04:38:00-05:00,5312.0,5312.2001953125,5309.2001953125,5310.7998046875,162.0
2026-01-28 04:39:00-05:00,5310.7998046875,5312.0,5308.10009765625,5309.60009765625,194.0
2026-01-28 04:40:00-05:00,5309.39990234375,5310.7998046875,5308.2001953125,5310.7998046875,132.0
2026-01-28 04:41:00-05:00,5311.2001953125,5312.5,5308.2998046875,5308.2998046875,147.0
2026-01-28 04:42:00-05:00,5308.39990234375,5308.7001953125,5305.10009765625,5306.60009765625,204.0
2026-01-28 04:43:00-05:00,5306.39990234375,5307.7001953125,5304.5,5304.7001953125,74.0
2026-01-28 04:44:00-05:00,5304.0,5304.0,5296.7998046875,5300.7001953125,626.0
2026-01-28 04:45:00-05:00,5301.7001953125,5305.7998046875,5301.60009765625,5305.2998046875,184.0
2026-01-28 04:46:00-05:00,5305.0,5307.5,5304.5,5306.39990234375,285.0
2026-01-28 04:47:00-05:00,5305.7001953125,5307.89990234375,5304.7001953125,5307.10009765625,113.0
2026-01-28 04:48:00-05:00,5306.89990234375,5308.0,5306.5,5307.39990234375,91.0
2026-01-28 04:49:00-05:00,5307.7001953125,5308.60009765625,5307.7001953125,5308.60009765625,41.0
2026-01-28 04:50:00-05:00,5308.7001953125,5309.7998046875,5308.7001953125,5309.0,72.0
2026-01-28 04:51:00-05:00,5308.7998046875,5310.7998046875,5308.7998046875,5310.2998046875,119.0
2026-01-28 04:52:00-05:00,5310.39990234375,5311.5,5309.7001953125,5310.2998046875,146.0
2026-01-28 04:53:00-05:00,5310.10009765625,5311.0,5307.60009765625,5308.7998046875,133.0
2026-01-28 04:54:00-05:00,5308.7001953125,5310.7001953125,5307.7001953125,5309.2998046875,125.0
2026-01-28 04:55:00-05:00,5309.2998046875,5311.10009765625,5308.89990234375,5309.2998046875,105.0
2026-01-28 04:56:00-05:00,5309.7001953125,5311.0,5308.89990234375,5311.0,106.0
2026-01-28 04:57:00-05:00,5310.60009765625,5311.7001953125,5309.7998046875,5310.7001953125,143.0
2026-01-28 04:58:00-05:00,5310.39990234375,5311.0,5309.7998046875,5310.60009765625,45.0
2026-01-28 04:59:00-05:00,5310.10009765625,5312.7001953125,5309.89990234375,5311.7998046875,106.0
2026-01-28 05:00:00-05:00,5311.89990234375,5313.39990234375,5311.60009765625,5312.7001953125,137.0
2026-01-28 05:01:00-05:00,5312.39990234375,5312.7001953125,5311.0,5311.2001953125,185.0
2026-01-28 05:02:00-05:00,5311.0,5314.5,5310.5,5312.2001953125,292.0
2026-01-28 05:03:00-05:00,5312.10009765625,5313.5,5310.0,5310.39990234375,107.0
2026-01-28 05:04:00-05:00,5310.60009765625,5311.7998046875,5309.60009765625,5309.89990234375,76.0
2026-01-28 05:05:00-05:00,5309.7001953125,5310.39990234375,5306.60009765625,5308.7001953125,186.0
2026-01-28 05:06:00-05:00,5309.60009765625,5310.60009765625,5308.39990234375,5308.7001953125,257.0
2026-01-28 05:07:00-05:00,5309.0,5311.0,5309.0,5310.10009765625,84.0
2026-01-28 05:08:00-05:00,5310.2001953125,5312.0,5309.7998046875,5311.10009765625,54.0
2026-01-28 05:09:00-05:00,5311.0,5316.7001953125,5310.89990234375,5315.7001953125,211.0
2026-01-28 05:10:00-05:00,5315.7998046875,5317.39990234375,5313.2998046875,5317.2001953125,187.0
2026-01-28 05:11:00-05:00,5317.10009765625,5319.89990234375,5316.60009765625,5317.7998046875,353.0
2026-01-28 05:12:00-05:00,5317.60009765625,5318.5,5317.0,5318.10009765625,132.0
2026-01-28 05:13:00-05:00,5318.0,5318.2998046875,5316.10009765625,5316.7001953125,60.0
2026-01-28 05:14:00-05:00,5316.60009765625,5317.0,5315.2998046875,5316.7001953125,79.0
2026-01-28 05:15:00-05:00,5316.2998046875,5316.7998046875,5314.2001953125,5315.10009765625,136.0
2026-01-28 05:16:00-05:00,5315.0,5315.10009765625,5312.7001953125,5312.89990234375,76.0
2026-01-28 05:17:00-05:00,5312.89990234375,5314.39990234375,5310.89990234375,5314.2998046875,214.0
2026-01-28 05:18:00-05:00,5314.2998046875,5315.2998046875,5314.0,5314.5,29.0
2026-01-28 05:19:00-05:00,5314.10009765625,5314.39990234375,5311.0,5311.0,67.0
2026-01-28 05:20:00-05:00,5311.2998046875,5313.2001953125,5310.60009765625,5313.10009765625,104.0
2026-01-28 05:21:00-05:00,5313.5,5313.60009765625,5310.60009765625,5311.7998046875,116.0
2026-01-28 05:22:00-05:00,5312.0,5314.60009765625,5312.0,5314.0,81.0
2026-01-28 05:23:00-05:00,5313.7998046875,5314.7001953125,5313.7001953125,5314.0,32.0
2026-01-28 05:24:00-05:00,5314.2998046875,5314.5,5312.2998046875,5312.7001953125,119.0
2026-01-28 05:25:00-05:00,5313.0,5313.0,5308.89990234375,5310.2998046875,174.0
2026-01-28 05:26:00-05:00,5310.60009765625,5311.7998046875,5310.2001953125,5310.5,57.0
2026-01-28 05:27:00-05:00,5312.0,5312.7001953125,5311.2001953125,5312.2998046875,122.0
2026-01-28 05:28:00-05:00,5311.2998046875,5314.2001953125,5311.2998046875,5313.60009765625,50.0
2026-01-28 05:29:00-05:00,5313.5,5313.5,5311.5,5312.2998046875,128.0
2026-01-28 05:30:00-05:00,5312.0,5312.0,5306.60009765625,5308.5,475.0
2026-01-28 05:31:00-05:00,5308.89990234375,5312.89990234375,5307.10009765625,5309.7001953125,461.0
2026-01-28 05:32:00-05:00,5309.39990234375,5311.39990234375,5306.89990234375,5309.39990234375,165.0
2026-01-28 05:33:00-05:00,5308.89990234375,5309.7998046875,5307.7998046875,5309.2998046875,135.0
2026-01-28 05:34:00-05:00,5309.7001953125,5309.7001953125,5306.5,5306.7001953125,103.0
2026-01-28 05:35:00-05:00,5307.39990234375,5307.39990234375,5304.0,5306.10009765625,185.0
2026-01-28 05:36:00-05:00,5306.60009765625,5307.2001953125,5303.7998046875,5305.0,162.0
2026-01-28 05:37:00-05:00,5304.60009765625,5304.7998046875,5302.7998046875,5304.60009765625,136.0
2026-01-28 05:38:00-05:00,5304.7001953125,5305.2001953125,5303.39990234375,5304.2998046875,224.0
2026-01-28 05:39:00-05:00,5304.2001953125,5306.89990234375,5302.5,5306.39990234375,187.0
2026-01-28 05:40:00-05:00,5306.7001953125,5307.89990234375,5305.2998046875,5307.0,175.0
2026-01-28 05:41:00-05:00,5306.7001953125,5309.10009765625,5305.7001953125,5305.7001953125,215.0
2026-01-28 05:42:00-05:00,5305.89990234375,5307.7001953125,5304.10009765625,5306.89990234375,226.0
2026-01-28 05:43:00-05:00,5306.7998046875,5306.7998046875,5304.7001953125,5305.2998046875,110.0
2026-01-28 05:44:00-05:00,5305.7001953125,5308.7998046875,5304.2001953125,5307.7998046875,154.0
2026-01-28 05:45:00-05:00,5308.0,5310.89990234375,5307.7998046875,5310.5,148.0
2026-01-28 05:46:00-05:00,5310.2998046875,5310.7998046875,5308.0,5308.0,148.0
2026-01-28 05:47:00-05:00,5308.2998046875,5308.5,5306.39990234375,5306.89990234375,92.0
2026-01-28 05:48:00-05:00,5307.0,5307.89990234375,5305.7001953125,5307.60009765625,149.0
2026-01-28 05:49:00-05:00,5307.60009765625,5310.0,5307.60009765625,5309.10009765625,101.0
2026-01-28 05:50:00-05:00,5309.2001953125,5310.60009765625,5307.39990234375,5308.2001953125,175.0
2026-01-28 05:51:00-05:00,5307.7001953125,5309.7998046875,5307.5,5309.39990234375,132.0
2026-01-28 05:52:00-05:00,5309.5,5310.2998046875,5309.2001953125,5309.2001953125,227.0
2026-01-28 05:53:00-05:00,5309.39990234375,5312.60009765625,5309.39990234375,5312.5,203.0
2026-01-28 05:54:00-05:00,5312.60009765625,5314.2001953125,5310.7998046875,5313.5,260.0
2026-01-28 05:55:00-05:00,5313.39990234375,5313.7998046875,5310.2998046875,5311.0,97.0
2026-01-28 05:56:00-05:00,5310.7001953125,5310.89990234375,5309.2998046875,5309.5,59.0
2026-01-28 05:57:00-05:00,5309.5,5310.2001953125,5308.2001953125,5308.2001953125,47.0
2026-01-28 05:58:00-05:00,5308.10009765625,5308.39990234375,5306.7001953125,5306.7001953125,79.0
2026-01-28 05:59:00-05:00,5306.7001953125,5307.0,5303.7001953125,5303.7001953125,139.0
2026-01-28 06:00:00-05:00,5304.2998046875,5305.0,5298.7998046875,5299.2998046875,240.0
2026-01-28 06:01:00-05:00,5298.7001953125,5303.2001953125,5297.7998046875,5301.0,362.0
2026-01-28 06:02:00-05:00,5301.2001953125,5302.2998046875,5298.7998046875,5299.39990234375,112.0
2026-01-28 06:03:00-05:00,5299.7998046875,5301.5,5299.0,5300.7001953125,77.0
2026-01-28 06:04:00-05:00,5300.89990234375,5300.89990234375,5275.7998046875,5276.2998046875,1956.0
2026-01-28 06:05:00-05:00,5276.2998046875,5284.7001953125,5276.0,5282.0,984.0
2026-01-28 06:06:00-05:00,5281.5,5284.0,5271.0,5281.60009765625,994.0
2026-01-28 06:07:00-05:00,5281.2998046875,5286.2998046875,5280.89990234375,5286.0,319.0
2026-01-28 06:08:00-05:00,5286.60009765625,5288.89990234375,5283.39990234375,5286.39990234375,196.0
2026-01-28 06:09:00-05:00,5285.7998046875,5286.10009765625,5282.39990234375,5283.5,273.0
2026-01-28 06:10:00-05:00,5284.10009765625,5293.5,5283.2001953125,5291.2998046875,380.0
2026-01-28 06:11:00-05:00,5291.39990234375,5292.2998046875,5287.39990234375,5290.7998046875,267.0
2026-01-28 06:12:00-05:00,5290.7998046875,5293.10009765625,5289.10009765625,5291.5,259.0
2026-01-28 06:13:00-05:00,5291.60009765625,5291.60009765625,5288.60009765625,5290.5,171.0
2026-01-28 06:14:00-05:00,5290.5,5293.7001953125,5289.0,5293.10009765625,192.0
2026-01-28 06:15:00-05:00,5292.2001953125,5295.0,5291.60009765625,5292.39990234375,165.0
2026-01-28 06:16:00-05:00,5291.0,5293.39990234375,5285.60009765625,5287.7001953125,315.0
2026-01-28 06:17:00-05:00,5287.2998046875,5288.7998046875,5285.5,5287.89990234375,111.0
2026-01-28 06:18:00-05:00,5287.2998046875,5290.2001953125,5287.10009765625,5289.39990234375,198.0
2026-01-28 06:19:00-05:00,5289.2998046875,5289.7998046875,5286.7001953125,5286.7001953125,131.0
2026-01-28 06:20:00-05:00,5286.5,5286.7001953125,5283.0,5285.10009765625,198.0
2026-01-28 06:21:00-05:00,5285.2998046875,5285.89990234375,5279.7001953125,5281.39990234375,276.0
2026-01-28 06:22:00-05:00,5281.2998046875,5284.10009765625,5278.0,5281.39990234375,350.0
2026-01-28 06:23:00-05:00,5281.2998046875,5284.7998046875,5280.60009765625,5281.7001953125,187.0
2026-01-28 06:24:00-05:00,5281.7001953125,5289.7001953125,5281.2998046875,5289.10009765625,210.0
2026-01-28 06:25:00-05:00,5288.7001953125,5290.60009765625,5288.39990234375,5289.39990234375,84.0
2026-01-28 06:26:00-05:00,5289.39990234375,5289.60009765625,5286.7001953125,5287.2998046875,79.0
2026-01-28 06:27:00-05:00,5287.0,5290.5,5287.0,5290.0,104.0
2026-01-28 06:28:00-05:00,5289.7998046875,5292.10009765625,5289.7001953125,5290.2001953125,74.0
2026-01-28 06:29:00-05:00,5289.7001953125,5294.39990234375,5289.10009765625,5292.0,187.0
2026-01-28 06:30:00-05:00,5292.2001953125,5294.7001953125,5290.7998046875,5290.7998046875,160.0
2026-01-28 06:31:00-05:00,5290.60009765625,5291.10009765625,5288.39990234375,5288.89990234375,127.0
2026-01-28 06:32:00-05:00,5289.39990234375,5289.7001953125,5285.7998046875,5287.7998046875,200.0
2026-01-28 06:33:00-05:00,5288.10009765625,5290.89990234375,5286.5,5288.7001953125,161.0
2026-01-28 06:34:00-05:00,5289.2001953125,5290.2998046875,5288.10009765625,5288.2001953125,219.0
2026-01-28 06:35:00-05:00,5288.2001953125,5288.60009765625,5286.2001953125,5287.39990234375,94.0
2026-01-28 06:36:00-05:00,5287.0,5288.2001953125,5285.0,5287.60009765625,90.0
2026-01-28 06:37:00-05:00,5287.2998046875,5287.60009765625,5284.2001953125,5287.60009765625,122.0
2026-01-28 06:38:00-05:00,5287.7998046875,5290.5,5287.0,5290.5,66.0
2026-01-28 06:39:00-05:00,5290.7998046875,5292.10009765625,5290.7998046875,5291.39990234375,84.0
2026-01-28 06:40:00-05:00,5291.7998046875,5293.5,5291.7001953125,5293.5,138.0
2026-01-28 06:41:00-05:00,5293.7001953125,5295.0,5293.0,5293.7001953125,339.0
2026-01-28 06:42:00-05:00,5293.7001953125,5294.7001953125,5293.10009765625,5293.39990234375,129.0
2026-01-28 06:43:00-05:00,5293.2998046875,5294.0,5292.2001953125,5292.2001953125,35.0
2026-01-28 06:44:00-05:00,5292.0,5294.2001953125,5291.89990234375,5293.7998046875,148.0
2026-01-28 06:45:00-05:00,5293.89990234375,5295.0,5293.0,5294.39990234375,105.0
2026-01-28 06:46:00-05:00,5293.89990234375,5295.0,5293.7998046875,5294.7001953125,133.0
2026-01-28 06:47:00-05:00,5294.89990234375,5296.89990234375,5294.10009765625,5296.10009765625,157.0
2026-01-28 06:48:00-05:00,5295.89990234375,5298.39990234375,5295.7998046875,5298.2001953125,144.0
2026-01-28 06:49:00-05:00,5298.0,5298.2998046875,5297.0,5298.0,45.0
2026-01-28 06:50:00-05:00,5298.2001953125,5299.5,5297.10009765625,5297.7998046875,145.0
2026-01-28 06:51:00-05:00,5297.89990234375,5300.0,5296.7998046875,5299.7001953125,193.0
2026-01-28 06:52:00-05:00,5299.7001953125,5300.2998046875,5297.2001953125,5297.5,164.0
2026-01-28 06:53:00-05:00,5297.5,5298.0,5295.5,5295.5,198.0
2026-01-28 06:54:00-05:00,5295.7001953125,5295.7001953125,5292.60009765625,5294.2001953125,277.0
2026-01-28 06:55:00-05:00,5293.89990234375,5296.0,5293.2998046875,5294.60009765625,218.0
2026-01-28 06:56:00-05:00,5295.0,5296.2001953125,5294.10009765625,5294.2001953125,45.0
2026-01-28 06:57:00-05:00,5294.5,5296.60009765625,5292.7001953125,5295.10009765625,227.0
2026-01-28 06:58:00-05:00,5295.10009765625,5295.10009765625,5293.7998046875,5294.7998046875,57.0
2026-01-28 06:59:00-05:00,5294.7001953125,5295.2998046875,5292.5,5294.2001953125,65.0
2026-01-28 07:00:00-05:00,5294.39990234375,5295.10009765625,5293.39990234375,5294.7998046875,103.0
2026-01-28 07:01:00-05:00,5295.0,5296.89990234375,5294.89990234375,5296.2001953125,109.0
2026-01-28 07:02:00-05:00,5296.0,5296.0,5292.89990234375,5293.5,163.0
2026-01-28 07:03:00-05:00,5293.10009765625,5293.10009765625,5288.7001953125,5291.7001953125,238.0
2026-01-28 07:04:00-05:00,5291.7001953125,5292.2998046875,5287.60009765625,5288.10009765625,222.0
2026-01-28 07:05:00-05:00,5288.60009765625,5288.60009765625,5285.60009765625,5286.2998046875,163.0
2026-01-28 07:06:00-05:00,5286.2998046875,5287.5,5285.2998046875,5285.5,128.0
2026-01-28 07:07:00-05:00,5285.5,5289.10009765625,5284.5,5289.10009765625,138.0
2026-01-28 07:08:00-05:00,5288.0,5288.0,5285.60009765625,5286.10009765625,146.0
2026-01-28 07:09:00-05:00,5286.0,5288.2998046875,5284.2998046875,5287.7998046875,205.0
2026-01-28 07:10:00-05:00,5288.2001953125,5289.10009765625,5287.0,5287.39990234375,222.0
2026-01-28 07:11:00-05:00,5287.39990234375,5291.60009765625,5287.39990234375,5290.2998046875,230.0
2026-01-28 07:12:00-05:00,5290.0,5296.60009765625,5287.39990234375,5290.5,691.0
2026-01-28 07:13:00-05:00,5290.89990234375,5293.0,5290.0,5290.89990234375,197.0
2026-01-28 07:14:00-05:00,5290.5,5294.7001953125,5290.2001953125,5294.10009765625,214.0
2026-01-28 07:15:00-05:00,5294.0,5296.7001953125,5292.89990234375,5295.10009765625,219.0
2026-01-28 07:16:00-05:00,5295.10009765625,5295.2001953125,5292.0,5292.7998046875,173.0
2026-01-28 07:17:00-05:00,5293.5,5297.10009765625,5293.2001953125,5296.2998046875,149.0
2026-01-28 07:18:00-05:00,5296.10009765625,5297.60009765625,5293.60009765625,5294.0,295.0
2026-01-28 07:19:00-05:00,5293.7998046875,5294.60009765625,5290.7998046875,5294.60009765625,148.0
2026-01-28 07:20:00-05:00,5294.7001953125,5295.60009765625,5293.0,5294.10009765625,500.0
2026-01-28 07:21:00-05:00,5294.7998046875,5299.7998046875,5294.7001953125,5299.7998046875,204.0
2026-01-28 07:22:00-05:00,5299.60009765625,5301.60009765625,5297.7998046875,5299.7001953125,318.0
2026-01-28 07:23:00-05:00,5299.7998046875,5301.5,5299.5,5299.5,245.0
2026-01-28 07:24:00-05:00,5299.7998046875,5300.5,5298.89990234375,5300.2998046875,159.0
2026-01-28 07:25:00-05:00,5300.0,5300.10009765625,5298.5,5298.5,176.0
2026-01-28 07:26:00-05:00,5298.2001953125,5299.2001953125,5296.89990234375,5298.2998046875,291.0
2026-01-28 07:27:00-05:00,5299.2998046875,5301.10009765625,5296.2998046875,5296.7001953125,224.0
2026-01-28 07:28:00-05:00,5296.7998046875,5297.89990234375,5292.2998046875,5292.89990234375,246.0
2026-01-28 07:29:00-05:00,5292.89990234375,5294.2001953125,5291.60009765625,5293.7998046875,239.0
2026-01-28 07:30:00-05:00,5293.7998046875,5296.7998046875,5293.5,5296.10009765625,128.0
2026-01-28 07:31:00-05:00,5296.5,5296.5,5294.5,5295.7998046875,100.0
2026-01-28 07:32:00-05:00,5295.89990234375,5297.60009765625,5295.39990234375,5297.10009765625,98.0
2026-01-28 07:33:00-05:00,5297.2001953125,5297.2001953125,5295.60009765625,5296.0,163.0
2026-01-28 07:34:00-05:00,5295.89990234375,5297.39990234375,5295.0,5297.10009765625,299.0
2026-01-28 07:35:00-05:00,5296.2001953125,5298.60009765625,5296.0,5298.0,148.0
2026-01-28 07:36:00-05:00,5298.10009765625,5300.10009765625,5297.39990234375,5297.39990234375,327.0
2026-01-28 07:37:00-05:00,5297.39990234375,5299.89990234375,5296.5,5299.7998046875,227.0
2026-01-28 07:38:00-05:00,5299.7998046875,5301.10009765625,5299.2001953125,5299.2001953125,186.0
2026-01-28 07:39:00-05:00,5299.5,5303.0,5299.5,5302.7998046875,101.0
2026-01-28 07:40:00-05:00,5302.39990234375,5303.2001953125,5302.10009765625,5302.2001953125,84.0
2026-01-28 07:41:00-05:00,5302.2998046875,5302.2998046875,5299.2001953125,5299.89990234375,141.0
2026-01-28 07:42:00-05:00,5299.7001953125,5303.10009765625,5299.5,5302.2998046875,259.0
2026-01-28 07:43:00-05:00,5302.10009765625,5305.7998046875,5300.89990234375,5305.2001953125,330.0
2026-01-28 07:44:00-05:00,5304.7001953125,5305.2998046875,5300.0,5302.10009765625,398.0
2026-01-28 07:45:00-05:00,5302.2001953125,5303.39990234375,5301.2001953125,5303.39990234375,94.0
2026-01-28 07:46:00-05:00,5303.0,5304.0,5301.60009765625,5303.5,60.0
2026-01-28 07:47:00-05:00,5303.7998046875,5304.39990234375,5302.7998046875,5302.89990234375,83.0
2026-01-28 07:48:00-05:00,5302.7001953125,5303.10009765625,5298.7998046875,5298.89990234375,145.0
2026-01-28 07:49:00-05:00,5299.10009765625,5300.7998046875,5297.89990234375,5300.2998046875,129.0
2026-01-28 07:50:00-05:00,5299.89990234375,5302.10009765625,5298.89990234375,5301.10009765625,232.0
2026-01-28 07:51:00-05:00,5300.89990234375,5303.10009765625,5300.89990234375,5302.2001953125,153.0
2026-01-28 07:52:00-05:00,5302.5,5303.89990234375,5301.2998046875,5303.89990234375,165.0
2026-01-28 07:53:00-05:00,5303.60009765625,5305.7001953125,5303.60009765625,5305.2001953125,707.0
2026-01-28 07:54:00-05:00,5305.39990234375,5309.10009765625,5304.7001953125,5306.7001953125,484.0
2026-01-28 07:55:00-05:00,5306.89990234375,5308.0,5305.5,5306.7998046875,183.0
2026-01-28 07:56:00-05:00,5306.60009765625,5308.60009765625,5306.60009765625,5307.5,171.0
2026-01-28 07:57:00-05:00,5307.2001953125,5308.2998046875,5305.7998046875,5306.5,155.0
2026-01-28 07:58:00-05:00,5306.5,5308.7998046875,5306.5,5308.5,139.0
2026-01-28 07:59:00-05:00,5308.5,5311.7998046875,5307.2001953125,5311.7001953125,361.0
2026-01-28 08:00:00-05:00,5311.60009765625,5313.2998046875,5308.0,5311.10009765625,694.0
2026-01-28 08:01:00-05:00,5311.5,5315.2001953125,5310.89990234375,5313.2001953125,296.0
2026-01-28 08:02:00-05:00,5313.5,5316.7998046875,5313.5,5316.5,347.0
2026-01-28 08:03:00-05:00,5316.39990234375,5318.0,5314.7001953125,5318.0,343.0
2026-01-28 08:04:00-05:00,5318.2001953125,5322.10009765625,5317.2998046875,5320.60009765625,668.0
2026-01-28 08:05:00-05:00,5320.5,5320.7998046875,5315.7001953125,5317.10009765625,279.0
2026-01-28 08:06:00-05:00,5316.5,5319.7001953125,5315.7998046875,5317.39990234375,346.0
2026-01-28 08:07:00-05:00,5317.60009765625,5319.7001953125,5317.2001953125,5319.10009765625,269.0
2026-01-28 08:08:00-05:00,5319.39990234375,5319.5,5315.7998046875,5316.10009765625,245.0
2026-01-28 08:09:00-05:00,5315.89990234375,5316.7998046875,5312.89990234375,5313.10009765625,317.0
2026-01-28 08:10:00-05:00,5313.10009765625,5315.5,5310.7001953125,5311.7998046875,498.0
2026-01-28 08:11:00-05:00,5311.60009765625,5311.89990234375,5305.10009765625,5305.2998046875,375.0
2026-01-28 08:12:00-05:00,5305.5,5306.2998046875,5300.60009765625,5303.0,903.0
2026-01-28 08:13:00-05:00,5304.2998046875,5307.2998046875,5303.7998046875,5306.89990234375,328.0
2026-01-28 08:14:00-05:00,5307.0,5308.2998046875,5303.89990234375,5307.7998046875,355.0
2026-01-28 08:15:00-05:00,5307.2998046875,5310.2998046875,5306.0,5309.7001953125,267.0
2026-01-28 08:16:00-05:00,5310.39990234375,5311.0,5305.7001953125,5308.2001953125,241.0
2026-01-28 08:17:00-05:00,5308.10009765625,5310.7998046875,5307.7001953125,5310.0,354.0
2026-01-28 08:18:00-05:00,5310.10009765625,5312.0,5307.60009765625,5307.60009765625,209.0
2026-01-28 08:19:00-05:00,5307.60009765625,5309.10009765625,5305.7998046875,5308.39990234375,215.0
2026-01-28 08:20:00-05:00,5308.39990234375,5311.2998046875,5305.89990234375,5309.2998046875,299.0
2026-01-28 08:21:00-05:00,5309.7001953125,5313.39990234375,5309.0,5312.7998046875,239.0
2026-01-28 08:22:00-05:00,5312.5,5315.2998046875,5311.5,5314.89990234375,1287.0
2026-01-28 08:23:00-05:00,5314.7001953125,5316.7998046875,5313.7998046875,5314.89990234375,410.0
2026-01-28 08:24:00-05:00,5315.0,5316.7998046875,5314.39990234375,5315.2001953125,435.0
2026-01-28 08:25:00-05:00,5315.2001953125,5318.5,5314.7998046875,5316.10009765625,876.0
2026-01-28 08:26:00-05:00,5316.10009765625,5317.10009765625,5313.0,5313.5,372.0
2026-01-28 08:27:00-05:00,5313.60009765625,5317.0,5311.7998046875,5315.39990234375,437.0
2026-01-28 08:28:00-05:00,5315.0,5316.2001953125,5314.39990234375,5315.39990234375,214.0
2026-01-28 08:29:00-05:00,5315.2001953125,5315.60009765625,5313.2001953125,5314.60009765625,183.0
2026-01-28 08:30:00-05:00,5315.10009765625,5318.89990234375,5315.10009765625,5316.7998046875,396.0
2026-01-28 08:31:00-05:00,5316.7001953125,5316.89990234375,5314.7998046875,5315.39990234375,158.0
2026-01-28 08:32:00-05:00,5315.5,5315.5,5312.60009765625,5313.0,363.0
2026-01-28 08:33:00-05:00,5313.2001953125,5314.7001953125,5311.89990234375,5311.89990234375,339.0
2026-01-28 08:34:00-05:00,5311.89990234375,5312.7001953125,5308.0,5308.2998046875,417.0
2026-01-28 08:35:00-05:00,5307.10009765625,5307.7001953125,5301.7998046875,5302.39990234375,530.0
2026-01-28 08:36:00-05:00,5301.7001953125,5304.10009765625,5300.10009765625,5303.89990234375,596.0
2026-01-28 08:37:00-05:00,5303.89990234375,5304.7998046875,5298.2001953125,5298.39990234375,466.0
2026-01-28 08:38:00-05:00,5298.2001953125,5299.39990234375,5295.5,5298.39990234375,534.0
2026-01-28 08:39:00-05:00,5298.10009765625,5299.0,5295.5,5296.60009765625,320.0
2026-01-28 08:40:00-05:00,5296.60009765625,5302.0,5296.2001953125,5297.5,428.0
2026-01-28 08:41:00-05:00,5297.2998046875,5301.7998046875,5296.60009765625,5300.60009765625,241.0
2026-01-28 08:42:00-05:00,5301.2001953125,5301.60009765625,5290.0,5293.5,1152.0
2026-01-28 08:43:00-05:00,5293.39990234375,5298.39990234375,5292.7001953125,5295.5,447.0
2026-01-28 08:44:00-05:00,5295.39990234375,5296.2001953125,5293.39990234375,5293.7998046875,384.0
2026-01-28 08:45:00-05:00,5293.89990234375,5293.89990234375,5288.7001953125,5289.2998046875,695.0
2026-01-28 08:46:00-05:00,5289.39990234375,5298.0,5289.39990234375,5297.89990234375,332.0
2026-01-28 08:47:00-05:00,5297.7001953125,5299.5,5297.7001953125,5298.7998046875,290.0
2026-01-28 08:48:00-05:00,5298.89990234375,5300.7001953125,5296.7998046875,5299.5,350.0
2026-01-28 08:49:00-05:00,5299.60009765625,5300.10009765625,5297.10009765625,5299.10009765625,141.0
2026-01-28 08:50:00-05:00,5298.89990234375,5300.7001953125,5298.0,5299.2998046875,136.0
2026-01-28 08:51:00-05:00,5299.5,5299.60009765625,5297.60009765625,5298.60009765625,245.0
2026-01-28 08:52:00-05:00,5298.60009765625,5300.10009765625,5298.0,5298.10009765625,82.0
2026-01-28 08:53:00-05:00,5298.2001953125,5298.2001953125,5294.2998046875,5297.0,194.0
2026-01-28 08:54:00-05:00,5296.7998046875,5296.7998046875,5294.7001953125,5295.60009765625,105.0
2026-01-28 08:55:00-05:00,5295.39990234375,5299.10009765625,5293.7998046875,5299.10009765625,261.0
2026-01-28 08:56:00-05:00,5299.39990234375,5300.60009765625,5299.0,5299.89990234375,188.0
2026-01-28 08:57:00-05:00,5299.89990234375,5301.2998046875,5297.0,5297.7998046875,281.0
2026-01-28 08:58:00-05:00,5298.0,5299.2998046875,5296.10009765625,5298.0,230.0
2026-01-28 08:59:00-05:00,5297.60009765625,5299.0,5296.7998046875,5298.60009765625,257.0
2026-01-28 09:00:00-05:00,5299.0,5303.10009765625,5296.7001953125,5296.7001953125,332.0
2026-01-28 09:01:00-05:00,5297.0,5297.5,5294.5,5295.60009765625,395.0
2026-01-28 09:02:00-05:00,5295.89990234375,5298.10009765625,5292.0,5294.39990234375,384.0
2026-01-28 09:03:00-05:00,5294.2001953125,5295.7001953125,5290.2998046875,5292.0,588.0
2026-01-28 09:04:00-05:00,5292.2001953125,5295.39990234375,5291.7001953125,5293.10009765625,155.0
2026-01-28 09:05:00-05:00,5293.7998046875,5293.7998046875,5289.7001953125,5289.7998046875,383.0
2026-01-28 09:06:00-05:00,5290.10009765625,5293.60009765625,5280.7001953125,5283.2998046875,1011.0
2026-01-28 09:07:00-05:00,5283.2998046875,5290.5,5283.2998046875,5289.7001953125,697.0
2026-01-28 09:08:00-05:00,5290.10009765625,5292.7998046875,5290.0,5291.2998046875,241.0
2026-01-28 09:09:00-05:00,5291.2998046875,5293.10009765625,5290.10009765625,5291.39990234375,221.0
2026-01-28 09:10:00-05:00,5291.39990234375,5296.39990234375,5290.60009765625,5295.60009765625,333.0
2026-01-28 09:11:00-05:00,5295.2998046875,5297.2001953125,5292.5,5297.2001953125,454.0
2026-01-28 09:12:00-05:00,5296.7998046875,5296.7998046875,5292.2001953125,5294.0,258.0
2026-01-28 09:13:00-05:00,5293.2998046875,5295.7998046875,5291.7001953125,5294.2998046875,408.0
2026-01-28 09:14:00-05:00,5294.2001953125,5296.0,5293.39990234375,5294.5,243.0
2026-01-28 09:15:00-05:00,5295.2998046875,5296.5,5292.2001953125,5294.7001953125,272.0
2026-01-28 09:16:00-05:00,5295.0,5297.7998046875,5293.7998046875,5296.2001953125,526.0
2026-01-28 09:17:00-05:00,5296.10009765625,5297.39990234375,5295.5,5296.10009765625,247.0
2026-01-28 09:18:00-05:00,5296.2001953125,5296.89990234375,5295.2001953125,5296.60009765625,166.0
2026-01-28 09:19:00-05:00,5296.5,5298.60009765625,5295.39990234375,5298.2001953125,524.0
2026-01-28 09:20:00-05:00,5298.2001953125,5298.2001953125,5295.7001953125,5297.2998046875,185.0
2026-01-28 09:21:00-05:00,5297.60009765625,5301.2001953125,5297.2998046875,5301.0,600.0
2026-01-28 09:22:00-05:00,5301.2001953125,5303.60009765625,5299.2001953125,5301.2001953125,538.0
2026-01-28 09:23:00-05:00,5301.2001953125,5301.39990234375,5299.5,5301.0,221.0
2026-01-28 09:24:00-05:00,5301.10009765625,5301.7998046875,5297.2001953125,5298.10009765625,431.0
2026-01-28 09:25:00-05:00,5298.2998046875,5301.5,5298.2998046875,5301.39990234375,247.0
2026-01-28 09:26:00-05:00,5301.39990234375,5302.10009765625,5299.7998046875,5301.10009765625,198.0
2026-01-28 09:27:00-05:00,5301.0,5302.39990234375,5293.10009765625,5296.2998046875,678.0
2026-01-28 09:28:00-05:00,5296.0,5298.2998046875,5295.10009765625,5295.60009765625,220.0
2026-01-28 09:29:00-05:00,5295.60009765625,5297.89990234375,5291.39990234375,5291.5,409.0
2026-01-28 09:30:00-05:00,5291.89990234375,5297.60009765625,5289.7998046875,5290.39990234375,995.0
2026-01-28 09:31:00-05:00,5291.0,5294.2998046875,5284.5,5293.39990234375,1103.0
2026-01-28 09:32:00-05:00,5293.39990234375,5293.39990234375,5284.10009765625,5286.5,1000.0
2026-01-28 09:33:00-05:00,5287.0,5290.2998046875,5282.2998046875,5290.2998046875,1200.0
2026-01-28 09:34:00-05:00,5289.7001953125,5295.7001953125,5285.60009765625,5295.2998046875,422.0
2026-01-28 09:35:00-05:00,5295.60009765625,5307.0,5294.7998046875,5303.2001953125,959.0
2026-01-28 09:36:00-05:00,5303.5,5309.7001953125,5302.2001953125,5307.2998046875,982.0
2026-01-28 09:37:00-05:00,5307.7998046875,5310.60009765625,5305.2001953125,5307.5,773.0
2026-01-28 09:38:00-05:00,5307.7001953125,5310.0,5305.89990234375,5308.2001953125,504.0
2026-01-28 09:39:00-05:00,5307.7998046875,5314.2001953125,5307.0,5314.2001953125,694.0
2026-01-28 09:40:00-05:00,5314.5,5314.7998046875,5308.60009765625,5309.7001953125,522.0
2026-01-28 09:41:00-05:00,5309.7001953125,5310.7998046875,5305.2001953125,5309.7001953125,1126.0
2026-01-28 09:42:00-05:00,5309.60009765625,5316.7001953125,5306.7001953125,5313.5,638.0
2026-01-28 09:43:00-05:00,5313.60009765625,5314.5,5309.2001953125,5311.10009765625,527.0
2026-01-28 09:44:00-05:00,5310.10009765625,5313.2998046875,5309.0,5311.0,739.0
2026-01-28 09:45:00-05:00,5311.7001953125,5312.7998046875,5305.89990234375,5308.10009765625,423.0
2026-01-28 09:46:00-05:00,5308.2998046875,5311.7001953125,5305.7001953125,5308.2001953125,746.0
2026-01-28 09:47:00-05:00,5309.10009765625,5310.39990234375,5306.2001953125,5307.60009765625,358.0
2026-01-28 09:48:00-05:00,5308.2001953125,5310.89990234375,5306.2998046875,5310.0,400.0
2026-01-28 09:49:00-05:00,5310.39990234375,5310.60009765625,5305.7001953125,5309.89990234375,307.0
2026-01-28 09:50:00-05:00,5309.5,5312.89990234375,5305.0,5312.7001953125,659.0
2026-01-28 09:51:00-05:00,5312.60009765625,5314.0,5309.39990234375,5310.10009765625,360.0
2026-01-28 09:52:00-05:00,5310.5,5311.2998046875,5304.5,5307.0,342.0
2026-01-28 09:53:00-05:00,5307.2001953125,5309.7998046875,5303.7998046875,5305.10009765625,496.0
2026-01-28 09:54:00-05:00,5304.7998046875,5305.2001953125,5302.39990234375,5304.0,286.0
2026-01-28 09:55:00-05:00,5304.7001953125,5309.60009765625,5302.7998046875,5309.5,373.0
2026-01-28 09:56:00-05:00,5309.5,5312.2998046875,5307.5,5312.0,541.0
2026-01-28 09:57:00-05:00,5312.2001953125,5313.2998046875,5310.2998046875,5312.60009765625,418.0
2026-01-28 09:58:00-05:00,5312.7998046875,5319.60009765625,5312.7998046875,5318.89990234375,1151.0
2026-01-28 09:59:00-05:00,5319.0,5321.39990234375,5317.5,5318.7998046875,930.0
2026-01-28 10:00:00-05:00,5318.7001953125,5328.39990234375,5318.0,5326.89990234375,1225.0
2026-01-28 10:01:00-05:00,5326.89990234375,5328.89990234375,5324.2001953125,5327.5,1085.0
2026-01-28 10:02:00-05:00,5327.60009765625,5329.10009765625,5326.10009765625,5329.10009765625,774.0
2026-01-28 10:03:00-05:00,5329.10009765625,5331.0,5327.0,5330.5,926.0
2026-01-28 10:04:00-05:00,5330.39990234375,5330.39990234375,5324.7001953125,5326.10009765625,676.0
2026-01-28 10:05:00-05:00,5326.2001953125,5330.2998046875,5324.7001953125,5327.7001953125,779.0
2026-01-28 10:06:00-05:00,5327.7998046875,5328.7998046875,5325.0,5327.7001953125,826.0
2026-01-28 10:07:00-05:00,5327.5,5330.60009765625,5289.0,5292.39990234375,4759.0
2026-01-28 10:08:00-05:00,5292.2001953125,5293.7998046875,5266.5,5284.60009765625,5032.0
2026-01-28 10:09:00-05:00,5284.7001953125,5286.2001953125,5272.7998046875,5274.60009765625,2228.0
2026-01-28 10:10:00-05:00,5274.2001953125,5294.10009765625,5273.7998046875,5280.89990234375,2330.0
2026-01-28 10:11:00-05:00,5280.89990234375,5287.7001953125,5277.0,5281.5,1362.0
2026-01-28 10:12:00-05:00,5280.7998046875,5294.60009765625,5280.2001953125,5291.60009765625,1067.0
2026-01-28 10:13:00-05:00,5290.7001953125,5292.89990234375,5285.0,5288.10009765625,1396.0
2026-01-28 10:14:00-05:00,5288.2998046875,5293.60009765625,5284.0,5288.60009765625,1144.0
2026-01-28 10:15:00-05:00,5288.7001953125,5298.60009765625,5287.39990234375,5293.2998046875,1188.0
2026-01-28 10:16:00-05:00,5293.5,5301.2998046875,5288.2998046875,5289.39990234375,956.0
2026-01-28 10:17:00-05:00,5289.60009765625,5289.7998046875,5277.5,5279.60009765625,1094.0
2026-01-28 10:18:00-05:00,5280.7998046875,5293.7998046875,5277.0,5290.10009765625,1026.0
2026-01-28 10:19:00-05:00,5290.0,5293.2001953125,5284.89990234375,5288.89990234375,706.0
2026-01-28 10:20:00-05:00,5289.2001953125,5298.7998046875,5287.5,5295.89990234375,764.0
2026-01-28 10:21:00-05:00,5296.0,5300.0,5295.10009765625,5297.7001953125,910.0
2026-01-28 10:22:00-05:00,5297.89990234375,5299.60009765625,5293.60009765625,5294.0,403.0
2026-01-28 10:23:00-05:00,5293.7998046875,5307.0,5293.39990234375,5306.7001953125,1032.0
2026-01-28 10:24:00-05:00,5306.10009765625,5307.39990234375,5301.2001953125,5302.2001953125,691.0
2026-01-28 10:25:00-05:00,5302.2998046875,5303.2001953125,5297.10009765625,5301.39990234375,756.0
2026-01-28 10:26:00-05:00,5301.5,5304.2998046875,5295.7001953125,5297.39990234375,665.0
2026-01-28 10:27:00-05:00,5296.7001953125,5297.5,5289.60009765625,5294.0,978.0
2026-01-28 10:28:00-05:00,5293.2998046875,5295.39990234375,5289.39990234375,5294.89990234375,605.0
2026-01-28 10:29:00-05:00,5295.2001953125,5303.7998046875,5294.60009765625,5302.0,1119.0
2026-01-28 10:30:00-05:00,5302.2001953125,5309.60009765625,5300.2001953125,5306.7998046875,1225.0
2026-01-28 10:31:00-05:00,5307.0,5309.10009765625,5304.0,5306.7001953125,662.0
2026-01-28 10:32:00-05:00,5306.60009765625,5307.10009765625,5301.7001953125,5304.2998046875,309.0
2026-01-28 10:33:00-05:00,5304.7001953125,5306.2998046875,5299.5,5304.10009765625,327.0
2026-01-28 10:34:00-05:00,5304.5,5309.0,5303.7001953125,5306.0,726.0
2026-01-28 10:35:00-05:00,5305.89990234375,5307.5,5302.7001953125,5305.0,311.0
2026-01-28 10:36:00-05:00,5305.0,5312.0,5304.7998046875,5308.0,591.0
2026-01-28 10:37:00-05:00,5308.39990234375,5310.60009765625,5306.7998046875,5307.60009765625,369.0
2026-01-28 10:38:00-05:00,5307.7001953125,5309.60009765625,5305.0,5306.89990234375,248.0
2026-01-28 10:39:00-05:00,5307.7998046875,5309.39990234375,5305.39990234375,5307.7998046875,254.0
2026-01-28 10:40:00-05:00,5307.39990234375,5313.89990234375,5307.2998046875,5312.0,781.0
2026-01-28 10:41:00-05:00,5312.10009765625,5317.39990234375,5312.10009765625,5313.5,587.0
2026-01-28 10:42:00-05:00,5313.5,5315.10009765625,5311.39990234375,5313.0,385.0
2026-01-28 10:43:00-05:00,5312.5,5317.0,5311.7001953125,5315.39990234375,343.0
2026-01-28 10:44:00-05:00,5315.2998046875,5316.89990234375,5312.2001953125,5313.7001953125,351.0
2026-01-28 10:45:00-05:00,5313.7001953125,5315.0,5311.0,5311.7998046875,451.0
2026-01-28 10:46:00-05:00,5312.0,5312.5,5307.39990234375,5309.60009765625,360.0
2026-01-28 10:47:00-05:00,5309.2001953125,5311.0,5306.0,5310.2998046875,303.0
2026-01-28 10:48:00-05:00,5310.0,5313.10009765625,5308.2998046875,5308.89990234375,254.0
2026-01-28 10:49:00-05:00,5308.5,5310.7001953125,5306.7998046875,5309.7001953125,383.0
2026-01-28 10:50:00-05:00,5309.5,5310.2998046875,5302.5,5303.2998046875,256.0
2026-01-28 10:51:00-05:00,5303.60009765625,5305.2998046875,5300.2001953125,5302.10009765625,427.0
2026-01-28 10:52:00-05:00,5302.10009765625,5306.5,5301.7001953125,5303.2998046875,373.0
2026-01-28 10:53:00-05:00,5303.10009765625,5305.2001953125,5301.60009765625,5303.39990234375,174.0
2026-01-28 10:54:00-05:00,5303.2998046875,5308.39990234375,5301.89990234375,5307.2998046875,468.0
2026-01-28 10:55:00-05:00,5308.0,5308.7998046875,5305.2998046875,5308.7001953125,252.0
2026-01-28 10:56:00-05:00,5308.39990234375,5309.89990234375,5307.7998046875,5309.60009765625,686.0
2026-01-28 10:57:00-05:00,5310.0,5313.7001953125,5308.39990234375,5313.39990234375,1156.0
2026-01-28 10:58:00-05:00,5313.7001953125,5313.89990234375,5310.0,5313.39990234375,545.0
2026-01-28 10:59:00-05:00,5313.7001953125,5314.60009765625,5310.89990234375,5311.2998046875,484.0
2026-01-28 11:00:00-05:00,5311.60009765625,5314.39990234375,5309.60009765625,5313.2998046875,593.0
2026-01-28 11:01:00-05:00,5313.5,5315.89990234375,5311.39990234375,5311.7998046875,466.0
2026-01-28 11:02:00-05:00,5311.39990234375,5314.2998046875,5309.2998046875,5311.2998046875,317.0
2026-01-28 11:03:00-05:00,5311.10009765625,5311.60009765625,5307.5,5309.5,507.0
2026-01-28 11:04:00-05:00,5308.7998046875,5314.7998046875,5308.7001953125,5314.5,247.0
2026-01-28 11:05:00-05:00,5314.5,5316.0,5311.7001953125,5314.89990234375,200.0
2026-01-28 11:06:00-05:00,5315.2998046875,5316.7998046875,5313.7998046875,5315.7998046875,345.0
2026-01-28 11:07:00-05:00,5315.60009765625,5319.7998046875,5313.0,5318.5,491.0
2026-01-28 11:08:00-05:00,5318.7998046875,5321.2998046875,5317.7001953125,5320.89990234375,584.0
2026-01-28 11:09:00-05:00,5320.60009765625,5322.39990234375,5316.2001953125,5317.0,573.0
2026-01-28 11:10:00-05:00,5317.10009765625,5320.2001953125,5315.39990234375,5319.39990234375,393.0
2026-01-28 11:11:00-05:00,5319.2998046875,5319.2998046875,5314.2001953125,5316.5,335.0
2026-01-28 11:12:00-05:00,5317.2001953125,5322.39990234375,5316.39990234375,5317.5,754.0
2026-01-28 11:13:00-05:00,5317.39990234375,5318.5,5315.89990234375,5316.60009765625,138.0
2026-01-28 11:14:00-05:00,5316.5,5317.89990234375,5315.7001953125,5317.89990234375,174.0
2026-01-28 11:15:00-05:00,5318.39990234375,5322.60009765625,5317.7998046875,5321.39990234375,411.0
2026-01-28 11:16:00-05:00,5321.60009765625,5326.7001953125,5321.60009765625,5324.39990234375,793.0
2026-01-28 11:17:00-05:00,5324.5,5327.0,5322.60009765625,5323.0,311.0
2026-01-28 11:18:00-05:00,5323.10009765625,5325.2998046875,5318.0,5320.89990234375,365.0
2026-01-28 11:19:00-05:00,5320.89990234375,5324.10009765625,5318.89990234375,5321.60009765625,389.0
2026-01-28 11:20:00-05:00,5321.0,5323.0,5318.7001953125,5319.0,310.0
2026-01-28 11:21:00-05:00,5319.10009765625,5323.39990234375,5318.7998046875,5322.10009765625,398.0
2026-01-28 11:22:00-05:00,5322.39990234375,5324.2998046875,5319.10009765625,5320.89990234375,377.0
2026-01-28 11:23:00-05:00,5321.0,5323.7998046875,5319.10009765625,5319.2001953125,352.0
2026-01-28 11:24:00-05:00,5319.2998046875,5321.5,5315.89990234375,5320.2001953125,515.0
2026-01-28 11:25:00-05:00,5319.89990234375,5321.10009765625,5316.89990234375,5316.89990234375,282.0
2026-01-28 11:26:00-05:00,5316.89990234375,5320.7001953125,5315.60009765625,5319.89990234375,415.0
2026-01-28 11:27:00-05:00,5319.60009765625,5321.2998046875,5317.2998046875,5318.7001953125,323.0
2026-01-28 11:28:00-05:00,5319.2001953125,5322.0,5317.60009765625,5321.7998046875,198.0
2026-01-28 11:29:00-05:00,5321.39990234375,5322.7998046875,5318.2998046875,5321.39990234375,604.0
2026-01-28 11:30:00-05:00,5321.60009765625,5323.0,5319.2001953125,5319.7998046875,447.0
2026-01-28 11:31:00-05:00,5319.7998046875,5323.39990234375,5318.89990234375,5321.7998046875,580.0
2026-01-28 11:32:00-05:00,5322.2001953125,5323.2998046875,5319.7001953125,5320.0,333.0
2026-01-28 11:33:00-05:00,5319.7998046875,5320.7998046875,5312.2001953125,5314.39990234375,541.0
2026-01-28 11:34:00-05:00,5314.2001953125,5318.89990234375,5310.2001953125,5312.0,1363.0
2026-01-28 11:35:00-05:00,5312.0,5317.0,5311.2001953125,5316.2001953125,871.0
2026-01-28 11:36:00-05:00,5316.60009765625,5317.2998046875,5313.39990234375,5314.10009765625,948.0
2026-01-28 11:37:00-05:00,5313.89990234375,5318.60009765625,5311.60009765625,5318.60009765625,195.0
2026-01-28 11:38:00-05:00,5318.2001953125,5321.0,5317.2998046875,5319.2998046875,553.0
2026-01-28 11:39:00-05:00,5319.2001953125,5319.7998046875,5316.2998046875,5317.2001953125,599.0
2026-01-28 11:40:00-05:00,5317.10009765625,5320.10009765625,5315.2998046875,5317.39990234375,481.0
2026-01-28 11:41:00-05:00,5317.60009765625,5318.10009765625,5315.0,5317.0,184.0
2026-01-28 11:42:00-05:00,5317.0,5317.7001953125,5315.0,5315.7998046875,120.0
2026-01-28 11:43:00-05:00,5316.5,5319.7001953125,5314.0,5318.2001953125,473.0
2026-01-28 11:44:00-05:00,5318.5,5320.89990234375,5316.10009765625,5316.7998046875,323.0
2026-01-28 11:45:00-05:00,5316.7998046875,5321.0,5315.60009765625,5320.39990234375,322.0
2026-01-28 11:46:00-05:00,5320.7001953125,5329.5,5320.39990234375,5327.7998046875,1062.0
2026-01-28 11:47:00-05:00,5327.7998046875,5327.89990234375,5323.2998046875,5326.2998046875,1321.0
2026-01-28 11:48:00-05:00,5326.10009765625,5331.60009765625,5325.2998046875,5329.60009765625,656.0
2026-01-28 11:49:00-05:00,5329.5,5330.39990234375,5324.5,5327.0,400.0
2026-01-28 11:50:00-05:00,5326.7998046875,5327.7001953125,5325.2001953125,5325.5,293.0
2026-01-28 11:51:00-05:00,5325.7001953125,5326.60009765625,5320.5,5324.5,703.0
2026-01-28 11:52:00-05:00,5324.60009765625,5326.0,5322.5,5324.60009765625,249.0
2026-01-28 11:53:00-05:00,5325.2001953125,5326.5,5322.7998046875,5326.39990234375,275.0
2026-01-28 11:54:00-05:00,5326.5,5329.2001953125,5325.2998046875,5326.0,224.0
2026-01-28 11:55:00-05:00,5327.10009765625,5328.0,5324.60009765625,5327.0,588.0
2026-01-28 11:56:00-05:00,5327.2001953125,5328.60009765625,5325.39990234375,5328.2998046875,444.0
2026-01-28 11:57:00-05:00,5328.39990234375,5333.89990234375,5327.89990234375,5331.0,842.0
2026-01-28 11:58:00-05:00,5331.2001953125,5334.2998046875,5330.0,5330.39990234375,561.0
2026-01-28 11:59:00-05:00,5331.0,5334.5,5328.89990234375,5333.60009765625,769.0
2026-01-28 12:00:00-05:00,5334.0,5338.7998046875,5334.0,5336.2998046875,879.0
2026-01-28 12:01:00-05:00,5336.2001953125,5340.89990234375,5335.60009765625,5338.39990234375,737.0
2026-01-28 12:02:00-05:00,5338.2998046875,5341.2001953125,5337.89990234375,5337.89990234375,695.0
2026-01-28 12:03:00-05:00,5338.0,5339.5,5336.2998046875,5337.7001953125,306.0
2026-01-28 12:04:00-05:00,5337.2001953125,5338.5,5335.7998046875,5336.0,266.0
2026-01-28 12:05:00-05:00,5336.10009765625,5337.39990234375,5335.10009765625,5335.60009765625,262.0
2026-01-28 12:06:00-05:00,5335.2001953125,5336.0,5331.5,5331.89990234375,556.0
2026-01-28 12:07:00-05:00,5332.0,5332.60009765625,5330.39990234375,5330.7001953125,351.0
2026-01-28 12:08:00-05:00,5330.7001953125,5331.0,5326.5,5327.7001953125,425.0
2026-01-28 12:09:00-05:00,5327.7998046875,5331.2998046875,5327.2998046875,5329.10009765625,399.0
2026-01-28 12:10:00-05:00,5329.2998046875,5331.2998046875,5328.7001953125,5330.0,200.0
2026-01-28 12:11:00-05:00,5329.7998046875,5331.2001953125,5328.2998046875,5330.39990234375,469.0
2026-01-28 12:12:00-05:00,5330.2998046875,5331.60009765625,5327.7001953125,5328.2001953125,268.0
2026-01-28 12:13:00-05:00,5328.5,5332.0,5327.7001953125,5329.39990234375,331.0
2026-01-28 12:14:00-05:00,5329.2001953125,5330.89990234375,5328.2998046875,5329.10009765625,290.0
2026-01-28 12:15:00-05:00,5328.89990234375,5330.7998046875,5328.39990234375,5329.5,293.0
2026-01-28 12:16:00-05:00,5329.5,5330.2998046875,5326.2998046875,5329.2998046875,460.0
2026-01-28 12:17:00-05:00,5329.39990234375,5329.39990234375,5323.89990234375,5327.0,344.0
2026-01-28 12:18:00-05:00,5327.0,5329.7998046875,5324.89990234375,5325.2998046875,384.0
2026-01-28 12:19:00-05:00,5325.5,5328.0,5322.0,5326.2001953125,457.0
2026-01-28 12:20:00-05:00,5326.2998046875,5331.10009765625,5323.2001953125,5330.2001953125,552.0
2026-01-28 12:21:00-05:00,5330.5,5330.7001953125,5327.7001953125,5330.2001953125,280.0
2026-01-28 12:22:00-05:00,5329.7001953125,5334.0,5327.5,5332.7998046875,427.0
2026-01-28 12:23:00-05:00,5332.89990234375,5334.0,5331.60009765625,5332.2998046875,363.0
2026-01-28 12:24:00-05:00,5332.10009765625,5334.0,5331.2001953125,5332.2998046875,222.0
2026-01-28 12:25:00-05:00,5332.5,5335.2998046875,5331.10009765625,5334.7001953125,345.0
2026-01-28 12:26:00-05:00,5334.89990234375,5338.10009765625,5334.39990234375,5335.5,525.0
2026-01-28 12:27:00-05:00,5335.2001953125,5337.60009765625,5335.10009765625,5335.7001953125,231.0
2026-01-28 12:28:00-05:00,5335.5,5337.7001953125,5334.0,5335.7998046875,516.0
2026-01-28 12:29:00-05:00,5335.39990234375,5337.5,5333.39990234375,5335.89990234375,369.0
2026-01-28 12:30:00-05:00,5336.10009765625,5336.2998046875,5332.7998046875,5334.89990234375,236.0
2026-01-28 12:31:00-05:00,5334.5,5335.2001953125,5329.10009765625,5329.7998046875,332.0
2026-01-28 12:32:00-05:00,5330.2001953125,5331.60009765625,5328.89990234375,5329.5,396.0
2026-01-28 12:33:00-05:00,5329.89990234375,5331.60009765625,5328.7998046875,5329.60009765625,443.0
2026-01-28 12:34:00-05:00,5329.60009765625,5331.7001953125,5326.39990234375,5326.89990234375,322.0
2026-01-28 12:35:00-05:00,5327.0,5327.89990234375,5323.39990234375,5326.60009765625,414.0
2026-01-28 12:36:00-05:00,5326.5,5330.0,5325.60009765625,5328.10009765625,432.0
2026-01-28 12:37:00-05:00,5327.7998046875,5331.60009765625,5326.7001953125,5328.5,309.0
2026-01-28 12:38:00-05:00,5328.7001953125,5330.2998046875,5326.60009765625,5327.39990234375,326.0
2026-01-28 12:39:00-05:00,5327.0,5327.0,5316.10009765625,5318.0,627.0
2026-01-28 12:40:00-05:00,5318.2998046875,5323.60009765625,5318.2998046875,5322.39990234375,444.0
2026-01-28 12:41:00-05:00,5322.10009765625,5325.2001953125,5319.5,5322.2998046875,477.0
2026-01-28 12:42:00-05:00,5322.2001953125,5327.0,5322.2001953125,5326.5,288.0
2026-01-28 12:43:00-05:00,5326.2001953125,5327.5,5322.60009765625,5326.0,341.0
2026-01-28 12:44:00-05:00,5326.10009765625,5326.2001953125,5320.2001953125,5321.2998046875,398.0
2026-01-28 12:45:00-05:00,5320.5,5324.39990234375,5320.39990234375,5322.0,505.0
2026-01-28 12:46:00-05:00,5321.89990234375,5322.2998046875,5317.89990234375,5320.2998046875,212.0
2026-01-28 12:47:00-05:00,5320.5,5321.2998046875,5318.7998046875,5319.7001953125,191.0
2026-01-28 12:48:00-05:00,5319.7001953125,5324.5,5319.2998046875,5321.0,489.0
2026-01-28 12:49:00-05:00,5321.60009765625,5322.60009765625,5317.5,5322.39990234375,244.0
2026-01-28 12:50:00-05:00,5322.7998046875,5327.39990234375,5322.10009765625,5327.10009765625,263.0
2026-01-28 12:51:00-05:00,5327.10009765625,5331.39990234375,5327.0,5331.39990234375,315.0
2026-01-28 12:52:00-05:00,5330.89990234375,5332.7998046875,5330.7001953125,5332.5,276.0
2026-01-28 12:53:00-05:00,5332.2998046875,5335.60009765625,5332.2001953125,5333.2998046875,326.0
2026-01-28 12:54:00-05:00,5333.2998046875,5334.7998046875,5332.7001953125,5334.39990234375,214.0
2026-01-28 12:55:00-05:00,5334.39990234375,5336.5,5333.7001953125,5335.60009765625,223.0
2026-01-28 12:56:00-05:00,5335.60009765625,5336.39990234375,5333.7998046875,5335.7998046875,275.0
2026-01-28 12:57:00-05:00,5336.10009765625,5338.60009765625,5335.7001953125,5337.2001953125,196.0
2026-01-28 12:58:00-05:00,5337.60009765625,5338.39990234375,5333.5,5333.7998046875,440.0
2026-01-28 12:59:00-05:00,5334.10009765625,5334.7998046875,5330.7998046875,5332.2001953125,282.0
2026-01-28 13:00:00-05:00,5332.39990234375,5334.39990234375,5331.89990234375,5332.2001953125,179.0
2026-01-28 13:01:00-05:00,5332.5,5332.7998046875,5330.0,5330.0,165.0
2026-01-28 13:02:00-05:00,5330.0,5331.7001953125,5326.7001953125,5329.5,311.0
2026-01-28 13:03:00-05:00,5329.7001953125,5331.10009765625,5328.7001953125,5330.7001953125,187.0
2026-01-28 13:04:00-05:00,5331.0,5331.89990234375,5328.2998046875,5328.7998046875,177.0
2026-01-28 13:05:00-05:00,5328.10009765625,5331.7001953125,5327.60009765625,5328.7998046875,175.0
2026-01-28 13:06:00-05:00,5327.89990234375,5332.60009765625,5327.5,5332.60009765625,204.0
2026-01-28 13:07:00-05:00,5332.39990234375,5338.2001953125,5330.7001953125,5338.2001953125,388.0
2026-01-28 13:08:00-05:00,5338.0,5339.2001953125,5334.7998046875,5335.7998046875,409.0
2026-01-28 13:09:00-05:00,5336.2998046875,5340.0,5336.2998046875,5339.0,561.0
2026-01-28 13:10:00-05:00,5338.7998046875,5340.0,5336.89990234375,5338.2001953125,353.0
2026-01-28 13:11:00-05:00,5338.2001953125,5338.2001953125,5332.7998046875,5333.2001953125,388.0
2026-01-28 13:12:00-05:00,5333.2998046875,5333.2998046875,5329.2001953125,5332.2001953125,320.0
2026-01-28 13:13:00-05:00,5332.2998046875,5334.7998046875,5332.2998046875,5333.7998046875,282.0
2026-01-28 13:14:00-05:00,5333.2001953125,5336.60009765625,5333.2001953125,5334.10009765625,186.0
2026-01-28 13:15:00-05:00,5334.0,5336.2998046875,5333.2001953125,5335.0,466.0
2026-01-28 13:16:00-05:00,5335.2998046875,5337.7001953125,5335.0,5337.39990234375,374.0
2026-01-28 13:17:00-05:00,5337.60009765625,5339.89990234375,5337.2998046875,5338.60009765625,407.0
2026-01-28 13:18:00-05:00,5339.0,5346.7998046875,5338.2001953125,5343.10009765625,1089.0
2026-01-28 13:19:00-05:00,5343.10009765625,5346.0,5343.10009765625,5344.7001953125,595.0
2026-01-28 13:20:00-05:00,5344.7998046875,5349.7001953125,5344.7998046875,5348.39990234375,679.0
2026-01-28 13:21:00-05:00,5348.0,5354.89990234375,5347.5,5354.2998046875,1071.0
2026-01-28 13:22:00-05:00,5354.39990234375,5357.0,5352.5,5353.7001953125,748.0
2026-01-28 13:23:00-05:00,5354.0,5358.60009765625,5354.0,5357.7001953125,716.0
2026-01-28 13:24:00-05:00,5357.7001953125,5360.60009765625,5354.2001953125,5356.10009765625,775.0
2026-01-28 13:25:00-05:00,5355.89990234375,5357.5,5353.2998046875,5354.60009765625,547.0
2026-01-28 13:26:00-05:00,5354.7001953125,5356.7998046875,5349.7001953125,5352.89990234375,1015.0
2026-01-28 13:27:00-05:00,5352.7998046875,5353.7998046875,5348.60009765625,5352.7001953125,814.0
2026-01-28 13:28:00-05:00,5352.5,5353.2998046875,5349.39990234375,5349.39990234375,417.0
2026-01-28 13:29:00-05:00,5349.7998046875,5350.2998046875,5337.2001953125,5339.39990234375,2299.0
2026-01-28 13:30:00-05:00,5339.7001953125,5343.39990234375,5324.10009765625,5324.60009765625,1569.0
2026-01-28 13:31:00-05:00,5324.60009765625,5326.39990234375,5318.2001953125,5320.60009765625,857.0
2026-01-28 13:32:00-05:00,5320.2998046875,5320.2998046875,5309.5,5315.10009765625,1129.0
2026-01-28 13:33:00-05:00,5314.7001953125,5326.5,5314.7001953125,5322.7001953125,881.0
2026-01-28 13:34:00-05:00,5322.2998046875,5324.7998046875,5320.0,5321.2998046875,556.0
2026-01-28 13:35:00-05:00,5320.7001953125,5324.10009765625,5314.0,5315.2998046875,866.0
2026-01-28 13:36:00-05:00,5315.39990234375,5319.2998046875,5313.7001953125,5316.5,594.0
2026-01-28 13:37:00-05:00,5316.60009765625,5320.89990234375,5313.2001953125,5318.2998046875,484.0
2026-01-28 13:38:00-05:00,5318.2001953125,5318.7001953125,5306.7001953125,5308.39990234375,445.0
2026-01-28 13:39:00-05:00,5308.39990234375,5308.60009765625,5301.10009765625,5307.2001953125,1026.0
2026-01-28 13:40:00-05:00,5307.39990234375,5315.10009765625,5305.60009765625,5314.2998046875,443.0
2026-01-28 13:41:00-05:00,5314.7001953125,5314.7001953125,5307.0,5307.0,280.0
2026-01-28 13:42:00-05:00,5307.0,5309.7998046875,5305.89990234375,5309.7998046875,360.0
2026-01-28 13:43:00-05:00,5309.89990234375,5315.7001953125,5307.5,5313.89990234375,223.0
2026-01-28 13:44:00-05:00,5313.7001953125,5313.7001953125,5303.7998046875,5307.2998046875,302.0
2026-01-28 13:45:00-05:00,5307.5,5309.7001953125,5305.5,5307.0,247.0
2026-01-28 13:46:00-05:00,5306.5,5312.5,5306.5,5309.2998046875,249.0
2026-01-28 13:47:00-05:00,5309.89990234375,5314.89990234375,5309.5,5310.89990234375,273.0
2026-01-28 13:48:00-05:00,5311.2001953125,5314.39990234375,5306.0,5309.0,336.0
2026-01-28 13:49:00-05:00,5309.2998046875,5312.60009765625,5304.60009765625,5312.60009765625,274.0
2026-01-28 13:50:00-05:00,5312.60009765625,5317.0,5312.0,5316.2998046875,356.0
2026-01-28 13:51:00-05:00,5316.0,5316.7998046875,5309.0,5309.89990234375,222.0
2026-01-28 13:52:00-05:00,5309.60009765625,5311.7998046875,5309.0,5310.2998046875,130.0
2026-01-28 13:53:00-05:00,5310.2998046875,5312.60009765625,5307.10009765625,5310.7998046875,233.0
2026-01-28 13:54:00-05:00,5309.7998046875,5312.7998046875,5308.0,5308.7998046875,191.0
2026-01-28 13:55:00-05:00,5308.39990234375,5314.2001953125,5307.5,5314.2001953125,148.0
2026-01-28 13:56:00-05:00,5313.60009765625,5315.60009765625,5312.60009765625,5313.7001953125,182.0
2026-01-28 13:57:00-05:00,5315.2001953125,5315.60009765625,5311.10009765625,5311.2998046875,144.0
2026-01-28 13:58:00-05:00,5311.0,5311.7001953125,5308.39990234375,5311.60009765625,120.0
2026-01-28 13:59:00-05:00,5311.7001953125,5318.5,5311.7001953125,5317.2998046875,394.0
2026-01-28 14:00:00-05:00,5315.0,5326.10009765625,5309.39990234375,5326.0,590.0
2026-01-28 14:01:00-05:00,5326.0,5326.39990234375,5302.7998046875,5303.10009765625,625.0
2026-01-28 14:02:00-05:00,5302.7001953125,5313.0,5301.0,5304.0,825.0
2026-01-28 14:03:00-05:00,5303.0,5313.0,5302.60009765625,5308.60009765625,550.0
2026-01-28 14:04:00-05:00,5308.10009765625,5313.60009765625,5303.5,5310.5,284.0
2026-01-28 14:05:00-05:00,5309.5,5316.7001953125,5309.5,5310.60009765625,315.0
2026-01-28 14:06:00-05:00,5311.89990234375,5315.10009765625,5309.39990234375,5313.2998046875,174.0
2026-01-28 14:07:00-05:00,5312.5,5312.5,5303.89990234375,5308.7998046875,324.0
2026-01-28 14:08:00-05:00,5308.2001953125,5314.39990234375,5307.0,5312.39990234375,262.0
2026-01-28 14:09:00-05:00,5312.39990234375,5317.10009765625,5311.2998046875,5314.7001953125,227.0
2026-01-28 14:10:00-05:00,5314.7001953125,5319.7001953125,5314.39990234375,5316.39990234375,393.0
2026-01-28 14:11:00-05:00,5316.7001953125,5321.2001953125,5312.39990234375,5319.89990234375,228.0
2026-01-28 14:12:00-05:00,5319.89990234375,5326.7001953125,5319.89990234375,5324.2001953125,556.0
2026-01-28 14:13:00-05:00,5324.10009765625,5327.5,5323.0,5324.60009765625,240.0
2026-01-28 14:14:00-05:00,5324.89990234375,5331.2998046875,5324.7001953125,5330.7998046875,320.0
2026-01-28 14:15:00-05:00,5331.0,5335.39990234375,5330.0,5332.0,713.0
2026-01-28 14:16:00-05:00,5331.2998046875,5335.39990234375,5328.5,5331.0,296.0
2026-01-28 14:17:00-05:00,5330.39990234375,5331.7998046875,5327.2001953125,5331.7001953125,299.0
2026-01-28 14:18:00-05:00,5331.5,5331.5,5326.2998046875,5328.39990234375,332.0
2026-01-28 14:19:00-05:00,5328.39990234375,5333.7001953125,5327.89990234375,5329.7001953125,243.0
2026-01-28 14:20:00-05:00,5329.60009765625,5335.2001953125,5329.60009765625,5334.0,209.0
2026-01-28 14:21:00-05:00,5333.10009765625,5333.60009765625,5326.2001953125,5326.2998046875,302.0
2026-01-28 14:22:00-05:00,5326.7001953125,5328.5,5322.5,5325.5,280.0
2026-01-28 14:23:00-05:00,5325.2001953125,5330.60009765625,5324.7998046875,5329.2001953125,202.0
2026-01-28 14:24:00-05:00,5328.60009765625,5330.2998046875,5326.89990234375,5327.0,147.0
2026-01-28 14:25:00-05:00,5327.89990234375,5329.5,5324.0,5324.0,222.0
2026-01-28 14:26:00-05:00,5323.89990234375,5325.2998046875,5318.2998046875,5318.89990234375,265.0
2026-01-28 14:27:00-05:00,5318.7998046875,5325.2998046875,5318.7998046875,5324.7998046875,432.0
2026-01-28 14:28:00-05:00,5324.0,5327.39990234375,5321.2001953125,5324.0,143.0
2026-01-28 14:29:00-05:00,5324.39990234375,5326.39990234375,5316.0,5316.39990234375,314.0
2026-01-28 14:30:00-05:00,5316.2998046875,5321.0,5314.39990234375,5318.89990234375,310.0
2026-01-28 14:31:00-05:00,5318.89990234375,5322.7001953125,5317.7001953125,5321.0,479.0
2026-01-28 14:32:00-05:00,5320.39990234375,5320.39990234375,5314.0,5320.2998046875,412.0
2026-01-28 14:33:00-05:00,5320.2001953125,5326.60009765625,5318.7001953125,5325.7998046875,146.0
2026-01-28 14:34:00-05:00,5325.39990234375,5326.2998046875,5317.2998046875,5326.0,164.0
2026-01-28 14:35:00-05:00,5325.2998046875,5332.0,5325.2001953125,5331.60009765625,201.0
2026-01-28 14:36:00-05:00,5331.89990234375,5333.5,5329.2998046875,5330.0,272.0
2026-01-28 14:37:00-05:00,5330.39990234375,5339.5,5329.7001953125,5337.10009765625,515.0
2026-01-28 14:38:00-05:00,5337.39990234375,5340.0,5335.7998046875,5337.7001953125,314.0
2026-01-28 14:39:00-05:00,5337.89990234375,5338.0,5333.7001953125,5334.7998046875,235.0
2026-01-28 14:40:00-05:00,5334.60009765625,5338.0,5334.60009765625,5337.5,225.0
2026-01-28 14:41:00-05:00,5337.89990234375,5340.39990234375,5327.0,5336.7001953125,568.0
2026-01-28 14:42:00-05:00,5335.7998046875,5341.2998046875,5334.39990234375,5339.89990234375,216.0
2026-01-28 14:43:00-05:00,5340.10009765625,5345.5,5339.10009765625,5345.39990234375,309.0
2026-01-28 14:44:00-05:00,5345.2001953125,5345.60009765625,5342.39990234375,5344.39990234375,245.0
2026-01-28 14:45:00-05:00,5343.7998046875,5347.2001953125,5339.2001953125,5341.5,414.0
2026-01-28 14:46:00-05:00,5341.60009765625,5343.7998046875,5340.2001953125,5343.7998046875,166.0
2026-01-28 14:47:00-05:00,5343.5,5343.5,5337.60009765625,5342.2001953125,148.0
2026-01-28 14:48:00-05:00,5342.2998046875,5351.0,5341.2001953125,5349.10009765625,592.0
2026-01-28 14:49:00-05:00,5349.39990234375,5354.10009765625,5348.7001953125,5349.2001953125,505.0
2026-01-28 14:50:00-05:00,5349.5,5351.60009765625,5344.7001953125,5351.39990234375,388.0
2026-01-28 14:51:00-05:00,5351.7001953125,5353.10009765625,5346.7998046875,5347.10009765625,444.0
2026-01-28 14:52:00-05:00,5348.0,5351.2998046875,5345.7998046875,5349.89990234375,271.0
2026-01-28 14:53:00-05:00,5350.2001953125,5350.7998046875,5344.60009765625,5345.0,286.0
2026-01-28 14:54:00-05:00,5345.39990234375,5349.5,5343.89990234375,5349.10009765625,166.0
2026-01-28 14:55:00-05:00,5348.7001953125,5349.7998046875,5347.7998046875,5349.0,146.0
2026-01-28 14:56:00-05:00,5349.7998046875,5358.60009765625,5349.7001953125,5356.89990234375,666.0
2026-01-28 14:57:00-05:00,5357.2001953125,5365.89990234375,5355.10009765625,5364.60009765625,543.0
2026-01-28 14:58:00-05:00,5364.5,5365.60009765625,5359.7001953125,5362.2001953125,622.0
2026-01-28 14:59:00-05:00,5362.5,5363.39990234375,5358.5,5359.10009765625,347.0
2026-01-28 15:00:00-05:00,5358.60009765625,5368.89990234375,5358.60009765625,5367.2001953125,732.0
2026-01-28 15:01:00-05:00,5367.2001953125,5371.60009765625,5364.89990234375,5367.10009765625,619.0
2026-01-28 15:02:00-05:00,5366.89990234375,5368.5,5359.39990234375,5360.10009765625,483.0
2026-01-28 15:03:00-05:00,5359.39990234375,5367.5,5359.10009765625,5365.39990234375,287.0
2026-01-28 15:04:00-05:00,5365.39990234375,5367.2998046875,5363.2001953125,5366.2001953125,221.0
2026-01-28 15:05:00-05:00,5365.89990234375,5367.5,5364.60009765625,5367.0,376.0
2026-01-28 15:06:00-05:00,5366.7998046875,5373.7998046875,5366.7998046875,5370.60009765625,403.0
2026-01-28 15:07:00-05:00,5370.39990234375,5371.7998046875,5361.39990234375,5364.2998046875,315.0
2026-01-28 15:08:00-05:00,5364.2998046875,5368.39990234375,5360.2001953125,5361.0,288.0
2026-01-28 15:09:00-05:00,5360.2998046875,5366.39990234375,5358.5,5365.7001953125,295.0
2026-01-28 15:10:00-05:00,5365.39990234375,5365.89990234375,5361.10009765625,5363.5,164.0
2026-01-28 15:11:00-05:00,5364.0,5366.10009765625,5361.60009765625,5364.7998046875,156.0
2026-01-28 15:12:00-05:00,5364.5,5364.5,5358.2998046875,5360.89990234375,253.0
2026-01-28 15:13:00-05:00,5361.2001953125,5364.7001953125,5358.5,5361.2998046875,290.0
2026-01-28 15:14:00-05:00,5361.60009765625,5361.60009765625,5355.7001953125,5360.0,393.0
2026-01-28 15:15:00-05:00,5360.5,5360.5,5353.39990234375,5357.0,205.0
2026-01-28 15:16:00-05:00,5357.2998046875,5363.39990234375,5356.2001953125,5361.2998046875,298.0
2026-01-28 15:17:00-05:00,5361.7998046875,5370.2001953125,5360.5,5367.5,426.0
2026-01-28 15:18:00-05:00,5366.89990234375,5371.10009765625,5366.7998046875,5368.89990234375,307.0
2026-01-28 15:19:00-05:00,5368.7998046875,5372.7998046875,5367.0,5372.7998046875,245.0
2026-01-28 15:20:00-05:00,5372.7998046875,5376.7998046875,5366.39990234375,5368.2998046875,622.0
2026-01-28 15:21:00-05:00,5368.89990234375,5372.10009765625,5367.39990234375,5370.7001953125,367.0
2026-01-28 15:22:00-05:00,5370.39990234375,5371.60009765625,5367.89990234375,5369.60009765625,201.0
2026-01-28 15:23:00-05:00,5369.2998046875,5374.2998046875,5368.2001953125,5372.0,155.0
2026-01-28 15:24:00-05:00,5371.89990234375,5374.0,5370.39990234375,5372.2001953125,205.0
2026-01-28 15:25:00-05:00,5371.89990234375,5379.89990234375,5371.10009765625,5378.0,346.0
2026-01-28 15:26:00-05:00,5377.7001953125,5382.7001953125,5377.0,5379.7998046875,658.0
2026-01-28 15:27:00-05:00,5379.7998046875,5387.7001953125,5379.10009765625,5387.7001953125,488.0
2026-01-28 15:28:00-05:00,5386.7998046875,5388.0,5382.5,5387.39990234375,559.0
2026-01-28 15:29:00-05:00,5387.7001953125,5389.60009765625,5386.39990234375,5388.10009765625,441.0
2026-01-28 15:30:00-05:00,5388.2998046875,5395.89990234375,5386.89990234375,5392.5,634.0
2026-01-28 15:31:00-05:00,5393.10009765625,5397.0,5391.60009765625,5391.60009765625,387.0
2026-01-28 15:32:00-05:00,5391.39990234375,5395.60009765625,5390.39990234375,5392.5,342.0
2026-01-28 15:33:00-05:00,5392.60009765625,5396.39990234375,5392.39990234375,5394.5,242.0
2026-01-28 15:34:00-05:00,5394.39990234375,5398.0,5390.60009765625,5393.0,340.0
2026-01-28 15:35:00-05:00,5393.0,5400.60009765625,5392.2001953125,5399.7001953125,427.0
2026-01-28 15:36:00-05:00,5399.7001953125,5404.39990234375,5399.39990234375,5403.2998046875,576.0
2026-01-28 15:37:00-05:00,5402.60009765625,5407.39990234375,5401.7001953125,5403.5,506.0
2026-01-28 15:38:00-05:00,5404.10009765625,5411.39990234375,5403.2998046875,5410.39990234375,355.0
2026-01-28 15:39:00-05:00,5410.7001953125,5411.7998046875,5407.10009765625,5410.0,406.0
2026-01-28 15:40:00-05:00,5409.7001953125,5414.5,5408.0,5409.39990234375,505.0
2026-01-28 15:41:00-05:00,5409.2998046875,5417.7001953125,5409.2001953125,5417.5,241.0
2026-01-28 15:42:00-05:00,5417.89990234375,5424.0,5415.2998046875,5422.39990234375,607.0
2026-01-28 15:43:00-05:00,5422.7998046875,5424.7998046875,5412.0,5412.7998046875,834.0
2026-01-28 15:44:00-05:00,5412.5,5418.60009765625,5411.2001953125,5416.5,523.0
2026-01-28 15:45:00-05:00,5416.7998046875,5417.7998046875,5410.2998046875,5414.7001953125,347.0
2026-01-28 15:46:00-05:00,5414.5,5417.5,5410.5,5416.39990234375,410.0
2026-01-28 15:47:00-05:00,5416.5,5421.39990234375,5414.7001953125,5417.7998046875,451.0
2026-01-28 15:48:00-05:00,5418.7998046875,5423.7001953125,5417.10009765625,5421.5,391.0
2026-01-28 15:49:00-05:00,5421.7001953125,5425.10009765625,5420.2001953125,5421.39990234375,435.0
2026-01-28 15:50:00-05:00,5421.0,5424.5,5418.39990234375,5420.39990234375,276.0
2026-01-28 15:51:00-05:00,5420.60009765625,5422.0,5412.60009765625,5414.60009765625,448.0
2026-01-28 15:52:00-05:00,5413.7998046875,5416.10009765625,5405.5,5409.0,510.0
2026-01-28 15:53:00-05:00,5408.60009765625,5411.7998046875,5407.39990234375,5409.89990234375,539.0
2026-01-28 15:54:00-05:00,5410.0,5412.5,5399.2001953125,5401.60009765625,1082.0
2026-01-28 15:55:00-05:00,5401.39990234375,5415.7998046875,5400.60009765625,5405.2998046875,837.0
2026-01-28 15:56:00-05:00,5404.2001953125,5413.5,5404.0,5413.2001953125,339.0
2026-01-28 15:57:00-05:00,5412.7001953125,5414.89990234375,5407.0,5409.7998046875,356.0
2026-01-28 15:58:00-05:00,5409.60009765625,5412.7001953125,5407.5,5411.2998046875,297.0
2026-01-28 15:59:00-05:00,5411.2998046875,5416.60009765625,5408.5,5409.39990234375,655.0
2026-01-28 16:00:00-05:00,5409.7998046875,5423.0,5409.39990234375,5421.2001953125,595.0
2026-01-28 16:01:00-05:00,5421.60009765625,5421.7001953125,5412.39990234375,5412.7998046875,216.0
2026-01-28 16:02:00-05:00,5413.39990234375,5417.2998046875,5412.7001953125,5415.7998046875,83.0
2026-01-28 16:03:00-05:00,5415.7998046875,5419.0,5415.0,5418.2001953125,69.0
2026-01-28 16:04:00-05:00,5418.7998046875,5421.2001953125,5417.5,5419.7998046875,113.0
2026-01-28 16:05:00-05:00,5419.5,5421.60009765625,5418.39990234375,5419.2001953125,112.0
2026-01-28 16:06:00-05:00,5420.39990234375,5429.2998046875,5420.39990234375,5428.7001953125,571.0
2026-01-28 16:07:00-05:00,5429.0,5429.7001953125,5424.39990234375,5425.89990234375,282.0
2026-01-28 16:08:00-05:00,5425.2998046875,5428.39990234375,5425.0,5426.5,135.0
2026-01-28 16:09:00-05:00,5426.2001953125,5427.0,5425.10009765625,5425.7001953125,70.0
2026-01-28 16:10:00-05:00,5425.10009765625,5428.2001953125,5423.7001953125,5424.0,200.0
2026-01-28 16:11:00-05:00,5424.2998046875,5424.7998046875,5410.5,5417.89990234375,542.0
2026-01-28 16:12:00-05:00,5418.5,5423.0,5418.5,5422.10009765625,171.0
2026-01-28 16:13:00-05:00,5421.7998046875,5423.2001953125,5420.2001953125,5421.2998046875,157.0
2026-01-28 16:14:00-05:00,5421.10009765625,5421.39990234375,5418.5,5420.0,112.0
2026-01-28 16:15:00-05:00,5420.0,5420.39990234375,5416.0,5418.10009765625,188.0
2026-01-28 16:16:00-05:00,5418.2998046875,5418.39990234375,5413.10009765625,5415.7998046875,157.0
2026-01-28 16:17:00-05:00,5415.39990234375,5420.7998046875,5415.2001953125,5419.5,96.0
2026-01-28 16:18:00-05:00,5419.7001953125,5424.10009765625,5417.2001953125,5417.60009765625,133.0
2026-01-28 16:19:00-05:00,5418.2001953125,5420.39990234375,5418.0,5418.89990234375,64.0
2026-01-28 16:20:00-05:00,5419.0,5421.89990234375,5416.5,5421.2998046875,180.0
2026-01-28 16:21:00-05:00,5421.2998046875,5423.10009765625,5419.39990234375,5421.10009765625,79.0
2026-01-28 16:22:00-05:00,5421.39990234375,5422.7001953125,5418.7998046875,5421.60009765625,69.0
2026-01-28 16:23:00-05:00,5421.39990234375,5422.10009765625,5419.39990234375,5420.10009765625,61.0
2026-01-28 16:24:00-05:00,5420.89990234375,5422.39990234375,5419.60009765625,5419.60009765625,97.0
2026-01-28 16:25:00-05:00,5419.60009765625,5423.2001953125,5417.0,5420.89990234375,200.0
2026-01-28 16:26:00-05:00,5421.2001953125,5422.60009765625,5419.0,5421.0,105.0
2026-01-28 16:27:00-05:00,5421.39990234375,5421.39990234375,5416.60009765625,5416.7998046875,108.0
2026-01-28 16:28:00-05:00,5417.0,5418.89990234375,5415.0,5415.7001953125,110.0
2026-01-28 16:29:00-05:00,5416.2001953125,5420.0,5415.7998046875,5417.0,266.0
2026-01-28 16:30:00-05:00,5416.89990234375,5417.0,5413.7001953125,5415.60009765625,122.0
2026-01-28 16:31:00-05:00,5415.7998046875,5418.2001953125,5415.2001953125,5416.60009765625,64.0
2026-01-28 16:32:00-05:00,5417.2998046875,5421.0,5417.2998046875,5421.0,92.0
2026-01-28 16:33:00-05:00,5421.0,5423.10009765625,5417.5,5422.7001953125,150.0
2026-01-28 16:34:00-05:00,5422.60009765625,5422.60009765625,5419.39990234375,5419.39990234375,124.0
2026-01-28 16:35:00-05:00,5419.39990234375,5419.39990234375,5417.10009765625,5417.10009765625,46.0
2026-01-28 16:36:00-05:00,5416.7001953125,5418.60009765625,5416.5,5417.5,65.0
2026-01-28 16:37:00-05:00,5417.60009765625,5420.60009765625,5417.2001953125,5420.39990234375,65.0
2026-01-28 16:38:00-05:00,5420.2998046875,5420.7001953125,5417.39990234375,5417.39990234375,71.0
2026-01-28 16:39:00-05:00,5417.5,5418.10009765625,5416.2001953125,5416.7998046875,74.0
2026-01-28 16:40:00-05:00,5416.60009765625,5419.39990234375,5416.60009765625,5418.7998046875,141.0
2026-01-28 16:41:00-05:00,5418.39990234375,5418.7998046875,5415.89990234375,5416.7998046875,71.0
2026-01-28 16:42:00-05:00,5417.2001953125,5418.7001953125,5416.89990234375,5417.2998046875,58.0
2026-01-28 16:43:00-05:00,5417.5,5417.7001953125,5416.7001953125,5417.0,33.0
2026-01-28 16:44:00-05:00,5417.10009765625,5419.10009765625,5417.10009765625,5419.10009765625,52.0
2026-01-28 16:45:00-05:00,5419.0,5419.60009765625,5416.89990234375,5416.89990234375,80.0
2026-01-28 16:46:00-05:00,5417.2001953125,5418.0,5416.2001953125,5417.0,29.0
2026-01-28 16:47:00-05:00,5416.7001953125,5418.0,5416.2998046875,5418.0,51.0
2026-01-28 16:48:00-05:00,5418.2001953125,5436.2998046875,5418.2001953125,5434.5,700.0
2026-01-28 16:49:00-05:00,5433.7998046875,5434.39990234375,5428.7998046875,5433.60009765625,516.0
2026-01-28 16:50:00-05:00,5432.5,5433.2001953125,5426.5,5429.60009765625,151.0
2026-01-28 16:51:00-05:00,5429.5,5431.39990234375,5424.60009765625,5430.7998046875,190.0
2026-01-28 16:52:00-05:00,5431.0,5436.7001953125,5431.0,5436.39990234375,288.0
2026-01-28 16:53:00-05:00,5436.89990234375,5444.0,5436.5,5443.10009765625,326.0
2026-01-28 16:54:00-05:00,5443.60009765625,5445.7001953125,5442.2001953125,5442.7001953125,206.0
2026-01-28 16:55:00-05:00,5442.5,5449.89990234375,5441.7001953125,5449.2998046875,317.0
2026-01-28 16:56:00-05:00,5448.60009765625,5449.7998046875,5446.60009765625,5448.39990234375,163.0
2026-01-28 16:57:00-05:00,5448.7998046875,5450.89990234375,5447.60009765625,5450.7998046875,306.0
2026-01-28 16:58:00-05:00,5450.7998046875,5452.7998046875,5449.39990234375,5450.0,296.0
2026-01-28 16:59:00-05:00,5451.10009765625,5451.2001953125,5446.89990234375,5447.7998046875,283.0
2026-01-28 18:00:00-05:00,5449.89990234375,5458.7998046875,5449.39990234375,5455.0,0.0
2026-01-28 18:01:00-05:00,5454.2001953125,5485.5,5454.0,5481.0,1051.0
2026-01-28 18:02:00-05:00,5481.2001953125,5481.2001953125,5468.10009765625,5473.60009765625,614.0
2026-01-28 18:03:00-05:00,5473.10009765625,5474.2998046875,5464.7001953125,5471.89990234375,312.0
2026-01-28 18:04:00-05:00,5473.0,5478.60009765625,5471.39990234375,5472.39990234375,365.0
2026-01-28 18:05:00-05:00,5472.39990234375,5474.2998046875,5463.10009765625,5469.7001953125,538.0
2026-01-28 18:06:00-05:00,5469.60009765625,5473.60009765625,5466.39990234375,5466.7001953125,256.0
2026-01-28 18:07:00-05:00,5465.7998046875,5479.7001953125,5465.2001953125,5478.7998046875,412.0
2026-01-28 18:08:00-05:00,5479.2001953125,5487.39990234375,5477.7998046875,5480.89990234375,548.0
2026-01-28 18:09:00-05:00,5480.39990234375,5483.0,5474.2001953125,5483.0,235.0
2026-01-28 18:10:00-05:00,5482.89990234375,5483.60009765625,5478.5,5478.60009765625,204.0
2026-01-28 18:11:00-05:00,5478.5,5484.89990234375,5478.5,5483.60009765625,118.0
2026-01-28 18:12:00-05:00,5484.0,5497.5,5484.0,5495.60009765625,598.0
2026-01-28 18:13:00-05:00,5495.2998046875,5500.39990234375,5492.2001953125,5496.0,632.0
2026-01-28 18:14:00-05:00,5496.2001953125,5505.10009765625,5495.7998046875,5504.2998046875,499.0
2026-01-28 18:15:00-05:00,5504.10009765625,5509.39990234375,5503.10009765625,5509.39990234375,448.0
2026-01-28 18:16:00-05:00,5509.60009765625,5519.7998046875,5509.60009765625,5517.5,880.0
2026-01-28 18:17:00-05:00,5517.7998046875,5521.10009765625,5506.7001953125,5514.5,725.0
2026-01-28 18:18:00-05:00,5513.7001953125,5516.7001953125,5510.7001953125,5515.5,519.0
2026-01-28 18:19:00-05:00,5515.2998046875,5525.89990234375,5514.7001953125,5521.7998046875,607.0
2026-01-28 18:20:00-05:00,5521.2998046875,5523.2001953125,5516.39990234375,5518.60009765625,524.0
2026-01-28 18:21:00-05:00,5518.0,5518.5,5501.2998046875,5510.10009765625,1003.0
2026-01-28 18:22:00-05:00,5510.10009765625,5514.5,5508.89990234375,5512.10009765625,384.0
2026-01-28 18:23:00-05:00,5512.10009765625,5521.2001953125,5511.5,5519.5,417.0
2026-01-28 18:24:00-05:00,5518.39990234375,5521.5,5510.2001953125,5514.0,343.0
2026-01-28 18:25:00-05:00,5513.2001953125,5516.0,5512.89990234375,5515.7998046875,201.0
2026-01-28 18:26:00-05:00,5515.5,5519.5,5510.2001953125,5513.60009765625,336.0
2026-01-28 18:27:00-05:00,5513.2998046875,5513.2998046875,5509.39990234375,5512.7001953125,246.0
2026-01-28 18:28:00-05:00,5513.0,5520.0,5512.7001953125,5518.2001953125,291.0
2026-01-28 18:29:00-05:00,5518.0,5520.89990234375,5516.0,5519.5,254.0
2026-01-28 18:30:00-05:00,5520.0,5531.2998046875,5518.60009765625,5525.0,946.0
2026-01-28 18:31:00-05:00,5525.2001953125,5525.2001953125,5520.60009765625,5522.7001953125,258.0
2026-01-28 18:32:00-05:00,5522.7001953125,5524.39990234375,5517.7998046875,5521.5,411.0
2026-01-28 18:33:00-05:00,5522.0,5526.7001953125,5520.89990234375,5526.2998046875,432.0
2026-01-28 18:34:00-05:00,5526.2998046875,5530.10009765625,5523.0,5530.10009765625,315.0
2026-01-28 18:35:00-05:00,5530.2001953125,5541.0,5528.2001953125,5539.60009765625,723.0
2026-01-28 18:36:00-05:00,5539.7001953125,5551.10009765625,5538.2998046875,5548.89990234375,853.0
2026-01-28 18:37:00-05:00,5548.10009765625,5574.89990234375,5547.7998046875,5572.2001953125,1829.0
2026-01-28 18:38:00-05:00,5572.2998046875,5606.10009765625,5554.39990234375,5596.2998046875,2262.0
2026-01-28 18:39:00-05:00,5597.5,5626.7998046875,5577.7001953125,5617.7998046875,2610.0
2026-01-28 18:40:00-05:00,5616.10009765625,5620.7001953125,5588.7001953125,5599.89990234375,1760.0
2026-01-28 18:41:00-05:00,5598.5,5608.89990234375,5584.0,5599.89990234375,1001.0
2026-01-28 18:42:00-05:00,5599.0,5607.2998046875,5577.89990234375,5577.89990234375,778.0
2026-01-28 18:43:00-05:00,5577.60009765625,5593.2998046875,5576.2998046875,5577.0,727.0
2026-01-28 18:44:00-05:00,5577.2001953125,5579.10009765625,5552.39990234375,5559.2001953125,1048.0
2026-01-28 18:45:00-05:00,5559.2001953125,5571.7001953125,5551.2998046875,5552.5,966.0
2026-01-28 18:46:00-05:00,5553.39990234375,5558.89990234375,5539.0,5545.2001953125,1792.0
2026-01-28 18:47:00-05:00,5545.2998046875,5548.39990234375,5531.10009765625,5537.5,1279.0
2026-01-28 18:48:00-05:00,5537.60009765625,5554.2998046875,5536.89990234375,5543.7001953125,831.0
2026-01-28 18:49:00-05:00,5544.2001953125,5544.7998046875,5521.39990234375,5524.0,916.0
2026-01-28 18:50:00-05:00,5524.7001953125,5533.5,5523.89990234375,5532.7998046875,878.0
2026-01-28 18:51:00-05:00,5532.5,5536.0,5521.39990234375,5524.2998046875,487.0
2026-01-28 18:52:00-05:00,5524.0,5531.0,5521.60009765625,5527.0,535.0
2026-01-28 18:53:00-05:00,5526.60009765625,5530.60009765625,5523.2001953125,5524.7998046875,456.0
2026-01-28 18:54:00-05:00,5524.89990234375,5525.89990234375,5513.10009765625,5514.5,551.0
2026-01-28 18:55:00-05:00,5514.60009765625,5524.60009765625,5510.7998046875,5524.2001953125,665.0
2026-01-28 18:56:00-05:00,5524.7998046875,5558.2001953125,5524.2001953125,5548.2998046875,1231.0
2026-01-28 18:57:00-05:00,5548.2001953125,5557.7001953125,5544.39990234375,5551.10009765625,659.0
2026-01-28 18:58:00-05:00,5552.0,5553.2998046875,5542.7998046875,5551.5,398.0
2026-01-28 18:59:00-05:00,5551.7001953125,5551.7001953125,5537.7998046875,5539.39990234375,504.0
2026-01-28 19:00:00-05:00,5539.89990234375,5540.7001953125,5513.60009765625,5515.10009765625,577.0
2026-01-28 19:01:00-05:00,5514.10009765625,5516.60009765625,5481.39990234375,5488.2001953125,1402.0
2026-01-28 19:02:00-05:00,5488.2998046875,5513.2998046875,5486.60009765625,5512.7001953125,954.0
2026-01-28 19:03:00-05:00,5513.10009765625,5519.89990234375,5509.10009765625,5517.7001953125,324.0
2026-01-28 19:04:00-05:00,5517.39990234375,5520.0,5507.89990234375,5514.0,336.0
2026-01-28 19:05:00-05:00,5514.10009765625,5515.0,5506.7001953125,5511.5,254.0
2026-01-28 19:06:00-05:00,5511.0,5525.0,5510.0,5523.7001953125,258.0
2026-01-28 19:07:00-05:00,5523.60009765625,5533.7998046875,5522.60009765625,5531.2001953125,696.0
2026-01-28 19:08:00-05:00,5531.89990234375,5538.5,5530.39990234375,5534.7001953125,460.0
2026-01-28 19:09:00-05:00,5532.60009765625,5538.60009765625,5529.2998046875,5531.39990234375,496.0
2026-01-28 19:10:00-05:00,5532.60009765625,5536.89990234375,5529.7001953125,5530.5,328.0
2026-01-28 19:11:00-05:00,5530.5,5537.7001953125,5528.10009765625,5536.0,368.0
2026-01-28 19:12:00-05:00,5536.10009765625,5539.89990234375,5531.2001953125,5531.2998046875,289.0
2026-01-28 19:13:00-05:00,5531.2998046875,5531.7001953125,5522.10009765625,5526.5,256.0
2026-01-28 19:14:00-05:00,5526.10009765625,5527.2001953125,5516.60009765625,5524.2001953125,331.0
2026-01-28 19:15:00-05:00,5523.39990234375,5530.2998046875,5522.89990234375,5526.7998046875,162.0
2026-01-28 19:16:00-05:00,5525.7998046875,5526.2998046875,5516.5,5516.7001953125,178.0
2026-01-28 19:17:00-05:00,5516.5,5517.7998046875,5508.10009765625,5512.5,325.0
2026-01-28 19:18:00-05:00,5513.2001953125,5515.7998046875,5512.7001953125,5515.2001953125,127.0
2026-01-28 19:19:00-05:00,5514.5,5518.7998046875,5511.0,5512.0,299.0
2026-01-28 19:20:00-05:00,5511.7001953125,5515.7998046875,5500.89990234375,5501.10009765625,424.0
2026-01-28 19:21:00-05:00,5501.10009765625,5503.89990234375,5492.60009765625,5501.0,540.0
2026-01-28 19:22:00-05:00,5503.10009765625,5510.7001953125,5502.39990234375,5509.5,321.0
2026-01-28 19:23:00-05:00,5509.60009765625,5511.10009765625,5503.0,5503.89990234375,159.0
2026-01-28 19:24:00-05:00,5504.0,5507.2001953125,5502.7998046875,5506.5,77.0
2026-01-28 19:25:00-05:00,5507.5,5516.7001953125,5506.7001953125,5516.7001953125,172.0
2026-01-28 19:26:00-05:00,5515.7001953125,5521.2998046875,5515.5,5518.7001953125,178.0
2026-01-28 19:27:00-05:00,5518.7001953125,5526.2001953125,5518.7001953125,5525.0,313.0
2026-01-28 19:28:00-05:00,5525.39990234375,5530.10009765625,5525.39990234375,5529.5,317.0
2026-01-28 19:29:00-05:00,5529.39990234375,5529.7998046875,5523.10009765625,5526.10009765625,201.0
2026-01-28 19:30:00-05:00,5526.7001953125,5528.39990234375,5522.2001953125,5525.5,265.0
2026-01-28 19:31:00-05:00,5524.89990234375,5529.7998046875,5524.2998046875,5528.7998046875,128.0
2026-01-28 19:32:00-05:00,5528.7998046875,5536.0,5527.0,5536.0,346.0
2026-01-28 19:33:00-05:00,5536.0,5546.60009765625,5535.89990234375,5540.10009765625,481.0
2026-01-28 19:34:00-05:00,5540.39990234375,5549.10009765625,5540.39990234375,5549.10009765625,259.0
2026-01-28 19:35:00-05:00,5548.7001953125,5555.0,5547.60009765625,5549.7998046875,557.0
2026-01-28 19:36:00-05:00,5549.39990234375,5555.0,5545.7998046875,5548.0,499.0
2026-01-28 19:37:00-05:00,5547.39990234375,5552.7998046875,5543.7998046875,5546.89990234375,350.0
2026-01-28 19:38:00-05:00,5546.2998046875,5546.2998046875,5540.7001953125,5541.39990234375,263.0
2026-01-28 19:39:00-05:00,5540.89990234375,5548.0,5538.7998046875,5546.60009765625,258.0
2026-01-28 19:40:00-05:00,5546.7998046875,5550.7001953125,5544.89990234375,5545.7998046875,267.0
2026-01-28 19:41:00-05:00,5545.10009765625,5545.60009765625,5536.39990234375,5536.39990234375,215.0
2026-01-28 19:42:00-05:00,5536.7998046875,5537.7001953125,5521.2001953125,5521.2001953125,475.0
2026-01-28 19:43:00-05:00,5521.60009765625,5536.2998046875,5520.7998046875,5535.60009765625,441.0
2026-01-28 19:44:00-05:00,5535.89990234375,5540.2998046875,5532.10009765625,5537.10009765625,256.0
2026-01-28 19:45:00-05:00,5536.2001953125,5540.89990234375,5534.89990234375,5536.5,223.0
2026-01-28 19:46:00-05:00,5535.39990234375,5540.10009765625,5535.39990234375,5540.10009765625,100.0
2026-01-28 19:47:00-05:00,5541.0,5548.0,5537.7998046875,5538.2998046875,301.0
2026-01-28 19:48:00-05:00,5537.89990234375,5538.2998046875,5533.7998046875,5534.39990234375,162.0
2026-01-28 19:49:00-05:00,5534.2001953125,5534.2001953125,5528.7998046875,5531.10009765625,190.0
2026-01-28 19:50:00-05:00,5532.0,5537.5,5530.89990234375,5536.10009765625,202.0
2026-01-28 19:51:00-05:00,5536.2998046875,5545.2001953125,5536.2998046875,5544.2998046875,290.0
2026-01-28 19:52:00-05:00,5543.39990234375,5551.2998046875,5543.39990234375,5550.39990234375,336.0
2026-01-28 19:53:00-05:00,5550.39990234375,5550.60009765625,5547.0,5548.0,211.0
2026-01-28 19:54:00-05:00,5548.2001953125,5549.2001953125,5544.2001953125,5546.2998046875,169.0
2026-01-28 19:55:00-05:00,5546.60009765625,5551.0,5544.0,5550.2001953125,304.0
2026-01-28 19:56:00-05:00,5549.7001953125,5550.39990234375,5546.5,5547.7998046875,125.0
2026-01-28 19:57:00-05:00,5547.89990234375,5551.0,5546.7001953125,5548.39990234375,169.0
2026-01-28 19:58:00-05:00,5548.60009765625,5548.7998046875,5543.0,5543.10009765625,182.0
2026-01-28 19:59:00-05:00,5543.0,5549.0,5536.2001953125,5548.5,487.0
2026-01-28 20:00:00-05:00,5548.89990234375,5555.0,5511.0,5518.89990234375,1447.0
2026-01-28 20:01:00-05:00,5518.10009765625,5534.39990234375,5511.2001953125,5527.7998046875,889.0
2026-01-28 20:02:00-05:00,5527.89990234375,5527.89990234375,5502.0,5518.60009765625,971.0
2026-01-28 20:03:00-05:00,5518.7001953125,5519.2998046875,5508.2998046875,5510.2001953125,539.0
2026-01-28 20:04:00-05:00,5510.2001953125,5512.39990234375,5494.0,5496.7001953125,827.0
2026-01-28 20:05:00-05:00,5496.0,5509.10009765625,5496.0,5507.0,464.0
2026-01-28 20:06:00-05:00,5508.10009765625,5508.2001953125,5496.60009765625,5504.7001953125,513.0
2026-01-28 20:07:00-05:00,5505.2998046875,5507.7998046875,5498.7001953125,5505.39990234375,356.0
2026-01-28 20:08:00-05:00,5504.5,5505.60009765625,5499.0,5503.2001953125,212.0
2026-01-28 20:09:00-05:00,5502.60009765625,5506.0,5472.39990234375,5475.10009765625,1107.0
2026-01-28 20:10:00-05:00,5474.7998046875,5492.2001953125,5474.2001953125,5491.2998046875,898.0
2026-01-28 20:11:00-05:00,5491.2001953125,5502.0,5490.39990234375,5501.0,285.0
2026-01-28 20:12:00-05:00,5501.2998046875,5507.5,5497.10009765625,5506.0,364.0
2026-01-28 20:13:00-05:00,5506.5,5511.2001953125,5505.2998046875,5509.0,403.0
2026-01-28 20:14:00-05:00,5509.10009765625,5512.2001953125,5505.60009765625,5509.5,318.0
2026-01-28 20:15:00-05:00,5508.5,5523.39990234375,5508.5,5523.39990234375,529.0
2026-01-28 20:16:00-05:00,5523.0,5523.7001953125,5513.2998046875,5516.7001953125,396.0
2026-01-28 20:17:00-05:00,5516.60009765625,5520.89990234375,5514.5,5519.2998046875,288.0
2026-01-28 20:18:00-05:00,5519.39990234375,5522.5,5517.0,5519.2998046875,192.0
2026-01-28 20:19:00-05:00,5519.2998046875,5530.5,5519.2998046875,5529.7998046875,458.0
2026-01-28 20:20:00-05:00,5530.2001953125,5530.60009765625,5522.60009765625,5523.2001953125,408.0
2026-01-28 20:21:00-05:00,5523.2998046875,5525.0,5517.89990234375,5520.0,559.0
2026-01-28 20:22:00-05:00,5520.60009765625,5528.0,5516.0,5526.7001953125,326.0
2026-01-28 20:23:00-05:00,5526.10009765625,5536.60009765625,5524.7998046875,5535.2998046875,404.0
2026-01-28 20:24:00-05:00,5536.2001953125,5543.7998046875,5534.89990234375,5535.89990234375,486.0
2026-01-28 20:25:00-05:00,5535.7998046875,5539.7998046875,5533.60009765625,5538.7001953125,277.0
2026-01-28 20:26:00-05:00,5538.2998046875,5542.7001953125,5534.0,5535.0,244.0
2026-01-28 20:27:00-05:00,5535.2001953125,5541.7001953125,5534.7001953125,5539.5,255.0
2026-01-28 20:28:00-05:00,5539.39990234375,5539.39990234375,5531.89990234375,5532.5,257.0
2026-01-28 20:29:00-05:00,5532.39990234375,5538.5,5531.5,5537.5,209.0
2026-01-28 20:30:00-05:00,5537.39990234375,5548.39990234375,5537.39990234375,5544.0,548.0
2026-01-28 20:31:00-05:00,5544.2998046875,5548.10009765625,5541.89990234375,5545.89990234375,349.0
2026-01-28 20:32:00-05:00,5546.2001953125,5552.0,5543.39990234375,5551.2998046875,374.0
2026-01-28 20:33:00-05:00,5550.7001953125,5553.2001953125,5546.60009765625,5547.5,322.0
2026-01-28 20:34:00-05:00,5548.7001953125,5552.10009765625,5546.10009765625,5552.10009765625,194.0
2026-01-28 20:35:00-05:00,5551.89990234375,5552.0,5547.2998046875,5550.89990234375,248.0
2026-01-28 20:36:00-05:00,5550.2998046875,5555.0,5549.2998046875,5554.2998046875,605.0
2026-01-28 20:37:00-05:00,5553.7998046875,5555.0,5548.60009765625,5553.10009765625,401.0
2026-01-28 20:38:00-05:00,5552.89990234375,5554.2001953125,5544.2998046875,5547.2001953125,410.0
2026-01-28 20:39:00-05:00,5546.7998046875,5553.7998046875,5546.10009765625,5553.7998046875,231.0
2026-01-28 20:40:00-05:00,5553.39990234375,5567.5,5553.2001953125,5565.89990234375,913.0
2026-01-28 20:41:00-05:00,5565.39990234375,5574.7998046875,5564.2998046875,5573.7998046875,614.0
2026-01-28 20:42:00-05:00,5573.2001953125,5580.10009765625,5570.0,5579.0,788.0
2026-01-28 20:43:00-05:00,5579.60009765625,5580.5,5567.39990234375,5568.7998046875,512.0
2026-01-28 20:44:00-05:00,5568.7001953125,5572.10009765625,5566.89990234375,5569.2998046875,252.0
2026-01-28 20:45:00-05:00,5569.5,5575.0,5556.5,5557.60009765625,508.0
2026-01-28 20:46:00-05:00,5557.60009765625,5567.2998046875,5556.0,5565.7001953125,335.0
2026-01-28 20:47:00-05:00,5566.2998046875,5569.2001953125,5562.10009765625,5567.2001953125,246.0
2026-01-28 20:48:00-05:00,5567.10009765625,5575.2998046875,5566.89990234375,5573.7998046875,315.0
2026-01-28 20:49:00-05:00,5574.2001953125,5576.5,5565.7998046875,5566.2001953125,376.0
2026-01-28 20:50:00-05:00,5567.39990234375,5571.2001953125,5563.7998046875,5571.2001953125,279.0
2026-01-28 20:51:00-05:00,5571.2001953125,5576.2001953125,5570.60009765625,5575.39990234375,162.0
2026-01-28 20:52:00-05:00,5575.2001953125,5578.60009765625,5573.7001953125,5574.7998046875,212.0
2026-01-28 20:53:00-05:00,5574.0,5578.2998046875,5571.0,5574.5,354.0
2026-01-28 20:54:00-05:00,5574.0,5576.89990234375,5568.7998046875,5568.7998046875,218.0
2026-01-28 20:55:00-05:00,5569.2001953125,5570.2998046875,5564.2998046875,5564.60009765625,201.0
2026-01-28 20:56:00-05:00,5564.2001953125,5564.60009765625,5555.7001953125,5558.2998046875,312.0
2026-01-28 20:57:00-05:00,5558.0,5568.2998046875,5556.89990234375,5567.7998046875,264.0
2026-01-28 20:58:00-05:00,5567.7001953125,5574.0,5567.60009765625,5572.7998046875,228.0
2026-01-28 20:59:00-05:00,5573.10009765625,5576.5,5572.2998046875,5574.0,234.0
2026-01-28 21:00:00-05:00,5574.10009765625,5574.7001953125,5568.7998046875,5568.89990234375,216.0
2026-01-28 21:01:00-05:00,5568.2998046875,5570.39990234375,5555.60009765625,5557.10009765625,499.0
2026-01-28 21:02:00-05:00,5557.60009765625,5557.7001953125,5532.60009765625,5534.60009765625,1120.0
2026-01-28 21:03:00-05:00,5534.2998046875,5547.60009765625,5533.7998046875,5547.60009765625,521.0
2026-01-28 21:04:00-05:00,5547.0,5552.89990234375,5541.89990234375,5548.60009765625,351.0
2026-01-28 21:05:00-05:00,5548.7998046875,5552.0,5545.0,5548.89990234375,279.0
2026-01-28 21:06:00-05:00,5549.39990234375,5551.0,5545.0,5549.2001953125,194.0
2026-01-28 21:07:00-05:00,5549.89990234375,5555.7001953125,5549.2001953125,5553.2998046875,309.0
2026-01-28 21:08:00-05:00,5553.10009765625,5554.89990234375,5540.5,5540.89990234375,476.0
2026-01-28 21:09:00-05:00,5541.0,5545.2001953125,5535.89990234375,5544.60009765625,351.0
2026-01-28 21:10:00-05:00,5545.39990234375,5552.2001953125,5544.89990234375,5550.7001953125,177.0
2026-01-28 21:11:00-05:00,5551.2998046875,5558.7001953125,5551.2998046875,5556.89990234375,208.0
2026-01-28 21:12:00-05:00,5557.10009765625,5562.2001953125,5556.5,5558.89990234375,253.0
2026-01-28 21:13:00-05:00,5558.7001953125,5565.0,5554.2001953125,5554.89990234375,305.0
2026-01-28 21:14:00-05:00,5555.2001953125,5555.5,5545.89990234375,5550.5,391.0
2026-01-28 21:15:00-05:00,5551.2001953125,5551.2001953125,5544.0,5546.7001953125,180.0
2026-01-28 21:16:00-05:00,5546.10009765625,5546.39990234375,5542.7001953125,5544.60009765625,290.0
2026-01-28 21:17:00-05:00,5543.5,5545.5,5540.89990234375,5543.10009765625,302.0
2026-01-28 21:18:00-05:00,5541.7001953125,5546.0,5540.0,5544.10009765625,257.0
2026-01-28 21:19:00-05:00,5543.2998046875,5547.39990234375,5542.60009765625,5546.10009765625,239.0
2026-01-28 21:20:00-05:00,5545.0,5548.5,5543.39990234375,5547.10009765625,178.0
2026-01-28 21:21:00-05:00,5547.10009765625,5550.0,5545.7998046875,5545.89990234375,261.0
2026-01-28 21:22:00-05:00,5546.2001953125,5547.39990234375,5538.2998046875,5544.60009765625,375.0
2026-01-28 21:23:00-05:00,5545.2001953125,5551.2998046875,5544.2001953125,5548.39990234375,210.0
2026-01-28 21:24:00-05:00,5547.5,5550.0,5546.60009765625,5547.5,72.0
2026-01-28 21:25:00-05:00,5547.5,5550.5,5546.0,5550.5,104.0
2026-01-28 21:26:00-05:00,5549.89990234375,5552.60009765625,5549.7001953125,5552.0,203.0
2026-01-28 21:27:00-05:00,5552.0,5552.5,5547.5,5552.2998046875,84.0
2026-01-28 21:28:00-05:00,5550.5,5552.0,5548.60009765625,5550.2998046875,114.0
2026-01-28 21:29:00-05:00,5550.5,5554.5,5550.5,5553.7001953125,113.0
2026-01-28 21:30:00-05:00,5554.39990234375,5564.5,5554.2001953125,5563.60009765625,582.0
2026-01-28 21:31:00-05:00,5563.89990234375,5564.89990234375,5560.39990234375,5560.7001953125,244.0
2026-01-28 21:32:00-05:00,5561.10009765625,5565.60009765625,5560.0,5564.7998046875,177.0
2026-01-28 21:33:00-05:00,5565.39990234375,5570.0,5565.10009765625,5567.5,321.0
2026-01-28 21:34:00-05:00,5568.10009765625,5569.10009765625,5560.89990234375,5561.5,215.0
2026-01-28 21:35:00-05:00,5561.89990234375,5568.2001953125,5561.89990234375,5567.89990234375,112.0
2026-01-28 21:36:00-05:00,5568.2998046875,5573.0,5568.2998046875,5571.5,228.0
2026-01-28 21:37:00-05:00,5577.5,5578.39990234375,5572.0,5573.2001953125,604.0
2026-01-28 21:38:00-05:00,5572.7998046875,5575.2001953125,5570.39990234375,5570.7998046875,193.0
2026-01-28 21:39:00-05:00,5570.7001953125,5571.2001953125,5565.0,5565.2998046875,195.0
2026-01-28 21:40:00-05:00,5565.7001953125,5568.39990234375,5560.7001953125,5564.2998046875,297.0
2026-01-28 21:41:00-05:00,5564.2001953125,5565.2001953125,5552.39990234375,5552.39990234375,461.0
2026-01-28 21:42:00-05:00,5552.10009765625,5553.2998046875,5547.7001953125,5553.2001953125,328.0
2026-01-28 21:43:00-05:00,5552.5,5559.2001953125,5550.5,5557.5,324.0
2026-01-28 21:44:00-05:00,5557.2998046875,5560.2998046875,5553.2001953125,5554.7001953125,275.0
2026-01-28 21:45:00-05:00,5554.5,5560.5,5551.2001953125,5559.89990234375,191.0
2026-01-28 21:46:00-05:00,5560.39990234375,5564.0,5557.2001953125,5560.7001953125,186.0
2026-01-28 21:47:00-05:00,5561.10009765625,5564.7001953125,5559.89990234375,5564.10009765625,191.0
2026-01-28 21:48:00-05:00,5564.5,5567.7001953125,5564.5,5566.10009765625,166.0
2026-01-28 21:49:00-05:00,5566.7998046875,5570.0,5566.39990234375,5568.60009765625,169.0
2026-01-28 21:50:00-05:00,5569.5,5571.2001953125,5568.2001953125,5569.10009765625,183.0
2026-01-28 21:51:00-05:00,5569.0,5573.2998046875,5568.7001953125,5568.7998046875,202.0
2026-01-28 21:52:00-05:00,5569.0,5570.39990234375,5563.39990234375,5567.7001953125,314.0
2026-01-28 21:53:00-05:00,5567.39990234375,5568.2998046875,5560.5,5562.7001953125,266.0
2026-01-28 21:54:00-05:00,5562.7998046875,5564.39990234375,5560.7001953125,5562.39990234375,152.0
2026-01-28 21:55:00-05:00,5563.60009765625,5567.60009765625,5563.60009765625,5566.2998046875,152.0
2026-01-28 21:56:00-05:00,5566.5,5569.39990234375,5563.5,5569.39990234375,95.0
2026-01-28 21:57:00-05:00,5569.2998046875,5570.60009765625,5562.39990234375,5564.10009765625,224.0
2026-01-28 21:58:00-05:00,5564.10009765625,5568.0,5564.10009765625,5568.0,122.0
2026-01-28 21:59:00-05:00,5567.60009765625,5568.0,5565.0,5565.7001953125,70.0
2026-01-28 22:00:00-05:00,5565.2001953125,5572.5,5565.2001953125,5571.2001953125,224.0
2026-01-28 22:01:00-05:00,5571.7998046875,5576.60009765625,5571.5,5576.60009765625,436.0
2026-01-28 22:02:00-05:00,5576.60009765625,5578.5,5572.2001953125,5572.7001953125,289.0
2026-01-28 22:03:00-05:00,5572.60009765625,5572.89990234375,5550.0,5550.0,639.0
2026-01-28 22:04:00-05:00,5550.0,5550.10009765625,5538.2001953125,5544.60009765625,811.0
2026-01-28 22:05:00-05:00,5544.39990234375,5553.7998046875,5544.39990234375,5552.2001953125,334.0
2026-01-28 22:06:00-05:00,5552.39990234375,5554.5,5548.2001953125,5553.7001953125,366.0
2026-01-28 22:07:00-05:00,5554.7998046875,5555.5,5548.2001953125,5553.10009765625,243.0
2026-01-28 22:08:00-05:00,5553.10009765625,5554.0,5550.39990234375,5552.60009765625,157.0
2026-01-28 22:09:00-05:00,5551.7001953125,5555.2998046875,5548.5,5552.7998046875,179.0
2026-01-28 22:10:00-05:00,5553.89990234375,5558.7001953125,5551.60009765625,5556.2001953125,205.0
2026-01-28 22:11:00-05:00,5556.0,5560.89990234375,5556.0,5559.2001953125,125.0
2026-01-28 22:12:00-05:00,5559.10009765625,5561.0,5556.7998046875,5559.7998046875,119.0
2026-01-28 22:13:00-05:00,5560.2001953125,5567.0,5559.7998046875,5566.7998046875,326.0
2026-01-28 22:14:00-05:00,5566.7001953125,5569.7998046875,5565.7001953125,5567.5,323.0
2026-01-28 22:15:00-05:00,5567.89990234375,5569.7998046875,5565.2001953125,5569.0,211.0
2026-01-28 22:16:00-05:00,5568.5,5568.5,5564.7001953125,5565.2998046875,158.0
2026-01-28 22:17:00-05:00,5565.2001953125,5565.2001953125,5557.5,5558.0,208.0
2026-01-28 22:18:00-05:00,5558.2001953125,5560.39990234375,5554.89990234375,5557.7998046875,198.0
2026-01-28 22:19:00-05:00,5557.2001953125,5557.2998046875,5553.39990234375,5557.2998046875,163.0
2026-01-28 22:20:00-05:00,5558.0,5558.2998046875,5553.89990234375,5555.2998046875,145.0
2026-01-28 22:21:00-05:00,5554.0,5557.89990234375,5553.10009765625,5557.2998046875,121.0
2026-01-28 22:22:00-05:00,5555.89990234375,5555.89990234375,5551.2998046875,5554.7001953125,224.0
2026-01-28 22:23:00-05:00,5554.2001953125,5557.10009765625,5554.0,5554.39990234375,125.0
2026-01-28 22:24:00-05:00,5553.7998046875,5561.39990234375,5552.2001953125,5560.7001953125,202.0
2026-01-28 22:25:00-05:00,5560.60009765625,5563.0,5558.2998046875,5561.60009765625,111.0
2026-01-28 22:26:00-05:00,5562.10009765625,5564.5,5560.5,5562.10009765625,127.0
2026-01-28 22:27:00-05:00,5561.5,5564.5,5560.2998046875,5561.60009765625,153.0
2026-01-28 22:28:00-05:00,5561.2998046875,5561.2998046875,5555.0,5555.60009765625,184.0
2026-01-28 22:29:00-05:00,5555.5,5557.2998046875,5550.89990234375,5551.10009765625,230.0
2026-01-28 22:30:00-05:00,5551.60009765625,5559.89990234375,5551.60009765625,5558.2001953125,217.0
2026-01-28 22:31:00-05:00,5558.60009765625,5561.7001953125,5557.89990234375,5560.60009765625,111.0
2026-01-28 22:32:00-05:00,5560.2998046875,5560.5,5555.89990234375,5557.10009765625,132.0
2026-01-28 22:33:00-05:00,5557.39990234375,5558.10009765625,5555.39990234375,5556.5,89.0
2026-01-28 22:34:00-05:00,5557.5,5563.7001953125,5557.5,5563.60009765625,112.0
2026-01-28 22:35:00-05:00,5563.5,5566.7001953125,5562.7001953125,5566.0,264.0
2026-01-28 22:36:00-05:00,5566.2998046875,5567.2998046875,5561.89990234375,5561.89990234375,161.0
2026-01-28 22:37:00-05:00,5561.5,5562.7001953125,5552.7998046875,5555.5,357.0
2026-01-28 22:38:00-05:00,5555.60009765625,5555.60009765625,5549.7001953125,5550.7998046875,279.0
2026-01-28 22:39:00-05:00,5550.10009765625,5554.39990234375,5549.7001953125,5552.2001953125,146.0
2026-01-28 22:40:00-05:00,5552.0,5554.2001953125,5549.60009765625,5553.0,129.0
2026-01-28 22:41:00-05:00,5552.7001953125,5556.2998046875,5552.39990234375,5554.7001953125,117.0
2026-01-28 22:42:00-05:00,5554.7001953125,5554.89990234375,5553.7998046875,5554.10009765625,55.0
2026-01-28 22:43:00-05:00,5554.2001953125,5559.2998046875,5554.2001953125,5559.0,100.0
2026-01-28 22:44:00-05:00,5559.2998046875,5559.39990234375,5556.60009765625,5557.7998046875,71.0
2026-01-28 22:45:00-05:00,5557.5,5563.39990234375,5556.7998046875,5560.7998046875,186.0
2026-01-28 22:46:00-05:00,5560.7001953125,5564.60009765625,5559.7001953125,5564.60009765625,135.0
2026-01-28 22:47:00-05:00,5564.7998046875,5567.60009765625,5564.7998046875,5567.0,189.0
2026-01-28 22:48:00-05:00,5567.0,5569.5,5566.89990234375,5569.10009765625,258.0
2026-01-28 22:49:00-05:00,5569.0,5569.5,5565.7998046875,5568.2998046875,201.0
2026-01-28 22:50:00-05:00,5567.60009765625,5568.2998046875,5562.10009765625,5565.7001953125,183.0
2026-01-28 22:51:00-05:00,5565.7998046875,5571.0,5564.60009765625,5569.5,204.0
2026-01-28 22:52:00-05:00,5569.60009765625,5571.5,5566.7001953125,5571.2001953125,101.0
2026-01-28 22:53:00-05:00,5571.7998046875,5572.5,5570.7001953125,5571.60009765625,117.0
2026-01-28 22:54:00-05:00,5571.39990234375,5574.89990234375,5570.7001953125,5574.5,202.0
2026-01-28 22:55:00-05:00,5574.5,5576.89990234375,5573.7998046875,5576.89990234375,215.0
2026-01-28 22:56:00-05:00,5576.7998046875,5579.2998046875,5574.7998046875,5578.5,266.0
2026-01-28 22:57:00-05:00,5578.7998046875,5579.10009765625,5574.10009765625,5574.10009765625,169.0
2026-01-28 22:58:00-05:00,5574.2001953125,5577.7001953125,5574.10009765625,5576.2998046875,151.0
2026-01-28 22:59:00-05:00,5576.10009765625,5577.39990234375,5576.0,5576.89990234375,23.0
2026-01-28 23:04:00-05:00,5570.7998046875,5571.2998046875,5570.7001953125,5571.0,1795.0
2026-01-28 23:05:00-05:00,5572.2998046875,5576.39990234375,5571.7998046875,5574.39990234375,56.0
2026-01-28 23:06:00-05:00,5574.60009765625,5577.60009765625,5574.60009765625,5577.5,110.0
2026-01-28 23:07:00-05:00,5577.2001953125,5580.0,5577.2001953125,5580.0,136.0
2026-01-28 23:08:00-05:00,5579.7998046875,5582.5,5578.0,5579.89990234375,321.0
2026-01-28 23:09:00-05:00,5579.7998046875,5579.7998046875,5574.89990234375,5577.60009765625,183.0
2026-01-28 23:10:00-05:00,5576.89990234375,5576.89990234375,5572.2001953125,5573.2001953125,136.0
2026-01-28 23:11:00-05:00,5573.0,5575.0,5570.0,5574.0,192.0
2026-01-28 23:12:00-05:00,5574.0,5575.7998046875,5572.39990234375,5572.39990234375,93.0
2026-01-28 23:13:00-05:00,5572.5,5572.5,5568.7998046875,5569.10009765625,122.0
2026-01-28 23:14:00-05:00,5569.5,5570.0,5564.2001953125,5564.89990234375,191.0
2026-01-28 23:15:00-05:00,5564.2998046875,5566.5,5563.7001953125,5566.5,126.0
2026-01-28 23:16:00-05:00,5567.10009765625,5570.39990234375,5566.89990234375,5568.0,193.0
2026-01-28 23:17:00-05:00,5568.0,5569.7998046875,5567.0,5568.89990234375,95.0
2026-01-28 23:18:00-05:00,5568.60009765625,5569.60009765625,5565.89990234375,5569.10009765625,90.0
2026-01-28 23:19:00-05:00,5569.39990234375,5572.5,5569.39990234375,5572.2998046875,103.0
2026-01-28 23:20:00-05:00,5571.39990234375,5573.89990234375,5569.2001953125,5572.2001953125,153.0
2026-01-28 23:21:00-05:00,5572.2998046875,5576.7001953125,5572.2998046875,5573.60009765625,130.0
2026-01-28 23:22:00-05:00,5573.39990234375,5573.39990234375,5569.39990234375,5570.7001953125,104.0
2026-01-28 23:23:00-05:00,5570.7001953125,5571.7001953125,5569.2998046875,5570.7001953125,57.0
2026-01-28 23:24:00-05:00,5571.2001953125,5576.39990234375,5571.0,5576.0,84.0
2026-01-28 23:25:00-05:00,5576.5,5577.5,5576.10009765625,5577.2001953125,71.0
2026-01-28 23:26:00-05:00,5577.0,5577.89990234375,5576.2001953125,5577.5,101.0
2026-01-28 23:27:00-05:00,5577.89990234375,5580.89990234375,5577.5,5580.5,114.0
2026-01-28 23:28:00-05:00,5580.0,5580.0,5576.39990234375,5576.5,99.0
2026-01-28 23:29:00-05:00,5576.2998046875,5577.7001953125,5576.2001953125,5577.7001953125,57.0
2026-01-28 23:30:00-05:00,5577.7998046875,5578.2001953125,5575.2001953125,5577.39990234375,83.0
2026-01-28 23:31:00-05:00,5577.7001953125,5578.60009765625,5576.89990234375,5577.7001953125,34.0
2026-01-28 23:32:00-05:00,5577.7998046875,5581.5,5577.7998046875,5580.2998046875,123.0
2026-01-28 23:33:00-05:00,5580.39990234375,5588.60009765625,5580.2001953125,5587.7001953125,395.0
2026-01-28 23:34:00-05:00,5587.7998046875,5593.5,5587.7998046875,5592.60009765625,383.0
2026-01-28 23:35:00-05:00,5592.2001953125,5594.60009765625,5591.5,5592.39990234375,291.0
2026-01-28 23:36:00-05:00,5593.0,5593.7998046875,5592.7001953125,5593.7998046875,39.0
2026-01-28 23:38:00-05:00,5593.7001953125,5593.89990234375,5592.60009765625,5593.2001953125,426.0
2026-01-28 23:39:00-05:00,5593.2001953125,5595.0,5593.2001953125,5593.7998046875,82.0
2026-01-28 23:40:00-05:00,5593.5,5593.7998046875,5589.7001953125,5589.89990234375,210.0
2026-01-28 23:41:00-05:00,5590.5,5592.0,5583.39990234375,5584.2001953125,303.0
2026-01-28 23:42:00-05:00,5583.60009765625,5592.39990234375,5582.39990234375,5590.89990234375,373.0
2026-01-28 23:43:00-05:00,5591.0,5591.89990234375,5586.2001953125,5588.5,281.0
2026-01-28 23:44:00-05:00,5588.60009765625,5588.7998046875,5586.7998046875,5587.89990234375,137.0
2026-01-28 23:45:00-05:00,5588.60009765625,5590.0,5586.60009765625,5589.7998046875,93.0
2026-01-28 23:46:00-05:00,5589.2001953125,5590.60009765625,5586.0,5588.7001953125,227.0
2026-01-28 23:47:00-05:00,5588.60009765625,5590.7998046875,5583.60009765625,5585.7001953125,364.0
2026-01-28 23:48:00-05:00,5586.10009765625,5587.7998046875,5584.39990234375,5587.60009765625,123.0
2026-01-28 23:49:00-05:00,5587.10009765625,5591.2001953125,5584.10009765625,5589.89990234375,304.0
2026-01-28 23:50:00-05:00,5589.39990234375,5589.60009765625,5584.10009765625,5587.7998046875,252.0
2026-01-28 23:51:00-05:00,5588.10009765625,5589.2001953125,5584.10009765625,5585.10009765625,214.0
2026-01-28 23:52:00-05:00,5584.5,5584.7001953125,5581.2998046875,5583.2001953125,152.0
2026-01-28 23:53:00-05:00,5583.10009765625,5586.89990234375,5581.5,5585.89990234375,132.0
2026-01-28 23:54:00-05:00,5586.2001953125,5588.10009765625,5583.89990234375,5587.2998046875,159.0
2026-01-28 23:55:00-05:00,5586.5,5588.5,5584.10009765625,5585.2998046875,144.0
2026-01-28 23:56:00-05:00,5584.89990234375,5585.7998046875,5582.7998046875,5583.10009765625,132.0
2026-01-28 23:57:00-05:00,5583.10009765625,5589.7001953125,5583.10009765625,5586.39990234375,173.0
2026-01-28 23:58:00-05:00,5585.7998046875,5591.2001953125,5585.39990234375,5589.7998046875,173.0
2026-01-29 00:01:00-05:00,5585.5,5585.5,5581.7998046875,5581.89990234375,436.0
2026-01-29 00:02:00-05:00,5582.0,5585.2001953125,5581.10009765625,5584.60009765625,212.0
2026-01-29 00:03:00-05:00,5584.89990234375,5586.7998046875,5583.7001953125,5586.2998046875,137.0
2026-01-29 00:04:00-05:00,5586.60009765625,5588.7001953125,5586.0,5588.7001953125,75.0
2026-01-29 00:05:00-05:00,5588.7998046875,5590.7998046875,5583.7001953125,5583.89990234375,169.0
2026-01-29 00:06:00-05:00,5583.5,5589.10009765625,5583.5,5587.2998046875,120.0
2026-01-29 00:07:00-05:00,5586.89990234375,5588.2001953125,5586.2001953125,5588.10009765625,36.0
2026-01-29 00:08:00-05:00,5587.7998046875,5588.7001953125,5583.89990234375,5586.0,156.0
2026-01-29 00:09:00-05:00,5585.5,5589.2001953125,5584.60009765625,5588.5,192.0
2026-01-29 00:10:00-05:00,5588.89990234375,5589.10009765625,5584.0,5584.89990234375,109.0
2026-01-29 00:11:00-05:00,5586.39990234375,5587.2998046875,5582.2998046875,5583.7001953125,135.0
2026-01-29 00:12:00-05:00,5582.7998046875,5584.2001953125,5579.60009765625,5584.2001953125,253.0
2026-01-29 00:13:00-05:00,5584.2001953125,5585.89990234375,5584.0,5585.2001953125,81.0
2026-01-29 00:14:00-05:00,5585.7001953125,5590.0,5585.60009765625,5589.0,265.0
2026-01-29 00:15:00-05:00,5589.10009765625,5589.39990234375,5586.39990234375,5589.2001953125,66.0
2026-01-29 00:16:00-05:00,5588.0,5588.39990234375,5586.10009765625,5588.39990234375,164.0
2026-01-29 00:17:00-05:00,5588.10009765625,5588.7998046875,5586.60009765625,5588.5,85.0
2026-01-29 00:18:00-05:00,5588.60009765625,5589.2998046875,5585.89990234375,5586.0,80.0
2026-01-29 00:19:00-05:00,5586.2001953125,5588.7998046875,5584.2998046875,5585.2001953125,176.0
2026-01-29 00:21:00-05:00,5573.2001953125,5573.7001953125,5555.10009765625,5562.10009765625,1655.0
2026-01-29 00:22:00-05:00,5562.10009765625,5564.10009765625,5553.89990234375,5558.7998046875,667.0
2026-01-29 00:23:00-05:00,5558.89990234375,5559.2998046875,5548.10009765625,5549.2998046875,603.0
2026-01-29 00:24:00-05:00,5550.0,5556.5,5544.5,5550.2998046875,733.0
2026-01-29 00:25:00-05:00,5550.2001953125,5559.39990234375,5549.60009765625,5558.5,401.0
2026-01-29 00:26:00-05:00,5557.89990234375,5561.7001953125,5557.0,5560.0,238.0
2026-01-29 00:27:00-05:00,5559.60009765625,5564.0,5556.60009765625,5563.0,263.0
2026-01-29 00:28:00-05:00,5563.10009765625,5566.60009765625,5561.2001953125,5566.0,190.0
2026-01-29 00:29:00-05:00,5566.2998046875,5571.0,5565.0,5570.0,236.0
2026-01-29 00:30:00-05:00,5570.5,5575.89990234375,5569.10009765625,5573.10009765625,524.0
2026-01-29 00:31:00-05:00,5572.89990234375,5582.7001953125,5572.5,5575.5,439.0
2026-01-29 00:32:00-05:00,5576.2001953125,5582.10009765625,5575.60009765625,5579.5,300.0
2026-01-29 00:33:00-05:00,5579.5,5581.5,5577.2998046875,5577.7001953125,138.0
2026-01-29 00:34:00-05:00,5577.39990234375,5580.2998046875,5571.89990234375,5573.39990234375,170.0
2026-01-29 00:35:00-05:00,5573.0,5581.2998046875,5572.7001953125,5580.7998046875,221.0
2026-01-29 00:36:00-05:00,5580.5,5580.7001953125,5576.39990234375,5579.39990234375,157.0
2026-01-29 00:37:00-05:00,5578.89990234375,5578.89990234375,5576.2998046875,5578.10009765625,139.0
2026-01-29 00:38:00-05:00,5577.89990234375,5579.7001953125,5576.2998046875,5577.2998046875,80.0
2026-01-29 00:39:00-05:00,5576.7998046875,5582.5,5575.2001953125,5582.2998046875,242.0
2026-01-29 00:40:00-05:00,5581.89990234375,5584.10009765625,5573.7001953125,5573.7001953125,291.0
2026-01-29 00:41:00-05:00,5573.7001953125,5578.0,5571.89990234375,5577.7001953125,216.0
2026-01-29 00:42:00-05:00,5577.89990234375,5578.5,5575.60009765625,5575.7998046875,125.0
2026-01-29 00:43:00-05:00,5575.39990234375,5576.5,5572.60009765625,5572.7998046875,73.0
2026-01-29 00:44:00-05:00,5572.89990234375,5578.60009765625,5572.89990234375,5577.5,160.0
2026-01-29 00:45:00-05:00,5577.39990234375,5581.39990234375,5576.89990234375,5580.89990234375,143.0
2026-01-29 00:46:00-05:00,5581.10009765625,5584.60009765625,5579.89990234375,5583.39990234375,187.0
2026-01-29 00:47:00-05:00,5583.5,5583.7998046875,5580.89990234375,5582.2001953125,113.0
2026-01-29 00:48:00-05:00,5582.60009765625,5586.0,5582.2998046875,5585.7998046875,185.0
2026-01-29 00:49:00-05:00,5585.5,5591.5,5585.2001953125,5586.0,380.0
2026-01-29 00:50:00-05:00,5586.89990234375,5587.60009765625,5584.0,5584.39990234375,94.0
2026-01-29 00:51:00-05:00,5584.7001953125,5584.7001953125,5581.2001953125,5582.10009765625,106.0
2026-01-29 00:52:00-05:00,5582.39990234375,5583.7998046875,5580.7001953125,5581.60009765625,83.0
2026-01-29 00:53:00-05:00,5581.5,5585.89990234375,5580.7998046875,5585.0,123.0
2026-01-29 00:54:00-05:00,5585.0,5588.2001953125,5582.7998046875,5582.7998046875,196.0
2026-01-29 00:55:00-05:00,5583.2998046875,5587.7998046875,5580.60009765625,5587.39990234375,274.0
2026-01-29 00:56:00-05:00,5587.7998046875,5590.7001953125,5586.39990234375,5590.39990234375,177.0
2026-01-29 00:57:00-05:00,5590.10009765625,5590.39990234375,5587.60009765625,5589.7001953125,179.0
2026-01-29 00:58:00-05:00,5589.39990234375,5589.89990234375,5587.7001953125,5589.0,75.0
2026-01-29 00:59:00-05:00,5589.60009765625,5593.2998046875,5588.89990234375,5590.89990234375,199.0
2026-01-29 01:00:00-05:00,5591.10009765625,5601.2998046875,5591.10009765625,5598.7001953125,782.0
2026-01-29 01:01:00-05:00,5598.5,5601.7998046875,5598.5,5599.7001953125,300.0
2026-01-29 01:02:00-05:00,5600.0,5611.2001953125,5599.60009765625,5609.7998046875,781.0
2026-01-29 01:03:00-05:00,5610.0,5610.0,5604.2001953125,5604.2001953125,521.0
2026-01-29 01:04:00-05:00,5604.5,5614.7998046875,5603.7001953125,5612.2998046875,710.0
2026-01-29 01:05:00-05:00,5612.39990234375,5617.5,5612.2001953125,5616.0,509.0
2026-01-29 01:06:00-05:00,5616.0,5617.7001953125,5613.60009765625,5616.2998046875,324.0
2026-01-29 01:07:00-05:00,5616.0,5616.0,5611.39990234375,5615.60009765625,226.0
2026-01-29 01:08:00-05:00,5616.10009765625,5618.2001953125,5612.39990234375,5612.39990234375,255.0
2026-01-29 01:09:00-05:00,5612.2001953125,5617.0,5611.5,5616.7001953125,134.0
2026-01-29 01:10:00-05:00,5616.2998046875,5618.0,5613.5,5613.89990234375,143.0
2026-01-29 01:11:00-05:00,5614.0,5614.2001953125,5610.0,5610.2001953125,258.0
2026-01-29 01:12:00-05:00,5610.60009765625,5615.60009765625,5608.7998046875,5615.2998046875,226.0
2026-01-29 01:13:00-05:00,5615.39990234375,5616.7001953125,5612.39990234375,5616.5,182.0
2026-01-29 01:14:00-05:00,5616.60009765625,5618.7998046875,5612.39990234375,5614.2998046875,322.0
2026-01-29 01:15:00-05:00,5614.60009765625,5614.7998046875,5609.7001953125,5612.89990234375,165.0
2026-01-29 01:16:00-05:00,5612.10009765625,5612.7001953125,5609.89990234375,5610.7998046875,90.0
2026-01-29 01:17:00-05:00,5607.7001953125,5608.89990234375,5607.60009765625,5608.2998046875,290.0
2026-01-29 01:18:00-05:00,5608.5,5613.7998046875,5605.7001953125,5613.7998046875,251.0
2026-01-29 01:19:00-05:00,5613.7998046875,5615.2001953125,5607.7998046875,5609.7998046875,330.0
2026-01-29 01:20:00-05:00,5610.39990234375,5615.2001953125,5610.2998046875,5614.39990234375,161.0
2026-01-29 01:21:00-05:00,5614.10009765625,5622.39990234375,5614.10009765625,5621.7998046875,460.0
2026-01-29 01:22:00-05:00,5621.7998046875,5624.5,5621.2001953125,5623.2001953125,349.0
2026-01-29 01:23:00-05:00,5623.2001953125,5625.89990234375,5620.0,5620.0,393.0
2026-01-29 01:24:00-05:00,5619.89990234375,5622.60009765625,5616.5,5617.0,239.0
2026-01-29 01:25:00-05:00,5617.10009765625,5618.5,5614.0,5617.0,252.0
2026-01-29 01:26:00-05:00,5616.89990234375,5620.39990234375,5615.7998046875,5619.2001953125,146.0
2026-01-29 01:27:00-05:00,5619.89990234375,5621.89990234375,5616.60009765625,5619.2001953125,107.0
2026-01-29 01:28:00-05:00,5618.39990234375,5618.39990234375,5614.0,5617.10009765625,149.0
2026-01-29 01:29:00-05:00,5616.7998046875,5616.7998046875,5611.2998046875,5615.7998046875,232.0
2026-01-29 01:30:00-05:00,5615.2998046875,5617.60009765625,5612.7998046875,5615.7001953125,211.0
2026-01-29 01:31:00-05:00,5615.2998046875,5615.7998046875,5612.10009765625,5612.7998046875,153.0
2026-01-29 01:32:00-05:00,5612.89990234375,5614.2998046875,5608.7998046875,5611.60009765625,189.0
2026-01-29 01:33:00-05:00,5611.7998046875,5612.39990234375,5608.10009765625,5609.7001953125,140.0
2026-01-29 01:34:00-05:00,5610.10009765625,5613.10009765625,5609.0,5612.5,180.0
2026-01-29 01:35:00-05:00,5612.0,5617.2001953125,5611.7998046875,5615.2001953125,174.0
2026-01-29 01:36:00-05:00,5615.60009765625,5617.2001953125,5608.2001953125,5611.2998046875,187.0
2026-01-29 01:37:00-05:00,5611.0,5613.39990234375,5609.10009765625,5611.5,145.0
2026-01-29 01:38:00-05:00,5611.60009765625,5615.7998046875,5610.7998046875,5613.7001953125,139.0
2026-01-29 01:39:00-05:00,5614.2998046875,5615.39990234375,5612.7998046875,5613.7001953125,66.0
2026-01-29 01:40:00-05:00,5613.60009765625,5616.0,5612.7001953125,5615.7998046875,71.0
2026-01-29 01:41:00-05:00,5615.2001953125,5616.2001953125,5612.7998046875,5614.5,168.0
2026-01-29 01:42:00-05:00,5613.60009765625,5615.60009765625,5612.89990234375,5614.39990234375,52.0
2026-01-29 01:43:00-05:00,5614.5,5617.10009765625,5611.89990234375,5616.2998046875,99.0
2026-01-29 01:44:00-05:00,5616.2998046875,5616.7998046875,5611.60009765625,5612.0,72.0
2026-01-29 01:45:00-05:00,5612.10009765625,5614.7998046875,5611.10009765625,5612.39990234375,183.0
2026-01-29 01:46:00-05:00,5612.0,5612.0,5595.89990234375,5599.2998046875,757.0
2026-01-29 01:47:00-05:00,5599.2001953125,5602.2001953125,5591.39990234375,5591.39990234375,610.0
2026-01-29 01:48:00-05:00,5591.7001953125,5599.5,5589.0,5599.10009765625,487.0
2026-01-29 01:49:00-05:00,5599.0,5602.7998046875,5598.10009765625,5602.7998046875,272.0
2026-01-29 01:50:00-05:00,5603.0,5603.10009765625,5597.0,5598.39990234375,192.0
2026-01-29 01:51:00-05:00,5598.2998046875,5603.5,5598.0,5603.2998046875,196.0
2026-01-29 01:52:00-05:00,5603.39990234375,5606.39990234375,5601.0,5605.7001953125,136.0
2026-01-29 01:53:00-05:00,5605.89990234375,5606.10009765625,5602.5,5604.10009765625,138.0
2026-01-29 01:54:00-05:00,5603.7001953125,5604.0,5595.7998046875,5599.7998046875,225.0
2026-01-29 01:55:00-05:00,5599.7001953125,5600.60009765625,5595.2998046875,5596.2001953125,157.0
2026-01-29 01:56:00-05:00,5596.7001953125,5598.39990234375,5591.39990234375,5592.60009765625,192.0
2026-01-29 01:57:00-05:00,5592.7998046875,5593.7998046875,5591.10009765625,5592.7001953125,141.0
2026-01-29 01:58:00-05:00,5593.89990234375,5594.60009765625,5583.7998046875,5587.2001953125,536.0
2026-01-29 01:59:00-05:00,5587.2998046875,5592.60009765625,5586.2001953125,5591.0,304.0
2026-01-29 02:00:00-05:00,5591.0,5595.89990234375,5590.39990234375,5595.5,256.0
2026-01-29 02:01:00-05:00,5595.2001953125,5600.60009765625,5595.2001953125,5600.2001953125,283.0
2026-01-29 02:02:00-05:00,5600.60009765625,5602.89990234375,5597.2998046875,5602.5,213.0
2026-01-29 02:03:00-05:00,5602.39990234375,5604.0,5601.7998046875,5602.89990234375,214.0
2026-01-29 02:04:00-05:00,5602.89990234375,5603.7001953125,5597.39990234375,5597.39990234375,168.0
2026-01-29 02:05:00-05:00,5597.89990234375,5599.60009765625,5593.7998046875,5597.5,252.0
2026-01-29 02:06:00-05:00,5597.7001953125,5599.7001953125,5597.2001953125,5598.7998046875,177.0
2026-01-29 02:07:00-05:00,5598.89990234375,5602.10009765625,5598.2001953125,5600.7998046875,247.0
2026-01-29 02:08:00-05:00,5600.7001953125,5602.39990234375,5596.89990234375,5597.2001953125,153.0
2026-01-29 02:09:00-05:00,5597.2998046875,5602.10009765625,5595.60009765625,5598.60009765625,194.0
2026-01-29 02:10:00-05:00,5599.39990234375,5600.5,5596.2998046875,5598.39990234375,147.0
2026-01-29 02:11:00-05:00,5598.5,5601.39990234375,5597.39990234375,5600.39990234375,165.0
2026-01-29 02:12:00-05:00,5600.2998046875,5600.7998046875,5595.0,5597.60009765625,422.0
2026-01-29 02:13:00-05:00,5598.2001953125,5598.89990234375,5592.89990234375,5593.7998046875,537.0
2026-01-29 02:14:00-05:00,5593.5,5597.89990234375,5589.7998046875,5591.7001953125,210.0
2026-01-29 02:15:00-05:00,5591.2001953125,5592.7001953125,5588.0,5589.2001953125,300.0
2026-01-29 02:16:00-05:00,5588.60009765625,5589.0,5583.2001953125,5583.89990234375,277.0
2026-01-29 02:17:00-05:00,5583.5,5588.60009765625,5582.0,5587.10009765625,332.0
2026-01-29 02:18:00-05:00,5587.2998046875,5590.0,5583.0,5587.39990234375,295.0
2026-01-29 02:19:00-05:00,5587.7001953125,5593.7998046875,5587.7001953125,5593.5,325.0
2026-01-29 02:20:00-05:00,5594.10009765625,5594.60009765625,5590.0,5591.39990234375,128.0
2026-01-29 02:21:00-05:00,5591.2998046875,5592.0,5585.60009765625,5587.5,207.0
2026-01-29 02:22:00-05:00,5587.10009765625,5587.10009765625,5582.60009765625,5585.7001953125,255.0
2026-01-29 02:23:00-05:00,5585.7998046875,5586.2001953125,5579.5,5582.89990234375,285.0
2026-01-29 02:24:00-05:00,5582.10009765625,5586.10009765625,5582.10009765625,5584.5,212.0
2026-01-29 02:25:00-05:00,5584.5,5586.2001953125,5581.60009765625,5582.2998046875,228.0
2026-01-29 02:26:00-05:00,5581.7001953125,5586.60009765625,5579.39990234375,5581.89990234375,367.0
2026-01-29 02:27:00-05:00,5581.7998046875,5583.7998046875,5577.2001953125,5578.5,537.0
2026-01-29 02:28:00-05:00,5577.7001953125,5579.7001953125,5566.2001953125,5568.0,554.0
2026-01-29 02:29:00-05:00,5567.60009765625,5573.5,5566.2001953125,5570.2001953125,449.0
2026-01-29 02:30:00-05:00,5571.2998046875,5578.2001953125,5571.2998046875,5577.89990234375,299.0
2026-01-29 02:31:00-05:00,5578.10009765625,5582.7001953125,5577.2001953125,5581.7998046875,404.0
2026-01-29 02:32:00-05:00,5580.7998046875,5581.5,5578.2998046875,5580.2001953125,132.0
2026-01-29 02:33:00-05:00,5580.2998046875,5582.10009765625,5577.5,5581.5,251.0
2026-01-29 02:34:00-05:00,5582.2998046875,5583.7001953125,5581.39990234375,5583.39990234375,114.0
2026-01-29 02:35:00-05:00,5583.2998046875,5585.7998046875,5581.2998046875,5584.5,163.0
2026-01-29 02:36:00-05:00,5584.2998046875,5586.89990234375,5579.7001953125,5582.89990234375,203.0
2026-01-29 02:37:00-05:00,5582.60009765625,5585.2001953125,5579.5,5579.5,222.0
2026-01-29 02:38:00-05:00,5579.89990234375,5580.60009765625,5576.2001953125,5576.39990234375,261.0
2026-01-29 02:39:00-05:00,5576.7998046875,5578.39990234375,5571.5,5572.60009765625,180.0
2026-01-29 02:40:00-05:00,5573.0,5580.5,5571.89990234375,5578.39990234375,237.0
2026-01-29 02:41:00-05:00,5578.89990234375,5582.39990234375,5578.60009765625,5581.2001953125,199.0
2026-01-29 02:42:00-05:00,5580.0,5580.2001953125,5577.89990234375,5580.2001953125,102.0
2026-01-29 02:43:00-05:00,5580.39990234375,5581.89990234375,5579.39990234375,5579.39990234375,90.0
2026-01-29 02:44:00-05:00,5579.5,5580.39990234375,5577.7998046875,5578.2001953125,100.0
2026-01-29 02:45:00-05:00,5578.2998046875,5579.60009765625,5575.0,5579.60009765625,134.0
2026-01-29 02:46:00-05:00,5579.7998046875,5580.10009765625,5578.2001953125,5579.39990234375,73.0
2026-01-29 02:47:00-05:00,5578.7001953125,5582.0,5577.39990234375,5578.5,111.0
2026-01-29 02:48:00-05:00,5579.0,5579.89990234375,5577.39990234375,5578.10009765625,68.0
2026-01-29 02:49:00-05:00,5578.60009765625,5580.89990234375,5578.60009765625,5578.7998046875,107.0
2026-01-29 02:50:00-05:00,5578.39990234375,5580.60009765625,5577.89990234375,5580.60009765625,140.0
2026-01-29 02:51:00-05:00,5580.39990234375,5580.7001953125,5576.39990234375,5576.5,124.0
2026-01-29 02:52:00-05:00,5576.10009765625,5580.5,5576.10009765625,5580.5,70.0
2026-01-29 02:53:00-05:00,5580.2998046875,5582.0,5578.7001953125,5580.2998046875,95.0
2026-01-29 02:54:00-05:00,5580.39990234375,5581.7998046875,5578.60009765625,5580.39990234375,128.0
2026-01-29 02:55:00-05:00,5580.2001953125,5581.5,5579.39990234375,5581.39990234375,136.0
2026-01-29 02:56:00-05:00,5580.89990234375,5580.89990234375,5573.2001953125,5577.60009765625,207.0
2026-01-29 02:57:00-05:00,5577.7001953125,5579.39990234375,5577.10009765625,5578.7001953125,92.0
2026-01-29 02:58:00-05:00,5579.0,5580.7998046875,5577.60009765625,5578.7998046875,78.0
2026-01-29 02:59:00-05:00,5578.2998046875,5579.7998046875,5576.7998046875,5578.39990234375,46.0
2026-01-29 03:00:00-05:00,5578.39990234375,5580.2001953125,5575.5,5578.89990234375,228.0
2026-01-29 03:01:00-05:00,5579.7998046875,5584.7998046875,5576.7998046875,5576.89990234375,329.0
2026-01-29 03:02:00-05:00,5577.0,5581.2998046875,5571.39990234375,5574.2001953125,290.0
2026-01-29 03:03:00-05:00,5574.0,5577.2998046875,5574.0,5575.2998046875,115.0
2026-01-29 03:04:00-05:00,5575.5,5577.0,5562.2998046875,5563.2001953125,412.0
2026-01-29 03:05:00-05:00,5563.2001953125,5563.7998046875,5556.5,5558.2001953125,525.0
2026-01-29 03:06:00-05:00,5558.39990234375,5563.0,5553.2001953125,5559.60009765625,695.0
2026-01-29 03:07:00-05:00,5558.89990234375,5565.7001953125,5558.89990234375,5565.10009765625,632.0
2026-01-29 03:08:00-05:00,5565.39990234375,5570.5,5559.2998046875,5561.39990234375,734.0
2026-01-29 03:09:00-05:00,5561.5,5562.60009765625,5558.10009765625,5559.7001953125,241.0
2026-01-29 03:10:00-05:00,5559.7998046875,5566.7001953125,5558.7998046875,5566.10009765625,315.0
2026-01-29 03:11:00-05:00,5566.5,5568.2001953125,5562.7998046875,5567.5,200.0
2026-01-29 03:12:00-05:00,5567.5,5569.7998046875,5565.39990234375,5568.2001953125,284.0
2026-01-29 03:13:00-05:00,5568.2001953125,5572.60009765625,5563.89990234375,5565.39990234375,318.0
2026-01-29 03:14:00-05:00,5565.60009765625,5568.7998046875,5562.0,5568.60009765625,318.0
2026-01-29 03:15:00-05:00,5568.2998046875,5573.89990234375,5566.10009765625,5571.39990234375,225.0
2026-01-29 03:16:00-05:00,5571.60009765625,5573.5,5565.7998046875,5566.2001953125,404.0
2026-01-29 03:17:00-05:00,5566.39990234375,5568.7001953125,5558.39990234375,5559.5,307.0
2026-01-29 03:18:00-05:00,5559.2998046875,5562.10009765625,5556.7998046875,5558.5,371.0
2026-01-29 03:19:00-05:00,5558.89990234375,5560.5,5553.7998046875,5559.39990234375,281.0
2026-01-29 03:20:00-05:00,5560.0,5568.7001953125,5560.0,5566.7998046875,285.0
2026-01-29 03:21:00-05:00,5567.39990234375,5569.5,5566.2001953125,5566.60009765625,195.0
2026-01-29 03:22:00-05:00,5567.0,5571.89990234375,5566.7998046875,5570.60009765625,196.0
2026-01-29 03:23:00-05:00,5570.5,5570.7001953125,5563.60009765625,5565.39990234375,259.0
2026-01-29 03:24:00-05:00,5564.5,5566.89990234375,5558.60009765625,5560.10009765625,503.0
2026-01-29 03:25:00-05:00,5560.0,5562.5,5557.7998046875,5560.5,248.0
2026-01-29 03:26:00-05:00,5560.89990234375,5561.60009765625,5558.7001953125,5560.10009765625,165.0
2026-01-29 03:27:00-05:00,5559.7998046875,5562.60009765625,5555.2001953125,5557.89990234375,268.0
2026-01-29 03:28:00-05:00,5557.10009765625,5557.7001953125,5554.60009765625,5554.7998046875,219.0
2026-01-29 03:29:00-05:00,5554.39990234375,5561.10009765625,5553.7001953125,5560.5,261.0
2026-01-29 03:30:00-05:00,5560.5,5561.39990234375,5555.10009765625,5556.2001953125,154.0
2026-01-29 03:31:00-05:00,5556.39990234375,5556.7001953125,5548.10009765625,5549.5,546.0
2026-01-29 03:32:00-05:00,5550.10009765625,5553.0,5547.10009765625,5552.2998046875,526.0
2026-01-29 03:33:00-05:00,5552.39990234375,5557.60009765625,5552.0,5553.5,331.0
2026-01-29 03:34:00-05:00,5553.10009765625,5555.0,5548.7998046875,5552.7001953125,363.0
2026-01-29 03:35:00-05:00,5552.7998046875,5558.39990234375,5550.39990234375,5551.39990234375,445.0
2026-01-29 03:36:00-05:00,5551.5,5554.7998046875,5549.7001953125,5552.7998046875,314.0
2026-01-29 03:37:00-05:00,5553.10009765625,5553.10009765625,5548.2998046875,5549.60009765625,285.0
2026-01-29 03:38:00-05:00,5550.2998046875,5554.7001953125,5549.89990234375,5553.0,284.0
2026-01-29 03:39:00-05:00,5552.39990234375,5554.39990234375,5541.2001953125,5542.2001953125,494.0
2026-01-29 03:40:00-05:00,5542.2998046875,5546.5,5540.89990234375,5542.7998046875,341.0
2026-01-29 03:41:00-05:00,5542.89990234375,5546.0,5539.2998046875,5542.2001953125,574.0
2026-01-29 03:42:00-05:00,5541.5,5547.89990234375,5539.0,5547.89990234375,381.0
2026-01-29 03:43:00-05:00,5547.7001953125,5547.7001953125,5516.5,5517.7001953125,1371.0
2026-01-29 03:44:00-05:00,5517.89990234375,5521.7001953125,5506.0,5514.2998046875,1622.0
2026-01-29 03:45:00-05:00,5514.39990234375,5514.60009765625,5503.89990234375,5512.10009765625,829.0
2026-01-29 03:46:00-05:00,5512.0,5529.10009765625,5509.39990234375,5527.60009765625,771.0
2026-01-29 03:47:00-05:00,5527.0,5528.2001953125,5521.60009765625,5524.2998046875,601.0
2026-01-29 03:48:00-05:00,5524.0,5532.60009765625,5523.0,5532.60009765625,334.0
2026-01-29 03:49:00-05:00,5532.60009765625,5537.60009765625,5531.60009765625,5537.10009765625,326.0
2026-01-29 03:50:00-05:00,5536.2998046875,5542.2998046875,5534.7001953125,5538.7998046875,387.0
2026-01-29 03:51:00-05:00,5539.10009765625,5542.89990234375,5538.2998046875,5539.7001953125,251.0
2026-01-29 03:52:00-05:00,5539.7998046875,5544.60009765625,5538.0,5543.0,337.0
2026-01-29 03:53:00-05:00,5542.7998046875,5545.2998046875,5541.60009765625,5544.0,217.0
2026-01-29 03:54:00-05:00,5543.89990234375,5546.5,5541.10009765625,5544.5,326.0
2026-01-29 03:55:00-05:00,5544.2998046875,5545.2001953125,5542.0,5542.39990234375,422.0
2026-01-29 03:56:00-05:00,5542.0,5543.89990234375,5541.2998046875,5542.60009765625,206.0
2026-01-29 03:57:00-05:00,5542.5,5548.2998046875,5541.7998046875,5546.10009765625,268.0
2026-01-29 03:58:00-05:00,5545.60009765625,5547.60009765625,5543.10009765625,5543.89990234375,212.0
2026-01-29 03:59:00-05:00,5543.60009765625,5544.7998046875,5538.0,5540.60009765625,336.0
2026-01-29 04:00:00-05:00,5540.10009765625,5544.10009765625,5538.7998046875,5541.7001953125,370.0
2026-01-29 04:01:00-05:00,5541.89990234375,5543.2998046875,5533.60009765625,5536.2001953125,464.0
2026-01-29 04:02:00-05:00,5536.60009765625,5539.2998046875,5532.60009765625,5533.39990234375,395.0
2026-01-29 04:03:00-05:00,5533.0,5535.5,5528.10009765625,5531.60009765625,532.0
2026-01-29 04:04:00-05:00,5531.7001953125,5537.2001953125,5530.2001953125,5532.7998046875,268.0
2026-01-29 04:05:00-05:00,5531.89990234375,5535.60009765625,5530.39990234375,5532.89990234375,260.0
2026-01-29 04:06:00-05:00,5533.89990234375,5543.39990234375,5533.39990234375,5542.5,272.0
2026-01-29 04:07:00-05:00,5541.7998046875,5546.2998046875,5541.0,5545.0,219.0
2026-01-29 04:08:00-05:00,5544.7998046875,5546.39990234375,5537.89990234375,5540.0,409.0
2026-01-29 04:09:00-05:00,5539.60009765625,5541.2001953125,5537.0,5541.0,177.0
2026-01-29 04:10:00-05:00,5541.60009765625,5543.2998046875,5539.89990234375,5541.7001953125,226.0
2026-01-29 04:11:00-05:00,5541.7001953125,5541.7001953125,5539.7001953125,5540.5,52.0
2026-01-29 04:12:00-05:00,5541.10009765625,5542.2001953125,5536.10009765625,5536.10009765625,158.0
2026-01-29 04:13:00-05:00,5536.39990234375,5538.2001953125,5534.60009765625,5536.89990234375,167.0
2026-01-29 04:14:00-05:00,5536.2001953125,5540.7001953125,5535.0,5537.89990234375,264.0
2026-01-29 04:15:00-05:00,5537.7001953125,5537.7001953125,5532.39990234375,5534.5,309.0
2026-01-29 04:16:00-05:00,5533.5,5536.7001953125,5532.2998046875,5536.60009765625,158.0
2026-01-29 04:17:00-05:00,5536.2998046875,5538.5,5536.0,5536.89990234375,155.0
2026-01-29 04:18:00-05:00,5537.0,5537.2001953125,5532.7998046875,5535.89990234375,231.0
2026-01-29 04:19:00-05:00,5536.0,5538.7998046875,5535.39990234375,5536.89990234375,226.0
2026-01-29 04:20:00-05:00,5536.7001953125,5537.2001953125,5530.7001953125,5532.2998046875,395.0
2026-01-29 04:21:00-05:00,5532.10009765625,5542.2001953125,5532.10009765625,5542.2001953125,222.0
2026-01-29 04:22:00-05:00,5542.0,5544.89990234375,5540.7001953125,5541.39990234375,375.0
2026-01-29 04:23:00-05:00,5541.60009765625,5543.2998046875,5540.7998046875,5543.2998046875,556.0
2026-01-29 04:24:00-05:00,5542.89990234375,5544.5,5541.5,5544.5,268.0
2026-01-29 04:25:00-05:00,5544.5,5549.39990234375,5544.5,5548.2001953125,244.0
2026-01-29 04:26:00-05:00,5548.2998046875,5549.2998046875,5545.10009765625,5546.2001953125,208.0
2026-01-29 04:27:00-05:00,5546.2998046875,5548.89990234375,5546.0,5546.0,237.0
2026-01-29 04:28:00-05:00,5545.7998046875,5546.0,5543.60009765625,5545.2001953125,205.0
2026-01-29 04:29:00-05:00,5544.7998046875,5547.2001953125,5542.39990234375,5547.0,187.0
2026-01-29 04:30:00-05:00,5547.0,5547.2001953125,5544.60009765625,5545.2001953125,110.0
2026-01-29 04:31:00-05:00,5545.2001953125,5545.7001953125,5542.89990234375,5544.60009765625,244.0
2026-01-29 04:32:00-05:00,5544.89990234375,5548.39990234375,5544.60009765625,5545.39990234375,192.0
2026-01-29 04:33:00-05:00,5545.60009765625,5548.39990234375,5545.60009765625,5548.2001953125,103.0
2026-01-29 04:34:00-05:00,5548.39990234375,5553.0,5548.39990234375,5551.2998046875,244.0
2026-01-29 04:35:00-05:00,5551.2998046875,5553.89990234375,5549.7001953125,5553.2998046875,301.0
2026-01-29 04:36:00-05:00,5553.10009765625,5553.60009765625,5550.0,5551.10009765625,181.0
2026-01-29 04:37:00-05:00,5550.0,5550.0,5546.5,5547.60009765625,154.0
2026-01-29 04:38:00-05:00,5547.2998046875,5550.2001953125,5547.2998046875,5548.2998046875,63.0
2026-01-29 04:39:00-05:00,5548.39990234375,5553.5,5547.89990234375,5553.5,184.0
2026-01-29 04:40:00-05:00,5553.2998046875,5557.7998046875,5552.2001953125,5555.7001953125,408.0
2026-01-29 04:41:00-05:00,5555.7998046875,5558.0,5554.5,5557.10009765625,126.0
2026-01-29 04:42:00-05:00,5557.2998046875,5560.2998046875,5556.2001953125,5559.10009765625,251.0
2026-01-29 04:43:00-05:00,5558.5,5558.7001953125,5555.5,5556.2001953125,149.0
2026-01-29 04:44:00-05:00,5556.10009765625,5558.10009765625,5554.0,5555.2001953125,327.0
2026-01-29 04:45:00-05:00,5555.7001953125,5558.39990234375,5551.7001953125,5554.7998046875,264.0
2026-01-29 04:46:00-05:00,5554.7998046875,5554.7998046875,5547.7001953125,5548.5,229.0
2026-01-29 04:47:00-05:00,5548.2001953125,5549.7001953125,5546.2001953125,5548.7001953125,210.0
2026-01-29 04:48:00-05:00,5548.2001953125,5549.89990234375,5547.5,5549.0,106.0
2026-01-29 04:49:00-05:00,5550.0,5553.5,5549.2998046875,5552.5,86.0
2026-01-29 04:50:00-05:00,5551.7998046875,5551.89990234375,5548.0,5549.10009765625,126.0
2026-01-29 04:51:00-05:00,5548.2001953125,5550.5,5546.89990234375,5547.2001953125,136.0
2026-01-29 04:52:00-05:00,5547.89990234375,5548.2001953125,5545.89990234375,5546.0,123.0
2026-01-29 04:53:00-05:00,5545.7001953125,5548.2998046875,5545.39990234375,5546.7001953125,121.0
2026-01-29 04:54:00-05:00,5546.89990234375,5546.89990234375,5543.0,5544.7998046875,130.0
2026-01-29 04:55:00-05:00,5545.5,5546.7001953125,5543.2998046875,5544.89990234375,112.0
2026-01-29 04:56:00-05:00,5545.10009765625,5545.7001953125,5542.7001953125,5544.39990234375,90.0
2026-01-29 04:57:00-05:00,5544.10009765625,5546.10009765625,5541.89990234375,5542.7001953125,172.0
2026-01-29 04:58:00-05:00,5542.2998046875,5544.7998046875,5541.7998046875,5544.2998046875,70.0
2026-01-29 04:59:00-05:00,5544.2998046875,5545.89990234375,5543.5,5544.7998046875,165.0
2026-01-29 05:00:00-05:00,5544.7001953125,5544.7998046875,5539.60009765625,5543.0,181.0
2026-01-29 05:01:00-05:00,5543.2001953125,5543.7001953125,5538.60009765625,5539.60009765625,190.0
2026-01-29 05:02:00-05:00,5539.7001953125,5542.39990234375,5539.0,5540.7998046875,218.0
2026-01-29 05:03:00-05:00,5540.7001953125,5544.60009765625,5540.0,5541.2998046875,277.0
2026-01-29 05:04:00-05:00,5541.60009765625,5543.0,5539.10009765625,5540.10009765625,128.0
2026-01-29 05:05:00-05:00,5540.39990234375,5542.39990234375,5540.0,5540.60009765625,178.0
2026-01-29 05:06:00-05:00,5540.89990234375,5540.89990234375,5532.5,5535.0,248.0
2026-01-29 05:07:00-05:00,5535.10009765625,5541.7001953125,5534.7001953125,5541.7001953125,220.0
2026-01-29 05:08:00-05:00,5541.60009765625,5543.39990234375,5540.0,5543.39990234375,202.0
2026-01-29 05:09:00-05:00,5543.10009765625,5543.60009765625,5540.0,5542.2998046875,200.0
2026-01-29 05:10:00-05:00,5542.60009765625,5544.89990234375,5541.10009765625,5542.89990234375,177.0
2026-01-29 05:11:00-05:00,5542.89990234375,5546.7998046875,5542.39990234375,5546.0,170.0
2026-01-29 05:12:00-05:00,5546.39990234375,5552.39990234375,5546.39990234375,5552.10009765625,214.0
2026-01-29 05:13:00-05:00,5552.39990234375,5554.89990234375,5550.7001953125,5554.10009765625,178.0
2026-01-29 05:14:00-05:00,5553.7998046875,5555.10009765625,5551.5,5554.89990234375,151.0
2026-01-29 05:15:00-05:00,5555.0,5556.39990234375,5550.89990234375,5551.89990234375,437.0
2026-01-29 05:16:00-05:00,5551.60009765625,5552.2001953125,5547.2001953125,5547.7998046875,136.0
2026-01-29 05:17:00-05:00,5547.60009765625,5550.2998046875,5546.2998046875,5549.60009765625,121.0
2026-01-29 05:18:00-05:00,5548.7998046875,5550.39990234375,5546.60009765625,5549.10009765625,107.0
2026-01-29 05:19:00-05:00,5548.5,5548.60009765625,5544.60009765625,5545.10009765625,122.0
2026-01-29 05:20:00-05:00,5545.2998046875,5545.7998046875,5538.2001953125,5538.2001953125,550.0
2026-01-29 05:21:00-05:00,5538.60009765625,5540.5,5536.7001953125,5540.2001953125,248.0
2026-01-29 05:22:00-05:00,5539.7998046875,5541.60009765625,5539.10009765625,5541.39990234375,155.0
2026-01-29 05:23:00-05:00,5541.39990234375,5545.60009765625,5540.2001953125,5545.2001953125,282.0
2026-01-29 05:24:00-05:00,5546.0,5546.7001953125,5544.60009765625,5545.89990234375,97.0
2026-01-29 05:25:00-05:00,5545.60009765625,5545.89990234375,5544.7001953125,5544.7998046875,69.0
2026-01-29 05:26:00-05:00,5544.7998046875,5545.2998046875,5542.5,5543.2998046875,83.0
2026-01-29 05:27:00-05:00,5543.0,5544.5,5542.7998046875,5543.2001953125,77.0
2026-01-29 05:28:00-05:00,5543.60009765625,5544.89990234375,5542.89990234375,5544.2998046875,122.0
2026-01-29 05:29:00-05:00,5544.2001953125,5544.60009765625,5542.0,5542.0,151.0
2026-01-29 05:30:00-05:00,5541.7998046875,5541.7998046875,5534.39990234375,5534.5,413.0
2026-01-29 05:31:00-05:00,5534.39990234375,5534.5,5529.2001953125,5531.2001953125,622.0
2026-01-29 05:32:00-05:00,5531.2998046875,5533.2001953125,5528.5,5533.2001953125,377.0
2026-01-29 05:33:00-05:00,5532.89990234375,5539.0,5532.60009765625,5536.7998046875,424.0
2026-01-29 05:34:00-05:00,5536.2998046875,5536.2998046875,5531.39990234375,5533.2998046875,230.0
2026-01-29 05:35:00-05:00,5533.39990234375,5534.10009765625,5530.2001953125,5534.0,126.0
2026-01-29 05:36:00-05:00,5534.2998046875,5535.2998046875,5530.2998046875,5532.39990234375,360.0
2026-01-29 05:37:00-05:00,5532.2998046875,5535.7998046875,5530.39990234375,5535.5,178.0
2026-01-29 05:38:00-05:00,5535.5,5539.60009765625,5533.7998046875,5539.2998046875,199.0
2026-01-29 05:39:00-05:00,5539.2001953125,5541.2998046875,5538.5,5541.10009765625,222.0
2026-01-29 05:40:00-05:00,5541.39990234375,5541.5,5538.2998046875,5538.60009765625,86.0
2026-01-29 05:41:00-05:00,5539.2001953125,5540.89990234375,5539.10009765625,5540.5,80.0
2026-01-29 05:42:00-05:00,5540.10009765625,5541.0,5539.7998046875,5540.39990234375,57.0
2026-01-29 05:43:00-05:00,5540.0,5540.0,5538.7001953125,5538.7001953125,29.0
2026-01-29 05:44:00-05:00,5538.89990234375,5540.0,5538.7001953125,5539.39990234375,31.0
2026-01-29 05:45:00-05:00,5539.60009765625,5539.89990234375,5535.7001953125,5539.5,167.0
2026-01-29 05:46:00-05:00,5539.10009765625,5539.89990234375,5533.89990234375,5535.7001953125,180.0
2026-01-29 05:47:00-05:00,5535.2998046875,5536.0,5533.5,5535.60009765625,120.0
2026-01-29 05:48:00-05:00,5536.39990234375,5538.10009765625,5534.7001953125,5537.7001953125,59.0
2026-01-29 05:49:00-05:00,5537.2001953125,5538.60009765625,5536.60009765625,5537.5,121.0
2026-01-29 05:50:00-05:00,5537.2998046875,5539.5,5537.2998046875,5537.5,156.0
2026-01-29 05:51:00-05:00,5537.5,5537.60009765625,5533.39990234375,5534.60009765625,99.0
2026-01-29 05:52:00-05:00,5534.2001953125,5535.7998046875,5533.60009765625,5535.10009765625,109.0
2026-01-29 05:53:00-05:00,5535.10009765625,5536.2001953125,5534.60009765625,5536.0,81.0
2026-01-29 05:54:00-05:00,5535.89990234375,5536.0,5534.2001953125,5534.39990234375,86.0
2026-01-29 05:55:00-05:00,5534.39990234375,5535.39990234375,5532.7998046875,5533.89990234375,92.0
2026-01-29 05:56:00-05:00,5533.7001953125,5533.7001953125,5522.2001953125,5523.5,348.0
2026-01-29 05:57:00-05:00,5523.0,5523.0,5516.5,5518.0,571.0
2026-01-29 05:58:00-05:00,5518.0,5518.10009765625,5513.0,5514.7001953125,523.0
2026-01-29 05:59:00-05:00,5514.39990234375,5519.0,5513.2998046875,5514.10009765625,459.0
2026-01-29 06:00:00-05:00,5514.5,5519.2998046875,5512.60009765625,5515.2998046875,264.0
2026-01-29 06:01:00-05:00,5515.2998046875,5519.2998046875,5513.39990234375,5516.60009765625,155.0
2026-01-29 06:02:00-05:00,5516.7998046875,5516.7998046875,5510.0,5510.7998046875,348.0
2026-01-29 06:03:00-05:00,5510.7001953125,5511.0,5503.39990234375,5503.7998046875,504.0
2026-01-29 06:04:00-05:00,5504.2001953125,5509.2001953125,5501.0,5509.0,545.0
2026-01-29 06:05:00-05:00,5508.89990234375,5511.7998046875,5504.89990234375,5511.39990234375,543.0
2026-01-29 06:06:00-05:00,5511.5,5517.7001953125,5511.2998046875,5516.10009765625,361.0
2026-01-29 06:07:00-05:00,5515.89990234375,5522.7001953125,5515.2001953125,5522.39990234375,465.0
2026-01-29 06:08:00-05:00,5522.2998046875,5525.10009765625,5522.0,5524.39990234375,234.0
2026-01-29 06:09:00-05:00,5524.39990234375,5525.89990234375,5522.5,5524.7998046875,318.0
2026-01-29 06:10:00-05:00,5525.0,5527.7998046875,5525.0,5527.7998046875,151.0
2026-01-29 06:11:00-05:00,5527.7998046875,5531.2001953125,5526.60009765625,5530.89990234375,199.0
2026-01-29 06:12:00-05:00,5530.7998046875,5536.0,5530.7998046875,5534.7001953125,388.0
2026-01-29 06:13:00-05:00,5535.0,5535.2998046875,5532.7998046875,5534.0,96.0
2026-01-29 06:14:00-05:00,5533.89990234375,5537.2998046875,5532.7998046875,5537.0,302.0
2026-01-29 06:15:00-05:00,5537.2001953125,5538.5,5536.2001953125,5538.2001953125,187.0
2026-01-29 06:16:00-05:00,5538.5,5543.39990234375,5538.5,5542.2001953125,362.0
2026-01-29 06:17:00-05:00,5542.2001953125,5543.0,5535.60009765625,5535.7001953125,232.0
2026-01-29 06:18:00-05:00,5535.5,5537.39990234375,5535.39990234375,5536.7998046875,99.0
2026-01-29 06:19:00-05:00,5537.0,5540.39990234375,5536.39990234375,5537.10009765625,215.0
2026-01-29 06:20:00-05:00,5537.10009765625,5541.60009765625,5536.89990234375,5541.2001953125,129.0
2026-01-29 06:21:00-05:00,5541.60009765625,5541.7998046875,5538.89990234375,5541.60009765625,68.0
2026-01-29 06:22:00-05:00,5541.89990234375,5545.2998046875,5541.7998046875,5542.2998046875,141.0
2026-01-29 06:23:00-05:00,5542.0,5544.0,5541.5,5542.60009765625,129.0
2026-01-29 06:24:00-05:00,5542.2001953125,5543.0,5541.7001953125,5541.89990234375,68.0
2026-01-29 06:25:00-05:00,5542.2001953125,5543.2998046875,5540.2998046875,5540.60009765625,169.0
2026-01-29 06:26:00-05:00,5541.10009765625,5542.89990234375,5540.2001953125,5542.10009765625,254.0
2026-01-29 06:27:00-05:00,5542.39990234375,5542.89990234375,5540.5,5541.89990234375,85.0
2026-01-29 06:28:00-05:00,5541.89990234375,5544.0,5541.0,5542.5,119.0
2026-01-29 06:29:00-05:00,5542.10009765625,5546.89990234375,5541.7001953125,5546.2998046875,156.0
2026-01-29 06:30:00-05:00,5546.10009765625,5546.10009765625,5542.10009765625,5542.7001953125,175.0
2026-01-29 06:31:00-05:00,5542.2998046875,5546.39990234375,5541.10009765625,5546.39990234375,163.0
2026-01-29 06:32:00-05:00,5546.5,5549.5,5546.39990234375,5546.39990234375,227.0
2026-01-29 06:33:00-05:00,5546.39990234375,5548.39990234375,5545.89990234375,5545.89990234375,109.0
2026-01-29 06:34:00-05:00,5546.39990234375,5546.39990234375,5542.0,5545.89990234375,133.0
2026-01-29 06:35:00-05:00,5546.39990234375,5549.7001953125,5546.0,5548.60009765625,118.0
2026-01-29 06:36:00-05:00,5548.10009765625,5548.7001953125,5545.5,5545.7001953125,100.0
2026-01-29 06:37:00-05:00,5545.39990234375,5545.39990234375,5541.89990234375,5543.39990234375,159.0
2026-01-29 06:38:00-05:00,5543.10009765625,5543.2001953125,5540.60009765625,5542.0,119.0
2026-01-29 06:39:00-05:00,5542.2998046875,5542.39990234375,5540.10009765625,5540.7001953125,99.0
2026-01-29 06:40:00-05:00,5540.2001953125,5540.89990234375,5538.7001953125,5539.60009765625,160.0
2026-01-29 06:41:00-05:00,5539.7001953125,5540.5,5539.0,5539.39990234375,84.0
2026-01-29 06:42:00-05:00,5539.60009765625,5543.10009765625,5539.60009765625,5542.10009765625,159.0
2026-01-29 06:43:00-05:00,5542.2001953125,5546.2001953125,5541.89990234375,5544.60009765625,130.0
2026-01-29 06:44:00-05:00,5544.2998046875,5545.10009765625,5542.0,5544.7998046875,147.0
2026-01-29 06:45:00-05:00,5545.10009765625,5549.5,5545.10009765625,5549.2998046875,138.0
2026-01-29 06:46:00-05:00,5549.7001953125,5553.2998046875,5549.60009765625,5553.10009765625,225.0
2026-01-29 06:47:00-05:00,5553.7001953125,5555.7998046875,5553.5,5554.2001953125,246.0
2026-01-29 06:48:00-05:00,5553.60009765625,5559.60009765625,5553.5,5557.5,407.0
2026-01-29 06:49:00-05:00,5557.5,5557.5,5554.89990234375,5555.60009765625,135.0
2026-01-29 06:50:00-05:00,5556.10009765625,5557.10009765625,5552.89990234375,5553.5,241.0
2026-01-29 06:51:00-05:00,5553.89990234375,5558.2001953125,5553.60009765625,5557.89990234375,230.0
2026-01-29 06:52:00-05:00,5557.39990234375,5559.2998046875,5556.0,5557.60009765625,159.0
2026-01-29 06:53:00-05:00,5557.10009765625,5559.89990234375,5556.2001953125,5556.60009765625,152.0
2026-01-29 06:54:00-05:00,5556.60009765625,5558.60009765625,5555.2998046875,5557.89990234375,195.0
2026-01-29 06:55:00-05:00,5558.5,5559.7998046875,5557.60009765625,5557.60009765625,193.0
2026-01-29 06:56:00-05:00,5557.39990234375,5558.0,5553.39990234375,5553.5,162.0
2026-01-29 06:57:00-05:00,5553.60009765625,5555.0,5552.39990234375,5554.2001953125,155.0
2026-01-29 06:58:00-05:00,5554.2001953125,5554.89990234375,5553.7001953125,5554.7998046875,87.0
2026-01-29 06:59:00-05:00,5554.2001953125,5554.2001953125,5552.5,5553.5,147.0
2026-01-29 07:00:00-05:00,5553.2001953125,5553.2001953125,5549.2001953125,5551.0,223.0
2026-01-29 07:01:00-05:00,5551.2001953125,5552.89990234375,5550.39990234375,5551.2998046875,140.0
2026-01-29 07:02:00-05:00,5550.89990234375,5552.0,5549.39990234375,5550.60009765625,77.0
2026-01-29 07:03:00-05:00,5550.39990234375,5552.89990234375,5550.39990234375,5550.5,89.0
2026-01-29 07:04:00-05:00,5550.5,5553.60009765625,5549.2001953125,5553.10009765625,140.0
2026-01-29 07:05:00-05:00,5553.39990234375,5556.7998046875,5553.2001953125,5555.2998046875,262.0
2026-01-29 07:06:00-05:00,5554.5,5557.0,5554.5,5556.10009765625,117.0
2026-01-29 07:07:00-05:00,5555.7998046875,5555.89990234375,5552.10009765625,5553.60009765625,119.0
2026-01-29 07:08:00-05:00,5553.39990234375,5555.0,5553.0,5553.7001953125,63.0
2026-01-29 07:09:00-05:00,5554.10009765625,5555.0,5552.7998046875,5552.7998046875,74.0
2026-01-29 07:10:00-05:00,5553.2001953125,5553.7001953125,5552.0,5552.60009765625,44.0
2026-01-29 07:11:00-05:00,5552.7998046875,5555.89990234375,5552.7998046875,5555.7998046875,137.0
2026-01-29 07:12:00-05:00,5556.0,5558.0,5555.2001953125,5556.60009765625,187.0
2026-01-29 07:13:00-05:00,5556.89990234375,5569.5,5556.7001953125,5569.10009765625,669.0
2026-01-29 07:14:00-05:00,5568.89990234375,5569.39990234375,5565.2998046875,5565.60009765625,259.0
2026-01-29 07:15:00-05:00,5566.10009765625,5567.7001953125,5564.7001953125,5567.39990234375,184.0
2026-01-29 07:16:00-05:00,5567.0,5570.0,5566.2998046875,5568.7001953125,243.0
2026-01-29 07:17:00-05:00,5569.10009765625,5569.2998046875,5564.7001953125,5566.10009765625,176.0
2026-01-29 07:18:00-05:00,5565.60009765625,5568.10009765625,5564.60009765625,5567.89990234375,206.0
2026-01-29 07:19:00-05:00,5567.39990234375,5567.39990234375,5561.7998046875,5562.5,165.0
2026-01-29 07:20:00-05:00,5562.2001953125,5562.2001953125,5558.60009765625,5559.2001953125,265.0
2026-01-29 07:21:00-05:00,5559.2998046875,5561.7998046875,5559.2998046875,5561.5,117.0
2026-01-29 07:22:00-05:00,5561.7001953125,5564.5,5561.7001953125,5564.2001953125,143.0
2026-01-29 07:23:00-05:00,5564.10009765625,5567.60009765625,5563.10009765625,5567.60009765625,117.0
2026-01-29 07:24:00-05:00,5567.2998046875,5570.7001953125,5567.0,5569.5,181.0
2026-01-29 07:25:00-05:00,5569.10009765625,5570.2998046875,5567.7998046875,5568.7001953125,119.0
2026-01-29 07:26:00-05:00,5568.89990234375,5570.39990234375,5568.7001953125,5569.89990234375,109.0
2026-01-29 07:27:00-05:00,5569.89990234375,5571.7001953125,5569.10009765625,5571.7001953125,177.0
2026-01-29 07:28:00-05:00,5571.60009765625,5573.2998046875,5570.39990234375,5572.0,208.0
2026-01-29 07:29:00-05:00,5571.89990234375,5573.2001953125,5570.60009765625,5570.7998046875,131.0
2026-01-29 07:30:00-05:00,5571.0,5572.2998046875,5568.10009765625,5569.5,139.0
2026-01-29 07:31:00-05:00,5569.5,5571.7001953125,5568.7998046875,5570.89990234375,144.0
2026-01-29 07:32:00-05:00,5570.0,5570.39990234375,5567.2998046875,5569.0,145.0
2026-01-29 07:33:00-05:00,5569.2001953125,5571.5,5569.10009765625,5571.5,87.0
2026-01-29 07:34:00-05:00,5571.2998046875,5572.5,5569.39990234375,5571.89990234375,121.0
2026-01-29 07:35:00-05:00,5572.2998046875,5572.5,5569.0,5569.5,59.0
2026-01-29 07:36:00-05:00,5569.2998046875,5571.0,5567.7998046875,5569.89990234375,95.0
2026-01-29 07:37:00-05:00,5570.10009765625,5570.2998046875,5560.2001953125,5560.89990234375,368.0
2026-01-29 07:38:00-05:00,5560.39990234375,5564.5,5559.2001953125,5561.2001953125,286.0
2026-01-29 07:39:00-05:00,5561.39990234375,5563.60009765625,5560.2998046875,5561.2001953125,129.0
2026-01-29 07:40:00-05:00,5562.0,5564.10009765625,5561.2998046875,5563.2001953125,87.0
2026-01-29 07:41:00-05:00,5562.60009765625,5564.0,5562.60009765625,5563.7998046875,78.0
2026-01-29 07:42:00-05:00,5564.0,5565.2001953125,5560.39990234375,5560.89990234375,133.0
2026-01-29 07:43:00-05:00,5560.39990234375,5561.5,5556.7001953125,5559.2001953125,215.0
2026-01-29 07:44:00-05:00,5559.2998046875,5562.39990234375,5555.7001953125,5559.60009765625,358.0
2026-01-29 07:45:00-05:00,5559.7998046875,5560.2001953125,5557.10009765625,5558.2001953125,154.0
2026-01-29 07:46:00-05:00,5558.10009765625,5564.89990234375,5558.10009765625,5564.39990234375,247.0
2026-01-29 07:47:00-05:00,5564.5,5567.89990234375,5564.5,5565.7998046875,154.0
2026-01-29 07:48:00-05:00,5565.89990234375,5566.10009765625,5564.2001953125,5564.39990234375,116.0
2026-01-29 07:49:00-05:00,5564.7001953125,5566.7001953125,5562.89990234375,5564.2998046875,176.0
2026-01-29 07:50:00-05:00,5564.7998046875,5566.5,5563.60009765625,5566.5,63.0
2026-01-29 07:51:00-05:00,5566.2998046875,5568.2001953125,5563.7998046875,5566.89990234375,89.0
2026-01-29 07:52:00-05:00,5567.2001953125,5570.0,5567.2001953125,5568.10009765625,206.0
2026-01-29 07:53:00-05:00,5568.39990234375,5568.7998046875,5567.0,5567.2998046875,133.0
2026-01-29 07:54:00-05:00,5567.2998046875,5573.0,5564.5,5564.5,391.0
2026-01-29 07:55:00-05:00,5564.89990234375,5564.89990234375,5559.10009765625,5561.7998046875,384.0
2026-01-29 07:56:00-05:00,5562.5,5569.5,5561.2001953125,5568.7001953125,222.0
2026-01-29 07:57:00-05:00,5569.10009765625,5569.60009765625,5566.2998046875,5566.2998046875,149.0
2026-01-29 07:58:00-05:00,5566.60009765625,5568.2001953125,5566.39990234375,5567.89990234375,57.0
2026-01-29 07:59:00-05:00,5567.7998046875,5568.7998046875,5563.39990234375,5564.5,286.0
2026-01-29 08:00:00-05:00,5565.2001953125,5567.7001953125,5560.0,5564.10009765625,461.0
2026-01-29 08:01:00-05:00,5564.89990234375,5571.5,5564.0,5569.7998046875,289.0
2026-01-29 08:02:00-05:00,5569.89990234375,5571.0,5567.89990234375,5569.0,190.0
2026-01-29 08:03:00-05:00,5568.7001953125,5571.0,5561.5,5562.60009765625,203.0
2026-01-29 08:04:00-05:00,5562.7001953125,5566.60009765625,5557.7001953125,5565.10009765625,313.0
2026-01-29 08:05:00-05:00,5564.7998046875,5564.7998046875,5561.7001953125,5563.39990234375,153.0
2026-01-29 08:06:00-05:00,5564.10009765625,5567.7001953125,5562.0,5563.7001953125,157.0
2026-01-29 08:07:00-05:00,5563.7001953125,5566.60009765625,5560.89990234375,5566.2998046875,119.0
2026-01-29 08:08:00-05:00,5566.2001953125,5567.2001953125,5561.2998046875,5564.0,170.0
2026-01-29 08:09:00-05:00,5564.2001953125,5564.2998046875,5559.2998046875,5562.5,167.0
2026-01-29 08:10:00-05:00,5560.89990234375,5560.89990234375,5555.89990234375,5556.2998046875,246.0
2026-01-29 08:11:00-05:00,5556.5,5558.2998046875,5548.7998046875,5550.5,463.0
2026-01-29 08:12:00-05:00,5550.2998046875,5550.89990234375,5543.39990234375,5547.7001953125,479.0
2026-01-29 08:13:00-05:00,5547.60009765625,5552.0,5546.2001953125,5547.89990234375,343.0
2026-01-29 08:14:00-05:00,5548.39990234375,5550.10009765625,5543.5,5544.89990234375,456.0
2026-01-29 08:15:00-05:00,5544.89990234375,5548.10009765625,5540.89990234375,5548.10009765625,376.0
2026-01-29 08:16:00-05:00,5548.5,5551.5,5546.0,5546.2998046875,274.0
2026-01-29 08:17:00-05:00,5546.0,5551.2998046875,5545.89990234375,5549.7998046875,290.0
2026-01-29 08:18:00-05:00,5549.89990234375,5550.2001953125,5545.39990234375,5548.5,250.0
2026-01-29 08:19:00-05:00,5547.89990234375,5551.10009765625,5546.7001953125,5548.7998046875,188.0
2026-01-29 08:20:00-05:00,5548.10009765625,5548.5,5537.7001953125,5543.7998046875,516.0
2026-01-29 08:21:00-05:00,5544.2998046875,5545.0,5540.0,5545.0,422.0
2026-01-29 08:22:00-05:00,5544.89990234375,5549.60009765625,5544.39990234375,5549.2998046875,272.0
2026-01-29 08:23:00-05:00,5548.89990234375,5553.5,5548.2001953125,5550.5,458.0
2026-01-29 08:24:00-05:00,5550.89990234375,5555.0,5548.39990234375,5552.39990234375,427.0
2026-01-29 08:25:00-05:00,5552.5,5553.7001953125,5549.60009765625,5552.0,244.0
2026-01-29 08:26:00-05:00,5552.39990234375,5556.60009765625,5550.89990234375,5554.60009765625,226.0
2026-01-29 08:27:00-05:00,5554.39990234375,5555.60009765625,5550.0,5550.0,155.0
2026-01-29 08:28:00-05:00,5550.5,5551.7001953125,5547.2998046875,5547.7998046875,242.0
2026-01-29 08:29:00-05:00,5547.89990234375,5550.89990234375,5547.89990234375,5550.10009765625,205.0
2026-01-29 08:30:00-05:00,5549.89990234375,5550.5,5540.39990234375,5543.5,362.0
2026-01-29 08:31:00-05:00,5543.2998046875,5543.60009765625,5538.2001953125,5542.89990234375,403.0
2026-01-29 08:32:00-05:00,5543.2998046875,5546.89990234375,5541.0,5542.89990234375,486.0
2026-01-29 08:33:00-05:00,5542.7001953125,5546.60009765625,5542.5,5545.5,357.0
2026-01-29 08:34:00-05:00,5545.39990234375,5548.2998046875,5538.60009765625,5539.7998046875,374.0
2026-01-29 08:35:00-05:00,5539.60009765625,5540.39990234375,5528.7998046875,5533.89990234375,736.0
2026-01-29 08:36:00-05:00,5534.0,5538.2001953125,5532.2998046875,5537.7998046875,452.0
2026-01-29 08:37:00-05:00,5537.89990234375,5542.2001953125,5533.89990234375,5534.2998046875,439.0
2026-01-29 08:38:00-05:00,5534.39990234375,5544.0,5533.5,5543.0,337.0
2026-01-29 08:39:00-05:00,5542.7998046875,5547.2998046875,5540.2998046875,5547.2998046875,343.0
2026-01-29 08:40:00-05:00,5547.5,5551.60009765625,5546.5,5549.7998046875,485.0
2026-01-29 08:41:00-05:00,5550.10009765625,5552.60009765625,5549.60009765625,5551.60009765625,183.0
2026-01-29 08:42:00-05:00,5551.7001953125,5556.5,5551.7001953125,5555.60009765625,329.0
2026-01-29 08:43:00-05:00,5555.89990234375,5559.89990234375,5553.7998046875,5559.2998046875,486.0
2026-01-29 08:44:00-05:00,5559.10009765625,5560.7001953125,5555.60009765625,5555.7998046875,463.0
2026-01-29 08:45:00-05:00,5555.7998046875,5555.7998046875,5550.2998046875,5554.0,313.0
2026-01-29 08:46:00-05:00,5554.0,5556.2998046875,5549.39990234375,5553.2998046875,497.0
2026-01-29 08:47:00-05:00,5553.5,5553.89990234375,5549.2001953125,5551.0,314.0
2026-01-29 08:48:00-05:00,5550.10009765625,5550.10009765625,5546.0,5548.2001953125,306.0
2026-01-29 08:49:00-05:00,5547.60009765625,5552.2998046875,5546.10009765625,5547.2001953125,362.0
2026-01-29 08:50:00-05:00,5547.60009765625,5547.60009765625,5541.10009765625,5543.7001953125,299.0
2026-01-29 08:51:00-05:00,5543.60009765625,5546.0,5541.39990234375,5545.7001953125,226.0
2026-01-29 08:52:00-05:00,5546.0,5550.7998046875,5543.10009765625,5550.7998046875,216.0
2026-01-29 08:53:00-05:00,5550.39990234375,5553.0,5547.5,5548.10009765625,284.0
2026-01-29 08:54:00-05:00,5548.10009765625,5554.0,5548.10009765625,5549.89990234375,302.0
2026-01-29 08:55:00-05:00,5549.7998046875,5550.5,5548.39990234375,5549.39990234375,149.0
2026-01-29 08:56:00-05:00,5549.2998046875,5549.39990234375,5542.5,5542.7001953125,327.0
2026-01-29 08:57:00-05:00,5543.2001953125,5543.7998046875,5536.60009765625,5536.60009765625,349.0
2026-01-29 08:58:00-05:00,5537.2001953125,5542.0,5536.10009765625,5540.7998046875,238.0
2026-01-29 08:59:00-05:00,5541.10009765625,5542.60009765625,5538.2001953125,5540.2998046875,152.0
2026-01-29 09:00:00-05:00,5540.7001953125,5550.0,5540.7001953125,5543.2998046875,434.0
2026-01-29 09:01:00-05:00,5543.39990234375,5548.0,5541.7998046875,5543.60009765625,326.0
2026-01-29 09:02:00-05:00,5544.2001953125,5546.2001953125,5542.60009765625,5545.10009765625,329.0
2026-01-29 09:03:00-05:00,5545.39990234375,5547.10009765625,5541.5,5544.10009765625,578.0
2026-01-29 09:04:00-05:00,5544.0,5548.0,5543.60009765625,5545.2001953125,623.0
2026-01-29 09:05:00-05:00,5545.0,5547.0,5541.0,5543.89990234375,330.0
2026-01-29 09:06:00-05:00,5544.2998046875,5551.89990234375,5544.2998046875,5551.7001953125,297.0
2026-01-29 09:07:00-05:00,5551.2998046875,5555.5,5550.7001953125,5554.5,419.0
2026-01-29 09:08:00-05:00,5554.7998046875,5567.2001953125,5554.7998046875,5564.7998046875,659.0
2026-01-29 09:09:00-05:00,5564.7998046875,5569.2001953125,5564.7998046875,5567.7001953125,626.0
2026-01-29 09:10:00-05:00,5567.7998046875,5570.2001953125,5566.10009765625,5566.2001953125,523.0
2026-01-29 09:11:00-05:00,5566.10009765625,5568.39990234375,5561.2998046875,5568.0,626.0
2026-01-29 09:12:00-05:00,5568.39990234375,5568.7998046875,5564.5,5566.39990234375,480.0
2026-01-29 09:13:00-05:00,5566.7998046875,5567.60009765625,5562.60009765625,5564.5,409.0
2026-01-29 09:14:00-05:00,5564.10009765625,5564.39990234375,5557.0,5559.2001953125,449.0
2026-01-29 09:15:00-05:00,5559.5,5562.7001953125,5553.0,5553.2998046875,556.0
2026-01-29 09:16:00-05:00,5553.5,5558.2998046875,5551.5,5552.2001953125,751.0
2026-01-29 09:17:00-05:00,5552.2001953125,5557.10009765625,5550.89990234375,5555.2998046875,388.0
2026-01-29 09:18:00-05:00,5555.2998046875,5556.60009765625,5551.2998046875,5554.60009765625,482.0
2026-01-29 09:19:00-05:00,5554.60009765625,5555.7998046875,5551.5,5553.39990234375,513.0
2026-01-29 09:20:00-05:00,5553.7001953125,5554.7998046875,5551.0,5551.7001953125,371.0
2026-01-29 09:21:00-05:00,5551.60009765625,5553.39990234375,5549.10009765625,5552.2998046875,404.0
2026-01-29 09:22:00-05:00,5552.10009765625,5553.7998046875,5546.89990234375,5548.7998046875,329.0
2026-01-29 09:23:00-05:00,5549.2998046875,5554.7998046875,5549.2998046875,5550.60009765625,248.0
2026-01-29 09:24:00-05:00,5551.39990234375,5560.0,5550.60009765625,5556.7001953125,403.0
2026-01-29 09:25:00-05:00,5556.89990234375,5562.10009765625,5555.60009765625,5561.2001953125,321.0
2026-01-29 09:26:00-05:00,5561.7001953125,5569.7998046875,5559.2998046875,5569.5,848.0
2026-01-29 09:27:00-05:00,5569.7998046875,5580.5,5569.2001953125,5578.2001953125,1561.0
2026-01-29 09:28:00-05:00,5577.7998046875,5581.2001953125,5574.89990234375,5579.5,1978.0
2026-01-29 09:29:00-05:00,5578.89990234375,5581.2998046875,5573.7001953125,5575.7998046875,775.0
2026-01-29 09:30:00-05:00,5575.2998046875,5578.2998046875,5563.0,5567.39990234375,947.0
2026-01-29 09:31:00-05:00,5567.39990234375,5576.10009765625,5565.60009765625,5569.89990234375,709.0
2026-01-29 09:32:00-05:00,5570.2001953125,5574.89990234375,5566.5,5569.60009765625,593.0
2026-01-29 09:33:00-05:00,5570.2001953125,5571.60009765625,5559.39990234375,5563.89990234375,628.0
2026-01-29 09:34:00-05:00,5564.2998046875,5564.2998046875,5550.2001953125,5551.60009765625,612.0
2026-01-29 09:35:00-05:00,5551.2998046875,5551.2998046875,5540.60009765625,5545.7998046875,1018.0
2026-01-29 09:36:00-05:00,5545.89990234375,5546.5,5531.60009765625,5536.7998046875,913.0
2026-01-29 09:37:00-05:00,5536.7998046875,5553.60009765625,5535.2998046875,5552.10009765625,1300.0
2026-01-29 09:38:00-05:00,5551.7998046875,5559.0,5544.89990234375,5558.7998046875,783.0
2026-01-29 09:39:00-05:00,5558.2001953125,5568.60009765625,5557.7001953125,5562.2998046875,1528.0
2026-01-29 09:40:00-05:00,5562.39990234375,5565.89990234375,5554.7001953125,5556.89990234375,657.0
2026-01-29 09:41:00-05:00,5556.89990234375,5561.2001953125,5550.5,5552.7998046875,628.0
2026-01-29 09:42:00-05:00,5552.7001953125,5552.89990234375,5542.39990234375,5543.10009765625,754.0
2026-01-29 09:43:00-05:00,5544.2998046875,5550.7998046875,5542.60009765625,5546.0,593.0
2026-01-29 09:44:00-05:00,5546.5,5552.7998046875,5543.89990234375,5547.2001953125,507.0
2026-01-29 09:45:00-05:00,5547.39990234375,5552.39990234375,5538.89990234375,5541.10009765625,770.0
2026-01-29 09:46:00-05:00,5541.2001953125,5542.0,5528.39990234375,5532.5,1169.0
2026-01-29 09:47:00-05:00,5532.2998046875,5535.39990234375,5519.2998046875,5523.60009765625,1650.0
2026-01-29 09:48:00-05:00,5523.10009765625,5535.5,5520.2998046875,5535.5,1007.0
2026-01-29 09:49:00-05:00,5535.39990234375,5547.10009765625,5535.0,5544.2998046875,1029.0
2026-01-29 09:50:00-05:00,5543.2001953125,5545.60009765625,5535.2001953125,5536.2001953125,697.0
2026-01-29 09:51:00-05:00,5536.0,5541.60009765625,5532.5,5536.10009765625,703.0
2026-01-29 09:52:00-05:00,5535.7998046875,5538.7001953125,5530.5,5537.2998046875,644.0
2026-01-29 09:53:00-05:00,5537.7001953125,5538.10009765625,5526.5,5529.0,910.0
2026-01-29 09:54:00-05:00,5529.2001953125,5536.2998046875,5525.39990234375,5533.5,1168.0
2026-01-29 09:55:00-05:00,5533.7998046875,5536.0,5528.7998046875,5533.2001953125,718.0
2026-01-29 09:56:00-05:00,5532.39990234375,5534.2001953125,5523.2998046875,5526.60009765625,774.0
2026-01-29 09:57:00-05:00,5526.60009765625,5533.39990234375,5523.10009765625,5532.0,608.0
2026-01-29 09:58:00-05:00,5532.2001953125,5545.39990234375,5532.2001953125,5536.60009765625,934.0
2026-01-29 09:59:00-05:00,5536.5,5536.5,5523.5,5525.2998046875,721.0
2026-01-29 10:00:00-05:00,5525.2998046875,5525.2998046875,5508.60009765625,5515.10009765625,1845.0
2026-01-29 10:01:00-05:00,5514.7001953125,5517.5,5484.2001953125,5485.7998046875,3088.0
2026-01-29 10:02:00-05:00,5486.39990234375,5494.2998046875,5476.0,5485.7998046875,2318.0
2026-01-29 10:03:00-05:00,5485.60009765625,5490.89990234375,5474.5,5478.10009765625,1935.0
2026-01-29 10:04:00-05:00,5478.39990234375,5486.0,5465.0,5486.0,1838.0
2026-01-29 10:05:00-05:00,5486.10009765625,5500.0,5484.2998046875,5490.2001953125,1947.0
2026-01-29 10:06:00-05:00,5490.2998046875,5492.0,5467.7001953125,5469.7001953125,1845.0
2026-01-29 10:07:00-05:00,5470.0,5471.89990234375,5453.39990234375,5453.89990234375,2883.0
2026-01-29 10:08:00-05:00,5453.7998046875,5461.7998046875,5437.2998046875,5441.7998046875,3009.0
2026-01-29 10:09:00-05:00,5441.7998046875,5446.5,5428.10009765625,5437.60009765625,3026.0
2026-01-29 10:10:00-05:00,5436.89990234375,5449.5,5421.7998046875,5449.5,3482.0
2026-01-29 10:11:00-05:00,5449.5,5452.7998046875,5428.39990234375,5436.39990234375,2263.0
2026-01-29 10:12:00-05:00,5436.2998046875,5455.7998046875,5421.7001953125,5453.2001953125,2672.0
2026-01-29 10:13:00-05:00,5453.0,5453.2001953125,5429.60009765625,5435.89990234375,1386.0
2026-01-29 10:14:00-05:00,5435.39990234375,5439.60009765625,5390.89990234375,5412.0,3598.0
2026-01-29 10:15:00-05:00,5411.7998046875,5415.5,5370.5,5383.7998046875,3261.0
2026-01-29 10:16:00-05:00,5384.39990234375,5385.5,5328.89990234375,5354.0,4440.0
2026-01-29 10:17:00-05:00,5354.39990234375,5355.7001953125,5309.0,5326.60009765625,4721.0
2026-01-29 10:18:00-05:00,5326.5,5383.0,5321.2001953125,5371.39990234375,4097.0
2026-01-29 10:19:00-05:00,5371.0,5374.0,5340.0,5363.7998046875,2493.0
2026-01-29 10:20:00-05:00,5363.7001953125,5385.0,5352.89990234375,5380.7001953125,2263.0
2026-01-29 10:21:00-05:00,5380.60009765625,5398.7998046875,5368.2998046875,5389.89990234375,3153.0
2026-01-29 10:22:00-05:00,5389.5,5391.7001953125,5376.0,5384.39990234375,1253.0
2026-01-29 10:23:00-05:00,5384.60009765625,5385.39990234375,5356.39990234375,5359.60009765625,1836.0
2026-01-29 10:24:00-05:00,5359.7001953125,5363.2001953125,5323.60009765625,5325.2998046875,1769.0
2026-01-29 10:25:00-05:00,5325.60009765625,5341.60009765625,5323.5,5334.5,1219.0
2026-01-29 10:26:00-05:00,5335.39990234375,5335.39990234375,5270.0,5287.39990234375,2906.0
2026-01-29 10:27:00-05:00,5287.2998046875,5291.89990234375,5159.0,5160.10009765625,4823.0
2026-01-29 10:28:00-05:00,5159.2001953125,5252.7001953125,5126.0,5205.39990234375,3634.0
2026-01-29 10:29:00-05:00,5202.39990234375,5240.7001953125,5162.0,5223.7998046875,2721.0
2026-01-29 10:30:00-05:00,5225.5,5293.5,5203.5,5261.7001953125,2455.0
2026-01-29 10:31:00-05:00,5260.7998046875,5287.2998046875,5209.5,5218.2001953125,1914.0
2026-01-29 10:32:00-05:00,5217.5,5219.0,5170.10009765625,5180.10009765625,1860.0
2026-01-29 10:33:00-05:00,5181.2001953125,5215.2998046875,5162.5,5209.7998046875,1671.0
2026-01-29 10:34:00-05:00,5208.5,5226.0,5182.60009765625,5197.2998046875,1701.0
2026-01-29 10:35:00-05:00,5196.60009765625,5205.0,5157.60009765625,5161.39990234375,1622.0
2026-01-29 10:36:00-05:00,5160.10009765625,5188.0,5137.2998046875,5170.2001953125,2894.0
2026-01-29 10:37:00-05:00,5170.10009765625,5210.5,5166.2998046875,5210.5,1854.0
2026-01-29 10:38:00-05:00,5209.89990234375,5259.2001953125,5202.0,5243.5,2064.0
2026-01-29 10:39:00-05:00,5243.7998046875,5268.5,5228.2998046875,5237.39990234375,1915.0
2026-01-29 10:40:00-05:00,5235.60009765625,5237.7001953125,5189.5,5210.10009765625,1519.0
2026-01-29 10:41:00-05:00,5208.2001953125,5214.2001953125,5190.7001953125,5197.0,1117.0
2026-01-29 10:42:00-05:00,5196.60009765625,5213.2998046875,5148.7998046875,5158.39990234375,1828.0
2026-01-29 10:43:00-05:00,5157.2998046875,5180.10009765625,5153.2998046875,5168.0,1546.0
2026-01-29 10:44:00-05:00,5167.0,5175.60009765625,5139.7001953125,5153.5,1268.0
2026-01-29 10:45:00-05:00,5153.89990234375,5202.89990234375,5147.39990234375,5196.89990234375,1316.0
2026-01-29 10:46:00-05:00,5196.7001953125,5204.0,5183.7001953125,5200.10009765625,947.0
2026-01-29 10:47:00-05:00,5201.7001953125,5217.60009765625,5177.5,5189.39990234375,1389.0
2026-01-29 10:48:00-05:00,5188.7001953125,5215.0,5181.0,5195.60009765625,875.0
2026-01-29 10:49:00-05:00,5195.39990234375,5200.0,5185.7001953125,5198.0,847.0
2026-01-29 10:50:00-05:00,5196.5,5227.2998046875,5195.60009765625,5227.2998046875,817.0
2026-01-29 10:51:00-05:00,5225.0,5229.39990234375,5220.60009765625,5227.2998046875,1570.0
2026-01-29 10:52:00-05:00,5226.5,5228.7001953125,5213.60009765625,5228.10009765625,1066.0
2026-01-29 10:53:00-05:00,5228.10009765625,5242.7001953125,5226.5,5240.60009765625,1438.0
2026-01-29 10:54:00-05:00,5240.7001953125,5241.89990234375,5226.2001953125,5226.60009765625,823.0
2026-01-29 10:55:00-05:00,5225.7998046875,5227.5,5206.60009765625,5216.2001953125,1000.0
2026-01-29 10:56:00-05:00,5215.10009765625,5229.60009765625,5213.39990234375,5223.7998046875,732.0
2026-01-29 10:57:00-05:00,5223.60009765625,5224.60009765625,5197.2001953125,5206.7001953125,1119.0
2026-01-29 10:58:00-05:00,5207.5,5219.60009765625,5203.2998046875,5219.0,651.0
2026-01-29 10:59:00-05:00,5218.0,5219.39990234375,5208.0,5212.89990234375,607.0
2026-01-29 11:00:00-05:00,5210.7001953125,5224.7001953125,5201.5,5220.39990234375,1144.0
2026-01-29 11:01:00-05:00,5220.60009765625,5241.89990234375,5213.39990234375,5241.89990234375,965.0
2026-01-29 11:02:00-05:00,5241.39990234375,5253.10009765625,5235.2998046875,5246.89990234375,1350.0
2026-01-29 11:03:00-05:00,5247.0,5261.39990234375,5245.7998046875,5256.5,1345.0
2026-01-29 11:04:00-05:00,5257.10009765625,5265.10009765625,5253.0,5261.5,1430.0
2026-01-29 11:05:00-05:00,5260.7998046875,5289.60009765625,5255.60009765625,5288.7998046875,1712.0
2026-01-29 11:06:00-05:00,5287.0,5289.7998046875,5272.2001953125,5279.10009765625,1348.0
2026-01-29 11:07:00-05:00,5277.60009765625,5280.60009765625,5262.39990234375,5267.0,1020.0
2026-01-29 11:08:00-05:00,5266.7998046875,5275.89990234375,5253.7001953125,5275.0,810.0
2026-01-29 11:09:00-05:00,5275.7998046875,5281.2998046875,5271.5,5277.89990234375,698.0
2026-01-29 11:10:00-05:00,5277.2001953125,5278.0,5266.2001953125,5267.89990234375,483.0
2026-01-29 11:11:00-05:00,5267.0,5281.7998046875,5267.0,5280.10009765625,636.0
2026-01-29 11:12:00-05:00,5279.7001953125,5287.0,5277.39990234375,5280.39990234375,622.0
2026-01-29 11:13:00-05:00,5282.10009765625,5299.0,5276.0,5298.10009765625,852.0
2026-01-29 11:14:00-05:00,5297.39990234375,5306.0,5287.2998046875,5302.89990234375,1179.0
2026-01-29 11:15:00-05:00,5303.2998046875,5304.39990234375,5291.7998046875,5294.39990234375,650.0
2026-01-29 11:16:00-05:00,5294.10009765625,5295.60009765625,5273.39990234375,5273.39990234375,859.0
2026-01-29 11:17:00-05:00,5274.5,5285.10009765625,5273.2998046875,5283.7998046875,512.0
2026-01-29 11:18:00-05:00,5283.7998046875,5293.0,5274.2001953125,5291.89990234375,512.0
2026-01-29 11:19:00-05:00,5291.2998046875,5297.2998046875,5285.7998046875,5292.10009765625,710.0
2026-01-29 11:20:00-05:00,5292.5,5298.0,5276.5,5285.7998046875,571.0
2026-01-29 11:21:00-05:00,5285.7998046875,5293.2998046875,5279.0,5283.2998046875,561.0
2026-01-29 11:22:00-05:00,5284.10009765625,5288.7001953125,5271.2001953125,5272.2001953125,495.0
2026-01-29 11:23:00-05:00,5272.10009765625,5285.0,5261.0,5283.10009765625,1136.0
2026-01-29 11:24:00-05:00,5283.2001953125,5298.60009765625,5281.2001953125,5297.7001953125,450.0
2026-01-29 11:25:00-05:00,5296.5,5305.7001953125,5292.60009765625,5305.7001953125,681.0
2026-01-29 11:26:00-05:00,5304.60009765625,5318.2998046875,5301.39990234375,5317.2998046875,936.0
2026-01-29 11:27:00-05:00,5317.7998046875,5322.0,5308.2001953125,5318.7001953125,935.0
2026-01-29 11:28:00-05:00,5318.2001953125,5324.7001953125,5316.5,5324.2001953125,470.0
2026-01-29 11:29:00-05:00,5323.89990234375,5324.2998046875,5313.60009765625,5317.2001953125,655.0
2026-01-29 11:30:00-05:00,5316.5,5336.7998046875,5314.0,5331.5,988.0
2026-01-29 11:31:00-05:00,5331.2998046875,5337.0,5329.2001953125,5335.60009765625,722.0
2026-01-29 11:32:00-05:00,5335.7998046875,5336.89990234375,5328.89990234375,5335.0,586.0
2026-01-29 11:33:00-05:00,5335.89990234375,5338.89990234375,5323.60009765625,5328.7001953125,547.0
2026-01-29 11:34:00-05:00,5329.0,5329.0,5303.0,5310.10009765625,937.0
2026-01-29 11:35:00-05:00,5310.2998046875,5312.89990234375,5289.0,5293.0,1140.0
2026-01-29 11:36:00-05:00,5292.89990234375,5293.5,5279.2001953125,5283.2998046875,852.0
2026-01-29 11:37:00-05:00,5284.5,5297.5,5283.0,5287.7998046875,489.0
2026-01-29 11:38:00-05:00,5287.10009765625,5292.5,5282.5,5283.7001953125,429.0
2026-01-29 11:39:00-05:00,5284.0,5289.39990234375,5275.10009765625,5276.2001953125,787.0
2026-01-29 11:40:00-05:00,5275.5,5296.2998046875,5273.10009765625,5294.2998046875,692.0
2026-01-29 11:41:00-05:00,5295.10009765625,5307.0,5293.5,5305.7001953125,508.0
2026-01-29 11:42:00-05:00,5305.39990234375,5309.60009765625,5299.0,5301.10009765625,319.0
2026-01-29 11:43:00-05:00,5301.5,5307.0,5296.39990234375,5306.2001953125,296.0
2026-01-29 11:44:00-05:00,5305.7001953125,5306.7998046875,5299.7998046875,5301.2001953125,295.0
2026-01-29 11:45:00-05:00,5303.10009765625,5303.10009765625,5289.2998046875,5295.5,372.0
2026-01-29 11:46:00-05:00,5296.7001953125,5306.60009765625,5295.5,5297.0,229.0
2026-01-29 11:47:00-05:00,5296.2001953125,5296.60009765625,5281.5,5293.60009765625,417.0
2026-01-29 11:48:00-05:00,5294.10009765625,5299.7001953125,5286.39990234375,5298.89990234375,327.0
2026-01-29 11:49:00-05:00,5299.2001953125,5306.5,5299.2001953125,5302.2998046875,513.0
2026-01-29 11:50:00-05:00,5302.39990234375,5302.89990234375,5292.2001953125,5292.89990234375,285.0
2026-01-29 11:51:00-05:00,5291.5,5293.7998046875,5285.2001953125,5290.39990234375,333.0
2026-01-29 11:52:00-05:00,5288.89990234375,5291.89990234375,5265.5,5268.2001953125,729.0
2026-01-29 11:53:00-05:00,5268.7001953125,5277.5,5266.89990234375,5272.5,386.0
2026-01-29 11:54:00-05:00,5272.0,5283.7001953125,5255.60009765625,5281.7001953125,1242.0
2026-01-29 11:55:00-05:00,5281.7998046875,5287.7001953125,5278.2998046875,5282.0,352.0
2026-01-29 11:56:00-05:00,5282.0,5282.60009765625,5273.2001953125,5280.0,612.0
2026-01-29 11:57:00-05:00,5281.7001953125,5284.7001953125,5273.60009765625,5275.5,183.0
2026-01-29 11:58:00-05:00,5275.7998046875,5285.2001953125,5274.0,5277.89990234375,267.0
2026-01-29 11:59:00-05:00,5277.7998046875,5292.7998046875,5274.2001953125,5292.5,279.0
2026-01-29 12:00:00-05:00,5292.89990234375,5309.39990234375,5292.2001953125,5309.39990234375,533.0
2026-01-29 12:01:00-05:00,5308.89990234375,5327.0,5308.89990234375,5313.60009765625,790.0
2026-01-29 12:02:00-05:00,5312.89990234375,5315.7998046875,5302.0,5305.0,371.0
2026-01-29 12:03:00-05:00,5303.60009765625,5314.10009765625,5301.5,5308.60009765625,332.0
2026-01-29 12:04:00-05:00,5309.10009765625,5317.0,5309.10009765625,5316.2001953125,334.0
2026-01-29 12:05:00-05:00,5316.7001953125,5328.0,5314.39990234375,5327.2001953125,450.0
2026-01-29 12:06:00-05:00,5326.2998046875,5326.39990234375,5315.0,5315.5,225.0
2026-01-29 12:07:00-05:00,5315.39990234375,5321.39990234375,5311.7001953125,5317.10009765625,223.0
2026-01-29 12:08:00-05:00,5317.5,5322.89990234375,5317.5,5320.89990234375,347.0
2026-01-29 12:09:00-05:00,5321.60009765625,5326.7998046875,5314.89990234375,5320.5,379.0
2026-01-29 12:10:00-05:00,5319.60009765625,5328.0,5319.5,5322.2998046875,158.0
2026-01-29 12:11:00-05:00,5323.10009765625,5324.0,5308.0,5317.5,356.0
2026-01-29 12:12:00-05:00,5316.7001953125,5318.0,5307.7001953125,5312.0,266.0
2026-01-29 12:13:00-05:00,5312.60009765625,5322.10009765625,5308.7001953125,5320.7001953125,291.0
2026-01-29 12:14:00-05:00,5320.89990234375,5326.0,5320.2998046875,5323.7001953125,197.0
2026-01-29 12:15:00-05:00,5324.10009765625,5348.89990234375,5322.5,5348.60009765625,1085.0
2026-01-29 12:16:00-05:00,5348.7001953125,5359.0,5346.0,5350.89990234375,822.0
2026-01-29 12:17:00-05:00,5351.7001953125,5357.2001953125,5347.2998046875,5353.2001953125,335.0
2026-01-29 12:18:00-05:00,5353.10009765625,5368.0,5351.2001953125,5363.2001953125,613.0
2026-01-29 12:19:00-05:00,5362.60009765625,5368.5,5361.60009765625,5367.5,521.0
2026-01-29 12:20:00-05:00,5366.7998046875,5367.89990234375,5354.0,5361.7001953125,621.0
2026-01-29 12:21:00-05:00,5361.60009765625,5369.7998046875,5358.0,5363.5,544.0
2026-01-29 12:22:00-05:00,5364.2001953125,5368.60009765625,5353.0,5359.0,426.0
2026-01-29 12:23:00-05:00,5359.7998046875,5368.7998046875,5355.10009765625,5367.7998046875,481.0
2026-01-29 12:24:00-05:00,5368.39990234375,5375.2998046875,5359.2001953125,5360.2998046875,591.0
2026-01-29 12:25:00-05:00,5360.60009765625,5376.0,5360.10009765625,5375.7998046875,486.0
2026-01-29 12:26:00-05:00,5376.2001953125,5392.2001953125,5376.2001953125,5389.7001953125,1002.0
2026-01-29 12:27:00-05:00,5390.10009765625,5397.89990234375,5387.7001953125,5393.5,743.0
2026-01-29 12:28:00-05:00,5392.0,5396.2998046875,5387.7998046875,5393.10009765625,500.0
2026-01-29 12:29:00-05:00,5392.5,5397.39990234375,5388.39990234375,5391.89990234375,604.0
2026-01-29 12:30:00-05:00,5391.39990234375,5393.0,5380.7001953125,5382.39990234375,619.0
2026-01-29 12:31:00-05:00,5383.60009765625,5384.7001953125,5376.0,5382.0,694.0
2026-01-29 12:32:00-05:00,5382.89990234375,5390.0,5377.2998046875,5384.2001953125,533.0
2026-01-29 12:33:00-05:00,5383.10009765625,5386.5,5364.39990234375,5374.10009765625,681.0
2026-01-29 12:34:00-05:00,5373.60009765625,5378.2998046875,5370.7001953125,5374.7001953125,386.0
2026-01-29 12:35:00-05:00,5374.60009765625,5385.7001953125,5374.60009765625,5384.7998046875,310.0
2026-01-29 12:36:00-05:00,5383.60009765625,5394.39990234375,5381.2001953125,5394.39990234375,514.0
2026-01-29 12:37:00-05:00,5393.60009765625,5404.10009765625,5389.60009765625,5393.2001953125,823.0
2026-01-29 12:38:00-05:00,5392.60009765625,5398.89990234375,5385.39990234375,5397.5,314.0
2026-01-29 12:39:00-05:00,5397.7001953125,5399.60009765625,5389.0,5393.2001953125,248.0
2026-01-29 12:40:00-05:00,5392.7001953125,5394.5,5386.5,5389.39990234375,243.0
2026-01-29 12:41:00-05:00,5389.5,5400.7001953125,5389.2001953125,5398.7998046875,368.0
2026-01-29 12:42:00-05:00,5399.2001953125,5401.7998046875,5393.7998046875,5394.10009765625,299.0
2026-01-29 12:43:00-05:00,5395.10009765625,5395.7001953125,5387.60009765625,5394.10009765625,308.0
2026-01-29 12:44:00-05:00,5394.89990234375,5404.2001953125,5394.89990234375,5397.60009765625,436.0
2026-01-29 12:45:00-05:00,5397.2001953125,5400.2001953125,5375.2998046875,5379.0,814.0
2026-01-29 12:46:00-05:00,5378.60009765625,5382.39990234375,5374.0,5377.39990234375,352.0
2026-01-29 12:47:00-05:00,5377.39990234375,5382.60009765625,5374.89990234375,5378.89990234375,242.0
2026-01-29 12:48:00-05:00,5378.2998046875,5393.0,5378.2998046875,5390.89990234375,457.0
2026-01-29 12:49:00-05:00,5392.0,5395.60009765625,5384.0,5388.10009765625,202.0
2026-01-29 12:50:00-05:00,5387.89990234375,5387.89990234375,5369.2998046875,5371.2001953125,499.0
2026-01-29 12:51:00-05:00,5372.2998046875,5372.2998046875,5363.7001953125,5368.2998046875,537.0
2026-01-29 12:52:00-05:00,5368.60009765625,5368.7001953125,5356.5,5366.39990234375,674.0
2026-01-29 12:53:00-05:00,5366.2001953125,5370.0,5362.7001953125,5364.10009765625,288.0
2026-01-29 12:54:00-05:00,5364.2001953125,5372.7998046875,5361.39990234375,5371.2998046875,372.0
2026-01-29 12:55:00-05:00,5371.0,5371.89990234375,5359.60009765625,5359.60009765625,431.0
2026-01-29 12:56:00-05:00,5359.0,5359.0,5343.89990234375,5349.7001953125,1055.0
2026-01-29 12:57:00-05:00,5350.7001953125,5357.0,5347.7001953125,5350.10009765625,649.0
2026-01-29 12:58:00-05:00,5350.0,5359.89990234375,5349.2001953125,5358.10009765625,209.0
2026-01-29 12:59:00-05:00,5357.60009765625,5367.0,5357.0,5364.2998046875,412.0
2026-01-29 13:00:00-05:00,5364.0,5376.10009765625,5362.89990234375,5373.60009765625,305.0
2026-01-29 13:01:00-05:00,5373.5,5379.39990234375,5364.7001953125,5377.39990234375,436.0
2026-01-29 13:02:00-05:00,5378.39990234375,5379.2998046875,5370.0,5373.39990234375,182.0
2026-01-29 13:03:00-05:00,5373.39990234375,5376.7998046875,5365.39990234375,5376.5,254.0
2026-01-29 13:04:00-05:00,5376.5,5378.5,5362.39990234375,5366.2998046875,196.0
2026-01-29 13:05:00-05:00,5366.2998046875,5368.0,5358.2001953125,5361.2998046875,255.0
2026-01-29 13:06:00-05:00,5361.60009765625,5374.89990234375,5361.60009765625,5371.60009765625,191.0
2026-01-29 13:07:00-05:00,5373.7001953125,5384.7998046875,5373.2998046875,5384.5,300.0
2026-01-29 13:08:00-05:00,5383.60009765625,5384.7998046875,5378.60009765625,5381.10009765625,262.0
2026-01-29 13:09:00-05:00,5381.10009765625,5384.2001953125,5373.89990234375,5379.0,277.0
2026-01-29 13:10:00-05:00,5378.0,5383.39990234375,5368.5,5372.2001953125,273.0
2026-01-29 13:11:00-05:00,5372.39990234375,5380.60009765625,5371.89990234375,5378.7998046875,217.0
2026-01-29 13:12:00-05:00,5378.7998046875,5386.39990234375,5378.7998046875,5386.39990234375,370.0
2026-01-29 13:13:00-05:00,5386.39990234375,5387.5,5382.2001953125,5385.7001953125,287.0
2026-01-29 13:14:00-05:00,5385.5,5387.2998046875,5382.5,5383.39990234375,271.0
2026-01-29 13:15:00-05:00,5384.2998046875,5386.7998046875,5382.10009765625,5385.60009765625,242.0
2026-01-29 13:16:00-05:00,5386.10009765625,5386.89990234375,5379.10009765625,5381.5,313.0
2026-01-29 13:17:00-05:00,5381.7998046875,5387.5,5381.5,5386.7001953125,313.0
2026-01-29 13:18:00-05:00,5387.39990234375,5387.89990234375,5382.7998046875,5383.89990234375,199.0
2026-01-29 13:19:00-05:00,5383.0,5385.0,5376.2001953125,5381.60009765625,222.0
2026-01-29 13:20:00-05:00,5381.7001953125,5385.10009765625,5377.39990234375,5380.5,255.0
2026-01-29 13:21:00-05:00,5379.2998046875,5382.10009765625,5372.60009765625,5374.0,356.0
2026-01-29 13:22:00-05:00,5374.10009765625,5374.10009765625,5366.0,5367.0,459.0
2026-01-29 13:23:00-05:00,5367.60009765625,5371.0,5361.89990234375,5366.5,248.0
2026-01-29 13:24:00-05:00,5366.10009765625,5366.10009765625,5347.7001953125,5359.2001953125,512.0
2026-01-29 13:25:00-05:00,5358.60009765625,5367.39990234375,5356.0,5358.7998046875,344.0
2026-01-29 13:26:00-05:00,5359.2001953125,5367.0,5354.7998046875,5359.5,559.0
2026-01-29 13:27:00-05:00,5358.60009765625,5360.39990234375,5336.0,5338.60009765625,1117.0
2026-01-29 13:28:00-05:00,5338.7998046875,5349.2998046875,5336.7001953125,5346.7998046875,787.0
2026-01-29 13:29:00-05:00,5346.7001953125,5364.89990234375,5342.7998046875,5359.89990234375,1520.0
2026-01-29 13:30:00-05:00,5360.0,5364.89990234375,5350.7998046875,5361.2001953125,538.0
2026-01-29 13:31:00-05:00,5362.10009765625,5377.2001953125,5359.0,5377.2001953125,633.0
2026-01-29 13:32:00-05:00,5376.2998046875,5390.5,5372.7001953125,5380.89990234375,1202.0
2026-01-29 13:33:00-05:00,5380.39990234375,5385.0,5378.89990234375,5380.39990234375,385.0
2026-01-29 13:34:00-05:00,5379.2998046875,5383.2001953125,5378.0,5380.39990234375,138.0
2026-01-29 13:35:00-05:00,5380.0,5380.0,5370.7998046875,5376.5,335.0
2026-01-29 13:36:00-05:00,5376.89990234375,5377.10009765625,5374.0,5374.60009765625,59.0
2026-01-29 13:37:00-05:00,5375.7998046875,5389.10009765625,5375.39990234375,5385.5,214.0
2026-01-29 13:38:00-05:00,5384.89990234375,5389.60009765625,5379.2998046875,5382.60009765625,151.0
2026-01-29 13:39:00-05:00,5383.10009765625,5383.7001953125,5376.39990234375,5383.2998046875,262.0
2026-01-29 13:40:00-05:00,5382.2998046875,5387.0,5376.10009765625,5377.39990234375,250.0
2026-01-29 13:41:00-05:00,5377.7998046875,5377.89990234375,5370.39990234375,5374.60009765625,199.0
2026-01-29 13:42:00-05:00,5374.7001953125,5376.10009765625,5363.60009765625,5365.89990234375,186.0
2026-01-29 13:43:00-05:00,5365.2998046875,5371.7001953125,5363.60009765625,5369.39990234375,175.0
2026-01-29 13:44:00-05:00,5368.7001953125,5373.2998046875,5365.39990234375,5369.89990234375,143.0
2026-01-29 13:45:00-05:00,5369.2001953125,5372.0,5366.2998046875,5369.2998046875,129.0
2026-01-29 13:46:00-05:00,5370.0,5377.7998046875,5368.89990234375,5376.2998046875,151.0
2026-01-29 13:47:00-05:00,5376.0,5380.0,5373.2998046875,5378.39990234375,119.0
2026-01-29 13:48:00-05:00,5378.5,5384.7001953125,5376.5,5380.60009765625,236.0
2026-01-29 13:49:00-05:00,5380.7001953125,5389.0,5379.7001953125,5387.89990234375,284.0
2026-01-29 13:50:00-05:00,5387.60009765625,5390.5,5384.2001953125,5388.60009765625,299.0
2026-01-29 13:51:00-05:00,5388.2998046875,5390.60009765625,5385.5,5386.7001953125,232.0
2026-01-29 13:52:00-05:00,5386.5,5389.10009765625,5383.2001953125,5384.89990234375,158.0
2026-01-29 13:53:00-05:00,5384.60009765625,5390.5,5384.60009765625,5386.2998046875,188.0
2026-01-29 13:54:00-05:00,5385.39990234375,5385.89990234375,5378.2001953125,5380.2998046875,278.0
2026-01-29 13:55:00-05:00,5379.5,5379.5,5372.60009765625,5376.2998046875,219.0
2026-01-29 13:56:00-05:00,5376.2998046875,5379.39990234375,5371.5,5376.7998046875,114.0
2026-01-29 13:57:00-05:00,5376.0,5381.2998046875,5368.10009765625,5371.7998046875,361.0
2026-01-29 13:58:00-05:00,5371.7998046875,5373.0,5364.60009765625,5370.7998046875,197.0
2026-01-29 13:59:00-05:00,5371.5,5372.2998046875,5367.0,5367.7001953125,125.0
2026-01-29 14:00:00-05:00,5368.60009765625,5368.7001953125,5353.10009765625,5354.89990234375,485.0
2026-01-29 14:01:00-05:00,5355.89990234375,5356.39990234375,5349.89990234375,5354.2998046875,396.0
2026-01-29 14:02:00-05:00,5353.60009765625,5366.7998046875,5352.5,5365.10009765625,236.0
2026-01-29 14:03:00-05:00,5365.10009765625,5365.7998046875,5358.60009765625,5365.0,187.0
2026-01-29 14:04:00-05:00,5365.10009765625,5373.2001953125,5360.60009765625,5363.2001953125,242.0
2026-01-29 14:05:00-05:00,5363.2998046875,5364.7998046875,5354.0,5360.39990234375,180.0
2026-01-29 14:06:00-05:00,5360.10009765625,5367.7998046875,5355.2998046875,5366.0,150.0
2026-01-29 14:07:00-05:00,5366.7998046875,5374.2998046875,5364.89990234375,5371.7998046875,114.0
2026-01-29 14:08:00-05:00,5370.7001953125,5371.2001953125,5362.2998046875,5366.89990234375,158.0
2026-01-29 14:09:00-05:00,5367.2998046875,5371.0,5363.5,5364.10009765625,67.0
2026-01-29 14:10:00-05:00,5363.2001953125,5364.39990234375,5350.0,5351.89990234375,173.0
2026-01-29 14:11:00-05:00,5353.2001953125,5353.2998046875,5338.7998046875,5343.7998046875,417.0
2026-01-29 14:12:00-05:00,5344.89990234375,5355.7998046875,5341.2998046875,5351.0,225.0
2026-01-29 14:13:00-05:00,5351.10009765625,5356.0,5340.0,5346.7001953125,273.0
2026-01-29 14:14:00-05:00,5348.0,5349.10009765625,5330.0,5334.89990234375,388.0
2026-01-29 14:15:00-05:00,5335.2998046875,5348.0,5332.60009765625,5342.2998046875,198.0
2026-01-29 14:16:00-05:00,5342.0,5351.39990234375,5338.60009765625,5348.89990234375,229.0
2026-01-29 14:17:00-05:00,5348.2001953125,5355.2998046875,5345.60009765625,5353.2001953125,111.0
2026-01-29 14:18:00-05:00,5352.89990234375,5361.89990234375,5350.2998046875,5352.0,211.0
2026-01-29 14:19:00-05:00,5352.10009765625,5353.7998046875,5345.2001953125,5347.60009765625,119.0
2026-01-29 14:20:00-05:00,5349.7001953125,5351.10009765625,5343.7001953125,5348.2998046875,139.0
2026-01-29 14:21:00-05:00,5348.2001953125,5350.0,5341.2001953125,5341.7001953125,241.0
2026-01-29 14:22:00-05:00,5342.2998046875,5346.2001953125,5336.0,5340.0,176.0
2026-01-29 14:23:00-05:00,5339.10009765625,5349.5,5338.7001953125,5349.5,111.0
2026-01-29 14:24:00-05:00,5348.7998046875,5352.2001953125,5341.7998046875,5341.7998046875,201.0
2026-01-29 14:25:00-05:00,5342.2001953125,5345.0,5337.89990234375,5343.0,193.0
2026-01-29 14:26:00-05:00,5344.2001953125,5349.0,5338.60009765625,5344.5,113.0
2026-01-29 14:27:00-05:00,5344.2998046875,5352.7998046875,5344.2998046875,5349.10009765625,99.0
2026-01-29 14:28:00-05:00,5348.2998046875,5348.2998046875,5338.2998046875,5341.2998046875,111.0
2026-01-29 14:29:00-05:00,5341.2998046875,5350.2001953125,5340.10009765625,5346.39990234375,121.0
2026-01-29 14:30:00-05:00,5347.60009765625,5347.7001953125,5318.7998046875,5324.2001953125,710.0
2026-01-29 14:31:00-05:00,5325.0,5325.0,5319.0,5319.2998046875,251.0
2026-01-29 14:32:00-05:00,5319.5,5333.7998046875,5319.5,5328.10009765625,456.0
2026-01-29 14:33:00-05:00,5328.39990234375,5330.89990234375,5325.2998046875,5329.2001953125,138.0
2026-01-29 14:34:00-05:00,5328.5,5333.2998046875,5319.10009765625,5323.0,321.0
2026-01-29 14:35:00-05:00,5322.0,5328.2001953125,5318.7001953125,5323.0,276.0
2026-01-29 14:36:00-05:00,5323.10009765625,5334.7001953125,5322.2998046875,5332.0,178.0
2026-01-29 14:37:00-05:00,5333.10009765625,5353.60009765625,5332.2998046875,5351.5,566.0
2026-01-29 14:38:00-05:00,5351.5,5352.10009765625,5347.39990234375,5348.10009765625,164.0
2026-01-29 14:39:00-05:00,5348.2998046875,5348.39990234375,5338.7998046875,5340.7001953125,130.0
2026-01-29 14:40:00-05:00,5340.89990234375,5342.0,5333.7998046875,5336.0,137.0
2026-01-29 14:41:00-05:00,5336.0,5342.60009765625,5334.89990234375,5337.10009765625,174.0
2026-01-29 14:42:00-05:00,5338.10009765625,5356.7998046875,5337.60009765625,5354.39990234375,829.0
2026-01-29 14:43:00-05:00,5353.89990234375,5354.7001953125,5349.39990234375,5350.60009765625,154.0
2026-01-29 14:44:00-05:00,5349.39990234375,5350.60009765625,5343.60009765625,5345.2001953125,144.0
2026-01-29 14:45:00-05:00,5344.89990234375,5351.5,5343.0,5349.60009765625,131.0
2026-01-29 14:46:00-05:00,5351.7001953125,5354.7998046875,5343.89990234375,5344.0,241.0
2026-01-29 14:47:00-05:00,5344.2998046875,5354.2001953125,5343.0,5351.7001953125,320.0
2026-01-29 14:48:00-05:00,5352.2001953125,5352.2001953125,5345.2998046875,5346.0,66.0
2026-01-29 14:49:00-05:00,5345.10009765625,5346.39990234375,5338.10009765625,5345.2998046875,213.0
2026-01-29 14:50:00-05:00,5345.2001953125,5345.2001953125,5340.0,5342.60009765625,83.0
2026-01-29 14:51:00-05:00,5341.39990234375,5342.2998046875,5334.5,5341.0,187.0
2026-01-29 14:52:00-05:00,5340.7998046875,5342.7998046875,5337.89990234375,5339.7998046875,90.0
2026-01-29 14:53:00-05:00,5339.89990234375,5342.0,5336.5,5337.5,115.0
2026-01-29 14:54:00-05:00,5338.0,5338.0,5327.2998046875,5332.2998046875,254.0
2026-01-29 14:55:00-05:00,5332.60009765625,5342.39990234375,5331.5,5341.0,208.0
2026-01-29 14:56:00-05:00,5341.89990234375,5343.39990234375,5336.5,5339.89990234375,193.0
2026-01-29 14:57:00-05:00,5340.39990234375,5342.7001953125,5337.2998046875,5341.10009765625,90.0
2026-01-29 14:58:00-05:00,5341.2998046875,5342.89990234375,5337.2001953125,5341.0,153.0
2026-01-29 14:59:00-05:00,5341.5,5342.7001953125,5332.7998046875,5334.10009765625,255.0
2026-01-29 15:00:00-05:00,5334.7998046875,5334.7998046875,5323.7001953125,5331.2998046875,233.0
2026-01-29 15:01:00-05:00,5331.2998046875,5331.7001953125,5319.39990234375,5326.10009765625,261.0
2026-01-29 15:02:00-05:00,5327.0,5330.10009765625,5318.7001953125,5323.0,492.0
2026-01-29 15:03:00-05:00,5324.2998046875,5324.5,5312.2001953125,5313.60009765625,606.0
2026-01-29 15:04:00-05:00,5313.7001953125,5323.7001953125,5311.0,5323.60009765625,369.0
2026-01-29 15:05:00-05:00,5323.7998046875,5329.10009765625,5321.0,5327.7998046875,302.0
2026-01-29 15:06:00-05:00,5327.7001953125,5333.39990234375,5325.5,5331.89990234375,175.0
2026-01-29 15:07:00-05:00,5332.89990234375,5334.2001953125,5325.39990234375,5326.2001953125,169.0
2026-01-29 15:08:00-05:00,5326.2998046875,5328.0,5321.2001953125,5327.60009765625,155.0
2026-01-29 15:09:00-05:00,5328.2998046875,5330.10009765625,5324.7998046875,5328.2001953125,142.0
2026-01-29 15:10:00-05:00,5326.7001953125,5337.10009765625,5324.60009765625,5335.60009765625,147.0
2026-01-29 15:11:00-05:00,5334.60009765625,5340.39990234375,5333.39990234375,5335.0,224.0
2026-01-29 15:12:00-05:00,5335.2001953125,5335.5,5328.39990234375,5330.2001953125,103.0
2026-01-29 15:13:00-05:00,5330.7998046875,5330.7998046875,5323.7998046875,5326.60009765625,228.0
2026-01-29 15:14:00-05:00,5325.7001953125,5327.89990234375,5323.2001953125,5324.5,149.0
2026-01-29 15:15:00-05:00,5324.60009765625,5324.60009765625,5318.39990234375,5321.7001953125,183.0
2026-01-29 15:16:00-05:00,5321.5,5329.0,5321.5,5329.0,161.0
2026-01-29 15:17:00-05:00,5328.2998046875,5333.39990234375,5328.0,5332.5,520.0
2026-01-29 15:18:00-05:00,5330.60009765625,5336.7998046875,5329.0,5336.7001953125,173.0
2026-01-29 15:19:00-05:00,5336.5,5342.39990234375,5333.0,5339.60009765625,354.0
2026-01-29 15:20:00-05:00,5339.0,5340.60009765625,5336.7001953125,5337.0,195.0
2026-01-29 15:21:00-05:00,5336.10009765625,5345.89990234375,5335.0,5344.7998046875,187.0
2026-01-29 15:22:00-05:00,5345.0,5351.10009765625,5344.39990234375,5349.7998046875,305.0
2026-01-29 15:23:00-05:00,5349.5,5350.39990234375,5347.2998046875,5349.39990234375,64.0
2026-01-29 15:24:00-05:00,5348.2998046875,5355.0,5348.0,5353.60009765625,125.0
2026-01-29 15:25:00-05:00,5354.0,5354.89990234375,5349.60009765625,5352.5,165.0
2026-01-29 15:26:00-05:00,5351.7998046875,5354.2001953125,5347.39990234375,5348.10009765625,670.0
2026-01-29 15:27:00-05:00,5347.5,5351.7001953125,5343.0,5350.10009765625,143.0
2026-01-29 15:28:00-05:00,5350.2998046875,5355.0,5347.7998046875,5348.60009765625,184.0
2026-01-29 15:29:00-05:00,5348.5,5351.2001953125,5345.5,5348.60009765625,115.0
2026-01-29 15:30:00-05:00,5349.0,5352.2001953125,5348.0,5348.0,119.0
2026-01-29 15:31:00-05:00,5347.2001953125,5348.60009765625,5342.10009765625,5348.10009765625,171.0
2026-01-29 15:32:00-05:00,5349.0,5350.0,5339.2001953125,5341.89990234375,152.0
2026-01-29 15:33:00-05:00,5341.7001953125,5343.89990234375,5339.0,5342.5,151.0
2026-01-29 15:34:00-05:00,5341.7998046875,5352.60009765625,5340.7001953125,5352.2998046875,231.0
2026-01-29 15:35:00-05:00,5352.39990234375,5356.7001953125,5348.5,5351.2001953125,366.0
2026-01-29 15:36:00-05:00,5351.0,5355.89990234375,5351.0,5355.0,224.0
2026-01-29 15:37:00-05:00,5354.5,5365.7998046875,5352.7001953125,5362.60009765625,429.0
2026-01-29 15:38:00-05:00,5362.5,5375.60009765625,5362.5,5374.7001953125,305.0
2026-01-29 15:39:00-05:00,5374.7998046875,5377.89990234375,5371.0,5377.89990234375,420.0
2026-01-29 15:40:00-05:00,5378.0,5380.10009765625,5373.10009765625,5375.2001953125,452.0
2026-01-29 15:41:00-05:00,5375.7998046875,5379.2998046875,5374.2001953125,5377.0,181.0
2026-01-29 15:42:00-05:00,5377.10009765625,5384.7001953125,5377.0,5383.7001953125,265.0
2026-01-29 15:43:00-05:00,5384.60009765625,5386.89990234375,5382.7001953125,5386.2998046875,186.0
2026-01-29 15:44:00-05:00,5386.39990234375,5388.5,5382.5,5384.2998046875,339.0
2026-01-29 15:45:00-05:00,5384.2001953125,5391.89990234375,5382.7001953125,5390.7998046875,433.0
2026-01-29 15:46:00-05:00,5390.60009765625,5398.10009765625,5390.60009765625,5397.7998046875,381.0
2026-01-29 15:47:00-05:00,5397.39990234375,5398.89990234375,5393.7998046875,5397.7001953125,330.0
2026-01-29 15:48:00-05:00,5398.39990234375,5401.2001953125,5394.7001953125,5397.5,304.0
2026-01-29 15:49:00-05:00,5395.7001953125,5402.2998046875,5392.5,5400.7998046875,278.0
2026-01-29 15:50:00-05:00,5402.2001953125,5418.7998046875,5401.7998046875,5414.39990234375,648.0
2026-01-29 15:51:00-05:00,5414.60009765625,5425.7998046875,5414.60009765625,5425.0,477.0
2026-01-29 15:52:00-05:00,5425.2001953125,5430.0,5419.0,5421.39990234375,719.0
2026-01-29 15:53:00-05:00,5420.7001953125,5428.39990234375,5417.7998046875,5421.2001953125,464.0
2026-01-29 15:54:00-05:00,5421.89990234375,5425.0,5417.89990234375,5420.2998046875,231.0
2026-01-29 15:55:00-05:00,5420.2001953125,5428.5,5418.39990234375,5423.7001953125,377.0
2026-01-29 15:56:00-05:00,5423.7001953125,5433.0,5423.7001953125,5429.7001953125,559.0
2026-01-29 15:57:00-05:00,5430.2001953125,5438.60009765625,5424.0,5429.7998046875,458.0
2026-01-29 15:58:00-05:00,5430.2001953125,5431.7001953125,5422.0,5427.10009765625,330.0
2026-01-29 15:59:00-05:00,5427.2998046875,5430.5,5418.0,5423.2998046875,680.0
2026-01-29 16:00:00-05:00,5422.89990234375,5431.7998046875,5422.2001953125,5430.10009765625,253.0
2026-01-29 16:01:00-05:00,5430.10009765625,5435.2001953125,5426.39990234375,5431.0,362.0
2026-01-29 16:02:00-05:00,5430.60009765625,5431.89990234375,5426.10009765625,5429.0,188.0
2026-01-29 16:03:00-05:00,5428.7001953125,5433.89990234375,5426.7998046875,5430.0,177.0
2026-01-29 16:04:00-05:00,5430.60009765625,5432.5,5428.2001953125,5429.0,142.0
2026-01-29 16:05:00-05:00,5429.2001953125,5433.2001953125,5421.2998046875,5426.0,332.0
2026-01-29 16:06:00-05:00,5425.89990234375,5427.7998046875,5413.10009765625,5414.5,203.0
2026-01-29 16:07:00-05:00,5415.2001953125,5426.5,5414.7001953125,5426.5,152.0
2026-01-29 16:08:00-05:00,5426.2998046875,5428.7998046875,5424.2998046875,5424.2998046875,148.0
2026-01-29 16:09:00-05:00,5423.7998046875,5424.0,5417.10009765625,5417.39990234375,115.0
2026-01-29 16:10:00-05:00,5417.2001953125,5423.7998046875,5416.5,5423.7998046875,96.0
2026-01-29 16:11:00-05:00,5424.0,5425.7998046875,5416.60009765625,5418.10009765625,133.0
2026-01-29 16:12:00-05:00,5418.0,5418.2001953125,5412.0,5417.10009765625,104.0
2026-01-29 16:13:00-05:00,5418.2001953125,5420.0,5413.0,5414.2998046875,101.0
2026-01-29 16:14:00-05:00,5415.7998046875,5429.10009765625,5415.7998046875,5428.89990234375,232.0
2026-01-29 16:15:00-05:00,5429.2998046875,5430.60009765625,5419.89990234375,5419.89990234375,159.0
2026-01-29 16:16:00-05:00,5420.60009765625,5427.0,5420.60009765625,5424.0,141.0
2026-01-29 16:17:00-05:00,5423.60009765625,5427.2998046875,5418.7001953125,5426.7001953125,121.0
2026-01-29 16:18:00-05:00,5426.5,5428.60009765625,5423.7001953125,5426.7001953125,124.0
2026-01-29 16:19:00-05:00,5426.10009765625,5429.0,5422.5,5425.0,78.0
2026-01-29 16:20:00-05:00,5424.5,5426.5,5424.2998046875,5424.7998046875,64.0
2026-01-29 16:21:00-05:00,5424.2998046875,5426.2001953125,5423.89990234375,5424.7001953125,76.0
2026-01-29 16:22:00-05:00,5423.89990234375,5430.60009765625,5422.7001953125,5429.39990234375,85.0
2026-01-29 16:23:00-05:00,5429.39990234375,5430.0,5427.60009765625,5429.2001953125,45.0
2026-01-29 16:24:00-05:00,5430.0,5437.0,5429.39990234375,5435.0,157.0
2026-01-29 16:25:00-05:00,5435.39990234375,5441.5,5434.39990234375,5438.60009765625,156.0
2026-01-29 16:26:00-05:00,5438.2998046875,5446.60009765625,5438.2998046875,5446.10009765625,348.0
2026-01-29 16:27:00-05:00,5446.2998046875,5456.2001953125,5446.2998046875,5454.7001953125,336.0
2026-01-29 16:28:00-05:00,5455.2001953125,5455.2001953125,5447.0,5447.2998046875,253.0
2026-01-29 16:29:00-05:00,5448.10009765625,5449.0,5440.60009765625,5441.89990234375,290.0
2026-01-29 16:30:00-05:00,5443.0,5443.0,5432.7001953125,5438.39990234375,188.0
2026-01-29 16:31:00-05:00,5437.89990234375,5438.10009765625,5432.89990234375,5435.7998046875,135.0
2026-01-29 16:32:00-05:00,5435.39990234375,5436.2998046875,5432.2998046875,5433.39990234375,51.0
2026-01-29 16:33:00-05:00,5433.89990234375,5443.0,5433.89990234375,5442.39990234375,166.0
2026-01-29 16:34:00-05:00,5442.2001953125,5442.2001953125,5435.0,5436.2001953125,77.0
2026-01-29 16:35:00-05:00,5435.7998046875,5437.7998046875,5435.10009765625,5437.2001953125,48.0
2026-01-29 16:36:00-05:00,5437.7001953125,5437.7001953125,5433.89990234375,5435.7998046875,33.0
2026-01-29 16:37:00-05:00,5436.2998046875,5436.2998046875,5433.39990234375,5435.39990234375,37.0
2026-01-29 16:38:00-05:00,5435.2001953125,5435.5,5426.0,5432.5,82.0
2026-01-29 16:39:00-05:00,5431.89990234375,5433.2001953125,5430.0,5432.89990234375,60.0
2026-01-29 16:40:00-05:00,5432.0,5433.0,5429.89990234375,5429.89990234375,71.0
2026-01-29 16:41:00-05:00,5430.5,5430.5,5424.2001953125,5426.7001953125,114.0
2026-01-29 16:42:00-05:00,5426.10009765625,5426.10009765625,5422.10009765625,5424.60009765625,68.0
2026-01-29 16:43:00-05:00,5425.0,5428.0,5421.2998046875,5424.60009765625,125.0
2026-01-29 16:44:00-05:00,5425.0,5425.0,5408.10009765625,5414.39990234375,282.0
2026-01-29 16:45:00-05:00,5414.60009765625,5424.89990234375,5410.0,5422.10009765625,339.0
2026-01-29 16:46:00-05:00,5425.0,5429.2001953125,5422.5,5427.7998046875,75.0
2026-01-29 16:47:00-05:00,5427.7998046875,5427.7998046875,5418.7001953125,5422.5,66.0
2026-01-29 16:48:00-05:00,5423.10009765625,5425.5,5421.89990234375,5421.89990234375,40.0
2026-01-29 16:49:00-05:00,5421.39990234375,5427.39990234375,5420.0,5426.2998046875,49.0
2026-01-29 16:50:00-05:00,5425.60009765625,5425.60009765625,5418.0,5421.60009765625,65.0
2026-01-29 16:51:00-05:00,5421.7001953125,5424.10009765625,5412.60009765625,5412.60009765625,83.0
2026-01-29 16:52:00-05:00,5413.2998046875,5418.5,5412.0,5416.2001953125,150.0
2026-01-29 16:53:00-05:00,5415.7998046875,5417.39990234375,5409.2001953125,5409.7001953125,44.0
2026-01-29 16:54:00-05:00,5412.2998046875,5414.0,5409.89990234375,5410.0,54.0
2026-01-29 16:55:00-05:00,5409.0,5414.0,5408.7998046875,5412.60009765625,37.0
2026-01-29 16:56:00-05:00,5412.10009765625,5413.2001953125,5406.5,5407.2998046875,97.0
2026-01-29 16:57:00-05:00,5406.60009765625,5409.39990234375,5404.2001953125,5407.2001953125,98.0
2026-01-29 16:58:00-05:00,5408.5,5408.5,5400.0,5400.7998046875,314.0
2026-01-29 16:59:00-05:00,5401.0,5412.0,5400.39990234375,5410.7998046875,172.0
2026-01-29 18:00:00-05:00,5410.0,5433.60009765625,5407.5,5430.10009765625,0.0
2026-01-29 18:01:00-05:00,5429.7998046875,5434.10009765625,5424.10009765625,5434.10009765625,135.0
2026-01-29 18:02:00-05:00,5434.5,5444.60009765625,5433.10009765625,5441.5,387.0
2026-01-29 18:03:00-05:00,5442.10009765625,5464.10009765625,5438.39990234375,5458.7998046875,464.0
2026-01-29 18:04:00-05:00,5459.7001953125,5459.7001953125,5444.7998046875,5450.10009765625,310.0
2026-01-29 18:05:00-05:00,5449.2001953125,5458.10009765625,5448.60009765625,5455.60009765625,179.0
2026-01-29 18:06:00-05:00,5454.7001953125,5477.7001953125,5454.7001953125,5470.2998046875,533.0
2026-01-29 18:07:00-05:00,5470.7998046875,5478.60009765625,5469.0,5475.89990234375,277.0
2026-01-29 18:08:00-05:00,5475.0,5478.60009765625,5470.0,5475.89990234375,197.0
2026-01-29 18:09:00-05:00,5475.2001953125,5475.2001953125,5464.0,5467.7998046875,249.0
2026-01-29 18:10:00-05:00,5467.7998046875,5467.7998046875,5455.60009765625,5463.60009765625,236.0
2026-01-29 18:11:00-05:00,5463.2001953125,5466.5,5453.60009765625,5455.39990234375,264.0
2026-01-29 18:12:00-05:00,5455.5,5462.60009765625,5452.39990234375,5461.0,112.0
2026-01-29 18:13:00-05:00,5461.10009765625,5465.5,5456.7001953125,5456.7001953125,87.0
2026-01-29 18:14:00-05:00,5455.7001953125,5458.10009765625,5452.0,5452.10009765625,80.0
2026-01-29 18:15:00-05:00,5451.60009765625,5459.2998046875,5448.7998046875,5451.2998046875,160.0
2026-01-29 18:16:00-05:00,5450.7001953125,5452.7001953125,5446.2001953125,5447.89990234375,117.0
2026-01-29 18:17:00-05:00,5447.5,5447.7998046875,5417.2998046875,5424.2001953125,497.0
2026-01-29 18:18:00-05:00,5426.10009765625,5432.10009765625,5423.2001953125,5431.0,177.0
2026-01-29 18:19:00-05:00,5430.10009765625,5434.89990234375,5423.7998046875,5431.5,120.0
2026-01-29 18:20:00-05:00,5430.0,5442.0,5428.89990234375,5437.89990234375,183.0
2026-01-29 18:21:00-05:00,5436.60009765625,5442.2001953125,5434.2998046875,5437.2998046875,149.0
2026-01-29 18:22:00-05:00,5437.39990234375,5438.5,5428.60009765625,5433.60009765625,118.0
2026-01-29 18:23:00-05:00,5433.0,5437.60009765625,5430.39990234375,5436.7998046875,72.0
2026-01-29 18:24:00-05:00,5435.89990234375,5435.89990234375,5425.0,5432.0,129.0
2026-01-29 18:25:00-05:00,5431.2001953125,5438.7998046875,5431.0,5436.7998046875,74.0
2026-01-29 18:26:00-05:00,5437.10009765625,5445.2001953125,5435.10009765625,5443.5,117.0
2026-01-29 18:27:00-05:00,5444.2001953125,5448.7001953125,5443.89990234375,5447.2998046875,143.0
2026-01-29 18:28:00-05:00,5448.0,5449.7001953125,5444.89990234375,5448.10009765625,134.0
2026-01-29 18:29:00-05:00,5446.0,5452.0,5441.39990234375,5447.0,178.0
2026-01-29 18:30:00-05:00,5446.7001953125,5446.7001953125,5439.5,5441.0,130.0
2026-01-29 18:31:00-05:00,5440.60009765625,5444.89990234375,5436.89990234375,5444.7998046875,92.0
2026-01-29 18:32:00-05:00,5444.5,5452.39990234375,5441.7001953125,5451.89990234375,102.0
2026-01-29 18:33:00-05:00,5451.7001953125,5456.89990234375,5451.7001953125,5453.5,171.0
2026-01-29 18:34:00-05:00,5454.0,5459.10009765625,5453.2001953125,5458.89990234375,73.0
2026-01-29 18:35:00-05:00,5459.0,5459.7998046875,5455.7998046875,5458.89990234375,74.0
2026-01-29 18:36:00-05:00,5459.7001953125,5460.60009765625,5453.7998046875,5458.5,126.0
2026-01-29 18:37:00-05:00,5457.5,5457.5,5451.10009765625,5453.39990234375,99.0
2026-01-29 18:38:00-05:00,5453.10009765625,5454.2001953125,5451.60009765625,5453.7001953125,60.0
2026-01-29 18:39:00-05:00,5453.10009765625,5454.2998046875,5450.60009765625,5454.10009765625,138.0
2026-01-29 18:40:00-05:00,5454.60009765625,5460.2998046875,5452.10009765625,5457.5,100.0
2026-01-29 18:41:00-05:00,5456.5,5465.0,5456.0,5464.2998046875,159.0
2026-01-29 18:42:00-05:00,5464.2001953125,5467.7998046875,5463.89990234375,5464.7998046875,129.0
2026-01-29 18:43:00-05:00,5465.89990234375,5466.39990234375,5464.0,5464.7998046875,83.0
2026-01-29 18:44:00-05:00,5464.7998046875,5469.2998046875,5464.7998046875,5468.0,86.0
2026-01-29 18:45:00-05:00,5467.5,5470.60009765625,5467.5,5468.10009765625,124.0
2026-01-29 18:46:00-05:00,5468.0,5469.7001953125,5467.0,5469.2001953125,101.0
2026-01-29 18:47:00-05:00,5469.10009765625,5471.10009765625,5468.7001953125,5470.10009765625,82.0
2026-01-29 18:48:00-05:00,5470.7001953125,5472.10009765625,5468.60009765625,5472.10009765625,112.0
2026-01-29 18:49:00-05:00,5472.39990234375,5474.0,5468.89990234375,5472.7001953125,255.0
2026-01-29 18:50:00-05:00,5472.39990234375,5477.5,5472.39990234375,5477.2001953125,227.0
2026-01-29 18:51:00-05:00,5476.7998046875,5477.39990234375,5462.5,5463.10009765625,258.0
2026-01-29 18:52:00-05:00,5463.2998046875,5469.7998046875,5463.2998046875,5468.7001953125,138.0
2026-01-29 18:53:00-05:00,5468.7001953125,5470.7998046875,5466.2001953125,5469.39990234375,97.0
2026-01-29 18:54:00-05:00,5469.5,5471.0,5467.0,5467.7001953125,77.0
2026-01-29 18:55:00-05:00,5467.89990234375,5467.89990234375,5457.7998046875,5458.5,196.0
2026-01-29 18:56:00-05:00,5459.60009765625,5465.2998046875,5459.0,5464.89990234375,168.0
2026-01-29 18:57:00-05:00,5463.7998046875,5468.7001953125,5462.5,5466.7998046875,178.0
2026-01-29 18:58:00-05:00,5466.5,5471.39990234375,5466.5,5469.0,120.0
2026-01-29 18:59:00-05:00,5468.10009765625,5468.7998046875,5467.2001953125,5467.60009765625,61.0
2026-01-29 19:00:00-05:00,5467.5,5470.0,5460.7998046875,5461.39990234375,173.0
2026-01-29 19:01:00-05:00,5461.39990234375,5467.7001953125,5461.39990234375,5466.0,119.0
2026-01-29 19:02:00-05:00,5466.60009765625,5471.89990234375,5466.5,5467.89990234375,133.0
2026-01-29 19:03:00-05:00,5467.89990234375,5469.2998046875,5466.0,5466.89990234375,80.0
2026-01-29 19:04:00-05:00,5466.60009765625,5467.10009765625,5464.2001953125,5465.0,78.0
2026-01-29 19:05:00-05:00,5464.5,5473.2998046875,5463.0,5472.7001953125,135.0
2026-01-29 19:06:00-05:00,5472.5,5478.60009765625,5472.2001953125,5477.5,351.0
2026-01-29 19:07:00-05:00,5477.2998046875,5478.60009765625,5475.89990234375,5476.7001953125,221.0
2026-01-29 19:08:00-05:00,5477.39990234375,5478.60009765625,5475.60009765625,5476.10009765625,190.0
2026-01-29 19:09:00-05:00,5476.0,5480.2001953125,5474.7001953125,5476.39990234375,501.0
2026-01-29 19:10:00-05:00,5476.0,5480.2001953125,5475.7001953125,5479.0,268.0
2026-01-29 19:11:00-05:00,5478.60009765625,5480.2001953125,5475.89990234375,5476.10009765625,390.0
2026-01-29 19:12:00-05:00,5476.2001953125,5477.5,5471.2998046875,5472.7001953125,134.0
2026-01-29 19:13:00-05:00,5472.60009765625,5477.2001953125,5471.2998046875,5477.0,112.0
2026-01-29 19:14:00-05:00,5476.7998046875,5477.89990234375,5475.0,5475.10009765625,76.0
2026-01-29 19:15:00-05:00,5473.7001953125,5475.2001953125,5467.89990234375,5469.60009765625,311.0
2026-01-29 19:16:00-05:00,5469.2001953125,5471.5,5468.7998046875,5469.5,137.0
2026-01-29 19:17:00-05:00,5470.39990234375,5474.39990234375,5470.39990234375,5473.0,92.0
2026-01-29 19:18:00-05:00,5473.7998046875,5479.7001953125,5473.60009765625,5479.7001953125,246.0
2026-01-29 19:19:00-05:00,5479.39990234375,5480.2001953125,5476.5,5478.5,226.0
2026-01-29 19:20:00-05:00,5478.7001953125,5479.89990234375,5475.2001953125,5476.2001953125,140.0
2026-01-29 19:21:00-05:00,5475.89990234375,5476.89990234375,5465.60009765625,5467.2998046875,287.0
2026-01-29 19:22:00-05:00,5468.0,5472.10009765625,5465.7998046875,5466.2998046875,175.0
2026-01-29 19:23:00-05:00,5465.5,5471.60009765625,5465.10009765625,5467.5,155.0
2026-01-29 19:24:00-05:00,5468.39990234375,5468.39990234375,5464.0,5466.7001953125,131.0
2026-01-29 19:25:00-05:00,5467.2001953125,5467.2998046875,5463.10009765625,5465.7001953125,208.0
2026-01-29 19:26:00-05:00,5465.10009765625,5471.0,5464.60009765625,5468.60009765625,162.0
2026-01-29 19:27:00-05:00,5468.2001953125,5469.2998046875,5461.7001953125,5463.0,192.0
2026-01-29 19:28:00-05:00,5462.7001953125,5462.7001953125,5451.7998046875,5455.0,357.0
2026-01-29 19:29:00-05:00,5454.7998046875,5457.2001953125,5448.0,5456.0,223.0
2026-01-29 19:30:00-05:00,5456.2998046875,5456.39990234375,5442.89990234375,5445.89990234375,287.0
2026-01-29 19:31:00-05:00,5446.2998046875,5454.0,5446.2998046875,5453.7001953125,212.0
2026-01-29 19:32:00-05:00,5453.5,5456.39990234375,5452.5,5456.39990234375,111.0
2026-01-29 19:33:00-05:00,5455.89990234375,5456.39990234375,5445.2998046875,5451.0,301.0
2026-01-29 19:34:00-05:00,5451.10009765625,5459.39990234375,5449.7998046875,5458.7001953125,224.0
2026-01-29 19:35:00-05:00,5458.7998046875,5464.2001953125,5458.7998046875,5462.39990234375,154.0
2026-01-29 19:36:00-05:00,5462.60009765625,5466.2001953125,5462.60009765625,5464.0,101.0
2026-01-29 19:37:00-05:00,5463.89990234375,5464.0,5453.0,5453.7998046875,305.0
2026-01-29 19:38:00-05:00,5454.7001953125,5456.5,5450.7998046875,5453.7998046875,116.0
2026-01-29 19:39:00-05:00,5453.5,5456.5,5448.0,5450.10009765625,151.0
2026-01-29 19:40:00-05:00,5450.7998046875,5454.7001953125,5447.89990234375,5448.39990234375,112.0
2026-01-29 19:41:00-05:00,5448.2001953125,5448.7001953125,5435.0,5437.2001953125,349.0
2026-01-29 19:42:00-05:00,5436.39990234375,5444.10009765625,5436.39990234375,5443.89990234375,145.0
2026-01-29 19:43:00-05:00,5444.2998046875,5444.39990234375,5440.7001953125,5441.0,117.0
2026-01-29 19:44:00-05:00,5441.2998046875,5443.2998046875,5436.7998046875,5439.39990234375,105.0
2026-01-29 19:45:00-05:00,5440.60009765625,5444.7998046875,5438.2998046875,5444.2001953125,78.0
2026-01-29 19:46:00-05:00,5443.2001953125,5443.60009765625,5438.5,5439.10009765625,69.0
2026-01-29 19:47:00-05:00,5438.60009765625,5441.89990234375,5418.2001953125,5424.7001953125,608.0
2026-01-29 19:48:00-05:00,5425.39990234375,5435.60009765625,5425.39990234375,5433.2998046875,194.0
2026-01-29 19:49:00-05:00,5433.89990234375,5436.39990234375,5429.60009765625,5430.7001953125,162.0
2026-01-29 19:50:00-05:00,5430.39990234375,5435.2001953125,5429.5,5434.7001953125,114.0
2026-01-29 19:51:00-05:00,5435.60009765625,5438.39990234375,5431.39990234375,5433.89990234375,162.0
2026-01-29 19:52:00-05:00,5433.10009765625,5437.60009765625,5431.7001953125,5436.0,164.0
2026-01-29 19:53:00-05:00,5437.0,5443.0,5437.0,5441.5,135.0
2026-01-29 19:54:00-05:00,5441.89990234375,5448.2998046875,5440.39990234375,5447.89990234375,208.0
2026-01-29 19:55:00-05:00,5448.5,5449.89990234375,5442.60009765625,5442.7001953125,140.0
2026-01-29 19:56:00-05:00,5442.7001953125,5447.10009765625,5442.7001953125,5444.39990234375,58.0
2026-01-29 19:57:00-05:00,5444.7998046875,5445.0,5438.7001953125,5440.2998046875,81.0
2026-01-29 19:58:00-05:00,5440.0,5440.2998046875,5432.7001953125,5434.0,179.0
2026-01-29 19:59:00-05:00,5434.10009765625,5436.0,5429.7998046875,5435.2998046875,217.0
2026-01-29 20:00:00-05:00,5436.0,5438.89990234375,5418.7001953125,5427.7998046875,639.0
2026-01-29 20:01:00-05:00,5428.2001953125,5431.2001953125,5410.2998046875,5414.0,490.0
2026-01-29 20:02:00-05:00,5414.10009765625,5429.10009765625,5405.0,5424.2001953125,563.0
2026-01-29 20:03:00-05:00,5424.10009765625,5426.89990234375,5417.10009765625,5425.39990234375,394.0
2026-01-29 20:04:00-05:00,5426.2001953125,5426.2001953125,5417.0,5419.2001953125,200.0
2026-01-29 20:05:00-05:00,5419.2001953125,5422.7001953125,5412.2998046875,5413.2998046875,262.0
2026-01-29 20:06:00-05:00,5414.39990234375,5416.2001953125,5402.7998046875,5408.39990234375,255.0
2026-01-29 20:07:00-05:00,5410.0,5413.0,5401.7998046875,5404.10009765625,312.0
2026-01-29 20:08:00-05:00,5404.0,5414.39990234375,5400.0,5409.10009765625,464.0
2026-01-29 20:09:00-05:00,5408.60009765625,5415.89990234375,5390.0,5390.0,482.0
2026-01-29 20:10:00-05:00,5393.0,5408.60009765625,5390.0,5395.7998046875,523.0
2026-01-29 20:11:00-05:00,5395.89990234375,5396.2001953125,5353.0,5362.0,1455.0
2026-01-29 20:12:00-05:00,5362.60009765625,5374.89990234375,5359.2998046875,5374.89990234375,431.0
2026-01-29 20:13:00-05:00,5375.10009765625,5379.10009765625,5359.0,5359.5,518.0
2026-01-29 20:14:00-05:00,5360.39990234375,5362.60009765625,5332.2001953125,5341.2001953125,1297.0
2026-01-29 20:15:00-05:00,5341.2998046875,5350.0,5335.7998046875,5343.39990234375,524.0
2026-01-29 20:16:00-05:00,5343.5,5363.7998046875,5342.7998046875,5359.7998046875,498.0
2026-01-29 20:17:00-05:00,5360.10009765625,5367.10009765625,5359.2998046875,5364.60009765625,201.0
2026-01-29 20:18:00-05:00,5363.5,5366.2001953125,5346.7001953125,5356.89990234375,318.0
2026-01-29 20:19:00-05:00,5356.60009765625,5365.2001953125,5355.2001953125,5363.2998046875,315.0
2026-01-29 20:20:00-05:00,5363.2998046875,5374.2001953125,5362.60009765625,5372.10009765625,539.0
2026-01-29 20:21:00-05:00,5371.7998046875,5376.5,5367.7001953125,5370.5,347.0
2026-01-29 20:22:00-05:00,5370.39990234375,5373.0,5363.0,5367.10009765625,206.0
2026-01-29 20:23:00-05:00,5368.0,5380.7998046875,5367.5,5379.5,190.0
2026-01-29 20:24:00-05:00,5378.60009765625,5381.60009765625,5371.2998046875,5376.7001953125,212.0
2026-01-29 20:25:00-05:00,5375.5,5387.10009765625,5375.5,5381.2001953125,404.0
2026-01-29 20:26:00-05:00,5381.7998046875,5388.60009765625,5376.60009765625,5386.2001953125,248.0
2026-01-29 20:27:00-05:00,5386.5,5396.0,5384.39990234375,5391.89990234375,421.0
2026-01-29 20:28:00-05:00,5391.5,5393.7001953125,5381.39990234375,5389.89990234375,447.0
2026-01-29 20:29:00-05:00,5390.5,5393.2998046875,5387.89990234375,5388.10009765625,178.0
2026-01-29 20:30:00-05:00,5387.89990234375,5387.89990234375,5375.5,5378.7001953125,286.0
2026-01-29 20:31:00-05:00,5378.10009765625,5387.2001953125,5378.10009765625,5383.89990234375,136.0
2026-01-29 20:32:00-05:00,5384.7001953125,5393.2001953125,5380.10009765625,5390.5,176.0
2026-01-29 20:33:00-05:00,5391.10009765625,5399.0,5389.2001953125,5398.2998046875,141.0
2026-01-29 20:34:00-05:00,5397.7998046875,5403.5,5397.0,5403.5,171.0
2026-01-29 20:35:00-05:00,5403.39990234375,5404.2001953125,5393.89990234375,5393.89990234375,202.0
2026-01-29 20:36:00-05:00,5394.60009765625,5398.60009765625,5386.7001953125,5386.7001953125,234.0
2026-01-29 20:37:00-05:00,5387.10009765625,5392.0,5382.39990234375,5389.2998046875,229.0
2026-01-29 20:38:00-05:00,5389.2001953125,5390.0,5385.10009765625,5387.89990234375,141.0
2026-01-29 20:39:00-05:00,5387.60009765625,5387.60009765625,5375.39990234375,5385.60009765625,260.0
2026-01-29 20:40:00-05:00,5386.2001953125,5392.2998046875,5382.7998046875,5385.10009765625,162.0
2026-01-29 20:41:00-05:00,5385.2001953125,5390.7001953125,5383.89990234375,5389.2998046875,148.0
2026-01-29 20:42:00-05:00,5389.39990234375,5395.60009765625,5387.60009765625,5391.0,205.0
2026-01-29 20:43:00-05:00,5391.7001953125,5395.2001953125,5391.0,5393.2001953125,215.0
2026-01-29 20:45:00-05:00,5379.60009765625,5379.60009765625,5367.2001953125,5367.39990234375,495.0
2026-01-29 20:46:00-05:00,5369.2001953125,5371.7998046875,5356.2998046875,5360.0,397.0
2026-01-29 20:47:00-05:00,5360.7998046875,5367.89990234375,5359.60009765625,5367.89990234375,127.0
2026-01-29 20:48:00-05:00,5367.89990234375,5368.5,5346.7998046875,5347.5,280.0
2026-01-29 20:49:00-05:00,5348.2001953125,5363.39990234375,5347.2001953125,5359.5,452.0
2026-01-29 20:50:00-05:00,5359.5,5372.39990234375,5359.5,5368.39990234375,233.0
2026-01-29 20:51:00-05:00,5369.10009765625,5375.10009765625,5367.7001953125,5374.89990234375,191.0
2026-01-29 20:52:00-05:00,5374.60009765625,5374.60009765625,5367.39990234375,5371.0,192.0
2026-01-29 20:53:00-05:00,5373.0,5373.5,5365.10009765625,5366.5,163.0
2026-01-29 20:54:00-05:00,5366.2998046875,5370.5,5360.5,5368.7001953125,111.0
2026-01-29 20:55:00-05:00,5368.89990234375,5369.10009765625,5361.2998046875,5363.2998046875,106.0
2026-01-29 20:56:00-05:00,5362.0,5363.7998046875,5355.0,5356.5,147.0
2026-01-29 20:57:00-05:00,5356.0,5356.0,5338.0,5342.39990234375,387.0
2026-01-29 20:58:00-05:00,5343.10009765625,5347.0,5335.2001953125,5340.7998046875,293.0
2026-01-29 20:59:00-05:00,5340.10009765625,5341.39990234375,5320.39990234375,5331.7001953125,969.0
2026-01-29 21:00:00-05:00,5330.2998046875,5331.89990234375,5309.2998046875,5327.10009765625,1011.0
2026-01-29 21:01:00-05:00,5327.89990234375,5342.60009765625,5320.10009765625,5341.89990234375,661.0
2026-01-29 21:02:00-05:00,5341.2001953125,5344.5,5335.10009765625,5339.39990234375,423.0
2026-01-29 21:03:00-05:00,5341.39990234375,5342.7998046875,5329.5,5335.2998046875,389.0
2026-01-29 21:04:00-05:00,5335.39990234375,5345.7998046875,5327.0,5327.0,242.0
2026-01-29 21:05:00-05:00,5326.7001953125,5334.2998046875,5323.60009765625,5324.5,320.0
2026-01-29 21:06:00-05:00,5325.0,5338.7998046875,5324.39990234375,5334.2998046875,255.0
2026-01-29 21:07:00-05:00,5334.2001953125,5337.10009765625,5320.2001953125,5321.89990234375,295.0
2026-01-29 21:08:00-05:00,5321.2001953125,5324.39990234375,5311.0,5312.0,247.0
2026-01-29 21:09:00-05:00,5313.89990234375,5318.2001953125,5303.0,5305.7998046875,727.0
2026-01-29 21:10:00-05:00,5305.2998046875,5308.0,5285.5,5298.10009765625,915.0
2026-01-29 21:11:00-05:00,5299.89990234375,5310.2001953125,5294.0,5301.7998046875,493.0
2026-01-29 21:12:00-05:00,5301.7998046875,5301.7998046875,5250.10009765625,5254.60009765625,1419.0
2026-01-29 21:13:00-05:00,5254.89990234375,5275.5,5251.7001953125,5252.0,763.0
2026-01-29 21:14:00-05:00,5252.60009765625,5257.39990234375,5228.5,5244.2998046875,1983.0
2026-01-29 21:15:00-05:00,5247.10009765625,5249.2001953125,5214.10009765625,5235.39990234375,1549.0
2026-01-29 21:16:00-05:00,5238.2998046875,5246.0,5225.7998046875,5225.89990234375,758.0
2026-01-29 21:17:00-05:00,5225.2001953125,5233.89990234375,5207.39990234375,5228.0,920.0
2026-01-29 21:18:00-05:00,5227.89990234375,5232.0,5206.7998046875,5209.2998046875,711.0
2026-01-29 21:19:00-05:00,5205.5,5207.60009765625,5175.0,5181.10009765625,1494.0
2026-01-29 21:20:00-05:00,5181.10009765625,5200.2998046875,5180.2998046875,5190.2998046875,796.0
2026-01-29 21:21:00-05:00,5192.2998046875,5193.0,5160.10009765625,5161.2998046875,1015.0
2026-01-29 21:22:00-05:00,5163.7998046875,5184.2998046875,5159.2001953125,5171.2998046875,855.0
2026-01-29 21:23:00-05:00,5171.7001953125,5176.10009765625,5145.7998046875,5170.89990234375,1200.0
2026-01-29 21:24:00-05:00,5172.2001953125,5217.0,5172.2001953125,5200.0,1051.0
2026-01-29 21:25:00-05:00,5196.89990234375,5219.7998046875,5195.0,5211.0,828.0
2026-01-29 21:26:00-05:00,5210.60009765625,5221.39990234375,5204.7001953125,5221.2001953125,662.0
2026-01-29 21:27:00-05:00,5221.2001953125,5226.7998046875,5217.2998046875,5220.0,553.0
2026-01-29 21:28:00-05:00,5220.39990234375,5222.10009765625,5204.89990234375,5205.10009765625,441.0
2026-01-29 21:29:00-05:00,5205.89990234375,5207.0,5180.0,5205.89990234375,683.0
2026-01-29 21:30:00-05:00,5205.10009765625,5219.2998046875,5199.0,5206.89990234375,419.0
2026-01-29 21:31:00-05:00,5206.7998046875,5207.5,5179.0,5179.0,450.0
2026-01-29 21:32:00-05:00,5179.60009765625,5192.7998046875,5171.0,5188.60009765625,577.0
2026-01-29 21:33:00-05:00,5190.5,5203.39990234375,5190.10009765625,5200.2998046875,296.0
2026-01-29 21:34:00-05:00,5199.10009765625,5206.10009765625,5191.5,5194.10009765625,188.0
2026-01-29 21:35:00-05:00,5193.60009765625,5203.2001953125,5189.7001953125,5194.39990234375,329.0
2026-01-29 21:36:00-05:00,5195.2001953125,5229.0,5193.89990234375,5227.39990234375,489.0
2026-01-29 21:37:00-05:00,5228.10009765625,5237.7998046875,5225.89990234375,5232.60009765625,681.0
2026-01-29 21:38:00-05:00,5232.7001953125,5245.10009765625,5232.39990234375,5243.10009765625,807.0
2026-01-29 21:39:00-05:00,5244.39990234375,5255.39990234375,5235.7001953125,5243.39990234375,758.0
2026-01-29 21:40:00-05:00,5243.39990234375,5248.7001953125,5235.0,5244.5,346.0
2026-01-29 21:41:00-05:00,5244.7998046875,5257.60009765625,5244.2998046875,5255.2998046875,709.0
2026-01-29 21:42:00-05:00,5255.2001953125,5262.5,5248.60009765625,5251.89990234375,536.0
2026-01-29 21:43:00-05:00,5251.89990234375,5259.7001953125,5248.0,5252.89990234375,565.0
2026-01-29 21:44:00-05:00,5253.60009765625,5259.10009765625,5244.2001953125,5246.2001953125,313.0
2026-01-29 21:45:00-05:00,5247.0,5265.7001953125,5246.10009765625,5258.60009765625,459.0
2026-01-29 21:46:00-05:00,5256.10009765625,5257.10009765625,5247.7001953125,5252.5,260.0
2026-01-29 21:47:00-05:00,5252.2998046875,5259.2001953125,5252.2001953125,5258.7001953125,261.0
2026-01-29 21:48:00-05:00,5259.89990234375,5274.0,5257.2998046875,5268.7998046875,426.0
2026-01-29 21:49:00-05:00,5269.2001953125,5270.89990234375,5260.5,5269.60009765625,402.0
2026-01-29 21:50:00-05:00,5267.89990234375,5275.60009765625,5266.10009765625,5271.10009765625,374.0
2026-01-29 21:51:00-05:00,5271.2001953125,5272.2998046875,5256.5,5266.39990234375,323.0
2026-01-29 21:52:00-05:00,5267.0,5270.89990234375,5258.2998046875,5264.60009765625,311.0
2026-01-29 21:53:00-05:00,5265.10009765625,5267.0,5252.0,5252.7001953125,208.0
2026-01-29 21:54:00-05:00,5254.39990234375,5255.2998046875,5241.39990234375,5246.60009765625,346.0
2026-01-29 21:55:00-05:00,5246.7998046875,5261.39990234375,5245.0,5256.2998046875,301.0
2026-01-29 21:56:00-05:00,5256.10009765625,5256.2998046875,5245.2998046875,5245.2998046875,242.0
2026-01-29 21:57:00-05:00,5246.0,5248.7998046875,5237.0,5244.2001953125,347.0
2026-01-29 21:58:00-05:00,5243.7998046875,5250.2001953125,5231.0,5248.2998046875,343.0
2026-01-29 21:59:00-05:00,5249.0,5257.0,5243.5,5255.0,254.0
2026-01-29 22:00:00-05:00,5254.7998046875,5259.7998046875,5240.10009765625,5248.60009765625,339.0
2026-01-29 22:01:00-05:00,5249.39990234375,5254.39990234375,5245.5,5250.2998046875,108.0
2026-01-29 22:02:00-05:00,5250.7998046875,5250.7998046875,5243.5,5244.7998046875,287.0
2026-01-29 22:03:00-05:00,5245.10009765625,5247.2998046875,5227.10009765625,5235.7998046875,267.0
2026-01-29 22:04:00-05:00,5236.5,5239.39990234375,5231.39990234375,5237.0,250.0
2026-01-29 22:05:00-05:00,5236.89990234375,5237.89990234375,5213.5,5219.39990234375,397.0
2026-01-29 22:06:00-05:00,5219.2998046875,5221.5,5211.0,5215.89990234375,184.0
2026-01-29 22:07:00-05:00,5214.5,5228.7001953125,5214.5,5227.89990234375,214.0
2026-01-29 22:08:00-05:00,5226.0,5227.5,5216.2998046875,5223.0,191.0
2026-01-29 22:09:00-05:00,5222.2001953125,5236.2001953125,5221.89990234375,5233.2001953125,173.0
2026-01-29 22:10:00-05:00,5234.7001953125,5237.89990234375,5222.7998046875,5228.7001953125,217.0
2026-01-29 22:11:00-05:00,5225.39990234375,5225.39990234375,5211.10009765625,5223.89990234375,162.0
2026-01-29 22:12:00-05:00,5222.60009765625,5228.2998046875,5216.60009765625,5219.5,152.0
2026-01-29 22:13:00-05:00,5219.5,5225.2998046875,5207.5,5213.7998046875,328.0
2026-01-29 22:14:00-05:00,5213.7998046875,5215.0,5195.0,5210.60009765625,370.0
2026-01-29 22:15:00-05:00,5209.7998046875,5221.0,5209.5,5220.10009765625,173.0
2026-01-29 22:16:00-05:00,5220.2998046875,5223.2001953125,5215.2998046875,5219.39990234375,92.0
2026-01-29 22:17:00-05:00,5221.7001953125,5227.60009765625,5221.7001953125,5224.7001953125,142.0
2026-01-29 22:18:00-05:00,5222.2998046875,5225.0,5217.89990234375,5223.89990234375,102.0
2026-01-29 22:19:00-05:00,5224.39990234375,5227.0,5219.39990234375,5220.2001953125,75.0
2026-01-29 22:20:00-05:00,5219.0,5219.0,5205.39990234375,5210.0,207.0
2026-01-29 22:21:00-05:00,5210.60009765625,5216.60009765625,5205.7001953125,5211.89990234375,216.0
2026-01-29 22:22:00-05:00,5210.7998046875,5210.7998046875,5201.0,5207.10009765625,137.0
2026-01-29 22:23:00-05:00,5208.0,5216.89990234375,5206.89990234375,5210.0,133.0
2026-01-29 22:24:00-05:00,5210.39990234375,5228.10009765625,5210.39990234375,5224.89990234375,213.0
2026-01-29 22:25:00-05:00,5226.60009765625,5236.0,5226.60009765625,5231.10009765625,309.0
2026-01-29 22:26:00-05:00,5231.0,5235.0,5225.10009765625,5228.39990234375,359.0
2026-01-29 22:27:00-05:00,5227.7998046875,5232.2001953125,5225.10009765625,5225.10009765625,140.0
2026-01-29 22:28:00-05:00,5224.60009765625,5224.7001953125,5220.39990234375,5223.89990234375,74.0
2026-01-29 22:29:00-05:00,5225.10009765625,5232.2998046875,5225.10009765625,5230.10009765625,93.0
2026-01-29 22:30:00-05:00,5229.0,5243.0,5226.10009765625,5242.7001953125,338.0
2026-01-29 22:31:00-05:00,5243.0,5253.2001953125,5239.2001953125,5240.7001953125,498.0
2026-01-29 22:32:00-05:00,5242.2001953125,5242.2001953125,5230.2998046875,5232.5,139.0
2026-01-29 22:33:00-05:00,5232.89990234375,5236.39990234375,5226.0,5226.0,249.0
2026-01-29 22:34:00-05:00,5225.0,5225.2001953125,5210.0,5211.2001953125,271.0
2026-01-29 22:35:00-05:00,5212.2998046875,5215.60009765625,5199.7001953125,5214.2998046875,272.0
2026-01-29 22:36:00-05:00,5215.0,5221.2001953125,5215.0,5218.2001953125,152.0
2026-01-29 22:37:00-05:00,5217.2998046875,5219.2001953125,5210.2001953125,5211.0,140.0
2026-01-29 22:38:00-05:00,5212.60009765625,5214.10009765625,5206.0,5212.10009765625,191.0
2026-01-29 22:39:00-05:00,5212.0,5212.0,5189.0,5202.10009765625,534.0
2026-01-29 22:40:00-05:00,5200.10009765625,5203.10009765625,5189.39990234375,5197.10009765625,283.0
2026-01-29 22:41:00-05:00,5197.5,5198.89990234375,5190.5,5193.89990234375,156.0
2026-01-29 22:42:00-05:00,5192.89990234375,5205.0,5192.89990234375,5198.89990234375,162.0
2026-01-29 22:43:00-05:00,5199.2998046875,5199.2998046875,5184.60009765625,5186.7001953125,182.0
2026-01-29 22:44:00-05:00,5187.89990234375,5195.60009765625,5181.0,5184.5,328.0
2026-01-29 22:45:00-05:00,5185.2998046875,5192.5,5183.10009765625,5186.39990234375,264.0
2026-01-29 22:46:00-05:00,5187.10009765625,5193.5,5184.5,5191.10009765625,297.0
2026-01-29 22:47:00-05:00,5190.2998046875,5204.7998046875,5190.2998046875,5194.89990234375,291.0
2026-01-29 22:48:00-05:00,5196.7998046875,5198.2998046875,5186.0,5190.0,128.0
2026-01-29 22:49:00-05:00,5189.2001953125,5197.0,5188.0,5196.39990234375,96.0
2026-01-29 22:50:00-05:00,5194.5,5194.5,5176.89990234375,5181.2998046875,218.0
2026-01-29 22:51:00-05:00,5181.7001953125,5188.2998046875,5181.7001953125,5186.7998046875,117.0
2026-01-29 22:52:00-05:00,5187.10009765625,5194.10009765625,5183.0,5191.5,154.0
2026-01-29 22:53:00-05:00,5192.2998046875,5203.0,5192.2998046875,5202.2998046875,148.0
2026-01-29 22:54:00-05:00,5201.2998046875,5210.2998046875,5201.2998046875,5210.0,214.0
2026-01-29 22:55:00-05:00,5210.0,5218.10009765625,5208.2998046875,5216.39990234375,207.0
2026-01-29 22:56:00-05:00,5216.7998046875,5227.2998046875,5214.89990234375,5226.7001953125,192.0
2026-01-29 22:57:00-05:00,5225.39990234375,5225.39990234375,5218.7001953125,5218.7001953125,115.0
2026-01-29 22:58:00-05:00,5218.89990234375,5229.0,5218.89990234375,5228.39990234375,167.0
2026-01-29 22:59:00-05:00,5228.0,5229.0,5223.7998046875,5225.10009765625,78.0
2026-01-29 23:00:00-05:00,5224.2001953125,5239.7998046875,5222.0,5234.89990234375,238.0
2026-01-29 23:01:00-05:00,5234.10009765625,5239.60009765625,5230.10009765625,5239.60009765625,102.0
2026-01-29 23:02:00-05:00,5239.0,5245.2998046875,5238.5,5243.2998046875,156.0
2026-01-29 23:03:00-05:00,5244.0,5249.0,5242.7001953125,5242.7001953125,201.0
2026-01-29 23:04:00-05:00,5242.0,5244.2998046875,5235.5,5237.7001953125,177.0
2026-01-29 23:05:00-05:00,5239.7001953125,5249.2001953125,5236.10009765625,5246.0,124.0
2026-01-29 23:06:00-05:00,5246.7998046875,5249.5,5245.0,5249.0,55.0
2026-01-29 23:07:00-05:00,5248.0,5253.60009765625,5246.39990234375,5248.7998046875,177.0
2026-01-29 23:08:00-05:00,5249.2998046875,5250.0,5245.10009765625,5247.89990234375,92.0
2026-01-29 23:09:00-05:00,5249.0,5249.89990234375,5233.0,5237.10009765625,292.0
2026-01-29 23:10:00-05:00,5236.0,5244.39990234375,5233.39990234375,5242.7998046875,76.0
2026-01-29 23:11:00-05:00,5243.39990234375,5255.7001953125,5243.39990234375,5252.60009765625,141.0
2026-01-29 23:12:00-05:00,5252.39990234375,5254.2998046875,5247.39990234375,5247.39990234375,109.0
2026-01-29 23:13:00-05:00,5247.10009765625,5249.2001953125,5243.89990234375,5245.7001953125,81.0
2026-01-29 23:14:00-05:00,5246.10009765625,5249.2998046875,5241.2001953125,5242.2998046875,71.0
2026-01-29 23:15:00-05:00,5242.39990234375,5251.5,5238.0,5251.5,107.0
2026-01-29 23:16:00-05:00,5250.89990234375,5256.0,5247.39990234375,5255.0,138.0
2026-01-29 23:17:00-05:00,5256.39990234375,5259.0,5252.2001953125,5254.60009765625,99.0
2026-01-29 23:18:00-05:00,5253.2998046875,5258.39990234375,5251.60009765625,5256.89990234375,122.0
2026-01-29 23:19:00-05:00,5257.0,5258.10009765625,5250.60009765625,5253.0,153.0
2026-01-29 23:20:00-05:00,5254.0,5260.0,5248.2001953125,5249.39990234375,113.0
2026-01-29 23:21:00-05:00,5248.5,5251.2001953125,5242.89990234375,5245.39990234375,152.0
2026-01-29 23:22:00-05:00,5243.2998046875,5244.2001953125,5239.7998046875,5241.7001953125,53.0
2026-01-29 23:23:00-05:00,5240.7998046875,5248.89990234375,5237.39990234375,5241.60009765625,131.0
2026-01-29 23:24:00-05:00,5241.10009765625,5241.10009765625,5233.10009765625,5234.89990234375,120.0
2026-01-29 23:25:00-05:00,5234.89990234375,5237.7001953125,5231.2998046875,5232.7001953125,115.0
2026-01-29 23:26:00-05:00,5233.0,5235.0,5228.7001953125,5229.60009765625,128.0
2026-01-29 23:27:00-05:00,5231.0,5232.7001953125,5226.89990234375,5231.2001953125,66.0
2026-01-29 23:28:00-05:00,5232.7001953125,5238.7001953125,5232.2998046875,5233.7998046875,86.0
2026-01-29 23:29:00-05:00,5234.0,5241.60009765625,5233.39990234375,5239.7001953125,57.0
2026-01-29 23:30:00-05:00,5239.60009765625,5248.0,5239.5,5247.2998046875,108.0
2026-01-29 23:31:00-05:00,5246.0,5247.39990234375,5241.39990234375,5242.0,53.0
2026-01-29 23:32:00-05:00,5241.2001953125,5247.0,5240.60009765625,5245.39990234375,65.0
2026-01-29 23:33:00-05:00,5245.2998046875,5250.39990234375,5242.60009765625,5243.2998046875,108.0
2026-01-29 23:34:00-05:00,5243.39990234375,5244.2998046875,5234.7998046875,5240.7998046875,175.0
2026-01-29 23:35:00-05:00,5240.5,5241.60009765625,5238.10009765625,5238.10009765625,39.0
2026-01-29 23:36:00-05:00,5239.89990234375,5246.0,5236.89990234375,5245.39990234375,61.0
2026-01-29 23:37:00-05:00,5245.2001953125,5252.0,5241.7998046875,5249.2998046875,81.0
2026-01-29 23:38:00-05:00,5249.2998046875,5255.39990234375,5249.2998046875,5252.39990234375,207.0
2026-01-29 23:39:00-05:00,5252.7001953125,5253.2998046875,5248.10009765625,5248.2998046875,55.0
2026-01-29 23:40:00-05:00,5248.0,5251.0,5244.0,5244.10009765625,37.0
2026-01-29 23:41:00-05:00,5244.5,5245.5,5238.89990234375,5242.89990234375,106.0
2026-01-29 23:51:00-05:00,5354.7998046875,5354.7998046875,5354.7998046875,5354.7998046875,660.0
2026-01-29 23:52:00-05:00,5229.7001953125,5234.0,5228.7001953125,5231.10009765625,58.0
2026-01-29 23:53:00-05:00,5231.7998046875,5232.10009765625,5227.7998046875,5229.89990234375,50.0
2026-01-29 23:54:00-05:00,5229.0,5235.0,5227.60009765625,5234.7998046875,101.0
2026-01-29 23:55:00-05:00,5235.0,5240.0,5231.7001953125,5239.0,64.0
2026-01-29 23:56:00-05:00,5239.2001953125,5239.5,5233.7998046875,5237.2998046875,34.0
2026-01-29 23:57:00-05:00,5237.2998046875,5239.0,5236.2001953125,5238.60009765625,30.0
2026-01-29 23:58:00-05:00,5237.39990234375,5243.5,5237.10009765625,5243.10009765625,59.0
2026-01-30 00:00:00-05:00,5242.10009765625,5243.39990234375,5235.89990234375,5238.10009765625,143.0
2026-01-30 00:01:00-05:00,5237.2001953125,5237.2998046875,5235.2001953125,5235.89990234375,38.0
2026-01-30 00:02:00-05:00,5236.10009765625,5243.7998046875,5236.10009765625,5243.7998046875,55.0
2026-01-30 00:03:00-05:00,5243.0,5245.0,5241.7001953125,5241.7998046875,49.0
2026-01-30 00:04:00-05:00,5241.89990234375,5242.0,5237.60009765625,5239.89990234375,80.0
2026-01-30 00:05:00-05:00,5238.7001953125,5238.7001953125,5231.60009765625,5236.2998046875,81.0
2026-01-30 00:06:00-05:00,5236.7998046875,5236.7998046875,5231.5,5234.2998046875,41.0
2026-01-30 00:07:00-05:00,5233.7998046875,5235.89990234375,5231.0,5233.2998046875,100.0
2026-01-30 00:08:00-05:00,5232.7001953125,5238.60009765625,5232.2001953125,5233.89990234375,72.0
2026-01-30 00:09:00-05:00,5233.2001953125,5237.7998046875,5231.89990234375,5231.89990234375,37.0
2026-01-30 00:10:00-05:00,5231.7998046875,5236.5,5231.2998046875,5235.0,42.0
2026-01-30 00:11:00-05:00,5234.5,5243.39990234375,5234.5,5242.39990234375,81.0
2026-01-30 00:12:00-05:00,5242.2998046875,5242.60009765625,5232.0,5237.89990234375,91.0
2026-01-30 00:13:00-05:00,5236.89990234375,5240.2001953125,5236.2998046875,5239.2001953125,32.0
2026-01-30 00:14:00-05:00,5240.39990234375,5252.39990234375,5240.39990234375,5252.39990234375,142.0
2026-01-30 00:15:00-05:00,5253.0,5257.89990234375,5250.2001953125,5257.39990234375,167.0
2026-01-30 00:16:00-05:00,5257.39990234375,5264.0,5256.60009765625,5262.60009765625,166.0
2026-01-30 00:17:00-05:00,5262.39990234375,5268.2001953125,5261.7001953125,5264.7001953125,112.0
2026-01-30 00:18:00-05:00,5264.39990234375,5269.0,5263.2001953125,5267.60009765625,186.0
2026-01-30 00:19:00-05:00,5268.5,5268.5,5256.7998046875,5260.7001953125,145.0
2026-01-30 00:20:00-05:00,5261.2998046875,5266.39990234375,5258.2001953125,5266.39990234375,134.0
2026-01-30 00:21:00-05:00,5265.60009765625,5268.7001953125,5263.7001953125,5267.7001953125,79.0
2026-01-30 00:22:00-05:00,5268.0,5269.2001953125,5264.2998046875,5264.2998046875,125.0
2026-01-30 00:23:00-05:00,5265.0,5265.0,5260.0,5262.7998046875,142.0
2026-01-30 00:24:00-05:00,5261.7998046875,5267.7001953125,5257.7001953125,5259.0,98.0
2026-01-30 00:25:00-05:00,5258.10009765625,5261.7998046875,5253.7001953125,5261.2001953125,73.0
2026-01-30 00:26:00-05:00,5260.0,5264.89990234375,5258.0,5264.89990234375,75.0
2026-01-30 00:27:00-05:00,5265.2998046875,5266.39990234375,5260.2998046875,5261.2998046875,95.0
2026-01-30 00:28:00-05:00,5261.39990234375,5263.0,5254.0,5259.5,98.0
2026-01-30 00:29:00-05:00,5260.0,5260.60009765625,5257.2998046875,5257.2998046875,46.0
2026-01-30 00:30:00-05:00,5256.7998046875,5260.89990234375,5253.5,5256.39990234375,164.0
2026-01-30 00:31:00-05:00,5255.7001953125,5255.7998046875,5246.2998046875,5246.2998046875,147.0
2026-01-30 00:32:00-05:00,5246.60009765625,5247.39990234375,5243.10009765625,5247.39990234375,86.0
2026-01-30 00:33:00-05:00,5246.7001953125,5251.60009765625,5243.60009765625,5250.7001953125,115.0
2026-01-30 00:34:00-05:00,5250.60009765625,5250.60009765625,5240.39990234375,5245.7998046875,90.0
2026-01-30 00:35:00-05:00,5244.2998046875,5251.10009765625,5243.89990234375,5250.60009765625,61.0
2026-01-30 00:36:00-05:00,5249.2001953125,5257.2001953125,5249.2001953125,5256.0,91.0
2026-01-30 00:37:00-05:00,5255.0,5264.89990234375,5253.60009765625,5264.89990234375,140.0
2026-01-30 00:38:00-05:00,5265.0,5268.5,5259.5,5259.5,170.0
2026-01-30 00:39:00-05:00,5260.89990234375,5261.89990234375,5256.2001953125,5258.60009765625,128.0
2026-01-30 00:40:00-05:00,5257.2001953125,5259.39990234375,5255.0,5258.60009765625,132.0
2026-01-30 00:41:00-05:00,5260.10009765625,5264.0,5256.7001953125,5257.89990234375,73.0
2026-01-30 00:42:00-05:00,5260.10009765625,5260.7001953125,5253.7001953125,5256.2998046875,144.0
2026-01-30 00:43:00-05:00,5256.0,5264.0,5253.0,5261.39990234375,107.0
2026-01-30 00:44:00-05:00,5259.7998046875,5261.39990234375,5257.2998046875,5259.39990234375,34.0
2026-01-30 00:45:00-05:00,5259.2998046875,5263.7001953125,5254.10009765625,5254.7998046875,86.0
2026-01-30 00:46:00-05:00,5254.2001953125,5254.2001953125,5248.2001953125,5249.39990234375,83.0
2026-01-30 00:47:00-05:00,5251.39990234375,5258.39990234375,5249.60009765625,5258.39990234375,167.0
2026-01-30 00:48:00-05:00,5258.2998046875,5258.2998046875,5251.2001953125,5253.60009765625,72.0
2026-01-30 00:49:00-05:00,5252.7998046875,5252.7998046875,5245.2001953125,5246.39990234375,77.0
2026-01-30 00:50:00-05:00,5247.2001953125,5248.5,5241.39990234375,5244.7001953125,99.0
2026-01-30 00:51:00-05:00,5244.7998046875,5245.2001953125,5239.7001953125,5239.89990234375,81.0
2026-01-30 00:52:00-05:00,5240.10009765625,5246.39990234375,5240.0,5246.0,35.0
2026-01-30 00:53:00-05:00,5244.2998046875,5247.2001953125,5240.2998046875,5242.7998046875,92.0
2026-01-30 00:54:00-05:00,5244.89990234375,5245.0,5243.39990234375,5244.10009765625,27.0
2026-01-30 00:55:00-05:00,5243.5,5243.5,5233.5,5237.89990234375,105.0
2026-01-30 00:56:00-05:00,5237.7998046875,5238.2998046875,5228.0,5228.89990234375,123.0
2026-01-30 00:57:00-05:00,5227.5,5230.5,5223.5,5228.0,172.0
2026-01-30 00:58:00-05:00,5228.5,5228.5,5211.89990234375,5214.60009765625,235.0
2026-01-30 00:59:00-05:00,5215.39990234375,5215.5,5208.0,5212.39990234375,271.0
2026-01-30 01:00:00-05:00,5210.7001953125,5221.0,5207.60009765625,5215.89990234375,265.0
2026-01-30 01:01:00-05:00,5217.0,5227.0,5216.2001953125,5226.0,236.0
2026-01-30 01:02:00-05:00,5227.2998046875,5228.7001953125,5222.2998046875,5224.0,92.0
2026-01-30 01:03:00-05:00,5223.2998046875,5230.0,5223.0,5227.7001953125,69.0
2026-01-30 01:04:00-05:00,5227.7001953125,5231.39990234375,5224.2998046875,5228.7001953125,202.0
2026-01-30 01:05:00-05:00,5230.0,5230.0,5217.0,5217.2998046875,95.0
2026-01-30 01:06:00-05:00,5215.39990234375,5217.5,5212.7998046875,5217.0,127.0
2026-01-30 01:07:00-05:00,5217.7001953125,5218.7001953125,5198.39990234375,5209.2001953125,254.0
2026-01-30 01:08:00-05:00,5209.7001953125,5221.0,5209.7001953125,5218.89990234375,86.0
2026-01-30 01:09:00-05:00,5219.10009765625,5222.2001953125,5213.0,5220.2001953125,103.0
2026-01-30 01:10:00-05:00,5221.5,5232.7001953125,5220.7998046875,5229.10009765625,217.0
2026-01-30 01:11:00-05:00,5228.2001953125,5228.7001953125,5222.0,5225.5,97.0
2026-01-30 01:12:00-05:00,5225.39990234375,5225.39990234375,5212.5,5213.60009765625,116.0
2026-01-30 01:13:00-05:00,5213.7998046875,5221.39990234375,5213.7998046875,5217.10009765625,80.0
2026-01-30 01:14:00-05:00,5216.60009765625,5219.89990234375,5212.5,5217.2998046875,89.0
2026-01-30 01:15:00-05:00,5218.10009765625,5218.10009765625,5206.60009765625,5207.89990234375,115.0
2026-01-30 01:16:00-05:00,5208.10009765625,5209.10009765625,5198.7998046875,5200.0,172.0
2026-01-30 01:17:00-05:00,5199.60009765625,5204.10009765625,5191.0,5191.0,186.0
2026-01-30 01:18:00-05:00,5191.7001953125,5197.7998046875,5188.0,5196.7001953125,194.0
2026-01-30 01:19:00-05:00,5195.7998046875,5208.7001953125,5194.2998046875,5200.2998046875,186.0
2026-01-30 01:20:00-05:00,5199.89990234375,5209.7998046875,5198.7001953125,5209.7998046875,105.0
2026-01-30 01:21:00-05:00,5209.2998046875,5209.89990234375,5204.7001953125,5207.89990234375,72.0
2026-01-30 01:22:00-05:00,5206.5,5213.60009765625,5203.10009765625,5211.2001953125,81.0
2026-01-30 01:23:00-05:00,5211.7998046875,5218.89990234375,5211.2998046875,5216.7001953125,89.0
2026-01-30 01:24:00-05:00,5215.5,5223.10009765625,5212.0,5220.10009765625,117.0
2026-01-30 01:25:00-05:00,5221.7001953125,5225.7001953125,5216.2001953125,5216.2001953125,159.0
2026-01-30 01:26:00-05:00,5216.2998046875,5217.7001953125,5206.7998046875,5209.7001953125,127.0
2026-01-30 01:27:00-05:00,5208.60009765625,5213.0,5206.5,5211.39990234375,59.0
2026-01-30 01:28:00-05:00,5209.7001953125,5210.5,5202.10009765625,5208.5,94.0
2026-01-30 01:29:00-05:00,5206.7998046875,5206.7998046875,5183.7998046875,5184.0,389.0
2026-01-30 01:30:00-05:00,5185.2001953125,5197.7998046875,5182.7998046875,5194.2998046875,478.0
2026-01-30 01:31:00-05:00,5194.0,5194.0,5180.0,5189.2001953125,218.0
2026-01-30 01:32:00-05:00,5189.10009765625,5196.39990234375,5188.2998046875,5192.0,133.0
2026-01-30 01:33:00-05:00,5190.2001953125,5191.2001953125,5178.2001953125,5182.89990234375,177.0
2026-01-30 01:34:00-05:00,5182.89990234375,5191.39990234375,5182.89990234375,5189.0,168.0
2026-01-30 01:35:00-05:00,5187.60009765625,5196.60009765625,5180.0,5193.2001953125,166.0
2026-01-30 01:36:00-05:00,5193.10009765625,5202.2001953125,5192.7001953125,5200.2998046875,133.0
2026-01-30 01:37:00-05:00,5201.2001953125,5209.0,5198.7998046875,5205.60009765625,180.0
2026-01-30 01:38:00-05:00,5205.60009765625,5207.10009765625,5201.39990234375,5202.10009765625,89.0
2026-01-30 01:39:00-05:00,5201.7001953125,5207.60009765625,5198.7001953125,5203.2998046875,112.0
2026-01-30 01:40:00-05:00,5202.2998046875,5202.2998046875,5192.0,5194.7998046875,229.0
2026-01-30 01:41:00-05:00,5195.0,5195.7001953125,5192.0,5193.7998046875,52.0
2026-01-30 01:42:00-05:00,5194.39990234375,5200.5,5186.2998046875,5189.7001953125,164.0
2026-01-30 01:43:00-05:00,5190.7998046875,5194.2998046875,5188.0,5188.89990234375,101.0
2026-01-30 01:44:00-05:00,5189.5,5189.5,5182.7998046875,5185.39990234375,102.0
2026-01-30 01:45:00-05:00,5185.10009765625,5190.0,5178.2001953125,5180.60009765625,144.0
2026-01-30 01:46:00-05:00,5181.0,5188.2001953125,5179.2001953125,5185.39990234375,98.0
2026-01-30 01:47:00-05:00,5185.0,5191.5,5184.89990234375,5188.60009765625,120.0
2026-01-30 01:48:00-05:00,5188.7998046875,5194.7998046875,5188.2998046875,5194.0,83.0
2026-01-30 01:49:00-05:00,5193.2998046875,5199.0,5190.0,5194.0,103.0
2026-01-30 01:50:00-05:00,5192.89990234375,5193.89990234375,5181.39990234375,5185.2001953125,166.0
2026-01-30 01:51:00-05:00,5187.0,5188.0,5176.5,5183.0,160.0
2026-01-30 01:52:00-05:00,5183.7998046875,5188.7998046875,5183.7998046875,5188.7998046875,80.0
2026-01-30 01:53:00-05:00,5189.7001953125,5194.0,5189.2001953125,5192.39990234375,94.0
2026-01-30 01:54:00-05:00,5193.2998046875,5196.7001953125,5181.60009765625,5184.0,84.0
2026-01-30 01:55:00-05:00,5183.89990234375,5188.5,5183.2001953125,5184.2001953125,63.0
2026-01-30 01:56:00-05:00,5183.39990234375,5184.2001953125,5178.2998046875,5182.10009765625,181.0
2026-01-30 01:57:00-05:00,5182.10009765625,5182.2001953125,5171.39990234375,5176.5,274.0
2026-01-30 01:58:00-05:00,5176.5,5182.5,5176.5,5178.89990234375,207.0
2026-01-30 01:59:00-05:00,5180.2998046875,5185.0,5175.0,5183.89990234375,278.0
2026-01-30 02:00:00-05:00,5184.10009765625,5186.10009765625,5150.0,5159.2998046875,792.0
2026-01-30 02:01:00-05:00,5159.2998046875,5167.0,5152.10009765625,5158.2998046875,332.0
2026-01-30 02:02:00-05:00,5159.60009765625,5166.2001953125,5152.10009765625,5162.7998046875,329.0
2026-01-30 02:03:00-05:00,5163.0,5170.2998046875,5160.2001953125,5169.7998046875,217.0
2026-01-30 02:04:00-05:00,5170.0,5175.0,5168.5,5173.2001953125,313.0
2026-01-30 02:05:00-05:00,5174.2998046875,5179.60009765625,5161.60009765625,5179.0,209.0
2026-01-30 02:06:00-05:00,5178.7001953125,5189.2998046875,5178.60009765625,5188.60009765625,269.0
2026-01-30 02:07:00-05:00,5189.0,5198.7998046875,5188.39990234375,5196.0,200.0
2026-01-30 02:08:00-05:00,5196.7998046875,5201.2001953125,5196.2998046875,5201.10009765625,132.0
2026-01-30 02:09:00-05:00,5199.60009765625,5201.2998046875,5190.10009765625,5193.60009765625,327.0
2026-01-30 02:10:00-05:00,5194.0,5204.0,5194.0,5199.2998046875,118.0
2026-01-30 02:11:00-05:00,5200.7998046875,5209.60009765625,5199.39990234375,5207.2001953125,158.0
2026-01-30 02:12:00-05:00,5206.2998046875,5212.10009765625,5204.89990234375,5209.39990234375,229.0
2026-01-30 02:13:00-05:00,5209.10009765625,5215.0,5208.60009765625,5212.0,174.0
2026-01-30 02:14:00-05:00,5212.39990234375,5213.2998046875,5198.89990234375,5200.2998046875,315.0
2026-01-30 02:15:00-05:00,5200.5,5207.2998046875,5197.60009765625,5197.7001953125,116.0
2026-01-30 02:16:00-05:00,5197.5,5201.39990234375,5192.5,5201.0,196.0
2026-01-30 02:17:00-05:00,5200.2998046875,5201.2998046875,5194.0,5199.2998046875,114.0
2026-01-30 02:18:00-05:00,5199.89990234375,5208.2001953125,5199.2001953125,5208.2001953125,281.0
2026-01-30 02:19:00-05:00,5209.10009765625,5209.10009765625,5203.0,5203.89990234375,115.0
2026-01-30 02:20:00-05:00,5203.89990234375,5206.7001953125,5201.7998046875,5205.0,51.0
2026-01-30 02:21:00-05:00,5205.89990234375,5209.2001953125,5205.0,5208.60009765625,109.0
2026-01-30 02:22:00-05:00,5208.2001953125,5213.10009765625,5208.10009765625,5209.7998046875,388.0
2026-01-30 02:23:00-05:00,5210.10009765625,5211.89990234375,5203.5,5204.7001953125,71.0
2026-01-30 02:24:00-05:00,5205.2001953125,5207.7001953125,5203.0,5206.39990234375,44.0
2026-01-30 02:25:00-05:00,5205.10009765625,5205.10009765625,5200.7998046875,5202.89990234375,86.0
2026-01-30 02:26:00-05:00,5203.5,5207.2998046875,5202.5,5203.7998046875,95.0
2026-01-30 02:27:00-05:00,5202.7001953125,5206.7998046875,5201.0,5206.10009765625,50.0
2026-01-30 02:28:00-05:00,5205.7001953125,5207.2998046875,5203.39990234375,5205.60009765625,124.0
2026-01-30 02:29:00-05:00,5206.2998046875,5209.39990234375,5200.0,5202.2001953125,134.0
2026-01-30 02:30:00-05:00,5202.10009765625,5205.7998046875,5196.60009765625,5197.10009765625,77.0
2026-01-30 02:31:00-05:00,5196.39990234375,5196.7001953125,5190.2998046875,5191.7001953125,235.0
2026-01-30 02:32:00-05:00,5191.5,5198.60009765625,5191.5,5196.5,122.0
2026-01-30 02:33:00-05:00,5196.5,5196.7998046875,5187.0,5187.5,142.0
2026-01-30 02:34:00-05:00,5187.5,5188.5,5177.5,5179.10009765625,266.0
2026-01-30 02:35:00-05:00,5178.2001953125,5179.2001953125,5144.5,5159.5,1015.0
2026-01-30 02:36:00-05:00,5160.7001953125,5164.7998046875,5143.7001953125,5157.5,516.0
2026-01-30 02:37:00-05:00,5156.10009765625,5171.0,5147.39990234375,5170.39990234375,305.0
2026-01-30 02:38:00-05:00,5169.7998046875,5175.0,5163.5,5172.5,185.0
2026-01-30 02:39:00-05:00,5170.7001953125,5177.5,5167.7998046875,5175.60009765625,128.0
2026-01-30 02:40:00-05:00,5177.89990234375,5183.7998046875,5173.89990234375,5179.39990234375,224.0
2026-01-30 02:41:00-05:00,5177.5,5180.89990234375,5170.7001953125,5180.89990234375,103.0
2026-01-30 02:42:00-05:00,5180.2001953125,5183.0,5173.39990234375,5174.10009765625,56.0
2026-01-30 02:43:00-05:00,5173.10009765625,5174.10009765625,5166.7001953125,5170.10009765625,122.0
2026-01-30 02:44:00-05:00,5169.60009765625,5175.60009765625,5164.2001953125,5173.39990234375,350.0
2026-01-30 02:45:00-05:00,5174.2998046875,5180.0,5170.0,5174.7001953125,178.0
2026-01-30 02:46:00-05:00,5176.0,5189.2998046875,5176.0,5182.7001953125,267.0
2026-01-30 02:47:00-05:00,5182.7998046875,5184.2001953125,5178.39990234375,5181.5,76.0
2026-01-30 02:48:00-05:00,5181.89990234375,5184.2001953125,5173.5,5173.5,184.0
2026-01-30 02:49:00-05:00,5173.5,5180.39990234375,5172.2001953125,5178.7001953125,128.0
2026-01-30 02:50:00-05:00,5177.7998046875,5178.7998046875,5171.10009765625,5178.0,80.0
2026-01-30 02:51:00-05:00,5177.7998046875,5191.60009765625,5177.7998046875,5189.39990234375,238.0
2026-01-30 02:52:00-05:00,5190.0,5193.60009765625,5187.2001953125,5190.2998046875,120.0
2026-01-30 02:53:00-05:00,5190.2998046875,5191.5,5183.0,5188.0,149.0
2026-01-30 02:54:00-05:00,5188.0,5190.0,5182.10009765625,5186.39990234375,58.0
2026-01-30 02:55:00-05:00,5187.10009765625,5196.0,5185.2998046875,5195.2998046875,98.0
2026-01-30 02:56:00-05:00,5195.89990234375,5197.0,5192.7001953125,5194.0,111.0
2026-01-30 02:57:00-05:00,5194.5,5203.2001953125,5194.2998046875,5203.2001953125,160.0
2026-01-30 02:58:00-05:00,5203.7998046875,5208.89990234375,5203.10009765625,5206.7001953125,164.0
2026-01-30 02:59:00-05:00,5205.60009765625,5212.39990234375,5205.0,5209.2001953125,173.0
2026-01-30 03:00:00-05:00,5208.7998046875,5208.7998046875,5195.7998046875,5198.2998046875,249.0
2026-01-30 03:01:00-05:00,5198.7998046875,5202.7998046875,5186.0,5190.2001953125,295.0
2026-01-30 03:02:00-05:00,5190.0,5202.89990234375,5188.0,5199.2001953125,139.0
2026-01-30 03:03:00-05:00,5199.60009765625,5199.60009765625,5193.0,5198.60009765625,108.0
2026-01-30 03:04:00-05:00,5197.7998046875,5202.0,5195.7998046875,5199.5,77.0
2026-01-30 03:05:00-05:00,5200.0,5203.2001953125,5194.2001953125,5194.2998046875,188.0
2026-01-30 03:06:00-05:00,5194.2001953125,5201.89990234375,5189.89990234375,5190.60009765625,239.0
2026-01-30 03:07:00-05:00,5190.89990234375,5192.60009765625,5171.89990234375,5179.7998046875,471.0
2026-01-30 03:08:00-05:00,5180.0,5181.89990234375,5174.39990234375,5178.2001953125,265.0
2026-01-30 03:09:00-05:00,5179.7998046875,5179.89990234375,5169.7998046875,5174.7998046875,260.0
2026-01-30 03:10:00-05:00,5174.0,5185.0,5173.2001953125,5181.0,152.0
2026-01-30 03:11:00-05:00,5181.39990234375,5190.0,5177.2998046875,5188.5,251.0
2026-01-30 03:12:00-05:00,5188.39990234375,5189.7001953125,5184.10009765625,5184.10009765625,111.0
2026-01-30 03:13:00-05:00,5183.7998046875,5183.89990234375,5167.10009765625,5170.0,313.0
2026-01-30 03:14:00-05:00,5170.0,5174.2998046875,5167.2998046875,5174.2998046875,195.0
2026-01-30 03:15:00-05:00,5174.39990234375,5174.60009765625,5162.10009765625,5163.0,261.0
2026-01-30 03:16:00-05:00,5162.0,5175.2998046875,5160.0,5174.0,224.0
2026-01-30 03:17:00-05:00,5174.7998046875,5180.5,5171.7001953125,5180.5,119.0
2026-01-30 03:18:00-05:00,5177.39990234375,5182.5,5176.2998046875,5179.2998046875,107.0
2026-01-30 03:19:00-05:00,5181.39990234375,5188.2998046875,5181.39990234375,5185.2998046875,87.0
2026-01-30 03:20:00-05:00,5185.7998046875,5187.39990234375,5176.60009765625,5176.60009765625,152.0
2026-01-30 03:21:00-05:00,5176.60009765625,5191.89990234375,5176.60009765625,5190.10009765625,139.0
2026-01-30 03:22:00-05:00,5190.89990234375,5198.39990234375,5190.89990234375,5192.2998046875,137.0
2026-01-30 03:23:00-05:00,5192.0,5196.10009765625,5188.60009765625,5194.89990234375,151.0
2026-01-30 03:24:00-05:00,5195.89990234375,5196.10009765625,5192.0,5192.7001953125,79.0
2026-01-30 03:25:00-05:00,5193.2998046875,5197.7001953125,5186.2001953125,5186.7001953125,286.0
2026-01-30 03:26:00-05:00,5186.10009765625,5192.39990234375,5186.10009765625,5190.60009765625,130.0
2026-01-30 03:27:00-05:00,5191.10009765625,5198.0,5191.10009765625,5197.60009765625,134.0
2026-01-30 03:28:00-05:00,5198.5,5198.5,5183.7998046875,5188.89990234375,230.0
2026-01-30 03:29:00-05:00,5187.7001953125,5192.2001953125,5180.0,5180.39990234375,166.0
2026-01-30 03:30:00-05:00,5179.7998046875,5183.10009765625,5167.10009765625,5169.7001953125,203.0
2026-01-30 03:31:00-05:00,5169.5,5170.10009765625,5162.0,5163.39990234375,333.0
2026-01-30 03:32:00-05:00,5163.7001953125,5163.7001953125,5149.5,5155.0,590.0
2026-01-30 03:33:00-05:00,5155.60009765625,5159.7998046875,5081.2001953125,5096.5,1350.0
2026-01-30 03:34:00-05:00,5090.39990234375,5135.60009765625,5088.10009765625,5104.39990234375,1400.0
2026-01-30 03:35:00-05:00,5104.2001953125,5109.2998046875,5075.10009765625,5094.10009765625,1165.0
2026-01-30 03:36:00-05:00,5094.10009765625,5110.0,5090.0,5103.39990234375,1214.0
2026-01-30 03:37:00-05:00,5102.60009765625,5125.2001953125,5102.0,5111.39990234375,670.0
2026-01-30 03:38:00-05:00,5112.0,5116.7001953125,5107.2001953125,5115.5,482.0
2026-01-30 03:39:00-05:00,5115.10009765625,5125.0,5115.10009765625,5119.60009765625,324.0
2026-01-30 03:40:00-05:00,5119.89990234375,5130.2998046875,5111.2998046875,5129.2001953125,404.0
2026-01-30 03:41:00-05:00,5131.89990234375,5134.2998046875,5115.2001953125,5116.5,497.0
2026-01-30 03:42:00-05:00,5116.2001953125,5117.0,5101.7001953125,5104.89990234375,514.0
2026-01-30 03:43:00-05:00,5106.10009765625,5115.2998046875,5104.7001953125,5112.10009765625,342.0
2026-01-30 03:44:00-05:00,5112.39990234375,5123.5,5108.7998046875,5123.5,303.0
2026-01-30 03:45:00-05:00,5124.2998046875,5129.5,5118.2001953125,5122.2001953125,211.0
2026-01-30 03:46:00-05:00,5121.60009765625,5133.60009765625,5121.60009765625,5129.2001953125,277.0
2026-01-30 03:47:00-05:00,5130.10009765625,5138.5,5124.10009765625,5138.2001953125,361.0
2026-01-30 03:48:00-05:00,5138.39990234375,5147.2001953125,5136.89990234375,5144.5,395.0
2026-01-30 03:49:00-05:00,5143.89990234375,5155.5,5142.0,5152.2001953125,390.0
2026-01-30 03:50:00-05:00,5151.5,5156.0,5143.2001953125,5147.7001953125,293.0
2026-01-30 03:51:00-05:00,5147.10009765625,5152.0,5142.7001953125,5146.0,227.0
2026-01-30 03:52:00-05:00,5146.60009765625,5150.60009765625,5141.0,5145.60009765625,225.0
2026-01-30 03:53:00-05:00,5145.60009765625,5156.2998046875,5143.39990234375,5148.2001953125,200.0
2026-01-30 03:54:00-05:00,5149.10009765625,5149.10009765625,5136.0,5138.0,241.0
2026-01-30 03:55:00-05:00,5137.39990234375,5146.5,5135.39990234375,5144.10009765625,142.0
2026-01-30 03:56:00-05:00,5143.5,5146.5,5138.10009765625,5140.60009765625,187.0
2026-01-30 03:57:00-05:00,5141.0,5145.2001953125,5130.60009765625,5133.89990234375,160.0
2026-01-30 03:58:00-05:00,5132.2001953125,5141.7998046875,5131.2998046875,5132.10009765625,149.0
2026-01-30 03:59:00-05:00,5132.7001953125,5146.0,5132.2001953125,5145.0,168.0
2026-01-30 04:00:00-05:00,5143.7998046875,5153.0,5139.7001953125,5153.0,292.0
2026-01-30 04:01:00-05:00,5152.60009765625,5152.60009765625,5145.7001953125,5148.7001953125,160.0
2026-01-30 04:02:00-05:00,5149.60009765625,5153.2001953125,5142.39990234375,5151.60009765625,274.0
2026-01-30 04:03:00-05:00,5151.60009765625,5161.5,5150.10009765625,5152.60009765625,301.0
2026-01-30 04:04:00-05:00,5153.5,5155.60009765625,5138.60009765625,5143.7001953125,174.0
2026-01-30 04:05:00-05:00,5144.5,5144.5,5124.5,5129.7998046875,266.0
2026-01-30 04:06:00-05:00,5130.5,5133.5,5112.2001953125,5118.2001953125,322.0
2026-01-30 04:07:00-05:00,5118.39990234375,5120.0,5105.2001953125,5113.2998046875,422.0
2026-01-30 04:08:00-05:00,5112.89990234375,5112.89990234375,5095.2001953125,5102.0,690.0
2026-01-30 04:09:00-05:00,5104.2998046875,5104.2998046875,5083.2001953125,5088.10009765625,778.0
2026-01-30 04:10:00-05:00,5088.0,5097.5,5083.2001953125,5087.5,1010.0
2026-01-30 04:11:00-05:00,5087.89990234375,5096.2001953125,5084.5,5085.7998046875,478.0
2026-01-30 04:12:00-05:00,5089.2998046875,5096.0,5077.0,5079.5,627.0
2026-01-30 04:13:00-05:00,5079.39990234375,5079.89990234375,5050.0,5053.60009765625,2014.0
2026-01-30 04:14:00-05:00,5055.7001953125,5062.0,5040.7001953125,5055.5,1358.0
2026-01-30 04:15:00-05:00,5056.10009765625,5077.10009765625,5047.5,5074.7001953125,814.0
2026-01-30 04:16:00-05:00,5075.5,5078.5,5062.0,5075.0,431.0
2026-01-30 04:17:00-05:00,5074.39990234375,5094.10009765625,5074.39990234375,5090.7001953125,425.0
2026-01-30 04:18:00-05:00,5089.2998046875,5092.7998046875,5080.10009765625,5081.7998046875,482.0
2026-01-30 04:19:00-05:00,5083.2001953125,5097.7998046875,5082.10009765625,5095.89990234375,266.0
2026-01-30 04:20:00-05:00,5094.5,5094.5,5076.0,5079.0,272.0
2026-01-30 04:21:00-05:00,5080.0,5096.5,5077.0,5096.5,310.0
2026-01-30 04:22:00-05:00,5094.89990234375,5095.10009765625,5080.7001953125,5084.5,313.0
2026-01-30 04:23:00-05:00,5084.2998046875,5084.7001953125,5065.60009765625,5068.60009765625,357.0
2026-01-30 04:24:00-05:00,5069.39990234375,5073.5,5063.2001953125,5072.2998046875,317.0
2026-01-30 04:25:00-05:00,5070.2998046875,5070.2998046875,5060.0,5063.2001953125,222.0
2026-01-30 04:26:00-05:00,5064.7998046875,5076.60009765625,5060.39990234375,5071.60009765625,284.0
2026-01-30 04:27:00-05:00,5070.89990234375,5075.2998046875,5061.7998046875,5063.89990234375,220.0
2026-01-30 04:28:00-05:00,5065.2998046875,5065.60009765625,5047.0,5047.0,502.0
2026-01-30 04:29:00-05:00,5048.10009765625,5062.39990234375,5047.5,5055.0,279.0
2026-01-30 04:30:00-05:00,5055.2001953125,5073.60009765625,5053.0,5070.2998046875,215.0
2026-01-30 04:31:00-05:00,5069.89990234375,5086.2998046875,5069.39990234375,5082.0,244.0
2026-01-30 04:32:00-05:00,5082.60009765625,5095.89990234375,5079.2998046875,5087.2001953125,291.0
2026-01-30 04:33:00-05:00,5088.39990234375,5096.39990234375,5085.7998046875,5088.2998046875,239.0
2026-01-30 04:34:00-05:00,5088.39990234375,5089.10009765625,5079.7001953125,5085.10009765625,250.0
2026-01-30 04:35:00-05:00,5084.10009765625,5091.7001953125,5079.7998046875,5079.7998046875,279.0
2026-01-30 04:36:00-05:00,5081.39990234375,5092.10009765625,5078.2001953125,5078.89990234375,206.0
2026-01-30 04:37:00-05:00,5078.5,5082.2998046875,5067.2001953125,5070.7001953125,289.0
2026-01-30 04:38:00-05:00,5070.0,5073.89990234375,5064.2998046875,5068.39990234375,164.0
2026-01-30 04:39:00-05:00,5068.5,5073.89990234375,5057.0,5058.5,281.0
2026-01-30 04:40:00-05:00,5060.10009765625,5063.2998046875,5051.2998046875,5055.39990234375,210.0
2026-01-30 04:41:00-05:00,5056.7998046875,5063.89990234375,5045.0,5046.7998046875,467.0
2026-01-30 04:42:00-05:00,5048.0,5048.39990234375,5023.60009765625,5024.7001953125,1126.0
2026-01-30 04:43:00-05:00,5024.10009765625,5041.2001953125,5019.2998046875,5022.10009765625,954.0
2026-01-30 04:44:00-05:00,5022.0,5032.7998046875,5002.39990234375,5004.60009765625,1277.0
2026-01-30 04:45:00-05:00,5002.7998046875,5013.0,4975.0,4993.89990234375,1662.0
2026-01-30 04:46:00-05:00,4995.2001953125,5002.89990234375,4986.2001953125,4999.89990234375,853.0
2026-01-30 04:47:00-05:00,4998.7998046875,5024.2001953125,4998.7998046875,5019.5,763.0
2026-01-30 04:48:00-05:00,5018.60009765625,5030.0,5006.89990234375,5009.5,603.0
2026-01-30 04:49:00-05:00,5008.60009765625,5012.2001953125,4983.0,5010.89990234375,677.0
2026-01-30 04:50:00-05:00,5010.5,5010.5,4980.0,4993.5,676.0
2026-01-30 04:51:00-05:00,4992.5,4995.0,4962.7001953125,4990.2998046875,995.0
2026-01-30 04:52:00-05:00,4993.10009765625,5019.39990234375,4987.7998046875,5013.89990234375,865.0
2026-01-30 04:53:00-05:00,5012.39990234375,5016.39990234375,5001.2001953125,5013.60009765625,465.0
2026-01-30 04:54:00-05:00,5012.2998046875,5028.0,5005.7998046875,5015.7001953125,563.0
2026-01-30 04:55:00-05:00,5015.5,5027.0,5012.0,5021.10009765625,559.0
2026-01-30 04:56:00-05:00,5021.10009765625,5028.7001953125,5012.2001953125,5026.89990234375,435.0
2026-01-30 04:57:00-05:00,5026.39990234375,5057.89990234375,5022.5,5053.60009765625,633.0
2026-01-30 04:58:00-05:00,5055.60009765625,5055.60009765625,5031.7998046875,5036.2001953125,601.0
2026-01-30 04:59:00-05:00,5037.0,5054.60009765625,5036.39990234375,5040.0,328.0
2026-01-30 05:00:00-05:00,5039.2998046875,5063.7998046875,5036.5,5060.89990234375,373.0
2026-01-30 05:01:00-05:00,5061.0,5063.0,5050.2998046875,5058.39990234375,378.0
2026-01-30 05:02:00-05:00,5058.0,5071.2001953125,5058.0,5065.89990234375,443.0
2026-01-30 05:03:00-05:00,5066.10009765625,5080.0,5066.0,5074.2001953125,346.0
2026-01-30 05:04:00-05:00,5073.89990234375,5075.2998046875,5059.0,5064.5,306.0
2026-01-30 05:05:00-05:00,5064.0,5064.0,5042.0,5042.0,419.0
2026-01-30 05:06:00-05:00,5042.2001953125,5053.0,5038.89990234375,5051.7001953125,197.0
2026-01-30 05:07:00-05:00,5054.2998046875,5055.2001953125,5036.7998046875,5037.2001953125,203.0
2026-01-30 05:08:00-05:00,5037.5,5040.60009765625,5027.0,5036.5,311.0
2026-01-30 05:09:00-05:00,5035.89990234375,5049.10009765625,5035.5,5046.60009765625,311.0
2026-01-30 05:10:00-05:00,5046.0,5056.39990234375,5046.0,5052.0,156.0
2026-01-30 05:11:00-05:00,5050.39990234375,5061.2998046875,5050.10009765625,5060.7001953125,267.0
2026-01-30 05:12:00-05:00,5060.0,5063.7001953125,5053.60009765625,5060.5,294.0
2026-01-30 05:13:00-05:00,5060.5,5066.89990234375,5051.7001953125,5065.39990234375,128.0
2026-01-30 05:14:00-05:00,5066.39990234375,5071.10009765625,5064.7998046875,5065.5,205.0
2026-01-30 05:15:00-05:00,5066.2998046875,5071.89990234375,5059.2001953125,5070.7998046875,236.0
2026-01-30 05:16:00-05:00,5069.5,5079.7998046875,5067.89990234375,5074.2001953125,204.0
2026-01-30 05:17:00-05:00,5072.7998046875,5073.39990234375,5063.2001953125,5063.2998046875,203.0
2026-01-30 05:18:00-05:00,5062.39990234375,5072.0,5061.5,5071.2998046875,115.0
2026-01-30 05:19:00-05:00,5071.0,5087.10009765625,5067.89990234375,5085.89990234375,297.0
2026-01-30 05:20:00-05:00,5086.10009765625,5099.10009765625,5083.39990234375,5094.2998046875,444.0
2026-01-30 05:21:00-05:00,5094.2998046875,5095.89990234375,5085.39990234375,5087.0,330.0
2026-01-30 05:22:00-05:00,5088.2001953125,5088.2001953125,5079.0,5080.5,106.0
2026-01-30 05:23:00-05:00,5080.7001953125,5084.5,5074.0,5084.0,169.0
2026-01-30 05:24:00-05:00,5083.2001953125,5091.89990234375,5082.89990234375,5090.5,161.0
2026-01-30 05:25:00-05:00,5090.7998046875,5100.0,5088.89990234375,5095.7001953125,278.0
2026-01-30 05:26:00-05:00,5096.2998046875,5104.0,5093.0,5102.39990234375,171.0
2026-01-30 05:27:00-05:00,5101.10009765625,5104.60009765625,5082.7001953125,5085.7001953125,218.0
2026-01-30 05:28:00-05:00,5084.2998046875,5088.5,5080.39990234375,5086.0,167.0
2026-01-30 05:29:00-05:00,5086.7001953125,5087.5,5078.7001953125,5086.39990234375,111.0
2026-01-30 05:30:00-05:00,5086.39990234375,5090.7998046875,5081.89990234375,5090.7998046875,275.0
2026-01-30 05:31:00-05:00,5091.0,5101.7998046875,5089.5,5099.2998046875,172.0
2026-01-30 05:32:00-05:00,5098.2001953125,5100.2001953125,5092.60009765625,5094.60009765625,167.0
2026-01-30 05:33:00-05:00,5094.60009765625,5096.2001953125,5085.0,5085.0,145.0
2026-01-30 05:34:00-05:00,5084.89990234375,5093.10009765625,5084.89990234375,5092.0,310.0
2026-01-30 05:35:00-05:00,5091.7998046875,5100.7001953125,5091.7998046875,5097.5,220.0
2026-01-30 05:36:00-05:00,5096.7998046875,5097.7001953125,5089.7998046875,5095.7998046875,163.0
2026-01-30 05:37:00-05:00,5094.7998046875,5109.2001953125,5094.60009765625,5106.5,249.0
2026-01-30 05:38:00-05:00,5106.60009765625,5110.0,5100.5,5103.5,373.0
2026-01-30 05:39:00-05:00,5104.2998046875,5112.0,5093.2998046875,5108.2001953125,525.0
2026-01-30 05:40:00-05:00,5107.10009765625,5107.7998046875,5098.89990234375,5102.0,179.0
2026-01-30 05:41:00-05:00,5102.0,5112.0,5097.89990234375,5104.10009765625,289.0
2026-01-30 05:42:00-05:00,5103.89990234375,5111.0,5101.2001953125,5110.2001953125,196.0
2026-01-30 05:43:00-05:00,5110.89990234375,5122.60009765625,5108.7998046875,5113.7001953125,423.0
2026-01-30 05:44:00-05:00,5114.60009765625,5117.7998046875,5096.5,5104.2998046875,364.0
2026-01-30 05:45:00-05:00,5106.2001953125,5111.60009765625,5102.39990234375,5105.10009765625,168.0
2026-01-30 05:46:00-05:00,5105.2998046875,5119.7001953125,5104.2001953125,5116.2998046875,250.0
2026-01-30 05:47:00-05:00,5116.7001953125,5123.39990234375,5113.39990234375,5116.89990234375,331.0
2026-01-30 05:48:00-05:00,5115.5,5115.7998046875,5111.0,5113.39990234375,114.0
2026-01-30 05:49:00-05:00,5115.0,5116.60009765625,5106.2998046875,5111.5,159.0
2026-01-30 05:50:00-05:00,5111.5,5115.7001953125,5110.39990234375,5113.5,120.0
2026-01-30 05:51:00-05:00,5111.7001953125,5116.2001953125,5107.39990234375,5110.60009765625,233.0
2026-01-30 05:52:00-05:00,5111.7998046875,5119.89990234375,5111.7998046875,5116.2001953125,180.0
2026-01-30 05:53:00-05:00,5117.60009765625,5130.89990234375,5117.60009765625,5126.5,410.0
2026-01-30 05:54:00-05:00,5125.0,5128.7998046875,5117.2001953125,5119.39990234375,229.0
2026-01-30 05:55:00-05:00,5118.7998046875,5120.7998046875,5111.7001953125,5112.60009765625,172.0
2026-01-30 05:56:00-05:00,5114.39990234375,5128.60009765625,5113.2998046875,5126.5,203.0
2026-01-30 05:57:00-05:00,5126.5,5131.39990234375,5123.7001953125,5126.5,239.0
2026-01-30 05:58:00-05:00,5126.5,5136.10009765625,5125.0,5134.89990234375,280.0
2026-01-30 05:59:00-05:00,5135.5,5150.2001953125,5134.0,5147.7001953125,465.0
2026-01-30 06:00:00-05:00,5146.0,5148.39990234375,5138.0,5140.2998046875,264.0
2026-01-30 06:01:00-05:00,5139.0,5140.0,5134.0,5137.0,293.0
2026-01-30 06:02:00-05:00,5137.60009765625,5138.2001953125,5126.60009765625,5132.2998046875,218.0
2026-01-30 06:03:00-05:00,5133.0,5133.0,5119.2998046875,5121.7998046875,175.0
2026-01-30 06:04:00-05:00,5120.7001953125,5122.10009765625,5117.7001953125,5121.89990234375,153.0
2026-01-30 06:05:00-05:00,5122.0,5134.7998046875,5122.0,5134.7001953125,244.0
2026-01-30 06:06:00-05:00,5134.10009765625,5139.60009765625,5134.10009765625,5137.0,181.0
2026-01-30 06:07:00-05:00,5136.5,5144.2998046875,5134.89990234375,5140.5,276.0
2026-01-30 06:08:00-05:00,5141.60009765625,5144.0,5135.10009765625,5142.60009765625,198.0
2026-01-30 06:09:00-05:00,5143.7001953125,5143.7998046875,5135.0,5141.0,172.0
2026-01-30 06:10:00-05:00,5141.39990234375,5150.0,5140.60009765625,5149.10009765625,314.0
2026-01-30 06:11:00-05:00,5149.5,5149.89990234375,5142.89990234375,5147.2998046875,201.0
2026-01-30 06:12:00-05:00,5147.2001953125,5150.5,5142.2998046875,5146.39990234375,161.0
2026-01-30 06:13:00-05:00,5146.2998046875,5155.60009765625,5145.60009765625,5151.7998046875,209.0
2026-01-30 06:14:00-05:00,5151.2998046875,5153.0,5144.0,5148.7998046875,299.0
2026-01-30 06:15:00-05:00,5149.10009765625,5155.60009765625,5149.10009765625,5152.60009765625,203.0
2026-01-30 06:16:00-05:00,5153.39990234375,5156.5,5148.0,5151.0,279.0
2026-01-30 06:17:00-05:00,5150.2998046875,5152.39990234375,5143.89990234375,5145.10009765625,190.0
2026-01-30 06:18:00-05:00,5145.0,5145.0,5137.5,5143.7998046875,209.0
2026-01-30 06:19:00-05:00,5143.7001953125,5150.0,5142.5,5149.39990234375,125.0
2026-01-30 06:20:00-05:00,5149.2998046875,5154.2001953125,5148.10009765625,5153.2001953125,110.0
2026-01-30 06:21:00-05:00,5153.7001953125,5156.5,5148.0,5154.5,167.0
2026-01-30 06:22:00-05:00,5155.2001953125,5155.89990234375,5150.0,5152.7001953125,132.0
2026-01-30 06:23:00-05:00,5153.2001953125,5158.39990234375,5153.2001953125,5157.10009765625,279.0
2026-01-30 06:24:00-05:00,5157.10009765625,5158.7001953125,5153.0,5153.10009765625,127.0
2026-01-30 06:25:00-05:00,5154.39990234375,5155.2001953125,5149.0,5154.7001953125,123.0
2026-01-30 06:26:00-05:00,5154.89990234375,5155.5,5145.10009765625,5145.10009765625,108.0
2026-01-30 06:27:00-05:00,5145.7998046875,5145.7998046875,5133.7001953125,5135.7001953125,202.0
2026-01-30 06:28:00-05:00,5135.7998046875,5144.39990234375,5135.10009765625,5143.10009765625,112.0
2026-01-30 06:29:00-05:00,5142.7998046875,5153.7001953125,5142.60009765625,5152.2998046875,168.0
2026-01-30 06:30:00-05:00,5152.7001953125,5155.60009765625,5150.60009765625,5151.60009765625,181.0
2026-01-30 06:31:00-05:00,5151.0,5158.39990234375,5148.7998046875,5151.2001953125,222.0
2026-01-30 06:32:00-05:00,5152.0,5156.89990234375,5150.89990234375,5151.39990234375,205.0
2026-01-30 06:33:00-05:00,5151.7998046875,5159.2998046875,5150.0,5158.10009765625,153.0
2026-01-30 06:34:00-05:00,5157.7998046875,5158.2001953125,5152.0,5155.2001953125,150.0
2026-01-30 06:35:00-05:00,5156.0,5159.2001953125,5155.7001953125,5157.7998046875,120.0
2026-01-30 06:36:00-05:00,5157.89990234375,5160.0,5155.10009765625,5155.39990234375,267.0
2026-01-30 06:37:00-05:00,5156.2001953125,5158.10009765625,5152.5,5153.7001953125,124.0
2026-01-30 06:38:00-05:00,5153.89990234375,5158.89990234375,5153.2001953125,5156.89990234375,111.0
2026-01-30 06:39:00-05:00,5156.7998046875,5159.10009765625,5155.7001953125,5155.7001953125,125.0
2026-01-30 06:40:00-05:00,5156.7001953125,5158.10009765625,5154.89990234375,5156.0,68.0
2026-01-30 06:41:00-05:00,5155.7001953125,5164.0,5155.7001953125,5163.5,418.0
2026-01-30 06:42:00-05:00,5164.0,5165.39990234375,5162.2998046875,5164.2998046875,166.0
2026-01-30 06:43:00-05:00,5164.2998046875,5166.0,5163.5,5164.2998046875,189.0
2026-01-30 06:44:00-05:00,5162.39990234375,5162.39990234375,5146.0,5148.5,327.0
2026-01-30 06:45:00-05:00,5149.2998046875,5149.2998046875,5135.39990234375,5137.0,304.0
2026-01-30 06:46:00-05:00,5136.5,5145.7001953125,5136.2998046875,5138.39990234375,250.0
2026-01-30 06:47:00-05:00,5137.39990234375,5138.60009765625,5129.7998046875,5138.60009765625,324.0
2026-01-30 06:48:00-05:00,5138.2001953125,5143.0,5117.60009765625,5121.2001953125,412.0
2026-01-30 06:49:00-05:00,5119.10009765625,5129.39990234375,5114.7001953125,5125.10009765625,417.0
2026-01-30 06:50:00-05:00,5124.0,5136.0,5123.39990234375,5132.60009765625,300.0
2026-01-30 06:51:00-05:00,5133.2998046875,5136.0,5128.39990234375,5129.2998046875,210.0
2026-01-30 06:52:00-05:00,5128.5,5129.60009765625,5121.2998046875,5129.2998046875,265.0
2026-01-30 06:53:00-05:00,5128.89990234375,5144.10009765625,5128.2998046875,5142.89990234375,325.0
2026-01-30 06:54:00-05:00,5141.10009765625,5149.2001953125,5140.89990234375,5147.39990234375,147.0
2026-01-30 06:55:00-05:00,5146.60009765625,5158.2998046875,5146.60009765625,5155.0,392.0
2026-01-30 06:56:00-05:00,5154.5,5167.5,5154.5,5167.0,342.0
2026-01-30 06:57:00-05:00,5166.89990234375,5173.2998046875,5166.89990234375,5170.7998046875,443.0
2026-01-30 06:58:00-05:00,5171.89990234375,5173.89990234375,5158.2001953125,5160.0,469.0
2026-01-30 06:59:00-05:00,5160.7998046875,5166.89990234375,5158.89990234375,5164.7001953125,237.0
2026-01-30 07:00:00-05:00,5165.2998046875,5174.5,5160.60009765625,5174.5,342.0
2026-01-30 07:01:00-05:00,5174.2001953125,5175.60009765625,5164.7001953125,5164.7001953125,289.0
2026-01-30 07:02:00-05:00,5164.89990234375,5172.0,5164.7998046875,5171.2001953125,231.0
2026-01-30 07:03:00-05:00,5170.39990234375,5170.5,5164.2001953125,5164.2001953125,157.0
2026-01-30 07:04:00-05:00,5165.0,5166.2001953125,5155.2001953125,5160.7001953125,250.0
2026-01-30 07:05:00-05:00,5160.7001953125,5163.89990234375,5158.7001953125,5160.2001953125,99.0
2026-01-30 07:06:00-05:00,5160.0,5160.7001953125,5153.60009765625,5154.0,253.0
2026-01-30 07:07:00-05:00,5154.5,5154.89990234375,5149.89990234375,5151.10009765625,304.0
2026-01-30 07:08:00-05:00,5151.2001953125,5158.10009765625,5151.2001953125,5155.39990234375,165.0
2026-01-30 07:09:00-05:00,5154.60009765625,5161.0,5154.10009765625,5157.60009765625,98.0
2026-01-30 07:10:00-05:00,5157.7998046875,5162.39990234375,5157.0,5159.5,176.0
2026-01-30 07:11:00-05:00,5158.60009765625,5159.2001953125,5154.39990234375,5158.60009765625,128.0
2026-01-30 07:12:00-05:00,5158.7001953125,5165.2998046875,5158.7001953125,5165.2998046875,66.0
2026-01-30 07:13:00-05:00,5163.89990234375,5166.89990234375,5158.0,5160.2001953125,105.0
2026-01-30 07:14:00-05:00,5159.39990234375,5162.7998046875,5156.60009765625,5158.10009765625,72.0
2026-01-30 07:15:00-05:00,5158.60009765625,5165.89990234375,5157.7998046875,5165.5,118.0
2026-01-30 07:16:00-05:00,5164.5,5169.60009765625,5162.7001953125,5165.0,140.0
2026-01-30 07:17:00-05:00,5163.89990234375,5163.89990234375,5156.2998046875,5158.2001953125,106.0
2026-01-30 07:18:00-05:00,5158.39990234375,5159.39990234375,5151.2998046875,5151.2998046875,193.0
2026-01-30 07:19:00-05:00,5151.0,5152.7998046875,5143.0,5149.60009765625,301.0
2026-01-30 07:20:00-05:00,5148.39990234375,5153.7998046875,5145.0,5152.5,106.0
2026-01-30 07:21:00-05:00,5152.7001953125,5156.0,5149.2001953125,5153.39990234375,140.0
2026-01-30 07:22:00-05:00,5153.5,5164.2001953125,5153.5,5161.2998046875,222.0
2026-01-30 07:23:00-05:00,5160.39990234375,5161.60009765625,5154.89990234375,5156.2998046875,69.0
2026-01-30 07:24:00-05:00,5156.10009765625,5157.89990234375,5153.10009765625,5154.5,67.0
2026-01-30 07:25:00-05:00,5154.5,5157.89990234375,5146.5,5148.7001953125,138.0
2026-01-30 07:26:00-05:00,5149.7998046875,5152.7998046875,5148.60009765625,5150.2998046875,95.0
2026-01-30 07:27:00-05:00,5149.5,5149.5,5138.39990234375,5140.5,221.0
2026-01-30 07:28:00-05:00,5140.7001953125,5145.10009765625,5140.10009765625,5144.0,126.0
2026-01-30 07:29:00-05:00,5144.60009765625,5151.7998046875,5144.60009765625,5149.10009765625,156.0
2026-01-30 07:30:00-05:00,5149.2001953125,5158.0,5149.2001953125,5157.7001953125,145.0
2026-01-30 07:31:00-05:00,5156.7998046875,5165.39990234375,5156.7001953125,5162.7998046875,237.0
2026-01-30 07:32:00-05:00,5161.7998046875,5164.2998046875,5160.7998046875,5163.60009765625,94.0
2026-01-30 07:33:00-05:00,5164.0,5164.0,5152.7998046875,5154.2001953125,134.0
2026-01-30 07:34:00-05:00,5154.10009765625,5154.10009765625,5146.10009765625,5148.7001953125,131.0
2026-01-30 07:35:00-05:00,5149.2001953125,5150.2998046875,5143.5,5145.89990234375,118.0
2026-01-30 07:36:00-05:00,5147.60009765625,5150.60009765625,5143.0,5144.2001953125,91.0
2026-01-30 07:37:00-05:00,5143.89990234375,5143.89990234375,5131.5,5136.10009765625,315.0
2026-01-30 07:38:00-05:00,5136.89990234375,5141.7001953125,5133.7998046875,5141.2001953125,147.0
2026-01-30 07:39:00-05:00,5142.2998046875,5143.7001953125,5136.2001953125,5139.7998046875,102.0
2026-01-30 07:40:00-05:00,5140.10009765625,5146.0,5138.5,5142.2998046875,99.0
2026-01-30 07:41:00-05:00,5142.7998046875,5146.10009765625,5138.2001953125,5143.39990234375,102.0
2026-01-30 07:42:00-05:00,5142.7001953125,5145.7001953125,5138.60009765625,5144.2001953125,116.0
2026-01-30 07:43:00-05:00,5143.2998046875,5146.60009765625,5140.39990234375,5145.60009765625,83.0
2026-01-30 07:44:00-05:00,5145.0,5146.10009765625,5141.2001953125,5142.7998046875,88.0
2026-01-30 07:45:00-05:00,5142.7998046875,5145.2001953125,5120.0,5128.7998046875,409.0
2026-01-30 07:46:00-05:00,5130.0,5130.0,5105.2001953125,5107.7001953125,868.0
2026-01-30 07:47:00-05:00,5108.60009765625,5113.89990234375,5090.0,5102.5,1028.0
2026-01-30 07:48:00-05:00,5102.10009765625,5108.7001953125,5093.5,5098.2001953125,407.0
2026-01-30 07:49:00-05:00,5098.0,5102.89990234375,5082.7001953125,5095.2998046875,929.0
2026-01-30 07:50:00-05:00,5094.2001953125,5112.7001953125,5094.2001953125,5103.7998046875,433.0
2026-01-30 07:51:00-05:00,5105.89990234375,5111.7998046875,5102.10009765625,5111.7998046875,257.0
2026-01-30 07:52:00-05:00,5110.89990234375,5118.10009765625,5103.7998046875,5112.2001953125,269.0
2026-01-30 07:53:00-05:00,5112.2001953125,5120.2001953125,5109.2001953125,5116.39990234375,164.0
2026-01-30 07:54:00-05:00,5116.7001953125,5126.60009765625,5112.2998046875,5119.39990234375,373.0
2026-01-30 07:55:00-05:00,5119.0,5119.0,5108.7998046875,5112.10009765625,261.0
2026-01-30 07:56:00-05:00,5111.2998046875,5123.60009765625,5105.39990234375,5120.89990234375,309.0
2026-01-30 07:57:00-05:00,5122.10009765625,5122.7998046875,5111.60009765625,5114.89990234375,275.0
2026-01-30 07:58:00-05:00,5115.60009765625,5116.0,5097.7001953125,5098.2001953125,242.0
2026-01-30 07:59:00-05:00,5097.7001953125,5100.2998046875,5082.60009765625,5092.0,399.0
2026-01-30 08:00:00-05:00,5093.10009765625,5113.5,5081.7001953125,5088.5,1063.0
2026-01-30 08:01:00-05:00,5087.2001953125,5104.10009765625,5085.2001953125,5092.2001953125,565.0
2026-01-30 08:02:00-05:00,5091.7001953125,5119.39990234375,5089.7998046875,5115.7001953125,559.0
2026-01-30 08:03:00-05:00,5114.7998046875,5120.2001953125,5105.5,5112.89990234375,554.0
2026-01-30 08:04:00-05:00,5114.5,5127.7998046875,5112.39990234375,5125.0,316.0
2026-01-30 08:05:00-05:00,5125.10009765625,5125.10009765625,5109.5,5114.60009765625,291.0
2026-01-30 08:06:00-05:00,5114.0,5119.0,5101.39990234375,5111.2001953125,493.0
2026-01-30 08:07:00-05:00,5112.2001953125,5112.89990234375,5094.0,5108.10009765625,472.0
2026-01-30 08:08:00-05:00,5107.89990234375,5110.7998046875,5098.7998046875,5101.7998046875,186.0
2026-01-30 08:09:00-05:00,5102.39990234375,5111.60009765625,5099.0,5109.89990234375,410.0
2026-01-30 08:10:00-05:00,5109.2998046875,5114.89990234375,5105.89990234375,5113.0,261.0
2026-01-30 08:11:00-05:00,5112.7998046875,5118.0,5109.5,5112.2001953125,286.0
2026-01-30 08:12:00-05:00,5112.5,5119.5,5107.7001953125,5119.5,141.0
2026-01-30 08:13:00-05:00,5119.7998046875,5120.5,5110.0,5113.89990234375,155.0
2026-01-30 08:14:00-05:00,5112.10009765625,5121.60009765625,5102.0,5104.2001953125,282.0
2026-01-30 08:15:00-05:00,5103.7001953125,5103.7001953125,5094.7998046875,5097.10009765625,205.0
2026-01-30 08:16:00-05:00,5097.39990234375,5097.7001953125,5086.0,5090.5,248.0
2026-01-30 08:17:00-05:00,5090.39990234375,5096.5,5088.2998046875,5088.89990234375,205.0
2026-01-30 08:18:00-05:00,5087.7001953125,5095.0,5076.0,5093.5,378.0
2026-01-30 08:19:00-05:00,5092.7001953125,5106.0,5092.60009765625,5103.60009765625,217.0
2026-01-30 08:20:00-05:00,5102.89990234375,5103.0,5092.60009765625,5095.2001953125,314.0
2026-01-30 08:21:00-05:00,5093.60009765625,5094.5,5083.7001953125,5088.0,206.0
2026-01-30 08:22:00-05:00,5087.2001953125,5090.5,5083.2001953125,5084.5,174.0
2026-01-30 08:23:00-05:00,5084.10009765625,5084.10009765625,5054.2001953125,5057.10009765625,901.0
2026-01-30 08:24:00-05:00,5057.2001953125,5060.0,5046.60009765625,5054.39990234375,905.0
2026-01-30 08:25:00-05:00,5054.2001953125,5057.89990234375,5040.10009765625,5049.60009765625,871.0
2026-01-30 08:26:00-05:00,5049.7998046875,5060.0,5048.7001953125,5058.2001953125,551.0
2026-01-30 08:27:00-05:00,5059.39990234375,5068.5,5057.39990234375,5059.5,453.0
2026-01-30 08:28:00-05:00,5059.2001953125,5065.0,5053.39990234375,5063.39990234375,223.0
2026-01-30 08:29:00-05:00,5062.89990234375,5064.10009765625,5053.5,5054.7001953125,193.0
2026-01-30 08:30:00-05:00,5058.5,5060.7001953125,5040.2998046875,5041.7001953125,830.0
2026-01-30 08:31:00-05:00,5042.5,5059.10009765625,5038.10009765625,5056.39990234375,751.0
2026-01-30 08:32:00-05:00,5056.7001953125,5058.39990234375,5045.89990234375,5052.89990234375,349.0
2026-01-30 08:33:00-05:00,5053.2998046875,5063.2998046875,5053.2998046875,5059.2001953125,325.0
2026-01-30 08:34:00-05:00,5058.5,5065.0,5052.2001953125,5061.2001953125,251.0
2026-01-30 08:35:00-05:00,5061.89990234375,5076.7001953125,5059.60009765625,5071.7998046875,393.0
2026-01-30 08:36:00-05:00,5071.0,5072.89990234375,5056.10009765625,5059.2998046875,314.0
2026-01-30 08:37:00-05:00,5059.60009765625,5067.89990234375,5053.7001953125,5064.5,262.0
2026-01-30 08:38:00-05:00,5065.2998046875,5066.7001953125,5056.0,5064.7998046875,190.0
2026-01-30 08:39:00-05:00,5064.7001953125,5065.2001953125,5053.0,5063.0,202.0
2026-01-30 08:40:00-05:00,5064.0,5071.60009765625,5058.2001953125,5060.5,282.0
2026-01-30 08:41:00-05:00,5062.5,5066.2001953125,5055.5,5064.2998046875,176.0
2026-01-30 08:42:00-05:00,5065.0,5067.5,5056.60009765625,5061.10009765625,229.0
2026-01-30 08:43:00-05:00,5062.0,5075.2998046875,5062.0,5074.39990234375,231.0
2026-01-30 08:44:00-05:00,5073.89990234375,5074.2001953125,5064.7998046875,5064.89990234375,234.0
2026-01-30 08:45:00-05:00,5064.60009765625,5064.60009765625,5052.60009765625,5053.7001953125,359.0
2026-01-30 08:46:00-05:00,5053.7001953125,5058.7998046875,5046.10009765625,5050.2998046875,381.0
2026-01-30 08:47:00-05:00,5050.10009765625,5055.2998046875,5030.2998046875,5035.0,549.0
2026-01-30 08:48:00-05:00,5033.10009765625,5046.2998046875,5032.7001953125,5044.7998046875,389.0
2026-01-30 08:49:00-05:00,5044.10009765625,5044.10009765625,5021.0,5022.0,741.0
2026-01-30 08:50:00-05:00,5021.39990234375,5029.2001953125,5018.2998046875,5028.39990234375,602.0
2026-01-30 08:51:00-05:00,5028.2998046875,5038.7998046875,5026.2998046875,5037.7998046875,586.0
2026-01-30 08:52:00-05:00,5036.2998046875,5038.2998046875,5024.60009765625,5036.2001953125,331.0
2026-01-30 08:53:00-05:00,5035.2001953125,5038.2998046875,5025.7998046875,5028.89990234375,312.0
2026-01-30 08:54:00-05:00,5029.10009765625,5035.2001953125,5027.0,5033.89990234375,234.0
2026-01-30 08:55:00-05:00,5033.7001953125,5039.60009765625,5029.7001953125,5038.5,320.0
2026-01-30 08:56:00-05:00,5038.2001953125,5043.10009765625,5028.0,5030.7001953125,321.0
2026-01-30 08:57:00-05:00,5030.5,5035.10009765625,5028.0,5034.10009765625,235.0
2026-01-30 08:58:00-05:00,5033.7001953125,5039.39990234375,5032.7001953125,5038.39990234375,236.0
2026-01-30 08:59:00-05:00,5038.89990234375,5049.2998046875,5038.89990234375,5045.60009765625,352.0
2026-01-30 09:00:00-05:00,5046.7001953125,5058.0,5044.39990234375,5054.60009765625,529.0
2026-01-30 09:01:00-05:00,5054.7998046875,5084.7998046875,5054.5,5082.0,920.0
2026-01-30 09:02:00-05:00,5082.60009765625,5084.2998046875,5073.5,5083.39990234375,449.0
2026-01-30 09:03:00-05:00,5083.60009765625,5092.0,5080.2001953125,5088.7998046875,553.0
2026-01-30 09:04:00-05:00,5088.0,5095.2998046875,5084.0,5086.2998046875,537.0
2026-01-30 09:05:00-05:00,5085.39990234375,5101.0,5082.7998046875,5099.89990234375,526.0
2026-01-30 09:06:00-05:00,5099.2998046875,5100.0,5082.0,5088.0,421.0
2026-01-30 09:07:00-05:00,5088.0,5088.89990234375,5076.2001953125,5077.7001953125,367.0
2026-01-30 09:08:00-05:00,5079.39990234375,5080.2998046875,5072.5,5075.60009765625,241.0
2026-01-30 09:09:00-05:00,5074.2001953125,5088.89990234375,5070.0,5087.10009765625,328.0
2026-01-30 09:10:00-05:00,5086.7998046875,5088.10009765625,5079.2001953125,5083.10009765625,217.0
2026-01-30 09:11:00-05:00,5083.2998046875,5086.7998046875,5076.7998046875,5078.5,242.0
2026-01-30 09:12:00-05:00,5078.10009765625,5079.2001953125,5069.0,5069.7998046875,217.0
2026-01-30 09:13:00-05:00,5069.60009765625,5085.0,5069.2998046875,5080.5,319.0
2026-01-30 09:14:00-05:00,5080.89990234375,5084.89990234375,5080.0,5080.10009765625,204.0
2026-01-30 09:15:00-05:00,5080.60009765625,5087.0,5075.39990234375,5083.2998046875,227.0
2026-01-30 09:16:00-05:00,5083.39990234375,5086.7001953125,5075.7001953125,5086.7001953125,181.0
2026-01-30 09:17:00-05:00,5086.2998046875,5086.2998046875,5078.39990234375,5085.0,212.0
2026-01-30 09:18:00-05:00,5085.39990234375,5088.0,5068.10009765625,5076.2001953125,262.0
2026-01-30 09:19:00-05:00,5076.39990234375,5087.5,5076.39990234375,5082.0,260.0
2026-01-30 09:20:00-05:00,5082.10009765625,5082.60009765625,5074.5,5079.7998046875,186.0
2026-01-30 09:21:00-05:00,5079.39990234375,5100.39990234375,5079.39990234375,5098.2998046875,451.0
2026-01-30 09:22:00-05:00,5098.39990234375,5109.10009765625,5097.5,5102.89990234375,718.0
2026-01-30 09:23:00-05:00,5103.5,5115.60009765625,5102.0,5106.0,517.0
2026-01-30 09:24:00-05:00,5105.89990234375,5106.89990234375,5094.0,5097.7001953125,385.0
2026-01-30 09:25:00-05:00,5097.5,5098.0,5092.2998046875,5092.89990234375,196.0
2026-01-30 09:26:00-05:00,5093.2998046875,5097.10009765625,5088.7998046875,5090.10009765625,275.0
2026-01-30 09:27:00-05:00,5090.10009765625,5103.5,5090.10009765625,5096.89990234375,315.0
2026-01-30 09:28:00-05:00,5098.2001953125,5105.0,5094.7001953125,5095.39990234375,161.0
2026-01-30 09:29:00-05:00,5096.7001953125,5100.89990234375,5093.2001953125,5100.0,288.0
2026-01-30 09:30:00-05:00,5099.7998046875,5106.39990234375,5083.0,5101.7001953125,740.0
2026-01-30 09:31:00-05:00,5101.60009765625,5116.0,5085.60009765625,5115.60009765625,754.0
2026-01-30 09:32:00-05:00,5115.60009765625,5122.0,5110.39990234375,5118.5,640.0
2026-01-30 09:33:00-05:00,5118.2998046875,5134.10009765625,5118.2998046875,5134.0,824.0
2026-01-30 09:34:00-05:00,5134.2001953125,5142.2998046875,5132.2998046875,5136.0,834.0
2026-01-30 09:35:00-05:00,5135.7998046875,5140.0,5121.89990234375,5128.2001953125,626.0
2026-01-30 09:36:00-05:00,5127.7001953125,5128.7998046875,5109.39990234375,5115.89990234375,864.0
2026-01-30 09:37:00-05:00,5114.7001953125,5123.60009765625,5106.2998046875,5122.60009765625,697.0
2026-01-30 09:38:00-05:00,5121.10009765625,5126.7001953125,5111.10009765625,5117.39990234375,469.0
2026-01-30 09:39:00-05:00,5115.89990234375,5123.7001953125,5110.7001953125,5122.7001953125,327.0
2026-01-30 09:40:00-05:00,5122.7001953125,5123.7998046875,5112.39990234375,5122.0,244.0
2026-01-30 09:41:00-05:00,5120.60009765625,5123.60009765625,5113.5,5117.0,172.0
2026-01-30 09:42:00-05:00,5115.10009765625,5124.0,5092.7001953125,5098.10009765625,557.0
2026-01-30 09:43:00-05:00,5099.10009765625,5115.60009765625,5095.2001953125,5113.2998046875,383.0
2026-01-30 09:44:00-05:00,5113.2998046875,5119.39990234375,5107.5,5109.5,215.0
2026-01-30 09:45:00-05:00,5109.60009765625,5117.7998046875,5106.7998046875,5108.7001953125,271.0
2026-01-30 09:46:00-05:00,5108.7001953125,5117.5,5108.7001953125,5111.10009765625,349.0
2026-01-30 09:47:00-05:00,5111.2998046875,5115.2998046875,5105.0,5110.89990234375,220.0
2026-01-30 09:48:00-05:00,5109.5,5115.0,5098.0,5113.7001953125,388.0
2026-01-30 09:49:00-05:00,5113.39990234375,5119.0,5113.10009765625,5116.60009765625,372.0
2026-01-30 09:50:00-05:00,5118.39990234375,5125.2998046875,5115.89990234375,5117.39990234375,691.0
2026-01-30 09:51:00-05:00,5117.7001953125,5123.5,5114.60009765625,5115.89990234375,647.0
2026-01-30 09:52:00-05:00,5115.5,5116.2001953125,5098.39990234375,5106.2001953125,505.0
2026-01-30 09:53:00-05:00,5105.7001953125,5105.7001953125,5092.7998046875,5096.2001953125,823.0
2026-01-30 09:54:00-05:00,5096.0,5096.7001953125,5071.0,5076.39990234375,1251.0
2026-01-30 09:55:00-05:00,5077.7001953125,5078.0,5060.7998046875,5073.2998046875,1205.0
2026-01-30 09:56:00-05:00,5072.0,5083.39990234375,5056.2998046875,5059.7001953125,1225.0
2026-01-30 09:57:00-05:00,5059.2001953125,5067.2001953125,5047.0,5052.0,1203.0
2026-01-30 09:58:00-05:00,5052.39990234375,5059.7001953125,5039.60009765625,5052.60009765625,1097.0
2026-01-30 09:59:00-05:00,5052.2998046875,5064.89990234375,5052.2998046875,5061.0,691.0
2026-01-30 10:00:00-05:00,5059.7001953125,5063.2998046875,5040.0,5043.89990234375,873.0
2026-01-30 10:01:00-05:00,5044.0,5045.5,5012.2001953125,5031.0,1960.0
2026-01-30 10:02:00-05:00,5031.7001953125,5037.7998046875,5006.2998046875,5017.5,1526.0
2026-01-30 10:03:00-05:00,5017.89990234375,5030.5,5009.89990234375,5019.2998046875,1047.0
2026-01-30 10:04:00-05:00,5018.89990234375,5028.0,5007.60009765625,5012.39990234375,984.0
2026-01-30 10:05:00-05:00,5012.7001953125,5030.2998046875,5006.39990234375,5022.60009765625,828.0
2026-01-30 10:06:00-05:00,5023.10009765625,5034.10009765625,5018.60009765625,5031.7998046875,885.0
2026-01-30 10:07:00-05:00,5031.2001953125,5041.7998046875,5030.10009765625,5039.7998046875,1478.0
2026-01-30 10:08:00-05:00,5039.39990234375,5041.39990234375,5016.0,5022.60009765625,1001.0
2026-01-30 10:09:00-05:00,5022.60009765625,5030.2998046875,5008.5,5027.89990234375,1317.0
2026-01-30 10:10:00-05:00,5027.60009765625,5040.60009765625,5025.10009765625,5038.2998046875,476.0
2026-01-30 10:11:00-05:00,5037.89990234375,5069.7998046875,5037.2001953125,5063.60009765625,1245.0
2026-01-30 10:12:00-05:00,5063.7001953125,5071.39990234375,5056.7001953125,5061.7001953125,689.0
2026-01-30 10:13:00-05:00,5063.10009765625,5073.5,5060.5,5061.7001953125,400.0
2026-01-30 10:14:00-05:00,5062.5,5063.0,5052.5,5054.60009765625,397.0
2026-01-30 10:15:00-05:00,5053.60009765625,5065.89990234375,5053.5,5062.10009765625,344.0
2026-01-30 10:16:00-05:00,5062.60009765625,5078.2001953125,5061.39990234375,5069.89990234375,723.0
2026-01-30 10:17:00-05:00,5071.5,5078.39990234375,5070.2998046875,5076.10009765625,360.0
2026-01-30 10:18:00-05:00,5076.2998046875,5088.0,5076.2998046875,5082.2998046875,766.0
2026-01-30 10:19:00-05:00,5083.2998046875,5083.2998046875,5069.5,5076.7001953125,443.0
2026-01-30 10:20:00-05:00,5077.60009765625,5078.2001953125,5070.0,5072.7998046875,321.0
2026-01-30 10:21:00-05:00,5072.7001953125,5079.2001953125,5066.0,5072.2001953125,478.0
2026-01-30 10:22:00-05:00,5071.2998046875,5081.10009765625,5068.39990234375,5076.39990234375,360.0
2026-01-30 10:23:00-05:00,5077.60009765625,5085.2998046875,5075.60009765625,5081.7998046875,341.0
2026-01-30 10:24:00-05:00,5081.10009765625,5083.2998046875,5063.89990234375,5067.5,331.0
2026-01-30 10:25:00-05:00,5066.60009765625,5070.60009765625,5058.2001953125,5062.10009765625,376.0
2026-01-30 10:26:00-05:00,5061.60009765625,5073.0,5058.0,5071.89990234375,479.0
2026-01-30 10:27:00-05:00,5072.2001953125,5078.7001953125,5068.2001953125,5068.7001953125,465.0
2026-01-30 10:28:00-05:00,5068.5,5072.2998046875,5064.2001953125,5072.2001953125,202.0
2026-01-30 10:29:00-05:00,5071.2001953125,5079.10009765625,5069.89990234375,5073.5,260.0
2026-01-30 10:30:00-05:00,5073.0,5081.10009765625,5068.0,5080.2998046875,395.0
2026-01-30 10:31:00-05:00,5079.2998046875,5084.39990234375,5073.2001953125,5074.10009765625,461.0
2026-01-30 10:32:00-05:00,5074.39990234375,5081.39990234375,5068.0,5076.0,408.0
2026-01-30 10:33:00-05:00,5077.5,5079.0,5066.39990234375,5073.39990234375,289.0
2026-01-30 10:34:00-05:00,5072.2998046875,5077.89990234375,5068.0,5073.7998046875,165.0
2026-01-30 10:35:00-05:00,5074.2998046875,5092.10009765625,5074.2998046875,5088.39990234375,526.0
2026-01-30 10:36:00-05:00,5088.7001953125,5097.2001953125,5086.0,5086.0,506.0
2026-01-30 10:37:00-05:00,5085.89990234375,5094.0,5083.0,5086.39990234375,224.0
2026-01-30 10:38:00-05:00,5088.10009765625,5091.89990234375,5080.7001953125,5081.2998046875,261.0
2026-01-30 10:39:00-05:00,5081.0,5090.0,5077.5,5085.7998046875,373.0
2026-01-30 10:40:00-05:00,5086.39990234375,5093.0,5086.0,5091.7998046875,277.0
2026-01-30 10:41:00-05:00,5092.39990234375,5095.2998046875,5088.39990234375,5091.39990234375,544.0
2026-01-30 10:42:00-05:00,5091.60009765625,5103.0,5089.2998046875,5089.2998046875,380.0
2026-01-30 10:43:00-05:00,5090.7001953125,5096.89990234375,5088.7998046875,5095.10009765625,324.0
2026-01-30 10:44:00-05:00,5095.60009765625,5097.7998046875,5083.2001953125,5086.60009765625,397.0
2026-01-30 10:45:00-05:00,5088.0,5094.2001953125,5087.2001953125,5089.0,406.0
2026-01-30 10:46:00-05:00,5089.89990234375,5092.10009765625,5076.0,5082.89990234375,408.0
2026-01-30 10:47:00-05:00,5082.39990234375,5089.0,5080.10009765625,5087.0,234.0
2026-01-30 10:48:00-05:00,5086.7998046875,5091.0,5082.5,5088.7998046875,153.0
2026-01-30 10:49:00-05:00,5089.5,5094.60009765625,5085.7998046875,5090.89990234375,164.0
2026-01-30 10:50:00-05:00,5091.10009765625,5099.7001953125,5090.39990234375,5098.60009765625,188.0
2026-01-30 10:51:00-05:00,5098.7998046875,5104.0,5092.0,5093.10009765625,276.0
2026-01-30 10:52:00-05:00,5093.60009765625,5094.60009765625,5083.39990234375,5084.2001953125,197.0
2026-01-30 10:53:00-05:00,5083.39990234375,5088.10009765625,5079.39990234375,5086.2998046875,293.0
2026-01-30 10:54:00-05:00,5086.2998046875,5086.2998046875,5066.39990234375,5070.7001953125,1025.0
2026-01-30 10:55:00-05:00,5070.5,5079.2001953125,5068.5,5078.0,311.0
2026-01-30 10:56:00-05:00,5078.0,5083.0,5074.0,5082.0,179.0
2026-01-30 10:57:00-05:00,5081.2001953125,5082.5,5070.60009765625,5074.89990234375,249.0
2026-01-30 10:58:00-05:00,5075.89990234375,5082.10009765625,5072.60009765625,5080.60009765625,218.0
2026-01-30 10:59:00-05:00,5080.7998046875,5086.5,5077.0,5078.7998046875,422.0
2026-01-30 11:00:00-05:00,5079.2998046875,5080.7001953125,5073.7001953125,5078.39990234375,256.0
2026-01-30 11:01:00-05:00,5078.7001953125,5080.2998046875,5070.89990234375,5075.2001953125,173.0
2026-01-30 11:02:00-05:00,5073.2998046875,5073.5,5061.5,5064.2998046875,456.0
2026-01-30 11:03:00-05:00,5064.7998046875,5065.0,5055.0,5056.2001953125,469.0
2026-01-30 11:04:00-05:00,5055.7001953125,5061.39990234375,5050.2001953125,5051.60009765625,349.0
2026-01-30 11:05:00-05:00,5050.7001953125,5059.7001953125,5048.7998046875,5059.7001953125,324.0
2026-01-30 11:06:00-05:00,5058.5,5065.0,5054.7001953125,5064.0,250.0
2026-01-30 11:07:00-05:00,5064.7001953125,5065.5,5057.5,5058.2001953125,182.0
2026-01-30 11:08:00-05:00,5057.5,5062.2001953125,5055.7001953125,5059.39990234375,233.0
2026-01-30 11:09:00-05:00,5058.39990234375,5063.7001953125,5055.2001953125,5061.7998046875,242.0
2026-01-30 11:10:00-05:00,5060.0,5064.5,5052.7001953125,5054.39990234375,194.0
2026-01-30 11:11:00-05:00,5054.0,5054.89990234375,5048.0,5049.0,277.0
2026-01-30 11:12:00-05:00,5048.0,5057.2001953125,5043.2001953125,5055.89990234375,497.0
2026-01-30 11:13:00-05:00,5055.2998046875,5057.89990234375,5049.10009765625,5056.5,208.0
2026-01-30 11:14:00-05:00,5055.5,5063.2998046875,5054.0,5057.10009765625,289.0
2026-01-30 11:15:00-05:00,5058.5,5064.2001953125,5056.39990234375,5060.10009765625,199.0
2026-01-30 11:16:00-05:00,5059.89990234375,5061.39990234375,5050.39990234375,5053.7998046875,338.0
2026-01-30 11:17:00-05:00,5053.89990234375,5055.2998046875,5040.7998046875,5043.0,349.0
2026-01-30 11:18:00-05:00,5043.89990234375,5044.5,5032.0,5037.10009765625,697.0
2026-01-30 11:19:00-05:00,5037.7001953125,5040.0,5032.5,5039.5,320.0
2026-01-30 11:20:00-05:00,5040.2001953125,5048.0,5032.5,5046.2998046875,398.0
2026-01-30 11:21:00-05:00,5045.7001953125,5046.7998046875,5028.60009765625,5029.60009765625,289.0
2026-01-30 11:22:00-05:00,5029.2998046875,5033.60009765625,5022.0,5032.39990234375,568.0
2026-01-30 11:23:00-05:00,5032.0,5037.10009765625,5021.2998046875,5032.89990234375,386.0
2026-01-30 11:24:00-05:00,5031.89990234375,5032.5,5015.0,5019.7001953125,447.0
2026-01-30 11:25:00-05:00,5020.7998046875,5030.2998046875,5012.0,5030.2998046875,810.0
2026-01-30 11:26:00-05:00,5031.2998046875,5038.7001953125,5025.60009765625,5033.2998046875,426.0
2026-01-30 11:27:00-05:00,5033.2998046875,5035.0,5026.5,5033.5,186.0
2026-01-30 11:28:00-05:00,5032.89990234375,5040.0,5026.10009765625,5027.60009765625,386.0
2026-01-30 11:29:00-05:00,5027.5,5029.60009765625,5021.10009765625,5023.0,530.0
2026-01-30 11:30:00-05:00,5023.5,5031.7001953125,5020.0,5029.39990234375,257.0
2026-01-30 11:31:00-05:00,5028.39990234375,5033.2998046875,5024.60009765625,5032.5,245.0
2026-01-30 11:32:00-05:00,5033.7998046875,5045.0,5032.2998046875,5043.5,351.0
2026-01-30 11:33:00-05:00,5043.0,5043.10009765625,5023.7001953125,5027.10009765625,485.0
2026-01-30 11:34:00-05:00,5026.7998046875,5027.0,5009.10009765625,5013.60009765625,1148.0
2026-01-30 11:35:00-05:00,5012.89990234375,5013.7998046875,4990.39990234375,4995.39990234375,1424.0
2026-01-30 11:36:00-05:00,4993.7001953125,5003.89990234375,4984.10009765625,4994.7998046875,1045.0
2026-01-30 11:37:00-05:00,4993.10009765625,5001.2998046875,4987.2998046875,4999.2001953125,434.0
2026-01-30 11:38:00-05:00,5001.0,5009.0,4996.2998046875,5004.7001953125,541.0
2026-01-30 11:39:00-05:00,5004.60009765625,5011.0,4997.5,4999.60009765625,482.0
2026-01-30 11:40:00-05:00,4999.2001953125,5021.60009765625,4998.7998046875,5021.60009765625,368.0
2026-01-30 11:41:00-05:00,5021.10009765625,5023.39990234375,5011.2998046875,5020.7001953125,343.0
2026-01-30 11:42:00-05:00,5020.7001953125,5034.7001953125,5017.7001953125,5030.0,543.0
2026-01-30 11:43:00-05:00,5029.39990234375,5040.7001953125,5025.7001953125,5037.0,524.0
2026-01-30 11:44:00-05:00,5036.0,5042.60009765625,5031.2001953125,5036.5,278.0
2026-01-30 11:45:00-05:00,5036.2001953125,5041.39990234375,5023.0,5029.10009765625,1042.0
2026-01-30 11:46:00-05:00,5030.7001953125,5032.89990234375,5019.5,5032.2998046875,421.0
2026-01-30 11:47:00-05:00,5034.0,5034.7998046875,5019.89990234375,5020.39990234375,281.0
2026-01-30 11:48:00-05:00,5021.5,5021.60009765625,5005.89990234375,5015.39990234375,718.0
2026-01-30 11:49:00-05:00,5015.89990234375,5018.0,4996.0,5007.7001953125,759.0
2026-01-30 11:50:00-05:00,5008.39990234375,5008.39990234375,4989.2998046875,4996.60009765625,885.0
2026-01-30 11:51:00-05:00,4998.2001953125,4998.7998046875,4980.0,4988.7998046875,998.0
2026-01-30 11:52:00-05:00,4986.39990234375,4990.39990234375,4961.10009765625,4990.39990234375,1975.0
2026-01-30 11:53:00-05:00,4990.60009765625,5008.10009765625,4989.10009765625,5004.0,969.0
2026-01-30 11:54:00-05:00,5004.60009765625,5009.89990234375,4998.60009765625,5004.89990234375,618.0
2026-01-30 11:55:00-05:00,5003.5,5011.7998046875,5003.2001953125,5005.0,500.0
2026-01-30 11:56:00-05:00,5005.7001953125,5011.7001953125,4996.5,5003.39990234375,482.0
2026-01-30 11:57:00-05:00,5004.39990234375,5008.0,4996.10009765625,5004.5,452.0
2026-01-30 11:58:00-05:00,5005.2001953125,5013.7001953125,5002.60009765625,5006.2001953125,353.0
2026-01-30 11:59:00-05:00,5007.0,5013.10009765625,5001.60009765625,5011.7001953125,375.0
2026-01-30 12:00:00-05:00,5009.60009765625,5012.2998046875,5001.2001953125,5006.2998046875,388.0
2026-01-30 12:01:00-05:00,5006.2001953125,5006.7998046875,4986.5,5000.60009765625,762.0
2026-01-30 12:02:00-05:00,5002.2998046875,5010.89990234375,4993.39990234375,5006.2001953125,816.0
2026-01-30 12:03:00-05:00,5005.5,5010.0,4999.2998046875,5005.7998046875,493.0
2026-01-30 12:04:00-05:00,5004.2001953125,5005.0,4994.7001953125,5001.60009765625,354.0
2026-01-30 12:05:00-05:00,5000.5,5002.39990234375,4991.2001953125,4995.0,303.0
2026-01-30 12:06:00-05:00,4994.39990234375,4994.39990234375,4976.7998046875,4977.89990234375,694.0
2026-01-30 12:07:00-05:00,4977.7001953125,4978.5,4952.0,4962.0,1754.0
2026-01-30 12:08:00-05:00,4961.89990234375,4963.5,4950.10009765625,4955.89990234375,975.0
2026-01-30 12:09:00-05:00,4955.60009765625,4970.0,4953.0,4957.7998046875,710.0
2026-01-30 12:10:00-05:00,4956.89990234375,4974.0,4953.7998046875,4970.2998046875,652.0
2026-01-30 12:11:00-05:00,4970.2001953125,4974.2998046875,4958.7998046875,4962.10009765625,505.0
2026-01-30 12:12:00-05:00,4961.5,4962.5,4936.0,4939.7998046875,1397.0
2026-01-30 12:13:00-05:00,4939.7998046875,4946.60009765625,4921.0,4937.39990234375,1713.0
2026-01-30 12:14:00-05:00,4937.89990234375,4954.2001953125,4931.2998046875,4941.2998046875,941.0
2026-01-30 12:15:00-05:00,4940.7001953125,4956.60009765625,4932.60009765625,4950.0,1085.0
2026-01-30 12:16:00-05:00,4951.2001953125,4965.2001953125,4946.2998046875,4954.7998046875,848.0
2026-01-30 12:17:00-05:00,4954.39990234375,4956.2998046875,4937.2001953125,4939.0,514.0
2026-01-30 12:18:00-05:00,4937.89990234375,4941.7001953125,4928.60009765625,4940.60009765625,766.0
2026-01-30 12:19:00-05:00,4941.60009765625,4941.89990234375,4922.0,4928.39990234375,674.0
2026-01-30 12:20:00-05:00,4928.60009765625,4941.0,4928.2001953125,4932.5,859.0
2026-01-30 12:21:00-05:00,4932.2998046875,4936.10009765625,4921.7998046875,4934.2001953125,530.0
2026-01-30 12:22:00-05:00,4936.39990234375,4953.89990234375,4934.2998046875,4944.39990234375,685.0
2026-01-30 12:23:00-05:00,4944.39990234375,4958.2001953125,4942.5,4953.7001953125,504.0
2026-01-30 12:24:00-05:00,4954.2001953125,4959.0,4944.0,4945.7998046875,502.0
2026-01-30 12:25:00-05:00,4946.39990234375,4966.2998046875,4944.0,4964.0,441.0
2026-01-30 12:26:00-05:00,4964.7998046875,4964.7998046875,4951.10009765625,4954.89990234375,426.0
2026-01-30 12:27:00-05:00,4953.7998046875,4957.7998046875,4944.5,4945.7001953125,778.0
2026-01-30 12:28:00-05:00,4946.10009765625,4948.10009765625,4938.7998046875,4946.2001953125,444.0
2026-01-30 12:29:00-05:00,4945.2998046875,4957.5,4943.7998046875,4950.2998046875,294.0
2026-01-30 12:30:00-05:00,4949.7001953125,4950.39990234375,4936.10009765625,4939.2998046875,445.0
2026-01-30 12:31:00-05:00,4939.5,4939.60009765625,4924.0,4932.2001953125,880.0
2026-01-30 12:32:00-05:00,4931.89990234375,4932.39990234375,4922.89990234375,4929.2001953125,449.0
2026-01-30 12:33:00-05:00,4928.39990234375,4929.60009765625,4914.2001953125,4928.7998046875,925.0
2026-01-30 12:34:00-05:00,4929.2001953125,4944.5,4929.0,4940.0,583.0
2026-01-30 12:35:00-05:00,4938.7998046875,4940.39990234375,4924.2998046875,4929.7001953125,332.0
2026-01-30 12:36:00-05:00,4929.0,4935.0,4924.39990234375,4932.7001953125,210.0
2026-01-30 12:37:00-05:00,4931.7001953125,4936.39990234375,4922.5,4929.39990234375,404.0
2026-01-30 12:38:00-05:00,4929.0,4936.7998046875,4922.7998046875,4924.0,268.0
2026-01-30 12:39:00-05:00,4924.5,4926.7998046875,4904.7001953125,4913.89990234375,783.0
2026-01-30 12:40:00-05:00,4913.10009765625,4924.60009765625,4911.5,4920.10009765625,457.0
2026-01-30 12:41:00-05:00,4919.39990234375,4925.2998046875,4911.7998046875,4925.2998046875,413.0
2026-01-30 12:42:00-05:00,4925.2001953125,4925.5,4890.0,4894.60009765625,1366.0
2026-01-30 12:43:00-05:00,4894.7998046875,4898.0,4877.89990234375,4880.7001953125,1194.0
2026-01-30 12:44:00-05:00,4880.7001953125,4889.89990234375,4863.0,4884.0,1966.0
2026-01-30 12:45:00-05:00,4883.89990234375,4895.2998046875,4878.5,4894.89990234375,913.0
2026-01-30 12:46:00-05:00,4895.0,4896.2998046875,4876.7998046875,4892.7001953125,609.0
2026-01-30 12:47:00-05:00,4893.60009765625,4903.0,4888.60009765625,4902.89990234375,500.0
2026-01-30 12:48:00-05:00,4903.5,4904.10009765625,4885.7001953125,4893.89990234375,634.0
2026-01-30 12:49:00-05:00,4894.10009765625,4897.60009765625,4880.0,4882.89990234375,670.0
2026-01-30 12:50:00-05:00,4881.39990234375,4887.7001953125,4871.0,4879.60009765625,521.0
2026-01-30 12:51:00-05:00,4879.10009765625,4881.7001953125,4858.89990234375,4870.60009765625,996.0
2026-01-30 12:52:00-05:00,4871.89990234375,4875.2998046875,4855.0,4855.2001953125,754.0
2026-01-30 12:53:00-05:00,4856.5,4867.89990234375,4844.5,4848.5,1021.0
2026-01-30 12:54:00-05:00,4848.5,4850.0,4827.39990234375,4838.0,2209.0
2026-01-30 12:55:00-05:00,4838.60009765625,4845.0,4825.0,4833.2998046875,1139.0
2026-01-30 12:56:00-05:00,4833.39990234375,4862.5,4832.89990234375,4856.89990234375,1334.0
2026-01-30 12:57:00-05:00,4855.2998046875,4875.7998046875,4852.2998046875,4872.2998046875,943.0
2026-01-30 12:58:00-05:00,4870.39990234375,4870.5,4854.7998046875,4859.39990234375,661.0
2026-01-30 12:59:00-05:00,4858.5,4875.89990234375,4850.0,4874.5,811.0
2026-01-30 13:00:00-05:00,4874.39990234375,4887.89990234375,4873.5,4882.39990234375,1050.0
2026-01-30 13:01:00-05:00,4881.60009765625,4896.7001953125,4875.7001953125,4893.60009765625,1133.0
2026-01-30 13:02:00-05:00,4893.10009765625,4900.0,4885.7998046875,4894.7001953125,639.0
2026-01-30 13:03:00-05:00,4893.89990234375,4902.0,4880.0,4886.60009765625,637.0
2026-01-30 13:04:00-05:00,4886.0,4910.0,4883.39990234375,4909.2001953125,595.0
2026-01-30 13:05:00-05:00,4908.7998046875,4916.0,4897.10009765625,4897.7998046875,885.0
2026-01-30 13:06:00-05:00,4899.2001953125,4905.10009765625,4885.0,4886.10009765625,516.0
2026-01-30 13:07:00-05:00,4885.2001953125,4885.7001953125,4869.7998046875,4872.60009765625,647.0
2026-01-30 13:08:00-05:00,4872.7998046875,4872.7998046875,4852.0,4861.2001953125,680.0
2026-01-30 13:09:00-05:00,4862.2998046875,4862.2998046875,4830.7998046875,4838.0,1323.0
2026-01-30 13:10:00-05:00,4838.2998046875,4848.7001953125,4820.39990234375,4846.2001953125,1302.0
2026-01-30 13:11:00-05:00,4848.2998046875,4853.89990234375,4830.0,4839.7001953125,726.0
2026-01-30 13:12:00-05:00,4840.39990234375,4840.39990234375,4809.0,4818.0,1274.0
2026-01-30 13:13:00-05:00,4819.7001953125,4846.2001953125,4819.7001953125,4832.7001953125,758.0
2026-01-30 13:14:00-05:00,4833.10009765625,4845.0,4823.7001953125,4833.2001953125,688.0
2026-01-30 13:15:00-05:00,4832.89990234375,4843.89990234375,4819.7998046875,4823.0,1028.0
2026-01-30 13:16:00-05:00,4824.5,4826.5,4810.0,4818.2998046875,922.0
2026-01-30 13:17:00-05:00,4818.60009765625,4819.7001953125,4801.60009765625,4815.7001953125,1097.0
2026-01-30 13:18:00-05:00,4816.0,4816.0,4776.0,4793.7998046875,1846.0
2026-01-30 13:19:00-05:00,4793.60009765625,4796.60009765625,4771.0,4781.60009765625,1837.0
2026-01-30 13:20:00-05:00,4781.60009765625,4798.0,4750.10009765625,4755.60009765625,2045.0
2026-01-30 13:21:00-05:00,4755.7998046875,4771.2001953125,4726.5,4748.7001953125,2578.0
2026-01-30 13:22:00-05:00,4747.7998046875,4754.5,4727.60009765625,4734.89990234375,1642.0
2026-01-30 13:23:00-05:00,4733.7001953125,4779.89990234375,4730.39990234375,4764.2998046875,2485.0
2026-01-30 13:24:00-05:00,4764.7001953125,4770.0,4739.2001953125,4742.0,1477.0
2026-01-30 13:25:00-05:00,4742.0,4769.2998046875,4740.0,4764.7998046875,1330.0
2026-01-30 13:26:00-05:00,4764.2001953125,4783.5,4754.2998046875,4780.60009765625,1812.0
2026-01-30 13:27:00-05:00,4780.5,4782.10009765625,4758.2001953125,4769.39990234375,1156.0
2026-01-30 13:28:00-05:00,4770.2001953125,4774.2001953125,4724.5,4726.89990234375,1543.0
2026-01-30 13:29:00-05:00,4728.10009765625,4778.60009765625,4714.5,4766.89990234375,4757.0
2026-01-30 13:30:00-05:00,4768.10009765625,4774.0,4748.10009765625,4764.39990234375,1331.0
2026-01-30 13:31:00-05:00,4764.89990234375,4778.7001953125,4747.0,4777.5,838.0
2026-01-30 13:32:00-05:00,4776.39990234375,4795.7001953125,4766.89990234375,4780.7001953125,967.0
2026-01-30 13:33:00-05:00,4779.7001953125,4798.10009765625,4777.39990234375,4791.89990234375,470.0
2026-01-30 13:34:00-05:00,4792.7998046875,4795.0,4771.2998046875,4776.2998046875,643.0
2026-01-30 13:35:00-05:00,4776.0,4787.60009765625,4766.2001953125,4767.89990234375,575.0
2026-01-30 13:36:00-05:00,4767.0,4767.0,4729.2001953125,4747.39990234375,1060.0
2026-01-30 13:37:00-05:00,4748.10009765625,4753.0,4734.0,4737.39990234375,554.0
2026-01-30 13:38:00-05:00,4737.60009765625,4737.7001953125,4710.89990234375,4732.10009765625,1282.0
2026-01-30 13:39:00-05:00,4733.5,4733.5,4700.39990234375,4718.89990234375,1353.0
2026-01-30 13:40:00-05:00,4719.10009765625,4747.7998046875,4716.2001953125,4735.2001953125,631.0
2026-01-30 13:41:00-05:00,4734.7001953125,4757.2998046875,4732.10009765625,4753.2001953125,558.0
2026-01-30 13:42:00-05:00,4752.5,4792.10009765625,4743.7001953125,4778.10009765625,1066.0
2026-01-30 13:43:00-05:00,4777.2001953125,4789.10009765625,4765.5,4785.2998046875,737.0
2026-01-30 13:44:00-05:00,4785.10009765625,4812.0,4779.10009765625,4801.0,1375.0
2026-01-30 13:45:00-05:00,4800.7001953125,4834.2001953125,4794.5,4825.7998046875,1513.0
2026-01-30 13:46:00-05:00,4824.7998046875,4835.2998046875,4811.7001953125,4825.0,1053.0
2026-01-30 13:47:00-05:00,4824.7998046875,4848.7998046875,4823.5,4835.39990234375,1271.0
2026-01-30 13:48:00-05:00,4834.39990234375,4857.60009765625,4830.0,4851.10009765625,837.0
2026-01-30 13:49:00-05:00,4848.7998046875,4852.7998046875,4833.60009765625,4851.2998046875,508.0
2026-01-30 13:50:00-05:00,4851.2001953125,4865.0,4841.0,4857.60009765625,792.0
2026-01-30 13:51:00-05:00,4857.7001953125,4875.5,4854.2998046875,4857.7998046875,1427.0
2026-01-30 13:52:00-05:00,4857.0,4860.2001953125,4840.39990234375,4845.89990234375,867.0
2026-01-30 13:53:00-05:00,4845.5,4882.7998046875,4845.39990234375,4876.89990234375,885.0
2026-01-30 13:54:00-05:00,4876.89990234375,4887.89990234375,4866.0,4883.5,720.0
2026-01-30 13:55:00-05:00,4883.7998046875,4904.0,4874.89990234375,4899.2998046875,1038.0
2026-01-30 13:56:00-05:00,4900.10009765625,4909.7001953125,4894.2998046875,4903.7998046875,1134.0
2026-01-30 13:57:00-05:00,4902.7998046875,4917.0,4898.2001953125,4898.60009765625,1521.0
2026-01-30 13:58:00-05:00,4897.7001953125,4905.5,4882.0,4900.2001953125,791.0
2026-01-30 13:59:00-05:00,4901.0,4905.10009765625,4889.39990234375,4899.60009765625,1465.0
2026-01-30 14:00:00-05:00,4898.2998046875,4926.60009765625,4893.7001953125,4920.5,808.0
2026-01-30 14:01:00-05:00,4921.5,4931.60009765625,4913.7998046875,4917.60009765625,1004.0
2026-01-30 14:02:00-05:00,4915.7998046875,4917.39990234375,4888.10009765625,4898.10009765625,1017.0
2026-01-30 14:03:00-05:00,4899.0,4917.60009765625,4894.7998046875,4916.0,675.0
2026-01-30 14:04:00-05:00,4916.39990234375,4928.60009765625,4912.0,4918.2998046875,725.0
2026-01-30 14:05:00-05:00,4919.0,4925.0,4912.39990234375,4921.89990234375,486.0
2026-01-30 14:06:00-05:00,4920.0,4928.10009765625,4914.2001953125,4919.10009765625,278.0
2026-01-30 14:07:00-05:00,4920.2001953125,4921.2998046875,4902.0,4908.2998046875,422.0
2026-01-30 14:08:00-05:00,4908.89990234375,4918.2998046875,4905.2998046875,4916.2998046875,461.0
2026-01-30 14:09:00-05:00,4918.5,4934.2998046875,4910.0,4932.89990234375,458.0
2026-01-30 14:10:00-05:00,4932.89990234375,4941.10009765625,4927.89990234375,4927.89990234375,601.0
2026-01-30 14:11:00-05:00,4927.0,4928.10009765625,4907.7001953125,4908.2998046875,587.0
2026-01-30 14:12:00-05:00,4909.10009765625,4918.39990234375,4908.0,4908.60009765625,228.0
2026-01-30 14:13:00-05:00,4909.60009765625,4909.7001953125,4896.5,4898.39990234375,470.0
2026-01-30 14:14:00-05:00,4900.0,4915.89990234375,4894.5,4913.39990234375,354.0
2026-01-30 14:15:00-05:00,4914.10009765625,4915.39990234375,4903.0,4903.2998046875,226.0
2026-01-30 14:16:00-05:00,4903.7998046875,4915.7001953125,4903.0,4912.7998046875,238.0
2026-01-30 14:17:00-05:00,4914.2998046875,4917.10009765625,4908.89990234375,4916.5,290.0
2026-01-30 14:18:00-05:00,4916.7001953125,4919.39990234375,4901.7998046875,4901.7998046875,253.0
2026-01-30 14:19:00-05:00,4902.2001953125,4913.89990234375,4891.7001953125,4902.7001953125,421.0
2026-01-30 14:20:00-05:00,4903.5,4910.7001953125,4900.2998046875,4909.7998046875,194.0
2026-01-30 14:21:00-05:00,4909.39990234375,4917.60009765625,4906.39990234375,4911.5,258.0
2026-01-30 14:22:00-05:00,4911.39990234375,4911.39990234375,4886.7001953125,4889.2998046875,370.0
2026-01-30 14:23:00-05:00,4885.60009765625,4888.39990234375,4860.0,4884.7998046875,1024.0
2026-01-30 14:24:00-05:00,4884.7998046875,4893.7001953125,4880.0,4893.60009765625,399.0
2026-01-30 14:25:00-05:00,4895.2001953125,4905.0,4891.89990234375,4897.39990234375,345.0
2026-01-30 14:26:00-05:00,4896.7998046875,4900.2998046875,4889.39990234375,4892.89990234375,194.0
2026-01-30 14:27:00-05:00,4894.39990234375,4921.2001953125,4894.39990234375,4918.89990234375,375.0
2026-01-30 14:28:00-05:00,4918.7001953125,4923.89990234375,4915.0,4923.89990234375,218.0
2026-01-30 14:29:00-05:00,4923.89990234375,4926.7998046875,4914.60009765625,4918.7998046875,279.0
2026-01-30 14:30:00-05:00,4918.60009765625,4927.10009765625,4915.7998046875,4922.7998046875,193.0
2026-01-30 14:31:00-05:00,4923.7001953125,4924.2001953125,4905.60009765625,4915.5,321.0
2026-01-30 14:32:00-05:00,4915.2998046875,4929.39990234375,4914.10009765625,4926.7998046875,254.0
2026-01-30 14:33:00-05:00,4926.7001953125,4940.7998046875,4925.60009765625,4940.10009765625,330.0
2026-01-30 14:34:00-05:00,4939.5,4939.7001953125,4926.39990234375,4931.89990234375,237.0
2026-01-30 14:35:00-05:00,4931.89990234375,4931.89990234375,4916.60009765625,4927.7998046875,203.0
2026-01-30 14:36:00-05:00,4926.7998046875,4933.2998046875,4920.10009765625,4921.89990234375,201.0
2026-01-30 14:37:00-05:00,4922.39990234375,4931.2001953125,4921.0,4929.39990234375,146.0
2026-01-30 14:38:00-05:00,4930.60009765625,4954.0,4928.89990234375,4941.2001953125,359.0
2026-01-30 14:39:00-05:00,4941.7001953125,4943.0,4927.89990234375,4937.5,203.0
2026-01-30 14:40:00-05:00,4938.7001953125,4938.7001953125,4927.7001953125,4933.2998046875,190.0
2026-01-30 14:41:00-05:00,4933.7998046875,4935.10009765625,4922.89990234375,4929.2001953125,231.0
2026-01-30 14:42:00-05:00,4930.0,4938.89990234375,4929.60009765625,4936.2998046875,177.0
2026-01-30 14:43:00-05:00,4935.0,4949.0,4929.7001953125,4948.2998046875,210.0
2026-01-30 14:44:00-05:00,4947.7001953125,4956.39990234375,4946.5,4952.39990234375,460.0
2026-01-30 14:45:00-05:00,4951.2001953125,4960.2998046875,4946.60009765625,4950.2998046875,343.0
2026-01-30 14:46:00-05:00,4950.2001953125,4955.5,4942.7998046875,4942.7998046875,268.0
2026-01-30 14:47:00-05:00,4943.5,4954.10009765625,4932.39990234375,4949.10009765625,496.0
2026-01-30 14:48:00-05:00,4949.60009765625,4949.89990234375,4943.60009765625,4947.39990234375,135.0
2026-01-30 14:49:00-05:00,4947.7998046875,4948.2998046875,4937.39990234375,4938.7001953125,158.0
2026-01-30 14:50:00-05:00,4940.2001953125,4950.39990234375,4940.2001953125,4941.0,242.0
2026-01-30 14:51:00-05:00,4941.0,4952.0,4940.5,4951.10009765625,153.0
2026-01-30 14:52:00-05:00,4950.10009765625,4957.5,4948.5,4954.7998046875,195.0
2026-01-30 14:53:00-05:00,4955.2998046875,4962.5,4954.60009765625,4960.0,193.0
2026-01-30 14:54:00-05:00,4959.7001953125,4966.60009765625,4953.60009765625,4953.60009765625,298.0
2026-01-30 14:55:00-05:00,4954.39990234375,4968.2001953125,4952.2998046875,4965.0,256.0
2026-01-30 14:56:00-05:00,4965.0,4971.2001953125,4960.7998046875,4962.60009765625,322.0
2026-01-30 14:57:00-05:00,4963.0,4971.89990234375,4962.2001953125,4967.89990234375,217.0
2026-01-30 14:58:00-05:00,4966.89990234375,4971.10009765625,4964.2001953125,4966.5,240.0
2026-01-30 14:59:00-05:00,4965.5,4968.10009765625,4954.89990234375,4954.89990234375,242.0
2026-01-30 15:00:00-05:00,4955.2998046875,4956.60009765625,4926.0,4928.7001953125,566.0
2026-01-30 15:01:00-05:00,4928.60009765625,4931.7998046875,4914.0,4922.5,707.0
2026-01-30 15:02:00-05:00,4923.0,4928.7998046875,4903.7001953125,4927.0,440.0
2026-01-30 15:03:00-05:00,4926.10009765625,4927.7998046875,4916.7998046875,4923.2001953125,204.0
2026-01-30 15:04:00-05:00,4923.0,4934.0,4917.60009765625,4932.2998046875,209.0
2026-01-30 15:05:00-05:00,4932.89990234375,4943.7998046875,4928.7001953125,4928.7001953125,247.0
2026-01-30 15:06:00-05:00,4929.2998046875,4929.5,4914.7998046875,4919.89990234375,255.0
2026-01-30 15:07:00-05:00,4919.5,4926.5,4910.0,4912.2998046875,225.0
2026-01-30 15:08:00-05:00,4913.7998046875,4921.2001953125,4907.39990234375,4913.10009765625,249.0
2026-01-30 15:09:00-05:00,4912.7998046875,4924.2998046875,4905.10009765625,4924.2998046875,250.0
2026-01-30 15:10:00-05:00,4923.2998046875,4923.2998046875,4906.2998046875,4918.10009765625,218.0
2026-01-30 15:11:00-05:00,4917.10009765625,4917.60009765625,4905.10009765625,4909.39990234375,353.0
2026-01-30 15:12:00-05:00,4909.10009765625,4914.39990234375,4901.0,4909.60009765625,230.0
2026-01-30 15:13:00-05:00,4909.60009765625,4920.5,4909.10009765625,4919.5,148.0
2026-01-30 15:14:00-05:00,4918.7998046875,4924.0,4913.5,4922.89990234375,169.0
2026-01-30 15:15:00-05:00,4921.60009765625,4922.2998046875,4909.60009765625,4911.10009765625,149.0
2026-01-30 15:16:00-05:00,4912.7998046875,4916.2001953125,4902.0,4908.2998046875,135.0
2026-01-30 15:17:00-05:00,4907.39990234375,4919.7001953125,4905.2998046875,4914.0,162.0
2026-01-30 15:18:00-05:00,4914.2001953125,4919.0,4910.89990234375,4918.7998046875,136.0
2026-01-30 15:19:00-05:00,4919.7998046875,4926.0,4914.2998046875,4924.2001953125,198.0
2026-01-30 15:20:00-05:00,4924.7998046875,4929.89990234375,4915.10009765625,4929.0,197.0
2026-01-30 15:21:00-05:00,4929.10009765625,4931.60009765625,4925.60009765625,4926.10009765625,174.0
2026-01-30 15:22:00-05:00,4925.2998046875,4928.39990234375,4922.0,4927.89990234375,112.0
2026-01-30 15:23:00-05:00,4927.7001953125,4927.7001953125,4914.0,4916.7001953125,188.0
2026-01-30 15:24:00-05:00,4917.5,4920.7001953125,4915.60009765625,4919.2998046875,58.0
2026-01-30 15:25:00-05:00,4919.5,4931.7001953125,4919.5,4931.7001953125,104.0
2026-01-30 15:26:00-05:00,4931.2001953125,4936.5,4924.0,4926.7001953125,170.0
2026-01-30 15:27:00-05:00,4927.0,4927.0,4918.0,4920.5,84.0
2026-01-30 15:28:00-05:00,4920.2998046875,4922.0,4916.0,4917.10009765625,122.0
2026-01-30 15:29:00-05:00,4916.39990234375,4916.39990234375,4907.0,4913.39990234375,163.0
2026-01-30 15:30:00-05:00,4916.7998046875,4917.0,4905.60009765625,4910.89990234375,150.0
2026-01-30 15:31:00-05:00,4911.2001953125,4917.0,4908.2998046875,4911.7001953125,115.0
2026-01-30 15:32:00-05:00,4912.5,4913.39990234375,4885.10009765625,4886.89990234375,392.0
2026-01-30 15:33:00-05:00,4888.2001953125,4896.5,4875.39990234375,4892.7998046875,542.0
2026-01-30 15:34:00-05:00,4894.2001953125,4907.39990234375,4892.7998046875,4904.7001953125,360.0
2026-01-30 15:35:00-05:00,4904.7998046875,4908.39990234375,4894.2998046875,4898.0,207.0
2026-01-30 15:36:00-05:00,4899.0,4900.7001953125,4883.0,4883.0,217.0
2026-01-30 15:37:00-05:00,4884.0,4886.7001953125,4865.60009765625,4875.5,350.0
2026-01-30 15:38:00-05:00,4876.10009765625,4879.89990234375,4865.60009765625,4876.0,324.0
2026-01-30 15:39:00-05:00,4876.2001953125,4889.39990234375,4875.2998046875,4884.0,228.0
2026-01-30 15:40:00-05:00,4884.89990234375,4887.2998046875,4867.2998046875,4875.60009765625,302.0
2026-01-30 15:41:00-05:00,4875.2998046875,4886.39990234375,4872.2998046875,4884.60009765625,282.0
2026-01-30 15:42:00-05:00,4881.7001953125,4896.89990234375,4879.89990234375,4893.5,170.0
2026-01-30 15:43:00-05:00,4893.5,4893.5,4877.0,4881.60009765625,168.0
2026-01-30 15:44:00-05:00,4880.7001953125,4885.7001953125,4874.39990234375,4885.7001953125,183.0
2026-01-30 15:45:00-05:00,4883.7001953125,4884.2001953125,4876.0,4880.39990234375,169.0
2026-01-30 15:46:00-05:00,4880.7001953125,4894.5,4872.2001953125,4893.60009765625,404.0
2026-01-30 15:47:00-05:00,4892.2001953125,4901.0,4888.89990234375,4888.89990234375,216.0
2026-01-30 15:48:00-05:00,4889.10009765625,4894.2001953125,4880.7998046875,4893.7998046875,241.0
2026-01-30 15:49:00-05:00,4894.7998046875,4894.7998046875,4883.39990234375,4885.2001953125,153.0
2026-01-30 15:50:00-05:00,4884.7001953125,4890.60009765625,4870.5,4873.7001953125,248.0
2026-01-30 15:51:00-05:00,4871.7001953125,4888.2998046875,4868.89990234375,4882.10009765625,491.0
2026-01-30 15:52:00-05:00,4881.39990234375,4890.89990234375,4877.2001953125,4882.89990234375,344.0
2026-01-30 15:53:00-05:00,4882.2998046875,4883.5,4871.10009765625,4877.2001953125,261.0
2026-01-30 15:54:00-05:00,4876.10009765625,4876.10009765625,4856.7001953125,4860.7998046875,275.0
2026-01-30 15:55:00-05:00,4859.60009765625,4862.89990234375,4841.2001953125,4855.5,770.0
2026-01-30 15:56:00-05:00,4856.0,4856.0,4828.5,4854.2998046875,1113.0
2026-01-30 15:57:00-05:00,4854.2998046875,4866.7998046875,4850.2998046875,4858.2998046875,415.0
2026-01-30 15:58:00-05:00,4859.2998046875,4861.60009765625,4852.0,4857.2998046875,546.0
2026-01-30 15:59:00-05:00,4855.89990234375,4878.39990234375,4855.89990234375,4870.7998046875,935.0
2026-01-30 16:00:00-05:00,4871.2001953125,4876.39990234375,4858.5,4860.60009765625,482.0
2026-01-30 16:01:00-05:00,4859.39990234375,4872.2001953125,4857.5,4872.2001953125,191.0
2026-01-30 16:02:00-05:00,4872.7998046875,4882.39990234375,4864.7001953125,4880.89990234375,258.0
2026-01-30 16:03:00-05:00,4879.5,4888.0,4876.0,4883.10009765625,222.0
2026-01-30 16:04:00-05:00,4885.0,4887.89990234375,4880.0,4883.60009765625,139.0
2026-01-30 16:05:00-05:00,4884.2998046875,4885.7998046875,4867.5,4867.5,185.0
2026-01-30 16:06:00-05:00,4867.39990234375,4878.5,4866.7001953125,4875.39990234375,217.0
2026-01-30 16:07:00-05:00,4875.2001953125,4875.7001953125,4860.0,4860.7001953125,97.0
2026-01-30 16:08:00-05:00,4859.60009765625,4859.60009765625,4855.5,4858.10009765625,137.0
2026-01-30 16:09:00-05:00,4857.5,4869.5,4855.89990234375,4868.89990234375,146.0
2026-01-30 16:10:00-05:00,4868.7998046875,4871.39990234375,4864.89990234375,4871.0,80.0
2026-01-30 16:11:00-05:00,4872.0,4872.0,4869.10009765625,4870.0,42.0
2026-01-30 16:12:00-05:00,4867.39990234375,4867.5,4858.89990234375,4862.0,92.0
2026-01-30 16:13:00-05:00,4862.2001953125,4863.2998046875,4858.7001953125,4862.0,97.0
2026-01-30 16:14:00-05:00,4862.2001953125,4867.2998046875,4859.39990234375,4864.39990234375,88.0
2026-01-30 16:15:00-05:00,4863.39990234375,4870.10009765625,4860.0,4861.60009765625,91.0
2026-01-30 16:16:00-05:00,4861.0,4877.10009765625,4861.0,4877.10009765625,126.0
2026-01-30 16:17:00-05:00,4875.0,4882.0,4872.7998046875,4878.5,114.0
2026-01-30 16:18:00-05:00,4877.10009765625,4878.89990234375,4870.2998046875,4876.10009765625,152.0
2026-01-30 16:19:00-05:00,4876.7001953125,4884.2998046875,4876.0,4882.10009765625,73.0
2026-01-30 16:20:00-05:00,4883.60009765625,4889.5,4883.0,4889.0,86.0
2026-01-30 16:21:00-05:00,4888.10009765625,4900.0,4888.10009765625,4899.0,140.0
2026-01-30 16:22:00-05:00,4899.89990234375,4901.10009765625,4893.89990234375,4898.2001953125,191.0
2026-01-30 16:23:00-05:00,4899.2998046875,4908.60009765625,4899.0,4907.10009765625,217.0
2026-01-30 16:24:00-05:00,4906.10009765625,4911.60009765625,4904.60009765625,4907.7001953125,143.0
2026-01-30 16:25:00-05:00,4906.2998046875,4913.60009765625,4906.2998046875,4907.0,613.0
2026-01-30 16:26:00-05:00,4907.39990234375,4910.10009765625,4895.7998046875,4897.10009765625,155.0
2026-01-30 16:27:00-05:00,4897.2001953125,4898.0,4885.5,4888.60009765625,125.0
2026-01-30 16:28:00-05:00,4889.60009765625,4898.7001953125,4886.7001953125,4898.39990234375,112.0
2026-01-30 16:29:00-05:00,4897.89990234375,4902.39990234375,4896.7998046875,4898.10009765625,78.0
2026-01-30 16:30:00-05:00,4899.0,4905.39990234375,4896.0,4902.2001953125,83.0
2026-01-30 16:31:00-05:00,4901.89990234375,4904.39990234375,4893.39990234375,4902.0,141.0
2026-01-30 16:32:00-05:00,4903.0,4903.39990234375,4891.89990234375,4895.7001953125,185.0
2026-01-30 16:33:00-05:00,4895.10009765625,4905.10009765625,4895.10009765625,4899.2998046875,104.0
2026-01-30 16:34:00-05:00,4899.60009765625,4904.0,4898.5,4899.7998046875,29.0
2026-01-30 16:35:00-05:00,4900.60009765625,4900.60009765625,4892.10009765625,4892.10009765625,79.0
2026-01-30 16:36:00-05:00,4895.5,4897.39990234375,4893.0,4897.39990234375,73.0
2026-01-30 16:37:00-05:00,4897.89990234375,4898.2001953125,4889.7001953125,4891.7001953125,89.0
2026-01-30 16:38:00-05:00,4893.0,4894.2001953125,4872.7998046875,4873.2998046875,115.0
2026-01-30 16:39:00-05:00,4876.10009765625,4882.39990234375,4875.89990234375,4878.5,86.0
2026-01-30 16:40:00-05:00,4878.2001953125,4882.7998046875,4877.0,4879.0,68.0
2026-01-30 16:41:00-05:00,4879.60009765625,4883.2998046875,4874.39990234375,4878.10009765625,49.0
2026-01-30 16:42:00-05:00,4878.7998046875,4881.60009765625,4872.7998046875,4877.39990234375,86.0
2026-01-30 16:43:00-05:00,4878.39990234375,4880.0,4874.10009765625,4880.0,49.0
2026-01-30 16:44:00-05:00,4880.0,4884.7998046875,4876.7001953125,4884.7998046875,121.0
2026-01-30 16:45:00-05:00,4885.0,4892.0,4884.0,4889.0,119.0
2026-01-30 16:46:00-05:00,4888.39990234375,4892.0,4888.2001953125,4890.7998046875,58.0
2026-01-30 16:47:00-05:00,4890.2001953125,4890.2001953125,4880.5,4880.5,81.0
2026-01-30 16:48:00-05:00,4881.60009765625,4887.2001953125,4879.89990234375,4887.2001953125,67.0
2026-01-30 16:49:00-05:00,4888.60009765625,4893.10009765625,4885.7998046875,4889.2998046875,94.0
2026-01-30 16:50:00-05:00,4888.2998046875,4892.2001953125,4887.89990234375,4892.10009765625,122.0
2026-01-30 16:51:00-05:00,4892.2001953125,4910.2998046875,4892.10009765625,4908.0,153.0
2026-01-30 16:52:00-05:00,4907.10009765625,4916.10009765625,4907.10009765625,4912.89990234375,206.0
2026-01-30 16:53:00-05:00,4911.2001953125,4913.60009765625,4903.2001953125,4906.2998046875,117.0
2026-01-30 16:54:00-05:00,4906.7001953125,4907.60009765625,4903.10009765625,4904.7998046875,69.0
2026-01-30 16:55:00-05:00,4904.89990234375,4914.89990234375,4901.0,4907.39990234375,182.0
2026-01-30 16:56:00-05:00,4909.10009765625,4912.0,4901.2001953125,4906.0,127.0
2026-01-30 16:57:00-05:00,4906.2998046875,4911.10009765625,4904.0,4910.0,101.0
2026-01-30 16:58:00-05:00,4911.39990234375,4917.89990234375,4904.7998046875,4912.2998046875,272.0
2026-01-30 16:59:00-05:00,4910.60009765625,4916.39990234375,4906.10009765625,4907.5,139.0
