Date,Open,High,Low,Close,Volume
2021-02-01 00:00:00-05:00,13.016644788412517,13.233534581974757,12.866566542246508,13.19987964630127,217204000.0
2021-02-02 00:00:00-05:00,13.3611770550748,13.533940468097438,13.248243904367374,13.518733978271484,220440000.0
2021-02-03 00:00:00-05:00,13.597759985933012,13.89268122482267,13.478595893291107,13.49255657196045,245408000.0
2021-02-04 00:00:00-05:00,13.493053287958364,13.635153579480152,13.300345542291058,13.625929832458496,201340000.0
2021-02-05 00:00:00-05:00,13.686511005543283,13.698726599293336,13.507762965833473,13.552886009216309,169152000.0
2021-02-08 00:00:00-05:00,13.688754280440907,14.433160858990226,13.688754280440907,14.398259162902832,434624000.0
2021-02-09 00:00:00-05:00,14.300533397758027,14.542353649548263,14.182615117513894,14.223251342773438,287560000.0
2021-02-10 00:00:00-05:00,14.422690490908412,14.863201253824297,14.301282039333971,14.722846031188965,485352000.0
2021-02-11 00:00:00-05:00,14.938240455389991,15.229421401855387,14.883145228492026,15.20798110961914,450828000.0
2021-02-12 00:00:00-05:00,15.007796320212169,15.248369834422629,14.733566916671759,14.919295310974121,374756000.0
2021-02-16 00:00:00-05:00,15.02200431508525,15.329390295174722,14.908074531360281,15.28725814819336,321960000.0
2021-02-17 00:00:00-05:00,15.128456867917356,15.180810369685322,14.738553519197914,14.864200592041016,274756000.0
2021-02-18 00:00:00-05:00,14.687693659586431,14.831539037044887,14.534125260124792,14.787413597106934,233868000.0
2021-02-19 00:00:00-05:00,14.982364478127137,15.134436952105299,14.80511333378198,14.884639739990234,271724000.0
2021-02-22 00:00:00-05:00,14.7333173121364,15.090812459281109,14.284828587536415,14.315492630004883,325884000.0
2021-02-23 00:00:00-05:00,14.035779263801077,14.198821553836638,13.351952265234438,14.10234260559082,391780000.0
2021-02-24 00:00:00-05:00,14.083145503096832,14.466068467380678,13.717423274073871,14.45833969116211,448320000.0
2021-02-25 00:00:00-05:00,14.006113004928865,14.334440047309721,13.17918902800684,13.270182609558105,824436000.0
2021-02-26 00:00:00-05:00,13.713933240960111,13.815647436688753,13.323531609545643,13.676040649414062,500932000.0
2021-03-01 00:00:00-05:00,13.836089349362865,13.885949321001982,13.515241967729919,13.802932739257812,353184000.0
2021-03-02 00:00:00-05:00,13.861021202997064,13.881463899435085,13.358434810228255,13.368656158447266,264116000.0
2021-03-03 00:00:00-05:00,13.388596869935437,13.413775539590153,12.762856145628557,12.768839836120605,377592000.0
2021-03-04 00:00:00-05:00,12.764853610702268,12.938615575725441,12.04986423160692,12.33556079864502,573344000.0
2021-03-05 00:00:00-05:00,12.514806524253467,12.514806524253467,11.646497921681421,12.426554679870605,542840000.0
2021-03-08 00:00:00-05:00,12.415085459306246,12.43627563829937,11.534063017322843,11.560738563537598,543112000.0
2021-03-09 00:00:00-05:00,12.100406741885838,12.585709625677136,12.029581319455215,12.489447593688965,521824000.0
2021-03-10 00:00:00-05:00,12.808912065236347,12.948068558380744,12.426854829102174,12.437578201293945,384376000.0
2021-03-11 00:00:00-05:00,12.918141567568973,13.014155316080448,12.703171840009764,12.96153450012207,299916000.0
2021-03-12 00:00:00-05:00,12.617134005807182,12.857042807221505,12.559027830206189,12.824373245239258,243964000.0
2021-03-15 00:00:00-04:00,12.833099637107122,13.174258245322083,12.73583966195434,13.158796310424805,221988000.0
2021-03-16 00:00:00-04:00,13.323639558080519,13.479255898576616,13.0844794904959,13.258550643920898,272128000.0
2021-03-17 00:00:00-04:00,13.00767018394586,13.4201527389685,12.957543753879627,13.308428764343262,243864000.0
2021-03-18 00:00:00-04:00,13.104183238028991,13.151566040742917,12.685714900401814,12.691201210021973,293896000.0
2021-03-19 00:00:00-04:00,12.718632702400825,12.889710986982735,12.581471167444477,12.814146995544434,299208000.0
2021-03-22 00:00:00-04:00,12.880984776838993,13.361549203796526,12.87499901936367,13.15381145477295,297804000.0
2021-03-23 00:00:00-04:00,13.2216411794173,13.311669159623857,12.98921460896582,13.038593292236328,222048000.0
2021-03-24 00:00:00-04:00,13.118895409337917,13.126876100797682,12.605661508156414,12.611895561218262,245840000.0
2021-03-25 00:00:00-04:00,12.468751160231504,12.683471654533125,12.241810854541152,12.504412651062012,295144000.0
2021-03-26 00:00:00-04:00,12.523615375554263,12.824623248846297,12.34306088171137,12.80766487121582,363968000.0
2021-03-29 00:00:00-04:00,12.788711716238293,13.030366222137898,12.668757782645448,12.916397094726562,273520000.0
2021-03-30 00:00:00-04:00,12.810408344776906,12.943330782149033,12.673745284717413,12.84008502960205,200204000.0
2021-03-31 00:00:00-04:00,12.983481725827332,13.437362342286544,12.950562913977166,13.315413475036621,314776000.0
2021-04-01 00:00:00-04:00,13.5388611010894,13.835878123071739,13.47801034601489,13.777771949768066,308276000.0
2021-04-05 00:00:00-04:00,13.833385984222154,13.979525226057607,13.699216354541514,13.95309066772461,255672000.0
2021-04-06 00:00:00-04:00,13.96531045972212,14.019676015663661,13.739617343870526,13.827400207519531,191744000.0
2021-04-07 00:00:00-04:00,13.846602230892788,14.208459897547266,13.677769060228261,14.1087064743042,251284000.0
2021-04-08 00:00:00-04:00,14.217686408200958,14.435898249089426,14.2139448346701,14.281778335571289,244416000.0
2021-04-09 00:00:00-04:00,14.179032137087,14.372555124634204,14.140128521718337,14.364574432373047,195172000.0
2021-04-12 00:00:00-04:00,14.25459244697287,15.314727583018188,14.104462431417547,15.17158031463623,869324000.0
2021-04-13 00:00:00-04:00,15.194028535206293,15.661376111521582,15.088538607928012,15.640926361083984,676212000.0
2021-04-14 00:00:00-04:00,15.586559550551417,15.681824594913762,15.190037437532265,15.239416122436523,385500000.0
2021-04-15 00:00:00-04:00,15.623974323412533,16.174367331158408,15.593050439112094,16.097557067871094,598480000.0
2021-04-16 00:00:00-04:00,16.01350839262557,16.125982027135557,15.826220403097025,15.8733549118042,335208000.0
2021-04-19 00:00:00-04:00,15.498278823834138,15.768612048726274,15.195525285421995,15.323958396911621,404420000.0
2021-04-20 00:00:00-04:00,15.285554809346268,15.458877310360409,14.92619149941932,15.133929252624512,334132000.0
2021-04-21 00:00:00-04:00,15.081554081407855,15.324704972178079,15.065095154602076,15.322710037231445,216776000.0
2021-04-22 00:00:00-04:00,15.337175698398932,15.400519884321316,14.747130576116172,14.813716888427734,277788000.0
2021-04-23 00:00:00-04:00,14.897508513089308,15.297272744454006,14.863592715745595,15.227694511413574,227500000.0
2021-04-26 00:00:00-04:00,15.147643871309407,15.440920276031514,15.087791058443576,15.439922332763672,197796000.0
2021-04-27 00:00:00-04:00,15.540172992599263,15.631946658407013,15.316724108516395,15.343907356262207,164572000.0
2021-04-28 00:00:00-04:00,15.32669985478842,15.494037509046763,15.178066261499001,15.239165306091309,209416000.0
2021-04-29 00:00:00-04:00,15.36211192586429,15.398522104278095,15.03442032014005,15.287047386169434,173196000.0
2021-04-30 00:00:00-04:00,15.137170190038917,15.327200854865179,14.960106128775966,14.972575187683105,201912000.0
2021-05-03 00:00:00-04:00,15.087789925219155,15.209240277723236,14.75112061320419,14.800249099731445,203912000.0
2021-05-04 00:00:00-04:00,14.60123939851099,14.601488646469987,13.975782087903074,14.315942764282227,405324000.0
2021-05-05 00:00:00-04:00,14.672815161485438,14.77705885779142,14.35210623381281,14.422931671142578,292024000.0
2021-05-06 00:00:00-04:00,14.459588610408613,14.53540184870253,14.18302136153679,14.48727035522461,193380000.0
2021-05-07 00:00:00-04:00,14.771821324795141,14.933920995149085,14.635656764528989,14.775811195373535,229328000.0
2021-05-10 00:00:00-04:00,14.75086943036998,14.769573491196601,14.214941626367438,14.230652809143066,268904000.0
2021-05-11 00:00:00-04:00,13.790989321233113,14.319435968974824,13.716174016861329,14.271055221557617,285584000.0
2021-05-12 00:00:00-04:00,13.975035218815083,14.225168896948256,13.675524752489777,13.724653244018555,303408000.0
2021-05-13 00:00:00-04:00,13.999226037710349,14.046111298805778,13.42588999722822,13.631632804870605,285404000.0
2021-05-14 00:00:00-04:00,13.85582887340321,14.292751054175579,13.714676512622503,14.20796012878418,258616000.0
2021-05-17 00:00:00-04:00,14.12217419191544,14.134394004353096,13.819421560558128,14.130653381347656,216980000.0
2021-05-18 00:00:00-04:00,14.231902003595811,14.368814302100715,13.96954852184947,13.981269836425781,186256000.0
2021-05-19 00:00:00-04:00,13.533125715779056,14.04486420754391,13.50993328439384,14.031147956848145,344000000.0
2021-05-20 00:00:00-04:00,14.267314594726596,14.647627072883193,14.23539372799806,14.576552391052246,321592000.0
2021-05-21 00:00:00-04:00,15.126444143548222,15.184551264267617,14.83291851571383,14.954867362976074,672992000.0
2021-05-24 00:00:00-04:00,15.17507511104745,15.706265365867367,15.13866492809838,15.573593139648438,554816000.0
2021-05-25 00:00:00-04:00,15.72721574516599,15.77958636788166,15.44441343117309,15.609256744384766,435408000.0
2021-05-26 00:00:00-04:00,15.695541043507959,15.754894404271841,15.547905385492475,15.661375045776367,370440000.0
2021-05-27 00:00:00-04:00,15.661125902008596,15.711252331770046,15.421965818952483,15.449896812438965,581476000.0
2021-05-28 00:00:00-04:00,15.462870342481201,16.237460021510813,15.462870342481201,16.204540252685547,644536000.0
2021-06-01 00:00:00-04:00,16.22997265762719,16.347931629920918,15.864124228355527,16.224485397338867,472804000.0
2021-06-02 00:00:00-04:00,16.212269621300088,16.87713010157178,16.195560491961704,16.736974716186523,594168000.0
2021-06-03 00:00:00-04:00,16.659667835136663,17.2165450107908,16.54220732332526,16.92800521850586,580008000.0
2021-06-04 00:00:00-04:00,17.070401602049834,17.617552324507795,17.053445127711075,17.53500747680664,617120000.0
2021-06-07 00:00:00-04:00,17.528023884085115,17.76867947172536,17.150455047093143,17.575654983520508,575756000.0
2021-06-08 00:00:00-04:00,17.4841296925654,17.578147544430767,17.20855848653228,17.414052963256836,323848000.0
2021-06-09 00:00:00-04:00,17.476668838830243,17.53578651537841,17.21724873586014,17.31951904296875,381656000.0
2021-06-10 00:00:00-04:00,17.311286428414668,17.452969774393196,17.13767489675894,17.386117935180664,287772000.0
2021-06-11 00:00:00-04:00,17.440493617838474,17.899218794058417,17.404823958700685,17.785472869873047,416308000.0
2021-06-14 00:00:00-04:00,17.866042920276705,17.999244162607233,17.62333583892256,17.978540420532227,321376000.0
2021-06-15 00:00:00-04:00,17.875022883618865,17.97604663575129,17.68843990745718,17.748804092407227,243032000.0
2021-06-16 00:00:00-04:00,17.751050591544338,17.91468418538893,17.545259694850984,17.770505905151367,307124000.0
2021-06-17 00:00:00-04:00,17.734839774892045,18.7929726816882,17.71663098318218,18.615619659423828,809656000.0
2021-06-18 00:00:00-04:00,18.742080787588076,19.331761477324207,18.542526359488548,18.59715461730957,968856000.0
2021-06-21 00:00:00-04:00,18.394107132326592,18.495132769923824,17.782974818131443,18.386125564575195,672384000.0
2021-06-22 00:00:00-04:00,18.430278496257454,18.921430408685627,18.34496858666156,18.844600677490234,580144000.0
2021-06-23 00:00:00-04:00,18.965333770522275,19.110010659811476,18.865556539871367,19.01472282409668,332356000.0
2021-06-24 00:00:00-04:00,19.184842999806214,19.37666328306946,19.045652733544433,19.162641525268555,320924000.0
2021-06-25 00:00:00-04:00,19.237480406858673,19.302335907164636,18.852341996857817,18.988536834716797,278364000.0
2021-06-28 00:00:00-04:00,19.31804607968373,20.033945692644743,19.275890678564842,19.940404891967773,495436000.0
2021-06-29 00:00:00-04:00,19.838132408460762,20.053899319285392,19.61313549933401,19.9820613861084,367632000.0
2021-06-30 00:00:00-04:00,19.954619984922232,20.117505644957735,19.819422413072925,19.957862854003906,326568000.0
2021-07-01 00:00:00-04:00,20.080091067121554,20.410351816483264,19.97432670783761,20.16689682006836,480136000.0
2021-07-02 00:00:00-04:00,20.39463938213588,20.45949487196704,20.242479523162306,20.4412841796875,342764000.0
2021-07-06 00:00:00-04:00,20.69122385571064,20.795490483018398,20.304839002416227,20.652311325073242,446708000.0
2021-07-07 00:00:00-04:00,20.806969493155897,20.82842115434022,20.286633492945466,20.3262939453125,418428000.0
2021-07-08 00:00:00-04:00,19.812189314423424,20.088071080613446,19.656786608504444,19.858335494995117,503300000.0
2021-07-09 00:00:00-04:00,19.917954748254353,20.035442165140385,19.710169397353443,20.005508422851562,296624000.0
2021-07-12 00:00:00-04:00,20.194833408061367,20.48692953104882,20.142700097359224,20.466726303100586,321984000.0
2021-07-13 00:00:00-04:00,20.354974593131452,20.41558998557854,20.06911490682044,20.204811096191406,290708000.0
2021-07-14 00:00:00-04:00,20.312322668503903,20.372188248728314,19.70867315158552,19.797224044799805,380100000.0
2021-07-15 00:00:00-04:00,19.76753957121302,19.802710619931563,18.816415909806356,18.923925399780273,550564000.0
2021-07-16 00:00:00-04:00,18.988034723757636,19.114251622677635,18.032670884319224,18.120473861694336,688224000.0
2021-07-19 00:00:00-04:00,17.875271703441314,18.999506326648362,17.825631445000248,18.737842559814453,749060000.0
2021-07-20 00:00:00-04:00,18.688207548588306,18.795966371733165,18.123470471927458,18.570470809936523,434687000.0
2021-07-21 00:00:00-04:00,18.83986423648893,19.48342535694125,18.700177259556888,19.36668586730957,371017000.0
2021-07-22 00:00:00-04:00,19.59816902543563,19.84262124158665,19.232984628727042,19.550275802612305,323826000.0
2021-07-23 00:00:00-04:00,19.612135581591964,19.656038014900673,19.207041478833922,19.514354705810547,195672000.0
2021-07-26 00:00:00-04:00,19.267908307327364,19.39861459525191,18.871792949550414,19.250946044921875,203943000.0
2021-07-27 00:00:00-04:00,19.22200834655241,19.57821202904054,18.699177517637054,19.165136337280273,248863000.0
2021-07-28 00:00:00-04:00,19.275885189194327,19.60215507409645,18.952608867881935,19.459474563598633,202191000.0
2021-07-29 00:00:00-04:00,19.475443459730137,19.808699693651445,19.284869681606036,19.618125915527344,190781000.0
2021-07-30 00:00:00-04:00,19.374667678926546,19.586194490823832,19.22001478198621,19.455488204956055,183497000.0
2021-08-02 00:00:00-04:00,19.656041136379148,19.91645840741657,19.317796898621157,19.705928802490234,217444000.0
2021-08-03 00:00:00-04:00,19.695952875592035,20.176877713912567,19.17711272208886,19.77078628540039,301811000.0
2021-08-04 00:00:00-04:00,19.945387459474443,20.27265647160843,19.783748345309515,20.2287540435791,231309000.0
2021-08-05 00:00:00-04:00,20.454256579946396,20.686736469006593,20.29660819505483,20.59095001220703,211435000.0
2021-08-06 00:00:00-04:00,20.478199273286513,20.524096148760073,20.164898907628032,20.3205509185791,178497000.0
2021-08-09 00:00:00-04:00,20.400374106685497,20.46223602836236,20.098050750515416,20.249711990356445,146443000.0
2021-08-10 00:00:00-04:00,20.276654093629627,20.38441290505014,19.790739367084083,19.891515731811523,179238000.0
2021-08-11 00:00:00-04:00,19.998274902544892,20.00426203166139,19.386643798764577,19.65504264831543,185925000.0
2021-08-12 00:00:00-04:00,19.8256587030102,19.984302369421908,19.576216606059397,19.860580444335938,151652000.0
2021-08-13 00:00:00-04:00,19.860582533688213,20.168893013178696,19.806702182493282,20.1429500579834,183063000.0
2021-08-16 00:00:00-04:00,20.09006796888295,20.24172919957382,19.409588774585117,19.905481338500977,210876000.0
2021-08-17 00:00:00-04:00,19.641070192734382,19.725881495356077,19.224003737171717,19.41457748413086,204585000.0
2021-08-18 00:00:00-04:00,19.456481498919505,19.590183225168474,18.957597357921568,18.997509002685547,285913000.0
2021-08-19 00:00:00-04:00,19.450499831207676,20.449267516834226,18.720132893608813,19.753822326660156,766555000.0
2021-08-20 00:00:00-04:00,19.94638866874233,20.818438857926825,19.888519437371215,20.769548416137695,675741000.0
2021-08-23 00:00:00-04:00,20.924207040526813,21.947916747279645,20.903253990213756,21.90900421142578,575807000.0
2021-08-24 00:00:00-04:00,21.704455946330775,21.909995609508034,21.486942027246627,21.744365692138672,297299000.0
2021-08-25 00:00:00-04:00,21.68849539272734,22.419859572593847,21.673529472839984,22.163433074951172,347701000.0
2021-08-26 00:00:00-04:00,22.150466120406026,22.29015313079848,21.741381101605732,22.018760681152344,237940000.0
2021-08-27 00:00:00-04:00,22.134496340275508,22.671295897934026,22.1175340779144,22.585487365722656,304722000.0
2021-08-30 00:00:00-04:00,22.77904862784939,22.99157260629776,22.500671961407967,22.637365341186523,262580000.0
2021-08-31 00:00:00-04:00,22.648349605435055,22.648349605435055,22.07453267310366,22.338987350463867,259850000.0
2021-09-01 00:00:00-04:00,22.4387809369474,22.650345047811708,22.311043792069864,22.39487075805664,201767000.0
2021-09-02 00:00:00-04:00,22.471716943160047,22.546563552164578,22.249175715898627,22.34996795654297,187834000.0
2021-09-03 00:00:00-04:00,22.279110432537877,22.938751008342507,22.154367377268184,22.796045303344727,280532000.0
2021-09-07 00:00:00-04:00,22.78606166362169,22.85192597011016,22.47570017386153,22.615413665771484,198107000.0
2021-09-08 00:00:00-04:00,22.46672147869918,22.56352220177863,21.931822107945237,22.293079376220703,254434000.0
2021-09-09 00:00:00-04:00,22.266137144440457,22.491672425697235,22.08550944017978,22.13141441345215,196856000.0
2021-09-10 00:00:00-04:00,22.302061280830465,22.579489705395595,22.224222499927517,22.431795120239258,248376000.0
2021-09-13 00:00:00-04:00,22.637374292609916,22.91679945314238,21.813071877295915,22.106468200683594,297500000.0
2021-09-14 00:00:00-04:00,22.229212641217604,22.363935372792017,22.040601959070237,22.19628143310547,199755000.0
2021-09-15 00:00:00-04:00,22.2631425592537,22.321023900271747,21.920847204700245,22.295076370239258,166538000.0
2021-09-16 00:00:00-04:00,22.13740269427345,22.231209337206835,21.881928392765175,22.19628143310547,156033000.0
2021-09-17 00:00:00-04:00,22.25415782047423,22.275114560061212,21.785124670126727,21.85498046875,294503000.0
2021-09-20 00:00:00-04:00,21.102537995936945,21.388948772302225,20.619533519615455,21.06960678100586,349440000.0
2021-09-21 00:00:00-04:00,21.372979599788614,21.380962578052618,20.90694040948947,21.20233154296875,204688000.0
2021-09-22 00:00:00-04:00,21.32208000784405,21.91485886480449,21.152429377866472,21.895898818969727,268726000.0
2021-09-23 00:00:00-04:00,22.094489243871266,22.488677753626337,21.845003134420406,22.435787200927734,248555000.0
2021-09-24 00:00:00-04:00,22.02463313008802,22.10347121162325,21.816063110959004,22.03561019897461,217655000.0
2021-09-27 00:00:00-04:00,21.66536924584113,21.754186986569398,21.281162375882687,21.6154727935791,245215000.0
2021-09-28 00:00:00-04:00,21.1703968348254,21.37497539579323,20.60855241188065,20.65645408630371,343069000.0
2021-09-29 00:00:00-04:00,20.8969576569864,20.973799045887088,20.424928447373038,20.47482681274414,218394000.0
2021-09-30 00:00:00-04:00,20.725307380902738,21.022695124605836,20.645471911080165,20.67341423034668,221009000.0
2021-10-01 00:00:00-04:00,20.707348593286746,20.816123798789594,20.161472062841753,20.699365615844727,240978000.0
2021-10-04 00:00:00-04:00,20.461853071607546,20.499775067963235,19.51480436585159,19.69144058227539,345635000.0
2021-10-05 00:00:00-04:00,19.9089926262976,20.605557809774158,19.813189288670248,20.40896224975586,279282000.0
2021-10-06 00:00:00-04:00,20.078647611481795,20.677412891143845,20.038728911009176,20.657455444335938,297202000.0
2021-10-07 00:00:00-04:00,21.048644411788743,21.278173092978495,20.928892137925292,21.031681060791016,256919000.0
2021-10-08 00:00:00-04:00,21.057624845328608,21.162408551642596,20.73229475421555,20.788179397583008,151258000.0
2021-10-11 00:00:00-04:00,20.532707830127908,21.019703686500428,20.46883830414969,20.6524600982666,163388000.0
2021-10-12 00:00:00-04:00,20.78518639102628,21.013715764405212,20.485803813514003,20.628509521484375,162134000.0
2021-10-13 00:00:00-04:00,20.87499739389011,20.946849883438986,20.670418895804758,20.895954132080078,180652000.0
2021-10-14 00:00:00-04:00,21.24424280701027,21.710281948455567,21.078583653114016,21.70130157470703,243589000.0
2021-10-15 00:00:00-04:00,21.765169217756938,21.885920792719308,21.6174746181001,21.817062377929688,226994000.0
2021-10-18 00:00:00-04:00,21.70429561198073,22.245181351573397,21.599509992231866,22.17632293701172,189494000.0
2021-10-19 00:00:00-04:00,22.23021142807593,22.333000354248618,21.991704268986588,22.244184494018555,161473000.0
2021-10-20 00:00:00-04:00,22.25914627310749,22.386883392945418,21.936810333681272,22.05756187438965,146276000.0
2021-10-21 00:00:00-04:00,22.051578953476707,22.66431717444452,22.037607791883655,22.645355224609375,187590000.0
2021-10-22 00:00:00-04:00,22.776083865908273,23.082451989687545,22.514623314038865,22.679283142089844,249384000.0
2021-10-25 00:00:00-04:00,22.92577932097551,23.306994101972588,22.72319746404904,23.118383407592773,230235000.0
2021-10-26 00:00:00-04:00,23.939690683779567,25.207080642552555,23.874823758987613,24.66619300842285,485898000.0
2021-10-27 00:00:00-04:00,24.42369501670846,25.038428062047632,24.232088329597563,24.400741577148438,245990000.0
2021-10-28 00:00:00-04:00,24.826860232435095,24.898712729396866,24.47259043881091,24.88973045349121,234204000.0
2021-10-29 00:00:00-04:00,24.94960969141113,25.656154574337645,24.94861229510661,25.514446258544922,292503000.0
2021-11-01 00:00:00-04:00,25.59627502178263,25.84077032372531,25.175141619253885,25.773908615112305,265740000.0
2021-11-02 00:00:00-04:00,25.768922765601214,26.62316223217399,25.746966723249745,26.346731185913086,294112000.0
2021-11-03 00:00:00-04:00,26.61517983790427,26.728945830452645,26.18107451423238,26.54332733154297,239910000.0
2021-11-04 00:00:00-04:00,27.173025240703954,31.30052251605344,27.06225336329066,29.73973846435547,1153631000.0
2021-11-05 00:00:00-04:00,30.124946942378365,31.335452807247698,29.34954374126454,29.690841674804688,851260000.0
2021-11-08 00:00:00-05:00,30.0870264157735,31.036071770159673,29.845523288055762,30.740680694580078,503101000.0
2021-11-09 00:00:00-05:00,32.215642328275685,32.243584649409264,29.90240643770052,30.59398078918457,646746000.0
2021-11-10 00:00:00-05:00,29.295656214442552,30.78658460535375,28.718843340660385,29.3984432220459,636206000.0
2021-11-11 00:00:00-05:00,30.40536867893391,30.527117630014917,29.715789152575233,30.32752799987793,332172000.0
2021-11-12 00:00:00-05:00,29.948309986730987,30.61693277323378,29.569090070156268,30.32752799987793,413054000.0
2021-11-15 00:00:00-05:00,30.4892007220748,30.581010672915156,29.186882831682748,29.96328353881836,384909000.0
2021-11-16 00:00:00-05:00,29.697827367892437,30.32752888145792,29.644934915209124,30.140913009643555,264484000.0
2021-11-17 00:00:00-05:00,30.355472726652906,30.446287176657105,28.74079861985027,29.200851440429688,428508000.0
2021-11-18 00:00:00-05:00,32.300470838936384,32.69266078141231,31.25661944023778,31.609891891479492,781711000.0
2021-11-19 00:00:00-05:00,32.17672655199687,33.01999092531616,31.839421944726077,32.91720199584961,533867000.0
2021-11-22 00:00:00-05:00,33.44810439942293,34.57578276040281,31.834429453313092,31.89031410217285,754335000.0
2021-11-23 00:00:00-05:00,31.470183138784694,32.293488203790815,30.816528733694998,31.680749893188477,532163000.0
2021-11-24 00:00:00-05:00,31.396332208296116,32.787465936329255,30.86442684819975,32.60683822631836,435162000.0
2021-11-26 00:00:00-05:00,32.532983184503145,32.64275766837907,31.285554692714413,31.43824005126953,283069000.0
2021-11-29 00:00:00-05:00,32.299473639315565,33.34332123751521,31.970150118608004,33.307395935058594,454964000.0
2021-11-30 00:00:00-05:00,33.100812239560405,33.28443590404543,31.798496565026007,32.60882568359375,622066000.0
2021-12-01 00:00:00-05:00,33.154776861217016,33.22464122012574,31.319329740346443,31.374223709106445,484368000.0
2021-12-02 00:00:00-05:00,31.15364560383076,32.41520148440624,30.96500997117329,32.063880920410156,472890000.0
2021-12-03 00:00:00-05:00,31.93813163483009,32.06688384228752,30.07174622980887,30.63365936279297,544325000.0
2021-12-06 00:00:00-05:00,29.822233455814413,30.182535611106626,27.983795458648544,29.978931427001953,658938000.0
2021-12-07 00:00:00-05:00,30.89715192628836,32.3862680389149,30.591741852503894,32.36430740356445,593053000.0
2021-12-08 00:00:00-05:00,31.937133093041922,32.22757083379196,31.360249588511806,31.764467239379883,475551000.0
2021-12-09 00:00:00-05:00,31.672645621504326,32.142737576964656,30.369170849219458,30.43105125427246,488507000.0
2021-12-10 00:00:00-05:00,31.089771173245374,31.24447216645624,29.80326389312655,30.139612197875977,488825000.0
2021-12-13 00:00:00-05:00,30.190518430638814,30.235431505717692,28.06164095629319,28.10655403137207,598344000.0
2021-12-14 00:00:00-05:00,27.645446231268327,28.62255352658214,27.1973149206465,28.28221321105957,667035000.0
2021-12-15 00:00:00-05:00,28.345094654187285,30.44103516074104,27.784180879721173,30.400114059448242,698297000.0
2021-12-16 00:00:00-05:00,31.09177893745993,31.099762893546814,28.038692428096375,28.332122802734375,707366000.0
2021-12-17 00:00:00-05:00,27.930897709289578,28.866086498078595,27.706332317032363,27.74725341796875,713758000.0
2021-12-20 00:00:00-05:00,27.25221181922181,28.089588585739136,27.09252129792592,27.6654109954834,461847000.0
2021-12-21 00:00:00-05:00,28.319146201461134,29.06370427813322,27.348025787144877,29.01879119873047,524385000.0
2021-12-22 00:00:00-05:00,28.835143931093477,29.497859735844237,28.393997137740122,29.343158721923828,395184000.0
2021-12-23 00:00:00-05:00,29.697470529314675,30.000883625325518,29.374097548298604,29.582693099975586,343022000.0
2021-12-27 00:00:00-05:00,29.60265640931932,31.02689755121152,29.582694619627713,30.88517189025879,403686000.0
2021-12-28 00:00:00-05:00,31.251463920554766,31.269428770384458,29.95397610422819,30.263378143310547,420591000.0
2021-12-29 00:00:00-05:00,30.214468521948493,30.48893643463612,29.30922069445387,29.9429931640625,343139000.0
2021-12-30 00:00:00-05:00,29.769330409557224,30.398113396990578,29.482886560839695,29.528797149658203,308864000.0
2021-12-31 00:00:00-05:00,29.616629435851035,29.97194206030295,29.274292165132447,29.354137420654297,266530000.0
2022-01-03 00:00:00-05:00,29.75735697767053,30.651624582903967,29.727414293582168,30.06276512145996,391547000.0
2022-01-04 00:00:00-05:00,30.218462985082912,30.40909369115047,28.294191075815277,29.23337173461914,527154000.0
2022-01-05 00:00:00-05:00,28.893035464509694,29.35913362383402,27.479774400893643,27.550636291503906,498064000.0
2022-01-06 00:00:00-05:00,27.586561835852063,28.38301936449731,27.012674649326257,28.12352180480957,454186000.0
2022-01-07 00:00:00-05:00,28.086597173535353,28.367054067504238,27.004691277778065,27.194324493408203,409939000.0
2022-01-10 00:00:00-05:00,26.52960811483407,27.415891757825346,25.594419420833177,27.34702491760254,594681000.0
2022-01-11 00:00:00-05:00,27.270177292552447,28.010743386947276,26.78711374014883,27.763221740722656,404089000.0
2022-01-12 00:00:00-05:00,28.012735506788296,28.539714564955542,27.554623289676226,27.944868087768555,383413000.0
2022-01-13 00:00:00-05:00,28.324133734411912,28.424938300544927,26.44676981062193,26.523622512817383,540171000.0
2022-01-14 00:00:00-05:00,26.249150789783805,27.144417793034062,26.15932464358932,26.889909744262695,395832000.0
2022-01-18 00:00:00-05:00,26.209230679570027,26.586500135365398,25.720178245364497,25.852920532226562,424270000.0
2022-01-19 00:00:00-05:00,26.028584046386747,26.491685829524776,25.003569036171825,25.018539428710938,488315000.0
2022-01-20 00:00:00-05:00,25.255081797321385,25.529549771779315,24.031450230407202,24.10331153869629,435181000.0
2022-01-21 00:00:00-05:00,23.461552019986037,24.775007677466373,23.218024282355426,23.32880973815918,718958000.0
2022-01-24 00:00:00-05:00,22.286829332930466,23.33479860637558,20.847617715138355,23.326814651489258,913982000.0
2022-01-25 00:00:00-05:00,22.502412770653898,22.898646539669308,21.957468790063057,22.280841827392578,664616000.0
2022-01-26 00:00:00-05:00,23.19506566521454,24.010485447475997,22.256882604649295,22.727970123291016,755959000.0
2022-01-27 00:00:00-05:00,23.52243589687238,23.948610407504805,21.633094151119476,21.901575088500977,573353000.0
2022-01-28 00:00:00-05:00,21.969444731157765,22.813809883208478,21.254829324418658,22.79584503173828,543774000.0
2022-01-31 00:00:00-05:00,23.137181729796545,24.46161782547409,23.00743389482427,24.438661575317383,564680000.0
2022-02-01 00:00:00-05:00,25.0554650218014,25.0963861195441,23.843811420300632,24.59036636352539,518925000.0
2022-02-02 00:00:00-05:00,25.74413004951072,25.767084393020323,24.505528293848347,25.19319725036621,543419000.0
2022-02-03 00:00:00-05:00,24.41071716026495,25.02851997099475,23.734028395076432,23.901702880859375,410178000.0
2022-02-04 00:00:00-05:00,23.925654836755538,24.587373159445693,23.586312009547193,24.271984100341797,354829000.0
2022-02-07 00:00:00-05:00,24.324880318773864,25.133313778359717,24.155208910844877,24.680192947387695,376868000.0
2022-02-08 00:00:00-05:00,24.31190344360398,25.18121973728533,23.933636493420686,25.05945587158203,410359000.0
2022-02-09 00:00:00-05:00,25.572463535153865,26.673331693511606,25.303984503910602,26.653369903564453,524282000.0
2022-02-10 00:00:00-05:00,25.944741556292165,26.87294187560028,25.550504800745372,25.774070739746094,513200000.0
2022-02-11 00:00:00-05:00,25.865896651576726,26.10144045086066,23.727040089477473,23.902698516845703,605472000.0
2022-02-14 00:00:00-05:00,23.887724983214174,24.82690559783672,23.709070216725344,24.220081329345703,440424000.0
2022-02-15 00:00:00-05:00,24.900762795130042,26.49367774510804,24.73608279745119,26.443775177001953,699869000.0
2022-02-16 00:00:00-05:00,26.208231811287334,26.530607279677454,25.502597989095346,26.45974349975586,732676000.0
2022-02-17 00:00:00-05:00,25.580445575519956,25.73514658054274,24.118279789032503,24.459617614746094,810595000.0
2022-02-18 00:00:00-05:00,24.620309963998448,24.937695983788053,23.055342404998548,23.596294403076172,761255000.0
2022-02-22 00:00:00-05:00,22.990464861191477,24.017474761924387,22.955532681143488,23.344778060913086,633422000.0
2022-02-23 00:00:00-05:00,23.755984848582248,24.10830305125006,22.257887203863643,22.343719482421875,566511000.0
2022-02-24 00:00:00-05:00,20.974366220614726,23.7539811823335,20.849607912086377,23.70208168029785,735801000.0
2022-02-25 00:00:00-05:00,23.675142133426366,24.170181628932145,23.33579928489238,24.11029815673828,528866000.0
2022-02-28 00:00:00-05:00,23.94561831319899,24.61731757852468,23.66116943855256,24.337858200073242,477319000.0
2022-03-01 00:00:00-05:00,24.244041391576477,24.32987557939702,23.087281555936872,23.43161392211914,412056000.0
2022-03-02 00:00:00-05:00,23.714111250736686,24.365959685395882,23.373712936549165,24.177291870117188,389642000.0
2022-03-03 00:00:00-05:00,24.219219994125485,24.283108229788855,23.427618955251905,23.67218780517578,365095000.0
2022-03-04 00:00:00-05:00,23.342769336842796,23.63824694769257,22.442359346497184,22.895559310913086,431415000.0
2022-03-07 00:00:00-05:00,22.776769140858917,22.992389803663198,21.292391465045675,21.31435203552246,450821000.0
2022-03-08 00:00:00-05:00,21.271426231053603,22.333549276082426,20.613587838111286,21.476064682006836,557467000.0
2022-03-09 00:00:00-05:00,22.34752397571556,23.179055323683137,22.207771447985007,22.973419189453125,492742000.0
2022-03-10 00:00:00-05:00,22.49127084816649,22.7478176453068,21.843415073164238,22.6180477142334,428066000.0
2022-03-11 00:00:00-05:00,22.98139859309267,23.104182771433283,22.00711999897,22.061025619506836,367209000.0
2022-03-14 00:00:00-04:00,21.830440015715702,22.22274672696289,21.121692803109244,21.292390823364258,385354000.0
2022-03-15 00:00:00-04:00,21.48005697889036,22.997377221162406,21.284403438506185,22.932491302490234,491996000.0
2022-03-16 00:00:00-04:00,23.45856243097872,24.553628211845854,23.131141677093435,24.45280647277832,671422000.0
2022-03-17 00:00:00-04:00,24.077471154131192,24.798196302698308,23.863847789795177,24.722332000732422,471941000.0
2022-03-18 00:00:00-04:00,24.755270261820684,26.5221495744112,24.5805796111346,26.406352996826172,730719000.0
2022-03-21 00:00:00-04:00,26.46026011637226,27.10412324336721,25.92121138568289,26.686859130859375,591727000.0
2022-03-22 00:00:00-04:00,26.679869314228366,27.18996980901101,26.026025549438742,26.47722816467285,547007000.0
2022-03-23 00:00:00-04:00,26.079931563168326,26.56507466192013,25.529904449568786,25.58880043029785,502120000.0
2022-03-24 00:00:00-04:00,26.11986368042065,28.270065012059774,25.861319580253287,28.100364685058594,877379000.0
2022-03-25 00:00:00-04:00,27.83682948218481,28.307997346511723,27.22291411401015,27.643171310424805,579016000.0
2022-03-28 00:00:00-04:00,27.707059896183978,28.20018833538596,27.158028538413475,28.16924285888672,425494000.0
2022-03-29 00:00:00-04:00,28.644403356385414,28.894960233335265,27.93066392483216,28.605472564697266,488984000.0
2022-03-30 00:00:00-04:00,28.25409196032564,28.44575284009706,27.454503782301863,27.64117431640625,463487000.0
2022-03-31 00:00:00-04:00,27.733010189112925,28.198188071817484,27.22191389271316,27.237884521484375,523440000.0
2022-04-01 00:00:00-04:00,27.326730894613775,27.447517830165626,26.220684779158603,26.664899826049805,517235000.0
2022-04-04 00:00:00-04:00,26.680870583661918,27.509406950687776,26.566073594108467,27.311756134033203,397120000.0
2022-04-05 00:00:00-04:00,27.205941957892414,27.270827874661148,25.774470555611817,25.88527488708496,436615000.0
2022-04-06 00:00:00-04:00,24.89003527746439,25.255389153160042,23.960677101781798,24.363964080810547,703833000.0
2022-04-07 00:00:00-04:00,24.397902669017775,24.678407313051004,23.436601401606985,24.165313720703125,557992000.0
2022-04-08 00:00:00-04:00,23.874826939519217,23.88081687759532,23.021335019105305,23.07823371887207,524781000.0
2022-04-11 00:00:00-04:00,22.17483029611759,22.280642378826183,21.621806322763018,21.878353118896484,575207000.0
2022-04-12 00:00:00-04:00,22.497263069478947,22.68493131080964,21.24447483857527,21.466083526611328,662258000.0
2022-04-13 00:00:00-04:00,21.689686094459127,22.460324131590653,21.417166779097364,22.163846969604492,516943000.0
2022-04-14 00:00:00-04:00,22.465317170334803,22.736838829968864,21.125684399232618,21.220516204833984,569097000.0
2022-04-18 00:00:00-04:00,21.162616730014566,22.049049416277743,21.041829811732452,21.74458885192871,525701000.0
2022-04-19 00:00:00-04:00,21.681703314644214,22.333551844356887,21.276419023596286,22.15886116027832,512781000.0
2022-04-20 00:00:00-04:00,22.477297203232133,22.630027304843697,21.16261996089313,21.444122314453125,468974000.0
2022-04-21 00:00:00-04:00,21.670721632732782,22.35251790891269,19.964735361645406,20.14741325378418,656209000.0
2022-04-22 00:00:00-04:00,20.267203520910318,20.449881439379148,19.465619783257164,19.480592727661133,624713000.0
2022-04-25 00:00:00-04:00,19.168140672030763,19.909830566482615,19.062328587721677,19.866907119750977,641566000.0
2022-04-26 00:00:00-04:00,19.683233812845796,19.753110084844213,18.637081301820754,18.754873275756836,653143000.0
2022-04-27 00:00:00-04:00,18.56520619274725,19.133203133217663,18.25775062172566,18.382530212402344,499460000.0
2022-04-28 00:00:00-04:00,18.933554552267157,20.001669421051762,18.457396362070916,19.74711799621582,570327000.0
2022-04-29 00:00:00-04:00,19.367785440638112,20.09250498859457,18.484345889537558,18.514293670654297,500435000.0
2022-05-02 00:00:00-04:00,18.508304867075665,19.539482298603552,18.358569760292387,19.49855613708496,572049000.0
2022-05-03 00:00:00-04:00,19.365792728207555,19.790044492832212,19.099263315754698,19.56743621826172,475751000.0
2022-05-04 00:00:00-04:00,19.887872567785628,20.364030816650885,18.717938127306436,20.298147201538086,648855000.0
2022-05-05 00:00:00-04:00,19.83196677519654,19.88986315661059,18.46737678729166,18.81077003479004,626331000.0
2022-05-06 00:00:00-04:00,18.702962121693464,19.47759284066745,17.958277283967274,18.64206886291504,633297000.0
2022-05-09 00:00:00-04:00,18.002198783908664,18.22280783313179,16.797326507132865,16.92011070251465,644455000.0
2022-05-10 00:00:00-04:00,17.657808494966158,18.16591176162213,16.994979755458832,17.563974380493164,761474000.0
2022-05-11 00:00:00-04:00,17.31641425027413,17.72169853655912,16.53878843716362,16.600677490234375,670167000.0
2022-05-12 00:00:00-04:00,16.190399781878746,16.75839666865511,15.539550023935458,16.14647674560547,708728000.0
2022-05-13 00:00:00-04:00,16.758397445943917,17.896386648845493,16.563741598498687,17.67477798461914,670437000.0
2022-05-16 00:00:00-04:00,17.478127488678094,17.756634863058387,17.075838212801916,17.233558654785156,521446000.0
2022-05-17 00:00:00-04:00,18.042131833684838,18.33860905502481,17.602909000272085,18.14495086669922,585830000.0
2022-05-18 00:00:00-04:00,17.673784269460523,18.086056216509657,16.83426743111135,16.90813636779785,545161000.0
2022-05-19 00:00:00-04:00,16.90713289482446,17.655810314998515,16.704489852561316,17.09380340576172,621310000.0
2022-05-20 00:00:00-04:00,17.301439650730654,17.379301231839957,15.727219718341468,16.66456413269043,739105000.0
2022-05-23 00:00:00-04:00,16.245302043892696,16.885172429110426,16.150470255550008,16.868202209472656,639889000.0
2022-05-24 00:00:00-04:00,16.480884249302466,16.567730715048278,15.75217113553823,16.125511169433594,588550000.0
2022-05-25 00:00:00-04:00,15.991752387255069,17.08082823067403,15.971787196303193,16.945068359375,781132000.0
2022-05-26 00:00:00-04:00,16.00772274521179,18.06009712140226,15.993747492579688,17.819522857666016,996575000.0
2022-05-27 00:00:00-04:00,18.15393407231878,18.84770829801262,18.068085271445213,18.77783203125,738379000.0
2022-05-31 00:00:00-04:00,18.94653566856395,19.166149002373768,18.317647267167107,18.639080047607422,664100000.0
2022-06-01 00:00:00-04:00,18.690985716581736,19.019404173433802,18.090046008838897,18.287696838378906,544514000.0
2022-06-02 00:00:00-04:00,18.259744381633755,19.584404063861257,18.165910274840577,19.557451248168945,648656000.0
2022-06-03 00:00:00-04:00,19.048351903370342,19.29791105823147,18.489338025612042,18.686988830566406,598779000.0
2022-06-06 00:00:00-04:00,19.10525257728722,19.302903402711614,18.53126570006665,18.75287437438965,422406000.0
2022-06-07 00:00:00-04:00,18.439427797960548,18.96649663523193,18.15592818906813,18.892627716064453,388914000.0
2022-06-08 00:00:00-04:00,18.76981947875276,19.15022859840962,18.506229327517012,18.619054794311523,363252000.0
2022-06-09 00:00:00-04:00,18.45231558845677,18.903613680842092,18.0129980018534,18.019987106323242,395574000.0
2022-06-10 00:00:00-04:00,17.572676596272817,17.669526126840736,16.84281056595567,16.947649002075195,465248000.0
2022-06-13 00:00:00-04:00,15.975163876009786,16.28667984582384,15.581775412240182,15.622712135314941,604153000.0
2022-06-14 00:00:00-04:00,15.706580080249356,16.041060084311727,15.388075033067116,15.811417579650879,469680000.0
2022-06-15 00:00:00-04:00,16.070017900307143,16.841818825545705,15.901280536590404,16.5013484954834,563936000.0
2022-06-16 00:00:00-04:00,15.835381941791066,15.91725539358905,15.377094762123194,15.576784133911133,545749000.0
2022-06-17 00:00:00-04:00,15.62370932462703,15.970170797325055,15.304206366327632,15.85534954071045,630334000.0
2022-06-21 00:00:00-04:00,16.44942865985989,16.981600402488183,16.381533414039843,16.540287017822266,483089000.0
2022-06-22 00:00:00-04:00,16.2008152838492,16.636139386270397,16.154887153230657,16.33460807800293,437135000.0
2022-06-23 00:00:00-04:00,16.493356178297404,16.559253709347978,15.828390615966093,16.199813842773438,463680000.0
2022-06-24 00:00:00-04:00,16.47438527374452,17.11339112344329,16.28467969796983,17.09941291809082,472153000.0
2022-06-27 00:00:00-04:00,17.285124651366967,17.303096357266742,16.600188793856667,16.842811584472656,427968000.0
2022-06-28 00:00:00-04:00,16.87376370628575,17.175294920885925,15.920246344399663,15.957189559936523,461149000.0
2022-06-29 00:00:00-04:00,15.789452817507586,15.795443069795565,15.146452414426411,15.517874717712402,482352000.0
2022-06-30 00:00:00-04:00,15.337156508002591,15.542837079558034,14.83893146631367,15.135470390319824,686070000.0
2022-07-01 00:00:00-04:00,14.875872599017027,15.039617581640591,14.369659640512438,14.500455856323242,577610000.0
2022-07-05 00:00:00-04:00,14.152997214317173,14.94776116044216,14.033183597161376,14.94077205657959,651397000.0
2022-07-06 00:00:00-04:00,14.986700366030874,15.295220723870164,14.766042751623154,15.106513977050781,529066000.0
2022-07-07 00:00:00-04:00,15.432008107054722,15.92024840415713,15.36511172210343,15.833383560180664,492903000.0
2022-07-08 00:00:00-04:00,15.406047929888661,16.012106019018525,15.36511120957137,15.813414573669434,467972000.0
2022-07-11 00:00:00-04:00,15.501898015957396,15.502896867323374,15.014655653490305,15.12847900390625,437321000.0
2022-07-12 00:00:00-04:00,15.244298205682169,15.407045277525851,14.853905384408769,15.058587074279785,458483000.0
2022-07-13 00:00:00-04:00,14.567350728800742,15.351131947423891,14.442544778008678,15.140459060668945,521918000.0
2022-07-14 00:00:00-04:00,15.084548659761676,15.44898186604473,14.705138394189763,15.348138809204102,456235000.0
2022-07-15 00:00:00-04:00,15.63469092075148,15.757499164605429,15.421022439601394,15.737530708312988,385935000.0
2022-07-18 00:00:00-04:00,16.276694132734946,16.870769817035264,15.977160590348932,16.076005935668945,670517000.0
2022-07-19 00:00:00-04:00,16.46040880264038,17.083440714371143,16.146897048307313,16.96562385559082,702366000.0
2022-07-20 00:00:00-04:00,16.920692343350403,17.90516175903346,16.774919082030355,17.779356002807617,760538000.0
2022-07-21 00:00:00-04:00,17.857243074595228,18.115839984498443,17.51777059528506,18.02198600769043,557049000.0
2022-07-22 00:00:00-04:00,17.865228498716533,17.939113051523027,17.110401344052836,17.2921199798584,536671000.0
2022-07-25 00:00:00-04:00,16.992586267935025,17.097424759310165,16.623161560156827,16.99757957458496,480748000.0
2022-07-26 00:00:00-04:00,16.86278591155121,16.892740033046326,16.452424540325435,16.507339477539062,397865000.0
2022-07-27 00:00:00-04:00,17.005563430899105,17.908161524582788,16.886748654316154,17.762388229370117,569776000.0
2022-07-28 00:00:00-04:00,17.947098395523145,18.11184128131467,17.412929010303365,17.956083297729492,474646000.0
2022-07-29 00:00:00-04:00,17.785350474084527,18.21568123422587,17.66453800022714,18.134807586669922,435460000.0
2022-08-01 00:00:00-04:00,18.153777639044684,18.816748460231146,17.96207621952918,18.412376403808594,476469000.0
2022-08-02 00:00:00-04:00,18.093867889937076,18.90860114970087,18.06391377512959,18.49724006652832,489527000.0
2022-08-03 00:00:00-04:00,18.155775030673695,18.93855851148196,18.108847099868385,18.86367416381836,418146000.0
2022-08-04 00:00:00-04:00,18.81974007621488,19.244079552001388,18.730877537420913,19.185171127319336,409652000.0
2022-08-05 00:00:00-04:00,18.780799269497617,19.199149448487784,18.637023710548704,18.959522247314453,386068000.0
2022-08-08 00:00:00-04:00,17.47483596635167,18.210691581679537,17.215239283630606,17.765382766723633,981859000.0
2022-08-09 00:00:00-04:00,17.22521567486623,17.419912616810684,16.698035559673613,17.059473037719727,668263000.0
2022-08-10 00:00:00-04:00,17.670531610147734,18.08987982144917,17.29012242671847,18.068912506103516,597422000.0
2022-08-11 00:00:00-04:00,18.10285410298937,18.67796013862692,17.84824889643112,17.914146423339844,509327000.0
2022-08-12 00:00:00-04:00,18.131810749254285,18.688945150127985,17.925131336436703,18.67995834350586,478094000.0
2022-08-15 00:00:00-04:00,18.671969218975686,19.13424981351242,18.584106483223596,19.00245475769043,457666000.0
2022-08-16 00:00:00-04:00,18.890633841490313,19.112289391272842,18.472283557883394,18.84969711303711,451240000.0
2022-08-17 00:00:00-04:00,18.494249352454208,18.658992249502052,18.116835824302285,18.30653953552246,446799000.0
2022-08-18 00:00:00-04:00,18.27258906814681,18.835712659380874,18.154772227670087,18.74385643005371,415447000.0
2022-08-19 00:00:00-04:00,18.37742938799248,18.491252751209018,17.742416940160584,17.8212947845459,441588000.0
2022-08-22 00:00:00-04:00,17.462848398941674,17.530743628369223,16.93966168585565,17.007556915283203,409593000.0
2022-08-23 00:00:00-04:00,16.962627909583983,17.437888836392574,16.94365639819852,17.154329299926758,369986000.0
2022-08-24 00:00:00-04:00,16.98558794436063,17.37897726355156,16.86877091270797,17.195262908935547,522661000.0
2022-08-25 00:00:00-04:00,16.817850295362327,17.91913857635644,16.806867692314558,17.885190963745117,770691000.0
2022-08-26 00:00:00-04:00,17.829285617148283,17.896181066938247,16.211799079933083,16.234764099121094,769127000.0
2022-08-29 00:00:00-04:00,15.995133924685081,16.312639207198323,15.742526376842438,15.776473045349121,496132000.0
2022-08-30 00:00:00-04:00,15.93522467499421,16.01410156014586,15.158432518208786,15.443988800048828,530181000.0
2022-08-31 00:00:00-04:00,15.360119797456045,15.51587778140862,14.935779319161014,15.07056999206543,573710000.0
2022-09-01 00:00:00-04:00,14.186943313242518,14.357678353574007,13.249401725179203,13.915366172790527,1178865000.0
2022-09-02 00:00:00-04:00,14.07811421619894,14.149003156104582,13.569903514231424,13.62581729888916,743157000.0
2022-09-06 00:00:00-04:00,13.709687300934593,13.757613132647895,13.330277005721786,13.444100379943848,535751000.0
2022-09-07 00:00:00-04:00,13.545969780215222,13.820625056780996,13.329242241678006,13.69678020477295,512657000.0
2022-09-08 00:00:00-04:00,13.442101543383522,13.990413000100926,13.352215340579692,13.972434997558594,624873000.0
2022-09-09 00:00:00-04:00,14.139224819065335,14.455827199487729,14.108264556321975,14.368936538696289,486612000.0
2022-09-12 00:00:00-04:00,14.350957931422553,14.528733921971712,14.180172168334149,14.486786842346191,484159000.0
2022-09-13 00:00:00-04:00,13.784669421834586,13.904518628297684,13.082552082468736,13.114511489868164,714956000.0
2022-09-14 00:00:00-04:00,13.23735723747835,13.273312285293565,12.896785812619402,13.111515998840332,588507000.0
2022-09-15 00:00:00-04:00,12.99865891833725,13.216384660038566,12.77394104372565,12.912766456604004,523625000.0
2022-09-16 00:00:00-04:00,12.726000201955259,13.195410315643226,12.601157157541842,13.181427955627441,670751000.0
2022-09-19 00:00:00-04:00,12.995660950331773,13.446094844196699,12.99366360650288,13.365196228027344,569685000.0
2022-09-20 00:00:00-04:00,13.198407796353832,13.4660709531129,13.040606184015623,13.159456253051758,524818000.0
2022-09-21 00:00:00-04:00,13.19641226499832,14.013385161039185,13.09354093450114,13.244351387023926,807679000.0
2022-09-22 00:00:00-04:00,13.053589709999544,13.132490994300221,12.412396524843558,12.545228958129883,759162000.0
2022-09-23 00:00:00-04:00,12.404405964748552,12.595166136683892,12.241610515089357,12.500285148620605,663309000.0
2022-09-26 00:00:00-04:00,12.475317729313494,12.643107026349453,12.198665076002735,12.212647438049316,547343000.0
2022-09-27 00:00:00-04:00,12.491297003764968,12.720009577879809,12.242610035621365,12.397415161132812,553854000.0
2022-09-28 00:00:00-04:00,12.394418888771625,12.806900467165594,12.338489441525518,12.720009803771973,542414000.0
2022-09-29 00:00:00-04:00,12.432370978846492,12.48430573642893,11.931001405248,12.204657554626465,532763000.0
2022-09-30 00:00:00-04:00,12.071823561069651,12.617138488258727,12.059838544347494,12.123758316040039,565638000.0
2022-10-03 00:00:00-04:00,12.331496475400929,12.66208117925796,12.089799766259942,12.496289253234863,547478000.0
2022-10-04 00:00:00-04:00,12.862828434100942,13.203400820052057,12.862828434100942,13.150466918945312,584182000.0
2022-10-05 00:00:00-04:00,12.89478814053337,13.30427315849744,12.605152326426335,13.192413330078125,507131000.0
2022-10-06 00:00:00-04:00,13.203402054182803,13.638854510072967,13.086548373024156,13.11351490020752,644157000.0
2022-10-07 00:00:00-04:00,12.48929899981872,12.654091789877265,12.006905646417971,12.060837745666504,672478000.0
2022-10-10 00:00:00-04:00,12.02188568072584,12.10877633421103,11.393675761746923,11.655346870422363,698699000.0
2022-10-11 00:00:00-04:00,11.546484864539092,11.83112689044151,11.268834019554221,11.571454048156738,667482000.0
2022-10-12 00:00:00-04:00,11.56446361639926,11.72026695087247,11.33075718597391,11.485562324523926,492590000.0
2022-10-13 00:00:00-04:00,10.957222291537898,12.062832466936056,10.79942071620188,11.94498062133789,850103000.0
2022-10-14 00:00:00-04:00,12.041861778962122,12.095793879242922,11.189933090714273,11.21290397644043,713432000.0
2022-10-17 00:00:00-04:00,11.503539169014037,11.932999622564797,11.502540973108799,11.873074531555176,580774000.0
2022-10-18 00:00:00-04:00,12.328500398811965,12.476314329749629,11.603412151905342,11.951973915100098,659362000.0
2022-10-19 00:00:00-04:00,11.864085613152273,12.334494942688758,11.819142034502585,12.035869598388672,523131000.0
2022-10-20 00:00:00-04:00,12.097791329296781,12.75296781971056,12.089801000398303,12.178689956665039,652398000.0
2022-10-21 00:00:00-04:00,12.082808987293975,12.482307307631256,11.872074435302578,12.450346946716309,609494000.0
2022-10-24 00:00:00-04:00,12.492296978724902,12.694043038902425,12.04885416271481,12.583182334899902,517457000.0
2022-10-25 00:00:00-04:00,12.678063781227348,13.283302935676588,12.648100758424672,13.244351387023926,505482000.0
2022-10-26 00:00:00-04:00,12.852839996298842,13.37118735519657,12.692041922988038,12.879805564880371,532953000.0
2022-10-27 00:00:00-04:00,13.612886696752097,13.820625721091393,13.105524152883197,13.159456253051758,583113000.0
2022-10-28 00:00:00-04:00,13.087545565034905,13.832609111860705,13.044599338614265,13.816628456115723,521040000.0
2022-10-31 00:00:00-04:00,13.76069928886386,13.820624367893192,13.280303318353992,13.48005199432373,486341000.0
2022-11-01 00:00:00-04:00,13.793659368317671,13.907516554815446,13.502026173930659,13.525996208190918,432817000.0
2022-11-02 00:00:00-04:00,13.832609351575078,14.192156967485618,13.194411785659703,13.202401161193848,672628000.0
2022-11-03 00:00:00-04:00,13.02662341252142,13.7636966949046,12.939732756516582,13.40414810180664,500065000.0
2022-11-04 00:00:00-04:00,13.968440819365393,14.211135766496513,13.679803144589222,14.138227462768555,612576000.0
2022-11-07 00:00:00-05:00,14.210134614268167,14.393903593979909,13.936479441145188,14.283042907714844,410061000.0
2022-11-08 00:00:00-05:00,14.782416354106235,14.872303507657966,14.198150808496923,14.583666801452637,595292000.0
2022-11-09 00:00:00-05:00,14.144217279717736,14.193156492308741,13.741723425961359,13.758702278137207,454414000.0
2022-11-10 00:00:00-05:00,14.78141849736078,15.753196449879484,14.528735884798065,15.730225563049316,700819000.0
2022-11-11 00:00:00-05:00,15.787152888563263,16.368421908305677,15.462561149104959,16.306499481201172,655487000.0
2022-11-14 00:00:00-05:00,16.19763886291601,16.519235097810885,15.902010008121769,16.2745418548584,527852000.0
2022-11-15 00:00:00-05:00,16.70100428796189,16.976656817848582,16.361431033277864,16.64507484436035,545876000.0
2022-11-16 00:00:00-05:00,16.141706658908717,16.341454383695524,15.853069034469385,15.890022277832031,649547000.0
2022-11-17 00:00:00-05:00,15.69526955824207,16.24557835765425,15.515495248164541,15.657317161560059,710894000.0
2022-11-18 00:00:00-05:00,15.945951080569174,15.981907079261498,15.101013685603117,15.38965129852295,492072000.0
2022-11-21 00:00:00-05:00,15.127981966089996,15.45756754683471,15.06106570167587,15.297768592834473,404739000.0
2022-11-22 00:00:00-05:00,15.308751955917504,16.037835754816946,15.10301031245184,16.017860412597656,472866000.0
2022-11-23 00:00:00-05:00,16.07778765170836,16.506249872107517,16.02785119143118,16.498258590698242,427241000.0
2022-11-25 00:00:00-05:00,16.297510910083282,16.466297423181434,16.151694328082346,16.249570846557617,167934000.0
2022-11-28 00:00:00-05:00,16.00587750224232,16.336463192763517,15.70525673572653,15.807127952575684,303741000.0
2022-11-29 00:00:00-05:00,15.807128424908809,15.91199708976901,15.500514664430007,15.619364738464355,298384000.0
2022-11-30 00:00:00-05:00,15.681301711729667,16.91306940041339,15.581402288704355,16.906076431274414,565298000.0
2022-12-01 00:00:00-05:00,16.98200093379881,17.247733765667537,16.618364626853012,17.11786460876465,470977000.0
2022-12-02 00:00:00-05:00,16.64234117792431,16.916067342010866,16.428554479527566,16.85912322998047,371389000.0
2022-12-05 00:00:00-05:00,16.66231883516899,16.978002762737614,16.455525140941326,16.593387603759766,352255000.0
2022-12-06 00:00:00-05:00,16.513468304609546,16.55642456672552,15.803178964975501,15.9710111618042,352694000.0
2022-12-07 00:00:00-05:00,15.7562255561555,16.169811994462453,15.6513300790908,16.103878021240234,372388000.0
2022-12-08 00:00:00-05:00,16.256728622158576,17.16182280977595,15.943041522391448,17.151832580566406,515456000.0
2022-12-09 00:00:00-05:00,17.142838730956267,17.565416038789124,16.95802427651782,16.983997344970703,465338000.0
2022-12-12 00:00:00-05:00,17.019962525032387,17.52046094302297,16.78020276960981,17.51746368408203,457328000.0
2022-12-13 00:00:00-05:00,18.512465094569276,18.771206815487115,17.69328557832657,18.053924560546875,656589000.0
2022-12-14 00:00:00-05:00,17.969013028546826,18.2337493318541,17.402580576281,17.656326293945312,496888000.0
2022-12-15 00:00:00-05:00,17.128849529308148,17.302675271457737,16.68329649685773,16.935043334960938,478542000.0
2022-12-16 00:00:00-05:00,16.847134332454832,17.023957357323482,16.393587913415725,16.554426193237305,478232000.0
2022-12-19 00:00:00-05:00,16.555430014041114,16.59239176744511,16.128856929377445,16.237747192382812,354039000.0
2022-12-20 00:00:00-05:00,16.0479374093435,16.293691733158465,15.836150439306303,16.06891632080078,403260000.0
2022-12-21 00:00:00-05:00,16.09788497158055,16.610372416442008,16.085895936024823,16.4844970703125,325025000.0
2022-12-22 00:00:00-05:00,16.0779039686439,16.121860588450037,14.867116217993509,15.32365894317627,565045000.0
2022-12-23 00:00:00-05:00,15.180804715704442,15.323661370905867,14.86811797738712,15.190794944763184,349326000.0
2022-12-27 00:00:00-05:00,15.058925281140848,15.084899302148365,14.041942751760569,14.106878280639648,464902000.0
2022-12-28 00:00:00-05:00,13.913071922510106,14.247736933600988,13.87011470494691,14.021963119506836,351066000.0
2022-12-29 00:00:00-05:00,14.387596879617865,14.668315033901369,14.212771707873936,14.588395118713379,354923000.0
2022-12-30 00:00:00-05:00,14.319664595858889,14.614369650707939,14.218765770853738,14.599385261535645,310490000.0
2023-01-03 00:00:00-05:00,14.836147214679976,14.981002656191748,14.081902182591683,14.30068302154541,401277000.0
2023-01-04 00:00:00-05:00,14.552431925929696,14.838145196007998,14.226757745256368,14.734249114990234,431324000.0
2023-01-05 00:00:00-05:00,14.476508145483907,14.549435094565505,14.13385075828424,14.250734329223633,389168000.0
2023-01-06 00:00:00-05:00,14.459525782981146,14.994990027309514,14.019966208080364,14.844141006469727,405044000.0
2023-01-09 00:00:00-05:00,15.268715599821135,16.039942919360875,15.125858005154026,15.612371444702148,504231000.0
2023-01-10 00:00:00-05:00,15.49149092072707,15.946035784394798,15.456526077786554,15.893089294433594,384101000.0
2023-01-11 00:00:00-05:00,15.824159457593446,16.011971174963055,15.547436042925577,15.984997749328613,353285000.0
2023-01-12 00:00:00-05:00,16.083897626620722,16.620359284778843,15.476504976085742,16.49448585510254,551409000.0
2023-01-13 00:00:00-05:00,16.261725447843773,16.905082595147245,16.148839459622973,16.882104873657227,447287000.0
2023-01-17 00:00:00-05:00,16.882101069354157,17.71027253708016,16.882101069354157,17.684297561645508,511102000.0
2023-01-18 00:00:00-05:00,17.64933001108455,17.855123353381586,17.264714843579952,17.359621047973633,439624000.0
2023-01-19 00:00:00-05:00,17.018962694085385,17.179802892609352,16.71426930548233,16.748233795166016,452932000.0
2023-01-20 00:00:00-05:00,16.99398826883285,17.838144467896704,16.80817535561797,17.8211612701416,564967000.0
2023-01-23 00:00:00-05:00,18.045934566497856,19.22575518813864,17.80018219062393,19.17380714416504,655163000.0
2023-01-24 00:00:00-05:00,18.808173425147835,19.47550662588318,18.80118045535214,19.24573516845703,496204000.0
2023-01-25 00:00:00-05:00,18.894086765066024,19.350630488500357,18.561419588158877,19.30367660522461,449537000.0
2023-01-26 00:00:00-05:00,19.681299120426033,20.14583427066666,19.258721787064815,19.782197952270508,489535000.0
2023-01-27 00:00:00-05:00,19.442538121142203,20.607372500637613,19.38559591313847,20.344635009765625,542142000.0
2023-01-30 00:00:00-05:00,19.930047598821574,20.119856196776876,19.130846582408306,19.14283561706543,488611000.0
2023-01-31 00:00:00-05:00,19.150828232771158,19.667311381220713,18.931048939885837,19.5174617767334,498017000.0
2023-02-01 00:00:00-05:00,19.67130927886173,21.170807752513607,19.5913893538845,20.92205810546875,660477000.0
2023-02-02 00:00:00-05:00,20.978999571946993,21.927049958105407,20.679300340238534,21.68729019165039,564276000.0
2023-02-03 00:00:00-05:00,20.978997108875344,21.723252844703303,20.768207695861946,21.07889747619629,429366000.0
2023-02-06 00:00:00-05:00,20.78519132864185,21.54842717853091,20.76521087366942,21.067909240722656,452197000.0
2023-02-07 00:00:00-05:00,21.360614360794933,22.23673802068742,21.12884604934928,22.15082359313965,664150000.0
2023-02-08 00:00:00-05:00,22.364609852385264,22.85511993042836,21.985989180590057,22.18279266357422,559651000.0
2023-02-09 00:00:00-05:00,22.583391079267905,22.996976567245348,22.097877100421048,22.314659118652344,523876000.0
2023-02-10 00:00:00-05:00,21.66830661145846,22.055917123650822,20.79018606002947,21.243730545043945,550737000.0
2023-02-13 00:00:00-05:00,21.516460573823032,22.025950766178745,20.941036401408137,21.766210556030273,474919000.0
2023-02-14 00:00:00-05:00,21.556418285015024,23.025947762746878,21.344630419532418,22.948026657104492,675474000.0
2023-02-15 00:00:00-05:00,22.526448693208266,22.832142420903672,22.08389284711268,22.741233825683594,420575000.0
2023-02-16 00:00:00-05:00,22.110863322037478,22.527446080733473,21.905069975862954,21.979995727539062,412026000.0
2023-02-17 00:00:00-05:00,21.609368499758,21.71825874769265,20.95402439345479,21.36661148071289,465888000.0
2023-02-21 00:00:00-05:00,20.978994510105068,21.472499862681932,20.597376640455924,20.634340286254883,410015000.0
2023-02-22 00:00:00-05:00,20.686293870610594,21.082896233045748,20.400578664452947,20.733245849609375,513184000.0
2023-02-23 00:00:00-05:00,23.416558173795323,23.86411008296413,23.001972300962063,23.64033317565918,1117995000.0
2023-02-24 00:00:00-05:00,23.201772660724565,23.450524180326013,22.924050815235166,23.262710571289062,589716000.0
2023-02-27 00:00:00-05:00,23.64632871610379,23.85611778942511,23.43054512484724,23.477497100830078,452994000.0
2023-02-28 00:00:00-05:00,23.348625571073445,23.801173550334713,23.182791220639693,23.192781448364258,455963000.0
2023-03-01 00:00:00-05:00,23.16880605034979,23.2327431288166,22.48549007597283,22.67530059814453,460026000.0
2023-03-02 00:00:00-05:00,22.465509649279113,23.356615814296525,22.40956399575206,23.290681838989258,389415000.0
2023-03-03 00:00:00-05:00,23.296676418290033,23.876096260572954,23.106865911464638,23.866106033325195,412393000.0
2023-03-06 00:00:00-05:00,23.867107967065923,24.223749385629638,23.463510762437853,23.530445098876953,437429000.0
2023-03-07 00:00:00-05:00,23.580404618172988,24.104968314326598,23.221701547557327,23.26866340637207,515154000.0
2023-03-08 00:00:00-05:00,23.467495262178186,24.179904417575,23.4045478535388,24.160919189453125,513573000.0
2023-03-09 00:00:00-05:00,24.154926880363863,24.43369646327495,23.363584656161375,23.416542053222656,501257000.0
2023-03-10 00:00:00-05:00,23.389563980500274,23.60738338746073,22.70713050905303,22.945932388305664,474866000.0
2023-03-13 00:00:00-04:00,22.733110719198105,23.278656924288573,22.278488563995207,22.946931838989258,421890000.0
2023-03-14 00:00:00-04:00,23.476489729466003,24.198888939320003,23.440518418628685,24.043018341064453,474910000.0
2023-03-15 00:00:00-04:00,23.74126688899198,24.26583051123997,23.340600837359847,24.2078800201416,524486000.0
2023-03-16 00:00:00-04:00,24.00704975815061,25.566752509117528,23.874158867454014,25.519792556762695,583253000.0
2023-03-17 00:00:00-04:00,25.960426557252433,26.37708012413153,25.646686200323746,25.70363998413086,848547000.0
2023-03-20 00:00:00-04:00,25.593727284385547,26.00238801858856,25.109129452450585,25.878490447998047,432747000.0
2023-03-21 00:00:00-04:00,26.158260863210074,26.370084715171625,25.359924553123577,26.177244186401367,547408000.0
2023-03-22 00:00:00-04:00,26.403054661635647,27.566089484334555,26.21521106020196,26.446020126342773,797295000.0
2023-03-23 00:00:00-04:00,27.092483687984217,27.476165594948146,26.66783736695665,27.168420791625977,564889000.0
2023-03-24 00:00:00-04:00,27.00855309347375,27.144439836382894,26.33311386181286,26.75676155090332,454920000.0
2023-03-27 00:00:00-04:00,26.814715931188335,26.977580691716717,26.343107731941966,26.508970260620117,361026000.0
2023-03-28 00:00:00-04:00,26.425039083852294,26.490984262629247,25.828534706856463,26.38806915283203,356104000.0
2023-03-29 00:00:00-04:00,26.802723367547372,27.055511611707683,26.57491207468501,26.961589813232422,393694000.0
2023-03-30 00:00:00-04:00,27.206390462009303,27.476166724602162,27.07949510855174,27.360261917114258,364516000.0
2023-03-31 00:00:00-04:00,27.117460914270833,27.810884824300686,27.082490132563102,27.75393295288086,433933000.0
2023-04-03 00:00:00-04:00,27.486159344006186,27.976750876466422,27.313302654961962,27.94178009033203,398716000.0
2023-04-04 00:00:00-04:00,27.94277892614299,27.9767510917249,27.284325709406502,27.430204391479492,368592000.0
2023-04-05 00:00:00-04:00,26.80672004860662,26.97557842011288,26.37308045320567,26.85867691040039,515015000.0
2023-04-06 00:00:00-04:00,26.561922527602437,27.057510906173512,26.405053322399837,27.01454734802246,397654000.0
2023-04-10 00:00:00-04:00,26.800728055248833,27.59806578859015,26.646856596653627,27.556100845336914,395279000.0
2023-04-11 00:00:00-04:00,27.70097606708646,27.76692123864769,27.10347122895872,27.14643669128418,314378000.0
2023-04-12 00:00:00-04:00,27.347271008432646,27.44518919596043,26.426035812990722,26.472997665405273,446259000.0
2023-04-13 00:00:00-04:00,26.71179965358217,26.864672482211642,26.307137180511106,26.441024780273438,353615000.0
2023-04-14 00:00:00-04:00,26.481990027168322,26.860675005002047,26.198225472529604,26.73577880859375,395660000.0
2023-04-17 00:00:00-04:00,26.542942510363897,26.983576314494652,26.41105214594061,26.97957992553711,321471000.0
2023-04-18 00:00:00-04:00,27.51013630310621,28.086656800927294,27.334281866827425,27.644023895263672,604812000.0
2023-04-19 00:00:00-04:00,27.3382818867537,27.976751256223757,27.209389286713794,27.907808303833008,358660000.0
2023-04-20 00:00:00-04:00,27.648020038897844,28.00672306467075,26.977577746060568,27.081491470336914,427713000.0
2023-04-21 00:00:00-04:00,26.929622069612844,27.16043117541032,26.699813490444193,27.09648323059082,345103000.0
2023-04-24 00:00:00-04:00,26.990569353375054,27.34327496276754,26.64885238383688,27.01954460144043,339282000.0
2023-04-25 00:00:00-04:00,27.055512582409374,27.224372863895415,26.203222209345313,26.219207763671875,378527000.0
2023-04-26 00:00:00-04:00,26.979579875522322,27.30730663861179,26.682825603237607,26.933616638183594,406337000.0
2023-04-27 00:00:00-04:00,27.340279304100545,27.47216966404172,26.60289125219407,27.203392028808594,377161000.0
2023-04-28 00:00:00-04:00,27.20239283065348,27.734949268700237,27.04851947681164,27.7259578704834,292216000.0
2023-05-01 00:00:00-04:00,27.8168827543935,29.033871779873245,27.75693310998625,28.88599395751953,570329000.0
2023-05-02 00:00:00-04:00,28.656185891505462,28.812056494254247,28.05968148797479,28.186574935913086,402730000.0
2023-05-03 00:00:00-04:00,27.8168839597217,28.3434468063841,27.449189488099005,27.778915405273438,383387000.0
2023-05-04 00:00:00-04:00,27.628042719288032,27.835870216951793,27.21738464010029,27.53911781311035,321850000.0
2023-05-05 00:00:00-04:00,27.802892348359304,28.731119816226787,27.707971926376775,28.65618324279785,361494000.0
2023-05-08 00:00:00-04:00,28.498313634929115,29.19573394414959,28.326457491586734,29.12679100036621,344979000.0
2023-05-09 00:00:00-04:00,28.87500228440972,28.94894023981755,28.426375730996305,28.547273635864258,314869000.0
2023-05-10 00:00:00-04:00,28.980912694288506,29.088824715990746,28.437365725975784,28.861013412475586,369350000.0
2023-05-11 00:00:00-04:00,28.872008465362846,28.92596448463801,28.222548521143974,28.554271697998047,322149000.0
2023-05-12 00:00:00-04:00,28.505309520725387,28.756102453152394,28.022710790728325,28.31646728515625,274222000.0
2023-05-15 00:00:00-04:00,28.48432305555233,28.944940629571672,28.12861972567892,28.928953170776367,293926000.0
2023-05-16 00:00:00-04:00,28.817050841568992,29.845197623603145,28.808059443130762,29.18874168395996,449405000.0
2023-05-17 00:00:00-04:00,29.559430384373677,30.173919403634283,29.40555895083751,30.152936935424805,432535000.0
2023-05-18 00:00:00-04:00,30.384746671659997,31.801568399451863,30.294821257305664,31.65169334411621,748725000.0
2023-05-19 00:00:00-04:00,31.50981251370551,31.553776602186183,30.89032841498642,31.238039016723633,473908000.0
2023-05-22 00:00:00-04:00,30.875338986536004,31.49382635847514,30.654523739106693,31.15011215209961,372000000.0
2023-05-23 00:00:00-04:00,30.97426067554003,31.26202165563563,30.605567574899254,30.662519454956055,356253000.0
2023-05-24 00:00:00-04:00,30.184913250484932,30.58158485433067,29.781249395568967,30.51264190673828,721419000.0
2023-05-25 00:00:00-04:00,38.491015705753476,39.44722190361269,36.604582699702306,37.94846725463867,1543911000.0
2023-05-26 00:00:00-04:00,37.85853900635431,39.13747499196258,37.51882115873588,38.91366195678711,714397000.0
2023-05-30 00:00:00-04:00,40.56129320908205,41.903176556488546,39.91582970590061,40.077693939208984,923401000.0
2023-05-31 00:00:00-04:00,39.45520761311079,40.26153667698876,37.79059071532984,37.802581787109375,1002580000.0
2023-06-01 00:00:00-04:00,38.457038285135596,40.01674290011226,38.30816374839411,39.736976623535156,635873000.0
2023-06-02 00:00:00-04:00,40.0637069703337,40.46637223130838,39.02556820427834,39.29434585571289,482731000.0
2023-06-05 00:00:00-04:00,38.87669004097322,39.5321435245976,38.674858118858616,39.13847351074219,396094000.0
2023-06-06 00:00:00-04:00,38.797754990174724,39.12747895572034,38.11631834652575,38.62189865112305,388729000.0
2023-06-07 00:00:00-04:00,38.886701533947004,39.47027647730588,37.32883333327853,37.44774627685547,511998000.0
2023-06-08 00:00:00-04:00,37.69657810413266,38.83574884803621,37.47773933461828,38.48200607299805,417772000.0
2023-06-09 00:00:00-04:00,39.00862167695387,39.682131514283476,38.53896592503453,38.741817474365234,427717000.0
2023-06-12 00:00:00-04:00,39.17150019392895,39.50125828347373,38.58992260823452,39.45329284667969,388701000.0
2023-06-13 00:00:00-04:00,40.15678529799824,41.07112100095235,39.711110397236205,40.9921760559082,613208000.0
2023-06-14 00:00:00-04:00,40.794327015832565,42.96874400584985,40.52252155664653,42.96574783325195,740465000.0
2023-06-15 00:00:00-04:00,42.57103621355931,43.25753714671118,42.11636509751025,42.62199783325195,568622000.0
2023-06-16 00:00:00-04:00,43.41840945055139,43.689212322344694,42.6299816471878,42.66096115112305,655709000.0
2023-06-20 00:00:00-04:00,42.966744812657,43.95802428329941,42.64297902478398,43.776153564453125,451153000.0
2023-06-21 00:00:00-04:00,43.469375994641815,43.583295347445485,42.04941138244555,43.01370620727539,551603000.0
2023-06-22 00:00:00-04:00,42.222282851099834,43.394430482977334,42.203299468583864,42.99372482299805,417737000.0
2023-06-23 00:00:00-04:00,42.4331298944521,42.77787649157712,41.98445500064074,42.178314208984375,358140000.0
2023-06-26 00:00:00-04:00,42.43012776772855,42.73290887794561,40.070844243899195,40.60245895385742,594322000.0
2023-06-27 00:00:00-04:00,40.76934141492228,41.90951081905212,40.418598644089215,41.845558166503906,462175000.0
2023-06-28 00:00:00-04:00,40.63044766274905,41.8145877625639,40.48855257782623,41.08711624145508,582639000.0
2023-06-29 00:00:00-04:00,41.52778134342767,41.56975062175712,40.57047773361946,40.79231643676758,380514000.0
2023-06-30 00:00:00-04:00,41.649698416136715,42.51906484775984,41.470827697536826,42.271244049072266,501148000.0
2023-07-03 00:00:00-04:00,42.486092309128985,42.866815875282846,42.171322657706185,42.38216781616211,198209000.0
2023-07-05 00:00:00-04:00,42.10436890718979,43.14561125771648,42.05440601633571,42.28623962402344,323618000.0
2023-07-06 00:00:00-04:00,41.81358472410437,42.14834029261051,41.31594563009927,42.07239532470703,303582000.0
2023-07-07 00:00:00-04:00,42.29123113247118,43.18258476591584,42.14933607210184,42.47209930419922,355881000.0
2023-07-10 00:00:00-04:00,42.625988347315335,42.77987571297271,41.618717966437515,42.14933395385742,353908000.0
2023-07-11 00:00:00-04:00,42.45011335397041,42.72691238917329,42.0364166991454,42.374168395996094,298244000.0
2023-07-12 00:00:00-04:00,43.001711413643235,43.90305599140233,42.74589703423399,43.870079040527344,481277000.0
2023-07-13 00:00:00-04:00,44.48564153669653,46.12144883056754,44.459659460176354,45.943580627441406,478204000.0
2023-07-14 00:00:00-04:00,46.549128177642544,48.05303491082442,45.0272367895013,45.43593978881836,772075000.0
2023-07-17 00:00:00-04:00,46.25534736982459,46.46219379188679,45.22909361606182,46.42721939086914,510488000.0
2023-07-18 00:00:00-04:00,46.66704987722195,47.86118084029625,45.70075380485252,47.45947265625,569164000.0
2023-07-19 00:00:00-04:00,47.42949003823852,47.78323273939186,46.708014876201304,47.04277038574219,427502000.0
2023-07-20 00:00:00-04:00,46.473189933800484,47.052770110424305,45.029240736563175,45.486907958984375,537865000.0
2023-07-21 00:00:00-04:00,45.75470382328609,45.83265003376799,44.06793151342547,44.27677917480469,963769000.0
2023-07-24 00:00:00-04:00,44.69847992512501,45.076207287411634,44.00798419764258,44.579566955566406,382516000.0
2023-07-25 00:00:00-04:00,44.90832769720461,46.14942147302996,44.8903392287754,45.645790100097656,348081000.0
2023-07-26 00:00:00-04:00,45.98753948381612,46.019517711894565,44.59755199508339,45.41895294189453,364237000.0
2023-07-27 00:00:00-04:00,46.48518000024853,47.360542567448725,45.716738084889066,45.86663055419922,455976000.0
2023-07-28 00:00:00-04:00,46.63406993246034,46.9928100852104,46.34727984222391,46.71601104736328,331194000.0
2023-07-31 00:00:00-04:00,46.7200135632976,47.09573967930946,46.472192750297545,46.695030212402344,251055000.0
2023-08-01 00:00:00-04:00,46.42621596962975,46.86589846585085,45.9935321648279,46.473182678222656,237858000.0
2023-08-02 00:00:00-04:00,45.79768501941141,45.80667734864654,43.35546141010275,44.236820220947266,530142000.0
2023-08-03 00:00:00-04:00,43.768151421029266,45.08519387093538,43.768151421029266,44.48263168334961,324176000.0
2023-08-04 00:00:00-04:00,44.95229672936695,45.6088167758493,44.36072805590183,44.647518157958984,362666000.0
2023-08-07 00:00:00-04:00,45.07819872686724,45.50688764412976,44.5305968558967,45.383975982666016,322154000.0
2023-08-08 00:00:00-04:00,44.820388704613485,45.20910580762462,44.0239673068551,44.631526947021484,353843000.0
2023-08-09 00:00:00-04:00,44.24180664104453,44.27978102394421,42.10336324472602,42.5230598449707,586449000.0
2023-08-10 00:00:00-04:00,42.12934668006803,43.542320070346236,41.80458221463355,42.357181549072266,492705000.0
2023-08-11 00:00:00-04:00,41.72064293519623,41.98745090774671,40.6094519413775,40.825294494628906,533085000.0
2023-08-14 00:00:00-04:00,40.456564582325726,43.76815430441539,40.28169257903262,43.721187591552734,690286000.0
2023-08-15 00:00:00-04:00,44.52760635786077,45.23509182651046,43.67822201869262,43.90805435180664,676512000.0
2023-08-16 00:00:00-04:00,44.487636389026356,44.6425224910749,43.37444399152848,43.45438766479492,527451000.0
2023-08-17 00:00:00-04:00,43.93803287430319,44.02996504043604,42.9697356160732,43.3124885559082,452395000.0
2023-08-18 00:00:00-04:00,42.60400217656772,43.546317397362685,41.62971253779868,43.267520904541016,583768000.0
2023-08-21 00:00:00-04:00,44.46165201493228,47.030782025071126,44.18985040134457,46.93285369873047,692573000.0
2023-08-22 00:00:00-04:00,48.100005574504046,48.15196972371808,45.30004440741636,45.63479995727539,755293000.0
2023-08-23 00:00:00-04:00,45.83265025448145,47.16567988754013,45.175127765388154,47.08174133300781,779046000.0
2023-08-24 00:00:00-04:00,50.179489575369686,50.22945246000163,47.124712989648934,47.12870788574219,1156044000.0
2023-08-25 00:00:00-04:00,46.97782350910496,47.7702462695261,44.99126600172495,45.98454666137695,925341000.0
2023-08-28 00:00:00-04:00,46.44820509438741,46.945844136189635,44.85536600768865,46.80094909667969,685192000.0
2023-08-29 00:00:00-04:00,46.632071231077255,49.04531628812588,46.35726964870884,48.748531341552734,701397000.0
2023-08-30 00:00:00-04:00,49.00834626983168,49.890703795125454,48.3897967692124,49.228187561035156,735206000.0
2023-08-31 00:00:00-04:00,49.34410566617648,49.70783948086103,48.922411542832535,49.319122314453125,528570000.0
2023-09-01 00:00:00-04:00,49.72582320725818,49.76379378137674,48.10699823052651,48.473731994628906,463830000.0
2023-09-05 00:00:00-04:00,48.187938474576626,48.81548404497399,47.825203434833014,48.51270294189453,382653000.0
2023-09-06 00:00:00-04:00,48.40977397493204,48.51770224742843,46.54997362392489,47.030662536621094,468670000.0
2023-09-07 00:00:00-04:00,45.49565127611613,46.31412350573911,45.122890653596215,46.21118927001953,433330000.0
2023-09-08 00:00:00-04:00,45.912385845022,46.575955463730146,45.241816956969146,45.54262161254883,473069000.0
2023-09-11 00:00:00-04:00,46.11825605447847,46.13324577689998,44.28344083510268,45.14888381958008,473966000.0
2023-09-12 00:00:00-04:00,44.7091572109494,45.64355580633702,44.50228992802937,44.84107208251953,349256000.0
2023-09-13 00:00:00-04:00,44.571249185878756,45.900393693899545,44.47431159036819,45.45568084716797,398355000.0
2023-09-14 00:00:00-04:00,45.92038211332298,45.95735701328926,45.101909783891045,45.55162048339844,370097000.0
2023-09-15 00:00:00-04:00,45.31176150881473,45.56959455833425,43.77974911676851,43.8716926574707,506831000.0
2023-09-18 00:00:00-04:00,42.720443095064276,44.213479451862526,41.972924204170205,43.93765640258789,500271000.0
2023-09-19 00:00:00-04:00,43.80474129556245,43.93765497175379,42.97427575565499,43.491943359375,373064000.0
2023-09-20 00:00:00-04:00,43.571891798323115,43.874697872716084,42.1957805773011,42.211769104003906,367108000.0
2023-09-21 00:00:00-04:00,41.55618793535061,42.072852871721146,40.9535761024681,40.99055099487305,450736000.0
2023-09-22 00:00:00-04:00,41.5452019552033,42.08785502643417,41.204422154786,41.58317947387695,479236000.0
2023-09-25 00:00:00-04:00,41.564184746897794,42.50857517454085,41.15045020013546,42.19477844238281,419091000.0
2023-09-26 00:00:00-04:00,41.97392192797056,42.79239417282539,41.62814431891952,41.88397979736328,402282000.0
2023-09-27 00:00:00-04:00,42.302708909565496,42.84435926371942,41.60216067664093,42.440616607666016,444935000.0
2023-09-28 00:00:00-04:00,42.43262220486007,43.41798652388978,42.08784724239294,43.06121826171875,424663000.0
2023-09-29 00:00:00-04:00,43.79874253504086,44.11553949357653,43.27907734367155,43.47095489501953,397830000.0
2023-10-02 00:00:00-04:00,44.00161019361143,45.14587240598545,43.83272043820974,44.75312805175781,433298000.0
2023-10-03 00:00:00-04:00,44.77910920077743,45.10090400420974,43.2181160083425,43.48894119262695,470850000.0
2023-10-04 00:00:00-04:00,43.71379676145412,44.11453918197064,43.264086148476274,44.012603759765625,361821000.0
2023-10-05 00:00:00-04:00,44.02160569733858,44.87106009571042,43.859711368944936,44.65919494628906,393483000.0
2023-10-06 00:00:00-04:00,44.16450946291641,45.759481188953075,43.99761731119279,45.73249816894531,434436000.0
2023-10-09 00:00:00-04:00,44.81309065878453,45.575599261777526,44.339397209393,45.243812561035156,409675000.0
2023-10-10 00:00:00-04:00,45.280790227106074,46.22917591041197,45.05893322747722,45.76847457885742,368582000.0
2023-10-11 00:00:00-04:00,46.16621813703432,46.82879273607268,46.02031234982247,46.77582550048828,378137000.0
2023-10-12 00:00:00-04:00,46.74684673062692,47.57831113328324,46.30013628160048,46.914737701416016,481325000.0
2023-10-13 00:00:00-04:00,46.92972437247631,47.0856258439627,45.25080714920821,45.43169021606445,474115000.0
2023-10-16 00:00:00-04:00,45.03395227290401,46.195202001343034,44.88304863104429,46.06528854370117,375099000.0
2023-10-17 00:00:00-04:00,43.97163208495719,44.72514757843825,42.45261161000831,43.909671783447266,812333000.0
2023-10-18 00:00:00-04:00,42.56354235108208,43.19113966201485,41.79803732924531,42.16879653930664,627294000.0
2023-10-19 00:00:00-04:00,42.78340929051087,43.269096126284076,41.85500717367188,42.07386779785156,501233000.0
2023-10-20 00:00:00-04:00,41.86299514075664,42.44262307555848,41.05151831937694,41.360321044921875,477266000.0
2023-10-23 00:00:00-04:00,41.20242325687503,43.22012278548461,40.91860593108143,42.947296142578125,478530000.0
2023-10-24 00:00:00-04:00,43.049228794577566,43.66882802570082,42.66347986731124,43.634849548339844,401463000.0
2023-10-25 00:00:00-04:00,43.37002736306011,43.621867655032496,41.52821673196295,41.752071380615234,398379000.0
2023-10-26 00:00:00-04:00,41.826015100945305,42.22875513682953,39.85428765821612,40.29999923706055,541001000.0
2023-10-27 00:00:00-04:00,41.10348715819275,41.17943837928563,39.98920425077625,40.47389221191406,416784000.0
2023-10-30 00:00:00-04:00,41.06051446991565,41.73907378443747,40.45490233078289,41.134464263916016,388028000.0
2023-10-31 00:00:00-04:00,40.42392261933526,40.8526468966784,39.204707934267006,40.75370788574219,517969000.0
2023-11-01 00:00:00-04:00,40.857645026484356,42.353681706486846,40.84265530544935,42.2977180480957,437593000.0
2023-11-02 00:00:00-04:00,43.30006060911841,43.85570184848127,42.866342349318806,43.47794723510742,409172000.0
2023-11-03 00:00:00-04:00,43.99161716605405,45.27978369407566,43.69480778178644,44.975982666015625,424610000.0
2023-11-06 00:00:00-05:00,45.25580503371784,45.90538750972343,44.87005229839821,45.72150421142578,400733000.0
2023-11-07 00:00:00-05:00,45.68952517362853,46.18820018807057,45.12888604597762,45.92537307739258,343165000.0
2023-11-08 00:00:00-05:00,46.07027857367067,46.83678620591324,45.93836370236791,46.543975830078125,346719000.0
2023-11-09 00:00:00-05:00,47.43639225510904,48.198900759423964,46.719855523319985,46.91972732543945,540496000.0
2023-11-10 00:00:00-05:00,47.46937982263058,48.440753359097926,47.25252065392858,48.30384063720703,421245000.0
2023-11-13 00:00:00-05:00,48.28884773723465,49.08433598855006,48.06798954522677,48.588653564453125,384136000.0
2023-11-14 00:00:00-05:00,49.647968075180216,49.80186810947218,49.00838133866222,49.62398147583008,416954000.0
2023-11-15 00:00:00-05:00,49.902809365822506,49.927790961524366,48.168927272564574,48.856483459472656,475497000.0
2023-11-16 00:00:00-05:00,48.64761498651586,49.49307019754156,48.29884098078787,49.448097229003906,339756000.0
2023-11-17 00:00:00-05:00,49.49207615888525,49.68495254819164,48.975411113822275,49.2662239074707,325205000.0
2023-11-20 00:00:00-05:00,49.28020261348705,50.51540566951471,49.14928656723216,50.376495361328125,414120000.0
2023-11-21 00:00:00-05:00,50.09368225266799,50.48442900851123,49.1902657498463,49.911800384521484,565747000.0
2023-11-22 00:00:00-05:00,49.81985461878129,50.302541056638844,47.659246201339464,48.68458557128906,899420000.0
2023-11-24 00:00:00-05:00,48.438750082118126,48.88945951237367,47.7142152401005,47.74519729614258,294645000.0
2023-11-27 00:00:00-05:00,47.769182964937485,48.49871188238506,47.62127956875629,48.210899353027344,395662000.0
2023-11-28 00:00:00-05:00,48.204898277235316,48.29184398043461,47.442389759187826,47.790164947509766,401491000.0
2023-11-29 00:00:00-05:00,48.34781498680007,48.730567513457544,47.82914854414182,48.10896682739258,382005000.0
2023-11-30 00:00:00-05:00,47.993034557521675,48.07898145694806,46.392070077516905,46.739845275878906,526247000.0
2023-12-01 00:00:00-05:00,46.495004895434896,47.16956893202257,46.15722156787437,46.73484802246094,369317000.0
2023-12-04 00:00:00-05:00,46.04729530005155,46.04729530005155,44.98098181883111,45.48065948486328,437543000.0
2023-12-05 00:00:00-05:00,45.44068360016381,46.57405104711008,45.24579248346221,46.54007339477539,371718000.0
2023-12-06 00:00:00-05:00,47.188713605709914,47.36061873070036,45.38671600748787,45.477664947509766,380590000.0
2023-12-07 00:00:00-05:00,45.67455588233509,46.6030394870367,45.578608662273986,46.5700569152832,350823000.0
2023-12-08 00:00:00-05:00,46.5690536083124,47.71441533754204,46.52407668516983,47.47954559326172,359224000.0
2023-12-11 00:00:00-05:00,47.46455720613541,47.504532035793474,45.8044827851011,46.601036071777344,509728000.0
2023-12-12 00:00:00-05:00,46.02036339199116,47.63946032153252,46.02036339199116,47.63046646118164,372387000.0
2023-12-13 00:00:00-05:00,47.60248182794816,48.5669446692335,47.58149361223289,48.06122589111328,447792000.0
2023-12-14 00:00:00-05:00,48.36305679932983,48.64289968086901,47.395597257027774,48.32307815551758,391232000.0
2023-12-15 00:00:00-05:00,48.167169853296684,49.37649531142181,48.09320973878579,48.8627815246582,479948000.0
2023-12-18 00:00:00-05:00,49.37249683921415,50.40491882356695,49.12263603296827,50.04911804199219,412587000.0
2023-12-19 00:00:00-05:00,49.396473996646186,49.67232125952952,48.86776928450163,49.57637405395508,464444000.0
2023-12-20 00:00:00-05:00,49.62734838444094,49.97115859701397,48.07121619318162,48.08420944213867,397894000.0
2023-12-21 00:00:00-05:00,48.78381779537504,49.067660031222275,48.3920339970984,48.96271896362305,300425000.0
2023-12-22 00:00:00-05:00,49.16760528234189,49.355500319360594,48.44001003124747,48.80281066894531,252507000.0
2023-12-26 00:00:00-05:00,48.940732556066926,49.57238062064836,48.93273759007069,49.25156021118164,244200000.0
2023-12-27 00:00:00-05:00,49.483437657255976,49.65234228998856,49.05767232034617,49.389488220214844,233648000.0
2023-12-28 00:00:00-05:00,49.61535772949362,49.85622084400242,49.384483556355164,49.494422912597656,246587000.0
2023-12-29 00:00:00-05:00,49.78526123454254,49.969160695229064,48.7238523373362,49.494422912597656,389293000.0
2024-01-02 00:00:00-05:00,49.216575301212856,49.26754558758411,47.568495374432075,48.14117431640625,411254000.0
2024-01-03 00:00:00-05:00,47.45855812854748,48.15716638258974,47.29364909537562,47.542510986328125,320896000.0
2024-01-04 00:00:00-05:00,47.74040114665584,48.47299471292731,47.48154648897857,47.971275329589844,306535000.0
2024-01-05 00:00:00-05:00,48.43501923291163,49.51941421396134,48.27910404671196,49.069664001464844,415039000.0
2024-01-08 00:00:00-05:00,49.48442892614956,52.2458907620678,49.4514463575837,52.223899841308594,642510000.0
2024-01-09 00:00:00-05:00,52.371821875549315,54.29475029719907,51.66121544197603,53.110408782958984,773100000.0
2024-01-10 00:00:00-05:00,53.58614782430592,54.569597281107285,53.45921582315341,54.31973648071289,533796000.0
2024-01-11 00:00:00-05:00,54.9683767860804,55.315183696465496,53.530178853161665,54.791473388671875,596759000.0
2024-01-12 00:00:00-05:00,54.58958868273426,54.939396104159464,54.2997530407885,54.67953872680664,352994000.0
2024-01-16 00:00:00-05:00,54.98736610755934,56.80335188433168,54.86943178251625,56.35060501098633,449580000.0
2024-01-17 00:00:00-05:00,56.31562839717504,56.43955990801359,54.70952466514394,56.021793365478516,474394000.0
2024-01-18 00:00:00-05:00,57.22811763397988,57.567928484455464,56.0757597125632,57.07520294189453,491650000.0
2024-01-19 00:00:00-05:00,57.956711672124605,59.46687197330924,57.19313710812396,59.45787811279297,543501000.0
2024-01-22 00:00:00-05:00,60.01556528618006,60.29740976678535,59.037110289114665,59.620784759521484,452955000.0
2024-01-23 00:00:00-05:00,59.5368279679321,59.87663879045011,58.55237585802376,59.83966064453125,294654000.0
2024-01-24 00:00:00-05:00,60.27042173718701,62.81400277309229,59.90462440869122,61.32783126831055,560271000.0
2024-01-25 00:00:00-05:00,62.3152848013764,62.68408265284871,60.81611993386063,61.58269500732422,482777000.0
2024-01-26 00:00:00-05:00,60.92605348243829,61.748597055065574,60.53927175910999,60.997013092041016,390309000.0
2024-01-29 00:00:00-05:00,61.197898867345,62.45419882429467,60.87308290712382,62.430213928222656,348733000.0
2024-01-30 00:00:00-05:00,62.86497347083293,63.45764174361534,62.22532667454649,62.73904037475586,410735000.0
2024-01-31 00:00:00-05:00,61.40579108468123,62.23433190687522,60.666205224632265,61.49274444580078,453795000.0
2024-02-01 00:00:00-05:00,62.06541944015991,63.15581535659614,61.615673062934434,62.991905212402344,369146000.0
2024-02-02 00:00:00-05:00,63.938381369175765,66.56291878931643,63.654539090246594,66.1231689453125,476578000.0
2024-02-05 00:00:00-05:00,68.18701012748092,69.45830503749701,67.16758142852466,69.29339599609375,680078000.0
2024-02-06 00:00:00-05:00,69.59122707783612,69.71515858330277,66.26308702618283,68.18501281738281,683111000.0
2024-02-07 00:00:00-05:00,68.28095195120673,70.18089422020962,67.56235060844563,70.0599594116211,495575000.0
2024-02-08 00:00:00-05:00,70.0349761659854,70.75457644757603,69.41632519274872,69.60221862792969,414422000.0
2024-02-09 00:00:00-05:00,70.49374174629027,72.14482274694846,70.17292125397418,72.09285736083984,436637000.0
2024-02-12 00:00:00-05:00,72.55956500777188,74.56944659789941,71.21031839479434,72.207763671875,613710000.0
2024-02-13 00:00:00-05:00,70.36081744123659,73.40911526024477,69.58125280309775,72.08785247802734,602580000.0
2024-02-14 00:00:00-05:00,73.16124677886643,74.19466766232887,71.89795059750436,73.85885620117188,504917000.0
2024-02-15 00:00:00-05:00,73.82787028335872,73.93380643951798,72.35968650824275,72.61753845214844,420122000.0
2024-02-16 00:00:00-05:00,74.05873462198204,74.36056840015162,72.46062602851259,72.57256317138672,495327000.0
2024-02-20 00:00:00-05:00,71.90694379478387,71.91594146829705,67.69629184561839,69.41333770751953,704833000.0
2024-02-21 00:00:00-05:00,67.9681399359681,68.84965273678795,66.21112295055113,67.43444061279297,673755000.0
2024-02-22 00:00:00-05:00,74.9832259524774,78.53124465919488,74.17867388920303,78.49427032470703,865100000.0
2024-02-23 00:00:00-05:00,80.7450259181588,82.34812926609345,77.5268172404039,78.77312469482422,829388000.0
2024-02-26 00:00:00-05:00,79.6556292519544,80.60110940022084,78.4612947940882,79.0479736328125,503973000.0
2024-02-27 00:00:00-05:00,79.3367948159067,79.43574633865495,77.11903628247967,78.65717315673828,391705000.0
2024-02-28 00:00:00-05:00,77.57678328073024,78.88904810428491,77.08205615581203,77.61975860595703,393110000.0
2024-02-29 00:00:00-05:00,79.04997492303941,79.94547226995613,78.3063857687766,79.06796264648438,507289000.0
2024-03-01 00:00:00-05:00,79.95544705800646,82.2541692109824,79.39075927311268,82.2331771850586,479135000.0
2024-03-04 00:00:00-05:00,84.08315120139147,87.64616854479111,83.67238457234258,85.18953704833984,615616000.0
2024-03-05 00:00:00-05:00,85.22652719248794,86.05310907669562,83.37447499815761,85.92017364501953,520639000.0
2024-03-06 00:00:00-05:00,87.97712182383515,89.67824984643924,86.9856232402923,88.65476989746094,582520000.0
2024-03-07 00:00:00-05:00,90.1120285672104,92.71969948396085,89.55631229713433,92.62174987792969,608119000.0
2024-03-08 00:00:00-05:00,95.08947977383554,97.35032718295817,86.46187834190792,87.48336029052734,1142269000.0
2024-03-11 00:00:00-04:00,86.38491984001777,88.75170831683343,84.12307354021831,85.73025512695312,678364000.0
2024-03-12 00:00:00-04:00,88.00409921373667,91.91310011628946,86.10606561656215,91.86612701416016,668075000.0
2024-03-13 00:00:00-04:00,91.00857421482128,91.45734278263059,88.3899073255105,90.84165954589844,635713000.0
2024-03-14 00:00:00-04:00,89.53131740403234,90.59977243652932,86.55583073162953,87.8991470336914,602318000.0
2024-03-15 00:00:00-04:00,86.88567820084742,89.500341723681,86.21302481365912,87.7922134399414,642086000.0
2024-03-18 00:00:00-04:00,90.34191762912647,92.35788758620774,87.04060020712583,88.40990447998047,668976000.0
2024-03-19 00:00:00-04:00,86.65579447616338,90.49783644933297,84.96666127835144,89.35242462158203,672171000.0
2024-03-20 00:00:00-04:00,89.75120872764549,90.36390274155225,88.17801382637771,90.32592010498047,479063000.0
2024-03-21 00:00:00-04:00,92.25293104894116,92.60075314567852,90.35889320815413,91.38836669921875,480372000.0
2024-03-22 00:00:00-04:00,91.09452364541656,94.72967008042832,90.78768098585184,94.24092102050781,586719000.0
2024-03-25 00:00:00-04:00,93.89309629655145,96.71665262612369,93.46231633076846,94.95355224609375,552136000.0
2024-03-26 00:00:00-04:00,95.8021249691622,96.32585986372577,92.4548335490284,92.51380157470703,513648000.0
2024-03-27 00:00:00-04:00,93.06451960589087,93.19245268869888,89.07755527294492,90.2039794921875,586067000.0
2024-03-28 00:00:00-04:00,89.95410761772509,91.25344777796057,89.14751991247192,90.30992889404297,435212000.0
2024-04-01 00:00:00-04:00,90.25295469319977,92.17796738530402,89.15851187965868,90.3169174194336,452441000.0
2024-04-02 00:00:00-04:00,88.40289389067334,90.04805823236576,87.57532082751612,89.40638732910156,433064000.0
2024-04-03 00:00:00-04:00,88.43888912667452,90.32792493292138,88.35493231864154,88.91864013671875,370067000.0
2024-04-04 00:00:00-04:00,90.35988689456467,90.58777505707383,85.83619439258581,85.8611831665039,434965000.0
2024-04-05 00:00:00-04:00,86.82170353525082,88.43588552210704,85.88218803532831,87.96312713623047,399678000.0
2024-04-08 00:00:00-04:00,88.65476426391245,88.78470285055779,86.68777315554529,87.08856964111328,283220000.0
2024-04-09 00:00:00-04:00,87.39740306681414,87.59030542356439,82.97965924126275,85.31046295166016,501700000.0
2024-04-10 00:00:00-04:00,83.8832095968993,87.35543726810234,83.66631737551937,86.99462127685547,431929000.0
2024-04-11 00:00:00-04:00,87.37543150360503,90.6927397233091,86.88168767581091,90.5698013305664,431637000.0
2024-04-12 00:00:00-04:00,89.65325833959419,90.1290211698629,87.48536563341473,88.14102935791016,426805000.0
2024-04-15 00:00:00-04:00,89.05255077772351,90.56677736779103,85.88516856234502,85.9571304321289,443077000.0
2024-04-16 00:00:00-04:00,86.38891334763994,88.07305147013663,86.02010588805292,87.37041472024-04-17 00:00:00-2024-04-17 00:00:00-04:00,88.29494666403578,88.72973001771733,83.90718598900048,83.99214935302734,495400000.0
2024-04-18 00:00:00-04:00,84.92666635523963,86.14604537295341,82.35997524716916,84.62781524658203,447260000.0
2024-04-19 00:00:00-04:00,83.10760101811651,84.28099833646611,75.56744919546927,76.16114044189453,875198000.0
2024-04-22 00:00:00-04:00,78.06417460921173,80.0321724749778,76.36104864748893,79.47745513916016,596341000.0
2024-04-23 00:00:00-04:00,80.72781776562408,82.72679808163171,80.22307798101387,82.38097381591797,438559000.0
2024-04-24 00:00:00-04:00,83.90719166390734,84.03912814064545,79.14262401880819,79.6363754272461,512208000.0
2024-04-25 00:00:00-04:00,78.82778575977734,83.28051623028156,78.18311796504497,82.58987426757812,424641000.0
2024-04-26 00:00:00-04:00,83.7752739998992,88.28597395561746,83.3444939490843,87.69027709960938,551011000.0
2024-04-29 00:00:00-04:00,87.5503450405384,87.94713819551701,85.22252999218915,87.71226501464844,388971000.0
2024-04-30 00:00:00-04:00,87.195526189522,88.77372365378562,86.25601055156,86.35795593261719,363709000.0
2024-05-01 00:00:00-04:00,85.03361435183398,85.95614014617317,81.21355734292688,82.99864959716797,559863000.0
2024-05-02 00:00:00-04:00,84.40593290133356,86.19302312746696,83.15756927733226,85.77323913574219,377898000.0
2024-05-03 00:00:00-04:00,87.7442309865165,89.23546686580507,86.99561241116382,88.74372100830078,398341000.0
2024-05-06 00:00:00-04:00,89.34440498858073,92.17296334453319,89.00957677425819,92.09300231933594,376203000.0
2024-05-07 00:00:00-04:00,91.05154141921548,91.73419176081896,88.96560776051032,90.50782012939453,437342000.0
2024-05-08 00:00:00-04:00,89.43737100980039,91.14749704338682,89.37439959760155,90.36589813232422,325721000.0
2024-05-09 00:00:00-04:00,90.48282522716782,91.02554753925708,88.18600079384827,88.70173645019531,378013000.0
2024-05-10 00:00:00-04:00,90.25895279926722,91.3543946079418,89.18149955504683,89.83216857910156,335325000.0
2024-05-13 00:00:00-04:00,90.43185210687503,90.95159117174929,88.48384861830857,90.35289764404297,289680000.0
2024-05-14 00:00:00-04:00,89.55330988776338,91.60426546540805,88.88864807554503,91.30941772460938,296507000.0
2024-05-15 00:00:00-04:00,92.42484465754981,94.81362528334245,91.55228873986127,94.58174133300781,417735000.0
2024-05-16 00:00:00-04:00,94.86160408579778,95.77013712291551,94.05500878486642,94.31088256835938,323952000.0
2024-05-17 00:00:00-04:00,94.3208822477914,94.69168763651655,91.75918564554273,92.43183898925781,359691000.0
2024-05-20 00:00:00-04:00,93.7021930243281,95.15145055956944,93.39235354622227,94.7316665649414,318764000.0
2024-05-21 00:00:00-04:00,93.55126534071833,95.35134936664903,93.1324803037148,95.33735656738281,328946000.0
2024-05-22 00:00:00-04:00,95.41033161983772,95.97104261511556,93.20145926272119,94.9015884399414,548648000.0
2024-05-23 00:00:00-04:00,101.97597776870575,106.26578917767765,101.46823355489357,103.74607849121094,835065000.0
2024-05-24 00:00:00-04:00,104.39573676851408,106.42070464479184,102.94747814509458,106.41471099853516,429494000.0
2024-05-28 00:00:00-04:00,110.18778556165118,114.88039109228285,109.8269695886833,113.8429183959961,652728000.0
2024-05-29 00:00:00-04:00,112.99235261607853,115.43310102209165,110.84444643564275,114.76644134521484,557442000.0
2024-05-30 00:00:00-04:00,114.59154239421389,115.75994504924772,109.60708571421941,110.44365692138672,484553000.0
2024-05-31 00:00:00-04:00,112.46261619518734,112.6595219559155,106.88546755499186,109.57709503173828,613263000.0
2024-06-03 00:00:00-04:00,113.56305829627723,114.94135284423828,111.94587959300615,114.94135284423828,438392000.0
2024-06-04 00:00:00-04:00,115.65699910856021,116.5405434101387,113.98684591549986,116.37762451171875,403324000.0
2024-06-05 00:00:00-04:00,118.31063824188061,122.3865539456356,117.408098853795,122.3775634765625,528402000.0
2024-06-06 00:00:00-04:00,123.98474236351488,125.52295906565588,118.25966633915728,120.9363021850586,664696000.0
2024-06-07 00:00:00-04:00,119.70892124903274,121.62994584355768,117.9618191498612,120.82635498046875,412386000.0
2024-06-10 00:00:00-04:00,120.3086160214553,123.03721949599527,116.95032895624942,121.72789001464844,313434100.0
2024-06-11 00:00:00-04:00,121.71790911261488,122.81744468477636,118.68920642560704,120.85828399658203,222551200.0
2024-06-12 00:00:00-04:00,123.00734716397616,126.8257124975509,122.51755894250634,125.14643096923828,299595000.0
2024-06-13 00:00:00-04:00,129.33464307228707,129.74447132445016,127.10560139337456,129.55455017089844,260704500.0
2024-06-14 00:00:00-04:00,129.90441625095465,132.78317395786428,128.26511837192902,131.82359313964844,309320400.0
2024-06-17 00:00:00-04:00,132.9331153831068,133.67278906643185,129.52457044327446,130.92396545410156,288504400.0
2024-06-18 00:00:00-04:00,131.08388532556722,136.27166699428068,130.63408092847425,135.52198791503906,294335100.0
2024-06-20 00:00:00-04:00,139.74020619139688,140.69978702792184,129.46460449105635,130.72406005859375,517768400.0
2024-06-21 00:00:00-04:00,127.06562164590744,130.57412222632124,124.24682832839595,126.51585388183594,649445800.0
2024-06-24 00:00:00-04:00,123.18725776161229,124.40673688729653,117.9894861328688,118.05945587158203,476060900.0
2024-06-25 00:00:00-04:00,121.14813434618002,126.44586947750777,119.26894156101194,126.03604125976562,414192600.0
2024-06-26 00:00:00-04:00,126.07604323280044,128.06518984478126,122.54755446405669,126.34593200683594,362975900.0
2024-06-27 00:00:00-04:00,124.04690423190566,126.35592112032522,122.86740877139376,123.93695068359375,252571700.0
2024-06-28 00:00:00-04:00,124.52670042256338,127.65535851030685,122.69748155565787,123.48714447021484,315516700.0
2024-07-01 00:00:00-04:00,123.41718700299181,124.78659610560356,118.77917237025213,124.24683380126953,284885500.0
2024-07-02 00:00:00-04:00,121.07818104942778,123.35721213177682,120.97822535200487,122.61752319335938,218374000.0
2024-07-03 00:00:00-04:00,121.60795022813568,128.22511291503906,121.30807553564613,128.22511291503906,215749000.0
2024-07-05 00:00:00-04:00,127.32550112143423,128.7948810674807,125.62623147151251,125.77616882324219,214176700.0
2024-07-08 00:00:00-04:00,127.43544631776729,130.7140492483546,126.98564191819271,128.1451416015625,237677300.0
2024-07-09 00:00:00-04:00,130.29424856790877,133.76276548705792,128.59496354527897,131.3238067626953,285366600.0
2024-07-10 00:00:00-04:00,133.9726664675838,135.04221608834806,132.36335454676214,134.852294921875,248978600.0
2024-07-11 00:00:00-04:00,135.69193143030844,136.09175422496259,126.99565600235432,127.34550476074219,374782700.0
2024-07-12 00:00:00-04:00,128.20511597204649,131.86355363035963,127.16556766728102,129.18470764160156,252680500.0
2024-07-15 00:00:00-04:00,130.50414372087192,131.33379047542198,127.1255924372887,128.3850555419922,208326200.0
2024-07-16 00:00:00-04:00,128.38505064333017,128.9847847878456,124.52670149646414,126.30593872070312,214769500.0
2024-07-17 00:00:00-04:00,121.29808499297587,121.79787109317448,116.67006845054381,117.93952178955078,390086200.0
2024-07-18 00:00:00-04:00,121.79786974825338,122.34763750285344,116.51013195140489,121.03819274902344,320979500.0
2024-07-19 00:00:00-04:00,120.29850995680886,121.54797517785201,117.31978914047505,117.87954711914062,217223800.0
2024-07-22 00:00:00-04:00,120.2985068676328,124.01691649015211,119.80871864887781,123.48714447021484,258068900.0
2024-07-23 00:00:00-04:00,122.72746539631609,124.63665183286045,122.04775604012886,122.53754425048828,173911000.0
2024-07-24 00:00:00-04:00,119.1190116312528,119.89867669033677,113.39146746574805,114.20111846923828,327776900.0
2024-07-25 00:00:00-04:00,112.99164110995024,116.5801016063377,106.25452669437287,112.23196411132812,460067000.0
2024-07-26 00:00:00-04:00,116.14029297278634,116.15028320368103,111.53226465502331,113.01162719726562,293399100.0
2024-07-29 00:00:00-04:00,113.64135918454429,116.23024736996389,111.2523823769322,111.54225158691406,248152100.0
2024-07-30 00:00:00-04:00,111.47228355856528,111.94208369239041,102.49612986212257,103.68562316894531,486833300.0
2024-07-31 00:00:00-04:00,112.85170007611703,118.28936752202985,110.8325600121022,116.96993255615234,473174200.0
2024-08-01 00:00:00-04:00,117.47971689042026,120.10859659996095,106.76430191931924,109.163276672362024-08-02 00:00:00-04:00,103.71561292679569,108.67349009112934,101.3266359945612,107.22410583496094,482027500.0
2024-08-05 00:00:00-04:00,92.020610744235,103.36576087778293,90.65120176374947,100.40702056884766,552842400.0
2024-08-06 00:00:00-04:00,103.79557030996848,107.66391734722711,100.50698458680512,104.20539855957031,409012100.0
2024-08-07 00:00:00-04:00,107.76386930019544,108.75345120343057,98.64777632103673,98.86768341064453,411440400.0
2024-08-08 00:00:00-04:00,101.95635654950479,105.45485898012505,97.47827008281362,104.92508697509766,391910000.0
2024-08-09 00:00:00-04:00,105.59480355882924,106.55439192807604,103.38574997554278,104.70518493652344,290844200.0
2024-08-12 00:00:00-04:00,106.27451625816647,111.02248421974713,106.214544366382,108.97335815429688,325559900.0
2024-08-13 00:00:00-04:00,112.3918952304853,116.18027460234957,111.53226256952769,116.0903091430664,312646700.0
2024-08-14 00:00:00-04:00,118.47929205094907,118.5492618001431,114.02120093884069,118.02948760986328,339246400.0
2024-08-15 00:00:00-04:00,118.7091971963176,123.18727640390337,117.41974813678404,122.80744171142578,318086700.0
2024-08-16 00:00:00-04:00,121.88782549205811,124.94651370725,121.12814855340164,124.52669525146484,302589900.0
2024-08-19 00:00:00-04:00,124.22682769827617,129.9443817138672,123.36719502454015,129.9443817138672,318333600.0
2024-08-20 00:00:00-04:00,128.345066215563,129.82444407435935,125.83614544847738,127.19556427001953,300087400.0
2024-08-21 00:00:00-04:00,127.26552712895132,129.29466502006431,126.60581346882094,128.4450225830078,257883600.0
2024-08-22 00:00:00-04:00,129.96438511048203,130.6940685649148,123.04733950988674,123.68706512451172,376189100.0
2024-08-23 00:00:00-04:00,125.80614369005178,129.54454879248973,125.16641816339359,129.31463623046875,323230300.0
2024-08-26 00:00:00-04:00,129.5145768150302,131.20384101513017,124.3167968178151,126.40589904785156,331964700.0
2024-08-27 00:00:00-04:00,124.99650751528328,129.14472607274774,123.8270022374259,128.2451171875,303134600.0
2024-08-28 00:00:00-04:00,128.06518755846798,128.27510443502842,122.58753608006307,125.55626678466797,448101100.0
2024-08-29 00:00:00-04:00,121.30807947152184,124.37676573622443,116.66006734390899,117.53968811035156,453023300.0
2024-08-30 00:00:00-04:00,119.47885915972935,121.69791057687668,117.169849908653,119.31893157958984,333751600.0
2024-09-03 00:00:00-04:00,115.96036355880885,116.1602749319815,107.24409346859224,107.95378875732422,477155100.0
2024-09-04 00:00:00-04:00,105.36489768479619,113.22152729745075,104.07544877334824,106.16455078125,372470300.0
2024-09-05 00:00:00-04:00,104.94507973247826,109.6030896936583,104.715182404582,107.16413116455078,306850700.0
2024-09-06 00:00:00-04:00,107.99378096807179,108.10373451971928,100.90681013303441,102.7860107421875,413638100.0
2024-09-09 00:00:00-04:00,104.83512245061276,106.50441370678206,103.64563679939363,106.42444610595703,273912000.0
2024-09-10 00:00:00-04:00,107.76386463370491,109.35318822314704,104.90508784485718,108.05374145507812,268283700.0
2024-09-11 00:00:00-04:00,109.34319840779227,117.13986433729632,107.37404002456883,116.8599853515625,441422400.0
2024-09-12 00:00:00-04:00,116.80000446674823,120.74865704096976,115.34050510922769,119.0992202758789,366052700.0
2024-09-13 00:00:00-04:00,119.03923719212747,119.91893319621943,117.5597404845181,119.0592269897461,238358300.0
2024-09-16 00:00:00-04:00,116.75001946408975,118.13954300655384,114.32085103611607,116.74002075195312,248772300.0
2024-09-17 00:00:00-04:00,118.12954900355818,118.75933823796504,114.79069593440207,115.55043029785156,231925900.0
2024-09-18 00:00:00-04:00,115.850318172966,117.659695980885,113.18123422247302,113.33118438720703,310318900.0
2024-09-19 00:00:00-04:00,117.30982462581498,119.6190390017094,117.20986038538442,117.82965087890625,293506400.0
2024-09-20 00:00:00-04:00,117.0199313836397,118.57940262799143,115.35050480567513,115.96029663085938,382462400.0
2024-09-23 00:00:00-04:00,116.51010886475667,116.94995306986277,114.82068489843978,116.22020721435547,206228500.0
2024-09-24 00:00:00-04:00,116.48011145817397,121.75831050299728,115.34050229413268,120.82862854003906,354966800.0
2024-09-25 00:00:00-04:00,121.9782246233193,124.8972307941946,121.56836894761845,123.46772003173828,284692900.0
2024-09-26 00:00:00-04:00,126.75659295249227,127.62629022604027,121.75830470715397,123.9975357055664,302582900.0
2024-09-27 00:00:00-04:00,123.9275641535197,123.9875411739155,119.21917738287792,121.35844421386719,271009200.0
2024-09-30 00:00:00-04:00,118.26950391549893,121.45841452339154,118.10956264419377,121.3984375,226553700.0
2024-10-01 00:00:00-04:00,121.72830933905863,122.39808576451375,115.7503608309228,116.95994567871094,302094500.0
2024-10-02 00:00:00-04:00,116.40013992758973,119.33912825058258,115.10058192382681,118.80931091308594,221845900.0
2024-10-03 00:00:00-04:00,120.87860561160097,124.31743049345978,120.2988023230489,122.80794525146484,277118000.0
2024-10-04 00:00:00-04:00,124.89723283717322,124.99719707970252,121.78829684578011,124.87723541259766,243678100.0
2024-10-07 00:00:00-04:00,124.94720840149982,130.59527568838965,124.90722118000957,127.67627716064453,346250200.0
2024-10-08 00:00:00-04:00,130.2153933149511,133.43429200303964,129.3756845929013,132.84449768066406,285722500.0
2024-10-09 00:00:00-04:00,134.06409064908044,134.473953954377,131.33502948270424,132.60458374023438,246191600.0
2024-10-10 00:00:00-04:00,131.86485368985453,134.9537923881041,130.95516150253064,134.76385498046875,242311300.0
2024-10-11 00:00:00-04:00,133.9641223517835,135.73352074472976,133.61425131031754,134.7538604736328,170209500.0
2024-10-14 00:00:00-04:00,136.42329237635488,139.5522259694365,136.25335239175735,138.0227508544922,232347700.0
2024-10-15 00:00:00-04:00,137.82280508502743,138.52257769243778,128.6959404665834,131.55496215820312,377831000.0
2024-10-16 00:00:00-04:00,133.9341283963689,136.57322399642072,131.53495612489098,135.6735382080078,264879700.0
2024-10-17 00:00:00-04:00,139.2923118529861,140.8417844676902,136.8231559081479,136.8831329345703,306435900.0
2024-10-18 00:00:00-04:00,138.62252759913224,138.85244459278235,137.23300404466042,137.9527587890625,176090200.0
2024-10-21 00:00:00-04:00,138.0827206747143,143.6608123779297,137.95276029474488,143.6608123779297,264554500.0
2024-10-22 00:00:00-04:00,142.86108785315807,144.37056551302095,141.73146975294682,143.5408477783203,226311600.0
2024-10-23 00:00:00-04:00,141.9813779606296,142.38123492807873,137.41295033058282,139.51222229003906,285930000.0
2024-10-24 00:00:00-04:00,140.7718017861216,141.30161913611144,138.41260905173522,140.3619384765625,172354900.0
2024-10-25 00:00:00-04:00,140.8817548130095,144.08067171203157,140.75180968215267,141.49154663085938,205122100.0
2024-10-28 00:00:00-04:00,142.95105547012693,143.09100694226274,140.00206821568727,140.47190856933594,173586700.0
2024-10-29 00:00:00-04:00,140.2419668294209,142.21129364579818,138.8524432880062,141.20164489746094,157593600.0
2024-10-30 00:00:00-04:00,139.49222584841445,140.28196395700422,136.76316465511044,139.29229736328125,179418100.0
2024-10-31 00:00:00-04:00,137.55290880572403,137.56289989167158,132.06478241439225,132.7145538330078,270039600.0
2024-11-01 00:00:00-04:00,134.65389558133728,137.26300291330367,134.52395044654537,135.35365295410156,207127800.0
2024-11-04 00:00:00-05:00,137.16303982117785,138.91244079735898,135.52360180221356,136.00343322753906,187528200.0
2024-11-05 00:00:00-05:00,137.40294177771256,140.3219403030432,137.28298774012364,139.8621063232422,160537400.0
2024-11-06 00:00:00-05:00,142.91106349142868,146.43985375430594,141.9114058474733,145.56015014648438,242043900.0
2024-11-07 00:00:00-05:00,146.3398874087156,148.8790112085744,146.1199614984642,148.82904052734375,207323300.0
2024-11-08 00:00:00-05:00,148.71907691535895,149.71873459260812,146.2099263831815,147.5794677734375,175665800.0
2024-11-11 00:00:00-05:00,148.62909347800425,148.79904870323992,143.52085748188875,145.21026611328125,182325600.0
2024-11-12 00:00:00-05:00,146.72974972362667,149.5987623190427,145.96000905647895,148.23922729492188,198634700.0
2024-11-13 00:00:00-05:00,149.01896932454213,149.27887481548683,145.85004123347073,146.2199249267578,191903300.0
2024-11-14 00:00:00-05:00,147.589452024-11-14 00:00:00-05:00,147.58946625444327,148.94900137376933,145.50018526515709,146.7097625732422,194463300.0
2024-11-15 00:00:00-05:00,144.8203910682193,145.1902747512061,140.03203789439084,141.93138122558594,250132900.0
2024-11-18 00:00:00-05:00,139.45223367342163,141.50153478170088,137.10303223771245,140.1020050048828,221205300.0
2024-11-19 00:00:00-05:00,141.27163159656618,147.0796403153284,140.94174272954967,146.9596710205078,227834900.0
2024-11-20 00:00:00-05:00,147.35954130772643,147.50948385732136,142.68113546401185,145.84005737304688,309871700.0
2024-11-21 00:00:00-05:00,149.29888738883682,152.83766902515802,140.65183891204953,146.6197967529297,400946600.0
2024-11-22 00:00:00-05:00,145.880046493066,147.10963649428794,141.05171303807552,141.9014129638672,236406200.0
2024-11-25 00:00:00-05:00,141.94140761937004,142.00138464304115,135.77352121027207,135.97344970703125,344941900.0
2024-11-26 00:00:00-05:00,137.65285491316135,139.25231324946176,135.62355111044974,136.8731231689453,190287700.0
2024-11-27 00:00:00-05:00,134.96376655836661,137.17301655731904,131.7548742168772,135.2936553955078,226370900.0
2024-11-29 00:00:00-05:00,136.7331843976686,139.30231211006736,136.0034385187834,138.2026824951172,141863200.0
2024-12-02 00:00:00-05:00,138.7824785355422,140.40191910756175,137.77282976281836,138.58255004882812,171682800.0
2024-12-03 00:00:00-05:00,138.21267485883047,140.49189330582607,137.90278339727084,140.2119903564453,164414000.0
2024-12-04 00:00:00-05:00,141.95139223046513,145.7400881706811,140.24197086598,145.09031677246094,231224300.0
2024-12-05 00:00:00-05:00,145.07032934736787,146.49993108099994,143.9106428157812,145.0203399658203,172621200.0
2024-12-06 00:00:00-05:00,144.5604751692698,145.66016529709515,141.27136605108353,142.40106201171875,188505600.0
2024-12-09 00:00:00-05:00,138.93199359328304,139.91172129670065,137.0925004855475,138.77203369140625,189308600.0
2024-12-10 00:00:00-05:00,138.97197539548316,141.7812196768295,133.7534018405272,135.03306579589844,210020900.0
2024-12-11 00:00:00-05:00,137.32243273699547,140.13166176303284,135.173026862483,139.2718963623047,184905200.0
2024-12-12 00:00:00-05:00,137.04252103958567,138.40214979482639,135.76287224107875,137.3024444580078,159211400.0
2024-12-13 00:00:00-05:00,138.9020072444441,139.56183041879834,132.50374826625531,134.21328735351562,231514900.0
2024-12-16 00:00:00-05:00,134.14327863720246,134.36321966164874,130.3843129319086,131.96388244628906,237951100.0
2024-12-17 00:00:00-05:00,129.0546920799943,131.5540083659402,126.82530622422306,130.35433959960938,259410300.0
2024-12-18 00:00:00-05:00,133.82339933223892,136.6626191312432,128.2449232385065,128.874755859375,277444500.0
2024-12-19 00:00:00-05:00,131.72394769790225,133.99333094415113,129.51456085077075,130.6442413330078,209719200.0
2024-12-20 00:00:00-05:00,129.7745000485284,135.24300545668208,128.1849385069714,134.6631622314453,306528600.0
2024-12-23 00:00:00-05:00,136.2427181368804,139.75175245255647,135.08303180440205,139.6317901611328,176053500.0
2024-12-24 00:00:00-05:00,139.9617148258363,141.86118913948326,138.61207790245493,140.18165588378906,105157000.0
2024-12-26 00:00:00-05:00,139.66179080612986,140.811485448775,137.69232835527816,139.8917236328125,116205600.0
2024-12-27 00:00:00-05:00,138.5121216661011,138.9819943823141,134.67317523350815,136.9725341796875,170582600.0
2024-12-30 00:00:00-05:00,134.79311660884966,140.2316308377207,133.98334063995796,137.452392578125,167734700.0
2024-12-31 00:00:00-05:00,137.99226367763055,138.0322612848829,133.79341493856927,134.25328063964844,155659200.0
2025-01-02 00:00:00-05:00,135.96280522543205,138.84202245285945,134.5931847895647,138.2721710205078,198247200.0
2025-01-03 00:00:00-05:00,139.9717090810043,144.86037131104774,139.69178686675932,144.4304962158203,229322500.0
2025-01-06 00:00:00-05:00,148.54936300568127,152.11839407781596,147.77958455274808,149.38912963867188,265377400.0
2025-01-07 00:00:00-05:00,152.98814312185272,153.08812187242287,139.97169998670535,140.10166931152344,351782200.0
2025-01-08 00:00:00-05:00,142.54101155921632,143.91063203422854,137.5223800692543,140.07168579101562,227349900.0
2025-01-10 00:00:00-05:00,137.41242079266553,139.88174676307978,134.18330808313058,135.8728485107422,207602500.0
2025-01-13 00:00:00-05:00,129.95446851982027,133.4535116815908,129.4745887600242,133.19357299804688,204808900.0
2025-01-14 00:00:00-05:00,136.01278831507346,136.3426998783518,130.01442953826418,131.7239532470703,195590500.0
2025-01-15 00:00:00-05:00,133.61345527658474,136.4126928345012,131.25409986764885,136.2027587890625,185217300.0
2025-01-16 00:00:00-05:00,138.6020991142272,138.71206965350657,133.4535130811874,133.5334930419922,209235600.0
2025-01-17 00:00:00-05:00,136.65262268416788,138.46212527408701,135.4229633158422,137.67234802246094,201188800.0
2025-01-21 00:00:00-05:00,139.12194717769367,141.7912151745994,137.05250594430132,140.79148864746094,197749000.0
2025-01-22 00:00:00-05:00,144.62045561465226,147.74958954273308,143.6307207753195,147.02980041503906,237651400.0
2025-01-23 00:00:00-05:00,145.01034368405638,147.1897403093082,143.6807055002306,147.17974853515625,155915500.0
2025-01-24 00:00:00-05:00,148.32942123311412,148.92926325643236,141.84120577881646,142.58099365234375,234657600.0
2025-01-27 00:00:00-05:00,124.7658794397831,128.3648859520762,116.668088091544,118.38761901855469,818830900.0
2025-01-28 00:00:00-05:00,121.77668294561497,128.96471894622445,116.21820602712087,128.95472717285156,579666400.0
2025-01-29 00:00:00-05:00,126.46540553655986,126.85529827150769,120.01717249490751,123.66616821289062,467120600.0
2025-01-30 00:00:00-05:00,123.06634175444341,124.96582380169083,118.06770880237578,124.61592102050781,392925500.0
2025-01-31 00:00:00-05:00,123.74615511454752,127.81504199868698,119.15741376372098,120.03717041015625,388161100.0
2025-02-03 00:00:00-05:00,114.71862375628316,118.53757894355685,112.97910166242248,116.62810516357422,371235700.0
2025-02-04 00:00:00-05:00,116.92801344303115,121.16685177317855,116.66808241089754,118.6175537109375,256550000.0
2025-02-05 00:00:00-05:00,121.72670769553925,124.96581960402936,120.72698113870702,124.79586791992188,262230800.0
2025-02-06 00:00:00-05:00,127.38515593926263,128.7347928917548,125.17576116570511,128.64480590820312,251483600.0
2025-02-07 00:00:00-05:00,129.184663567943,130.3343429768511,124.96581638636985,129.8044891357422,228186300.0
2025-02-10 00:00:00-05:00,130.05443339276326,134.9630947980064,129.92447930424598,133.5334930419922,216989100.0
2025-02-11 00:00:00-05:00,132.54374607533066,134.4432203933444,130.9841751187103,132.76368713378906,178902400.0
2025-02-12 00:00:00-05:00,129.9844674915493,132.20386194641324,129.0447219695379,131.10415649414062,160278600.0
2025-02-13 00:00:00-05:00,131.52401516963508,136.46266649297655,131.13412244698262,135.25299072265625,197430000.0
2025-02-14 00:00:00-05:00,136.44266486168982,139.21191146517995,135.46293718873886,138.81202697753906,195479600.0
2025-02-18 00:00:00-05:00,141.23137649622348,143.40078131766987,137.89227816645598,139.36187744140625,219176600.0
2025-02-19 00:00:00-05:00,139.47184726600554,141.32134750878612,137.18248014952957,139.19192504882812,167536000.0
2025-02-20 00:00:00-05:00,139.991705837455,140.62153843760984,136.7525863640224,140.07168579101562,143903600.0
2025-02-21 00:00:00-05:00,140.0017008694862,141.42132600995674,133.99334973043614,134.3932342529297,228217600.0
2025-02-24 00:00:00-05:00,136.52266681200447,138.55211066034528,130.04444248958205,130.244384765625,251381100.0
2025-02-25 00:00:00-05:00,129.94445760453814,130.16439867421266,124.40597902043103,126.59537506103516,271428700.0
2025-02-26 00:00:00-05:00,129.95446947322534,133.69343728770713,128.4548795357506,131.24411010742188,322553800.0
2025-02-27 00:00:00-05:00,134.96308744670299,134.9730792207777,119.97718824289691,120.11714935302734,443175800.0
2025-02-28 00:00:00-05:00,117.98771929899918,125.05578541630098,116.36816723503377,124.88583374023438,389091100.0
2025-03-03 00:00:00-05:00,123.47622912906817,123.66617198823369,112.2492965435478,114.02880859375,411381400.0
2025-03-04 00:00:00-05:00,110.6197462594264,119.27737437091366,110.0798929975032025-03-05 00:00:00-05:00,117.54784364725772,118.24764914601728,114.4786835987416,117.2679214477539,284337900.0
2025-03-06 00:00:00-05:00,113.49895407905146,115.31845609620828,110.18986163701831,110.53976440429688,321181900.0
2025-03-07 00:00:00-05:00,111.21957864470976,113.44897220636766,107.5305852358904,112.65918731689453,341755500.0
2025-03-10 00:00:00-04:00,109.8699441866197,111.81940781621753,105.43115607331026,106.95074462890625,366487400.0
2025-03-11 00:00:00-04:00,106.96074247458567,112.20930691241836,104.74134829193281,108.73026275634766,354865700.0
2025-03-12 00:00:00-04:00,114.09930053195751,116.73882100614277,112.85951998498375,115.71900177001953,323857500.0
2025-03-13 00:00:00-04:00,117.00876245655117,117.73863334670654,113.76935252443205,115.55902862548828,299033100.0
2025-03-14 00:00:00-04:00,118.58847644066721,121.85787967708788,118.12856083227834,121.64791870117188,277593500.0
2025-03-17 00:00:00-04:00,122.71772499646224,122.86769930249316,118.00858060635532,119.50830841064453,255501500.0
2025-03-18 00:00:00-04:00,117.97858323274161,118.99839474842913,114.51921213127834,115.40904998779297,299686900.0
2025-03-19 00:00:00-04:00,117.24871784817985,120.42814113812437,115.65901001721268,117.49867248535156,273426200.0
2025-03-20 00:00:00-04:00,116.5288475567653,120.17817892707569,116.44886024718888,118.50848388671875,248829700.0
2025-03-21 00:00:00-04:00,116.91877807414131,117.96858292451893,115.39904967929496,117.67863464355469,266498500.0
2025-03-24 00:00:00-04:00,119.85824123014483,122.19782052957932,119.31833831489072,121.38796997070312,228452500.0
2025-03-25 00:00:00-04:00,120.52812446850508,121.26798803028822,118.89841541478116,120.66809844970703,167447200.0
2025-03-26 00:00:00-04:00,118.70845626054094,118.81842927999459,112.68954449720724,113.7393569946289,293463300.0
2025-03-27 00:00:00-04:00,111.32979509417153,114.42923110356094,110.63992547504299,111.40978240966797,236902100.0
2025-03-28 00:00:00-04:00,111.46977019973694,112.84952470784617,109.05021109179135,109.65010070800781,229872500.0
2025-03-31 00:00:00-04:00,105.11091847763528,110.93986229194257,103.63119133667838,108.3603286743164,299212700.0
2025-04-01 00:00:00-04:00,108.50029591126088,110.17999122900144,106.45067264528599,110.1300048828125,222614000.0
2025-04-02 00:00:00-04:00,107.2705266243207,111.95967777974947,106.77061737970816,110.39995574951172,220601200.0
2025-04-03 00:00:00-04:00,103.49121334940355,105.61082365222038,101.58155638472346,101.78152465820312,338769400.0
2025-04-04 00:00:00-04:00,98.89205625014841,100.11182847125419,92.09328707213024,94.29288482666016,532273800.0
2025-04-07 00:00:00-04:00,87.444123819458,101.73153089146867,86.60427995314998,97.62227630615234,611041300.0
2025-04-08 00:00:00-04:00,103.79115551332612,105.83078615825814,94.44285411172834,96.28252410888672,476243400.0
2025-04-09 00:00:00-04:00,98.87204993981901,115.07910675948129,97.51229618216108,114.30924987792969,612918300.0
2025-04-10 00:00:00-04:00,109.35015243101728,110.83987986480561,99.13200610877084,107.55047607421875,437812400.0
2025-04-11 00:00:00-04:00,108.4803070767672,111.52975654810143,107.46049556472005,110.90986633300781,313417300.0
2025-04-14 00:00:00-04:00,114.08928762467488,114.26925525660798,109.05020155855789,110.68990325927734,264705000.0
2025-04-15 00:00:00-04:00,110.94986159507806,113.59938217981927,110.4799456735416,112.17963409423828,228966900.0
2025-04-16 00:00:00-04:00,104.53103311878802,106.77062454919468,100.4317709352981,104.47103881835938,397016900.0
2025-04-17 00:00:00-04:00,104.43104243972901,104.45104308202083,100.03184700877077,101.4715805053711,292517500.0
2025-04-21 00:00:00-04:00,98.75207336541831,99.42195758129023,95.02275450080649,96.89241790771484,288501100.0
2025-04-22 00:00:00-04:00,98.76207440379943,99.79188628205247,97.26234659010818,98.87205505371094,241004800.0
2025-04-23 00:00:00-04:00,104.5010295750129,104.78098517141211,102.00148324580945,102.69136047363281,247526000.0
2025-04-24 00:00:00-04:00,103.46121375263034,106.52065568558213,103.09127819009328,106.41067504882812,220815000.0
2025-04-25 00:00:00-04:00,106.83061166162848,111.89969145813895,105.71081975581805,110.98986053466797,251064700.0
2025-04-28 00:00:00-04:00,109.67009093365705,110.3499678015911,106.00075133412535,108.71026611328125,207708500.0
2025-04-29 00:00:00-04:00,107.65046012276234,110.1799998026459,107.42050613077843,109.00021362304688,170444300.0
2025-04-30 00:00:00-04:00,104.45104108413872,108.90023040771484,104.06111247501677,108.90023040771484,235044600.0
2025-05-01 00:00:00-04:00,113.05947899879722,114.9191420385801,111.27980327057723,111.5897445678711,236121500.0
2025-05-02 00:00:00-04:00,114.15928352450368,115.37906338859757,113.34943293159324,114.4792251586914,190194800.0
2025-05-05 00:00:00-04:00,112.88951601094917,114.64919116473993,112.63956137373921,113.79934692382812,133163200.0
2025-05-06 00:00:00-04:00,111.45977773347964,114.71918078517231,110.79989381468877,113.51940155029297,158525600.0
2025-05-07 00:00:00-04:00,113.02949042053457,117.65864757290291,112.25962586336117,117.03875732421875,206758800.0
2025-05-08 00:00:00-04:00,118.22854670795566,118.658469001105,115.82898059800607,117.34870910644531,198428100.0
2025-05-09 00:00:00-04:00,117.32869985728382,118.20854502226882,115.18908887008638,116.62882995605469,132972200.0
2025-05-12 00:00:00-04:00,121.94787211512306,122.9776840209961,120.25817629208265,122.9776840209961,225023300.0
2025-05-13 00:00:00-04:00,124.95732666651305,131.19619232916256,124.44741706637032,129.9064178466797,330430100.0
2025-05-14 00:00:00-04:00,133.17581874633882,135.4154176381041,131.65609038206884,135.3154296875,281180800.0
2025-05-15 00:00:00-04:00,134.2656162138544,136.2752611112406,132.6359224746836,134.80552673339844,226632600.0
2025-05-16 00:00:00-04:00,136.19528579014883,136.32526708518697,133.43579205010155,135.37542724609375,226542500.0
2025-05-19 00:00:00-04:00,132.36596428610483,135.84532822832756,132.36596428610483,135.54539489746094,193154600.0
2025-05-20 00:00:00-04:00,134.26561082544316,134.55556671475182,132.59591587093482,134.35560607910156,161514200.0
2025-05-21 00:00:00-04:00,133.0358430493297,137.3750515435132,130.56629021032253,131.7760772705078,270608700.0
2025-05-22 00:00:00-04:00,132.20599574301846,134.22563338103308,131.52612648714359,132.80589294433594,187344000.0
2025-05-23 00:00:00-04:00,129.97641506418768,132.65592152877483,129.13657112060253,131.26617431640625,198821300.0
2025-05-27 00:00:00-04:00,134.1256417936587,135.63537744884945,133.2857979393918,135.47540283203125,192953600.0
2025-05-28 00:00:00-04:00,136.00531758419635,137.22509744866613,134.76553707682788,134.78553771972656,304021100.0
2025-05-29 00:00:00-04:00,142.22419152756274,143.46397204605128,137.88498259688382,139.1647491455078,369241900.0
2025-05-30 00:00:00-04:00,138.6948289010735,139.59465948344436,132.8958783257386,135.10548400878906,333170900.0
2025-06-02 00:00:00-04:00,135.46541564458173,138.09492795630163,135.37542038395227,137.35507202148438,197663100.0
2025-06-03 00:00:00-04:00,138.75480693174418,141.97422364617418,137.9249557656252,141.19436645507812,225578800.0
2025-06-04 00:00:00-04:00,142.1641966028205,142.36415725393297,139.5146683935161,141.8942413330078,167120800.0
2025-06-05 00:00:00-04:00,142.14419665233672,143.97386636815438,138.80480646885346,139.964599609375,231397900.0
2025-06-06 00:00:00-04:00,142.4841247816278,143.24399658328852,141.4843063108272,141.69427490234375,153986200.0
2025-06-09 00:00:00-04:00,143.16402192873528,144.97369107987248,141.91424872977086,142.6041259765625,185114500.0
2025-06-10 00:00:00-04:00,142.66410985007164,144.26381035974757,141.50431668274294,143.9338836669922,155881900.0
2025-06-11 00:00:00-04:00,144.59379466225064,144.97375695921582,141.85409623212945,142.81399536132812,167694000.0
2025-06-12 00:00:00-04:00,141.9540901919345,144.98374938964844,141.83410852298076,144.98374938964844,162365000.0
2025-06-13 00:00:00-04:00,142.4640236398758,143.5639064320885,140.83421673860605,141.95408630371094,180820600.0
2025-06-16 00:00:00-04:00,143.33393622751285,146.16360555156524,143.18394388862185,144.6737823486328,183133700.0
2025-06-17 00:00:00-04:00,144.4738049491523,145.20371882793046,143.7638778428329,144.1038360595703,139108000.0
2025-06-18 00:00:00-04:00,143.2025-06-18 00:00:00-04:00,143.9938476821936,145.63366319028128,143.10394808189747,145.46368408203125,161494100.0
2025-06-20 00:00:00-04:00,145.43368901636921,146.1836049259659,142.63399990245927,143.83387756347656,242956200.0
2025-06-23 00:00:00-04:00,142.48402812138661,144.76377135076248,142.01407957999888,144.15383911132812,154308900.0
2025-06-24 00:00:00-04:00,145.54367367470394,147.94341367999496,145.4836828445603,147.88340759277344,187566100.0
2025-06-25 00:00:00-04:00,149.25328072295656,154.43269305532343,149.24327207878133,154.29270935058594,269146500.0
2025-06-26 00:00:00-04:00,155.9625083392563,156.70243086817015,153.98273459501658,155.00262451171875,198145700.0
2025-06-27 00:00:00-04:00,156.02250005395288,158.69221415352254,155.24258871826237,157.73231506347656,263234500.0
2025-06-30 00:00:00-04:00,158.38224776867892,158.6422284044636,155.94253394670602,157.97230529785156,194580300.0
2025-07-01 00:00:00-04:00,156.27249233706732,157.18239409932116,151.47304203431221,153.2828369140625,213143600.0
2025-07-02 00:00:00-04:00,152.962850389823,157.58234297497486,152.95285700312823,157.2323760986328,171224100.0
2025-07-03 00:00:00-04:00,158.35225101493015,160.96195919540767,157.7523273944205,159.3221435546875,143716100.0
2025-07-07 00:00:00-04:00,158.18227071828886,159.29214695363126,157.3223664705724,158.22227478027344,140139000.0
2025-07-08 00:00:00-04:00,159.31214783171163,160.20204749093682,158.3722507239072,159.98207092285156,138133000.0
2025-07-09 00:00:00-04:00,161.20193770023792,164.40157611225678,161.14194686393122,162.86175537109375,183656400.0
2025-07-10 00:00:00-04:00,164.30159583301895,164.48156834124046,161.5918927660757,164.0816192626953,167704100.0
2025-07-11 00:00:00-04:00,163.70165728031435,167.87118822352508,163.4516852914618,164.90151977539062,193633300.0
2025-07-14 00:00:00-04:00,165.35146259057728,165.4714595173457,162.00184716942397,164.05162048339844,136975800.0
2025-07-15 00:00:00-04:00,171.17081299302788,172.38066881478494,169.18103056842588,170.6808624267578,230627400.0
2025-07-16 00:00:00-04:00,171.04083672550954,171.73076187811773,168.88107501049606,171.35079956054688,158831500.0
2025-07-17 00:00:00-04:00,172.00073538495315,174.1404950617398,170.81086624213197,172.98062133789062,160841100.0
2025-07-18 00:00:00-04:00,173.62054394819432,174.23047621121117,171.24080573231237,172.39068603515625,146456400.0
2025-07-21 00:00:00-04:00,172.73065099594356,173.36058531454748,170.9808470061149,171.36080932617188,123126100.0
2025-07-22 00:00:00-04:00,171.32080634495316,171.37080379639445,164.5615689540832,167.01129150390625,193114300.0
2025-07-23 00:00:00-04:00,169.511004310231,171.24080620570157,167.95118153678195,170.7608642578125,154082200.0
2025-07-24 00:00:00-04:00,172.42067791171223,173.81052153075,171.28080627636527,173.7205352783203,128984600.0
2025-07-25 00:00:00-04:00,173.59054858813744,174.70042482917586,172.9406275198062,173.48056030273438,122316800.0
2025-07-28 00:00:00-04:00,174.00050427681666,176.98016607778243,173.9505068282037,176.73019409179688,140023500.0
2025-07-29 00:00:00-04:00,177.94006357342778,179.35990260986108,175.00039060425894,175.49032592773438,154077500.0
2025-07-30 00:00:00-04:00,176.49022309733303,179.869849375745,176.0202745228646,179.2499237060547,174312200.0
2025-07-31 00:00:00-04:00,182.87950237318685,183.2794667127293,175.9102820488597,177.85006713867188,221685400.0
2025-08-01 00:00:00-04:00,174.07048465468185,176.52020701181988,170.8708463561498,173.70053100585938,204529000.0
2025-08-04 00:00:00-04:00,175.14037394842856,180.17980241597786,174.500446281802,179.97982788085938,148174600.0
2025-08-05 00:00:00-04:00,179.59986897635343,180.23979665506658,175.8802845759961,178.24002075195312,156407600.0
2025-08-06 00:00:00-04:00,176.31023710297544,179.87982901005608,176.23024423927978,179.39988708496094,137192300.0
2025-08-07 00:00:00-04:00,181.54965397485878,183.85939259097617,178.77996020998395,180.74974060058594,151878400.0
2025-08-08 00:00:00-04:00,181.52965464990967,183.27945850723472,180.3797743894202,182.6795196533203,123396700.0
2025-08-11 00:00:00-04:00,182.02960317073044,183.8193958765311,180.22980182096376,182.0395965576172,138323200.0
2025-08-12 00:00:00-04:00,182.9395060522284,184.4593247511904,179.43989822709233,183.1394805908203,145485700.0
2025-08-13 00:00:00-04:00,182.59952443546638,183.9493792108361,179.32990196930365,181.56964111328125,179871700.0
2025-08-14 00:00:00-04:00,179.7298534235828,182.99949119039164,179.43989264021437,181.99960327148438,129554000.0
2025-08-15 00:00:00-04:00,181.85962676701382,181.87961354108583,178.02004541114613,180.42977905273438,156602200.0
2025-08-18 00:00:00-04:00,180.57976314427117,182.91949719839158,180.56975450061333,181.98959350585938,132008000.0
2025-08-19 00:00:00-04:00,182.4095478886331,182.47954736718557,175.47033846497254,175.6203155517578,185229200.0
2025-08-20 00:00:00-04:00,175.1503706193276,175.9802794498554,168.7810892510499,175.38034057617188,215142700.0
2025-08-21 00:00:00-04:00,174.83041312567687,176.88017120538285,173.79052111986658,174.96038818359375,140040900.0
2025-08-22 00:00:00-04:00,172.59066018618677,178.56998587344157,171.18081451068767,177.97006225585938,172789400.0
2025-08-25 00:00:00-04:00,178.33002804439553,181.88962682620624,176.5502286534902,179.78985595703125,163012800.0
2025-08-26 00:00:00-04:00,180.0398187111229,182.36955942503778,178.78995879531527,181.7496337890625,168688200.0
2025-08-27 00:00:00-04:00,181.95959791056248,182.46955051009175,179.07993109949993,181.57965087890625,235518900.0
2025-08-28 00:00:00-04:00,180.79974711518173,184.44933204343067,176.39023757757423,180.14981079101562,281787800.0
2025-08-29 00:00:00-04:00,178.09004428153852,178.130033086625,173.13059331145078,174.1604766845703,243257900.0
2025-09-02 00:00:00-04:00,169.980952871088,172.36069109354864,167.20126556823303,170.7608642578125,231164900.0
2025-09-03 00:00:00-04:00,171.0408442884315,172.3906992342715,168.86109570238054,170.60089111328125,164424900.0
2025-09-04 00:00:00-04:00,170.55090333056648,171.8407521362954,169.39102958990665,171.64077758789062,141670100.0
2025-09-05 00:00:00-04:00,168.01117837826322,169.0110663720669,164.05163046676552,167.0012969970703,224441400.0
2025-09-08 00:00:00-04:00,167.53122834914853,170.940849905597,167.33125381142952,168.2911376953125,163769100.0
2025-09-09 00:00:00-04:00,169.0710489481518,170.96083655380463,166.7213214317911,170.74085998535156,157548400.0
2025-09-10 00:00:00-04:00,176.62020974984335,179.26990675759993,175.45034266016896,177.3101348876953,226852000.0
2025-09-11 00:00:00-04:00,179.66999584989978,180.26996857097555,176.4701769393558,177.16014099121094,151159300.0
2025-09-12 00:00:00-04:00,177.76010410307373,178.59005971058946,176.44017029123495,177.8101043701172,124911000.0
2025-09-15 00:00:00-04:00,175.66021109761542,178.84004186496986,174.50027206258352,177.74009704589844,147061600.0
2025-09-16 00:00:00-04:00,176.99014687805604,177.49011904437822,174.37029760906842,174.87026977539062,140737800.0
2025-09-17 00:00:00-04:00,172.63039291663662,173.1903593144249,168.40063256525568,170.280517578125,211843800.0
2025-09-18 00:00:00-04:00,173.9703101424577,177.09014682532762,172.95037791227023,176.23019409179688,191763300.0
2025-09-19 00:00:00-04:00,175.7602124903078,178.07008136373162,175.17023376194967,176.66015625,237182100.0
2025-09-22 00:00:00-04:00,175.29024236301854,184.53972732383275,174.70027887607205,183.5997772216797,269637000.0
2025-09-23 00:00:00-04:00,181.9598706713119,182.409842567533,176.20019683221489,178.42005920410156,192559600.0
2025-09-24 00:00:00-04:00,179.75999113536878,179.76998508551358,175.39022416770254,176.96014404296875,143564100.0
2025-09-25 00:00:00-04:00,174.47028665549124,180.24996380236055,173.12037093203185,177.68011474609375,191586700.0
2025-09-26 00:00:00-04:00,178.16008106951017,179.75999811527313,174.920255917913,178.18008422851562,148573700.0
2025-09-29 00:00:00-04:00,180.4199550960203,183.98976381560166,180.30997586310093,181.8398895263672,193063500.0
2025-09-30 00:00:00-04:00,182.06986121505474,187.3395719841704,181.4698885277926,186.56961059570312,236981000.0
2025-10-01 00:00:00-04:00,185.22969505995906,188.12952754318238,183.88975804812025-10-02 00:00:00-04:00,189.5894532800495,191.0393695238543,188.04953044946197,188.87948608398438,136805800.0
2025-10-03 00:00:00-04:00,189.1794627061203,190.34939569471342,185.36967740169,187.6095428466797,137596900.0
2025-10-06 00:00:00-04:00,185.48967202648717,187.21957143407985,183.31979467524326,185.5296630859375,157678100.0
2025-10-07 00:00:00-04:00,186.21962980709273,189.0494741147918,183.9897582054133,185.02969360351562,140088000.0
2025-10-08 00:00:00-04:00,186.55962017208088,189.58945025835604,186.52960780500513,189.09947204589844,130168900.0
2025-10-09 00:00:00-04:00,192.21928773885006,195.28912405123697,191.04935474353755,192.5592803955078,182997200.0
2025-10-10 00:00:00-04:00,193.49922565779727,195.6091088464203,182.0398719523004,183.14981079101562,268774400.0
2025-10-13 00:00:00-04:00,187.9595379156231,190.09941818271824,185.94965529464977,188.3095245361328,153482800.0
2025-10-14 00:00:00-04:00,184.75971529942103,184.78971240822688,179.68999030007896,180.0199737548828,205641400.0
2025-10-15 00:00:00-04:00,184.7897166440438,184.85970481354866,177.2801249034248,179.8199920654297,214450500.0
2025-10-16 00:00:00-04:00,182.21985578014733,183.26980040587233,179.76000120804414,181.7998809814453,179723300.0
2025-10-17 00:00:00-04:00,180.16996892604442,184.08976427610557,179.74000017155936,183.20980834960938,173135200.0
2025-10-20 00:00:00-04:00,183.1198152646831,185.18969215276272,181.71988400794234,182.6298370361328,128544700.0
2025-10-21 00:00:00-04:00,182.77981647710283,182.77981647710283,179.78999271004406,181.14991760253906,124240200.0
2025-10-22 00:00:00-04:00,181.1299112106735,183.42978616900905,176.7501502622395,180.26995849609375,162249600.0
2025-10-23 00:00:00-04:00,180.40994799999942,183.01980322210497,179.7799782111653,182.1498565673828,111363700.0
2025-10-24 00:00:00-04:00,183.8297551720498,187.45955783835475,183.48977777431884,186.24961853027344,131296700.0
2025-10-27 00:00:00-04:00,189.979423148828,191.98930570001696,188.41949722334647,191.47933959960938,153452700.0
2025-10-28 00:00:00-04:00,193.03926234185508,203.1386912540773,191.89932637827522,201.01881408691406,297986200.0
2025-10-29 00:00:00-04:00,207.96842303697136,212.1781954922272,204.76860414707738,207.02847290039062,308829600.0
2025-10-30 00:00:00-04:00,205.1385766163601,206.1485301715792,201.39879452489242,202.8787078857422,178864400.0
2025-10-31 00:00:00-04:00,206.43850017947892,207.95841980607935,202.05875446792163,202.47872924804688,179802200.0
2025-11-03 00:00:00-05:00,208.06841462190084,211.32822759164594,205.5485506791992,206.8684844970703,180267300.0
2025-11-04 00:00:00-05:00,202.98869740675082,203.9586446199207,197.9189723693821,198.67893981933594,188919300.0
2025-11-05 00:00:00-05:00,198.75894188581304,202.90870481768462,194.63916080574026,195.1991424560547,171350300.0
2025-11-06 00:00:00-05:00,196.40906647995496,197.60899664277025,186.3696319662745,188.0695343017578,223029800.0
2025-11-07 00:00:00-05:00,184.8897071775586,188.3095303364016,178.90005019006267,188.1395263671875,264942300.0
2025-11-10 00:00:00-05:00,195.09914200543773,199.9288750287355,193.7792081445882,199.03892517089844,198897100.0
2025-11-11 00:00:00-05:00,195.14913483203398,195.40911485928362,191.28934919242405,193.1492462158203,176483300.0
2025-11-12 00:00:00-05:00,195.70910637927892,195.87909508520013,191.1193655455878,193.78921508789062,154935300.0
2025-11-13 00:00:00-05:00,191.03936321053533,191.42934088057365,183.8397672401686,186.84959411621094,207423100.0
2025-11-14 00:00:00-05:00,182.8498180673128,190.99935813210442,180.56994624954729,190.15940856933594,186591900.0
2025-11-17 00:00:00-05:00,185.95964506857126,188.98947511566342,184.30974305565786,186.58961486816406,173628900.0
2025-11-18 00:00:00-05:00,183.36979105504545,184.7897101334883,179.63998782140993,181.3498992919922,213598900.0
2025-11-19 00:00:00-05:00,184.7796984316032,187.8495347223247,182.8198161698128,186.50961303710938,247246400.0
2025-11-20 00:00:00-05:00,195.9390891568929,195.9890894251709,179.83999453744622,180.62994384765625,343504800.0
2025-11-21 00:00:00-05:00,181.22991004695137,184.54971718190046,172.92036011460985,178.8700408935547,346926200.0
2025-11-24 00:00:00-05:00,179.48001348627363,183.4897847612219,176.47017128450955,182.5398406982422,256618300.0
2025-11-25 00:00:00-05:00,174.90026276869568,178.15008177330986,169.54056066153746,177.8101043701172,320600300.0
2025-11-26 00:00:00-05:00,181.61988829154,182.8998157763143,178.2300777211247,180.2499542236328,183852000.0
2025-11-28 00:00:00-05:00,179.0000253919654,179.28000857805475,176.49017066740046,176.99014282226562,121332800.0
2025-12-01 00:00:00-05:00,174.75027181562072,180.28997214473748,173.67033006996684,179.9099884033203,188131000.0
2025-12-02 00:00:00-05:00,181.74987648908228,185.6496685428864,179.98997995570696,181.4499053955078,182632200.0
2025-12-03 00:00:00-05:00,181.06992440272873,182.43984327721986,179.1000328161426,179.5800018310547,165138000.0
2025-12-04 00:00:00-05:00,181.6199951171875,184.52000427246094,179.9600067138672,183.3800048828125,167364900.0
2025-12-05 00:00:00-05:00,183.88999938964844,184.66000366210938,180.91000366210938,182.41000366210938,143971100.0
2025-12-08 00:00:00-05:00,182.63999938964844,188.0,182.39999389648438,185.5500030517578,204378100.0
2025-12-09 00:00:00-05:00,185.55999755859375,185.72000122070312,183.32000732421875,184.97000122070312,144719700.0
2025-12-10 00:00:00-05:00,184.97000122070312,185.47999572753906,182.0399932861328,183.77999877929688,162785400.0
2025-12-11 00:00:00-05:00,180.27999877929688,181.32000732421875,176.6199951171875,180.92999267578125,182136600.0
2025-12-12 00:00:00-05:00,181.11000061035156,182.82000732421875,174.6199951171875,175.02000427246094,204274900.0
2025-12-15 00:00:00-05:00,177.94000244140625,178.4199981689453,175.02999877929688,176.2899932861328,164775600.0
2025-12-16 00:00:00-05:00,176.25999450683594,178.49000549316406,174.89999389648438,177.72000122070312,148588100.0
2025-12-17 00:00:00-05:00,176.10000610351562,176.1300048828125,170.30999755859375,170.94000244140625,222775500.0
2025-12-18 00:00:00-05:00,174.52999877929688,176.14999389648438,171.82000732421875,174.13999938964844,176096000.0
2025-12-19 00:00:00-05:00,176.6699981689453,181.4499969482422,176.33999633789062,180.99000549316406,324925900.0
2025-12-22 00:00:00-05:00,183.9199981689453,184.16000366210938,182.35000610351562,183.69000244140625,129064400.0
2025-12-23 00:00:00-05:00,182.97000122070312,189.3300018310547,182.89999389648438,189.2100067138672,174873600.0
2025-12-24 00:00:00-05:00,187.94000244140625,188.91000366210938,186.58999633789062,188.61000061035156,65528500.0
2025-12-26 00:00:00-05:00,189.9199981689453,192.69000244140625,188.0,190.52999877929688,139740300.0
2025-12-29 00:00:00-05:00,187.7100067138672,188.75999450683594,185.91000366210938,188.22000122070312,120006100.0
2025-12-30 00:00:00-05:00,188.24000549316406,188.99000549316406,186.92999267578125,187.5399932861328,97687300.0
2025-12-31 00:00:00-05:00,189.57000732421875,190.55999755859375,186.49000549316406,186.5,120100500.0
2026-01-02 00:00:00-05:00,189.83999633789062,192.92999267578125,188.25999450683594,188.85000610351562,148240500.0
2026-01-05 00:00:00-05:00,191.75999450683594,193.6300048828125,186.14999389648438,188.1199951171875,183529700.0
2026-01-06 00:00:00-05:00,190.52000427246094,192.1699981689453,186.82000732421875,187.24000549316406,176862600.0
2026-01-07 00:00:00-05:00,188.57000732421875,191.3699951171875,186.55999755859375,189.11000061035156,153543200.0
2026-01-08 00:00:00-05:00,189.11000061035156,189.5500030517578,183.7100067138672,185.0399932861328,172457000.0
2026-01-09 00:00:00-05:00,185.0800018310547,186.33999633789062,183.6699981689453,184.86000061035156,131327500.0
2026-01-12 00:00:00-05:00,183.22000122070312,187.1199951171875,183.02000427246094,184.94000244140625,137968500.0
2026-01-13 00:00:00-05:00,185.0,188.11000061035156,183.39999389648438,185.80999755859375,160128900.0
2026-01-14 00:00:00-05:00,184.32000732421875,184.4600067138672,180.8000030517578,183.13999938964844,159586100.0
2026-01-15 00:00:00-05:00,186.5,189.6999969482422,186.3300018310547,187.0500030517578,206188600.0
2026-01-16 00:00:00-05:00,189.0800018310547,190.44000244140625,186.0800018310547,186.22999572753906,187967200.0
2026-01-20 00:00:00-05:00,181.8999932026-01-20 00:00:00-05:00,181.89999389648438,182.3800048828125,177.61000061035156,178.07000732421875,223345300.0
2026-01-21 00:00:00-05:00,179.0500030517578,185.3800048828125,178.39999389648438,183.32000732421875,200381000.0
2026-01-22 00:00:00-05:00,184.75,186.1699981689453,183.92999267578125,184.83999633789062,139636600.0
2026-01-23 00:00:00-05:00,187.5,189.60000610351562,186.82000732421875,187.6699981689453,142748100.0
2026-01-26 00:00:00-05:00,187.16000366210938,189.1199951171875,185.99000549316406,186.47000122070312,124799600.0
2026-01-27 00:00:00-05:00,187.24000549316406,190.0,185.6999969482422,188.52000427246094,143711600.0
2026-01-28 00:00:00-05:00,191.27000427246094,192.35000610351562,189.83999633789062,191.52000427246094,148552700.0
2026-01-29 00:00:00-05:00,191.33999633789062,193.47999572753906,186.05999755859375,192.50999450683594,171764400.0
2026-01-30 00:00:00-05:00,191.2100067138672,194.49000549316406,189.47000122070312,191.1300048828125,178936900.0
