Datetime,Open,High,Low,Close,Volume
2026-01-26 09:30:00-05:00,187.07000732421875,187.70730590820312,187.05999755859375,187.66000366210938,3456923.0
2026-01-26 09:31:00-05:00,187.63999938964844,188.0,187.1999969482422,187.93499755859375,556555.0
2026-01-26 09:32:00-05:00,187.92999267578125,188.3000030517578,187.72999572753906,188.2637939453125,536041.0
2026-01-26 09:33:00-05:00,188.25,188.30999755859375,187.6699981689453,187.79339599609375,532566.0
2026-01-26 09:34:00-05:00,187.79989624023438,188.11500549316406,187.7342071533203,188.0198974609375,448522.0
2026-01-26 09:35:00-05:00,188.02000427246094,188.6300048828125,187.97999572753906,188.61500549316406,664317.0
2026-01-26 09:36:00-05:00,188.60000610351562,189.05999755859375,188.52999877929688,188.9398956298828,892018.0
2026-01-26 09:37:00-05:00,188.91000366210938,188.9600067138672,188.4499969482422,188.5135040283203,557967.0
2026-01-26 09:38:00-05:00,188.52000427246094,188.6999969482422,188.01499938964844,188.17010498046875,627720.0
2026-01-26 09:39:00-05:00,188.1699981689453,188.38999938964844,187.8800048828125,188.38499450683594,488679.0
2026-01-26 09:40:00-05:00,188.3699951171875,188.6199951171875,187.99000549316406,188.6199951171875,542040.0
2026-01-26 09:41:00-05:00,188.6300048828125,188.9499969482422,188.59500122070312,188.79989624023438,819026.0
2026-01-26 09:42:00-05:00,188.7946014404297,189.05999755859375,188.39999389648438,188.9300994873047,719850.0
2026-01-26 09:43:00-05:00,188.94000244140625,189.0800018310547,188.8300018310547,188.92999267578125,485585.0
2026-01-26 09:44:00-05:00,188.92999267578125,189.1199951171875,188.69000244140625,188.69000244140625,529834.0
2026-01-26 09:45:00-05:00,188.6898956298828,188.77000427246094,188.45399475097656,188.5,546247.0
2026-01-26 09:46:00-05:00,188.5,188.51499938964844,188.11000061035156,188.12989807128906,442725.0
2026-01-26 09:47:00-05:00,188.1199951171875,188.13999938964844,187.9698944091797,187.97000122070312,440224.0
2026-01-26 09:48:00-05:00,187.97000122070312,188.06500244140625,187.88999938964844,187.98989868164062,364369.0
2026-01-26 09:49:00-05:00,187.97500610351562,187.99000549316406,187.5200958251953,187.55059814453125,427454.0
2026-01-26 09:50:00-05:00,187.57000732421875,187.60000610351562,187.30999755859375,187.375,492967.0
2026-01-26 09:51:00-05:00,187.36500549316406,187.46499633789062,187.02000427246094,187.06500244140625,502580.0
2026-01-26 09:52:00-05:00,187.05999755859375,187.19000244140625,186.85000610351562,187.0,513991.0
2026-01-26 09:53:00-05:00,187.0,187.27000427246094,187.0,187.25,440072.0
2026-01-26 09:54:00-05:00,187.2458038330078,187.25,187.07009887695312,187.12899780273438,238554.0
2026-01-26 09:55:00-05:00,187.14500427246094,187.50999450683594,187.14500427246094,187.4949951171875,504696.0
2026-01-26 09:56:00-05:00,187.50990295410156,187.78509521484375,187.44500732421875,187.78500366210938,628592.0
2026-01-26 09:57:00-05:00,187.7899932861328,187.88999938964844,187.71499633789062,187.80499267578125,334818.0
2026-01-26 09:58:00-05:00,187.80499267578125,187.9199981689453,187.60000610351562,187.6199951171875,612942.0
2026-01-26 09:59:00-05:00,187.6199951171875,187.75,187.4199981689453,187.51499938964844,509718.0
2026-01-26 10:00:00-05:00,187.5050048828125,187.52499389648438,187.2100067138672,187.22000122070312,447313.0
2026-01-26 10:01:00-05:00,187.25,187.3000030517578,187.10000610351562,187.10000610351562,419897.0
2026-01-26 10:02:00-05:00,187.10020446777344,187.44000244140625,187.09500122070312,187.39999389648438,325259.0
2026-01-26 10:03:00-05:00,187.39999389648438,187.49000549316406,187.14999389648438,187.20010375976562,302026.0
2026-01-26 10:04:00-05:00,187.2115936279297,187.39999389648438,187.1999969482422,187.30499267578125,216285.0
2026-01-26 10:05:00-05:00,187.3000030517578,187.44000244140625,187.26499938964844,187.35609436035156,238653.0
2026-01-26 10:06:00-05:00,187.36000061035156,187.47000122070312,187.19000244140625,187.19000244140625,287771.0
2026-01-26 10:07:00-05:00,187.1802978515625,187.37539672851562,187.16000366210938,187.30050659179688,184698.0
2026-01-26 10:08:00-05:00,187.3000030517578,187.35000610351562,187.19500732421875,187.23500061035156,148944.0
2026-01-26 10:09:00-05:00,187.22500610351562,187.3000030517578,187.11000061035156,187.1300048828125,234072.0
2026-01-26 10:10:00-05:00,187.13499450683594,187.14999389648438,186.9499969482422,187.04010009765625,434549.0
2026-01-26 10:11:00-05:00,187.0399932861328,187.05990600585938,186.9199981689453,186.93670654296875,319485.0
2026-01-26 10:12:00-05:00,186.9250030517578,187.0,186.85000610351562,186.98739624023438,273272.0
2026-01-26 10:13:00-05:00,186.9949951171875,187.26499938964844,186.97999572753906,187.0666961669922,329489.0
2026-01-26 10:14:00-05:00,187.05999755859375,187.3000030517578,187.02999877929688,187.23060607910156,283379.0
2026-01-26 10:15:00-05:00,187.23989868164062,187.3800048828125,187.22999572753906,187.32000732421875,287787.0
2026-01-26 10:16:00-05:00,187.32000732421875,187.39999389648438,187.25999450683594,187.2899932861328,276509.0
2026-01-26 10:17:00-05:00,187.3000030517578,187.52999877929688,187.24420166015625,187.5050048828125,286900.0
2026-01-26 10:18:00-05:00,187.50999450683594,187.58999633789062,187.48500061035156,187.52499389648438,273629.0
2026-01-26 10:19:00-05:00,187.531005859375,187.5843963623047,187.47999572753906,187.49000549316406,213535.0
2026-01-26 10:20:00-05:00,187.49000549316406,187.6300048828125,187.4600067138672,187.6175994873047,206874.0
2026-01-26 10:21:00-05:00,187.6199951171875,187.77000427246094,187.60000610351562,187.66000366210938,265859.0
2026-01-26 10:22:00-05:00,187.65989685058594,187.74000549316406,187.62010192871094,187.72500610351562,198441.0
2026-01-26 10:23:00-05:00,187.7301025390625,187.7595977783203,187.6300048828125,187.66000366210938,170539.0
2026-01-26 10:24:00-05:00,187.6699981689453,187.6699981689453,187.53919982910156,187.55999755859375,179601.0
2026-01-26 10:25:00-05:00,187.55580139160156,187.60000610351562,187.35000610351562,187.36000061035156,241885.0
2026-01-26 10:26:00-05:00,187.3699951171875,187.39999389648438,187.2100067138672,187.2899932861328,257761.0
2026-01-26 10:27:00-05:00,187.29730224609375,187.38999938964844,187.17999267578125,187.33990478515625,240009.0
2026-01-26 10:28:00-05:00,187.34339904785156,187.36000061035156,187.22999572753906,187.25,162310.0
2026-01-26 10:29:00-05:00,187.25,187.35000610351562,187.2200927734375,187.3459930419922,145556.0
2026-01-26 10:30:00-05:00,187.33450317382812,187.3800048828125,187.27999877929688,187.32000732421875,170233.0
2026-01-26 10:31:00-05:00,187.3300018310547,187.36000061035156,187.08999633789062,187.1750030517578,245913.0
2026-01-26 10:32:00-05:00,187.1699981689453,187.35000610351562,187.1699981689453,187.3300018310547,177638.0
2026-01-26 10:33:00-05:00,187.3350067138672,187.41000366210938,187.23500061035156,187.24000549316406,169095.0
2026-01-26 10:34:00-05:00,187.24000549316406,187.28660583496094,187.2050018310547,187.2449951171875,151796.0
2026-01-26 10:35:00-05:00,187.2449951171875,187.3699951171875,187.17999267578125,187.35499572753906,155353.0
2026-01-26 10:36:00-05:00,187.35009765625,187.48550415039062,187.35009765625,187.44000244140625,216738.0
2026-01-26 10:37:00-05:00,187.4394989013672,187.61000061035156,187.42999267578125,187.47999572753906,230248.0
2026-01-26 10:38:00-05:00,187.4801025390625,187.49429321289062,187.41000366210938,187.4149932861328,130836.0
2026-01-26 10:39:00-05:00,187.41250610351562,187.4499969482422,187.3800048828125,187.41650390625,130536.0
2026-01-26 10:40:00-05:00,187.4149932861328,187.5800018310547,187.3699951171875,187.42999267578125,202207.0
2026-01-26 10:41:00-05:00,187.43499755859375,187.46400451660156,187.17999267578125,187.19000244140625,240728.0
2026-01-26 10:42:00-05:00,187.19610595703125,187.1999969482422,187.0800018310547,187.1300048828125,223769.0
2026-01-26 10:43:00-05:00,187.13499450683594,187.19500732421875,186.97500610351562,187.00050354003906,307430.0
2026-01-26 10:44:00-05:00,187.0050048828125,187.0998992919922,186.95199584960938,187.0399932861328,176666.0
2026-01-26 10:45:00-05:00,187.06500244140625,187.19000244140625,187.0399932861328,187.10000610351562,225394.0
2026-01-26 10:46:00-05:00,187.10989379882812,187.16000366210938,187.00819396972656,187.14999389648438,196168.0
2026-01-26 10:47:00-05:00,187.16029357910156,187.1699981689453,187.05499267578125,187.11500549316406,157746.0
2026-01-26 10:48:00-05:00,187.11000061035156,187.125,187.0449981689453,187.0699005126953,123610.0
2026-01-26 10:49:00-05:00,187.07009887695312,187.16000366210938,187.02000427246094,187.1501007080078,155733.0
2026-01-26 10:50:00-05:00,187.16000366210938,187.23500061035156,187.13999938964844,187.22000122070312,232991.0
2026-01-26 10:51:00-05:00,187.2216033935547,187.39999389648438,187.2100067138672,187.36000061035156,274422.0
2026-01-26 10:52:00-05:00,187.34500122070312,187.38999938964844,187.24920654296875,187.38510131835938,192650.0
2026-01-26 10:53:00-05:00,187.38009643554688,187.44000244140625,187.35009765625,187.37010192871094,230108.0
2026-01-26 10:54:00-05:00,187.375,187.50999450683594,187.35000610351562,187.3699951171875,253530.0
2026-01-26 10:55:00-05:00,187.375,187.47999572753906,187.26499938964844,187.30999755859375,193335.0
2026-01-26 10:56:00-05:00,187.30499267578125,187.4001007080078,187.3000030517578,187.3350067138672,148434.0
2026-01-26 10:57:00-05:00,187.3300018310547,187.33999633789062,187.1999969482422,187.30499267578125,200978.0
2026-01-26 10:58:00-05:00,187.2949981689453,187.3000030517578,187.19000244140625,187.25,150115.0
2026-01-26 10:59:00-05:00,187.25010681152344,187.27999877929688,187.19500732421875,187.27000427246094,172232.0
2026-01-26 11:00:00-05:00,187.27000427246094,187.28500366210938,186.0800018310547,186.42999267578125,1734020.0
2026-01-26 11:01:00-05:00,186.4499969482422,186.8000030517578,186.00999450683594,186.7550048828125,786607.0
2026-01-26 11:02:00-05:00,186.7657928466797,186.86000061035156,186.41000366210938,186.75999450683594,457783.0
2026-01-26 11:03:00-05:00,186.64649963378906,186.92999267578125,186.60000610351562,186.6199951171875,326482.0
2026-01-26 11:04:00-05:00,186.6300048828125,186.77999877929688,186.5800018310547,186.72999572753906,241932.0
2026-01-26 11:05:00-05:00,186.7299041748047,186.97000122070312,186.6999969482422,186.8990020751953,280809.0
2026-01-26 11:06:00-05:00,186.91000366210938,187.00999450683594,186.80499267578125,186.9149932861328,237104.0
2026-01-26 11:07:00-05:00,186.91000366210938,186.97850036621094,186.82000732421875,186.90249633789062,167648.0
2026-01-26 11:08:00-05:00,186.89999389648438,186.9550018310547,186.82000732421875,186.89999389648438,141724.0
2026-01-26 11:09:00-05:00,186.88999938964844,186.88999938964844,186.75,186.80499267578125,152940.0
2026-01-26 11:10:00-05:00,186.8000946044922,186.82000732421875,186.55999755859375,186.60000610351562,212873.0
2026-01-26 11:11:00-05:00,186.59500122070312,186.6999969482422,186.52000427246094,186.69000244140625,228759.0
2026-01-26 11:12:00-05:00,186.69000244140625,187.1999969482422,186.68069458007812,187.16000366210938,401090.0
2026-01-26 11:13:00-05:00,187.16000366210938,187.1699981689453,187.02000427246094,187.06500244140625,239417.0
2026-01-26 11:14:00-05:00,187.0572052001953,187.14999389648438,187.0,187.125,200156.0
2026-01-26 11:15:00-05:00,187.12930297851562,187.25,187.1199951171875,187.1999969482422,251843.0
2026-01-26 11:16:00-05:00,187.19000244140625,187.1999969482422,186.97120666503906,187.01499938964844,236975.0
2026-01-26 11:17:00-05:00,187.00010681152344,187.05499267578125,186.94000244140625,187.0198974609375,176814.0
2026-01-26 11:18:00-05:00,187.00999450683594,187.06350708007812,186.8800048828125,186.9199981689453,203327.0
2026-01-26 11:19:00-05:00,186.92999267578125,186.94500732421875,186.85000610351562,186.88059997558594,139296.0
2026-01-26 11:20:00-05:00,186.89999389648438,186.92999267578125,186.6999969482422,186.77999877929688,183780.0
2026-01-26 11:21:00-05:00,186.77499389648438,186.9600067138672,186.72000122070312,186.9550018310547,130559.0
2026-01-26 11:22:00-05:00,186.9600067138672,187.0399932861328,186.91009521484375,187.00999450683594,162074.0
2026-01-26 11:23:00-05:00,187.01499938964844,187.01499938964844,186.89999389648438,186.9405975341797,116120.0
2026-01-26 11:24:00-05:00,186.94000244140625,186.9799041748047,186.88699340820312,186.9700927734375,111822.0
2026-01-26 11:25:00-05:00,186.96499633789062,186.9799041748047,186.85000610351562,186.88999938964844,96672.0
2026-01-26 11:26:00-05:00,186.87989807128906,186.8800048828125,186.77999877929688,186.82000732421875,165107.0
2026-01-26 11:27:00-05:00,186.81500244140625,186.8699951171875,186.7899932861328,186.80999755859375,117719.0
2026-01-26 11:28:00-05:00,186.8199005126953,186.94000244140625,186.7790069580078,186.9342041015625,134239.0
2026-01-26 11:29:00-05:00,186.94000244140625,186.94500732421875,186.77999877929688,186.80499267578125,160551.0
2026-01-26 11:30:00-05:00,186.7899932861328,186.88999938964844,186.6699981689453,186.7100067138672,192452.0
2026-01-26 11:31:00-05:00,186.7115020751953,186.80999755859375,186.639892578125,186.77999877929688,159278.0
2026-01-26 11:32:00-05:00,186.77999877929688,186.92999267578125,186.76699829101562,186.89990234375,164616.0
2026-01-26 11:33:00-05:00,186.88999938964844,186.92999267578125,186.85499572753906,186.89500427246094,101039.0
2026-01-26 11:34:00-05:00,186.88999938964844,186.91000366210938,186.80999755859375,186.82000732421875,96622.0
2026-01-26 11:35:00-05:00,186.82000732421875,186.89999389648438,186.74000549316406,186.82420349121094,132054.0
2026-01-26 11:36:00-05:00,186.8249969482422,186.88999938964844,186.75999450683594,186.85000610351562,101431.0
2026-01-26 11:37:00-05:00,186.85020446777344,186.99000549316406,186.8101043701172,186.91000366210938,154248.0
2026-01-26 11:38:00-05:00,186.89999389648438,186.94000244140625,186.83999633789062,186.89999389648438,164712.0
2026-01-26 11:39:00-05:00,186.89999389648438,187.0,186.88999938964844,186.9250030517578,153560.0
2026-01-26 11:40:00-05:00,186.92999267578125,186.98500061035156,186.85000610351562,186.8800048828125,153492.0
2026-01-26 11:41:00-05:00,186.88580322265625,186.94000244140625,186.8000030517578,186.8175048828125,149438.0
2026-01-26 11:42:00-05:00,186.8199005126953,186.889892578125,186.78500366210938,186.81350708007812,94450.0
2026-01-26 11:43:00-05:00,186.80999755859375,186.81500244140625,186.63999938964844,186.72000122070312,209653.0
2026-01-26 11:44:00-05:00,186.72999572753906,186.72999572753906,186.66000366210938,186.67579650878906,100885.0
2026-01-26 11:45:00-05:00,186.6699981689453,186.72000122070312,186.5749969482422,186.64999389648438,188561.0
2026-01-26 11:46:00-05:00,186.65969848632812,186.67649841308594,186.60580444335938,186.63999938964844,102691.0
2026-01-26 11:47:00-05:00,186.6416015625,186.6649932861328,186.44000244140625,186.49000549316406,257695.0
2026-01-26 11:48:00-05:00,186.4857940673828,186.5500030517578,186.4600067138672,186.5500030517578,149946.0
2026-01-26 11:49:00-05:00,186.55999755859375,186.67999267578125,186.5198974609375,186.61990356445312,144954.0
2026-01-26 11:50:00-05:00,186.6165008544922,186.70989990234375,186.57000732421875,186.67999267578125,108176.0
2026-01-26 11:51:00-05:00,186.67999267578125,186.8300018310547,186.66990661621094,186.80580139160156,203202.0
2026-01-26 11:52:00-05:00,186.7949981689453,186.8800048828125,186.7949981689453,186.85009765625,195011.0
2026-01-26 11:53:00-05:00,186.8502960205078,186.875,186.80999755859375,186.8300018310547,124359.0
2026-01-26 11:54:00-05:00,186.81039428710938,186.84579467773438,186.7100067138672,186.77999877929688,195232.0
2026-01-26 11:55:00-05:00,186.77999877929688,186.86000061035156,186.77999877929688,186.81500244140625,151003.0
2026-01-26 11:56:00-05:00,186.81500244140625,186.89990234375,186.81500244140625,186.88499450683594,123119.0
2026-01-26 11:57:00-05:00,186.8800048828125,187.00999450683594,186.8800048828125,186.97000122070312,246933.0
2026-01-26 11:58:00-05:00,186.97000122070312,187.0500030517578,186.96119689941406,186.98399353027344,155824.0
2026-01-26 11:59:00-05:00,186.97000122070312,187.02999877929688,186.95010375976562,187.01499938964844,127613.0
2026-01-26 12:00:00-05:00,187.01499938964844,187.05999755859375,186.97000122070312,187.02000427246094,162644.0
2026-01-26 12:01:00-05:00,187.02000427246094,187.24000549316406,187.0,187.1750030517578,293771.0
2026-01-26 12:02:00-05:00,187.17730712890625,187.17999267578125,187.0800018310547,187.13499450683594,117319.0
2026-01-26 12:03:00-05:00,187.14010620117188,187.22000122070312,187.1199951171875,187.12930297851562,152743.0
2026-01-26 12:04:00-05:00,187.1300048828125,187.24000549316406,187.12010192871094,187.1707000732422,110023.0
2026-01-26 12:05:00-05:00,187.1699981689453,187.17269897460938,187.07000732421875,187.07009887695312,121848.0
2026-01-26 12:06:00-05:00,187.0749969482422,187.1999969482422,187.0749969482422,187.16510009765625,107278.0
2026-01-26 12:07:00-05:00,187.1649932861328,187.1699981689453,187.10499572753906,187.11000061035156,122660.0
2026-01-26 12:08:00-05:00,187.11500549316406,187.1300048828125,186.97999572753906,187.0,183128.0
2026-01-26 12:09:00-05:00,187.0070037841797,187.0449981689453,186.9499969482422,186.97000122070312,121020.0
2026-01-26 12:10:00-05:00,186.99000549316406,187.07009887695312,186.94000244140625,186.9600067138672,162681.0
2026-01-26 12:11:00-05:00,186.9600067138672,187.07000732421875,186.92010498046875,186.94000244140625,141416.0
2026-01-26 12:12:00-05:00,186.9300994873047,186.99000549316406,186.89999389648438,186.93580627441406,112017.0
2026-01-26 12:13:00-05:00,186.94009399414062,187.02000427246094,186.9199981689453,186.92779541015625,118491.0
2026-01-26 12:14:00-05:00,186.9199981689453,186.9199981689453,186.8350067138672,186.85000610351562,152932.0
2026-01-26 12:15:00-05:00,186.8592987060547,186.8800048828125,186.70010375976562,186.72000122070312,180367.0
2026-01-26 12:16:00-05:00,186.72439575195312,186.7458038330078,186.6199951171875,186.64500427246094,163338.0
2026-01-26 12:17:00-05:00,186.64999389648438,186.75999450683594,186.63499450683594,186.75,174755.0
2026-01-26 12:18:00-05:00,186.7449951171875,186.8000030517578,186.55999755859375,186.64840698242188,269936.0
2026-01-26 12:19:00-05:00,186.63499450683594,186.8000030517578,186.60000610351562,186.79420471191406,163090.0
2026-01-26 12:20:00-05:00,186.8000030517578,186.83999633789062,186.77000427246094,186.8350067138672,162404.0
2026-01-26 12:21:00-05:00,186.83419799804688,186.85000610351562,186.7689971923828,186.78990173339844,129510.0
2026-01-26 12:22:00-05:00,186.77999877929688,186.77999877929688,186.6999969482422,186.7209930419922,136734.0
2026-01-26 12:23:00-05:00,186.72000122070312,186.80499267578125,186.71499633789062,186.79010009765625,101484.0
2026-01-26 12:24:00-05:00,186.7949981689453,186.81500244140625,186.72999572753906,186.77999877929688,97101.0
2026-01-26 12:25:00-05:00,186.78500366210938,186.8300018310547,186.77999877929688,186.8249969482422,96213.0
2026-01-26 12:26:00-05:00,186.8249969482422,186.8300018310547,186.77999877929688,186.7949981689453,115218.0
2026-01-26 12:27:00-05:00,186.76499938964844,186.77499389648438,186.6199951171875,186.63499450683594,149105.0
2026-01-26 12:28:00-05:00,186.63499450683594,186.69500732421875,186.61000061035156,186.67999267578125,126041.0
2026-01-26 12:29:00-05:00,186.69000244140625,186.69500732421875,186.64300537109375,186.66000366210938,95345.0
2026-01-26 12:30:00-05:00,186.63999938964844,186.7100067138672,186.55999755859375,186.57899475097656,126961.0
2026-01-26 12:31:00-05:00,186.5800018310547,186.6199951171875,186.5399932861328,186.60499572753906,146169.0
2026-01-26 12:32:00-05:00,186.6042022705078,186.63999938964844,186.5800018310547,186.60000610351562,126671.0
2026-01-26 12:33:00-05:00,186.58999633789062,186.60000610351562,186.50999450683594,186.5449981689453,97549.0
2026-01-26 12:34:00-05:00,186.5500030517578,186.62710571289062,186.50999450683594,186.60479736328125,107843.0
2026-01-26 12:35:00-05:00,186.61000061035156,186.6199951171875,186.5,186.5050048828125,80230.0
2026-01-26 12:36:00-05:00,186.51499938964844,186.55999755859375,186.5,186.51499938964844,83921.0
2026-01-26 12:37:00-05:00,186.51499938964844,186.55999755859375,186.5,186.5399932861328,134383.0
2026-01-26 12:38:00-05:00,186.53500366210938,186.53500366210938,186.4600067138672,186.5142059326172,152910.0
2026-01-26 12:39:00-05:00,186.51499938964844,186.5800018310547,186.51499938964844,186.55499267578125,102447.0
2026-01-26 12:40:00-05:00,186.55999755859375,186.5749969482422,186.50999450683594,186.55499267578125,84900.0
2026-01-26 12:41:00-05:00,186.55499267578125,186.5749969482422,186.43499755859375,186.44009399414062,161935.0
2026-01-26 12:42:00-05:00,186.44000244140625,186.47000122070312,186.3800048828125,186.45010375976562,198671.0
2026-01-26 12:43:00-05:00,186.45970153808594,186.47999572753906,186.39500427246094,186.4698944091797,98695.0
2026-01-26 12:44:00-05:00,186.47500610351562,186.50999450683594,186.4499969482422,186.45950317382812,150397.0
2026-01-26 12:45:00-05:00,186.4499969482422,186.46499633789062,186.32000732421875,186.35000610351562,230508.0
2026-01-26 12:46:00-05:00,186.33999633789062,186.39999389648438,186.2899932861328,186.36500549316406,198550.0
2026-01-26 12:47:00-05:00,186.3697967529297,186.3800048828125,186.22999572753906,186.24000549316406,196246.0
2026-01-26 12:48:00-05:00,186.24000549316406,186.32000732421875,186.22999572753906,186.30990600585938,121273.0
2026-01-26 12:49:00-05:00,186.30999755859375,186.3300018310547,186.2899932861328,186.2899932861328,105772.0
2026-01-26 12:50:00-05:00,186.29269409179688,186.30499267578125,186.1999969482422,186.2949981689453,160804.0
2026-01-26 12:51:00-05:00,186.26669311523438,186.39999389648438,186.26669311523438,186.375,214777.0
2026-01-26 12:52:00-05:00,186.37010192871094,186.39999389648438,186.30499267578125,186.3350067138672,126140.0
2026-01-26 12:53:00-05:00,186.3350067138672,186.38999938964844,186.30999755859375,186.3603057861328,101054.0
2026-01-26 12:54:00-05:00,186.36000061035156,186.39999389648438,186.33999633789062,186.3699951171875,102282.0
2026-01-26 12:55:00-05:00,186.360107421875,186.4600067138672,186.3000030517578,186.44540405273438,104494.0
2026-01-26 12:56:00-05:00,186.44479370117188,186.5850067138672,186.4300994873047,186.52000427246094,213563.0
2026-01-26 12:57:00-05:00,186.51829528808594,186.5500030517578,186.4499969482422,186.5023956298828,175398.0
2026-01-26 12:58:00-05:00,186.5070037841797,186.58999633789062,186.5,186.57000732421875,116446.0
2026-01-26 12:59:00-05:00,186.57420349121094,186.5800018310547,186.47259521484375,186.47549438476562,138657.0
2026-01-26 13:00:00-05:00,186.4799041748047,186.5,186.39999389648438,186.40499877929688,136276.0
2026-01-26 13:01:00-05:00,186.40499877929688,186.4499969482422,186.38499450683594,186.39999389648438,111866.0
2026-01-26 13:02:00-05:00,186.3903045654297,186.3903045654297,186.32000732421875,186.35609436035156,133504.0
2026-01-26 13:03:00-05:00,186.35499572753906,186.39999389648438,186.3000030517578,186.3695068359375,138037.0
2026-01-26 13:04:00-05:00,186.36000061035156,186.3800048828125,186.30999755859375,186.3159942626953,91532.0
2026-01-26 13:05:00-05:00,186.32000732421875,186.3249969482422,186.19500732421875,186.27000427246094,203912.0
2026-01-26 13:06:00-05:00,186.27999877929688,186.3000030517578,186.2449951171875,186.26499938964844,93684.0
2026-01-26 13:07:00-05:00,186.27000427246094,186.2819061279297,186.14999389648438,186.20989990234375,181459.0
2026-01-26 13:08:00-05:00,186.22999572753906,186.25,186.14999389648438,186.17999267578125,134931.0
2026-01-26 13:09:00-05:00,186.19000244140625,186.1999969482422,186.02999877929688,186.10000610351562,209695.0
2026-01-26 13:10:00-05:00,186.11000061035156,186.1699981689453,186.08999633789062,186.13999938964844,116980.0
2026-01-26 13:11:00-05:00,186.14999389648438,186.16000366210938,185.99000549316406,186.10000610351562,346399.0
2026-01-26 13:12:00-05:00,186.10000610351562,186.28500366210938,186.10000610351562,186.25999450683594,168305.0
2026-01-26 13:13:00-05:00,186.2548065185547,186.27999877929688,186.13999938964844,186.2050018310547,125593.0
2026-01-26 13:14:00-05:00,186.20199584960938,186.24000549316406,186.1699981689453,186.19500732421875,89718.0
2026-01-26 13:15:00-05:00,186.19000244140625,186.25999450683594,186.14999389648438,186.22999572753906,114548.0
2026-01-26 13:16:00-05:00,186.23500061035156,186.2899932861328,186.2100067138672,186.27000427246094,90721.0
2026-01-26 13:17:00-05:00,186.2799072265625,186.32000732421875,186.25,186.30499267578125,127327.0
2026-01-26 13:18:00-05:00,186.30650329589844,186.4499053955078,186.3000030517578,186.36990356445312,166158.0
2026-01-26 13:19:00-05:00,186.36599731445312,186.40989685058594,186.31919860839844,186.35499572753906,95007.0
2026-01-26 13:20:00-05:00,186.35009765625,186.40499877929688,186.35000610351562,186.40499877929688,111270.0
2026-01-26 13:21:00-05:00,186.40499877929688,186.4499969482422,186.39999389648438,186.41000366210938,123456.0
2026-01-26 13:22:00-05:00,186.41000366210938,186.4600067138672,186.39999389648438,186.44500732421875,98440.0
2026-01-26 13:23:00-05:00,186.44500732421875,186.47999572753906,186.44000244140625,186.47000122070312,102142.0
2026-01-26 13:24:00-05:00,186.47000122070312,186.4949951171875,186.4300994873047,186.49000549316406,110175.0
2026-01-26 13:25:00-05:00,186.48500061035156,186.5,186.4600067138672,186.4600067138672,118221.0
2026-01-26 13:26:00-05:00,186.46499633789062,186.47999572753906,186.39999389648438,186.44000244140625,129186.0
2026-01-26 13:27:00-05:00,186.44500732421875,186.4499969482422,186.3699951171875,186.39990234375,141573.0
2026-01-26 13:28:00-05:00,186.38999938964844,186.44000244140625,186.38999938964844,186.42999267578125,67555.0
2026-01-26 13:29:00-05:00,186.42950439453125,186.47000122070312,186.40499877929688,186.42999267578125,93841.0
2026-01-26 13:30:00-05:00,186.41000366210938,186.67999267578125,186.41000366210938,186.67999267578125,282172.0
2026-01-26 13:31:00-05:00,186.66119384765625,186.75999450683594,186.66119384765625,186.74940490722656,208412.0
2026-01-26 13:32:00-05:00,186.74819946289062,186.8000030517578,186.7100067138672,186.78500366210938,194714.0
2026-01-26 13:33:00-05:00,186.78500366210938,186.8300018310547,186.7406005859375,186.77999877929688,151385.0
2026-01-26 13:34:00-05:00,186.7899932861328,186.8699951171875,186.75999450683594,186.8699951171875,129837.0
2026-01-26 13:35:00-05:00,186.86000061035156,186.8699951171875,186.8000030517578,186.80999755859375,151818.0
2026-01-26 13:36:00-05:00,186.8199005126953,186.8800048828125,186.80999755859375,186.8699951171875,117994.0
2026-01-26 13:37:00-05:00,186.875,186.8800048828125,186.83030700683594,186.86500549316406,125005.0
2026-01-26 13:38:00-05:00,186.86199951171875,186.94000244140625,186.83999633789062,186.88259887695312,162815.0
2026-01-26 13:39:00-05:00,186.889892578125,186.88999938964844,186.78500366210938,186.85499572753906,165977.0
2026-01-26 13:40:00-05:00,186.86000061035156,186.94000244140625,186.74000549316406,186.74009704589844,259167.0
2026-01-26 13:41:00-05:00,186.75,186.78819274902344,186.6750030517578,186.77999877929688,192708.0
2026-01-26 13:42:00-05:00,186.78199768066406,186.78500366210938,186.6999969482422,186.7100067138672,99805.0
2026-01-26 13:43:00-05:00,186.7050018310547,186.74659729003906,186.65499877929688,186.6999969482422,139486.0
2026-01-26 13:44:00-05:00,186.7100067138672,186.85000610351562,186.7100067138672,186.82749938964844,114619.0
2026-01-26 13:45:00-05:00,186.82290649414062,186.83999633789062,186.77999877929688,186.82000732421875,99519.0
2026-01-26 13:46:00-05:00,186.80999755859375,186.8300018310547,186.77999877929688,186.78500366210938,80845.0
2026-01-26 13:47:00-05:00,186.78990173339844,186.7899932861328,186.72000122070312,186.74000549316406,151084.0
2026-01-26 13:48:00-05:00,186.74749755859375,186.78939819335938,186.71009826660156,186.75999450683594,84379.0
2026-01-26 13:49:00-05:00,186.75999450683594,186.8498992919922,186.75,186.8249969482422,78098.0
2026-01-26 13:50:00-05:00,186.8249969482422,186.9499969482422,186.8000030517578,186.90460205078125,127458.0
2026-01-26 13:51:00-05:00,186.9033966064453,186.92999267578125,186.8000030517578,186.81500244140625,125650.0
2026-01-26 13:52:00-05:00,186.81500244140625,186.83999633789062,186.7928924560547,186.8000030517578,80662.0
2026-01-26 13:53:00-05:00,186.80999755859375,186.8300018310547,186.77999877929688,186.8249969482422,41556.0
2026-01-26 13:54:00-05:00,186.8300018310547,186.9199981689453,186.82989501953125,186.9149932861328,131445.0
2026-01-26 13:55:00-05:00,186.9149932861328,187.02000427246094,186.9149932861328,187.0198974609375,179410.0
2026-01-26 13:56:00-05:00,187.01449584960938,187.05999755859375,186.97999572753906,187.02000427246094,144320.0
2026-01-26 13:57:00-05:00,187.02000427246094,187.0399932861328,187.0,187.02000427246094,121453.0
2026-01-26 13:58:00-05:00,187.02000427246094,187.07000732421875,187.0,187.05999755859375,103724.0
2026-01-26 13:59:00-05:00,187.05999755859375,187.0749969482422,187.02999877929688,187.0399932861328,88242.0
2026-01-26 14:00:00-05:00,187.0399932861328,187.0800018310547,187.02000427246094,187.0200958251953,112121.0
2026-01-26 14:01:00-05:00,187.03250122070312,187.0399932861328,186.7801055908203,186.8000946044922,221805.0
2026-01-26 14:02:00-05:00,186.8000030517578,186.82000732421875,186.75,186.7899932861328,150503.0
2026-01-26 14:03:00-05:00,186.7899932861328,186.7899932861328,186.67999267578125,186.69000244140625,189461.0
2026-01-26 14:04:00-05:00,186.69000244140625,186.72999572753906,186.67999267578125,186.7288055419922,105084.0
2026-01-26 14:05:00-05:00,186.7342071533203,186.83999633789062,186.71009826660156,186.8361053466797,151153.0
2026-01-26 14:06:00-05:00,186.8300018310547,186.86000061035156,186.7899932861328,186.82000732421875,112144.0
2026-01-26 14:07:00-05:00,186.8175048828125,186.8300018310547,186.75,186.77999877929688,88888.0
2026-01-26 14:08:00-05:00,186.78990173339844,186.85000610351562,186.77999877929688,186.80499267578125,77163.0
2026-01-26 14:09:00-05:00,186.80990600585938,186.86000061035156,186.75999450683594,186.84500122070312,150374.0
2026-01-26 14:10:00-05:00,186.86000061035156,186.8699951171875,186.81500244140625,186.8470001220703,68294.0
2026-01-26 14:11:00-05:00,186.85000610351562,186.8699951171875,186.81680297851562,186.85499572753906,70346.0
2026-01-26 14:12:00-05:00,186.8498992919922,186.86500549316406,186.82000732421875,186.83999633789062,76718.0
2026-01-26 14:13:00-05:00,186.83999633789062,186.83999633789062,186.7899932861328,186.8300018310547,88489.0
2026-01-26 14:14:00-05:00,186.8300018310547,186.83999633789062,186.75,186.75999450683594,108488.0
2026-01-26 14:15:00-05:00,186.77000427246094,186.8300018310547,186.76499938964844,186.79820251464844,62339.0
2026-01-26 14:16:00-05:00,186.7949981689453,186.8000030517578,186.71499633789062,186.7303009033203,90414.0
2026-01-26 14:17:00-05:00,186.72999572753906,186.72999572753906,186.60000610351562,186.62010192871094,122917.0
2026-01-26 14:18:00-05:00,186.625,186.63999938964844,186.57000732421875,186.6199951171875,131775.0
2026-01-26 14:19:00-05:00,186.61199951171875,186.63499450683594,186.58999633789062,186.6033935546875,88028.0
2026-01-26 14:20:00-05:00,186.60499572753906,186.6199951171875,186.55999755859375,186.57290649414062,90002.0
2026-01-26 14:21:00-05:00,186.5749969482422,186.58799743652344,186.47999572753906,186.5198974609375,179224.0
2026-01-26 14:22:00-05:00,186.50999450683594,186.58990478515625,186.49000549316406,186.56500244140625,176897.0
2026-01-26 14:23:00-05:00,186.5634002685547,186.60000610351562,186.50999450683594,186.52999877929688,119471.0
2026-01-26 14:24:00-05:00,186.5399932861328,186.60000610351562,186.52999877929688,186.5449981689453,151212.0
2026-01-26 14:25:00-05:00,186.5489959716797,186.57000732421875,186.5,186.56500244140625,90218.0
2026-01-26 14:26:00-05:00,186.56500244140625,186.6300048828125,186.54010009765625,186.61000061035156,163261.0
2026-01-26 14:27:00-05:00,186.60499572753906,186.61500549316406,186.5399932861328,186.5399932861328,103652.0
2026-01-26 14:28:00-05:00,186.5449981689453,186.61000061035156,186.5399932861328,186.5800018310547,89797.0
2026-01-26 14:29:00-05:00,186.5800018310547,186.58999633789062,186.53500366210938,186.5749969482422,68268.0
2026-01-26 14:30:00-05:00,186.56869506835938,186.60499572753906,186.55999755859375,186.5749969482422,73261.0
2026-01-26 14:31:00-05:00,186.5699005126953,186.5800018310547,186.50999450683594,186.51499938964844,87305.0
2026-01-26 14:32:00-05:00,186.51499938964844,186.5500030517578,186.47999572753906,186.5,127476.0
2026-01-26 14:33:00-05:00,186.5,186.56500244140625,186.49000549316406,186.5050048828125,101895.0
2026-01-26 14:34:00-05:00,186.5,186.53199768066406,186.47000122070312,186.485107421875,113148.0
2026-01-26 14:35:00-05:00,186.47999572753906,186.53500366210938,186.4499969482422,186.52999877929688,105765.0
2026-01-26 14:36:00-05:00,186.52499389648438,186.53500366210938,186.42999267578125,186.4550018310547,94146.0
2026-01-26 14:37:00-05:00,186.4499969482422,186.64999389648438,186.4499969482422,186.6082000732422,161914.0
2026-01-26 14:38:00-05:00,186.60000610351562,186.64999389648438,186.5749969482422,186.63499450683594,120395.0
2026-01-26 14:39:00-05:00,186.6302032470703,186.6699981689453,186.58999633789062,186.6300048828125,125314.0
2026-01-26 14:40:00-05:00,186.62840270996094,186.67999267578125,186.5800018310547,186.60009765625,103340.0
2026-01-26 14:41:00-05:00,186.59979248046875,186.6199951171875,186.5850067138672,186.59500122070312,85150.0
2026-01-26 14:42:00-05:00,186.60000610351562,186.62069702148438,186.57000732421875,186.5850067138672,97076.0
2026-01-26 14:43:00-05:00,186.58839416503906,186.6300048828125,186.5449981689453,186.62660217285156,112493.0
2026-01-26 14:44:00-05:00,186.60499572753906,186.61990356445312,186.5800018310547,186.58999633789062,108056.0
2026-01-26 14:45:00-05:00,186.59500122070312,186.66000366210938,186.5800018310547,186.5800018310547,171930.0
2026-01-26 14:46:00-05:00,186.5800018310547,186.58999633789062,186.52000427246094,186.52999877929688,98735.0
2026-01-26 14:47:00-05:00,186.5399932861328,186.54580688476562,186.47000122070312,186.47500610351562,133176.0
2026-01-26 14:48:00-05:00,186.48500061035156,186.5,186.39999389648438,186.42999267578125,153530.0
2026-01-26 14:49:00-05:00,186.42140197753906,186.44000244140625,186.3800048828125,186.40499877929688,128621.0
2026-01-26 14:50:00-05:00,186.4199981689453,186.42999267578125,186.35000610351562,186.42990112304688,107587.0
2026-01-26 14:51:00-05:00,186.4250030517578,186.48500061035156,186.35000610351562,186.3719024658203,161817.0
2026-01-26 14:52:00-05:00,186.3699951171875,186.39999389648438,186.3300018310547,186.375,99538.0
2026-01-26 14:53:00-05:00,186.3699951171875,186.3780059814453,186.3000030517578,186.30999755859375,81372.0
2026-01-26 14:54:00-05:00,186.30499267578125,186.30580139160156,186.22999572753906,186.22999572753906,179591.0
2026-01-26 14:55:00-05:00,186.23500061035156,186.27000427246094,186.22000122070312,186.2657928466797,102977.0
2026-01-26 14:56:00-05:00,186.2657928466797,186.2899932861328,186.22999572753906,186.28660583496094,139861.0
2026-01-26 14:57:00-05:00,186.28500366210938,186.3000030517578,186.22000122070312,186.27999877929688,105037.0
2026-01-26 14:58:00-05:00,186.27999877929688,186.2949981689453,186.25,186.2700958251953,88743.0
2026-01-26 14:59:00-05:00,186.27999877929688,186.3000030517578,186.22000122070312,186.26499938964844,136676.0
2026-01-26 15:00:00-05:00,186.27000427246094,186.39999389648438,186.25,186.38499450683594,153794.0
2026-01-26 15:01:00-05:00,186.38250732421875,186.41000366210938,186.35009765625,186.40499877929688,131419.0
2026-01-26 15:02:00-05:00,186.39999389648438,186.41000366210938,186.36000061035156,186.36500549316406,84542.0
2026-01-26 15:03:00-05:00,186.360107421875,186.3800048828125,186.3300018310547,186.33999633789062,75571.0
2026-01-26 15:04:00-05:00,186.33990478515625,186.36000061035156,186.27000427246094,186.30499267578125,135565.0
2026-01-26 15:05:00-05:00,186.30990600585938,186.33999633789062,186.25999450683594,186.27969360351562,113119.0
2026-01-26 15:06:00-05:00,186.27999877929688,186.3000030517578,186.2050018310547,186.2100067138672,154584.0
2026-01-26 15:07:00-05:00,186.1999969482422,186.22999572753906,186.17999267578125,186.17999267578125,163008.0
2026-01-26 15:08:00-05:00,186.18299865722656,186.1999969482422,186.1199951171875,186.17999267578125,136046.0
2026-01-26 15:09:00-05:00,186.1842041015625,186.24000549316406,186.1699981689453,186.17999267578125,118275.0
2026-01-26 15:10:00-05:00,186.1699981689453,186.1999969482422,186.125,186.15499877929688,148121.0
2026-01-26 15:11:00-05:00,186.15249633789062,186.17999267578125,186.05999755859375,186.06500244140625,179569.0
2026-01-26 15:12:00-05:00,186.05999755859375,186.11000061035156,186.02999877929688,186.05999755859375,211053.0
2026-01-26 15:13:00-05:00,186.07000732421875,186.11000061035156,186.0500030517578,186.05499267578125,139170.0
2026-01-26 15:14:00-05:00,186.05999755859375,186.1199951171875,186.0,186.11000061035156,189030.0
2026-01-26 15:15:00-05:00,186.10499572753906,186.17999267578125,186.06500244140625,186.17799377441406,144881.0
2026-01-26 15:16:00-05:00,186.17160034179688,186.2100067138672,186.02499389648438,186.02540588378906,199234.0
2026-01-26 15:17:00-05:00,186.02999877929688,186.25999450683594,186.0,186.2100067138672,234644.0
2026-01-26 15:18:00-05:00,186.2100067138672,186.27000427246094,186.17999267578125,186.22999572753906,170883.0
2026-01-26 15:19:00-05:00,186.23500061035156,186.32000732421875,186.22000122070312,186.25999450683594,167918.0
2026-01-26 15:20:00-05:00,186.2554931640625,186.33999633789062,186.1199951171875,186.17999267578125,172321.0
2026-01-26 15:21:00-05:00,186.17840576171875,186.17999267578125,186.11000061035156,186.16000366210938,121187.0
2026-01-26 15:22:00-05:00,186.156494140625,186.2333984375,186.14999389648438,186.18499755859375,137117.0
2026-01-26 15:23:00-05:00,186.17999267578125,186.27000427246094,186.17999267578125,186.22000122070312,111168.0
2026-01-26 15:24:00-05:00,186.22999572753906,186.22999572753906,186.19000244140625,186.1999969482422,85101.0
2026-01-26 15:25:00-05:00,186.1999969482422,186.2100067138672,186.1300048828125,186.17999267578125,114365.0
2026-01-26 15:26:00-05:00,186.18099975585938,186.25,186.16000366210938,186.24020385742188,129009.0
2026-01-26 15:27:00-05:00,186.24270629882812,186.3800048828125,186.1855010986328,186.3300018310547,165475.0
2026-01-26 15:28:00-05:00,186.32000732421875,186.42999267578125,186.32000732421875,186.4058074951172,202470.0
2026-01-26 15:29:00-05:00,186.40989685058594,186.46499633789062,186.39500427246094,186.44500732421875,169829.0
2026-01-26 15:30:00-05:00,186.4499969482422,186.47000122070312,186.36500549316406,186.39500427246094,167645.0
2026-01-26 15:31:00-05:00,186.38999938964844,186.47999572753906,186.38999938964844,186.4781951904297,156617.0
2026-01-26 15:32:00-05:00,186.47999572753906,186.48500061035156,186.4199981689453,186.43739318847656,140932.0
2026-01-26 15:33:00-05:00,186.43699645996094,186.4600067138672,186.36000061035156,186.3914031982422,157768.0
2026-01-26 15:34:00-05:00,186.38999938964844,186.40499877929688,186.33999633789062,186.36000061035156,124274.0
2026-01-26 15:35:00-05:00,186.3527069091797,186.37750244140625,186.32000732421875,186.33999633789062,105507.0
2026-01-26 15:36:00-05:00,186.3350067138672,186.375,186.30999755859375,186.375,101001.0
2026-01-26 15:37:00-05:00,186.37579345703125,186.51499938964844,186.36000061035156,186.44000244140625,222228.0
2026-01-26 15:38:00-05:00,186.44000244140625,186.47000122070312,186.3699951171875,186.40499877929688,131484.0
2026-01-26 15:39:00-05:00,186.39999389648438,186.4499969482422,186.3800048828125,186.4324951171875,114451.0
2026-01-26 15:40:00-05:00,186.42999267578125,186.50999450683594,186.42999267578125,186.47000122070312,153288.0
2026-01-26 15:41:00-05:00,186.4600067138672,186.47000122070312,186.41000366210938,186.4149932861328,144765.0
2026-01-26 15:42:00-05:00,186.41000366210938,186.4499969482422,186.36000061035156,186.3699951171875,150610.0
2026-01-26 15:43:00-05:00,186.360107421875,186.39999389648438,186.34500122070312,186.3800048828125,123951.0
2026-01-26 15:44:00-05:00,186.3800048828125,186.49000549316406,186.35989379882812,186.46499633789062,192569.0
2026-01-26 15:45:00-05:00,186.46670532226562,186.58999633789062,186.4499969482422,186.5850067138672,184561.0
2026-01-26 15:46:00-05:00,186.5850067138672,186.6199951171875,186.52000427246094,186.52000427246094,169215.0
2026-01-26 15:47:00-05:00,186.52999877929688,186.6199951171875,186.49000549316406,186.61599731445312,186980.0
2026-01-26 15:48:00-05:00,186.61459350585938,186.63999938964844,186.56500244140625,186.56500244140625,148202.0
2026-01-26 15:49:00-05:00,186.5657958984375,186.57000732421875,186.51499938964844,186.56539916992188,157452.0
2026-01-26 15:50:00-05:00,186.55999755859375,186.55999755859375,186.24000549316406,186.49000549316406,259531.0
2026-01-26 15:51:00-05:00,186.5,186.63499450683594,186.4499969482422,186.4600067138672,233889.0
2026-01-26 15:52:00-05:00,186.4499969482422,186.52000427246094,186.42999267578125,186.50999450683594,175793.0
2026-01-26 15:53:00-05:00,186.50999450683594,186.57000732421875,186.47999572753906,186.5500030517578,183915.0
2026-01-26 15:54:00-05:00,186.5399932861328,186.61000061035156,186.44000244140625,186.52999877929688,228436.0
2026-01-26 15:55:00-05:00,186.5500030517578,186.8000030517578,186.5399932861328,186.6217041015625,24095702.0
2026-01-26 15:56:00-05:00,186.62989807128906,186.62989807128906,186.47000122070312,186.57000732421875,0.0
2026-01-26 15:57:00-05:00,186.55999755859375,186.61599731445312,186.4949951171875,186.50160217285156,261825.0
2026-01-26 15:58:00-05:00,186.5,186.51499938964844,186.43499755859375,186.46009826660156,323693.0
2026-01-26 15:59:00-05:00,186.46499633789062,186.52999877929688,186.36000061035156,186.38999938964844,886886.0
2026-01-27 09:30:00-05:00,187.24000549316406,187.3800048828125,186.32000732421875,186.38999938964844,2685962.0
2026-01-27 09:31:00-05:00,186.3800048828125,187.10000610351562,186.33999633789062,186.83999633789062,658149.0
2026-01-27 09:32:00-05:00,186.86880493164062,187.22999572753906,186.69700622558594,186.74349975585938,357058.0
2026-01-27 09:33:00-05:00,186.75,186.8800048828125,186.4700927734375,186.77999877929688,327388.0
2026-01-27 09:34:00-05:00,186.8000030517578,186.8699951171875,186.3000030517578,186.39500427246094,375601.0
2026-01-27 09:35:00-05:00,186.39999389648438,186.72000122070312,186.3800048828125,186.44009399414062,375305.0
2026-01-27 09:36:00-05:00,186.44500732421875,186.6999969482422,186.4199981689453,186.5,352954.0
2026-01-27 09:37:00-05:00,186.50999450683594,186.60000610351562,186.1699981689453,186.1999969482422,387417.0
2026-01-27 09:38:00-05:00,186.20449829101562,186.3300018310547,186.1199951171875,186.2366943359375,366231.0
2026-01-27 09:39:00-05:00,186.25509643554688,186.3800048828125,186.02000427246094,186.0399932861328,305361.0
2026-01-27 09:40:00-05:00,186.0399932861328,186.22970581054688,185.99000549316406,186.01510620117188,589625.0
2026-01-27 09:41:00-05:00,186.02999877929688,186.17999267578125,186.01499938964844,186.13510131835938,339805.0
2026-01-27 09:42:00-05:00,186.13099670410156,186.23089599609375,185.91000366210938,186.0500030517578,451546.0
2026-01-27 09:43:00-05:00,186.0500030517578,186.13580322265625,185.74899291992188,185.875,457955.0
2026-01-27 09:44:00-05:00,185.88999938964844,185.95010375976562,185.6999969482422,185.95010375976562,370497.0
2026-01-27 09:45:00-05:00,185.9600067138672,186.1999969482422,185.9149932861328,186.16000366210938,386436.0
2026-01-27 09:46:00-05:00,186.16990661621094,186.4600067138672,186.1199951171875,186.41000366210938,483931.0
2026-01-27 09:47:00-05:00,186.41009521484375,186.4700927734375,186.32980346679688,186.4550018310547,271569.0
2026-01-27 09:48:00-05:00,186.44000244140625,186.55499267578125,186.41000366210938,186.5050048828125,304404.0
2026-01-27 09:49:00-05:00,186.50999450683594,186.74000549316406,186.4250030517578,186.66510009765625,366592.0
2026-01-27 09:50:00-05:00,186.6699981689453,187.0500030517578,186.66000366210938,186.83999633789062,530899.0
2026-01-27 09:51:00-05:00,186.83999633789062,186.97000122070312,186.7353973388672,186.77000427246094,252824.0
2026-01-27 09:52:00-05:00,186.75999450683594,186.90499877929688,186.75999450683594,186.8800048828125,250305.0
2026-01-27 09:53:00-05:00,186.875,186.99000549316406,186.71499633789062,186.73080444335938,260810.0
2026-01-27 09:54:00-05:00,186.72999572753906,186.8000030517578,186.6199951171875,186.77000427246094,314295.0
2026-01-27 09:55:00-05:00,186.77000427246094,187.0749969482422,186.74000549316406,187.00999450683594,397249.0
2026-01-27 09:56:00-05:00,187.0,187.38999938964844,186.97000122070312,187.3800048828125,430586.0
2026-01-27 09:57:00-05:00,187.38999938964844,187.47999572753906,187.32000732421875,187.45050048828125,413942.0
2026-01-27 09:58:00-05:00,187.4550018310547,187.70989990234375,187.41000366210938,187.70989990234375,558525.0
2026-01-27 09:59:00-05:00,187.72000122070312,187.7899932861328,187.52000427246094,187.63999938964844,540529.0
2026-01-27 10:00:00-05:00,187.63999938964844,187.80999755859375,187.59010314941406,187.7050018310547,414801.0
2026-01-27 10:01:00-05:00,187.70199584960938,187.79989624023438,187.49000549316406,187.69000244140625,369333.0
2026-01-27 10:02:00-05:00,187.67999267578125,187.83999633789062,187.6300048828125,187.8000030517578,282388.0
2026-01-27 10:03:00-05:00,187.7949981689453,187.8699951171875,187.72500610351562,187.77459716796875,305030.0
2026-01-27 10:04:00-05:00,187.77000427246094,188.10499572753906,187.77000427246094,188.06260681152344,616299.0
2026-01-27 10:05:00-05:00,188.06500244140625,188.14500427246094,187.92999267578125,188.0554962158203,478486.0
2026-01-27 10:06:00-05:00,188.05999755859375,188.0749969482422,187.7899932861328,187.91009521484375,357654.0
2026-01-27 10:07:00-05:00,187.91000366210938,187.9199981689453,187.72999572753906,187.8699951171875,295173.0
2026-01-27 10:08:00-05:00,187.86500549316406,188.22979736328125,187.86500549316406,188.1999969482422,434285.0
2026-01-27 10:09:00-05:00,188.1999969482422,188.5399932861328,188.19000244140625,188.52999877929688,612375.0
2026-01-27 10:10:00-05:00,188.5186004638672,188.85549926757812,188.5050048828125,188.82000732421875,607094.0
2026-01-27 10:11:00-05:00,188.8300018310547,189.02999877929688,188.64999389648438,189.0,785598.0
2026-01-27 10:12:00-05:00,188.9949951171875,189.32000732421875,188.92999267578125,189.24000549316406,722760.0
2026-01-27 10:13:00-05:00,189.22999572753906,189.27499389648438,189.02000427246094,189.09500122070312,453656.0
2026-01-27 10:14:00-05:00,189.09500122070312,189.1649932861328,188.88999938964844,189.05499267578125,486021.0
2026-01-27 10:15:00-05:00,189.05999755859375,189.08999633789062,188.77999877929688,188.9149932861328,406519.0
2026-01-27 10:16:00-05:00,188.9199981689453,189.22000122070312,188.83999633789062,189.1999969482422,393387.0
2026-01-27 10:17:00-05:00,189.2050018310547,189.5,189.1300048828125,189.44839477539062,669923.0
2026-01-27 10:18:00-05:00,189.4499969482422,189.5050048828125,189.32000732421875,189.44500732421875,401784.0
2026-01-27 10:19:00-05:00,189.44000244140625,189.44500732421875,189.1699981689453,189.27000427246094,364827.0
2026-01-27 10:20:00-05:00,189.27000427246094,189.41000366210938,189.17059326171875,189.19500732421875,373874.0
2026-01-27 10:21:00-05:00,189.19500732421875,189.22999572753906,188.8300018310547,188.8800048828125,349593.0
2026-01-27 10:22:00-05:00,188.8699951171875,188.8699951171875,188.64999389648438,188.7100067138672,403061.0
2026-01-27 10:23:00-05:00,188.72000122070312,189.07000732421875,188.6999969482422,189.02999877929688,323520.0
2026-01-27 10:24:00-05:00,189.0399932861328,189.0800018310547,188.88999938964844,188.99000549316406,222310.0
2026-01-27 10:25:00-05:00,188.9949951171875,189.0,188.7200927734375,188.7700958251953,240707.0
2026-01-27 10:26:00-05:00,188.76199340820312,188.8699951171875,188.6658935546875,188.75830078125,245560.0
2026-01-27 10:27:00-05:00,188.75900268554688,188.9398956298828,188.72509765625,188.8000030517578,214448.0
2026-01-27 10:28:00-05:00,188.80999755859375,189.02999877929688,188.8000030517578,188.97999572753906,274185.0
2026-01-27 10:29:00-05:00,188.97000122070312,188.9949951171875,188.8699951171875,188.91510009765625,193938.0
2026-01-27 10:30:00-05:00,188.9199981689453,189.0749969482422,188.89500427246094,189.00999450683594,279398.0
2026-01-27 10:31:00-05:00,188.99000549316406,189.10000610351562,188.88999938964844,189.03500366210938,245155.0
2026-01-27 10:32:00-05:00,189.0399932861328,189.22579956054688,189.02000427246094,189.18670654296875,317968.0
2026-01-27 10:33:00-05:00,189.18099975585938,189.23989868164062,189.10000610351562,189.15769958496094,225093.0
2026-01-27 10:34:00-05:00,189.16000366210938,189.30999755859375,189.14999389648438,189.2949981689453,266716.0
2026-01-27 10:35:00-05:00,189.29010009765625,189.50999450683594,189.27000427246094,189.46499633789062,500745.0
2026-01-27 10:36:00-05:00,189.4600067138672,189.66000366210938,189.4600067138672,189.66000366210938,13023151.0
2026-01-27 10:37:00-05:00,189.63580322265625,189.77499389648438,189.5800018310547,189.72500610351562,0.0
2026-01-27 10:38:00-05:00,189.71499633789062,189.7949981689453,189.66000366210938,189.77999877929688,286377.0
2026-01-27 10:39:00-05:00,189.7801055908203,189.7899932861328,189.39999389648438,189.4167022705078,532230.0
2026-01-27 10:40:00-05:00,189.40249633789062,189.4600067138672,189.3300018310547,189.38499450683594,297547.0
2026-01-27 10:41:00-05:00,189.3800048828125,189.38999938964844,189.2100067138672,189.36000061035156,343161.0
2026-01-27 10:42:00-05:00,189.35499572753906,189.61000061035156,189.3249969482422,189.58999633789062,265250.0
2026-01-27 10:43:00-05:00,189.59500122070312,189.67669677734375,189.47999572753906,189.60499572753906,326387.0
2026-01-27 10:44:00-05:00,189.60369873046875,189.61000061035156,189.50999450683594,189.5449981689453,143722.0
2026-01-27 10:45:00-05:00,189.54989624023438,189.74000549316406,189.54989624023438,189.7050018310547,366208.0
2026-01-27 10:46:00-05:00,189.70989990234375,189.7698974609375,189.63999938964844,189.6750030517578,256404.0
2026-01-27 10:47:00-05:00,189.67999267578125,189.6800994873047,189.33999633789062,189.35499572753906,355428.0
2026-01-27 10:48:00-05:00,189.35499572753906,189.4499969482422,189.30999755859375,189.33999633789062,222096.0
2026-01-27 10:49:00-05:00,189.3300018310547,189.36500549316406,189.22500610351562,189.30499267578125,212921.0
2026-01-27 10:50:00-05:00,189.29010009765625,189.29010009765625,189.13999938964844,189.17999267578125,220939.0
2026-01-27 10:51:00-05:00,189.1800994873047,189.24000549316406,189.0800018310547,189.14500427246094,196638.0
2026-01-27 10:52:00-05:00,189.14500427246094,189.2050018310547,189.13499450683594,189.15499877929688,156378.0
2026-01-27 10:53:00-05:00,189.16000366210938,189.27000427246094,189.13999938964844,189.27000427246094,226119.0
2026-01-27 10:54:00-05:00,189.2700958251953,189.3000030517578,189.18499755859375,189.26510620117188,151044.0
2026-01-27 10:55:00-05:00,189.25,189.27000427246094,189.13999938964844,189.1649932861328,156122.0
2026-01-27 10:56:00-05:00,189.1699981689453,189.21600341796875,189.11000061035156,189.1750030517578,160823.0
2026-01-27 10:57:00-05:00,189.1699981689453,189.22999572753906,189.1199951171875,189.22500610351562,147505.0
2026-01-27 10:58:00-05:00,189.2200927734375,189.3000030517578,189.19000244140625,189.25,171043.0
2026-01-27 10:59:00-05:00,189.2550048828125,189.38999938964844,189.25,189.35000610351562,226655.0
2026-01-27 11:00:00-05:00,189.36000061035156,189.3699951171875,189.2050018310547,189.2303009033203,174641.0
2026-01-27 11:01:00-05:00,189.22999572753906,189.39999389648438,189.19000244140625,189.35000610351562,180608.0
2026-01-27 11:02:00-05:00,189.38670349121094,189.4600067138672,189.3000030517578,189.38499450683594,192475.0
2026-01-27 11:03:00-05:00,189.3800048828125,189.52999877929688,189.36000061035156,189.5,189107.0
2026-01-27 11:04:00-05:00,189.5050048828125,189.64999389648438,189.49000549316406,189.63999938964844,192345.0
2026-01-27 11:05:00-05:00,189.64500427246094,189.64999389648438,189.5,189.54510498046875,200852.0
2026-01-27 11:06:00-05:00,189.5449981689453,189.64990234375,189.50010681152344,189.61000061035156,174525.0
2026-01-27 11:07:00-05:00,189.61500549316406,189.6699981689453,189.5800018310547,189.60009765625,140637.0
2026-01-27 11:08:00-05:00,189.60499572753906,189.69000244140625,189.60009765625,189.622802734375,146493.0
2026-01-27 11:09:00-05:00,189.625,189.63999938964844,189.4232940673828,189.4499969482422,219025.0
2026-01-27 11:10:00-05:00,189.4499969482422,189.4949951171875,189.36000061035156,189.4250030517578,224064.0
2026-01-27 11:11:00-05:00,189.42990112304688,189.42999267578125,189.3300018310547,189.375,176672.0
2026-01-27 11:12:00-05:00,189.36500549316406,189.4499969482422,189.2899932861328,189.3800048828125,210577.0
2026-01-27 11:13:00-05:00,189.389404296875,189.5850067138672,189.35499572753906,189.56500244140625,235050.0
2026-01-27 11:14:00-05:00,189.56500244140625,189.66000366210938,189.52999877929688,189.56500244140625,228230.0
2026-01-27 11:15:00-05:00,189.56500244140625,189.56500244140625,189.4499969482422,189.47999572753906,177770.0
2026-01-27 11:16:00-05:00,189.48500061035156,189.6999969482422,189.44000244140625,189.6593017578125,220444.0
2026-01-27 11:17:00-05:00,189.6501007080078,189.83900451660156,189.64999389648438,189.80999755859375,580826.0
2026-01-27 11:18:00-05:00,189.78500366210938,189.99000549316406,189.78500366210938,189.98500061035156,446863.0
2026-01-27 11:19:00-05:00,189.98500061035156,190.0,189.77999877929688,189.8300018310547,684059.0
2026-01-27 11:20:00-05:00,189.8350067138672,189.8699951171875,189.57000732421875,189.77999877929688,367472.0
2026-01-27 11:21:00-05:00,189.78030395507812,189.99000549316406,189.72999572753906,189.96499633789062,241660.0
2026-01-27 11:22:00-05:00,189.96009826660156,189.97999572753906,189.6649932861328,189.72500610351562,277992.0
2026-01-27 11:23:00-05:00,189.7274932861328,189.89500427246094,189.71499633789062,189.85499572753906,205970.0
2026-01-27 11:24:00-05:00,189.85499572753906,189.88999938964844,189.6999969482422,189.77499389648438,236629.0
2026-01-27 11:25:00-05:00,189.78460693359375,189.8300018310547,189.74000549316406,189.7550048828125,171206.0
2026-01-27 11:26:00-05:00,189.75999450683594,189.7899932861328,189.64999389648438,189.7050018310547,169121.0
2026-01-27 11:27:00-05:00,189.6999969482422,189.71499633789062,189.50999450683594,189.5749969482422,218347.0
2026-01-27 11:28:00-05:00,189.57009887695312,189.58999633789062,189.4600067138672,189.5399932861328,212060.0
2026-01-27 11:29:00-05:00,189.54660034179688,189.7100067138672,189.5,189.70579528808594,228152.0
2026-01-27 11:30:00-05:00,189.7100067138672,189.9290008544922,189.69000244140625,189.91000366210938,256213.0
2026-01-27 11:31:00-05:00,189.91769409179688,189.9499969482422,189.8800048828125,189.9149932861328,207008.0
2026-01-27 11:32:00-05:00,189.91000366210938,189.93499755859375,189.86000061035156,189.9250030517578,206124.0
2026-01-27 11:33:00-05:00,189.9250030517578,189.99000549316406,189.9250030517578,189.99000549316406,353695.0
2026-01-27 11:34:00-05:00,189.98500061035156,190.0,189.7449951171875,189.81500244140625,417534.0
2026-01-27 11:35:00-05:00,189.80999755859375,189.86000061035156,189.75100708007812,189.78990173339844,179174.0
2026-01-27 11:36:00-05:00,189.7949981689453,189.89999389648438,189.6699981689453,189.77999877929688,250533.0
2026-01-27 11:37:00-05:00,189.7899932861328,189.8699951171875,189.6800994873047,189.7050018310547,191957.0
2026-01-27 11:38:00-05:00,189.6999969482422,189.7198944091797,189.625,189.7100067138672,139563.0
2026-01-27 11:39:00-05:00,189.70660400390625,189.7100067138672,189.64999389648438,189.66000366210938,117910.0
2026-01-27 11:40:00-05:00,189.6649932861328,189.74989318847656,189.66000366210938,189.72000122070312,139907.0
2026-01-27 11:41:00-05:00,189.71749877929688,189.7908935546875,189.6699981689453,189.6699981689453,152640.0
2026-01-27 11:42:00-05:00,189.6750030517578,189.7100067138672,189.64999389648438,189.7050018310547,105084.0
2026-01-27 11:43:00-05:00,189.7050018310547,189.75999450683594,189.64999389648438,189.67999267578125,114416.0
2026-01-27 11:44:00-05:00,189.67999267578125,189.8300018310547,189.67999267578125,189.76499938964844,146904.0
2026-01-27 11:45:00-05:00,189.76499938964844,189.77999877929688,189.59500122070312,189.63499450683594,207555.0
2026-01-27 11:46:00-05:00,189.63499450683594,189.6999969482422,189.5500030517578,189.57989501953125,209665.0
2026-01-27 11:47:00-05:00,189.5800018310547,189.58999633789062,189.52000427246094,189.5449981689453,133584.0
2026-01-27 11:48:00-05:00,189.55320739746094,189.55999755859375,189.5,189.51499938964844,179952.0
2026-01-27 11:49:00-05:00,189.51499938964844,189.6699981689453,189.5,189.53500366210938,171116.0
2026-01-27 11:50:00-05:00,189.5399932861328,189.5850067138672,189.47000122070312,189.51499938964844,141863.0
2026-01-27 11:51:00-05:00,189.50999450683594,189.58999633789062,189.50990295410156,189.50990295410156,119228.0
2026-01-27 11:52:00-05:00,189.50250244140625,189.50999450683594,189.41000366210938,189.5050048828125,179482.0
2026-01-27 11:53:00-05:00,189.5050048828125,189.52999877929688,189.4149932861328,189.44630432128906,126163.0
2026-01-27 11:54:00-05:00,189.44500732421875,189.5,189.44000244140625,189.4700927734375,88444.0
2026-01-27 11:55:00-05:00,189.4770050048828,189.58999633789062,189.41000366210938,189.55999755859375,154918.0
2026-01-27 11:56:00-05:00,189.55499267578125,189.6300048828125,189.5500030517578,189.58999633789062,157418.0
2026-01-27 11:57:00-05:00,189.5850067138672,189.76719665527344,189.55999755859375,189.76719665527344,233524.0
2026-01-27 11:58:00-05:00,189.77000427246094,189.8000030517578,189.66000366210938,189.78500366210938,187983.0
2026-01-27 11:59:00-05:00,189.77999877929688,189.8300018310547,189.60499572753906,189.65989685058594,205467.0
2026-01-27 12:00:00-05:00,189.64999389648438,189.7100067138672,189.60000610351562,189.61090087890625,188813.0
2026-01-27 12:01:00-05:00,189.61500549316406,189.67999267578125,189.60000610351562,189.63999938964844,215464.0
2026-01-27 12:02:00-05:00,189.63999938964844,189.7899932861328,189.57000732421875,189.7449951171875,212367.0
2026-01-27 12:03:00-05:00,189.74000549316406,189.78500366210938,189.6999969482422,189.73199462890625,145581.0
2026-01-27 12:04:00-05:00,189.73269653320312,189.8000030517578,189.6699981689453,189.74000549316406,136824.0
2026-01-27 12:05:00-05:00,189.75,189.75,189.5749969482422,189.60499572753906,142084.0
2026-01-27 12:06:00-05:00,189.61000061035156,189.6750030517578,189.57000732421875,189.5749969482422,136199.0
2026-01-27 12:07:00-05:00,189.57249450683594,189.5800018310547,189.5050048828125,189.5800018310547,179607.0
2026-01-27 12:08:00-05:00,189.57949829101562,189.6699981689453,189.57000732421875,189.5850067138672,107789.0
2026-01-27 12:09:00-05:00,189.5850067138672,189.77000427246094,189.55999755859375,189.66000366210938,186986.0
2026-01-27 12:10:00-05:00,189.66510009765625,189.6999969482422,189.63999938964844,189.6649932861328,89790.0
2026-01-27 12:11:00-05:00,189.6649932861328,189.7100067138672,189.64950561523438,189.65499877929688,114771.0
2026-01-27 12:12:00-05:00,189.6501007080078,189.6593017578125,189.5800018310547,189.64500427246094,141548.0
2026-01-27 12:13:00-05:00,189.64500427246094,189.69000244140625,189.63999938964844,189.66299438476562,79524.0
2026-01-27 12:14:00-05:00,189.6761932373047,189.69000244140625,189.64999389648438,189.67999267578125,84512.0
2026-01-27 12:15:00-05:00,189.68499755859375,189.71499633789062,189.6300048828125,189.64500427246094,103031.0
2026-01-27 12:16:00-05:00,189.64990234375,189.65499877929688,189.53500366210938,189.56500244140625,126843.0
2026-01-27 12:17:00-05:00,189.56419372558594,189.63999938964844,189.5399932861328,189.63999938964844,85084.0
2026-01-27 12:18:00-05:00,189.63949584960938,189.69000244140625,189.6199951171875,189.63999938964844,109641.0
2026-01-27 12:19:00-05:00,189.63510131835938,189.63999938964844,189.5500030517578,189.60499572753906,85037.0
2026-01-27 12:20:00-05:00,189.60000610351562,189.6197052001953,189.5500030517578,189.57000732421875,81951.0
2026-01-27 12:21:00-05:00,189.56500244140625,189.67999267578125,189.55999755859375,189.6190948486328,111773.0
2026-01-27 12:22:00-05:00,189.61500549316406,189.66009521484375,189.61000061035156,189.61500549316406,92361.0
2026-01-27 12:23:00-05:00,189.6199951171875,189.75999450683594,189.5800018310547,189.75,159221.0
2026-01-27 12:24:00-05:00,189.7550048828125,189.75999450683594,189.50999450683594,189.52499389648438,174784.0
2026-01-27 12:25:00-05:00,189.52999877929688,189.69000244140625,189.50999450683594,189.6750030517578,136854.0
2026-01-27 12:26:00-05:00,189.6699981689453,189.77499389648438,189.66009521484375,189.66600036621094,199474.0
2026-01-27 12:27:00-05:00,189.6649932861328,189.67999267578125,189.61000061035156,189.63999938964844,112775.0
2026-01-27 12:28:00-05:00,189.6300048828125,189.75999450683594,189.60000610351562,189.73500061035156,124467.0
2026-01-27 12:29:00-05:00,189.73989868164062,189.73989868164062,189.66000366210938,189.68499755859375,86013.0
2026-01-27 12:30:00-05:00,189.69000244140625,189.6999969482422,189.63999938964844,189.64500427246094,73622.0
2026-01-27 12:31:00-05:00,189.64500427246094,189.86000061035156,189.63999938964844,189.84500122070312,266164.0
2026-01-27 12:32:00-05:00,189.85000610351562,189.99000549316406,189.85000610351562,189.8925018310547,364431.0
2026-01-27 12:33:00-05:00,189.89990234375,189.90499877929688,189.80999755859375,189.82000732421875,166121.0
2026-01-27 12:34:00-05:00,189.82000732421875,189.94000244140625,189.81500244140625,189.9300994873047,156776.0
2026-01-27 12:35:00-05:00,189.94000244140625,190.0,189.75999450683594,189.77499389648438,591899.0
2026-01-27 12:36:00-05:00,189.8000030517578,189.88999938964844,189.7698974609375,189.84500122070312,187767.0
2026-01-27 12:37:00-05:00,189.8415069580078,189.8800048828125,189.71009826660156,189.71499633789062,185461.0
2026-01-27 12:38:00-05:00,189.72000122070312,189.77099609375,189.7100067138672,189.73500061035156,119969.0
2026-01-27 12:39:00-05:00,189.73500061035156,189.77000427246094,189.67999267578125,189.74000549316406,113721.0
2026-01-27 12:40:00-05:00,189.75,189.82000732421875,189.74000549316406,189.80810546875,125066.0
2026-01-27 12:41:00-05:00,189.8000030517578,189.88999938964844,189.8000030517578,189.87249755859375,137656.0
2026-01-27 12:42:00-05:00,189.87550354003906,189.889892578125,189.75999450683594,189.76510620117188,140571.0
2026-01-27 12:43:00-05:00,189.7698974609375,189.7698974609375,189.6199951171875,189.62010192871094,182321.0
2026-01-27 12:44:00-05:00,189.6237030029297,189.67999267578125,189.6199951171875,189.63499450683594,146126.0
2026-01-27 12:45:00-05:00,189.63499450683594,189.69000244140625,189.55999755859375,189.55999755859375,265727.0
2026-01-27 12:46:00-05:00,189.55499267578125,189.55999755859375,189.4199981689453,189.4499053955078,235470.0
2026-01-27 12:47:00-05:00,189.44009399414062,189.47000122070312,189.38999938964844,189.4149932861328,177316.0
2026-01-27 12:48:00-05:00,189.41749572753906,189.4600067138672,189.38999938964844,189.4499969482422,171677.0
2026-01-27 12:49:00-05:00,189.44500732421875,189.47000122070312,189.27000427246094,189.2949981689453,226883.0
2026-01-27 12:50:00-05:00,189.2949981689453,189.3000030517578,189.1800994873047,189.22500610351562,183357.0
2026-01-27 12:51:00-05:00,189.22999572753906,189.2362060546875,189.16000366210938,189.17999267578125,169810.0
2026-01-27 12:52:00-05:00,189.19000244140625,189.22000122070312,189.1699981689453,189.1999969482422,197973.0
2026-01-27 12:53:00-05:00,189.19509887695312,189.24000549316406,189.16000366210938,189.1750030517578,180659.0
2026-01-27 12:54:00-05:00,189.1750030517578,189.22999572753906,189.0800018310547,189.2239990234375,234367.0
2026-01-27 12:55:00-05:00,189.2299041748047,189.2899932861328,189.2100067138672,189.2550048828125,246527.0
2026-01-27 12:56:00-05:00,189.2550048828125,189.25999450683594,189.07000732421875,189.0749969482422,255771.0
2026-01-27 12:57:00-05:00,189.07989501953125,189.2299041748047,189.05999755859375,189.2200927734375,204567.0
2026-01-27 12:58:00-05:00,189.2100067138672,189.25,189.1300048828125,189.14999389648438,166904.0
2026-01-27 12:59:00-05:00,189.14500427246094,189.2100067138672,189.0850067138672,189.20989990234375,134898.0
2026-01-27 13:00:00-05:00,189.20989990234375,189.24000549316406,188.99000549316406,189.0449981689453,349391.0
2026-01-27 13:01:00-05:00,189.04969787597656,189.0800018310547,188.97000122070312,189.01499938964844,196272.0
2026-01-27 13:02:00-05:00,189.00999450683594,189.10000610351562,188.89999389648438,189.0850067138672,276323.0
2026-01-27 13:03:00-05:00,189.08009338378906,189.22000122070312,189.08009338378906,189.16009521484375,234963.0
2026-01-27 13:04:00-05:00,189.1699981689453,189.24000549316406,189.1199951171875,189.22999572753906,152004.0
2026-01-27 13:05:00-05:00,189.2241973876953,189.25,189.10000610351562,189.11500549316406,182998.0
2026-01-27 13:06:00-05:00,189.11500549316406,189.22999572753906,189.10000610351562,189.2050018310547,147290.0
2026-01-27 13:07:00-05:00,189.2050018310547,189.3300018310547,189.19000244140625,189.2050018310547,214109.0
2026-01-27 13:08:00-05:00,189.2198944091797,189.4250030517578,189.19500732421875,189.4239044189453,228355.0
2026-01-27 13:09:00-05:00,189.42059326171875,189.49000549316406,189.25,189.26499938964844,227318.0
2026-01-27 13:10:00-05:00,189.26499938964844,189.4250030517578,189.2617950439453,189.3350067138672,268003.0
2026-01-27 13:11:00-05:00,189.33999633789062,189.47000122070312,189.33999633789062,189.43499755859375,151636.0
2026-01-27 13:12:00-05:00,189.43499755859375,189.4600067138672,189.38999938964844,189.4550018310547,120505.0
2026-01-27 13:13:00-05:00,189.4600067138672,189.6199951171875,189.4600067138672,189.52499389648438,24379853.0
2026-01-27 13:14:00-05:00,189.52499389648438,189.60000610351562,189.47000122070312,189.48500061035156,0.0
2026-01-27 13:15:00-05:00,189.4700927734375,189.5500030517578,189.44000244140625,189.50030517578125,133128.0
2026-01-27 13:16:00-05:00,189.5,189.58990478515625,189.49000549316406,189.53500366210938,135373.0
2026-01-27 13:17:00-05:00,189.53790283203125,189.61000061035156,189.5,189.54010009765625,137165.0
2026-01-27 13:18:00-05:00,189.54620361328125,189.5800018310547,189.5142059326172,189.5749969482422,99611.0
2026-01-27 13:19:00-05:00,189.5749969482422,189.5800018310547,189.50999450683594,189.52999877929688,88855.0
2026-01-27 13:20:00-05:00,189.52499389648438,189.5800018310547,189.52000427246094,189.5500030517578,109219.0
2026-01-27 13:21:00-05:00,189.55999755859375,189.59500122070312,189.52999877929688,189.56500244140625,120254.0
2026-01-27 13:22:00-05:00,189.5601043701172,189.63999938964844,189.55380249023438,189.61419677734375,163634.0
2026-01-27 13:23:00-05:00,189.61500549316406,189.63999938964844,189.55999755859375,189.61000061035156,130048.0
2026-01-27 13:24:00-05:00,189.61000061035156,189.72999572753906,189.60009765625,189.65499877929688,165194.0
2026-01-27 13:25:00-05:00,189.64999389648438,189.64999389648438,189.55999755859375,189.57000732421875,159017.0
2026-01-27 13:26:00-05:00,189.57000732421875,189.60499572753906,189.5,189.5198974609375,176416.0
2026-01-27 13:27:00-05:00,189.5157928466797,189.55990600585938,189.4949951171875,189.54010009765625,135356.0
2026-01-27 13:28:00-05:00,189.5500030517578,189.5500030517578,189.47999572753906,189.5299072265625,192100.0
2026-01-27 13:29:00-05:00,189.52000427246094,189.55999755859375,189.47500610351562,189.48500061035156,113607.0
2026-01-27 13:30:00-05:00,189.49000549316406,189.53500366210938,189.46009826660156,189.5050048828125,111235.0
2026-01-27 13:31:00-05:00,189.50999450683594,189.59500122070312,189.5,189.52499389648438,160856.0
2026-01-27 13:32:00-05:00,189.52499389648438,189.69000244140625,189.50999450683594,189.68499755859375,164026.0
2026-01-27 13:33:00-05:00,189.69000244140625,189.72000122070312,189.66000366210938,189.7100067138672,245284.0
2026-01-27 13:34:00-05:00,189.7050018310547,189.77999877929688,189.61000061035156,189.61500549316406,232655.0
2026-01-27 13:35:00-05:00,189.61990356445312,189.66000366210938,189.49000549316406,189.4949951171875,164371.0
2026-01-27 13:36:00-05:00,189.49000549316406,189.59249877929688,189.47999572753906,189.54420471191406,143835.0
2026-01-27 13:37:00-05:00,189.5449981689453,189.57510375976562,189.5,189.50999450683594,107868.0
2026-01-27 13:38:00-05:00,189.50010681152344,189.57000732421875,189.4199981689453,189.42999267578125,148774.0
2026-01-27 13:39:00-05:00,189.43499755859375,189.5,189.42999267578125,189.45509338378906,103721.0
2026-01-27 13:40:00-05:00,189.4600067138672,189.5,189.4250030517578,189.49000549316406,113704.0
2026-01-27 13:41:00-05:00,189.47999572753906,189.56700134277344,189.4499969482422,189.4550018310547,181033.0
2026-01-27 13:42:00-05:00,189.4499969482422,189.49000549316406,189.41000366210938,189.44000244140625,148805.0
2026-01-27 13:43:00-05:00,189.4398956298828,189.4949951171875,189.42999267578125,189.48989868164062,128380.0
2026-01-27 13:44:00-05:00,189.48500061035156,189.58999633789062,189.47999572753906,189.55499267578125,154204.0
2026-01-27 13:45:00-05:00,189.55499267578125,189.58999633789062,189.50999450683594,189.52999877929688,114098.0
2026-01-27 13:46:00-05:00,189.5301055908203,189.5500030517578,189.47999572753906,189.48500061035156,98452.0
2026-01-27 13:47:00-05:00,189.48500061035156,189.55499267578125,189.4600067138672,189.5399932861328,108993.0
2026-01-27 13:48:00-05:00,189.5449981689453,189.63999938964844,189.5399932861328,189.6199951171875,150673.0
2026-01-27 13:49:00-05:00,189.625,189.63999938964844,189.58999633789062,189.5998992919922,117837.0
2026-01-27 13:50:00-05:00,189.59970092773438,189.61500549316406,189.49000549316406,189.52699279785156,150504.0
2026-01-27 13:51:00-05:00,189.52499389648438,189.55999755859375,189.4600067138672,189.46499633789062,129897.0
2026-01-27 13:52:00-05:00,189.46009826660156,189.47999572753906,189.44000244140625,189.47549438476562,129043.0
2026-01-27 13:53:00-05:00,189.47999572753906,189.47999572753906,189.4199981689453,189.44500732421875,99715.0
2026-01-27 13:54:00-05:00,189.44509887695312,189.53509521484375,189.42999267578125,189.51499938964844,117410.0
2026-01-27 13:55:00-05:00,189.51499938964844,189.53030395507812,189.47000122070312,189.48500061035156,136187.0
2026-01-27 13:56:00-05:00,189.49000549316406,189.5399932861328,189.47120666503906,189.53500366210938,102990.0
2026-01-27 13:57:00-05:00,189.52999877929688,189.52999877929688,189.4199981689453,189.42340087890625,138922.0
2026-01-27 13:58:00-05:00,189.4246063232422,189.44000244140625,189.3699951171875,189.40989685058594,145285.0
2026-01-27 13:59:00-05:00,189.40499877929688,189.41000366210938,189.33999633789062,189.35000610351562,169668.0
2026-01-27 14:00:00-05:00,189.33999633789062,189.33999633789062,189.26499938964844,189.30499267578125,199724.0
2026-01-27 14:01:00-05:00,189.30499267578125,189.31500244140625,189.26510620117188,189.2799072265625,175845.0
2026-01-27 14:02:00-05:00,189.27499389648438,189.32000732421875,189.22000122070312,189.22999572753906,195692.0
2026-01-27 14:03:00-05:00,189.23500061035156,189.27000427246094,189.1300048828125,189.15989685058594,269968.0
2026-01-27 14:04:00-05:00,189.14999389648438,189.25,189.1427001953125,189.2449951171875,247921.0
2026-01-27 14:05:00-05:00,189.24749755859375,189.2949981689453,189.1999969482422,189.27999877929688,203851.0
2026-01-27 14:06:00-05:00,189.28500366210938,189.36500549316406,189.27999877929688,189.30250549316406,242215.0
2026-01-27 14:07:00-05:00,189.30999755859375,189.39999389648438,189.2949981689453,189.38999938964844,218580.0
2026-01-27 14:08:00-05:00,189.38999938964844,189.41000366210938,189.3249969482422,189.3350067138672,180056.0
2026-01-27 14:09:00-05:00,189.3350067138672,189.33999633789062,189.2100067138672,189.22000122070312,230429.0
2026-01-27 14:10:00-05:00,189.21499633789062,189.23500061035156,189.1300048828125,189.22500610351562,247427.0
2026-01-27 14:11:00-05:00,189.2299041748047,189.24009704589844,189.13999938964844,189.2050018310547,141792.0
2026-01-27 14:12:00-05:00,189.21499633789062,189.27000427246094,189.125,189.22999572753906,184690.0
2026-01-27 14:13:00-05:00,189.23500061035156,189.3000030517578,189.23500061035156,189.29580688476562,179764.0
2026-01-27 14:14:00-05:00,189.2899932861328,189.35000610351562,189.27000427246094,189.2949981689453,174689.0
2026-01-27 14:15:00-05:00,189.29010009765625,189.35000610351562,189.27999877929688,189.34500122070312,140581.0
2026-01-27 14:16:00-05:00,189.35000610351562,189.39500427246094,189.35000610351562,189.3699951171875,175464.0
2026-01-27 14:17:00-05:00,189.375,189.47999572753906,189.36000061035156,189.4550018310547,203999.0
2026-01-27 14:18:00-05:00,189.4550018310547,189.45799255371094,189.3800048828125,189.41000366210938,175930.0
2026-01-27 14:19:00-05:00,189.40420532226562,189.4199981689453,189.38999938964844,189.40029907226562,114769.0
2026-01-27 14:20:00-05:00,189.39999389648438,189.4199981689453,189.35000610351562,189.36000061035156,127411.0
2026-01-27 14:21:00-05:00,189.36000061035156,189.39999389648438,189.30999755859375,189.3350067138672,131537.0
2026-01-27 14:22:00-05:00,189.33999633789062,189.38999938964844,189.32110595703125,189.375,168835.0
2026-01-27 14:23:00-05:00,189.375,189.3800048828125,189.16000366210938,189.18370056152344,219259.0
2026-01-27 14:24:00-05:00,189.18499755859375,189.25999450683594,189.14010620117188,189.2550048828125,206516.0
2026-01-27 14:25:00-05:00,189.25,189.3000030517578,189.2050018310547,189.24000549316406,167748.0
2026-01-27 14:26:00-05:00,189.2467041015625,189.25,189.13999938964844,189.14999389648438,163920.0
2026-01-27 14:27:00-05:00,189.14999389648438,189.1558074951172,189.0449981689453,189.125,199280.0
2026-01-27 14:28:00-05:00,189.1199951171875,189.2050018310547,189.1199951171875,189.139892578125,193748.0
2026-01-27 14:29:00-05:00,189.13510131835938,189.13999938964844,189.0800018310547,189.125,172101.0
2026-01-27 14:30:00-05:00,189.1300048828125,189.13999938964844,189.06500244140625,189.09010314941406,135823.0
2026-01-27 14:31:00-05:00,189.09019470214844,189.13999938964844,189.0800018310547,189.1074981689453,142924.0
2026-01-27 14:32:00-05:00,189.10009765625,189.16000366210938,189.10000610351562,189.13499450683594,145550.0
2026-01-27 14:33:00-05:00,189.13499450683594,189.17990112304688,189.10000610351562,189.11500549316406,138883.0
2026-01-27 14:34:00-05:00,189.11500549316406,189.14999389648438,189.08999633789062,189.09500122070312,125549.0
2026-01-27 14:35:00-05:00,189.09500122070312,189.1199951171875,189.0399932861328,189.0449981689453,159846.0
2026-01-27 14:36:00-05:00,189.0399932861328,189.07000732421875,189.0050048828125,189.02499389648438,176266.0
2026-01-27 14:37:00-05:00,189.0240020751953,189.05999755859375,189.01499938964844,189.05499267578125,129627.0
2026-01-27 14:38:00-05:00,189.05499267578125,189.0800018310547,189.00999450683594,189.0316925048828,123161.0
2026-01-27 14:39:00-05:00,189.03500366210938,189.06500244140625,189.0,189.03500366210938,140229.0
2026-01-27 14:40:00-05:00,189.03419494628906,189.03500366210938,188.9552001953125,188.97000122070312,28039965.0
2026-01-27 14:41:00-05:00,188.9600067138672,189.0800018310547,188.9499969482422,189.04989624023438,0.0
2026-01-27 14:42:00-05:00,189.0449981689453,189.08999633789062,189.02000427246094,189.06500244140625,183268.0
2026-01-27 14:43:00-05:00,189.06500244140625,189.20989990234375,189.0399932861328,189.2050018310547,218101.0
2026-01-27 14:44:00-05:00,189.20700073242188,189.25,189.1999969482422,189.21499633789062,182289.0
2026-01-27 14:45:00-05:00,189.21499633789062,189.22000122070312,189.13999938964844,189.1649932861328,169514.0
2026-01-27 14:46:00-05:00,189.16000366210938,189.16000366210938,188.97999572753906,188.9949951171875,202665.0
2026-01-27 14:47:00-05:00,188.9949951171875,189.02000427246094,188.9499969482422,189.01499938964844,171875.0
2026-01-27 14:48:00-05:00,189.01499938964844,189.05999755859375,188.97999572753906,189.0500030517578,171048.0
2026-01-27 14:49:00-05:00,189.0500030517578,189.10000610351562,189.0,189.01019287109375,150584.0
2026-01-27 14:50:00-05:00,189.01499938964844,189.0449981689453,189.0,189.0449981689453,98681.0
2026-01-27 14:51:00-05:00,189.0500030517578,189.22999572753906,188.97999572753906,189.22000122070312,233425.0
2026-01-27 14:52:00-05:00,189.22039794921875,189.3199005126953,189.17010498046875,189.30499267578125,243075.0
2026-01-27 14:53:00-05:00,189.31700134277344,189.32000732421875,189.24000549316406,189.3000030517578,160605.0
2026-01-27 14:54:00-05:00,189.29339599609375,189.3300018310547,189.27999877929688,189.2899932861328,154829.0
2026-01-27 14:55:00-05:00,189.28500366210938,189.3300018310547,189.27999877929688,189.2899932861328,28796979.0
2026-01-27 14:56:00-05:00,189.2949981689453,189.30999755859375,189.27999877929688,189.28500366210938,0.0
2026-01-27 14:57:00-05:00,189.28370666503906,189.39999389648438,189.27999877929688,189.28500366210938,226523.0
2026-01-27 14:58:00-05:00,189.27999877929688,189.30999755859375,189.25,189.3000030517578,159985.0
2026-01-27 14:59:00-05:00,189.3000030517578,189.30999755859375,189.26499938964844,189.27999877929688,95092.0
2026-01-27 15:00:00-05:00,189.27000427246094,189.30999755859375,189.22000122070312,189.22999572753906,148604.0
2026-01-27 15:01:00-05:00,189.2299041748047,189.24000549316406,189.1300048828125,189.22000122070312,197102.0
2026-01-27 15:02:00-05:00,189.21499633789062,189.32000732421875,189.2100067138672,189.24000549316406,145110.0
2026-01-27 15:03:00-05:00,189.25,189.26499938964844,189.19500732421875,189.2100067138672,151700.0
2026-01-27 15:04:00-05:00,189.21009826660156,189.30999755859375,189.21009826660156,189.2949981689453,140746.0
2026-01-27 15:05:00-05:00,189.29629516601562,189.3800048828125,189.28370666503906,189.28370666503906,221292.0
2026-01-27 15:06:00-05:00,189.28370666503906,189.30999755859375,189.2100067138672,189.2550048828125,171050.0
2026-01-27 15:07:00-05:00,189.2550048828125,189.33999633789062,189.24000549316406,189.27000427246094,165678.0
2026-01-27 15:08:00-05:00,189.27000427246094,189.32000732421875,189.1999969482422,189.27999877929688,170357.0
2026-01-27 15:09:00-05:00,189.2779998779297,189.41990661621094,189.2602996826172,189.4149932861328,216355.0
2026-01-27 15:10:00-05:00,189.4102020263672,189.44000244140625,189.33999633789062,189.3699951171875,235688.0
2026-01-27 15:11:00-05:00,189.3800048828125,189.38999938964844,189.32000732421875,189.3699951171875,159222.0
2026-01-27 15:12:00-05:00,189.36500549316406,189.43499755859375,189.36000061035156,189.4250030517578,169997.0
2026-01-27 15:13:00-05:00,189.42990112304688,189.5,189.41000366210938,189.4949951171875,200358.0
2026-01-27 15:14:00-05:00,189.5,189.5399932861328,189.47000122070312,189.47500610351562,207309.0
2026-01-27 15:15:00-05:00,189.47500610351562,189.49000549316406,189.39999389648438,189.43539428710938,136908.0
2026-01-27 15:16:00-05:00,189.43499755859375,189.52999877929688,189.43020629882812,189.52499389648438,149649.0
2026-01-27 15:17:00-05:00,189.52549743652344,189.6699981689453,189.5200958251953,189.66990661621094,271920.0
2026-01-27 15:18:00-05:00,189.6699981689453,189.6699981689453,189.5800018310547,189.64500427246094,199733.0
2026-01-27 15:19:00-05:00,189.64280700683594,189.6999969482422,189.6300048828125,189.69540405273438,233649.0
2026-01-27 15:20:00-05:00,189.6999969482422,189.72000122070312,189.58999633789062,189.59500122070312,215585.0
2026-01-27 15:21:00-05:00,189.59500122070312,189.61990356445312,189.5500030517578,189.5955047607422,157360.0
2026-01-27 15:22:00-05:00,189.58999633789062,189.61000061035156,189.5399932861328,189.59500122070312,141331.0
2026-01-27 15:23:00-05:00,189.59500122070312,189.6300048828125,189.58999633789062,189.60499572753906,139698.0
2026-01-27 15:24:00-05:00,189.60989379882812,189.6199951171875,189.5399932861328,189.54710388183594,178023.0
2026-01-27 15:25:00-05:00,189.5449981689453,189.5675048828125,189.48500061035156,189.5050048828125,204407.0
2026-01-27 15:26:00-05:00,189.5050048828125,189.5399932861328,189.50250244140625,189.53500366210938,140037.0
2026-01-27 15:27:00-05:00,189.53500366210938,189.5500030517578,189.4600067138672,189.46499633789062,161629.0
2026-01-27 15:28:00-05:00,189.4636993408203,189.50999450683594,189.4250030517578,189.4250030517578,146066.0
2026-01-27 15:29:00-05:00,189.42010498046875,189.44000244140625,189.3800048828125,189.4250030517578,150954.0
2026-01-27 15:30:00-05:00,189.4199981689453,189.4199981689453,189.28250122070312,189.4149932861328,237535.0
2026-01-27 15:31:00-05:00,189.41510009765625,189.42999267578125,189.31370544433594,189.35499572753906,158571.0
2026-01-27 15:32:00-05:00,189.35499572753906,189.35499572753906,189.2550048828125,189.31500244140625,159341.0
2026-01-27 15:33:00-05:00,189.31500244140625,189.3249969482422,189.27000427246094,189.27499389648438,120756.0
2026-01-27 15:34:00-05:00,189.2700958251953,189.30999755859375,189.22999572753906,189.2550048828125,173627.0
2026-01-27 15:35:00-05:00,189.25999450683594,189.25999450683594,189.1699981689453,189.1999969482422,193750.0
2026-01-27 15:36:00-05:00,189.1999969482422,189.1999969482422,189.11000061035156,189.1219940185547,197067.0
2026-01-27 15:37:00-05:00,189.1300048828125,189.13999938964844,189.05999755859375,189.0749969482422,284402.0
2026-01-27 15:38:00-05:00,189.06500244140625,189.1199951171875,189.01499938964844,189.0850067138672,226062.0
2026-01-27 15:39:00-05:00,189.0850067138672,189.19500732421875,189.07000732421875,189.18499755859375,219889.0
2026-01-27 15:40:00-05:00,189.19000244140625,189.24000549316406,189.16000366210938,189.19500732421875,192850.0
2026-01-27 15:41:00-05:00,189.19500732421875,189.22000122070312,189.1300048828125,189.16510009765625,182670.0
2026-01-27 15:42:00-05:00,189.1699981689453,189.25,189.0800018310547,189.22000122070312,198311.0
2026-01-27 15:43:00-05:00,189.22579956054688,189.2299041748047,189.0800018310547,189.11000061035156,194374.0
2026-01-27 15:44:00-05:00,189.1199951171875,189.22999572753906,189.10000610351562,189.22999572753906,138998.0
2026-01-27 15:45:00-05:00,189.22000122070312,189.22149658203125,189.10499572753906,189.1092071533203,147533.0
2026-01-27 15:46:00-05:00,189.10499572753906,189.16009521484375,189.10000610351562,189.13499450683594,130940.0
2026-01-27 15:47:00-05:00,189.13499450683594,189.17999267578125,189.07000732421875,189.13999938964844,187977.0
2026-01-27 15:48:00-05:00,189.14500427246094,189.24000549316406,189.10000610351562,189.1750030517578,224980.0
2026-01-27 15:49:00-05:00,189.1699981689453,189.30999755859375,189.11500549316406,189.27000427246094,236995.0
2026-01-27 15:50:00-05:00,189.25999450683594,189.25999450683594,189.0,189.08999633789062,341958.0
2026-01-27 15:51:00-05:00,189.09500122070312,189.11000061035156,188.9199981689453,188.94000244140625,262286.0
2026-01-27 15:52:00-05:00,188.93499755859375,189.0,188.9136962890625,188.96499633789062,208469.0
2026-01-27 15:53:00-05:00,188.97000122070312,189.08999633789062,188.91000366210938,189.01449584960938,256384.0
2026-01-27 15:54:00-05:00,189.01499938964844,189.10000610351562,188.83999633789062,188.88999938964844,309251.0
2026-01-27 15:55:00-05:00,188.88999938964844,188.97999572753906,188.64059448242188,188.7550048828125,465994.0
2026-01-27 15:56:00-05:00,188.75,188.75990295410156,188.5933074951172,188.6699981689453,346112.0
2026-01-27 15:57:00-05:00,188.66000366210938,188.69000244140625,188.5800018310547,188.66990661621094,356995.0
2026-01-27 15:58:00-05:00,188.6649932861328,188.6699981689453,188.5500030517578,188.60499572753906,401873.0
2026-01-27 15:59:00-05:00,188.60499572753906,188.63580322265625,188.47279357910156,188.5399932861328,932099.0
2026-01-28 09:30:00-05:00,191.2899932861328,191.639892578125,190.69500732421875,190.75,5876473.0
2026-01-28 09:31:00-05:00,190.7698974609375,191.1999969482422,190.1300048828125,191.11959838867188,708174.0
2026-01-28 09:32:00-05:00,191.09849548339844,191.92999267578125,191.0926055908203,191.75999450683594,917663.0
2026-01-28 09:33:00-05:00,191.72000122070312,191.9600067138672,191.4600067138672,191.60020446777344,548934.0
2026-01-28 09:34:00-05:00,191.60000610351562,191.75,191.1699981689453,191.30990600585938,468942.0
2026-01-28 09:35:00-05:00,191.2899932861328,191.3000030517578,190.85000610351562,191.02000427246094,474704.0
2026-01-28 09:36:00-05:00,191.02000427246094,191.02000427246094,190.42999267578125,190.57000732421875,614209.0
2026-01-28 09:37:00-05:00,190.55999755859375,191.36000061035156,190.5500030517578,191.25010681152344,499864.0
2026-01-28 09:38:00-05:00,191.24000549316406,191.72999572753906,191.22500610351562,191.6199951171875,515942.0
2026-01-28 09:39:00-05:00,191.60580444335938,191.83999633789062,191.57069396972656,191.76499938964844,509692.0
2026-01-28 09:40:00-05:00,191.7707977294922,191.88999938964844,191.4720001220703,191.64349365234375,474921.0
2026-01-28 09:41:00-05:00,191.6199951171875,191.99000549316406,191.55999755859375,191.98500061035156,506550.0
2026-01-28 09:42:00-05:00,191.97970581054688,192.22000122070312,191.83999633789062,192.04010009765625,1056025.0
2026-01-28 09:43:00-05:00,192.02999877929688,192.32899475097656,192.0050048828125,192.22999572753906,573358.0
2026-01-28 09:44:00-05:00,192.23989868164062,192.25,191.82000732421875,192.14999389648438,543686.0
2026-01-28 09:45:00-05:00,192.13999938964844,192.1999969482422,191.8699951171875,191.90240478515625,395282.0
2026-01-28 09:46:00-05:00,191.88999938964844,191.94000244140625,191.3699951171875,191.38499450683594,573924.0
2026-01-28 09:47:00-05:00,191.38499450683594,191.50999450683594,191.25,191.42059326171875,646503.0
2026-01-28 09:48:00-05:00,191.41000366210938,191.63999938964844,191.31500244140625,191.33009338378906,443163.0
2026-01-28 09:49:00-05:00,191.3300018310547,191.52999877929688,191.2050018310547,191.30999755859375,359790.0
2026-01-28 09:50:00-05:00,191.32000732421875,191.55999755859375,191.27000427246094,191.5500030517578,379832.0
2026-01-28 09:51:00-05:00,191.5399932861328,191.86500549316406,191.5,191.7100067138672,490685.0
2026-01-28 09:52:00-05:00,191.7100067138672,191.99000549316406,191.60000610351562,191.96499633789062,432218.0
2026-01-28 09:53:00-05:00,191.964599609375,192.00999450683594,191.5800018310547,191.6298065185547,363678.0
2026-01-28 09:54:00-05:00,191.63499450683594,191.96009826660156,191.60000610351562,191.85000610351562,307866.0
2026-01-28 09:55:00-05:00,191.85499572753906,191.94509887695312,191.75,191.7899932861328,319525.0
2026-01-28 09:56:00-05:00,191.7899932861328,191.8699951171875,191.64999389648438,191.69000244140625,301188.0
2026-01-28 09:57:00-05:00,191.69000244140625,191.6999969482422,191.4698944091797,191.69400024414062,371542.0
2026-01-28 09:58:00-05:00,191.6999969482422,191.9600067138672,191.57020568847656,191.9149932861328,363365.0
2026-01-28 09:59:00-05:00,191.908203125,191.99000549316406,191.72999572753906,191.8699951171875,253774.0
2026-01-28 10:00:00-05:00,191.85000610351562,192.32000732421875,191.78419494628906,192.29989624023438,589753.0
2026-01-28 10:01:00-05:00,192.2899932861328,192.35000610351562,191.85009765625,191.9149932861328,453289.0
2026-01-28 10:02:00-05:00,191.9199981689453,192.08999633789062,191.81500244140625,191.88999938964844,345396.0
2026-01-28 10:03:00-05:00,191.88499450683594,191.96499633789062,191.7100067138672,191.75999450683594,293321.0
2026-01-28 10:04:00-05:00,191.76589965820312,191.9196014404297,191.75,191.76499938964844,255838.0
2026-01-28 10:05:00-05:00,191.77499389648438,191.8699951171875,191.51499938964844,191.69500732421875,560862.0
2026-01-28 10:06:00-05:00,191.6999969482422,191.76950073242188,191.6199951171875,191.6300048828125,195060.0
2026-01-28 10:07:00-05:00,191.63070678710938,191.88499450683594,191.60000610351562,191.75579833984375,285587.0
2026-01-28 10:08:00-05:00,191.75999450683594,191.8697967529297,191.6999969482422,191.7100067138672,260415.0
2026-01-28 10:09:00-05:00,191.70010375976562,191.97999572753906,191.67250061035156,191.9698944091797,310028.0
2026-01-28 10:10:00-05:00,191.9600067138672,191.9799041748047,191.7100067138672,191.71499633789062,241573.0
2026-01-28 10:11:00-05:00,191.72000122070312,191.88499450683594,191.6300048828125,191.81500244140625,313954.0
2026-01-28 10:12:00-05:00,191.82000732421875,191.86000061035156,191.57000732421875,191.58169555664062,227007.0
2026-01-28 10:13:00-05:00,191.5850067138672,191.72500610351562,191.57000732421875,191.61300659179688,266460.0
2026-01-28 10:14:00-05:00,191.60499572753906,191.6199951171875,191.44500732421875,191.45010375976562,281012.0
2026-01-28 10:15:00-05:00,191.4600067138672,191.72999572753906,191.38999938964844,191.6999969482422,355353.0
2026-01-28 10:16:00-05:00,191.6999969482422,192.02999877929688,191.69000244140625,191.97999572753906,485099.0
2026-01-28 10:17:00-05:00,191.97999572753906,192.13999938964844,191.86000061035156,192.11000061035156,343895.0
2026-01-28 10:18:00-05:00,192.10499572753906,192.11500549316406,191.82000732421875,191.96499633789062,308077.0
2026-01-28 10:19:00-05:00,191.9600067138672,192.05999755859375,191.9001007080078,192.03500366210938,260254.0
2026-01-28 10:20:00-05:00,192.03990173339844,192.14999389648438,191.92999267578125,191.97000122070312,283830.0
2026-01-28 10:21:00-05:00,191.97000122070312,192.08999633789062,191.89999389648438,191.89999389648438,271715.0
2026-01-28 10:22:00-05:00,191.91659545898438,191.94000244140625,191.7550048828125,191.7593994140625,229040.0
2026-01-28 10:23:00-05:00,191.75259399414062,191.86000061035156,191.56700134277344,191.64500427246094,264085.0
2026-01-28 10:24:00-05:00,191.63999938964844,191.85499572753906,191.6199951171875,191.82009887695312,217836.0
2026-01-28 10:25:00-05:00,191.82009887695312,191.88999938964844,191.75599670410156,191.8209991455078,213005.0
2026-01-28 10:26:00-05:00,191.8249969482422,191.94500732421875,191.63999938964844,191.64500427246094,319698.0
2026-01-28 10:27:00-05:00,191.64999389648438,191.73500061035156,191.58999633789062,191.61000061035156,241823.0
2026-01-28 10:28:00-05:00,191.60000610351562,191.69839477539062,191.5,191.5034942626953,286932.0
2026-01-28 10:29:00-05:00,191.50010681152344,191.57000732421875,191.39999389648438,191.40499877929688,254114.0
2026-01-28 10:30:00-05:00,191.40499877929688,191.67990112304688,191.40499877929688,191.6199951171875,254841.0
2026-01-28 10:31:00-05:00,191.60899353027344,191.83999633789062,191.51499938964844,191.51499938964844,267814.0
2026-01-28 10:32:00-05:00,191.52000427246094,191.53900146484375,191.27999877929688,191.3363037109375,307538.0
2026-01-28 10:33:00-05:00,191.3350067138672,191.4199981689453,191.2617950439453,191.36500549316406,245114.0
2026-01-28 10:34:00-05:00,191.3699951171875,191.39999389648438,191.16000366210938,191.1999969482422,270601.0
2026-01-28 10:35:00-05:00,191.1999969482422,191.3000030517578,191.1300048828125,191.14999389648438,340570.0
2026-01-28 10:36:00-05:00,191.16580200195312,191.32000732421875,191.05999755859375,191.27999877929688,379741.0
2026-01-28 10:37:00-05:00,191.3000030517578,191.39999389648438,191.27000427246094,191.2949981689453,271457.0
2026-01-28 10:38:00-05:00,191.30499267578125,191.4149932861328,191.27999877929688,191.35009765625,251620.0
2026-01-28 10:39:00-05:00,191.35000610351562,191.38580322265625,191.3000030517578,191.36500549316406,160321.0
2026-01-28 10:40:00-05:00,191.3679962158203,191.3699951171875,191.1999969482422,191.21499633789062,199220.0
2026-01-28 10:41:00-05:00,191.21499633789062,191.36000061035156,191.18299865722656,191.22000122070312,205487.0
2026-01-28 10:42:00-05:00,191.23699951171875,191.24000549316406,191.01499938964844,191.05499267578125,278477.0
2026-01-28 10:43:00-05:00,191.0500030517578,191.24000549316406,191.02499389648438,191.09010314941406,346155.0
2026-01-28 10:44:00-05:00,191.09010314941406,191.2716064453125,191.0399932861328,191.19000244140625,247706.0
2026-01-28 10:45:00-05:00,191.17999267578125,191.19369506835938,190.92999267578125,190.9792938232422,339245.0
2026-01-28 10:46:00-05:00,190.97999572753906,191.02000427246094,190.89999389648438,190.95579528808594,230231.0
2026-01-28 10:47:00-05:00,190.9552001953125,190.97000122070312,190.77200317382812,190.77499389648438,291425.0
2026-01-28 10:48:00-05:00,190.77000427246094,190.88999938964844,190.72999572753906,190.77999877929688,347223.0
2026-01-28 10:49:00-05:00,190.78500366210938,190.97999572753906,190.72300720214844,190.9250030517578,328918.0
2026-01-28 10:50:00-05:00,190.9250030517578,191.0399932861328,190.9149932861328,190.9700927734375,242647.0
2026-01-28 10:51:00-05:00,190.97500610351562,191.02000427246094,190.91000366210938,190.96009826660156,183262.0
2026-01-28 10:52:00-05:00,190.9698944091797,191.08999633789062,190.92999267578125,191.02000427246094,214974.0
2026-01-28 10:53:00-05:00,191.0050048828125,191.08999633789062,190.97999572753906,191.05499267578125,165354.0
2026-01-28 10:54:00-05:00,191.05630493164062,191.24000549316406,191.0500030517578,191.14999389648438,294637.0
2026-01-28 10:55:00-05:00,191.15499877929688,191.1636962890625,190.97500610351562,191.07000732421875,214392.0
2026-01-28 10:56:00-05:00,191.0749969482422,191.11000061035156,191.0,191.02999877929688,174735.0
2026-01-28 10:57:00-05:00,191.03500366210938,191.06500244140625,190.8300018310547,190.88999938964844,228297.0
2026-01-28 10:58:00-05:00,190.89999389648438,190.89999389648438,190.8300018310547,190.89500427246094,167697.0
2026-01-28 10:59:00-05:00,190.9093017578125,191.0399932861328,190.86000061035156,190.91000366210938,169749.0
2026-01-28 11:00:00-05:00,190.9199981689453,191.22999572753906,190.91000366210938,191.2198944091797,226964.0
2026-01-28 11:01:00-05:00,191.24000549316406,191.3000030517578,191.12069702148438,191.20010375976562,225210.0
2026-01-28 11:02:00-05:00,191.2100067138672,191.3699951171875,191.1999969482422,191.27420043945312,240391.0
2026-01-28 11:03:00-05:00,191.27999877929688,191.35000610351562,191.22000122070312,191.31500244140625,182687.0
2026-01-28 11:04:00-05:00,191.34060668945312,191.3699951171875,191.2740020751953,191.2949981689453,171298.0
2026-01-28 11:05:00-05:00,191.29229736328125,191.3574981689453,191.24000549316406,191.29010009765625,207067.0
2026-01-28 11:06:00-05:00,191.3000030517578,191.4199981689453,191.25999450683594,191.36000061035156,231107.0
2026-01-28 11:07:00-05:00,191.35989379882812,191.47999572753906,191.26060485839844,191.3800048828125,259195.0
2026-01-28 11:08:00-05:00,191.3699951171875,191.49000549316406,191.32000732421875,191.4801025390625,229236.0
2026-01-28 11:09:00-05:00,191.48500061035156,191.65989685058594,191.44000244140625,191.64999389648438,328493.0
2026-01-28 11:10:00-05:00,191.64500427246094,191.75,191.5399932861328,191.72500610351562,256680.0
2026-01-28 11:11:00-05:00,191.72500610351562,191.76100158691406,191.69000244140625,191.7100067138672,217713.0
2026-01-28 11:12:00-05:00,191.72000122070312,191.8000030517578,191.72000122070312,191.7449951171875,211680.0
2026-01-28 11:13:00-05:00,191.74000549316406,191.75,191.61000061035156,191.64999389648438,234599.0
2026-01-28 11:14:00-05:00,191.64999389648438,191.8498992919922,191.6300048828125,191.8000030517578,247582.0
2026-01-28 11:15:00-05:00,191.80740356445312,191.8300018310547,191.74000549316406,191.75,142904.0
2026-01-28 11:16:00-05:00,191.7550048828125,191.83990478515625,191.70010375976562,191.80450439453125,249623.0
2026-01-28 11:17:00-05:00,191.80499267578125,191.84500122070312,191.72999572753906,191.74000549316406,235428.0
2026-01-28 11:18:00-05:00,191.7449951171875,191.9499969482422,191.74000549316406,191.94500732421875,230459.0
2026-01-28 11:19:00-05:00,191.94009399414062,192.03990173339844,191.9207000732422,191.9949951171875,516787.0
2026-01-28 11:20:00-05:00,191.99000549316406,192.00650024414062,191.77000427246094,191.77999877929688,291406.0
2026-01-28 11:21:00-05:00,191.78250122070312,191.7899932861328,191.67019653320312,191.69000244140625,255316.0
2026-01-28 11:22:00-05:00,191.67999267578125,191.73370361328125,191.5800018310547,191.6177978515625,248862.0
2026-01-28 11:23:00-05:00,191.61019897460938,191.69000244140625,191.55999755859375,191.62989807128906,217938.0
2026-01-28 11:24:00-05:00,191.6300048828125,191.75999450683594,191.5800018310547,191.67999267578125,264814.0
2026-01-28 11:25:00-05:00,191.68190002441406,191.86990356445312,191.58999633789062,191.7949981689453,303186.0
2026-01-28 11:26:00-05:00,191.81500244140625,191.8699951171875,191.77000427246094,191.77999877929688,203852.0
2026-01-28 11:27:00-05:00,191.77999877929688,191.8699951171875,191.75999450683594,191.82009887695312,171243.0
2026-01-28 11:28:00-05:00,191.8249969482422,191.88499450683594,191.77000427246094,191.77499389648438,195281.0
2026-01-28 11:29:00-05:00,191.77999877929688,191.8300018310547,191.72000122070312,191.77999877929688,202405.0
2026-01-28 11:30:00-05:00,191.77000427246094,191.77000427246094,191.61000061035156,191.6999969482422,197424.0
2026-01-28 11:31:00-05:00,191.6970977783203,191.72259521484375,191.55999755859375,191.57989501953125,205646.0
2026-01-28 11:32:00-05:00,191.57249450683594,191.64500427246094,191.5500030517578,191.610107421875,186763.0
2026-01-28 11:33:00-05:00,191.6199951171875,191.63999938964844,191.44070434570312,191.44419860839844,261528.0
2026-01-28 11:34:00-05:00,191.44009399414062,191.47000122070312,191.37350463867188,191.44419860839844,266394.0
2026-01-28 11:35:00-05:00,191.4499969482422,191.52000427246094,191.2899932861328,191.2935028076172,323972.0
2026-01-28 11:36:00-05:00,191.2949981689453,191.34010314941406,191.2100067138672,191.23599243164062,208534.0
2026-01-28 11:37:00-05:00,191.2449951171875,191.38999938964844,191.22999572753906,191.27000427246094,325830.0
2026-01-28 11:38:00-05:00,191.27000427246094,191.3000030517578,191.19000244140625,191.1999969482422,212344.0
2026-01-28 11:39:00-05:00,191.1999969482422,191.1999969482422,191.11000061035156,191.110107421875,212196.0
2026-01-28 11:40:00-05:00,191.11000061035156,191.11000061035156,190.9499969482422,190.97500610351562,313158.0
2026-01-28 11:41:00-05:00,190.97579956054688,191.00999450683594,190.8300018310547,190.85000610351562,318141.0
2026-01-28 11:42:00-05:00,190.85989379882812,190.92990112304688,190.72000122070312,190.74000549316406,297462.0
2026-01-28 11:43:00-05:00,190.74000549316406,190.85000610351562,190.69000244140625,190.75999450683594,289553.0
2026-01-28 11:44:00-05:00,190.7550048828125,190.77499389648438,190.4600067138672,190.47999572753906,328629.0
2026-01-28 11:45:00-05:00,190.49000549316406,190.64990234375,190.35000610351562,190.5050048828125,385209.0
2026-01-28 11:46:00-05:00,190.52000427246094,190.52999877929688,190.3000030517578,190.3925018310547,387798.0
2026-01-28 11:47:00-05:00,190.39500427246094,190.4600067138672,190.2100067138672,190.2449951171875,362241.0
2026-01-28 11:48:00-05:00,190.25,190.30999755859375,190.1999969482422,190.2357940673828,313101.0
2026-01-28 11:49:00-05:00,190.24000549316406,190.47000122070312,190.1699981689453,190.3699951171875,285434.0
2026-01-28 11:50:00-05:00,190.37950134277344,190.4398956298828,190.30999755859375,190.3800048828125,247795.0
2026-01-28 11:51:00-05:00,190.38999938964844,190.41000366210938,189.9250030517578,189.96499633789062,569636.0
2026-01-28 11:52:00-05:00,189.9550018310547,190.10499572753906,189.8699951171875,189.88499450683594,437178.0
2026-01-28 11:53:00-05:00,189.88499450683594,190.00999450683594,189.83999633789062,189.95140075683594,319399.0
2026-01-28 11:54:00-05:00,189.9550018310547,190.1199951171875,189.91009521484375,190.08990478515625,361442.0
2026-01-28 11:55:00-05:00,190.0850067138672,190.22999572753906,190.0850067138672,190.15499877929688,303354.0
2026-01-28 11:56:00-05:00,190.16000366210938,190.22999572753906,190.1300048828125,190.1699981689453,258341.0
2026-01-28 11:57:00-05:00,190.16990661621094,190.3300018310547,190.1300048828125,190.3101043701172,293948.0
2026-01-28 11:58:00-05:00,190.3101043701172,190.52999877929688,190.30999755859375,190.47999572753906,407482.0
2026-01-28 11:59:00-05:00,190.47999572753906,190.51499938964844,190.2550048828125,190.27980041503906,247550.0
2026-01-28 12:00:00-05:00,190.27000427246094,190.38999938964844,190.1699981689453,190.3249969482422,235810.0
2026-01-28 12:01:00-05:00,190.3350067138672,190.4499969482422,190.3300018310547,190.3300018310547,178182.0
2026-01-28 12:02:00-05:00,190.32989501953125,190.6580047607422,190.31500244140625,190.65499877929688,216957.0
2026-01-28 12:03:00-05:00,190.65499877929688,190.7050018310547,190.55999755859375,190.6999969482422,255035.0
2026-01-28 12:04:00-05:00,190.7100067138672,190.8350067138672,190.6999969482422,190.81500244140625,300396.0
2026-01-28 12:05:00-05:00,190.80999755859375,190.86000061035156,190.7899932861328,190.82009887695312,227644.0
2026-01-28 12:06:00-05:00,190.82000732421875,190.85000610351562,190.67999267578125,190.78990173339844,172129.0
2026-01-28 12:07:00-05:00,190.7899932861328,190.80999755859375,190.67999267578125,190.71499633789062,142070.0
2026-01-28 12:08:00-05:00,190.7100067138672,190.8699951171875,190.6999969482422,190.85499572753906,162750.0
2026-01-28 12:09:00-05:00,190.85000610351562,190.875,190.7899932861328,190.7949981689453,112954.0
2026-01-28 12:10:00-05:00,190.8000030517578,190.81849670410156,190.6999969482422,190.7198944091797,124295.0
2026-01-28 12:11:00-05:00,190.71359252929688,190.83999633789062,190.6699981689453,190.81500244140625,149517.0
2026-01-28 12:12:00-05:00,190.82000732421875,190.83970642089844,190.75999450683594,190.82989501953125,78980.0
2026-01-28 12:13:00-05:00,190.8350067138672,190.9250030517578,190.80999755859375,190.8498992919922,150627.0
2026-01-28 12:14:00-05:00,190.85000610351562,190.93699645996094,190.79359436035156,190.92999267578125,156493.0
2026-01-28 12:15:00-05:00,190.9199981689453,190.97999572753906,190.91000366210938,190.94000244140625,180628.0
2026-01-28 12:16:00-05:00,190.9499969482422,190.99000549316406,190.9199981689453,190.98500061035156,110603.0
2026-01-28 12:17:00-05:00,190.98500061035156,191.05999755859375,190.9326934814453,190.9936981201172,190265.0
2026-01-28 12:18:00-05:00,191.0,191.11500549316406,190.99989318847656,191.07000732421875,156044.0
2026-01-28 12:19:00-05:00,191.0800018310547,191.16580200195312,191.0399932861328,191.16580200195312,147680.0
2026-01-28 12:20:00-05:00,191.16510009765625,191.17990112304688,191.0500030517578,191.1125030517578,190931.0
2026-01-28 12:21:00-05:00,191.11500549316406,191.13499450683594,191.0500030517578,191.05999755859375,152647.0
2026-01-28 12:22:00-05:00,191.05999755859375,191.0684051513672,190.92999267578125,190.94500732421875,198098.0
2026-01-28 12:23:00-05:00,190.9499053955078,190.97000122070312,190.83999633789062,190.92999267578125,193180.0
2026-01-28 12:24:00-05:00,190.93499755859375,190.9499969482422,190.8350067138672,190.86520385742188,130574.0
2026-01-28 12:25:00-05:00,190.86000061035156,190.97500610351562,190.77999877929688,190.97500610351562,157634.0
2026-01-28 12:26:00-05:00,190.97500610351562,191.07989501953125,190.9501953125,191.0399932861328,189062.0
2026-01-28 12:27:00-05:00,191.0500030517578,191.05499267578125,190.97000122070312,190.9949951171875,107456.0
2026-01-28 12:28:00-05:00,190.97999572753906,191.07000732421875,190.97999572753906,191.05499267578125,111732.0
2026-01-28 12:29:00-05:00,191.05999755859375,191.11000061035156,191.0399932861328,191.09579467773438,162020.0
2026-01-28 12:30:00-05:00,191.0850067138672,191.1199951171875,190.97000122070312,191.0449981689453,173139.0
2026-01-28 12:31:00-05:00,191.0449981689453,191.1199951171875,191.0,191.0749969482422,158794.0
2026-01-28 12:32:00-05:00,191.08200073242188,191.25,191.0800018310547,191.11000061035156,194783.0
2026-01-28 12:33:00-05:00,191.10499572753906,191.11000061035156,191.0,191.05499267578125,151441.0
2026-01-28 12:34:00-05:00,191.05999755859375,191.07000732421875,190.9600067138672,190.97500610351562,135711.0
2026-01-28 12:35:00-05:00,190.97500610351562,191.09500122070312,190.9600067138672,191.06500244140625,139636.0
2026-01-28 12:36:00-05:00,191.06500244140625,191.07000732421875,190.9600067138672,190.9949951171875,103997.0
2026-01-28 12:37:00-05:00,190.9949951171875,191.07000732421875,190.9510040283203,191.01499938964844,84472.0
2026-01-28 12:38:00-05:00,191.00999450683594,191.0780029296875,190.94000244140625,190.9600067138672,149290.0
2026-01-28 12:39:00-05:00,190.9593048095703,191.0500030517578,190.9593048095703,190.99000549316406,114434.0
2026-01-28 12:40:00-05:00,190.98660278320312,190.99000549316406,190.8249969482422,190.9499969482422,205193.0
2026-01-28 12:41:00-05:00,190.9416961669922,190.9600067138672,190.8699951171875,190.94979858398438,121457.0
2026-01-28 12:42:00-05:00,190.94500732421875,191.12989807128906,190.94000244140625,191.05999755859375,234783.0
2026-01-28 12:43:00-05:00,191.06500244140625,191.42999267578125,191.05999755859375,191.35499572753906,362684.0
2026-01-28 12:44:00-05:00,191.35499572753906,191.4199981689453,191.35000610351562,191.4149932861328,241004.0
2026-01-28 12:45:00-05:00,191.4199981689453,191.49000549316406,191.39999389648438,191.46969604492188,256419.0
2026-01-28 12:46:00-05:00,191.46749877929688,191.47000122070312,191.32000732421875,191.4149932861328,216210.0
2026-01-28 12:47:00-05:00,191.4149932861328,191.60000610351562,191.39999389648438,191.58999633789062,221154.0
2026-01-28 12:48:00-05:00,191.60000610351562,191.60000610351562,191.27999877929688,191.31500244140625,227355.0
2026-01-28 12:49:00-05:00,191.31500244140625,191.38999938964844,191.30990600585938,191.375,117334.0
2026-01-28 12:50:00-05:00,191.375,191.4199981689453,191.33999633789062,191.41940307617188,147758.0
2026-01-28 12:51:00-05:00,191.41009521484375,191.47000122070312,191.35000610351562,191.3907012939453,143626.0
2026-01-28 12:52:00-05:00,191.39500427246094,191.41000366210938,191.27000427246094,191.3800048828125,152580.0
2026-01-28 12:53:00-05:00,191.3957977294922,191.61000061035156,191.38999938964844,191.6020050048828,209921.0
2026-01-28 12:54:00-05:00,191.60000610351562,191.69000244140625,191.5800018310547,191.65499877929688,200117.0
2026-01-28 12:55:00-05:00,191.65499877929688,191.7010040283203,191.58999633789062,191.68499755859375,188161.0
2026-01-28 12:56:00-05:00,191.6898956298828,191.69000244140625,191.5399932861328,191.5749969482422,186022.0
2026-01-28 12:57:00-05:00,191.5749053955078,191.60000610351562,191.50999450683594,191.60000610351562,137778.0
2026-01-28 12:58:00-05:00,191.59010314941406,191.60000610351562,191.47000122070312,191.57000732421875,148483.0
2026-01-28 12:59:00-05:00,191.5749969482422,191.66000366210938,191.57000732421875,191.60000610351562,146042.0
2026-01-28 13:00:00-05:00,191.60499572753906,191.64999389648438,191.5050048828125,191.6199951171875,162015.0
2026-01-28 13:01:00-05:00,191.63499450683594,191.75,191.3800048828125,191.389892578125,230505.0
2026-01-28 13:02:00-05:00,191.38999938964844,191.4199981689453,191.3249969482422,191.36000061035156,163055.0
2026-01-28 13:03:00-05:00,191.36500549316406,191.5500030517578,191.36500549316406,191.5399932861328,133563.0
2026-01-28 13:04:00-05:00,191.5399932861328,191.67999267578125,191.5399932861328,191.6699981689453,138926.0
2026-01-28 13:05:00-05:00,191.66000366210938,191.78799438476562,191.6501007080078,191.6999969482422,193734.0
2026-01-28 13:06:00-05:00,191.7100067138672,191.7310028076172,191.6699981689453,191.69000244140625,139458.0
2026-01-28 13:07:00-05:00,191.67999267578125,191.6999969482422,191.52000427246094,191.53990173339844,122873.0
2026-01-28 13:08:00-05:00,191.52999877929688,191.57000732421875,191.5,191.5498046875,106299.0
2026-01-28 13:09:00-05:00,191.53500366210938,191.58999633789062,191.46279907226562,191.5050048828125,104296.0
2026-01-28 13:10:00-05:00,191.50999450683594,191.52999877929688,191.35499572753906,191.35499572753906,126706.0
2026-01-28 13:11:00-05:00,191.3524932861328,191.3699951171875,191.25999450683594,191.27499389648438,149631.0
2026-01-28 13:12:00-05:00,191.27499389648438,191.46229553222656,191.27000427246094,191.39329528808594,191506.0
2026-01-28 13:13:00-05:00,191.39010620117188,191.47000122070312,191.3834991455078,191.4499969482422,97791.0
2026-01-28 13:14:00-05:00,191.44500732421875,191.57989501953125,191.43499755859375,191.57000732421875,161232.0
2026-01-28 13:15:00-05:00,191.56500244140625,191.6199951171875,191.52000427246094,191.6094970703125,114505.0
2026-01-28 13:16:00-05:00,191.60000610351562,191.67979431152344,191.54150390625,191.55990600585938,130488.0
2026-01-28 13:17:00-05:00,191.55499267578125,191.55999755859375,191.4739990234375,191.49000549316406,102325.0
2026-01-28 13:18:00-05:00,191.4803009033203,191.52999877929688,191.47000122070312,191.4949951171875,93364.0
2026-01-28 13:19:00-05:00,191.5,191.57000732421875,191.47000122070312,191.55999755859375,113935.0
2026-01-28 13:20:00-05:00,191.5601043701172,191.66769409179688,191.5500030517578,191.63999938964844,135728.0
2026-01-28 13:21:00-05:00,191.64500427246094,191.67999267578125,191.58009338378906,191.62010192871094,102128.0
2026-01-28 13:22:00-05:00,191.625,191.63999938964844,191.56019592285156,191.57000732421875,87085.0
2026-01-28 13:23:00-05:00,191.57009887695312,191.69000244140625,191.57000732421875,191.66000366210938,117279.0
2026-01-28 13:24:00-05:00,191.65249633789062,191.75,191.610107421875,191.62240600585938,190606.0
2026-01-28 13:25:00-05:00,191.62319946289062,191.62319946289062,191.52999877929688,191.54580688476562,121277.0
2026-01-28 13:26:00-05:00,191.5500030517578,191.6300048828125,191.52999877929688,191.6300048828125,130605.0
2026-01-28 13:27:00-05:00,191.6208038330078,191.63999938964844,191.58009338378906,191.60989379882812,97074.0
2026-01-28 13:28:00-05:00,191.60060119628906,191.72999572753906,191.60060119628906,191.63499450683594,127552.0
2026-01-28 13:29:00-05:00,191.63670349121094,191.77999877929688,191.6300048828125,191.72000122070312,134240.0
2026-01-28 13:30:00-05:00,191.73500061035156,191.83999633789062,191.6699981689453,191.8249969482422,140963.0
2026-01-28 13:31:00-05:00,191.8300018310547,191.86990356445312,191.80999755859375,191.8300018310547,162069.0
2026-01-28 13:32:00-05:00,191.8300018310547,191.83999633789062,191.72999572753906,191.78500366210938,148857.0
2026-01-28 13:33:00-05:00,191.78500366210938,191.8699951171875,191.78500366210938,191.81500244140625,141817.0
2026-01-28 13:34:00-05:00,191.82000732421875,191.8300018310547,191.74000549316406,191.74000549316406,123770.0
2026-01-28 13:35:00-05:00,191.74000549316406,191.80499267578125,191.69000244140625,191.76499938964844,128475.0
2026-01-28 13:36:00-05:00,191.76010131835938,191.82000732421875,191.75,191.75999450683594,101233.0
2026-01-28 13:37:00-05:00,191.7548065185547,191.86000061035156,191.74000549316406,191.74000549316406,163389.0
2026-01-28 13:38:00-05:00,191.74000549316406,191.75,191.6199951171875,191.6649932861328,150228.0
2026-01-28 13:39:00-05:00,191.6678924560547,191.8000030517578,191.64999389648438,191.74000549316406,125137.0
2026-01-28 13:40:00-05:00,191.72999572753906,191.77999877929688,191.67059326171875,191.77499389648438,141983.0
2026-01-28 13:41:00-05:00,191.77000427246094,191.89500427246094,191.77000427246094,191.85000610351562,167447.0
2026-01-28 13:42:00-05:00,191.8529052734375,191.86419677734375,191.77000427246094,191.77420043945312,138600.0
2026-01-28 13:43:00-05:00,191.77000427246094,191.80999755859375,191.75,191.78579711914062,122995.0
2026-01-28 13:44:00-05:00,191.7830047607422,191.8000030517578,191.72000122070312,191.77000427246094,119926.0
2026-01-28 13:45:00-05:00,191.78500366210938,191.80999755859375,191.74000549316406,191.77000427246094,118232.0
2026-01-28 13:46:00-05:00,191.75999450683594,191.7899932861328,191.69000244140625,191.70989990234375,134880.0
2026-01-28 13:47:00-05:00,191.7050018310547,191.7279052734375,191.6699981689453,191.6875,110724.0
2026-01-28 13:48:00-05:00,191.67999267578125,191.75,191.6300048828125,191.74000549316406,144548.0
2026-01-28 13:49:00-05:00,191.73989868164062,191.75,191.65499877929688,191.68499755859375,117536.0
2026-01-28 13:50:00-05:00,191.67999267578125,191.77999877929688,191.6699981689453,191.7198944091797,169745.0
2026-01-28 13:51:00-05:00,191.7198944091797,191.75999450683594,191.6699981689453,191.7550048828125,151896.0
2026-01-28 13:52:00-05:00,191.75999450683594,191.77000427246094,191.69000244140625,191.70010375976562,136060.0
2026-01-28 13:53:00-05:00,191.70370483398438,191.74000549316406,191.64999389648438,191.6999969482422,142066.0
2026-01-28 13:54:00-05:00,191.70970153808594,191.9250030517578,191.6999969482422,191.89500427246094,204417.0
2026-01-28 13:55:00-05:00,191.89999389648438,191.9600067138672,191.8800048828125,191.89999389648438,190429.0
2026-01-28 13:56:00-05:00,191.91000366210938,191.97999572753906,191.89999389648438,191.9573974609375,182552.0
2026-01-28 13:57:00-05:00,191.9499969482422,191.97999572753906,191.86000061035156,191.89999389648438,178862.0
2026-01-28 13:58:00-05:00,191.89999389648438,191.99000549316406,191.89999389648438,191.99000549316406,155357.0
2026-01-28 13:59:00-05:00,191.97999572753906,191.98500061035156,191.87010192871094,191.9199981689453,174773.0
2026-01-28 14:00:00-05:00,191.92999267578125,192.2100067138672,191.8094024658203,192.09500122070312,524213.0
2026-01-28 14:01:00-05:00,192.07000732421875,192.0998992919922,191.61000061035156,191.66859436035156,281191.0
2026-01-28 14:02:00-05:00,191.63999938964844,191.77000427246094,191.4199981689453,191.55999755859375,262066.0
2026-01-28 14:03:00-05:00,191.57000732421875,191.7449951171875,191.52000427246094,191.7449951171875,183779.0
2026-01-28 14:04:00-05:00,191.75,192.00990295410156,191.75,191.8800048828125,262643.0
2026-01-28 14:05:00-05:00,191.8800048828125,191.94000244140625,191.6999969482422,191.6999969482422,186047.0
2026-01-28 14:06:00-05:00,191.69500732421875,191.80999755859375,191.67999267578125,191.72000122070312,145748.0
2026-01-28 14:07:00-05:00,191.7200927734375,191.77000427246094,191.67010498046875,191.74000549316406,132511.0
2026-01-28 14:08:00-05:00,191.72999572753906,191.8699951171875,191.72000122070312,191.85000610351562,181822.0
2026-01-28 14:09:00-05:00,191.86000061035156,191.8699951171875,191.73199462890625,191.76499938964844,152995.0
2026-01-28 14:10:00-05:00,191.75999450683594,191.83349609375,191.68069458007812,191.72500610351562,134227.0
2026-01-28 14:11:00-05:00,191.72999572753906,191.80999755859375,191.60000610351562,191.8000030517578,240650.0
2026-01-28 14:12:00-05:00,191.80499267578125,191.9499969482422,191.8000030517578,191.89500427246094,201080.0
2026-01-28 14:13:00-05:00,191.89500427246094,191.89500427246094,191.5399932861328,191.55999755859375,212403.0
2026-01-28 14:14:00-05:00,191.5749969482422,191.70989990234375,191.5500946044922,191.6663055419922,171142.0
2026-01-28 14:15:00-05:00,191.6649932861328,191.6699981689453,191.4799041748047,191.52000427246094,215301.0
2026-01-28 14:16:00-05:00,191.52499389648438,191.5800018310547,191.47000122070312,191.57000732421875,178905.0
2026-01-28 14:17:00-05:00,191.56500244140625,191.5800018310547,191.48500061035156,191.50509643554688,130098.0
2026-01-28 14:18:00-05:00,191.50999450683594,191.52999877929688,191.4499969482422,191.5200958251953,150010.0
2026-01-28 14:19:00-05:00,191.52999877929688,191.6999969482422,191.52499389648438,191.63999938964844,178026.0
2026-01-28 14:20:00-05:00,191.63999938964844,191.6999969482422,191.5500030517578,191.56500244140625,136936.0
2026-01-28 14:21:00-05:00,191.55999755859375,191.58999633789062,191.3800048828125,191.4062957763672,177712.0
2026-01-28 14:22:00-05:00,191.41000366210938,191.5500030517578,191.39010620117188,191.5093994140625,128428.0
2026-01-28 14:23:00-05:00,191.50999450683594,191.6300048828125,191.49000549316406,191.61099243164062,114288.0
2026-01-28 14:24:00-05:00,191.6199951171875,191.75,191.5800018310547,191.6750030517578,171569.0
2026-01-28 14:25:00-05:00,191.67010498046875,191.72000122070312,191.6300048828125,191.7050018310547,141457.0
2026-01-28 14:26:00-05:00,191.70989990234375,191.79989624023438,191.69580078125,191.76499938964844,166098.0
2026-01-28 14:27:00-05:00,191.7698974609375,191.82000732421875,191.74000549316406,191.7949981689453,125032.0
2026-01-28 14:28:00-05:00,191.79989624023438,191.8000030517578,191.72000122070312,191.8000030517578,127425.0
2026-01-28 14:29:00-05:00,191.79010009765625,191.8300018310547,191.47999572753906,191.52000427246094,248734.0
2026-01-28 14:30:00-05:00,191.50999450683594,191.8000030517578,191.1999969482422,191.65859985351562,419875.0
2026-01-28 14:31:00-05:00,191.67999267578125,191.6999969482422,191.16000366210938,191.1699981689453,351024.0
2026-01-28 14:32:00-05:00,191.16650390625,191.49000549316406,190.90370178222656,191.49000549316406,423468.0
2026-01-28 14:33:00-05:00,191.47999572753906,191.67999267578125,191.3699951171875,191.56500244140625,325785.0
2026-01-28 14:34:00-05:00,191.55999755859375,191.9199981689453,191.38499450683594,191.57510375976562,428974.0
2026-01-28 14:35:00-05:00,191.5800018310547,191.9091033935547,191.47000122070312,191.74000549316406,304359.0
2026-01-28 14:36:00-05:00,191.75999450683594,191.97999572753906,191.69000244140625,191.91000366210938,268669.0
2026-01-28 14:37:00-05:00,191.91009521484375,192.32000732421875,191.89999389648438,192.08580017089844,500532.0
2026-01-28 14:38:00-05:00,192.0800018310547,192.18699645996094,191.9199981689453,191.9375,233671.0
2026-01-28 14:39:00-05:00,191.93499755859375,192.02000427246094,191.85000610351562,191.89990234375,202730.0
2026-01-28 14:40:00-05:00,191.8800048828125,191.9499969482422,191.57000732421875,191.7899932861328,243956.0
2026-01-28 14:41:00-05:00,191.8000030517578,191.875,191.4550018310547,191.72999572753906,251964.0
2026-01-28 14:42:00-05:00,191.74000549316406,191.8300018310547,191.67999267578125,191.77369689941406,162337.0
2026-01-28 14:43:00-05:00,191.77000427246094,191.83990478515625,191.64500427246094,191.68580627441406,220086.0
2026-01-28 14:44:00-05:00,191.68499755859375,191.8000030517578,191.64500427246094,191.67059326171875,168666.0
2026-01-28 14:45:00-05:00,191.67669677734375,191.85000610351562,191.64300537109375,191.83990478515625,159797.0
2026-01-28 14:46:00-05:00,191.83999633789062,191.94000244140625,191.74000549316406,191.8699951171875,236521.0
2026-01-28 14:47:00-05:00,191.86000061035156,192.1009979248047,191.86000061035156,192.03500366210938,276875.0
2026-01-28 14:48:00-05:00,192.0399932861328,192.24600219726562,192.0399932861328,192.24000549316406,268495.0
2026-01-28 14:49:00-05:00,192.25,192.27000427246094,192.0500030517578,192.0565948486328,281200.0
2026-01-28 14:50:00-05:00,192.05999755859375,192.16000366210938,192.00999450683594,192.01510620117188,226799.0
2026-01-28 14:51:00-05:00,192.02000427246094,192.1300048828125,191.99000549316406,192.11289978027344,230871.0
2026-01-28 14:52:00-05:00,192.11000061035156,192.17999267578125,192.0,192.00999450683594,229005.0
2026-01-28 14:53:00-05:00,192.00999450683594,192.1300048828125,191.9499969482422,191.96499633789062,228959.0
2026-01-28 14:54:00-05:00,191.95989990234375,192.17999267578125,191.92999267578125,192.16600036621094,176408.0
2026-01-28 14:55:00-05:00,192.17010498046875,192.17999267578125,192.02999877929688,192.05499267578125,170689.0
2026-01-28 14:56:00-05:00,192.0500030517578,192.05630493164062,191.94000244140625,191.94500732421875,151109.0
2026-01-28 14:57:00-05:00,191.94000244140625,191.9799041748047,191.82000732421875,191.9799041748047,156009.0
2026-01-28 14:58:00-05:00,191.99000549316406,192.0800018310547,191.91000366210938,191.93809509277344,128081.0
2026-01-28 14:59:00-05:00,191.93499755859375,191.94000244140625,191.57000732421875,191.58470153808594,227826.0
2026-01-28 15:00:00-05:00,191.55999755859375,191.88999938964844,191.5050048828125,191.80999755859375,310261.0
2026-01-28 15:01:00-05:00,191.8249969482422,191.87750244140625,191.72999572753906,191.74000549316406,167314.0
2026-01-28 15:02:00-05:00,191.75,191.86000061035156,191.6999969482422,191.76499938964844,117306.0
2026-01-28 15:03:00-05:00,191.76499938964844,191.86000061035156,191.7449951171875,191.75990295410156,138690.0
2026-01-28 15:04:00-05:00,191.75999450683594,191.94000244140625,191.68499755859375,191.90499877929688,152837.0
2026-01-28 15:05:00-05:00,191.91000366210938,191.94000244140625,191.80999755859375,191.86000061035156,137177.0
2026-01-28 15:06:00-05:00,191.86500549316406,191.99000549316406,191.83999633789062,191.9499969482422,129000.0
2026-01-28 15:07:00-05:00,191.9600067138672,192.02999877929688,191.9149932861328,191.9499969482422,180307.0
2026-01-28 15:08:00-05:00,191.9499969482422,191.97500610351562,191.91090393066406,191.94740295410156,104641.0
2026-01-28 15:09:00-05:00,191.9550018310547,192.1199951171875,191.94329833984375,192.11000061035156,212344.0
2026-01-28 15:10:00-05:00,192.10940551757812,192.11000061035156,191.97000122070312,191.99000549316406,167354.0
2026-01-28 15:11:00-05:00,191.99000549316406,192.0800018310547,191.89999389648438,192.05999755859375,181331.0
2026-01-28 15:12:00-05:00,192.06500244140625,192.08999633789062,191.99000549316406,192.01499938964844,135315.0
2026-01-28 15:13:00-05:00,192.02650451660156,192.05499267578125,191.92999267578125,191.98500061035156,145134.0
2026-01-28 15:14:00-05:00,191.97999572753906,192.08909606933594,191.9550018310547,192.0063018798828,145208.0
2026-01-28 15:15:00-05:00,192.0,192.0,191.8300018310547,191.88999938964844,265550.0
2026-01-28 15:16:00-05:00,191.88499450683594,191.9199981689453,191.6699981689453,191.68499755859375,212968.0
2026-01-28 15:17:00-05:00,191.68499755859375,191.82000732421875,191.6649932861328,191.69000244140625,214400.0
2026-01-28 15:18:00-05:00,191.68499755859375,191.77499389648438,191.63999938964844,191.7550048828125,209724.0
2026-01-28 15:19:00-05:00,191.75619506835938,191.8300018310547,191.75,191.81500244140625,183022.0
2026-01-28 15:20:00-05:00,191.82000732421875,191.86630249023438,191.72999572753906,191.7449951171875,177832.0
2026-01-28 15:21:00-05:00,191.74000549316406,191.86500549316406,191.73989868164062,191.77000427246094,210758.0
2026-01-28 15:22:00-05:00,191.77000427246094,191.8800048828125,191.75,191.8800048828125,149829.0
2026-01-28 15:23:00-05:00,191.8800048828125,191.91000366210938,191.8300018310547,191.85009765625,140720.0
2026-01-28 15:24:00-05:00,191.86000061035156,191.91000366210938,191.8350067138672,191.83999633789062,124733.0
2026-01-28 15:25:00-05:00,191.84579467773438,191.85000610351562,191.6750030517578,191.68499755859375,167982.0
2026-01-28 15:26:00-05:00,191.69000244140625,191.6999969482422,191.5800018310547,191.6199951171875,169564.0
2026-01-28 15:27:00-05:00,191.6269989013672,191.7100067138672,191.61000061035156,191.6999969482422,110153.0
2026-01-28 15:28:00-05:00,191.7050018310547,191.7100067138672,191.61500549316406,191.625,133163.0
2026-01-28 15:29:00-05:00,191.6199951171875,191.63999938964844,191.5500030517578,191.6230010986328,148460.0
2026-01-28 15:30:00-05:00,191.6199951171875,191.67999267578125,191.5399932861328,191.5800018310547,165616.0
2026-01-28 15:31:00-05:00,191.5800018310547,191.61990356445312,191.4550018310547,191.5050048828125,208402.0
2026-01-28 15:32:00-05:00,191.50999450683594,191.55990600585938,191.42999267578125,191.48500061035156,145072.0
2026-01-28 15:33:00-05:00,191.4801025390625,191.48629760742188,191.3300018310547,191.36500549316406,201581.0
2026-01-28 15:34:00-05:00,191.3636932373047,191.375,191.3000030517578,191.31500244140625,153687.0
2026-01-28 15:35:00-05:00,191.32000732421875,191.47999572753906,191.27999877929688,191.47500610351562,204248.0
2026-01-28 15:36:00-05:00,191.47500610351562,191.5500030517578,191.47000122070312,191.52369689941406,173915.0
2026-01-28 15:37:00-05:00,191.52540588378906,191.6199951171875,191.39500427246094,191.4250030517578,180854.0
2026-01-28 15:38:00-05:00,191.4250030517578,191.44000244140625,191.3300018310547,191.33999633789062,207069.0
2026-01-28 15:39:00-05:00,191.35000610351562,191.4199981689453,191.32000732421875,191.41000366210938,158312.0
2026-01-28 15:40:00-05:00,191.40499877929688,191.6199951171875,191.40499877929688,191.52000427246094,334882.0
2026-01-28 15:41:00-05:00,191.52000427246094,191.52000427246094,191.3000030517578,191.36500549316406,188721.0
2026-01-28 15:42:00-05:00,191.35000610351562,191.37989807128906,191.2899932861328,191.3300018310547,168122.0
2026-01-28 15:43:00-05:00,191.3336944580078,191.35000610351562,191.22999572753906,191.2899932861328,193997.0
2026-01-28 15:44:00-05:00,191.27499389648438,191.30999755859375,191.23500061035156,191.2449951171875,190875.0
2026-01-28 15:45:00-05:00,191.2449951171875,191.32899475097656,191.22999572753906,191.2550048828125,186198.0
2026-01-28 15:46:00-05:00,191.25999450683594,191.28500366210938,191.13999938964844,191.14500427246094,198701.0
2026-01-28 15:47:00-05:00,191.13999938964844,191.25999450683594,191.1300048828125,191.206298828125,228221.0
2026-01-28 15:48:00-05:00,191.2100067138672,191.30990600585938,191.1999969482422,191.23989868164062,184766.0
2026-01-28 15:49:00-05:00,191.23500061035156,191.3000030517578,191.22000122070312,191.22000122070312,198859.0
2026-01-28 15:50:00-05:00,191.22000122070312,191.35000610351562,190.8699951171875,191.34010314941406,586420.0
2026-01-28 15:51:00-05:00,191.33999633789062,191.47000122070312,191.3300018310547,191.42010498046875,324298.0
2026-01-28 15:52:00-05:00,191.42999267578125,191.49000549316406,191.375,191.3957977294922,271172.0
2026-01-28 15:53:00-05:00,191.39999389648438,191.5800018310547,191.36000061035156,191.5449981689453,360943.0
2026-01-28 15:54:00-05:00,191.5500030517578,191.64999389648438,191.47999572753906,191.61500549316406,403525.0
2026-01-28 15:55:00-05:00,191.6199951171875,191.67999267578125,191.47999572753906,191.62989807128906,447809.0
2026-01-28 15:56:00-05:00,191.6300048828125,191.63999938964844,191.47500610351562,191.47500610351562,359331.0
2026-01-28 15:57:00-05:00,191.47999572753906,191.63499450683594,191.47999572753906,191.53990173339844,407728.0
2026-01-28 15:58:00-05:00,191.53500366210938,191.67999267578125,191.4149932861328,191.6699981689453,594614.0
2026-01-28 15:59:00-05:00,191.6649932861328,191.7899932861328,191.3300018310547,191.52999877929688,1177423.0
2026-01-29 09:30:00-05:00,191.33999633789062,192.36000061035156,191.20750427246094,191.61000061035156,2952149.0
2026-01-29 09:31:00-05:00,191.58999633789062,192.2899932861328,191.5500030517578,191.83999633789062,585920.0
2026-01-29 09:32:00-05:00,191.83819580078125,192.97000122070312,191.8000946044922,192.86300659179688,837162.0
2026-01-29 09:33:00-05:00,192.88299560546875,193.47000122070312,192.8300018310547,193.47000122070312,1048168.0
2026-01-29 09:34:00-05:00,193.47000122070312,193.47999572753906,192.77000427246094,192.85000610351562,651729.0
2026-01-29 09:35:00-05:00,192.8300018310547,192.889892578125,191.52999877929688,191.60000610351562,768582.0
2026-01-29 09:36:00-05:00,191.6230010986328,191.63999938964844,191.05999755859375,191.3300018310547,710058.0
2026-01-29 09:37:00-05:00,191.32989501953125,191.35989379882812,190.72000122070312,190.75999450683594,679251.0
2026-01-29 09:38:00-05:00,190.75999450683594,191.1999969482422,190.75,190.97999572753906,608953.0
2026-01-29 09:39:00-05:00,190.97000122070312,191.23849487304688,190.78500366210938,190.99000549316406,524432.0
2026-01-29 09:40:00-05:00,190.98089599609375,191.22000122070312,190.6999969482422,190.88499450683594,435279.0
2026-01-29 09:41:00-05:00,190.89999389648438,190.9600067138672,190.63340759277344,190.72000122070312,406093.0
2026-01-29 09:42:00-05:00,190.75999450683594,190.9199981689453,190.58999633789062,190.6999969482422,496329.0
2026-01-29 09:43:00-05:00,190.69000244140625,191.02000427246094,190.17999267578125,190.27000427246094,585896.0
2026-01-29 09:44:00-05:00,190.25999450683594,190.72999572753906,190.14999389648438,190.61000061035156,679692.0
2026-01-29 09:45:00-05:00,190.60000610351562,190.9250030517578,190.3800048828125,190.9199981689453,469705.0
2026-01-29 09:46:00-05:00,190.9149932861328,190.97999572753906,190.58999633789062,190.77499389648438,381930.0
2026-01-29 09:47:00-05:00,190.77000427246094,191.41000366210938,190.58999633789062,191.36990356445312,498992.0
2026-01-29 09:48:00-05:00,191.35000610351562,191.89999389648438,191.34210205078125,191.84010314941406,756492.0
2026-01-29 09:49:00-05:00,191.85000610351562,191.94000244140625,191.6699981689453,191.69000244140625,510187.0
2026-01-29 09:50:00-05:00,191.67999267578125,192.0800018310547,191.64999389648438,191.97000122070312,482339.0
2026-01-29 09:51:00-05:00,191.97999572753906,192.01499938964844,191.5399932861328,191.63999938964844,363094.0
2026-01-29 09:52:00-05:00,191.63999938964844,191.86500549316406,191.47300720214844,191.5800018310547,348836.0
2026-01-29 09:53:00-05:00,191.60000610351562,191.61500549316406,191.1300048828125,191.13999938964844,356329.0
2026-01-29 09:54:00-05:00,191.16000366210938,191.25,190.92010498046875,191.0850067138672,350353.0
2026-01-29 09:55:00-05:00,191.07000732421875,191.16990661621094,190.9510040283203,191.00999450683594,281995.0
2026-01-29 09:56:00-05:00,191.04800415039062,191.1199951171875,190.82000732421875,191.03500366210938,242341.0
2026-01-29 09:57:00-05:00,191.02999877929688,191.23939514160156,190.91000366210938,191.1300048828125,381349.0
2026-01-29 09:58:00-05:00,191.13510131835938,191.50999450683594,191.05999755859375,191.36500549316406,313097.0
2026-01-29 09:59:00-05:00,191.360107421875,191.4199981689453,190.6999969482422,190.8000030517578,459725.0
2026-01-29 10:00:00-05:00,190.80999755859375,190.83999633789062,189.86000061035156,189.98500061035156,761192.0
2026-01-29 10:01:00-05:00,189.99009704589844,190.08999633789062,189.5200958251953,189.55670166015625,657506.0
2026-01-29 10:02:00-05:00,189.55999755859375,189.77000427246094,189.52000427246094,189.53500366210938,430971.0
2026-01-29 10:03:00-05:00,189.53500366210938,189.73989868164062,189.0800018310547,189.0800018310547,485701.0
2026-01-29 10:04:00-05:00,189.08999633789062,189.52999877929688,188.82000732421875,189.52999877929688,767700.0
2026-01-29 10:05:00-05:00,189.52999877929688,189.69000244140625,189.09010314941406,189.1999969482422,505248.0
2026-01-29 10:06:00-05:00,189.1967010498047,189.36000061035156,189.10000610351562,189.2700958251953,435070.0
2026-01-29 10:07:00-05:00,189.2899932861328,189.58999633789062,189.11000061035156,189.51499938964844,441346.0
2026-01-29 10:08:00-05:00,189.55999755859375,189.75990295410156,189.50999450683594,189.5749969482422,423683.0
2026-01-29 10:09:00-05:00,189.5850067138672,189.6300048828125,189.25,189.35009765625,445372.0
2026-01-29 10:10:00-05:00,189.36000061035156,189.42999267578125,189.1999969482422,189.42999267578125,362021.0
2026-01-29 10:11:00-05:00,189.42999267578125,189.70989990234375,189.39100646972656,189.6699981689453,401727.0
2026-01-29 10:12:00-05:00,189.69000244140625,189.7100067138672,189.24070739746094,189.27499389648438,368066.0
2026-01-29 10:13:00-05:00,189.2949981689453,189.33999633789062,188.8800048828125,188.91510009765625,402994.0
2026-01-29 10:14:00-05:00,188.9199981689453,188.9250030517578,188.41000366210938,188.4398956298828,673253.0
2026-01-29 10:15:00-05:00,188.44500732421875,188.74000549316406,188.35000610351562,188.6199951171875,485686.0
2026-01-29 10:16:00-05:00,188.61000061035156,188.63999938964844,188.2899932861328,188.52999877929688,431277.0
2026-01-29 10:17:00-05:00,188.52000427246094,188.7299041748047,188.35879516601562,188.6699981689453,371298.0
2026-01-29 10:18:00-05:00,188.66000366210938,189.05999755859375,188.63510131835938,188.91099548339844,384701.0
2026-01-29 10:19:00-05:00,188.91000366210938,189.11000061035156,188.7301025390625,188.75999450683594,368011.0
2026-01-29 10:20:00-05:00,188.77000427246094,189.16000366210938,188.6699981689453,189.1300048828125,332653.0
2026-01-29 10:21:00-05:00,189.15249633789062,189.375,189.09500122070312,189.17999267578125,437094.0
2026-01-29 10:22:00-05:00,189.17999267578125,189.3800048828125,189.0,189.36000061035156,335376.0
2026-01-29 10:23:00-05:00,189.35000610351562,189.60000610351562,189.3000030517578,189.36000061035156,468039.0
2026-01-29 10:24:00-05:00,189.3699951171875,189.47999572753906,189.2100067138672,189.30999755859375,286100.0
2026-01-29 10:25:00-05:00,189.3300018310547,189.3699951171875,189.1699981689453,189.21499633789062,232044.0
2026-01-29 10:26:00-05:00,189.24000549316406,189.54649353027344,189.24000549316406,189.3000030517578,313182.0
2026-01-29 10:27:00-05:00,189.30999755859375,189.33999633789062,189.0500030517578,189.0625,242612.0
2026-01-29 10:28:00-05:00,189.02999877929688,189.07139587402344,188.6699981689453,188.6999969482422,324101.0
2026-01-29 10:29:00-05:00,188.6999969482422,188.99000549316406,188.69000244140625,188.92999267578125,290000.0
2026-01-29 10:30:00-05:00,188.92999267578125,189.0,188.6999969482422,188.8300018310547,356394.0
2026-01-29 10:31:00-05:00,188.83999633789062,188.88499450683594,188.4499969482422,188.5399932861328,320808.0
2026-01-29 10:32:00-05:00,188.54930114746094,188.7198944091797,188.33999633789062,188.35499572753906,332671.0
2026-01-29 10:33:00-05:00,188.35000610351562,188.3800048828125,188.14999389648438,188.23629760742188,486479.0
2026-01-29 10:34:00-05:00,188.24000549316406,188.5500030517578,188.15159606933594,188.36500549316406,284381.0
2026-01-29 10:35:00-05:00,188.3699951171875,188.3800048828125,188.05999755859375,188.32000732421875,358360.0
2026-01-29 10:36:00-05:00,188.3350067138672,188.39999389648438,187.97000122070312,188.0,480637.0
2026-01-29 10:37:00-05:00,188.0,188.23500061035156,187.9499969482422,188.05999755859375,448605.0
2026-01-29 10:38:00-05:00,188.07000732421875,188.0850067138672,187.74000549316406,187.88999938964844,429508.0
2026-01-29 10:39:00-05:00,187.9149932861328,187.99000549316406,187.72999572753906,187.74000549316406,331326.0
2026-01-29 10:40:00-05:00,187.75999450683594,187.75999450683594,187.38900756835938,187.4149932861328,490663.0
2026-01-29 10:41:00-05:00,187.42999267578125,187.58999633789062,187.375,187.40499877929688,365521.0
2026-01-29 10:42:00-05:00,187.38999938964844,187.4499969482422,187.110107421875,187.1199951171875,319097.0
2026-01-29 10:43:00-05:00,187.1199951171875,187.13999938964844,186.89990234375,186.9499969482422,586542.0
2026-01-29 10:44:00-05:00,186.9600067138672,187.25999450683594,186.95010375976562,187.22500610351562,406626.0
2026-01-29 10:45:00-05:00,187.22000122070312,187.3249969482422,187.07000732421875,187.30999755859375,397022.0
2026-01-29 10:46:00-05:00,187.32000732421875,187.42999267578125,187.13999938964844,187.3699951171875,389657.0
2026-01-29 10:47:00-05:00,187.3800048828125,187.52999877929688,187.25999450683594,187.47999572753906,334417.0
2026-01-29 10:48:00-05:00,187.4700927734375,187.53250122070312,187.21499633789062,187.2550048828125,336854.0
2026-01-29 10:49:00-05:00,187.25010681152344,187.25010681152344,186.92999267578125,186.99000549316406,376925.0
2026-01-29 10:50:00-05:00,186.97999572753906,186.981201171875,186.5,186.50999450683594,530277.0
2026-01-29 10:51:00-05:00,186.50999450683594,186.61000061035156,186.38499450683594,186.44500732421875,459096.0
2026-01-29 10:52:00-05:00,186.4550018310547,186.52000427246094,186.27999877929688,186.27999877929688,591147.0
2026-01-29 10:53:00-05:00,186.27999877929688,186.4199981689453,186.17010498046875,186.33999633789062,423561.0
2026-01-29 10:54:00-05:00,186.3249969482422,186.3249969482422,186.05999755859375,186.17990112304688,412267.0
2026-01-29 10:55:00-05:00,186.17999267578125,186.4600067138672,186.0800018310547,186.4600067138672,311223.0
2026-01-29 10:56:00-05:00,186.4698944091797,186.72000122070312,186.4398956298828,186.72000122070312,460634.0
2026-01-29 10:57:00-05:00,186.72000122070312,186.86000061035156,186.58999633789062,186.67999267578125,413908.0
2026-01-29 10:58:00-05:00,186.67999267578125,186.70989990234375,186.3350067138672,186.3350067138672,311433.0
2026-01-29 10:59:00-05:00,186.32000732421875,186.48500061035156,186.25999450683594,186.42979431152344,347017.0
2026-01-29 11:00:00-05:00,186.42999267578125,186.6750030517578,186.27999877929688,186.41000366210938,210084.0
2026-01-29 11:01:00-05:00,186.32000732421875,186.3802032470703,186.27000427246094,186.35499572753906,360297.0
2026-01-29 11:02:00-05:00,186.3699951171875,186.3800048828125,186.14500427246094,186.32000732421875,301970.0
2026-01-29 11:03:00-05:00,186.3249969482422,186.40499877929688,186.1699981689453,186.39419555664062,279712.0
2026-01-29 11:04:00-05:00,186.38999938964844,186.6750030517578,186.27000427246094,186.30999755859375,383501.0
2026-01-29 11:05:00-05:00,186.30999755859375,186.5399932861328,186.22000122070312,186.49000549316406,314885.0
2026-01-29 11:06:00-05:00,186.49000549316406,186.57000732421875,186.2949981689453,186.44000244140625,296450.0
2026-01-29 11:07:00-05:00,186.42999267578125,186.42999267578125,186.07000732421875,186.11000061035156,351851.0
2026-01-29 11:08:00-05:00,186.1199951171875,186.47000122070312,186.08999633789062,186.19369506835938,325835.0
2026-01-29 11:09:00-05:00,186.19740295410156,186.3800048828125,186.06350708007812,186.36000061035156,287432.0
2026-01-29 11:10:00-05:00,186.36000061035156,186.5,186.08999633789062,186.4199981689453,261953.0
2026-01-29 11:11:00-05:00,186.4199981689453,186.72999572753906,186.4199981689453,186.72999572753906,447639.0
2026-01-29 11:12:00-05:00,186.72999572753906,186.875,186.69000244140625,186.86500549316406,408156.0
2026-01-29 11:13:00-05:00,186.86000061035156,186.99000549316406,186.77999877929688,186.96499633789062,322032.0
2026-01-29 11:14:00-05:00,186.9600067138672,187.17999267578125,186.9149932861328,187.1649932861328,386779.0
2026-01-29 11:15:00-05:00,187.16000366210938,187.3699951171875,187.15499877929688,187.2449951171875,463015.0
2026-01-29 11:16:00-05:00,187.22999572753906,187.37989807128906,187.16000366210938,187.375,369048.0
2026-01-29 11:17:00-05:00,187.375,187.4949951171875,187.24000549316406,187.40989685058594,370084.0
2026-01-29 11:18:00-05:00,187.39999389648438,187.5500030517578,187.27000427246094,187.42999267578125,304919.0
2026-01-29 11:19:00-05:00,187.4250030517578,187.51499938964844,187.3300018310547,187.39999389648438,262328.0
2026-01-29 11:20:00-05:00,187.40499877929688,187.68499755859375,187.40499877929688,187.55499267578125,385705.0
2026-01-29 11:21:00-05:00,187.57000732421875,187.7299041748047,187.55499267578125,187.7299041748047,261092.0
2026-01-29 11:22:00-05:00,187.7100067138672,187.91000366210938,187.64999389648438,187.6750030517578,318769.0
2026-01-29 11:23:00-05:00,187.6750030517578,187.91000366210938,187.5850067138672,187.6649932861328,320080.0
2026-01-29 11:24:00-05:00,187.6649932861328,187.8300018310547,187.625,187.66000366210938,284001.0
2026-01-29 11:25:00-05:00,187.64999389648438,187.92999267578125,187.64500427246094,187.8300018310547,279117.0
2026-01-29 11:26:00-05:00,187.83999633789062,187.875,187.66000366210938,187.7801055908203,277923.0
2026-01-29 11:27:00-05:00,187.7949981689453,187.85499572753906,187.6999969482422,187.8300018310547,208582.0
2026-01-29 11:28:00-05:00,187.8249969482422,187.8657989501953,187.4550018310547,187.52000427246094,308503.0
2026-01-29 11:29:00-05:00,187.50999450683594,188.07000732421875,187.50999450683594,187.8350067138672,368418.0
2026-01-29 11:30:00-05:00,187.8300018310547,188.0500030517578,187.7899932861328,187.82000732421875,300413.0
2026-01-29 11:31:00-05:00,187.81100463867188,187.92999267578125,187.80999755859375,187.88009643554688,231879.0
2026-01-29 11:32:00-05:00,187.8800048828125,187.9199981689453,187.7303009033203,187.89999389648438,234508.0
2026-01-29 11:33:00-05:00,187.89500427246094,188.1300048828125,187.86500549316406,188.00999450683594,373017.0
2026-01-29 11:34:00-05:00,188.01499938964844,188.10000610351562,187.80999755859375,187.8249969482422,418278.0
2026-01-29 11:35:00-05:00,187.80499267578125,187.9199981689453,187.72999572753906,187.83999633789062,227868.0
2026-01-29 11:36:00-05:00,187.8350067138672,188.16000366210938,187.80999755859375,187.84500122070312,276481.0
2026-01-29 11:37:00-05:00,187.84649658203125,188.01010131835938,187.77499389648438,187.77999877929688,217056.0
2026-01-29 11:38:00-05:00,187.78500366210938,188.03509521484375,187.76010131835938,187.92999267578125,171519.0
2026-01-29 11:39:00-05:00,187.92999267578125,188.02000427246094,187.7899932861328,187.8249969482422,164208.0
2026-01-29 11:40:00-05:00,187.82000732421875,187.94000244140625,187.77999877929688,187.8300018310547,184726.0
2026-01-29 11:41:00-05:00,187.80999755859375,187.94000244140625,187.69000244140625,187.77499389648438,247386.0
2026-01-29 11:42:00-05:00,187.77999877929688,187.9600067138672,187.77000427246094,187.95989990234375,163527.0
2026-01-29 11:43:00-05:00,187.9499969482422,188.02999877929688,187.77000427246094,187.81500244140625,178548.0
2026-01-29 11:44:00-05:00,187.8300018310547,187.9499969482422,187.8000030517578,187.9250030517578,198357.0
2026-01-29 11:45:00-05:00,187.92999267578125,188.09500122070312,187.86419677734375,188.02999877929688,239082.0
2026-01-29 11:46:00-05:00,188.0399932861328,188.2689971923828,188.02999877929688,188.23500061035156,324245.0
2026-01-29 11:47:00-05:00,188.2550048828125,188.47999572753906,188.2200927734375,188.375,319930.0
2026-01-29 11:48:00-05:00,188.375,188.4199981689453,188.1750030517578,188.1750030517578,266033.0
2026-01-29 11:49:00-05:00,188.17999267578125,188.19500732421875,188.01499938964844,188.0749969482422,271507.0
2026-01-29 11:50:00-05:00,188.07000732421875,188.20419311523438,188.0399932861328,188.15499877929688,208202.0
2026-01-29 11:51:00-05:00,188.15499877929688,188.22000122070312,188.03250122070312,188.13499450683594,194097.0
2026-01-29 11:52:00-05:00,188.13999938964844,188.27000427246094,188.11500549316406,188.19500732421875,222685.0
2026-01-29 11:53:00-05:00,188.19000244140625,188.3249969482422,188.14500427246094,188.25999450683594,200870.0
2026-01-29 11:54:00-05:00,188.26499938964844,188.29989624023438,188.1699981689453,188.1699981689453,169375.0
2026-01-29 11:55:00-05:00,188.17999267578125,188.32000732421875,188.12010192871094,188.13499450683594,204553.0
2026-01-29 11:56:00-05:00,188.13499450683594,188.22000122070312,188.07000732421875,188.16000366210938,166959.0
2026-01-29 11:57:00-05:00,188.14999389648438,188.17999267578125,187.92999267578125,187.97999572753906,210968.0
2026-01-29 11:58:00-05:00,187.97999572753906,187.9990997314453,187.8520965576172,187.89999389648438,208661.0
2026-01-29 11:59:00-05:00,187.91000366210938,188.1566925048828,187.86500549316406,188.10499572753906,216963.0
2026-01-29 12:00:00-05:00,188.10000610351562,188.3800048828125,188.02000427246094,188.30239868164062,230113.0
2026-01-29 12:01:00-05:00,188.3101043701172,188.47000122070312,188.27000427246094,188.3199005126953,177906.0
2026-01-29 12:02:00-05:00,188.3000946044922,188.47999572753906,188.27740478515625,188.4499969482422,211834.0
2026-01-29 12:03:00-05:00,188.44580078125,188.6199951171875,188.44000244140625,188.47500610351562,241097.0
2026-01-29 12:04:00-05:00,188.48500061035156,188.48500061035156,188.3350067138672,188.34500122070312,191484.0
2026-01-29 12:05:00-05:00,188.34500122070312,188.47999572753906,188.13499450683594,188.14999389648438,196514.0
2026-01-29 12:06:00-05:00,188.13999938964844,188.3000946044922,188.1199951171875,188.24000549316406,181495.0
2026-01-29 12:07:00-05:00,188.22999572753906,188.39999389648438,188.22999572753906,188.3551025390625,148501.0
2026-01-29 12:08:00-05:00,188.35000610351562,188.40499877929688,188.26499938964844,188.3300018310547,171238.0
2026-01-29 12:09:00-05:00,188.3300018310547,188.3350067138672,188.24000549316406,188.2899932861328,116394.0
2026-01-29 12:10:00-05:00,188.27999877929688,188.34500122070312,188.22999572753906,188.27000427246094,115525.0
2026-01-29 12:11:00-05:00,188.27000427246094,188.42999267578125,188.26499938964844,188.39999389648438,114428.0
2026-01-29 12:12:00-05:00,188.39500427246094,188.5800018310547,188.35000610351562,188.53500366210938,171582.0
2026-01-29 12:13:00-05:00,188.53500366210938,188.77000427246094,188.53500366210938,188.7449951171875,247337.0
2026-01-29 12:14:00-05:00,188.75,188.7899932861328,188.67999267578125,188.72500610351562,194287.0
2026-01-29 12:15:00-05:00,188.72999572753906,188.9499969482422,188.72000122070312,188.94009399414062,252465.0
2026-01-29 12:16:00-05:00,188.94500732421875,189.05990600585938,188.86000061035156,189.04330444335938,297878.0
2026-01-29 12:17:00-05:00,189.05999755859375,189.1300048828125,189.0,189.0500030517578,241234.0
2026-01-29 12:18:00-05:00,189.05999755859375,189.22000122070312,188.97999572753906,189.2100067138672,214810.0
2026-01-29 12:19:00-05:00,189.21499633789062,189.2899932861328,189.1334991455078,189.21009826660156,294659.0
2026-01-29 12:20:00-05:00,189.22000122070312,189.35000610351562,189.1699981689453,189.30499267578125,223457.0
2026-01-29 12:21:00-05:00,189.31500244140625,189.375,189.2899932861328,189.31500244140625,196832.0
2026-01-29 12:22:00-05:00,189.31500244140625,189.4683074951172,189.25999450683594,189.46499633789062,170513.0
2026-01-29 12:23:00-05:00,189.4600067138672,189.76980590820312,189.40499877929688,189.72560119628906,345361.0
2026-01-29 12:24:00-05:00,189.72500610351562,189.76499938964844,189.50010681152344,189.5998992919922,336070.0
2026-01-29 12:25:00-05:00,189.60000610351562,189.80999755859375,189.5933074951172,189.77499389648438,265966.0
2026-01-29 12:26:00-05:00,189.77999877929688,189.80999755859375,189.6300048828125,189.69000244140625,246114.0
2026-01-29 12:27:00-05:00,189.67999267578125,189.82989501953125,189.63999938964844,189.82989501953125,220512.0
2026-01-29 12:28:00-05:00,189.8300018310547,189.83999633789062,189.69000244140625,189.72500610351562,224876.0
2026-01-29 12:29:00-05:00,189.72999572753906,189.80990600585938,189.4199981689453,189.5449981689453,324744.0
2026-01-29 12:30:00-05:00,189.5399932861328,189.7799072265625,189.49000549316406,189.61000061035156,225777.0
2026-01-29 12:31:00-05:00,189.6199951171875,189.7449951171875,189.55999755859375,189.72000122070312,179073.0
2026-01-29 12:32:00-05:00,189.7301025390625,189.85000610351562,189.6699981689453,189.8300018310547,254564.0
2026-01-29 12:33:00-05:00,189.8300018310547,189.8350067138672,189.6501007080078,189.67950439453125,193297.0
2026-01-29 12:34:00-05:00,189.6750030517578,189.7949981689453,189.6699981689453,189.77499389648438,203463.0
2026-01-29 12:35:00-05:00,189.77499389648438,189.8300018310547,189.74000549316406,189.8300018310547,183486.0
2026-01-29 12:36:00-05:00,189.8300018310547,189.92999267578125,189.76499938964844,189.90499877929688,245124.0
2026-01-29 12:37:00-05:00,189.9149932861328,190.0050048828125,189.8800048828125,189.9199981689453,319423.0
2026-01-29 12:38:00-05:00,189.91000366210938,190.0,189.8800048828125,189.89500427246094,194745.0
2026-01-29 12:39:00-05:00,189.89999389648438,189.9199981689453,189.8000030517578,189.83189392089844,222199.0
2026-01-29 12:40:00-05:00,189.8300018310547,189.8800048828125,189.67999267578125,189.69500732421875,198373.0
2026-01-29 12:41:00-05:00,189.69000244140625,189.80999755859375,189.6699981689453,189.7899932861328,218163.0
2026-01-29 12:42:00-05:00,189.8000030517578,189.82510375976562,189.5800018310547,189.61000061035156,221356.0
2026-01-29 12:43:00-05:00,189.60499572753906,189.63499450683594,189.46339416503906,189.5749969482422,237234.0
2026-01-29 12:44:00-05:00,189.58009338378906,189.72999572753906,189.57000732421875,189.66000366210938,222693.0
2026-01-29 12:45:00-05:00,189.6699981689453,189.6699981689453,189.4600067138672,189.47999572753906,164381.0
2026-01-29 12:46:00-05:00,189.47500610351562,189.5500030517578,189.41000366210938,189.43499755859375,204655.0
2026-01-29 12:47:00-05:00,189.42999267578125,189.50999450683594,189.33999633789062,189.35499572753906,178405.0
2026-01-29 12:48:00-05:00,189.35980224609375,189.51499938964844,189.35000610351562,189.45449829101562,173197.0
2026-01-29 12:49:00-05:00,189.4600067138672,189.84500122070312,189.4499969482422,189.77000427246094,289915.0
2026-01-29 12:50:00-05:00,189.75999450683594,189.82000732421875,189.57000732421875,189.67999267578125,235931.0
2026-01-29 12:51:00-05:00,189.6699981689453,189.6999969482422,189.55499267578125,189.5800018310547,142342.0
2026-01-29 12:52:00-05:00,189.5800018310547,189.6300048828125,189.3800048828125,189.43499755859375,206018.0
2026-01-29 12:53:00-05:00,189.4149932861328,189.48500061035156,189.3000030517578,189.36500549316406,261001.0
2026-01-29 12:54:00-05:00,189.36000061035156,189.3800048828125,189.27999877929688,189.30499267578125,189679.0
2026-01-29 12:55:00-05:00,189.2899932861328,189.47999572753906,189.24000549316406,189.2899932861328,259602.0
2026-01-29 12:56:00-05:00,189.27000427246094,189.50320434570312,189.1699981689453,189.42990112304688,247325.0
2026-01-29 12:57:00-05:00,189.44000244140625,189.49989318847656,189.3000030517578,189.34010314941406,191077.0
2026-01-29 12:58:00-05:00,189.33999633789062,189.44000244140625,189.27999877929688,189.43499755859375,159501.0
2026-01-29 12:59:00-05:00,189.42999267578125,189.42999267578125,189.19000244140625,189.33990478515625,131499.0
2026-01-29 13:00:00-05:00,189.33999633789062,189.75999450683594,189.32989501953125,189.6300048828125,333368.0
2026-01-29 13:01:00-05:00,189.64999389648438,189.85000610351562,189.5800018310547,189.84500122070312,212385.0
2026-01-29 13:02:00-05:00,189.85000610351562,189.97999572753906,189.77999877929688,189.97500610351562,253657.0
2026-01-29 13:03:00-05:00,189.97999572753906,190.3470001220703,189.97999572753906,190.1967010498047,350696.0
2026-01-29 13:04:00-05:00,190.22000122070312,190.35000610351562,190.16000366210938,190.24000549316406,219637.0
2026-01-29 13:05:00-05:00,190.24000549316406,190.35000610351562,190.20010375976562,190.34500122070312,187479.0
2026-01-29 13:06:00-05:00,190.34500122070312,190.4499969482422,190.3000030517578,190.38499450683594,231706.0
2026-01-29 13:07:00-05:00,190.39500427246094,190.39990234375,190.2100067138672,190.22999572753906,240542.0
2026-01-29 13:08:00-05:00,190.235107421875,190.30999755859375,190.16000366210938,190.1699981689453,194793.0
2026-01-29 13:09:00-05:00,190.1699981689453,190.25,190.05499267578125,190.21499633789062,196496.0
2026-01-29 13:10:00-05:00,190.21499633789062,190.35000610351562,190.1999969482422,190.3249969482422,218551.0
2026-01-29 13:11:00-05:00,190.3249969482422,190.5500030517578,190.3000030517578,190.5500030517578,311002.0
2026-01-29 13:12:00-05:00,190.55999755859375,190.63499450683594,190.49000549316406,190.5399932861328,256971.0
2026-01-29 13:13:00-05:00,190.53500366210938,190.63999938964844,190.52499389648438,190.6199951171875,182705.0
2026-01-29 13:14:00-05:00,190.61500549316406,190.69000244140625,190.55999755859375,190.6199951171875,204989.0
2026-01-29 13:15:00-05:00,190.61000061035156,190.64500427246094,190.44000244140625,190.4698944091797,196332.0
2026-01-29 13:16:00-05:00,190.4636993408203,190.5399932861328,190.22000122070312,190.24000549316406,237123.0
2026-01-29 13:17:00-05:00,190.24000549316406,190.28990173339844,190.0625,190.07029724121094,260010.0
2026-01-29 13:18:00-05:00,190.0749969482422,190.1300048828125,190.00999450683594,190.02499389648438,178696.0
2026-01-29 13:19:00-05:00,190.01499938964844,190.0449981689453,189.91000366210938,190.01499938964844,194300.0
2026-01-29 13:20:00-05:00,190.02000427246094,190.1300048828125,189.97000122070312,189.98629760742188,210183.0
2026-01-29 13:21:00-05:00,189.97999572753906,190.0050048828125,189.8300018310547,189.9149932861328,218196.0
2026-01-29 13:22:00-05:00,189.92999267578125,190.0,189.83999633789062,189.9199981689453,177296.0
2026-01-29 13:23:00-05:00,189.9199981689453,190.00999450683594,189.88009643554688,189.99000549316406,154351.0
2026-01-29 13:24:00-05:00,189.98500061035156,190.19000244140625,189.92999267578125,190.1750030517578,168513.0
2026-01-29 13:25:00-05:00,190.1699981689453,190.27000427246094,190.1300048828125,190.22999572753906,197250.0
2026-01-29 13:26:00-05:00,190.2342071533203,190.2899932861328,190.10000610351562,190.16000366210938,151512.0
2026-01-29 13:27:00-05:00,190.1699981689453,190.18499755859375,190.0850067138672,190.1199951171875,140045.0
2026-01-29 13:28:00-05:00,190.125,190.18299865722656,190.0500030517578,190.16990661621094,152295.0
2026-01-29 13:29:00-05:00,190.1737060546875,190.2100067138672,190.05499267578125,190.05499267578125,149946.0
2026-01-29 13:30:00-05:00,190.05999755859375,190.0800018310547,189.8800048828125,189.93499755859375,236758.0
2026-01-29 13:31:00-05:00,189.92999267578125,190.08999633789062,189.88999938964844,190.00999450683594,162548.0
2026-01-29 13:32:00-05:00,190.00999450683594,190.1199951171875,189.9499969482422,189.97000122070312,139550.0
2026-01-29 13:33:00-05:00,189.96499633789062,190.0,189.82899475097656,189.8350067138672,168830.0
2026-01-29 13:34:00-05:00,189.84100341796875,189.90499877929688,189.77999877929688,189.8800048828125,161430.0
2026-01-29 13:35:00-05:00,189.8699951171875,189.97000122070312,189.7949981689453,189.86300659179688,219543.0
2026-01-29 13:36:00-05:00,189.86500549316406,189.94000244140625,189.7050018310547,189.75369262695312,190231.0
2026-01-29 13:37:00-05:00,189.77000427246094,189.97000122070312,189.7532958984375,189.9499969482422,136245.0
2026-01-29 13:38:00-05:00,189.94509887695312,190.10000610351562,189.89500427246094,190.10000610351562,167189.0
2026-01-29 13:39:00-05:00,190.10000610351562,190.1999969482422,190.0800018310547,190.19000244140625,223406.0
2026-01-29 13:40:00-05:00,190.1999969482422,190.43499755859375,190.19000244140625,190.2808074951172,300414.0
2026-01-29 13:41:00-05:00,190.2801055908203,190.4149932861328,190.2550048828125,190.2949981689453,176212.0
2026-01-29 13:42:00-05:00,190.2949981689453,190.35000610351562,190.13999938964844,190.24020385742188,185174.0
2026-01-29 13:43:00-05:00,190.2449951171875,190.38999938964844,190.22500610351562,190.375,145407.0
2026-01-29 13:44:00-05:00,190.375,190.38999938964844,190.27999877929688,190.2949981689453,143447.0
2026-01-29 13:45:00-05:00,190.30999755859375,190.34500122070312,190.19000244140625,190.2050018310547,151740.0
2026-01-29 13:46:00-05:00,190.19500732421875,190.25999450683594,190.1199951171875,190.2050018310547,161990.0
2026-01-29 13:47:00-05:00,190.21499633789062,190.27000427246094,190.19000244140625,190.1999969482422,107465.0
2026-01-29 13:48:00-05:00,190.2050018310547,190.32009887695312,190.19500732421875,190.26499938964844,137505.0
2026-01-29 13:49:00-05:00,190.25999450683594,190.3699951171875,190.25,190.35000610351562,158735.0
2026-01-29 13:50:00-05:00,190.35499572753906,190.52999877929688,190.35009765625,190.3699951171875,285256.0
2026-01-29 13:51:00-05:00,190.36000061035156,190.39999389648438,190.3101043701172,190.33999633789062,159027.0
2026-01-29 13:52:00-05:00,190.34719848632812,190.42999267578125,190.27999877929688,190.30999755859375,187784.0
2026-01-29 13:53:00-05:00,190.30999755859375,190.35009765625,190.27000427246094,190.31500244140625,148637.0
2026-01-29 13:54:00-05:00,190.30999755859375,190.37989807128906,190.27999877929688,190.360107421875,147606.0
2026-01-29 13:55:00-05:00,190.35499572753906,190.47000122070312,190.3175048828125,190.4199981689453,196476.0
2026-01-29 13:56:00-05:00,190.4250030517578,190.4250030517578,190.32510375976562,190.375,133262.0
2026-01-29 13:57:00-05:00,190.3699951171875,190.44000244140625,190.33999633789062,190.39999389648438,206303.0
2026-01-29 13:58:00-05:00,190.38999938964844,190.5399932861328,190.38999938964844,190.4149932861328,202379.0
2026-01-29 13:59:00-05:00,190.4199981689453,190.57000732421875,190.375,190.51499938964844,173550.0
2026-01-29 14:00:00-05:00,190.50999450683594,190.60499572753906,190.4199981689453,190.60000610351562,182630.0
2026-01-29 14:01:00-05:00,190.61000061035156,190.64999389648438,190.38999938964844,190.52000427246094,241927.0
2026-01-29 14:02:00-05:00,190.51019287109375,190.60000610351562,190.4600067138672,190.539306640625,142707.0
2026-01-29 14:03:00-05:00,190.5500030517578,190.55999755859375,190.1925048828125,190.22000122070312,209754.0
2026-01-29 14:04:00-05:00,190.22000122070312,190.26499938964844,190.16000366210938,190.24000549316406,146887.0
2026-01-29 14:05:00-05:00,190.24000549316406,190.6750030517578,190.22500610351562,190.6649932861328,246339.0
2026-01-29 14:06:00-05:00,190.66000366210938,190.77999877929688,190.62010192871094,190.6750030517578,230893.0
2026-01-29 14:07:00-05:00,190.67300415039062,190.73989868164062,190.61000061035156,190.7050018310547,122552.0
2026-01-29 14:08:00-05:00,190.7050018310547,190.74000549316406,190.52000427246094,190.55999755859375,199180.0
2026-01-29 14:09:00-05:00,190.5699005126953,190.58999633789062,190.47000122070312,190.49989318847656,125060.0
2026-01-29 14:10:00-05:00,190.4949951171875,190.50999450683594,190.41000366210938,190.4550018310547,154949.0
2026-01-29 14:11:00-05:00,190.46499633789062,190.5699005126953,190.4199981689453,190.50010681152344,138407.0
2026-01-29 14:12:00-05:00,190.5050048828125,190.5749969482422,190.48500061035156,190.5050048828125,107217.0
2026-01-29 14:13:00-05:00,190.5050048828125,190.53990173339844,190.45469665527344,190.4550018310547,89581.0
2026-01-29 14:14:00-05:00,190.4600067138672,190.58999633789062,190.4499969482422,190.5850067138672,97486.0
2026-01-29 14:15:00-05:00,190.58999633789062,190.64999389648438,190.52000427246094,190.55419921875,126586.0
2026-01-29 14:16:00-05:00,190.55999755859375,190.7220001220703,190.50999450683594,190.7220001220703,132773.0
2026-01-29 14:17:00-05:00,190.7100067138672,190.7169952392578,190.58009338378906,190.66000366210938,120544.0
2026-01-29 14:18:00-05:00,190.6649932861328,190.7100067138672,190.60499572753906,190.65499877929688,153402.0
2026-01-29 14:19:00-05:00,190.648193359375,190.65199279785156,190.4001007080078,190.4600067138672,158621.0
2026-01-29 14:20:00-05:00,190.4499969482422,190.52999877929688,190.38999938964844,190.40499877929688,115744.0
2026-01-29 14:21:00-05:00,190.41000366210938,190.49830627441406,190.39999389648438,190.45010375976562,88496.0
2026-01-29 14:22:00-05:00,190.4550018310547,190.47579956054688,190.39999389648438,190.43499755859375,99942.0
2026-01-29 14:23:00-05:00,190.43499755859375,190.4600067138672,190.3800048828125,190.42999267578125,89050.0
2026-01-29 14:24:00-05:00,190.42999267578125,190.47000122070312,190.38999938964844,190.4600067138672,94210.0
2026-01-29 14:25:00-05:00,190.46499633789062,190.49000549316406,190.3800048828125,190.39010620117188,90469.0
2026-01-29 14:26:00-05:00,190.39999389648438,190.52000427246094,190.35000610351562,190.4499969482422,118784.0
2026-01-29 14:27:00-05:00,190.4499969482422,190.4600067138672,190.38999938964844,190.4550018310547,78564.0
2026-01-29 14:28:00-05:00,190.4550018310547,190.45700073242188,190.3300018310547,190.35499572753906,122201.0
2026-01-29 14:29:00-05:00,190.35499572753906,190.38499450683594,190.30999755859375,190.36000061035156,90506.0
2026-01-29 14:30:00-05:00,190.36000061035156,190.5500030517578,190.17999267578125,190.20010375976562,267052.0
2026-01-29 14:31:00-05:00,190.20010375976562,190.50999450683594,190.1649932861328,190.44500732421875,161060.0
2026-01-29 14:32:00-05:00,190.4532928466797,190.47000122070312,190.19000244140625,190.2100067138672,152945.0
2026-01-29 14:33:00-05:00,190.21499633789062,190.33999633789062,190.1649932861328,190.29510498046875,142864.0
2026-01-29 14:34:00-05:00,190.2899932861328,190.3300018310547,190.1699981689453,190.19500732421875,153743.0
2026-01-29 14:35:00-05:00,190.2050018310547,190.35009765625,190.13999938964844,190.2550048828125,148149.0
2026-01-29 14:36:00-05:00,190.25999450683594,190.2803955078125,190.1300048828125,190.17999267578125,112137.0
2026-01-29 14:37:00-05:00,190.17999267578125,190.25,190.1199951171875,190.22500610351562,101893.0
2026-01-29 14:38:00-05:00,190.22500610351562,190.22500610351562,190.05999755859375,190.19000244140625,135160.0
2026-01-29 14:39:00-05:00,190.18499755859375,190.36500549316406,190.17999267578125,190.3300018310547,139543.0
2026-01-29 14:40:00-05:00,190.32009887695312,190.47000122070312,190.32009887695312,190.4425048828125,171425.0
2026-01-29 14:41:00-05:00,190.44000244140625,190.52940368652344,190.39999389648438,190.42999267578125,151443.0
2026-01-29 14:42:00-05:00,190.44000244140625,190.49000549316406,190.41000366210938,190.42649841308594,108840.0
2026-01-29 14:43:00-05:00,190.43499755859375,190.44509887695312,190.25,190.2949981689453,126928.0
2026-01-29 14:44:00-05:00,190.31069946289062,190.3350067138672,190.1999969482422,190.22500610351562,122565.0
2026-01-29 14:45:00-05:00,190.22000122070312,190.35000610351562,190.2100067138672,190.272705078125,110303.0
2026-01-29 14:46:00-05:00,190.27999877929688,190.32899475097656,190.22999572753906,190.28500366210938,93918.0
2026-01-29 14:47:00-05:00,190.28500366210938,190.3000030517578,190.24000549316406,190.26499938964844,93629.0
2026-01-29 14:48:00-05:00,190.27000427246094,190.2834014892578,190.17999267578125,190.19500732421875,121405.0
2026-01-29 14:49:00-05:00,190.1999969482422,190.1999969482422,190.02000427246094,190.05999755859375,161107.0
2026-01-29 14:50:00-05:00,190.10000610351562,190.2700958251953,190.07330322265625,190.26499938964844,155695.0
2026-01-29 14:51:00-05:00,190.25999450683594,190.35009765625,190.22000122070312,190.32009887695312,153943.0
2026-01-29 14:52:00-05:00,190.3300018310547,190.4199981689453,190.2769012451172,190.3000030517578,181168.0
2026-01-29 14:53:00-05:00,190.30999755859375,190.47000122070312,190.30999755859375,190.47000122070312,123255.0
2026-01-29 14:54:00-05:00,190.4600067138672,190.64500427246094,190.4600067138672,190.5749969482422,238300.0
2026-01-29 14:55:00-05:00,190.57000732421875,190.77999877929688,190.57000732421875,190.6898956298828,261804.0
2026-01-29 14:56:00-05:00,190.6750030517578,190.69000244140625,190.5142059326172,190.54510498046875,160585.0
2026-01-29 14:57:00-05:00,190.54739379882812,190.6300048828125,190.52999877929688,190.60499572753906,149758.0
2026-01-29 14:58:00-05:00,190.6199951171875,190.63999938964844,190.52000427246094,190.52999877929688,136976.0
2026-01-29 14:59:00-05:00,190.5399932861328,190.72500610351562,190.51499938964844,190.5800018310547,172341.0
2026-01-29 15:00:00-05:00,190.5800018310547,190.61990356445312,190.43060302734375,190.60499572753906,227563.0
2026-01-29 15:01:00-05:00,190.60499572753906,190.77000427246094,190.59010314941406,190.7100067138672,329734.0
2026-01-29 15:02:00-05:00,190.6999969482422,190.73500061035156,190.47999572753906,190.50999450683594,184412.0
2026-01-29 15:03:00-05:00,190.5,190.6300048828125,190.47500610351562,190.61000061035156,155295.0
2026-01-29 15:04:00-05:00,190.60000610351562,190.6699981689453,190.49000549316406,190.4949951171875,144676.0
2026-01-29 15:05:00-05:00,190.49749755859375,190.5,190.3699951171875,190.40440368652344,197635.0
2026-01-29 15:06:00-05:00,190.40330505371094,190.47999572753906,190.375,190.47999572753906,144326.0
2026-01-29 15:07:00-05:00,190.48199462890625,190.6750030517578,190.47030639648438,190.6300048828125,187048.0
2026-01-29 15:08:00-05:00,190.6300048828125,190.75999450683594,190.6300048828125,190.71629333496094,148335.0
2026-01-29 15:09:00-05:00,190.72500610351562,190.85000610351562,190.69000244140625,190.84500122070312,237760.0
2026-01-29 15:10:00-05:00,190.83999633789062,190.9600067138672,190.8300018310547,190.8802032470703,273777.0
2026-01-29 15:11:00-05:00,190.889404296875,190.97000122070312,190.80999755859375,190.96499633789062,192387.0
2026-01-29 15:12:00-05:00,190.96499633789062,191.00999450683594,190.8699951171875,190.8863067626953,339482.0
2026-01-29 15:13:00-05:00,190.8800048828125,191.07000732421875,190.86000061035156,191.03990173339844,183913.0
2026-01-29 15:14:00-05:00,191.02999877929688,191.2899932861328,191.02999877929688,191.1300048828125,270703.0
2026-01-29 15:15:00-05:00,191.11000061035156,191.36500549316406,191.08999633789062,191.2899932861328,36088194.0
2026-01-29 15:16:00-05:00,191.28500366210938,191.3300018310547,191.24000549316406,191.2449951171875,0.0
2026-01-29 15:17:00-05:00,191.25,191.41000366210938,191.2100067138672,191.27000427246094,277760.0
2026-01-29 15:18:00-05:00,191.25,191.42999267578125,191.21499633789062,191.39370727539062,272219.0
2026-01-29 15:19:00-05:00,191.39500427246094,191.4499969482422,191.27999877929688,191.3300018310547,233852.0
2026-01-29 15:20:00-05:00,191.3302001953125,191.33999633789062,191.16000366210938,191.2100067138672,232370.0
2026-01-29 15:21:00-05:00,191.1999969482422,191.27000427246094,191.05999755859375,191.0699005126953,202786.0
2026-01-29 15:22:00-05:00,191.07000732421875,191.27000427246094,191.05999755859375,191.1649932861328,231526.0
2026-01-29 15:23:00-05:00,191.1649932861328,191.25999450683594,191.15499877929688,191.22500610351562,116323.0
2026-01-29 15:24:00-05:00,191.22509765625,191.3000030517578,191.1300048828125,191.19009399414062,138668.0
2026-01-29 15:25:00-05:00,191.19000244140625,191.27000427246094,191.16000366210938,191.25,124632.0
2026-01-29 15:26:00-05:00,191.24000549316406,191.24009704589844,191.09500122070312,191.11000061035156,164439.0
2026-01-29 15:27:00-05:00,191.1199951171875,191.2949981689453,191.11000061035156,191.19000244140625,182631.0
2026-01-29 15:28:00-05:00,191.1999969482422,191.27499389648438,191.0800018310547,191.08009338378906,142442.0
2026-01-29 15:29:00-05:00,191.08999633789062,191.10650634765625,190.91000366210938,190.94500732421875,247677.0
2026-01-29 15:30:00-05:00,190.93499755859375,191.0,190.8699951171875,190.875,259569.0
2026-01-29 15:31:00-05:00,190.8699951171875,191.14500427246094,190.86000061035156,191.0366973876953,189623.0
2026-01-29 15:32:00-05:00,191.0399932861328,191.08999633789062,190.93499755859375,190.97000122070312,165650.0
2026-01-29 15:33:00-05:00,190.9600067138672,191.50999450683594,190.9600067138672,191.22999572753906,392622.0
2026-01-29 15:34:00-05:00,191.22999572753906,191.3699951171875,191.08999633789062,191.2198944091797,283615.0
2026-01-29 15:35:00-05:00,191.21499633789062,191.24000549316406,191.10899353027344,191.1699981689453,253828.0
2026-01-29 15:36:00-05:00,191.16000366210938,191.24169921875,191.125,191.16000366210938,215421.0
2026-01-29 15:37:00-05:00,191.14999389648438,191.43499755859375,191.07000732421875,191.43499755859375,308949.0
2026-01-29 15:38:00-05:00,191.44000244140625,191.52999877929688,191.30999755859375,191.5050048828125,511196.0
2026-01-29 15:39:00-05:00,191.5050048828125,191.67999267578125,191.44549560546875,191.4499969482422,325855.0
2026-01-29 15:40:00-05:00,191.4499969482422,191.60000610351562,191.36000061035156,191.5904998779297,339491.0
2026-01-29 15:41:00-05:00,191.58999633789062,191.58999633789062,191.10000610351562,191.10499572753906,411382.0
2026-01-29 15:42:00-05:00,191.11000061035156,191.4409942626953,191.10009765625,191.43499755859375,327242.0
2026-01-29 15:43:00-05:00,191.44000244140625,191.47000122070312,191.02000427246094,191.0449981689453,285197.0
2026-01-29 15:44:00-05:00,191.04010009765625,191.16000366210938,190.9250030517578,190.99000549316406,399262.0
2026-01-29 15:45:00-05:00,191.0,191.19500732421875,190.97000122070312,191.02999877929688,240617.0
2026-01-29 15:46:00-05:00,191.02999877929688,191.11160278320312,190.92999267578125,190.9600067138672,300854.0
2026-01-29 15:47:00-05:00,190.97000122070312,191.0850067138672,190.8800048828125,191.02999877929688,208424.0
2026-01-29 15:48:00-05:00,191.02999877929688,191.19000244140625,191.01010131835938,191.125,193773.0
2026-01-29 15:49:00-05:00,191.1199951171875,191.1999969482422,191.02999877929688,191.1199951171875,184251.0
2026-01-29 15:50:00-05:00,191.1300048828125,191.75999450683594,191.1300048828125,191.69000244140625,536000.0
2026-01-29 15:51:00-05:00,191.6999969482422,191.8000030517578,191.56500244140625,191.63499450683594,364694.0
2026-01-29 15:52:00-05:00,191.63499450683594,191.91000366210938,191.57000732421875,191.90499877929688,367928.0
2026-01-29 15:53:00-05:00,191.89999389648438,191.99000549316406,191.8300018310547,191.94000244140625,380155.0
2026-01-29 15:54:00-05:00,191.94000244140625,191.9499969482422,191.7100067138672,191.85000610351562,451549.0
2026-01-29 15:55:00-05:00,191.85000610351562,192.22000122070312,191.77000427246094,192.13499450683594,809192.0
2026-01-29 15:56:00-05:00,192.13499450683594,192.33999633789062,192.10000610351562,192.30580139160156,652006.0
2026-01-29 15:57:00-05:00,192.30999755859375,192.5500030517578,192.25,192.5500030517578,621864.0
2026-01-29 15:58:00-05:00,192.55499267578125,192.75,192.47999572753906,192.7299041748047,803470.0
2026-01-29 15:59:00-05:00,192.72500610351562,192.77000427246094,192.36000061035156,192.42999267578125,1824926.0
2026-01-30 09:30:00-05:00,191.21499633789062,192.44000244140625,190.90960693359375,192.24000549316406,3780153.0
2026-01-30 09:31:00-05:00,192.1999969482422,192.3000030517578,191.718994140625,192.1999969482422,446754.0
2026-01-30 09:32:00-05:00,192.15499877929688,192.5399932861328,191.3000030517578,191.4149932861328,623297.0
2026-01-30 09:33:00-05:00,191.37010192871094,192.0399932861328,191.33999633789062,191.97000122070312,390756.0
2026-01-30 09:34:00-05:00,191.94000244140625,192.47000122070312,191.80999755859375,192.3800048828125,494539.0
2026-01-30 09:35:00-05:00,192.35000610351562,192.4600067138672,192.14999389648438,192.44000244140625,436316.0
2026-01-30 09:36:00-05:00,192.4149932861328,192.4499969482422,191.8800048828125,192.07000732421875,383811.0
2026-01-30 09:37:00-05:00,192.07000732421875,192.11000061035156,191.39999389648438,191.77999877929688,450094.0
2026-01-30 09:38:00-05:00,191.75999450683594,191.92999267578125,191.60000610351562,191.78379821777344,306422.0
2026-01-30 09:39:00-05:00,191.8000030517578,192.52999877929688,191.8000030517578,192.45680236816406,565826.0
2026-01-30 09:40:00-05:00,192.44000244140625,192.89999389648438,192.17999267578125,192.67999267578125,574726.0
2026-01-30 09:41:00-05:00,192.64999389648438,192.92820739746094,192.47999572753906,192.80499267578125,455237.0
2026-01-30 09:42:00-05:00,192.7899932861328,192.97999572753906,192.4600067138672,192.55999755859375,383534.0
2026-01-30 09:43:00-05:00,192.5399932861328,192.5399932861328,192.0800018310547,192.18499755859375,468211.0
2026-01-30 09:44:00-05:00,192.19000244140625,192.5,192.05999755859375,192.36000061035156,313930.0
2026-01-30 09:45:00-05:00,192.35000610351562,192.3800048828125,191.9600067138672,192.00010681152344,400429.0
2026-01-30 09:46:00-05:00,192.02999877929688,192.0800018310547,191.75010681152344,191.97999572753906,356226.0
2026-01-30 09:47:00-05:00,191.97999572753906,192.4416046142578,191.88999938964844,192.19500732421875,399233.0
2026-01-30 09:48:00-05:00,192.22999572753906,192.27999877929688,192.0135040283203,192.0135040283203,319153.0
2026-01-30 09:49:00-05:00,192.00999450683594,192.4091033935547,192.00999450683594,192.2299041748047,346276.0
2026-01-30 09:50:00-05:00,192.22000122070312,192.75999450683594,192.22000122070312,192.63999938964844,359219.0
2026-01-30 09:51:00-05:00,192.63999938964844,192.88999938964844,192.4700927734375,192.56370544433594,334119.0
2026-01-30 09:52:00-05:00,192.57000732421875,192.80999755859375,192.47999572753906,192.6300048828125,331318.0
2026-01-30 09:53:00-05:00,192.6199951171875,192.6750030517578,192.30999755859375,192.42999267578125,319021.0
2026-01-30 09:54:00-05:00,192.44000244140625,192.44000244140625,192.02000427246094,192.14010620117188,369199.0
2026-01-30 09:55:00-05:00,192.17999267578125,192.58999633789062,192.08999633789062,192.41990661621094,313727.0
2026-01-30 09:56:00-05:00,192.4199981689453,192.45989990234375,192.0399932861328,192.25,302810.0
2026-01-30 09:57:00-05:00,192.27999877929688,192.32000732421875,192.11000061035156,192.1300048828125,183152.0
2026-01-30 09:58:00-05:00,192.1300048828125,192.2949981689453,191.77999877929688,191.77999877929688,381673.0
2026-01-30 09:59:00-05:00,191.78500366210938,191.78500366210938,191.33999633789062,191.6199951171875,565260.0
2026-01-30 10:00:00-05:00,191.6199951171875,191.86000061035156,191.44000244140625,191.58999633789062,359741.0
2026-01-30 10:01:00-05:00,191.60000610351562,191.9149932861328,191.4949951171875,191.875,312765.0
2026-01-30 10:02:00-05:00,191.8800048828125,192.05999755859375,191.52000427246094,191.6199951171875,383631.0
2026-01-30 10:03:00-05:00,191.61990356445312,192.25,191.56500244140625,192.01510620117188,429194.0
2026-01-30 10:04:00-05:00,192.02999877929688,192.14869689941406,191.88999938964844,191.9199981689453,308628.0
2026-01-30 10:05:00-05:00,191.92999267578125,192.11000061035156,191.85000610351562,191.9199981689453,283236.0
2026-01-30 10:06:00-05:00,191.94000244140625,192.34750366210938,191.94000244140625,192.2899932861328,344101.0
2026-01-30 10:07:00-05:00,192.2899932861328,192.3800048828125,192.05499267578125,192.21499633789062,231401.0
2026-01-30 10:08:00-05:00,192.23500061035156,192.24000549316406,191.86000061035156,191.90499877929688,227047.0
2026-01-30 10:09:00-05:00,191.91000366210938,192.15499877929688,191.80999755859375,192.14500427246094,249339.0
2026-01-30 10:10:00-05:00,192.14990234375,192.3699951171875,192.08999633789062,192.26499938964844,328006.0
2026-01-30 10:11:00-05:00,192.27999877929688,192.52000427246094,192.0399932861328,192.52000427246094,361993.0
2026-01-30 10:12:00-05:00,192.52499389648438,192.64999389648438,192.38999938964844,192.41000366210938,324980.0
2026-01-30 10:13:00-05:00,192.39990234375,192.52000427246094,192.30999755859375,192.4600067138672,222834.0
2026-01-30 10:14:00-05:00,192.47000122070312,192.47000122070312,192.08999633789062,192.2301025390625,250073.0
2026-01-30 10:15:00-05:00,192.22000122070312,192.41000366210938,192.17999267578125,192.34010314941406,258983.0
2026-01-30 10:16:00-05:00,192.35499572753906,192.72999572753906,192.35499572753906,192.6199951171875,390306.0
2026-01-30 10:17:00-05:00,192.61000061035156,192.9199981689453,192.52499389648438,192.85499572753906,427090.0
2026-01-30 10:18:00-05:00,192.85000610351562,193.17999267578125,192.8249969482422,193.1300048828125,725489.0
2026-01-30 10:19:00-05:00,193.12939453125,193.27000427246094,192.97000122070312,192.97239685058594,505312.0
2026-01-30 10:20:00-05:00,192.97000122070312,193.42999267578125,192.9199981689453,193.3699951171875,579970.0
2026-01-30 10:21:00-05:00,193.36500549316406,193.3699951171875,193.02000427246094,193.11000061035156,428157.0
2026-01-30 10:22:00-05:00,193.11000061035156,193.1750030517578,192.86000061035156,193.0050048828125,310783.0
2026-01-30 10:23:00-05:00,193.0,193.0,192.6199951171875,192.6649932861328,378162.0
2026-01-30 10:24:00-05:00,192.66439819335938,192.86630249023438,192.5749969482422,192.6750030517578,303856.0
2026-01-30 10:25:00-05:00,192.69000244140625,192.7550048828125,192.5601043701172,192.639892578125,303682.0
2026-01-30 10:26:00-05:00,192.64999389648438,192.65499877929688,192.16000366210938,192.2050018310547,385775.0
2026-01-30 10:27:00-05:00,192.20840454101562,192.40989685058594,192.10000610351562,192.16000366210938,329278.0
2026-01-30 10:28:00-05:00,192.16000366210938,192.1898956298828,191.86500549316406,191.88009643554688,368772.0
2026-01-30 10:29:00-05:00,191.8878936767578,191.9199981689453,191.50999450683594,191.65499877929688,408849.0
2026-01-30 10:30:00-05:00,191.64500427246094,191.6699981689453,191.22500610351562,191.3300018310547,443653.0
2026-01-30 10:31:00-05:00,191.34500122070312,191.77000427246094,191.2899932861328,191.7100067138672,444345.0
2026-01-30 10:32:00-05:00,191.69000244140625,191.9499969482422,191.68499755859375,191.8000030517578,324511.0
2026-01-30 10:33:00-05:00,191.8000030517578,192.17999267578125,191.8000030517578,192.01939392089844,413738.0
2026-01-30 10:34:00-05:00,192.02999877929688,192.35000610351562,192.01649475097656,192.28500366210938,371833.0
2026-01-30 10:35:00-05:00,192.2899932861328,193.10499572753906,192.25999450683594,193.09010314941406,706011.0
2026-01-30 10:36:00-05:00,193.10000610351562,193.1649932861328,192.74000549316406,192.77000427246094,399441.0
2026-01-30 10:37:00-05:00,192.77000427246094,192.94940185546875,192.67999267578125,192.92999267578125,282042.0
2026-01-30 10:38:00-05:00,192.97000122070312,193.02000427246094,192.7899932861328,192.91000366210938,270521.0
2026-01-30 10:39:00-05:00,192.90420532226562,193.0050048828125,192.8249969482422,192.96670532226562,252119.0
2026-01-30 10:40:00-05:00,192.9600067138672,193.13999938964844,192.8800048828125,192.88999938964844,315198.0
2026-01-30 10:41:00-05:00,192.89999389648438,193.2075958251953,192.86000061035156,193.06500244140625,283587.0
2026-01-30 10:42:00-05:00,193.0800018310547,193.24000549316406,193.07000732421875,193.1800994873047,259018.0
2026-01-30 10:43:00-05:00,193.16000366210938,193.281005859375,193.06500244140625,193.1300048828125,255388.0
2026-01-30 10:44:00-05:00,193.12969970703125,193.27000427246094,193.06500244140625,193.22000122070312,205127.0
2026-01-30 10:45:00-05:00,193.19500732421875,193.27000427246094,192.99000549316406,193.14999389648438,234994.0
2026-01-30 10:46:00-05:00,193.14999389648438,193.74000549316406,193.08999633789062,193.7100067138672,734749.0
2026-01-30 10:47:00-05:00,193.7100067138672,194.07000732421875,193.70010375976562,194.05499267578125,803951.0
2026-01-30 10:48:00-05:00,194.05499267578125,194.49000549316406,194.05499267578125,194.40499877929688,797269.0
2026-01-30 10:49:00-05:00,194.38999938964844,194.47000122070312,194.1999969482422,194.36500549316406,491165.0
2026-01-30 10:50:00-05:00,194.37989807128906,194.4199981689453,194.02999877929688,194.14990234375,447865.0
2026-01-30 10:51:00-05:00,194.14999389648438,194.15499877929688,193.72999572753906,194.00010681152344,552984.0
2026-01-30 10:52:00-05:00,194.02000427246094,194.02200317382812,193.74000549316406,193.91009521484375,312019.0
2026-01-30 10:53:00-05:00,193.91510009765625,193.91510009765625,193.23500061035156,193.55499267578125,569828.0
2026-01-30 10:54:00-05:00,193.55580139160156,193.74000549316406,193.39500427246094,193.7100067138672,296159.0
2026-01-30 10:55:00-05:00,193.72999572753906,193.83070373535156,193.52999877929688,193.59500122070312,343063.0
2026-01-30 10:56:00-05:00,193.60159301757812,193.74000549316406,193.5749969482422,193.6300048828125,210015.0
2026-01-30 10:57:00-05:00,193.63499450683594,193.63999938964844,193.32000732421875,193.5334930419922,343847.0
2026-01-30 10:58:00-05:00,193.5500030517578,193.77999877929688,193.47000122070312,193.6199951171875,358852.0
2026-01-30 10:59:00-05:00,193.6199951171875,193.9550018310547,193.58999633789062,193.69000244140625,535492.0
2026-01-30 11:00:00-05:00,193.72000122070312,193.86000061035156,193.55499267578125,193.75999450683594,268533.0
2026-01-30 11:01:00-05:00,193.82989501953125,193.91000366210938,193.5850067138672,193.5850067138672,15301738.0
2026-01-30 11:02:00-05:00,193.5850067138672,193.6999969482422,193.44000244140625,193.52999877929688,0.0
2026-01-30 11:03:00-05:00,193.55999755859375,193.5959014892578,193.13999938964844,193.30999755859375,264368.0
2026-01-30 11:04:00-05:00,193.31500244140625,193.3800048828125,192.97000122070312,193.0998992919922,358976.0
2026-01-30 11:05:00-05:00,193.10000610351562,193.21499633789062,192.94000244140625,192.96499633789062,245635.0
2026-01-30 11:06:00-05:00,192.97999572753906,193.3699951171875,192.94000244140625,193.35000610351562,251175.0
2026-01-30 11:07:00-05:00,193.3699951171875,193.40499877929688,193.10009765625,193.16000366210938,226100.0
2026-01-30 11:08:00-05:00,193.1649932861328,193.2200927734375,192.99000549316406,193.1699981689453,154365.0
2026-01-30 11:09:00-05:00,193.19000244140625,193.2362060546875,192.99000549316406,193.03500366210938,156090.0
2026-01-30 11:10:00-05:00,193.0399932861328,193.11000061035156,192.8699951171875,192.97999572753906,216540.0
2026-01-30 11:11:00-05:00,192.9600067138672,193.02999877929688,192.8699951171875,192.91000366210938,189226.0
2026-01-30 11:12:00-05:00,192.92999267578125,193.1999969482422,192.85000610351562,193.1302032470703,289968.0
2026-01-30 11:13:00-05:00,193.14999389648438,193.2299041748047,193.0399932861328,193.0800018310547,169522.0
2026-01-30 11:14:00-05:00,193.0800018310547,193.14500427246094,193.0050048828125,193.0399932861328,192202.0
2026-01-30 11:15:00-05:00,193.0399932861328,193.0500030517578,192.82000732421875,192.84010314941406,190626.0
2026-01-30 11:16:00-05:00,192.84170532226562,192.88999938964844,192.7100067138672,192.72999572753906,203954.0
2026-01-30 11:17:00-05:00,192.7209014892578,192.7899932861328,192.57000732421875,192.63929748535156,287751.0
2026-01-30 11:18:00-05:00,192.6300048828125,192.63999938964844,192.22999572753906,192.5050048828125,386061.0
2026-01-30 11:19:00-05:00,192.50999450683594,192.60499572753906,192.2899932861328,192.35000610351562,196889.0
2026-01-30 11:20:00-05:00,192.35000610351562,192.41000366210938,192.1300048828125,192.27980041503906,243060.0
2026-01-30 11:21:00-05:00,192.27000427246094,192.2899932861328,192.02000427246094,192.05999755859375,295995.0
2026-01-30 11:22:00-05:00,192.0601043701172,192.23500061035156,192.0399932861328,192.11500549316406,281095.0
2026-01-30 11:23:00-05:00,192.1199951171875,192.2550048828125,192.06500244140625,192.06509399414062,221227.0
2026-01-30 11:24:00-05:00,192.06500244140625,192.1300048828125,191.97000122070312,191.9949951171875,299673.0
2026-01-30 11:25:00-05:00,192.0,192.35499572753906,191.89999389648438,192.33999633789062,325621.0
2026-01-30 11:26:00-05:00,192.33999633789062,192.44000244140625,191.99000549316406,192.00999450683594,408462.0
2026-01-30 11:27:00-05:00,192.01499938964844,192.3800048828125,192.00999450683594,192.2801055908203,346704.0
2026-01-30 11:28:00-05:00,192.27049255371094,192.32000732421875,192.13999938964844,192.2100067138672,212099.0
2026-01-30 11:29:00-05:00,192.2050018310547,192.38999938964844,192.16000366210938,192.231201171875,256485.0
2026-01-30 11:30:00-05:00,192.2191925048828,192.40499877929688,192.1699981689453,192.38980102539062,178193.0
2026-01-30 11:31:00-05:00,192.3708953857422,192.47000122070312,192.30999755859375,192.46560668945312,198854.0
2026-01-30 11:32:00-05:00,192.4600067138672,192.72000122070312,192.26499938964844,192.68499755859375,290783.0
2026-01-30 11:33:00-05:00,192.68499755859375,192.8657989501953,192.52999877929688,192.5500030517578,227365.0
2026-01-30 11:34:00-05:00,192.57000732421875,192.6300048828125,192.3800048828125,192.3800048828125,224757.0
2026-01-30 11:35:00-05:00,192.39999389648438,192.44000244140625,192.2100067138672,192.40499877929688,248227.0
2026-01-30 11:36:00-05:00,192.40249633789062,192.47000122070312,192.1699981689453,192.27000427246094,190644.0
2026-01-30 11:37:00-05:00,192.27999877929688,192.67990112304688,192.22999572753906,192.67990112304688,197665.0
2026-01-30 11:38:00-05:00,192.67999267578125,192.7050018310547,192.5800018310547,192.68580627441406,183101.0
2026-01-30 11:39:00-05:00,192.67999267578125,192.8300018310547,192.5800018310547,192.5800018310547,233061.0
2026-01-30 11:40:00-05:00,192.5800018310547,192.8699951171875,192.57009887695312,192.77000427246094,193292.0
2026-01-30 11:41:00-05:00,192.77000427246094,192.8000030517578,192.63009643554688,192.7100067138672,146366.0
2026-01-30 11:42:00-05:00,192.70889282226562,192.8800048828125,192.66000366210938,192.84500122070312,188513.0
2026-01-30 11:43:00-05:00,192.85000610351562,192.93499755859375,192.8000030517578,192.88499450683594,154706.0
2026-01-30 11:44:00-05:00,192.88499450683594,193.07000732421875,192.8699951171875,192.97059631347656,241415.0
2026-01-30 11:45:00-05:00,192.97000122070312,193.02499389648438,192.72000122070312,192.75799560546875,247207.0
2026-01-30 11:46:00-05:00,192.75,192.8300018310547,192.50999450683594,192.7899932861328,214967.0
2026-01-30 11:47:00-05:00,192.7899932861328,192.8300018310547,192.6199951171875,192.63999938964844,141302.0
2026-01-30 11:48:00-05:00,192.62989807128906,192.63999938964844,192.47000122070312,192.52000427246094,175764.0
2026-01-30 11:49:00-05:00,192.52999877929688,192.5800018310547,192.3249969482422,192.36749267578125,195767.0
2026-01-30 11:50:00-05:00,192.3800048828125,192.38070678710938,192.1699981689453,192.22000122070312,191494.0
2026-01-30 11:51:00-05:00,192.21470642089844,192.3800048828125,192.11000061035156,192.20700073242188,179262.0
2026-01-30 11:52:00-05:00,192.19000244140625,192.38999938964844,192.08999633789062,192.3300018310547,162796.0
2026-01-30 11:53:00-05:00,192.33999633789062,192.6199951171875,192.33999633789062,192.49000549316406,204603.0
2026-01-30 11:54:00-05:00,192.48500061035156,192.75,192.47999572753906,192.6750030517578,172009.0
2026-01-30 11:55:00-05:00,192.6699981689453,192.72500610351562,192.5800018310547,192.60989379882812,151580.0
2026-01-30 11:56:00-05:00,192.60499572753906,192.6199951171875,192.3699951171875,192.4700927734375,179052.0
2026-01-30 11:57:00-05:00,192.4600067138672,192.60499572753906,192.42999267578125,192.45010375976562,200270.0
2026-01-30 11:58:00-05:00,192.44000244140625,192.51170349121094,192.32000732421875,192.40989685058594,161812.0
2026-01-30 11:59:00-05:00,192.38999938964844,192.39999389648438,192.2100067138672,192.34500122070312,161489.0
2026-01-30 12:00:00-05:00,192.35000610351562,192.38999938964844,192.08009338378906,192.0998992919922,219757.0
2026-01-30 12:01:00-05:00,192.09500122070312,192.27000427246094,192.0399932861328,192.04010009765625,197810.0
2026-01-30 12:02:00-05:00,192.0500030517578,192.0800018310547,191.82000732421875,191.9149932861328,320244.0
2026-01-30 12:03:00-05:00,191.9199981689453,191.96499633789062,191.62120056152344,191.7050018310547,287317.0
2026-01-30 12:04:00-05:00,191.7100067138672,191.80999755859375,191.64999389648438,191.67999267578125,213878.0
2026-01-30 12:05:00-05:00,191.67999267578125,191.72999572753906,191.5800018310547,191.69960021972656,188200.0
2026-01-30 12:06:00-05:00,191.6750030517578,191.92999267578125,191.61000061035156,191.8249969482422,244686.0
2026-01-30 12:07:00-05:00,191.82000732421875,191.875,191.75999450683594,191.82000732421875,149732.0
2026-01-30 12:08:00-05:00,191.82000732421875,191.88999938964844,191.66000366210938,191.6699981689453,192234.0
2026-01-30 12:09:00-05:00,191.66000366210938,191.89999389648438,191.64500427246094,191.8699951171875,186355.0
2026-01-30 12:10:00-05:00,191.8695068359375,192.02999877929688,191.77999877929688,192.02999877929688,245155.0
2026-01-30 12:11:00-05:00,192.01499938964844,192.11000061035156,191.8699951171875,191.91000366210938,212728.0
2026-01-30 12:12:00-05:00,191.89999389648438,192.0,191.78500366210938,191.9199981689453,186346.0
2026-01-30 12:13:00-05:00,191.92999267578125,192.02999877929688,191.8800048828125,191.9949951171875,160679.0
2026-01-30 12:14:00-05:00,191.99000549316406,192.13999938964844,191.94509887695312,192.0,183018.0
2026-01-30 12:15:00-05:00,192.0,192.02000427246094,191.85499572753906,191.9199981689453,152396.0
2026-01-30 12:16:00-05:00,191.9499969482422,192.0,191.82000732421875,191.82000732421875,123772.0
2026-01-30 12:17:00-05:00,191.8300018310547,191.9600067138672,191.77999877929688,191.9199981689453,195064.0
2026-01-30 12:18:00-05:00,191.92999267578125,191.97000122070312,191.86329650878906,191.96499633789062,130386.0
2026-01-30 12:19:00-05:00,191.97000122070312,192.02999877929688,191.88290405273438,191.9499969482422,223831.0
2026-01-30 12:20:00-05:00,191.94000244140625,192.1199951171875,191.9149932861328,191.9600067138672,187605.0
2026-01-30 12:21:00-05:00,191.9499969482422,192.1793975830078,191.8300018310547,192.1300048828125,176501.0
2026-01-30 12:22:00-05:00,192.14999389648438,192.3800048828125,192.11000061035156,192.3249969482422,257600.0
2026-01-30 12:23:00-05:00,192.3300018310547,192.44000244140625,192.2949981689453,192.34579467773438,192539.0
2026-01-30 12:24:00-05:00,192.36000061035156,192.39999389648438,192.19000244140625,192.22500610351562,163039.0
2026-01-30 12:25:00-05:00,192.24000549316406,192.39999389648438,192.2100067138672,192.38999938964844,193834.0
2026-01-30 12:26:00-05:00,192.39999389648438,192.63999938964844,192.39500427246094,192.60980224609375,204159.0
2026-01-30 12:27:00-05:00,192.61000061035156,192.6300048828125,192.37330627441406,192.5050048828125,175516.0
2026-01-30 12:28:00-05:00,192.5,192.69000244140625,192.46499633789062,192.69000244140625,205978.0
2026-01-30 12:29:00-05:00,192.6999969482422,192.8300018310547,192.6699981689453,192.8300018310547,192698.0
2026-01-30 12:30:00-05:00,192.8350067138672,192.9149932861328,192.7100067138672,192.89500427246094,220594.0
2026-01-30 12:31:00-05:00,192.89999389648438,193.02999877929688,192.67999267578125,192.75,352600.0
2026-01-30 12:32:00-05:00,192.7550048828125,192.77999877929688,192.6699981689453,192.6999969482422,171770.0
2026-01-30 12:33:00-05:00,192.7100067138672,192.75999450683594,192.4600067138672,192.5500030517578,181672.0
2026-01-30 12:34:00-05:00,192.5399932861328,192.60000610351562,192.3000030517578,192.3800048828125,218198.0
2026-01-30 12:35:00-05:00,192.36500549316406,192.37579345703125,192.00650024414062,192.11000061035156,230668.0
2026-01-30 12:36:00-05:00,192.10000610351562,192.3300018310547,192.10000610351562,192.3300018310547,178851.0
2026-01-30 12:37:00-05:00,192.3350067138672,192.4499969482422,192.2899932861328,192.3300018310547,125263.0
2026-01-30 12:38:00-05:00,192.33999633789062,192.59500122070312,192.32839965820312,192.47999572753906,164061.0
2026-01-30 12:39:00-05:00,192.4600067138672,192.47999572753906,192.24000549316406,192.2550048828125,124738.0
2026-01-30 12:40:00-05:00,192.25,192.32989501953125,192.17999267578125,192.2050018310547,163336.0
2026-01-30 12:41:00-05:00,192.2050018310547,192.37579345703125,192.08999633789062,192.33999633789062,184314.0
2026-01-30 12:42:00-05:00,192.36000061035156,192.4550018310547,192.27999877929688,192.3350067138672,153981.0
2026-01-30 12:43:00-05:00,192.33999633789062,192.52000427246094,192.26499938964844,192.5198974609375,147302.0
2026-01-30 12:44:00-05:00,192.52000427246094,192.6699981689453,192.47999572753906,192.61659240722656,201822.0
2026-01-30 12:45:00-05:00,192.6300048828125,192.83999633789062,192.58999633789062,192.8300018310547,209046.0
2026-01-30 12:46:00-05:00,192.83999633789062,192.92999267578125,192.77999877929688,192.77999877929688,193228.0
2026-01-30 12:47:00-05:00,192.7906951904297,192.8000030517578,192.49159240722656,192.52499389648438,169102.0
2026-01-30 12:48:00-05:00,192.5449981689453,192.6199951171875,192.43310546875,192.4600067138672,140469.0
2026-01-30 12:49:00-05:00,192.47000122070312,192.5399932861328,192.30499267578125,192.47000122070312,195624.0
2026-01-30 12:50:00-05:00,192.49000549316406,192.63510131835938,192.42999267578125,192.42999267578125,166645.0
2026-01-30 12:51:00-05:00,192.43499755859375,192.74000549316406,192.38999938964844,192.66000366210938,164302.0
2026-01-30 12:52:00-05:00,192.66000366210938,192.7198944091797,192.35000610351562,192.3699951171875,172758.0
2026-01-30 12:53:00-05:00,192.3699951171875,192.49000549316406,192.27000427246094,192.27000427246094,156592.0
2026-01-30 12:54:00-05:00,192.27999877929688,192.38999938964844,192.27999877929688,192.3300018310547,158318.0
2026-01-30 12:55:00-05:00,192.32000732421875,192.39999389648438,192.17999267578125,192.23500061035156,156542.0
2026-01-30 12:56:00-05:00,192.2449951171875,192.4199981689453,192.17999267578125,192.18499755859375,159289.0
2026-01-30 12:57:00-05:00,192.19000244140625,192.27999877929688,192.13999938964844,192.22999572753906,111666.0
2026-01-30 12:58:00-05:00,192.22000122070312,192.22000122070312,191.9499969482422,191.98989868164062,218083.0
2026-01-30 12:59:00-05:00,191.97169494628906,191.99000549316406,191.77000427246094,191.82940673828125,229357.0
2026-01-30 13:00:00-05:00,191.82000732421875,191.82000732421875,191.6699981689453,191.75999450683594,166399.0
2026-01-30 13:01:00-05:00,191.77000427246094,191.83999633789062,191.64500427246094,191.75999450683594,161671.0
2026-01-30 13:02:00-05:00,191.7602996826172,191.85000610351562,191.68499755859375,191.7949981689453,162175.0
2026-01-30 13:03:00-05:00,191.8000030517578,191.80999755859375,191.61000061035156,191.6699981689453,154097.0
2026-01-30 13:04:00-05:00,191.6699981689453,191.75,191.5406951904297,191.74000549316406,184313.0
2026-01-30 13:05:00-05:00,191.74000549316406,191.81500244140625,191.6300048828125,191.69000244140625,242308.0
2026-01-30 13:06:00-05:00,191.72000122070312,191.77999877929688,191.4600067138672,191.4600067138672,219462.0
2026-01-30 13:07:00-05:00,191.46009826660156,191.55999755859375,191.38999938964844,191.5399932861328,165055.0
2026-01-30 13:08:00-05:00,191.5399932861328,191.6999969482422,191.5200958251953,191.61000061035156,185512.0
2026-01-30 13:09:00-05:00,191.6300048828125,191.6300048828125,191.3699951171875,191.44000244140625,175417.0
2026-01-30 13:10:00-05:00,191.4394989013672,191.4600067138672,191.22999572753906,191.40499877929688,225344.0
2026-01-30 13:11:00-05:00,191.39999389648438,191.5500030517578,191.33999633789062,191.4499969482422,153840.0
2026-01-30 13:12:00-05:00,191.44500732421875,191.72500610351562,191.36000061035156,191.72500610351562,185333.0
2026-01-30 13:13:00-05:00,191.72500610351562,191.75999450683594,191.5800018310547,191.61500549316406,184070.0
2026-01-30 13:14:00-05:00,191.61990356445312,191.74000549316406,191.61000061035156,191.65499877929688,125902.0
2026-01-30 13:15:00-05:00,191.64999389648438,191.71249389648438,191.36099243164062,191.4199981689453,176701.0
2026-01-30 13:16:00-05:00,191.4250030517578,191.4250030517578,191.17999267578125,191.2393035888672,194449.0
2026-01-30 13:17:00-05:00,191.22999572753906,191.2899932861328,191.1199951171875,191.26499938964844,230474.0
2026-01-30 13:18:00-05:00,191.26499938964844,191.26499938964844,191.02000427246094,191.07000732421875,246394.0
2026-01-30 13:19:00-05:00,191.07420349121094,191.13999938964844,190.97999572753906,190.98500061035156,260486.0
2026-01-30 13:20:00-05:00,190.97999572753906,191.11000061035156,190.75999450683594,190.75999450683594,262348.0
2026-01-30 13:21:00-05:00,190.75999450683594,190.81500244140625,190.6300048828125,190.8000030517578,236843.0
2026-01-30 13:22:00-05:00,190.7949981689453,190.8699951171875,190.49000549316406,190.5500946044922,281822.0
2026-01-30 13:23:00-05:00,190.5500030517578,190.9199981689453,190.51499938964844,190.80999755859375,275022.0
2026-01-30 13:24:00-05:00,190.80999755859375,191.0500030517578,190.75999450683594,190.9250030517578,327626.0
2026-01-30 13:25:00-05:00,190.9199981689453,191.1999969482422,190.89999389648438,191.11000061035156,238723.0
2026-01-30 13:26:00-05:00,191.11500549316406,191.2899932861328,191.0,191.26939392089844,271173.0
2026-01-30 13:27:00-05:00,191.26499938964844,191.32000732421875,191.14999389648438,191.30999755859375,195611.0
2026-01-30 13:28:00-05:00,191.2899932861328,191.3699951171875,191.0050048828125,191.0496063232422,192291.0
2026-01-30 13:29:00-05:00,191.05999755859375,191.32000732421875,191.0500030517578,191.27000427246094,167311.0
2026-01-30 13:30:00-05:00,191.27999877929688,191.3300018310547,191.02999877929688,191.1199951171875,206613.0
2026-01-30 13:31:00-05:00,191.125,191.12989807128906,190.88999938964844,190.93499755859375,170028.0
2026-01-30 13:32:00-05:00,190.9600067138672,190.99000549316406,190.77749633789062,190.7949981689453,209423.0
2026-01-30 13:33:00-05:00,190.7899932861328,190.85000610351562,190.60000610351562,190.71499633789062,195500.0
2026-01-30 13:34:00-05:00,190.72000122070312,190.8300018310547,190.5301055908203,190.5749969482422,183899.0
2026-01-30 13:35:00-05:00,190.57989501953125,190.72999572753906,190.52000427246094,190.53419494628906,171529.0
2026-01-30 13:36:00-05:00,190.53500366210938,190.86000061035156,190.52000427246094,190.77999877929688,251285.0
2026-01-30 13:37:00-05:00,190.7899932861328,190.9770965576172,190.75,190.89999389648438,206153.0
2026-01-30 13:38:00-05:00,190.89999389648438,190.99000549316406,190.77000427246094,190.77999877929688,144629.0
2026-01-30 13:39:00-05:00,190.77499389648438,190.89500427246094,190.77499389648438,190.89500427246094,104779.0
2026-01-30 13:40:00-05:00,190.89500427246094,191.08999633789062,190.8300018310547,191.01499938964844,206722.0
2026-01-30 13:41:00-05:00,191.01010131835938,191.1199951171875,190.9600067138672,191.0800018310547,154108.0
2026-01-30 13:42:00-05:00,191.0749969482422,191.11500549316406,190.97999572753906,191.0449981689453,108816.0
2026-01-30 13:43:00-05:00,191.05499267578125,191.08999633789062,190.91000366210938,190.97999572753906,163494.0
2026-01-30 13:44:00-05:00,190.99000549316406,191.02999877929688,190.8000030517578,190.860107421875,154411.0
2026-01-30 13:45:00-05:00,190.85000610351562,191.14999389648438,190.8300018310547,191.00010681152344,147799.0
2026-01-30 13:46:00-05:00,190.9949951171875,191.04989624023438,190.91839599609375,191.04989624023438,149968.0
2026-01-30 13:47:00-05:00,191.0449981689453,191.2899932861328,191.0399932861328,191.22500610351562,177390.0
2026-01-30 13:48:00-05:00,191.22999572753906,191.35000610351562,191.17999267578125,191.22999572753906,188321.0
2026-01-30 13:49:00-05:00,191.24000549316406,191.3000030517578,191.1199951171875,191.27000427246094,155480.0
2026-01-30 13:50:00-05:00,191.25,191.44000244140625,191.16000366210938,191.4199981689453,220342.0
2026-01-30 13:51:00-05:00,191.42999267578125,191.55999755859375,191.41000366210938,191.52999877929688,175193.0
2026-01-30 13:52:00-05:00,191.52999877929688,191.5500030517578,191.30999755859375,191.35000610351562,149747.0
2026-01-30 13:53:00-05:00,191.3300018310547,191.44580078125,191.14999389648438,191.41000366210938,159908.0
2026-01-30 13:54:00-05:00,191.4241943359375,191.5500030517578,191.35000610351562,191.4600067138672,178243.0
2026-01-30 13:55:00-05:00,191.4600067138672,191.6699981689453,191.4250946044922,191.49000549316406,172141.0
2026-01-30 13:56:00-05:00,191.52000427246094,191.66000366210938,191.48989868164062,191.5,143759.0
2026-01-30 13:57:00-05:00,191.48500061035156,191.5399932861328,191.44000244140625,191.50999450683594,109835.0
2026-01-30 13:58:00-05:00,191.50999450683594,191.6699981689453,191.3800048828125,191.64999389648438,200762.0
2026-01-30 13:59:00-05:00,191.64999389648438,191.77000427246094,191.50999450683594,191.52000427246094,193545.0
2026-01-30 14:00:00-05:00,191.52000427246094,191.6199951171875,191.48500061035156,191.59970092773438,144500.0
2026-01-30 14:01:00-05:00,191.59500122070312,191.63999938964844,191.39999389648438,191.39999389648438,152671.0
2026-01-30 14:02:00-05:00,191.39999389648438,191.5800018310547,191.27090454101562,191.34500122070312,174483.0
2026-01-30 14:03:00-05:00,191.33999633789062,191.42999267578125,191.24000549316406,191.41000366210938,154185.0
2026-01-30 14:04:00-05:00,191.4199981689453,191.72999572753906,191.39999389648438,191.59500122070312,222642.0
2026-01-30 14:05:00-05:00,191.5800018310547,191.7100067138672,191.55740356445312,191.63999938964844,133294.0
2026-01-30 14:06:00-05:00,191.66000366210938,191.8000030517578,191.64999389648438,191.67880249023438,157813.0
2026-01-30 14:07:00-05:00,191.66009521484375,191.86000061035156,191.66009521484375,191.83999633789062,168455.0
2026-01-30 14:08:00-05:00,191.85000610351562,191.8800048828125,191.7100067138672,191.8000030517578,144173.0
2026-01-30 14:09:00-05:00,191.7899932861328,191.84939575195312,191.6649932861328,191.77000427246094,159920.0
2026-01-30 14:10:00-05:00,191.77999877929688,191.83999633789062,191.7100067138672,191.78399658203125,106475.0
2026-01-30 14:11:00-05:00,191.77999877929688,191.8000030517578,191.5749969482422,191.63999938964844,168568.0
2026-01-30 14:12:00-05:00,191.63340759277344,191.7449951171875,191.5500030517578,191.58999633789062,106617.0
2026-01-30 14:13:00-05:00,191.5825958251953,191.59500122070312,191.44740295410156,191.5399932861328,201941.0
2026-01-30 14:14:00-05:00,191.55499267578125,191.72999572753906,191.52999877929688,191.7050018310547,175329.0
2026-01-30 14:15:00-05:00,191.69500732421875,191.75999450683594,191.63999938964844,191.6999969482422,153187.0
2026-01-30 14:16:00-05:00,191.6999969482422,191.77999877929688,191.63999938964844,191.77999877929688,106566.0
2026-01-30 14:17:00-05:00,191.78990173339844,191.8000030517578,191.6300048828125,191.6300048828125,131623.0
2026-01-30 14:18:00-05:00,191.6699981689453,191.89999389648438,191.6699981689453,191.75,138156.0
2026-01-30 14:19:00-05:00,191.75010681152344,191.82000732421875,191.6649932861328,191.69500732421875,127784.0
2026-01-30 14:20:00-05:00,191.69000244140625,191.8699951171875,191.66000366210938,191.8350067138672,117731.0
2026-01-30 14:21:00-05:00,191.86000061035156,191.9149932861328,191.78500366210938,191.91000366210938,179928.0
2026-01-30 14:22:00-05:00,191.9149932861328,191.9199981689453,191.4550018310547,191.48129272460938,240053.0
2026-01-30 14:23:00-05:00,191.48500061035156,191.61000061035156,191.44500732421875,191.53750610351562,163757.0
2026-01-30 14:24:00-05:00,191.54969787597656,191.625,191.50010681152344,191.50999450683594,149917.0
2026-01-30 14:25:00-05:00,191.5050048828125,191.6699981689453,191.5050048828125,191.5800018310547,132759.0
2026-01-30 14:26:00-05:00,191.59300231933594,191.68499755859375,191.52999877929688,191.63369750976562,175890.0
2026-01-30 14:27:00-05:00,191.63980102539062,191.64999389648438,191.46009826660156,191.47999572753906,156728.0
2026-01-30 14:28:00-05:00,191.47999572753906,191.63499450683594,191.47999572753906,191.625,117269.0
2026-01-30 14:29:00-05:00,191.6300048828125,191.64999389648438,191.41000366210938,191.47000122070312,166395.0
2026-01-30 14:30:00-05:00,191.47000122070312,191.69500732421875,191.3699951171875,191.37840270996094,235362.0
2026-01-30 14:31:00-05:00,191.38999938964844,191.5399932861328,191.14999389648438,191.22999572753906,278709.0
2026-01-30 14:32:00-05:00,191.22000122070312,191.27000427246094,191.05999755859375,191.2198944091797,183430.0
2026-01-30 14:33:00-05:00,191.22999572753906,191.3350067138672,191.08999633789062,191.30499267578125,179372.0
2026-01-30 14:34:00-05:00,191.30999755859375,191.38999938964844,191.24000549316406,191.2899932861328,132282.0
2026-01-30 14:35:00-05:00,191.25999450683594,191.3300018310547,191.1649932861328,191.22000122070312,145074.0
2026-01-30 14:36:00-05:00,191.1999969482422,191.29510498046875,191.1300048828125,191.1699981689453,106009.0
2026-01-30 14:37:00-05:00,191.1649932861328,191.3300018310547,191.14999389648438,191.22999572753906,94303.0
2026-01-30 14:38:00-05:00,191.22000122070312,191.39500427246094,191.17999267578125,191.36000061035156,110078.0
2026-01-30 14:39:00-05:00,191.36500549316406,191.38999938964844,191.2449951171875,191.29510498046875,92878.0
2026-01-30 14:40:00-05:00,191.3000030517578,191.3699951171875,191.14500427246094,191.1699981689453,108440.0
2026-01-30 14:41:00-05:00,191.1501007080078,191.3477020263672,191.13999938964844,191.27000427246094,145116.0
2026-01-30 14:42:00-05:00,191.25999450683594,191.39349365234375,191.2200927734375,191.31500244140625,112302.0
2026-01-30 14:43:00-05:00,191.32000732421875,191.3699951171875,191.25999450683594,191.36500549316406,98093.0
2026-01-30 14:44:00-05:00,191.36500549316406,191.3800048828125,191.14500427246094,191.15499877929688,126351.0
2026-01-30 14:45:00-05:00,191.14999389648438,191.2299041748047,190.94830322265625,190.94830322265625,234276.0
2026-01-30 14:46:00-05:00,190.9521026611328,191.0800018310547,190.94000244140625,190.9600067138672,161975.0
2026-01-30 14:47:00-05:00,190.9550018310547,190.99000549316406,190.86000061035156,190.94000244140625,123250.0
2026-01-30 14:48:00-05:00,190.96499633789062,191.0,190.8000030517578,190.83999633789062,152144.0
2026-01-30 14:49:00-05:00,190.8300018310547,190.89999389648438,190.77999877929688,190.82000732421875,129460.0
2026-01-30 14:50:00-05:00,190.82000732421875,191.0,190.82000732421875,190.97940063476562,136474.0
2026-01-30 14:51:00-05:00,190.9709930419922,191.0500030517578,190.93919372558594,191.0050048828125,190086.0
2026-01-30 14:52:00-05:00,191.00999450683594,191.1199951171875,190.97000122070312,191.05999755859375,170604.0
2026-01-30 14:53:00-05:00,191.07000732421875,191.39999389648438,191.0,191.0657958984375,273703.0
2026-01-30 14:54:00-05:00,191.05999755859375,191.22000122070312,191.0399932861328,191.1649932861328,130063.0
2026-01-30 14:55:00-05:00,191.1649932861328,191.35009765625,191.14010620117188,191.2353057861328,138895.0
2026-01-30 14:56:00-05:00,191.25990295410156,191.2899932861328,191.1199951171875,191.19500732421875,125326.0
2026-01-30 14:57:00-05:00,191.1999969482422,191.20509338378906,190.86500549316406,190.88999938964844,159625.0
2026-01-30 14:58:00-05:00,190.89419555664062,190.99000549316406,190.82000732421875,190.8300018310547,154335.0
2026-01-30 14:59:00-05:00,190.83999633789062,190.85000610351562,190.67999267578125,190.82000732421875,163519.0
2026-01-30 15:00:00-05:00,190.8300018310547,191.08990478515625,190.80999755859375,191.0500946044922,195048.0
2026-01-30 15:01:00-05:00,191.0500030517578,191.14999389648438,191.00999450683594,191.0998992919922,191468.0
2026-01-30 15:02:00-05:00,191.10000610351562,191.13340759277344,191.02999877929688,191.11000061035156,123733.0
2026-01-30 15:03:00-05:00,191.11000061035156,191.13999938964844,191.02000427246094,191.05999755859375,115804.0
2026-01-30 15:04:00-05:00,191.07000732421875,191.07000732421875,190.9199981689453,191.0,142634.0
2026-01-30 15:05:00-05:00,191.00999450683594,191.02999877929688,190.77999877929688,190.8000030517578,149231.0
2026-01-30 15:06:00-05:00,190.80990600585938,190.8300018310547,190.57009887695312,190.5749969482422,201155.0
2026-01-30 15:07:00-05:00,190.57000732421875,190.69000244140625,190.53500366210938,190.6300048828125,196560.0
2026-01-30 15:08:00-05:00,190.60989379882812,190.64999389648438,190.4499969482422,190.49009704589844,240530.0
2026-01-30 15:09:00-05:00,190.5050048828125,190.60000610351562,190.47000122070312,190.5800018310547,140779.0
2026-01-30 15:10:00-05:00,190.58680725097656,190.60330200195312,190.5,190.55990600585938,125316.0
2026-01-30 15:11:00-05:00,190.54989624023438,190.69000244140625,190.47000122070312,190.48500061035156,196469.0
2026-01-30 15:12:00-05:00,190.49000549316406,190.55999755859375,190.3498992919922,190.3699951171875,166742.0
2026-01-30 15:13:00-05:00,190.36500549316406,190.44740295410156,190.33030700683594,190.44000244140625,178850.0
2026-01-30 15:14:00-05:00,190.44000244140625,190.57000732421875,190.3000030517578,190.40499877929688,178044.0
2026-01-30 15:15:00-05:00,190.39999389648438,190.39999389648438,190.2100067138672,190.2135009765625,233339.0
2026-01-30 15:16:00-05:00,190.21499633789062,190.33999633789062,190.05499267578125,190.11500549316406,254121.0
2026-01-30 15:17:00-05:00,190.11669921875,190.1199951171875,189.9199981689453,189.9700927734375,404845.0
2026-01-30 15:18:00-05:00,189.97999572753906,190.07000732421875,189.9499969482422,189.9600067138672,195799.0
2026-01-30 15:19:00-05:00,189.9499969482422,190.00999450683594,189.89059448242188,189.89500427246094,252532.0
2026-01-30 15:20:00-05:00,189.88999938964844,189.94000244140625,189.77000427246094,189.8350067138672,265007.0
2026-01-30 15:21:00-05:00,189.83999633789062,189.91000366210938,189.71499633789062,189.75999450683594,177031.0
2026-01-30 15:22:00-05:00,189.7548065185547,189.76499938964844,189.63999938964844,189.72000122070312,211827.0
2026-01-30 15:23:00-05:00,189.72000122070312,189.86000061035156,189.72000122070312,189.8300018310547,198901.0
2026-01-30 15:24:00-05:00,189.8300018310547,189.93499755859375,189.81500244140625,189.8780059814453,224468.0
2026-01-30 15:25:00-05:00,189.8800048828125,190.07000732421875,189.87969970703125,189.92669677734375,253724.0
2026-01-30 15:26:00-05:00,189.92999267578125,189.99000549316406,189.7200927734375,189.7283935546875,246676.0
2026-01-30 15:27:00-05:00,189.72500610351562,189.85009765625,189.6649932861328,189.67999267578125,197919.0
2026-01-30 15:28:00-05:00,189.6699981689453,189.74000549316406,189.47000122070312,189.710205078125,349269.0
2026-01-30 15:29:00-05:00,189.718994140625,189.92999267578125,189.71009826660156,189.84500122070312,259454.0
2026-01-30 15:30:00-05:00,189.83999633789062,190.00999450683594,189.81500244140625,189.9550018310547,361922.0
2026-01-30 15:31:00-05:00,189.9550018310547,189.98500061035156,189.7899932861328,189.94000244140625,214241.0
2026-01-30 15:32:00-05:00,189.94000244140625,190.13999938964844,189.8800048828125,190.0,311044.0
2026-01-30 15:33:00-05:00,189.99400329589844,190.2100067138672,189.99000549316406,190.19000244140625,192491.0
2026-01-30 15:34:00-05:00,190.17999267578125,190.25,190.1199951171875,190.13999938964844,222488.0
2026-01-30 15:35:00-05:00,190.16000366210938,190.3300018310547,190.10499572753906,190.28500366210938,309446.0
2026-01-30 15:36:00-05:00,190.27999877929688,190.3699951171875,190.24009704589844,190.29989624023438,267521.0
2026-01-30 15:37:00-05:00,190.3000030517578,190.35499572753906,189.9499969482422,189.9499969482422,262983.0
2026-01-30 15:38:00-05:00,189.9499969482422,190.1300048828125,189.93499755859375,190.1199951171875,185931.0
2026-01-30 15:39:00-05:00,190.1199951171875,190.3249969482422,190.06500244140625,190.22000122070312,213850.0
2026-01-30 15:40:00-05:00,190.22999572753906,190.31500244140625,190.1699981689453,190.2100067138672,217935.0
2026-01-30 15:41:00-05:00,190.22999572753906,190.41000366210938,190.2050018310547,190.3800048828125,263013.0
2026-01-30 15:42:00-05:00,190.3699951171875,190.44000244140625,190.27000427246094,190.28500366210938,232456.0
2026-01-30 15:43:00-05:00,190.2801055908203,190.3300018310547,190.1649932861328,190.19500732421875,240439.0
2026-01-30 15:44:00-05:00,190.1999969482422,190.35000610351562,190.1999969482422,190.25999450683594,293877.0
2026-01-30 15:45:00-05:00,190.27999877929688,190.5500030517578,190.25999450683594,190.5399932861328,365947.0
2026-01-30 15:46:00-05:00,190.5399932861328,190.5850067138672,190.44000244140625,190.49000549316406,276325.0
2026-01-30 15:47:00-05:00,190.49989318847656,190.81500244140625,190.46499633789062,190.8000030517578,313681.0
2026-01-30 15:48:00-05:00,190.8000030517578,190.88999938964844,190.75999450683594,190.77000427246094,283217.0
2026-01-30 15:49:00-05:00,190.77999877929688,191.08999633789062,190.77999877929688,191.0500030517578,365386.0
2026-01-30 15:50:00-05:00,191.05999755859375,191.74000549316406,190.94000244140625,191.1199951171875,851718.0
2026-01-30 15:51:00-05:00,191.1300048828125,191.3699951171875,191.1300048828125,191.2899932861328,405420.0
2026-01-30 15:52:00-05:00,191.2899932861328,191.3000030517578,191.02000427246094,191.17999267578125,426470.0
2026-01-30 15:53:00-05:00,191.17999267578125,191.24769592285156,190.72500610351562,190.8350067138672,422625.0
2026-01-30 15:54:00-05:00,190.8300018310547,191.14999389648438,190.74000549316406,191.13999938964844,461677.0
2026-01-30 15:55:00-05:00,191.13999938964844,191.13999938964844,190.35000610351562,191.1199951171875,638189.0
2026-01-30 15:56:00-05:00,191.1199951171875,191.16000366210938,190.88999938964844,191.14500427246094,579559.0
2026-01-30 15:57:00-05:00,191.14999389648438,191.16000366210938,190.99000549316406,191.02000427246094,471450.0
2026-01-30 15:58:00-05:00,191.027099609375,191.1699981689453,190.9550018310547,191.110107421875,536450.0
2026-01-30 15:59:00-05:00,191.11000061035156,191.4199981689453,191.0,191.28500366210938,1785013.0
