Datetime,Open,High,Low,Close,Volume
2025-01-30 21:00:00-05:00,32.72999954223633,32.84000015258789,32.584999084472656,32.65999984741211,0.0
2025-01-30 22:00:00-05:00,32.65999984741211,32.91999816894531,32.650001525878906,32.834999084472656,1937.0
2025-01-30 23:00:00-05:00,32.83000183105469,32.83000183105469,32.60499954223633,32.75,1448.0
2025-01-31 00:00:00-05:00,32.744998931884766,32.779998779296875,32.650001525878906,32.71500015258789,781.0
2025-01-31 01:00:00-05:00,32.709999084472656,32.790000915527344,32.65999984741211,32.709999084472656,757.0
2025-01-31 02:00:00-05:00,32.70000076293945,32.81999969482422,32.665000915527344,32.69499969482422,1184.0
2025-01-31 03:00:00-05:00,32.69499969482422,32.775001525878906,32.6150016784668,32.63999938964844,1811.0
2025-01-31 04:00:00-05:00,32.6349983215332,32.744998931884766,32.625,32.69499969482422,1865.0
2025-01-31 05:00:00-05:00,32.689998626708984,32.70500183105469,32.60499954223633,32.64500045776367,781.0
2025-01-31 06:00:00-05:00,32.63999938964844,32.69499969482422,32.55500030517578,32.65999984741211,1511.0
2025-01-31 07:00:00-05:00,32.65999984741211,32.70500183105469,32.599998474121094,32.65999984741211,1575.0
2025-01-31 08:00:00-05:00,32.65999984741211,32.70500183105469,32.54999923706055,32.70000076293945,4301.0
2025-01-31 09:00:00-05:00,32.70000076293945,32.70500183105469,32.46500015258789,32.64500045776367,5902.0
2025-01-31 10:00:00-05:00,32.64500045776367,32.76499938964844,32.54999923706055,32.564998626708984,5361.0
2025-01-31 11:00:00-05:00,32.55500030517578,32.58000183105469,32.404998779296875,32.459999084472656,4356.0
2025-01-31 12:00:00-05:00,32.45500183105469,32.5,32.189998626708984,32.29999923706055,9565.0
2025-01-31 13:00:00-05:00,32.29999923706055,32.369998931884766,32.15999984741211,32.25,8842.0
2025-01-31 14:00:00-05:00,32.25,32.31999969482422,32.1349983215332,32.185001373291016,2608.0
2025-01-31 15:00:00-05:00,32.18000030517578,32.25,32.1150016784668,32.23500061035156,2239.0
2025-01-31 16:00:00-05:00,32.22999954223633,32.314998626708984,32.209999084472656,32.2400016784668,1280.0
2025-02-02 18:00:00-05:00,32.459999084472656,32.60499954223633,31.915000915527344,32.290000915527344,7006.0
2025-02-02 19:00:00-05:00,32.290000915527344,32.415000915527344,32.150001525878906,32.255001068115234,2313.0
2025-02-02 20:00:00-05:00,32.244998931884766,32.244998931884766,31.899999618530273,31.9950008392334,3721.0
2025-02-02 21:00:00-05:00,31.989999771118164,31.9950008392334,31.610000610351562,31.770000457763672,4397.0
2025-02-02 22:00:00-05:00,31.770000457763672,31.84000015258789,31.665000915527344,31.725000381469727,1358.0
2025-02-02 23:00:00-05:00,31.739999771118164,31.889999389648438,31.719999313354492,31.780000686645508,1196.0
2025-02-03 00:00:00-05:00,31.780000686645508,31.854999542236328,31.770000457763672,31.81999969482422,453.0
2025-02-03 01:00:00-05:00,31.815000534057617,32.040000915527344,31.780000686645508,32.02000045776367,1876.0
2025-02-03 02:00:00-05:00,32.02000045776367,32.05500030517578,31.885000228881836,31.924999237060547,1555.0
2025-02-03 03:00:00-05:00,31.93000030517578,32.16999816894531,31.834999084472656,32.01499938964844,2897.0
2025-02-03 04:00:00-05:00,32.01499938964844,32.209999084472656,32.0,32.060001373291016,1981.0
2025-02-03 05:00:00-05:00,32.064998626708984,32.17499923706055,32.04499816894531,32.1349983215332,729.0
2025-02-03 06:00:00-05:00,32.1349983215332,32.255001068115234,32.1349983215332,32.21500015258789,1362.0
2025-02-03 07:00:00-05:00,32.21500015258789,32.380001068115234,32.185001373291016,32.31999969482422,1847.0
2025-02-03 08:00:00-05:00,32.33000183105469,32.40999984741211,32.18000030517578,32.29499816894531,4133.0
2025-02-03 09:00:00-05:00,32.29499816894531,32.685001373291016,32.29499816894531,32.63999938964844,5970.0
2025-02-03 10:00:00-05:00,32.630001068115234,32.64500045776367,32.025001525878906,32.30500030517578,12813.0
2025-02-03 11:00:00-05:00,32.29999923706055,32.744998931884766,32.224998474121094,32.42499923706055,9645.0
2025-02-03 12:00:00-05:00,32.43000030517578,32.650001525878906,32.41999816894531,32.4900016784668,3218.0
2025-02-03 13:00:00-05:00,32.48500061035156,32.595001220703125,32.439998626708984,32.529998779296875,3783.0
2025-02-03 14:00:00-05:00,32.529998779296875,32.6150016784668,32.5099983215332,32.595001220703125,866.0
2025-02-03 15:00:00-05:00,32.59000015258789,32.61000061035156,32.47999954223633,32.505001068115234,1023.0
2025-02-03 16:00:00-05:00,32.5099983215332,32.54999923706055,32.435001373291016,32.54999923706055,930.0
2025-02-03 18:00:00-05:00,32.540000915527344,32.54499816894531,32.45000076293945,32.45500183105469,0.0
2025-02-03 19:00:00-05:00,32.459999084472656,32.4900016784668,32.43000030517578,32.45000076293945,412.0
2025-02-03 20:00:00-05:00,32.459999084472656,32.53499984741211,32.404998779296875,32.525001525878906,537.0
2025-02-03 21:00:00-05:00,32.529998779296875,32.55500030517578,32.415000915527344,32.53499984741211,737.0
2025-02-03 22:00:00-05:00,32.529998779296875,32.560001373291016,32.36000061035156,32.42499923706055,711.0
2025-02-03 23:00:00-05:00,32.41999816894531,32.435001373291016,32.349998474121094,32.349998474121094,467.0
2025-02-04 00:00:00-05:00,32.334999084472656,32.36000061035156,32.224998474121094,32.345001220703125,1493.0
2025-02-04 01:00:00-05:00,32.349998474121094,32.3849983215332,32.2400016784668,32.3650016784668,823.0
2025-02-04 02:00:00-05:00,32.369998931884766,32.44499969482422,32.31999969482422,32.38999938964844,976.0
2025-02-04 03:00:00-05:00,32.39500045776367,32.494998931884766,32.279998779296875,32.375,2173.0
2025-02-04 04:00:00-05:00,32.375,32.42499923706055,32.32500076293945,32.36000061035156,1033.0
2025-02-04 05:00:00-05:00,32.3650016784668,32.3650016784668,32.27000045776367,32.34000015258789,1238.0
2025-02-04 06:00:00-05:00,32.334999084472656,32.369998931884766,32.290000915527344,32.29499816894531,674.0
2025-02-04 07:00:00-05:00,32.29999923706055,32.400001525878906,32.25,32.3849983215332,1841.0
2025-02-04 08:00:00-05:00,32.375,32.709999084472656,32.3650016784668,32.619998931884766,8034.0
2025-02-04 09:00:00-05:00,32.619998931884766,33.0099983215332,32.58000183105469,32.91999816894531,9366.0
2025-02-04 10:00:00-05:00,32.93000030517578,33.19499969482422,32.810001373291016,32.814998626708984,10534.0
2025-02-04 11:00:00-05:00,32.810001373291016,33.04999923706055,32.724998474121094,33.0,5591.0
2025-02-04 12:00:00-05:00,33.005001068115234,33.060001373291016,32.94499969482422,33.05500030517578,2869.0
2025-02-04 13:00:00-05:00,33.05500030517578,33.07500076293945,32.970001220703125,32.98500061035156,4639.0
2025-02-04 14:00:00-05:00,32.98500061035156,33.04499816894531,32.900001525878906,32.939998626708984,1902.0
2025-02-04 15:00:00-05:00,32.93000030517578,32.94499969482422,32.83000183105469,32.900001525878906,1939.0
2025-02-04 16:00:00-05:00,32.904998779296875,32.93000030517578,32.86000061035156,32.880001068115234,638.0
2025-02-04 18:00:00-05:00,32.869998931884766,32.90999984741211,32.79999923706055,32.79999923706055,0.0
2025-02-04 19:00:00-05:00,32.79999923706055,32.8849983215332,32.630001068115234,32.724998474121094,2393.0
2025-02-04 20:00:00-05:00,32.72999954223633,32.900001525878906,32.63999938964844,32.724998474121094,7926.0
2025-02-04 21:00:00-05:00,32.724998474121094,32.8650016784668,32.709999084472656,32.82500076293945,1619.0
2025-02-04 22:00:00-05:00,32.82500076293945,32.93000030517578,32.7599983215332,32.88999938964844,1233.0
2025-02-04 23:00:00-05:00,32.89500045776367,32.96500015258789,32.869998931884766,32.92499923706055,589.0
2025-02-05 00:00:00-05:00,32.91999816894531,32.96500015258789,32.880001068115234,32.939998626708984,870.0
2025-02-05 01:00:00-05:00,32.935001373291016,33.005001068115234,32.89500045776367,32.915000915527344,1080.0
2025-02-05 02:00:00-05:00,32.91999816894531,33.025001525878906,32.834999084472656,32.9900016784668,1322.0
2025-02-05 03:00:00-05:00,32.98500061035156,33.1349983215332,32.974998474121094,33.084999084472656,1892.0
2025-02-05 04:00:00-05:00,33.08000183105469,33.15999984741211,33.060001373291016,33.130001068115234,1399.0
2025-02-05 05:00:00-05:00,33.130001068115234,33.21500015258789,32.935001373291016,32.95500183105469,2074.0
2025-02-05 06:00:00-05:00,32.95500183105469,33.03499984741211,32.85499954223633,32.939998626708984,2156.0
2025-02-05 07:00:00-05:00,32.935001373291016,33.06999969482422,32.880001068115234,33.025001525878906,1725.0
2025-02-05 08:00:00-05:00,33.029998779296875,33.040000915527344,32.63999938964844,32.70500183105469,7293.0
2025-02-05 09:00:00-05:00,32.70000076293945,32.994998931884766,32.66999816894531,32.935001373291016,5777.0
2025-02-05 10:00:00-05:00,32.94499969482422,33.095001220703125,32.8849983215332,33.060001373291016,5689.0
2025-02-05 11:00:00-05:00,33.060001373291016,33.09000015258789,32.78499984741211,32.9900016784668,7742.0
2025-02-05 12:00:00-05:00,32.994998931884766,33.029998779296875,32.900001525878906,33.0099983215332,3054.0
2025-02-05 13:00:00-05:00,33.01499938964844,33.03499984741211,32.790000915527344,32.83000183105469,4751.0
2025-02-05 14:00:00-05:00,32.82500076293945,32.85499954223633,32.73500061035156,32.78499984741211,1712.0
2025-02-05 15:00:00-05:00,32.779998779296875,32.814998626708984,32.654998779296875,32.71500015258789,1761.0
2025-02-05 16:00:00-05:00,32.709999084472656,32.77000045776367,32.70000076293945,32.744998931884766,600.0
2025-02-05 18:00:00-05:00,32.755001068115234,32.810001373291016,32.724998474121094,32.775001525878906,0.0
2025-02-05 19:00:00-05:00,32.779998779296875,32.8650016784668,32.779998779296875,32.86000061035156,469.0
2025-02-05 20:00:00-05:00,32.8650016784668,32.900001525878906,32.814998626708984,32.875,1348.0
2025-02-05 21:00:00-05:00,32.875,32.915000915527344,32.755001068115234,32.790000915527344,821.0
2025-02-05 22:00:00-05:00,32.78499984741211,32.78499984741211,32.689998626708984,32.72999954223633,699.0
2025-02-05 23:00:00-05:00,32.724998474121094,32.76499938964844,32.685001373291016,32.70500183105469,517.0
2025-02-06 00:00:00-05:00,32.70500183105469,32.7599983215332,32.69499969482422,32.73500061035156,744.0
2025-02-06 01:00:00-05:00,32.7400016784668,32.76499938964844,32.55500030517578,32.619998931884766,2480.0
2025-02-06 02:00:00-05:00,32.625,32.689998626708984,32.43000030517578,32.435001373291016,2748.0
2025-02-06 03:00:00-05:00,32.439998626708984,32.51499938964844,32.32500076293945,32.5099983215332,3081.0
2025-02-06 04:00:00-05:00,32.5099983215332,32.63999938964844,32.4900016784668,32.525001525878906,1836.0
2025-02-06 05:00:00-05:00,32.529998779296875,32.560001373291016,32.40999984741211,32.43000030517578,1190.0
2025-02-06 06:00:00-05:00,32.42499923706055,32.59000015258789,32.41999816894531,32.54499816894531,1346.0
2025-02-06 07:00:00-05:00,32.55500030517578,32.65999984741211,32.525001525878906,32.564998626708984,2006.0
2025-02-06 08:00:00-05:00,32.55500030517578,32.60499954223633,32.40999984741211,32.5,4343.0
2025-02-06 09:00:00-05:00,32.5,32.625,32.220001220703125,32.244998931884766,6832.0
2025-02-06 10:00:00-05:00,32.244998931884766,32.625,32.150001525878906,32.55500030517578,11368.0
2025-02-06 11:00:00-05:00,32.58000183105469,32.689998626708984,32.54499816894531,32.599998474121094,3093.0
2025-02-06 12:00:00-05:00,32.599998474121094,32.685001373291016,32.56999969482422,32.685001373291016,1714.0
2025-02-06 13:00:00-05:00,32.68000030517578,32.69499969482422,32.6150016784668,32.665000915527344,3517.0
2025-02-06 14:00:00-05:00,32.654998779296875,32.665000915527344,32.595001220703125,32.630001068115234,857.0
2025-02-06 15:00:00-05:00,32.630001068115234,32.70500183105469,32.625,32.689998626708984,1068.0
2025-02-06 16:00:00-05:00,32.685001373291016,32.689998626708984,32.64500045776367,32.665000915527344,432.0
2025-02-06 18:00:00-05:00,32.650001525878906,32.68000030517578,32.6349983215332,32.68000030517578,0.0
2025-02-06 19:00:00-05:00,32.68000030517578,32.720001220703125,32.67499923706055,32.689998626708984,349.0
2025-02-06 20:00:00-05:00,32.70000076293945,32.78499984741211,32.68000030517578,32.78499984741211,928.0
2025-02-06 21:00:00-05:00,32.790000915527344,32.84000015258789,32.77000045776367,32.83000183105469,697.0
2025-02-06 22:00:00-05:00,32.834999084472656,32.8650016784668,32.78499984741211,32.810001373291016,559.0
2025-02-06 23:00:00-05:00,32.81999969482422,32.81999969482422,32.775001525878906,32.790000915527344,230.0
2025-02-07 00:00:00-05:00,32.79499816894531,32.814998626708984,32.685001373291016,32.689998626708984,652.0
2025-02-07 01:00:00-05:00,32.689998626708984,32.72999954223633,32.665000915527344,32.70500183105469,988.0
2025-02-07 02:00:00-05:00,32.709999084472656,32.79499816894531,32.665000915527344,32.755001068115234,892.0
2025-02-07 03:00:00-05:00,32.755001068115234,32.849998474121094,32.71500015258789,32.82500076293945,2498.0
2025-02-07 04:00:00-05:00,32.82500076293945,32.904998779296875,32.775001525878906,32.790000915527344,2278.0
2025-02-07 05:00:00-05:00,32.78499984741211,32.79499816894531,32.6349983215332,32.744998931884766,1582.0
2025-02-07 06:00:00-05:00,32.744998931884766,32.775001525878906,32.709999084472656,32.75,553.0
2025-02-07 07:00:00-05:00,32.744998931884766,32.75,32.66999816894531,32.67499923706055,977.0
2025-02-07 08:00:00-05:00,32.66999816894531,32.900001525878906,32.435001373291016,32.7400016784668,7267.0
2025-02-07 09:00:00-05:00,32.7400016784668,33.02000045776367,32.6349983215332,32.92499923706055,8533.0
2025-02-07 10:00:00-05:00,32.92499923706055,33.165000915527344,32.82500076293945,32.959999084472656,11116.0
2025-02-07 11:00:00-05:00,32.970001220703125,32.970001220703125,32.5099983215332,32.525001525878906,11365.0
2025-02-07 12:00:00-05:00,32.52000045776367,32.58000183105469,32.310001373291016,32.41999816894531,8680.0
2025-02-07 13:00:00-05:00,32.41999816894531,32.48500061035156,32.244998931884766,32.26499938964844,9731.0
2025-02-07 14:00:00-05:00,32.255001068115234,32.334999084472656,32.21500015258789,32.2599983215332,2078.0
2025-02-07 15:00:00-05:00,32.255001068115234,32.275001525878906,32.185001373291016,32.22999954223633,2257.0
2025-02-07 16:00:00-05:00,32.23500061035156,32.25,32.17499923706055,32.185001373291016,962.0
2025-02-09 18:00:00-05:00,32.18000030517578,32.23500061035156,32.029998779296875,32.18000030517578,1817.0
2025-02-09 19:00:00-05:00,32.189998626708984,32.32500076293945,32.189998626708984,32.31999969482422,960.0
2025-02-09 20:00:00-05:00,32.31999969482422,32.43000030517578,32.244998931884766,32.310001373291016,2164.0
2025-02-09 21:00:00-05:00,32.30500030517578,32.3650016784668,32.2400016784668,32.36000061035156,923.0
2025-02-09 22:00:00-05:00,32.36000061035156,32.400001525878906,32.2400016784668,32.39500045776367,642.0
2025-02-09 23:00:00-05:00,32.39500045776367,32.43000030517578,32.375,32.41999816894531,455.0
2025-02-10 00:00:00-05:00,32.42499923706055,32.459999084472656,32.38999938964844,32.41999816894531,865.0
2025-02-10 01:00:00-05:00,32.439998626708984,32.4900016784668,32.400001525878906,32.474998474121094,907.0
2025-02-10 02:00:00-05:00,32.474998474121094,32.619998931884766,32.459999084472656,32.584999084472656,1714.0
2025-02-10 03:00:00-05:00,32.584999084472656,32.67499923706055,32.56999969482422,32.625,1388.0
2025-02-10 04:00:00-05:00,32.625,32.77000045776367,32.619998931884766,32.7599983215332,2274.0
2025-02-10 05:00:00-05:00,32.7599983215332,32.779998779296875,32.69499969482422,32.77000045776367,2680.0
2025-02-10 06:00:00-05:00,32.77000045776367,32.80500030517578,32.665000915527344,32.72999954223633,1280.0
2025-02-10 07:00:00-05:00,32.72999954223633,32.7599983215332,32.6349983215332,32.64500045776367,1877.0
2025-02-10 08:00:00-05:00,32.650001525878906,32.7400016784668,32.5099983215332,32.54999923706055,4822.0
2025-02-10 09:00:00-05:00,32.54999923706055,32.685001373291016,32.31999969482422,32.685001373291016,6084.0
2025-02-10 10:00:00-05:00,32.689998626708984,32.69499969482422,32.58000183105469,32.665000915527344,3444.0
2025-02-10 11:00:00-05:00,32.665000915527344,32.69499969482422,32.435001373291016,32.5099983215332,4079.0
2025-02-10 12:00:00-05:00,32.505001068115234,32.52000045776367,32.3849983215332,32.45000076293945,3154.0
2025-02-10 13:00:00-05:00,32.45000076293945,32.53499984741211,32.41999816894531,32.47999954223633,7896.0
2025-02-10 14:00:00-05:00,32.474998474121094,32.53499984741211,32.474998474121094,32.494998931884766,839.0
2025-02-10 15:00:00-05:00,32.494998931884766,32.5099983215332,32.44499969482422,32.4900016784668,1023.0
2025-02-10 16:00:00-05:00,32.494998931884766,32.5099983215332,32.47999954223633,32.494998931884766,389.0
2025-02-10 18:00:00-05:00,32.494998931884766,32.525001525878906,32.435001373291016,32.46500015258789,0.0
2025-02-10 19:00:00-05:00,32.470001220703125,32.60499954223633,32.45000076293945,32.59000015258789,906.0
2025-02-10 20:00:00-05:00,32.595001220703125,32.65999984741211,32.48500061035156,32.53499984741211,1774.0
2025-02-10 21:00:00-05:00,32.53499984741211,32.619998931884766,32.025001525878906,32.22999954223633,5937.0
2025-02-10 22:00:00-05:00,32.220001220703125,32.400001525878906,32.15999984741211,32.310001373291016,2194.0
2025-02-10 23:00:00-05:00,32.310001373291016,32.349998474121094,32.28499984741211,32.28499984741211,407.0
2025-02-11 00:00:00-05:00,32.28499984741211,32.375,32.27000045776367,32.33000183105469,886.0
2025-02-11 01:00:00-05:00,32.33000183105469,32.40999984741211,32.19499969482422,32.224998474121094,1024.0
2025-02-11 02:00:00-05:00,32.224998474121094,32.28499984741211,32.15999984741211,32.224998474121094,1628.0
2025-02-11 03:00:00-05:00,32.21500015258789,32.279998779296875,32.130001068115234,32.13999938964844,1445.0
2025-02-11 04:00:00-05:00,32.1349983215332,32.27000045776367,32.09000015258789,32.18000030517578,1686.0
2025-02-11 05:00:00-05:00,32.18000030517578,32.2400016784668,32.11000061035156,32.119998931884766,1006.0
2025-02-11 06:00:00-05:00,32.1349983215332,32.224998474121094,32.119998931884766,32.17499923706055,1012.0
2025-02-11 07:00:00-05:00,32.16999816894531,32.185001373291016,31.934999465942383,32.0,4013.0
2025-02-11 08:00:00-05:00,31.9950008392334,32.01499938964844,31.649999618530273,31.959999084472656,10646.0
2025-02-11 09:00:00-05:00,31.954999923706055,32.26499938964844,31.924999237060547,32.18000030517578,6041.0
2025-02-11 10:00:00-05:00,32.17499923706055,32.3849983215332,32.084999084472656,32.349998474121094,5863.0
2025-02-11 11:00:00-05:00,32.35499954223633,32.404998779296875,32.30500030517578,32.314998626708984,3089.0
2025-02-11 12:00:00-05:00,32.30500030517578,32.35499954223633,32.27000045776367,32.33000183105469,3241.0
2025-02-11 13:00:00-05:00,32.334999084472656,32.375,32.275001525878906,32.31999969482422,7430.0
2025-02-11 14:00:00-05:00,32.31999969482422,32.34000015258789,32.2599983215332,32.310001373291016,1238.0
2025-02-11 15:00:00-05:00,32.30500030517578,32.310001373291016,32.224998474121094,32.25,948.0
2025-02-11 16:00:00-05:00,32.25,32.275001525878906,32.2400016784668,32.255001068115234,0.0
2025-02-11 18:00:00-05:00,32.255001068115234,32.28499984741211,32.255001068115234,32.279998779296875,247.0
2025-02-11 19:00:00-05:00,32.28499984741211,32.28499984741211,32.20500183105469,32.220001220703125,514.0
2025-02-11 20:00:00-05:00,32.21500015258789,32.27000045776367,32.099998474121094,32.2400016784668,1801.0
2025-02-11 21:00:00-05:00,32.2400016784668,32.415000915527344,32.23500061035156,32.310001373291016,1744.0
2025-02-11 22:00:00-05:00,32.314998626708984,32.33000183105469,32.220001220703125,32.27000045776367,656.0
2025-02-11 23:00:00-05:00,32.26499938964844,32.29499816894531,32.165000915527344,32.185001373291016,747.0
2025-02-12 00:00:00-05:00,32.189998626708984,32.220001220703125,32.13999938964844,32.189998626708984,774.0
2025-02-12 01:00:00-05:00,32.185001373291016,32.29999923706055,32.185001373291016,32.28499984741211,1098.0
2025-02-12 02:00:00-05:00,32.29499816894531,32.314998626708984,32.244998931884766,32.29499816894531,507.0
2025-02-12 03:00:00-05:00,32.290000915527344,32.310001373291016,32.15999984741211,32.18000030517578,1381.0
2025-02-12 04:00:00-05:00,32.18000030517578,32.21500015258789,32.09000015258789,32.1150016784668,1190.0
2025-02-12 05:00:00-05:00,32.1150016784668,32.26499938964844,32.095001220703125,32.1150016784668,1250.0
2025-02-12 06:00:00-05:00,32.11000061035156,32.20500183105469,32.11000061035156,32.165000915527344,880.0
2025-02-12 07:00:00-05:00,32.15999984741211,32.185001373291016,32.099998474121094,32.165000915527344,1252.0
2025-02-12 08:00:00-05:00,32.165000915527344,32.435001373291016,31.875,32.42499923706055,11006.0
2025-02-12 09:00:00-05:00,32.41999816894531,32.6150016784668,32.27000045776367,32.54499816894531,9010.0
2025-02-12 10:00:00-05:00,32.54499816894531,32.68000030517578,32.41999816894531,32.67499923706055,5249.0
2025-02-12 11:00:00-05:00,32.67499923706055,32.744998931884766,32.58000183105469,32.720001220703125,4484.0
2025-02-12 12:00:00-05:00,32.724998474121094,32.869998931884766,32.724998474121094,32.85499954223633,4985.0
2025-02-12 13:00:00-05:00,32.86000061035156,32.8650016784668,32.724998474121094,32.744998931884766,9193.0
2025-02-12 14:00:00-05:00,32.755001068115234,32.755001068115234,32.654998779296875,32.68000030517578,1574.0
2025-02-12 15:00:00-05:00,32.67499923706055,32.7400016784668,32.654998779296875,32.69499969482422,885.0
2025-02-12 16:00:00-05:00,32.70000076293945,32.71500015258789,32.67499923706055,32.70500183105469,716.0
2025-02-12 18:00:00-05:00,32.709999084472656,32.7599983215332,32.68000030517578,32.7400016784668,0.0
2025-02-12 19:00:00-05:00,32.7400016784668,32.80500030517578,32.720001220703125,32.77000045776367,402.0
2025-02-12 20:00:00-05:00,32.77000045776367,32.790000915527344,32.665000915527344,32.720001220703125,1204.0
2025-02-12 21:00:00-05:00,32.724998474121094,32.814998626708984,32.66999816894531,32.790000915527344,1063.0
2025-02-12 22:00:00-05:00,32.790000915527344,32.900001525878906,32.755001068115234,32.86000061035156,1356.0
2025-02-12 23:00:00-05:00,32.86000061035156,32.900001525878906,32.834999084472656,32.89500045776367,431.0
2025-02-13 00:00:00-05:00,32.88999938964844,32.95000076293945,32.845001220703125,32.869998931884766,929.0
2025-02-13 01:00:00-05:00,32.875,32.880001068115234,32.814998626708984,32.849998474121094,738.0
2025-02-13 02:00:00-05:00,32.849998474121094,32.97999954223633,32.810001373291016,32.904998779296875,1889.0
2025-02-13 03:00:00-05:00,32.904998779296875,32.94499969482422,32.744998931884766,32.790000915527344,1875.0
2025-02-13 04:00:00-05:00,32.79999923706055,32.869998931884766,32.755001068115234,32.834999084472656,1113.0
2025-02-13 05:00:00-05:00,32.83000183105469,32.875,32.80500030517578,32.845001220703125,733.0
2025-02-13 06:00:00-05:00,32.84000015258789,32.900001525878906,32.76499938964844,32.814998626708984,1022.0
2025-02-13 07:00:00-05:00,32.814998626708984,32.89500045776367,32.755001068115234,32.810001373291016,1455.0
2025-02-13 08:00:00-05:00,32.814998626708984,32.86000061035156,32.54499816894531,32.55500030517578,6891.0
2025-02-13 09:00:00-05:00,32.54999923706055,32.650001525878906,32.45500183105469,32.564998626708984,6991.0
2025-02-13 10:00:00-05:00,32.55500030517578,32.724998474121094,32.505001068115234,32.709999084472656,4264.0
2025-02-13 11:00:00-05:00,32.709999084472656,32.77000045776367,32.654998779296875,32.665000915527344,3069.0
2025-02-13 12:00:00-05:00,32.65999984741211,32.720001220703125,32.64500045776367,32.70500183105469,1933.0
2025-02-13 13:00:00-05:00,32.70500183105469,32.80500030517578,32.64500045776367,32.775001525878906,9282.0
2025-02-13 14:00:00-05:00,32.775001525878906,32.915000915527344,32.775001525878906,32.88999938964844,1845.0
2025-02-13 15:00:00-05:00,32.88999938964844,32.994998931884766,32.8650016784668,32.98500061035156,1832.0
2025-02-13 16:00:00-05:00,32.98500061035156,33.04499816894531,32.970001220703125,32.974998474121094,1569.0
2025-02-13 18:00:00-05:00,32.9900016784668,33.060001373291016,32.935001373291016,33.01499938964844,0.0
2025-02-13 19:00:00-05:00,33.02000045776367,33.029998779296875,32.93000030517578,32.939998626708984,647.0
2025-02-13 20:00:00-05:00,32.939998626708984,33.33000183105469,32.939998626708984,33.275001525878906,5739.0
2025-02-13 21:00:00-05:00,33.27000045776367,33.29499816894531,33.15999984741211,33.279998779296875,1596.0
2025-02-13 22:00:00-05:00,33.28499984741211,33.314998626708984,33.13999938964844,33.18000030517578,1552.0
2025-02-13 23:00:00-05:00,33.18000030517578,33.29499816894531,33.165000915527344,33.290000915527344,663.0
2025-02-14 00:00:00-05:00,33.290000915527344,33.53499984741211,33.26499938964844,33.525001525878906,2698.0
2025-02-14 01:00:00-05:00,33.529998779296875,33.83000183105469,33.5099983215332,33.79499816894531,5445.0
2025-02-14 02:00:00-05:00,33.790000915527344,33.92499923706055,33.75,33.834999084472656,2859.0
2025-02-14 03:00:00-05:00,33.84000015258789,34.025001525878906,33.779998779296875,33.974998474121094,3331.0
2025-02-14 04:00:00-05:00,33.970001220703125,34.07500076293945,33.94499969482422,34.060001373291016,3111.0
2025-02-14 05:00:00-05:00,34.060001373291016,34.165000915527344,34.029998779296875,34.130001068115234,2896.0
2025-02-14 06:00:00-05:00,34.130001068115234,34.130001068115234,33.92499923706055,33.935001373291016,2457.0
2025-02-14 07:00:00-05:00,33.939998626708984,34.05500030517578,33.880001068115234,33.98500061035156,3673.0
2025-02-14 08:00:00-05:00,33.9900016784668,34.2400016784668,33.70500183105469,33.7400016784668,12612.0
2025-02-14 09:00:00-05:00,33.744998931884766,33.9900016784668,33.47999954223633,33.84000015258789,13378.0
2025-02-14 10:00:00-05:00,33.834999084472656,33.849998474121094,33.18000030517578,33.2599983215332,14896.0
2025-02-14 11:00:00-05:00,33.255001068115234,33.275001525878906,32.73500061035156,32.904998779296875,13297.0
2025-02-14 12:00:00-05:00,32.904998779296875,32.939998626708984,32.810001373291016,32.900001525878906,3885.0
2025-02-14 13:00:00-05:00,32.89500045776367,32.92499923706055,32.685001373291016,32.779998779296875,4250.0
2025-02-14 14:00:00-05:00,32.775001525878906,32.82500076293945,32.70500183105469,32.7400016784668,1595.0
2025-02-14 15:00:00-05:00,32.7400016784668,32.755001068115234,32.584999084472656,32.685001373291016,3039.0
2025-02-14 16:00:00-05:00,32.685001373291016,32.70000076293945,32.6349983215332,32.65999984741211,881.0
2025-02-16 18:00:00-05:00,32.68000030517578,32.689998626708984,32.459999084472656,32.560001373291016,2560.0
2025-02-16 19:00:00-05:00,32.560001373291016,32.665000915527344,32.54499816894531,32.599998474121094,658.0
2025-02-16 20:00:00-05:00,32.61000061035156,32.7599983215332,32.459999084472656,32.744998931884766,2862.0
2025-02-16 21:00:00-05:00,32.75,32.869998931884766,32.689998626708984,32.814998626708984,965.0
2025-02-16 22:00:00-05:00,32.80500030517578,32.8849983215332,32.779998779296875,32.85499954223633,606.0
2025-02-16 23:00:00-05:00,32.85499954223633,32.869998931884766,32.744998931884766,32.78499984741211,669.0
2025-02-18 00:00:00-05:00,32.95500183105469,33.03499984741211,32.875,32.875,1033.0
2025-02-18 01:00:00-05:00,32.875,32.959999084472656,32.869998931884766,32.95000076293945,705.0
2025-02-18 02:00:00-05:00,32.95000076293945,33.064998626708984,32.82500076293945,32.904998779296875,1256.0
2025-02-18 03:00:00-05:00,32.904998779296875,33.04999923706055,32.845001220703125,33.01499938964844,1095.0
2025-02-18 04:00:00-05:00,33.01499938964844,33.04999923706055,32.96500015258789,33.03499984741211,1436.0
2025-02-18 05:00:00-05:00,33.029998779296875,33.04499816894531,32.95500183105469,33.0099983215332,966.0
2025-02-18 06:00:00-05:00,33.005001068115234,33.025001525878906,32.95500183105469,33.0,976.0
2025-02-18 07:00:00-05:00,33.005001068115234,33.025001525878906,32.939998626708984,32.994998931884766,1486.0
2025-02-18 08:00:00-05:00,32.994998931884766,33.154998779296875,32.900001525878906,33.060001373291016,4719.0
2025-02-18 09:00:00-05:00,33.064998626708984,33.189998626708984,33.060001373291016,33.185001373291016,5930.0
2025-02-18 10:00:00-05:00,33.189998626708984,33.209999084472656,32.98500061035156,33.189998626708984,5488.0
2025-02-18 11:00:00-05:00,33.189998626708984,33.46500015258789,33.16999816894531,33.439998626708984,6300.0
2025-02-18 12:00:00-05:00,33.439998626708984,33.46500015258789,33.34000015258789,33.3849983215332,2737.0
2025-02-18 13:00:00-05:00,33.3849983215332,33.474998474121094,33.334999084472656,33.435001373291016,3146.0
2025-02-18 14:00:00-05:00,33.43000030517578,33.45000076293945,33.35499954223633,33.40999984741211,1660.0
2025-02-18 15:00:00-05:00,33.40999984741211,33.45500183105469,33.380001068115234,33.400001525878906,1195.0
2025-02-18 16:00:00-05:00,33.400001525878906,33.45000076293945,33.39500045776367,33.415000915527344,723.0
2025-02-18 18:00:00-05:00,33.41999816894531,33.439998626708984,33.3849983215332,33.40999984741211,0.0
2025-02-18 19:00:00-05:00,33.41999816894531,33.459999084472656,33.3849983215332,33.400001525878906,681.0
2025-02-18 20:00:00-05:00,33.400001525878906,33.44499969482422,33.28499984741211,33.400001525878906,1952.0
2025-02-18 21:00:00-05:00,33.40999984741211,33.43000030517578,33.1349983215332,33.224998474121094,1635.0
2025-02-18 22:00:00-05:00,33.22999954223633,33.279998779296875,33.15999984741211,33.2400016784668,1138.0
2025-02-18 23:00:00-05:00,33.2400016784668,33.26499938964844,33.20500183105469,33.2400016784668,383.0
2025-02-19 00:00:00-05:00,33.2400016784668,33.3650016784668,33.21500015258789,33.3650016784668,1319.0
2025-02-19 01:00:00-05:00,33.36000061035156,33.404998779296875,33.310001373291016,33.33000183105469,751.0
2025-02-19 02:00:00-05:00,33.32500076293945,33.40999984741211,33.29999923706055,33.36000061035156,1305.0
2025-02-19 03:00:00-05:00,33.349998474121094,33.564998626708984,33.349998474121094,33.4900016784668,2015.0
2025-02-19 04:00:00-05:00,33.48500061035156,33.57500076293945,33.45500183105469,33.55500030517578,1282.0
2025-02-19 05:00:00-05:00,33.560001373291016,33.59000015258789,33.52000045776367,33.560001373291016,1154.0
2025-02-19 06:00:00-05:00,33.560001373291016,33.63999938964844,33.435001373291016,33.435001373291016,2207.0
2025-02-19 07:00:00-05:00,33.439998626708984,33.459999084472656,33.35499954223633,33.36000061035156,2000.0
2025-02-19 08:00:00-05:00,33.3650016784668,33.529998779296875,33.33000183105469,33.369998931884766,4740.0
2025-02-19 09:00:00-05:00,33.3650016784668,33.400001525878906,33.060001373291016,33.119998931884766,9073.0
2025-02-19 10:00:00-05:00,33.119998931884766,33.19499969482422,32.90999984741211,32.915000915527344,8075.0
2025-02-19 11:00:00-05:00,32.91999816894531,33.125,32.8849983215332,33.064998626708984,3879.0
2025-02-19 12:00:00-05:00,33.060001373291016,33.125,33.02000045776367,33.11000061035156,2175.0
2025-02-19 13:00:00-05:00,33.11000061035156,33.15999984741211,33.025001525878906,33.099998474121094,2903.0
2025-02-19 14:00:00-05:00,33.1150016784668,33.275001525878906,33.09000015258789,33.23500061035156,2466.0
2025-02-19 15:00:00-05:00,33.224998474121094,33.2400016784668,33.17499923706055,33.189998626708984,1175.0
2025-02-19 16:00:00-05:00,33.189998626708984,33.220001220703125,33.130001068115234,33.13999938964844,555.0
2025-02-19 18:00:00-05:00,33.150001525878906,33.185001373291016,33.125,33.150001525878906,0.0
2025-02-19 19:00:00-05:00,33.154998779296875,33.22999954223633,33.154998779296875,33.22999954223633,469.0
2025-02-19 20:00:00-05:00,33.22999954223633,33.26499938964844,33.084999084472656,33.125,1111.0
2025-02-19 21:00:00-05:00,33.125,33.29999923706055,33.099998474121094,33.29499816894531,932.0
2025-02-19 22:00:00-05:00,33.290000915527344,33.349998474121094,33.255001068115234,33.31999969482422,615.0
2025-02-19 23:00:00-05:00,33.32500076293945,33.32500076293945,33.26499938964844,33.30500030517578,285.0
2025-02-20 00:00:00-05:00,33.30500030517578,33.380001068115234,33.30500030517578,33.380001068115234,533.0
2025-02-20 01:00:00-05:00,33.380001068115234,33.44499969482422,33.369998931884766,33.404998779296875,1020.0
2025-02-20 02:00:00-05:00,33.400001525878906,33.540000915527344,33.380001068115234,33.48500061035156,1785.0
2025-02-20 03:00:00-05:00,33.48500061035156,33.61000061035156,33.47999954223633,33.61000061035156,2402.0
2025-02-20 04:00:00-05:00,33.61000061035156,33.70000076293945,33.595001220703125,33.685001373291016,2413.0
2025-02-20 05:00:00-05:00,33.68000030517578,33.744998931884766,33.66999816894531,33.73500061035156,2226.0
2025-02-20 06:00:00-05:00,33.73500061035156,33.78499984741211,33.56999969482422,33.63999938964844,2576.0
2025-02-20 07:00:00-05:00,33.64500045776367,33.67499923706055,33.525001525878906,33.650001525878906,3513.0
2025-02-20 08:00:00-05:00,33.650001525878906,33.71500015258789,33.39500045776367,33.47999954223633,6368.0
2025-02-20 09:00:00-05:00,33.474998474121094,33.650001525878906,33.26499938964844,33.43000030517578,8983.0
2025-02-20 10:00:00-05:00,33.435001373291016,33.53499984741211,33.36000061035156,33.435001373291016,6356.0
2025-02-20 11:00:00-05:00,33.439998626708984,33.529998779296875,33.380001068115234,33.45500183105469,3326.0
2025-02-20 12:00:00-05:00,33.45000076293945,33.584999084472656,33.400001525878906,33.4900016784668,3137.0
2025-02-20 13:00:00-05:00,33.48500061035156,33.525001525878906,33.43000030517578,33.4900016784668,3062.0
2025-02-20 14:00:00-05:00,33.48500061035156,33.48500061035156,33.30500030517578,33.42499923706055,2458.0
2025-02-20 15:00:00-05:00,33.41999816894531,33.41999816894531,33.314998626708984,33.380001068115234,1217.0
2025-02-20 16:00:00-05:00,33.3849983215332,33.45500183105469,33.3849983215332,33.45500183105469,636.0
2025-02-20 18:00:00-05:00,33.45000076293945,33.470001220703125,33.404998779296875,33.439998626708984,0.0
2025-02-20 19:00:00-05:00,33.435001373291016,33.459999084472656,33.345001220703125,33.369998931884766,589.0
2025-02-20 20:00:00-05:00,33.3650016784668,33.540000915527344,33.28499984741211,33.310001373291016,2100.0
2025-02-20 21:00:00-05:00,33.29999923706055,33.47999954223633,33.28499984741211,33.45500183105469,890.0
2025-02-20 22:00:00-05:00,33.45500183105469,33.459999084472656,33.2599983215332,33.30500030517578,1090.0
2025-02-20 23:00:00-05:00,33.30500030517578,33.32500076293945,33.189998626708984,33.20500183105469,753.0
2025-02-21 00:00:00-05:00,33.209999084472656,33.34000015258789,33.15999984741211,33.275001525878906,1356.0
2025-02-21 01:00:00-05:00,33.27000045776367,33.334999084472656,33.185001373291016,33.33000183105469,986.0
2025-02-21 02:00:00-05:00,33.32500076293945,33.435001373291016,33.310001373291016,33.349998474121094,1174.0
2025-02-21 03:00:00-05:00,33.349998474121094,33.435001373291016,33.084999084472656,33.165000915527344,3707.0
2025-02-21 04:00:00-05:00,33.15999984741211,33.35499954223633,33.15999984741211,33.290000915527344,1405.0
2025-02-21 05:00:00-05:00,33.290000915527344,33.35499954223633,33.279998779296875,33.345001220703125,853.0
2025-02-21 06:00:00-05:00,33.34000015258789,33.435001373291016,33.32500076293945,33.34000015258789,1165.0
2025-02-21 07:00:00-05:00,33.34000015258789,33.435001373291016,33.29499816894531,33.29999923706055,1753.0
2025-02-21 08:00:00-05:00,33.29999923706055,33.404998779296875,33.25,33.35499954223633,4292.0
2025-02-21 09:00:00-05:00,33.349998474121094,33.46500015258789,33.20500183105469,33.26499938964844,8871.0
2025-02-21 10:00:00-05:00,33.26499938964844,33.275001525878906,32.904998779296875,32.970001220703125,11454.0
2025-02-21 11:00:00-05:00,32.970001220703125,33.154998779296875,32.935001373291016,33.04999923706055,5866.0
2025-02-21 12:00:00-05:00,33.04999923706055,33.130001068115234,33.040000915527344,33.04499816894531,2603.0
2025-02-21 13:00:00-05:00,33.04999923706055,33.165000915527344,32.96500015258789,33.1150016784668,5828.0
2025-02-21 14:00:00-05:00,33.1150016784668,33.1150016784668,32.90999984741211,32.939998626708984,1650.0
2025-02-21 15:00:00-05:00,32.935001373291016,32.974998474121094,32.880001068115234,32.90999984741211,1924.0
2025-02-21 16:00:00-05:00,32.90999984741211,32.95500183105469,32.810001373291016,32.82500076293945,1256.0
2025-02-23 18:00:00-05:00,32.85499954223633,33.06999969482422,32.845001220703125,32.94499969482422,1627.0
2025-02-23 19:00:00-05:00,32.939998626708984,33.02000045776367,32.90999984741211,32.92499923706055,847.0
2025-02-23 20:00:00-05:00,32.92499923706055,32.94499969482422,32.755001068115234,32.875,2117.0
2025-02-23 21:00:00-05:00,32.8650016784668,33.095001220703125,32.79499816894531,33.08000183105469,1385.0
2025-02-23 22:00:00-05:00,33.07500076293945,33.119998931884766,33.0099983215332,33.03499984741211,1549.0
2025-02-23 23:00:00-05:00,33.04499816894531,33.07500076293945,33.005001068115234,33.04499816894531,375.0
2025-02-24 00:00:00-05:00,33.04499816894531,33.04499816894531,32.935001373291016,32.959999084472656,810.0
2025-02-24 01:00:00-05:00,32.95000076293945,33.064998626708984,32.93000030517578,33.01499938964844,920.0
2025-02-24 02:00:00-05:00,33.0099983215332,33.060001373291016,32.915000915527344,32.959999084472656,853.0
2025-02-24 03:00:00-05:00,32.959999084472656,33.0099983215332,32.80500030517578,32.95500183105469,1902.0
2025-02-24 04:00:00-05:00,32.95000076293945,32.974998474121094,32.85499954223633,32.89500045776367,1844.0
2025-02-24 05:00:00-05:00,32.8650016784668,32.88999938964844,32.77000045776367,32.80500030517578,1071.0
2025-02-24 06:00:00-05:00,32.80500030517578,32.8849983215332,32.790000915527344,32.880001068115234,1653.0
2025-02-24 07:00:00-05:00,32.875,32.91999816894531,32.79499816894531,32.904998779296875,2025.0
2025-02-24 08:00:00-05:00,32.90999984741211,33.029998779296875,32.85499954223633,33.025001525878906,6176.0
2025-02-24 09:00:00-05:00,33.025001525878906,33.099998474121094,32.665000915527344,32.68000030517578,10647.0
2025-02-24 10:00:00-05:00,32.67499923706055,32.70000076293945,32.39500045776367,32.5,10853.0
2025-02-24 11:00:00-05:00,32.494998931884766,32.63999938964844,32.4900016784668,32.584999084472656,5606.0
2025-02-24 12:00:00-05:00,32.584999084472656,32.625,32.54999923706055,32.599998474121094,3124.0
2025-02-24 13:00:00-05:00,32.60499954223633,32.67499923706055,32.584999084472656,32.64500045776367,4216.0
2025-02-24 14:00:00-05:00,32.64500045776367,32.755001068115234,32.64500045776367,32.689998626708984,1822.0
2025-02-24 15:00:00-05:00,32.689998626708984,32.75,32.665000915527344,32.67499923706055,1525.0
2025-02-24 16:00:00-05:00,32.67499923706055,32.73500061035156,32.65999984741211,32.71500015258789,844.0
2025-02-24 18:00:00-05:00,32.720001220703125,32.75,32.59000015258789,32.61000061035156,0.0
2025-02-24 19:00:00-05:00,32.619998931884766,32.650001525878906,32.58000183105469,32.599998474121094,625.0
2025-02-24 20:00:00-05:00,32.599998474121094,32.77000045776367,32.58000183105469,32.76499938964844,1661.0
2025-02-24 21:00:00-05:00,32.77000045776367,32.790000915527344,32.709999084472656,32.77000045776367,518.0
2025-02-24 22:00:00-05:00,32.775001525878906,32.790000915527344,32.70000076293945,32.724998474121094,484.0
2025-02-24 23:00:00-05:00,32.724998474121094,32.73500061035156,32.595001220703125,32.6349983215332,563.0
2025-02-25 00:00:00-05:00,32.619998931884766,32.665000915527344,32.58000183105469,32.60499954223633,566.0
2025-02-25 01:00:00-05:00,32.60499954223633,32.654998779296875,32.57500076293945,32.59000015258789,850.0
2025-02-25 02:00:00-05:00,32.59000015258789,32.685001373291016,32.29999923706055,32.31999969482422,2343.0
2025-02-25 03:00:00-05:00,32.33000183105469,32.54999923706055,32.33000183105469,32.53499984741211,1953.0
2025-02-25 04:00:00-05:00,32.53499984741211,32.54999923706055,32.470001220703125,32.5099983215332,882.0
2025-02-25 05:00:00-05:00,32.51499938964844,32.60499954223633,32.459999084472656,32.470001220703125,1475.0
2025-02-25 06:00:00-05:00,32.470001220703125,32.54999923706055,32.459999084472656,32.505001068115234,1059.0
2025-02-25 07:00:00-05:00,32.5099983215332,32.529998779296875,32.03499984741211,32.20000076293945,6845.0
2025-02-25 08:00:00-05:00,32.20500183105469,32.474998474121094,32.16999816894531,32.39500045776367,5463.0
2025-02-25 09:00:00-05:00,32.39500045776367,32.564998626708984,32.32500076293945,32.32500076293945,6692.0
2025-02-25 10:00:00-05:00,32.334999084472656,32.36000061035156,31.80500030517578,31.854999542236328,13510.0
2025-02-25 11:00:00-05:00,31.860000610351562,31.8799991607666,31.600000381469727,31.795000076293945,9745.0
2025-02-25 12:00:00-05:00,31.790000915527344,31.885000228881836,31.719999313354492,31.850000381469727,4017.0
2025-02-25 13:00:00-05:00,31.860000610351562,31.975000381469727,31.809999465942383,31.889999389648438,5997.0
2025-02-25 14:00:00-05:00,31.885000228881836,31.94499969482422,31.75,31.940000534057617,2057.0
2025-02-25 15:00:00-05:00,31.93000030517578,31.979999542236328,31.915000915527344,31.969999313354492,1309.0
2025-02-25 16:00:00-05:00,31.969999313354492,32.1150016784668,31.954999923706055,32.05500030517578,0.0
2025-02-25 18:00:00-05:00,32.040000915527344,32.13999938964844,32.03499984741211,32.1349983215332,584.0
2025-02-25 19:00:00-05:00,32.13999938964844,32.154998779296875,32.05500030517578,32.084999084472656,267.0
2025-02-25 20:00:00-05:00,32.084999084472656,32.16999816894531,32.03499984741211,32.07500076293945,855.0
2025-02-25 21:00:00-05:00,32.07500076293945,32.14500045776367,32.04499816894531,32.1349983215332,548.0
2025-02-25 22:00:00-05:00,32.125,32.15999984741211,32.11000061035156,32.1150016784668,316.0
2025-02-25 23:00:00-05:00,32.125,32.1349983215332,32.060001373291016,32.07500076293945,282.0
2025-02-26 00:00:00-05:00,32.084999084472656,32.189998626708984,32.084999084472656,32.119998931884766,433.0
2025-02-26 01:00:00-05:00,32.130001068115234,32.130001068115234,31.985000610351562,31.985000610351562,630.0
2025-02-26 02:00:00-05:00,31.979999542236328,32.1150016784668,31.96500015258789,32.099998474121094,1081.0
2025-02-26 03:00:00-05:00,32.099998474121094,32.2599983215332,32.04999923706055,32.23500061035156,1623.0
2025-02-26 04:00:00-05:00,32.23500061035156,32.244998931884766,32.08000183105469,32.099998474121094,1617.0
2025-02-26 05:00:00-05:00,32.10499954223633,32.17499923706055,32.03499984741211,32.03499984741211,816.0
2025-02-26 06:00:00-05:00,32.04499816894531,32.1349983215332,32.025001525878906,32.03499984741211,1117.0
2025-02-26 07:00:00-05:00,32.040000915527344,32.130001068115234,32.03499984741211,32.125,3211.0
2025-02-26 08:00:00-05:00,32.125,32.154998779296875,31.975000381469727,32.0099983215332,3567.0
2025-02-26 09:00:00-05:00,32.005001068115234,32.04999923706055,31.790000915527344,32.0,7344.0
2025-02-26 10:00:00-05:00,32.005001068115234,32.224998474121094,31.969999313354492,32.19499969482422,3420.0
2025-02-26 11:00:00-05:00,32.20500183105469,32.29499816894531,32.18000030517578,32.22999954223633,2434.0
2025-02-26 12:00:00-05:00,32.22999954223633,32.29999923706055,32.20000076293945,32.25,1865.0
2025-02-26 13:00:00-05:00,32.25,32.28499984741211,32.099998474121094,32.130001068115234,1753.0
2025-02-26 14:00:00-05:00,32.1150016784668,32.165000915527344,32.07500076293945,32.119998931884766,966.0
2025-02-26 15:00:00-05:00,32.119998931884766,32.17499923706055,32.084999084472656,32.154998779296875,696.0
2025-02-26 16:00:00-05:00,32.150001525878906,32.2400016784668,32.150001525878906,32.224998474121094,864.0
2025-02-26 18:00:00-05:00,32.23500061035156,32.290000915527344,32.220001220703125,32.275001525878906,0.0
2025-02-26 19:00:00-05:00,32.20000076293945,32.2400016784668,32.19499969482422,32.224998474121094,39.0
2025-02-26 20:00:00-05:00,32.224998474121094,32.275001525878906,32.189998626708984,32.209999084472656,135.0
2025-02-26 21:00:00-05:00,32.185001373291016,32.185001373291016,32.04999923706055,32.06999969482422,107.0
2025-02-26 22:00:00-05:00,32.095001220703125,32.095001220703125,32.0099983215332,32.029998779296875,107.0
2025-02-26 23:00:00-05:00,32.02000045776367,32.029998779296875,31.96500015258789,31.979999542236328,61.0
2025-02-27 00:00:00-05:00,31.950000762939453,31.954999923706055,31.844999313354492,31.899999618530273,529.0
2025-02-27 01:00:00-05:00,31.93000030517578,32.060001373291016,31.93000030517578,32.029998779296875,81.0
2025-02-27 02:00:00-05:00,32.03499984741211,32.154998779296875,32.0,32.1150016784668,370.0
2025-02-27 03:00:00-05:00,32.095001220703125,32.34000015258789,31.94499969482422,32.2599983215332,11588.0
2025-02-27 04:00:00-05:00,32.2599983215332,32.43000030517578,31.920000076293945,32.404998779296875,2161.0
2025-02-27 05:00:00-05:00,32.404998779296875,32.47999954223633,32.08000183105469,32.470001220703125,1106.0
2025-02-27 06:00:00-05:00,32.470001220703125,32.52000045776367,32.04499816894531,32.369998931884766,1739.0
2025-02-27 07:00:00-05:00,32.375,32.540000915527344,32.04999923706055,32.494998931884766,3311.0
2025-02-27 08:00:00-05:00,32.189998626708984,32.55500030517578,32.07500076293945,32.404998779296875,6522.0
2025-02-27 09:00:00-05:00,32.400001525878906,32.47999954223633,31.68000030517578,32.02000045776367,10654.0
2025-02-27 10:00:00-05:00,32.025001525878906,32.20500183105469,31.540000915527344,32.01499938964844,9041.0
2025-02-27 11:00:00-05:00,32.025001525878906,32.09000015258789,31.639999389648438,32.04499816894531,3372.0
2025-02-27 12:00:00-05:00,32.04499816894531,32.1150016784668,31.725000381469727,32.06999969482422,2098.0
2025-02-27 13:00:00-05:00,32.064998626708984,32.150001525878906,31.760000228881836,32.084999084472656,3601.0
2025-02-27 14:00:00-05:00,32.084999084472656,32.095001220703125,31.540000915527344,31.889999389648438,2388.0
2025-02-27 15:00:00-05:00,31.889999389648438,31.895000457763672,31.469999313354492,31.795000076293945,2290.0
2025-02-27 16:00:00-05:00,31.4950008392334,31.8700008392334,31.475000381469727,31.860000610351562,889.0
2025-02-27 18:00:00-05:00,31.854999542236328,31.8700008392334,31.80500030517578,31.809999465942383,0.0
2025-02-27 19:00:00-05:00,31.809999465942383,31.8700008392334,31.575000762939453,31.81999969482422,752.0
2025-02-27 20:00:00-05:00,31.825000762939453,31.924999237060547,31.549999237060547,31.825000762939453,2637.0
2025-02-27 21:00:00-05:00,31.825000762939453,31.924999237060547,31.540000915527344,31.84000015258789,963.0
2025-02-27 22:00:00-05:00,31.844999313354492,31.93000030517578,31.469999313354492,31.774999618530273,1438.0
2025-02-27 23:00:00-05:00,31.774999618530273,31.809999465942383,31.44499969482422,31.7549991607666,864.0
2025-02-28 00:00:00-05:00,31.75,31.815000534057617,31.415000915527344,31.770000457763672,1580.0
2025-02-28 01:00:00-05:00,31.770000457763672,31.795000076293945,31.459999084472656,31.729999542236328,1444.0
2025-02-28 02:00:00-05:00,31.725000381469727,31.75,31.299999237060547,31.635000228881836,2485.0
2025-02-28 03:00:00-05:00,31.635000228881836,31.68000030517578,31.274999618530273,31.604999542236328,3077.0
2025-02-28 04:00:00-05:00,31.604999542236328,31.725000381469727,31.385000228881836,31.674999237060547,1624.0
2025-02-28 05:00:00-05:00,31.665000915527344,31.71500015258789,31.360000610351562,31.68000030517578,953.0
2025-02-28 06:00:00-05:00,31.684999465942383,31.7450008392334,31.350000381469727,31.729999542236328,788.0
2025-02-28 07:00:00-05:00,31.719999313354492,31.7549991607666,31.604999542236328,31.65999984741211,1953.0
2025-02-28 08:00:00-05:00,31.65999984741211,31.809999465942383,31.415000915527344,31.575000762939453,5271.0
2025-02-28 09:00:00-05:00,31.579999923706055,31.68000030517578,31.084999084472656,31.399999618530273,8834.0
2025-02-28 10:00:00-05:00,31.40999984741211,31.729999542236328,31.1299991607666,31.719999313354492,5731.0
2025-02-28 11:00:00-05:00,31.725000381469727,31.774999618530273,31.31999969482422,31.600000381469727,3431.0
2025-02-28 12:00:00-05:00,31.600000381469727,31.649999618530273,31.2549991607666,31.530000686645508,1723.0
2025-02-28 13:00:00-05:00,31.530000686645508,31.604999542236328,31.204999923706055,31.514999389648438,3802.0
2025-02-28 14:00:00-05:00,31.514999389648438,31.655000686645508,31.25,31.625,1457.0
2025-02-28 15:00:00-05:00,31.625,31.704999923706055,31.354999542236328,31.68000030517578,1726.0
2025-02-28 16:00:00-05:00,31.674999237060547,31.739999771118164,31.43000030517578,31.709999084472656,722.0
2025-03-02 18:00:00-05:00,31.434999465942383,31.924999237060547,31.434999465942383,31.8799991607666,1936.0
2025-03-02 19:00:00-05:00,31.8700008392334,31.8700008392334,31.7549991607666,31.774999618530273,1047.0
2025-03-02 20:00:00-05:00,31.780000686645508,31.94499969482422,31.55500030517578,31.889999389648438,2156.0
2025-03-02 21:00:00-05:00,31.895000457763672,31.969999313354492,31.68000030517578,31.864999771118164,1005.0
2025-03-02 22:00:00-05:00,31.860000610351562,31.864999771118164,31.565000534057617,31.834999084472656,1050.0
2025-03-02 23:00:00-05:00,31.834999084472656,31.860000610351562,31.549999237060547,31.844999313354492,310.0
2025-03-03 00:00:00-05:00,31.829999923706055,31.829999923706055,31.440000534057617,31.760000228881836,515.0
2025-03-03 01:00:00-05:00,31.7549991607666,31.795000076293945,31.690000534057617,31.760000228881836,835.0
2025-03-03 02:00:00-05:00,31.764999389648438,31.770000457763672,31.375,31.71500015258789,1018.0
2025-03-03 03:00:00-05:00,31.709999084472656,31.864999771118164,31.43000030517578,31.864999771118164,2323.0
2025-03-03 04:00:00-05:00,31.860000610351562,31.979999542236328,31.600000381469727,31.96500015258789,1758.0
2025-03-03 05:00:00-05:00,31.96500015258789,32.064998626708984,31.69499969482422,32.029998779296875,1359.0
2025-03-03 06:00:00-05:00,32.03499984741211,32.119998931884766,31.799999237060547,32.060001373291016,2163.0
2025-03-03 07:00:00-05:00,32.05500030517578,32.26499938964844,31.795000076293945,32.244998931884766,3597.0
2025-03-03 08:00:00-05:00,32.244998931884766,32.34000015258789,32.005001068115234,32.290000915527344,6034.0
2025-03-03 09:00:00-05:00,32.28499984741211,32.470001220703125,32.05500030517578,32.290000915527344,9371.0
2025-03-03 10:00:00-05:00,32.27000045776367,32.4900016784668,32.03499984741211,32.38999938964844,6739.0
2025-03-03 11:00:00-05:00,32.39500045776367,32.43000030517578,32.10499954223633,32.415000915527344,2759.0
2025-03-03 12:00:00-05:00,32.40999984741211,32.439998626708984,32.09000015258789,32.349998474121094,2676.0
2025-03-03 13:00:00-05:00,32.345001220703125,32.36000061035156,31.905000686645508,32.025001525878906,0.0
2025-03-03 14:00:00-05:00,32.29499816894531,32.349998474121094,31.78499984741211,32.09000015258789,55846.0
2025-03-03 15:00:00-05:00,32.09000015258789,32.185001373291016,31.78499984741211,32.16999816894531,3206.0
2025-03-03 16:00:00-05:00,32.16999816894531,32.279998779296875,32.16999816894531,32.26499938964844,967.0
2025-03-03 18:00:00-05:00,32.26499938964844,32.279998779296875,32.220001220703125,32.22999954223633,0.0
2025-03-03 19:00:00-05:00,32.224998474121094,32.25,32.16999816894531,32.25,644.0
2025-03-03 20:00:00-05:00,32.255001068115234,32.275001525878906,31.84000015258789,32.1349983215332,1834.0
2025-03-03 21:00:00-05:00,32.1349983215332,32.17499923706055,32.064998626708984,32.084999084472656,839.0
2025-03-03 22:00:00-05:00,32.084999084472656,32.255001068115234,32.084999084472656,32.189998626708984,887.0
2025-03-03 23:00:00-05:00,32.185001373291016,32.25,31.979999542236328,32.2400016784668,291.0
2025-03-04 00:00:00-05:00,32.22999954223633,32.314998626708984,32.19499969482422,32.27000045776367,660.0
2025-03-04 01:00:00-05:00,32.25,32.26499938964844,31.954999923706055,32.2599983215332,630.0
2025-03-04 02:00:00-05:00,32.26499938964844,32.349998474121094,31.979999542236328,32.30500030517578,989.0
2025-03-04 03:00:00-05:00,32.29999923706055,32.474998474121094,32.0,32.380001068115234,2726.0
2025-03-04 04:00:00-05:00,32.3849983215332,32.560001373291016,32.19499969482422,32.51499938964844,2148.0
2025-03-04 05:00:00-05:00,32.5099983215332,32.5099983215332,32.185001373291016,32.459999084472656,1496.0
2025-03-04 06:00:00-05:00,32.19499969482422,32.52000045776367,32.18000030517578,32.51499938964844,1068.0
2025-03-04 07:00:00-05:00,32.51499938964844,32.584999084472656,32.290000915527344,32.57500076293945,1916.0
2025-03-04 08:00:00-05:00,32.57500076293945,32.61000061035156,32.099998474121094,32.41999816894531,4350.0
2025-03-04 09:00:00-05:00,32.17499923706055,32.525001525878906,31.954999923706055,32.20000076293945,6029.0
2025-03-04 10:00:00-05:00,32.19499969482422,32.27000045776367,31.770000457763672,32.11000061035156,6446.0
2025-03-04 11:00:00-05:00,32.10499954223633,32.334999084472656,31.80500030517578,32.310001373291016,4170.0
2025-03-04 12:00:00-05:00,32.31999969482422,32.38999938964844,32.064998626708984,32.33000183105469,2465.0
2025-03-04 13:00:00-05:00,32.33000183105469,32.45500183105469,32.1349983215332,32.44499969482422,2584.0
2025-03-04 14:00:00-05:00,32.44499969482422,32.57500076293945,32.18000030517578,32.54499816894531,2935.0
2025-03-04 15:00:00-05:00,32.540000915527344,32.65999984741211,32.244998931884766,32.5,3570.0
2025-03-04 16:00:00-05:00,32.5,32.59000015258789,32.26499938964844,32.56999969482422,918.0
2025-03-04 18:00:00-05:00,32.560001373291016,32.59000015258789,32.525001525878906,32.540000915527344,0.0
2025-03-04 19:00:00-05:00,32.529998779296875,32.54499816894531,32.4900016784668,32.494998931884766,554.0
2025-03-04 20:00:00-05:00,32.494998931884766,32.525001525878906,32.16999816894531,32.43000030517578,1680.0
2025-03-04 21:00:00-05:00,32.43000030517578,32.55500030517578,32.189998626708984,32.45500183105469,1155.0
2025-03-04 22:00:00-05:00,32.44499969482422,32.595001220703125,32.16999816894531,32.55500030517578,1151.0
2025-03-04 23:00:00-05:00,32.55500030517578,32.599998474121094,32.55500030517578,32.58000183105469,479.0
2025-03-05 00:00:00-05:00,32.56999969482422,32.685001373291016,32.30500030517578,32.68000030517578,1124.0
2025-03-05 01:00:00-05:00,32.685001373291016,32.7400016784668,32.400001525878906,32.689998626708984,1396.0
2025-03-05 02:00:00-05:00,32.69499969482422,32.89500045776367,32.69499969482422,32.845001220703125,2198.0
2025-03-05 03:00:00-05:00,32.834999084472656,32.96500015258789,32.810001373291016,32.935001373291016,2271.0
2025-03-05 04:00:00-05:00,32.935001373291016,32.97999954223633,32.665000915527344,32.95500183105469,1228.0
2025-03-05 05:00:00-05:00,32.95500183105469,32.97999954223633,32.685001373291016,32.86000061035156,1761.0
2025-03-05 06:00:00-05:00,32.849998474121094,32.90999984741211,32.790000915527344,32.85499954223633,1602.0
2025-03-05 07:00:00-05:00,32.85499954223633,33.01499938964844,32.70500183105469,32.915000915527344,1988.0
2025-03-05 08:00:00-05:00,32.91999816894531,32.92499923706055,32.224998474121094,32.65999984741211,10364.0
2025-03-05 09:00:00-05:00,32.380001068115234,32.9900016784668,32.2599983215332,32.915000915527344,8420.0
2025-03-05 10:00:00-05:00,32.60499954223633,33.11000061035156,32.595001220703125,33.029998779296875,7449.0
2025-03-05 11:00:00-05:00,33.025001525878906,33.189998626708984,32.81999969482422,33.08000183105469,4847.0
2025-03-05 12:00:00-05:00,33.08000183105469,33.130001068115234,32.79999923706055,33.125,3275.0
2025-03-05 13:00:00-05:00,33.125,33.16999816894531,32.73500061035156,33.1349983215332,5176.0
2025-03-05 14:00:00-05:00,33.13999938964844,33.279998779296875,33.119998931884766,33.26499938964844,2051.0
2025-03-05 15:00:00-05:00,33.26499938964844,33.310001373291016,33.0,33.29499816894531,1824.0
2025-03-05 16:00:00-05:00,33.29499816894531,33.29499816894531,32.98500061035156,33.2400016784668,804.0
2025-03-05 18:00:00-05:00,33.23500061035156,33.275001525878906,32.97999954223633,33.22999954223633,0.0
2025-03-05 19:00:00-05:00,33.22999954223633,33.255001068115234,33.18000030517578,33.185001373291016,546.0
2025-03-05 20:00:00-05:00,33.185001373291016,33.30500030517578,33.16999816894531,33.2599983215332,2335.0
2025-03-05 21:00:00-05:00,33.26499938964844,33.334999084472656,33.16999816894531,33.255001068115234,1136.0
2025-03-05 22:00:00-05:00,33.2599983215332,33.2599983215332,33.16999816894531,33.20500183105469,601.0
2025-03-05 23:00:00-05:00,33.209999084472656,33.21500015258789,33.154998779296875,33.20000076293945,323.0
2025-03-06 00:00:00-05:00,33.189998626708984,33.19499969482422,32.915000915527344,33.154998779296875,810.0
2025-03-06 01:00:00-05:00,33.16999816894531,33.244998931884766,33.165000915527344,33.224998474121094,655.0
2025-03-06 02:00:00-05:00,33.22999954223633,33.26499938964844,33.09000015258789,33.095001220703125,1270.0
2025-03-06 03:00:00-05:00,33.099998474121094,33.185001373291016,32.79999923706055,33.09000015258789,2235.0
2025-03-06 04:00:00-05:00,33.084999084472656,33.099998474121094,32.86000061035156,32.92499923706055,4311.0
2025-03-06 05:00:00-05:00,32.91999816894531,33.0099983215332,32.70000076293945,32.939998626708984,1908.0
2025-03-06 06:00:00-05:00,32.935001373291016,33.04999923706055,32.755001068115234,33.040000915527344,663.0
2025-03-06 07:00:00-05:00,33.03499984741211,33.06999969482422,32.779998779296875,32.959999084472656,1941.0
2025-03-06 08:00:00-05:00,32.95500183105469,33.05500030517578,32.630001068115234,32.97999954223633,4169.0
2025-03-06 09:00:00-05:00,32.970001220703125,33.29499816894531,32.81999969482422,33.244998931884766,5374.0
2025-03-06 10:00:00-05:00,33.244998931884766,33.380001068115234,32.915000915527344,33.255001068115234,7144.0
2025-03-06 11:00:00-05:00,33.255001068115234,33.36000061035156,33.02000045776367,33.279998779296875,3196.0
2025-03-06 12:00:00-05:00,33.275001525878906,33.31999969482422,32.904998779296875,33.20500183105469,2995.0
2025-03-06 13:00:00-05:00,33.20500183105469,33.349998474121094,33.029998779296875,33.2400016784668,4045.0
2025-03-06 14:00:00-05:00,33.2400016784668,33.290000915527344,32.86000061035156,33.189998626708984,2038.0
2025-03-06 15:00:00-05:00,33.185001373291016,33.22999954223633,32.900001525878906,33.165000915527344,1285.0
2025-03-06 16:00:00-05:00,33.165000915527344,33.209999084472656,33.154998779296875,33.209999084472656,827.0
2025-03-06 18:00:00-05:00,33.209999084472656,33.25,33.16999816894531,33.18000030517578,0.0
2025-03-06 19:00:00-05:00,33.17499923706055,33.189998626708984,33.125,33.16999816894531,763.0
2025-03-06 20:00:00-05:00,33.16999816894531,33.19499969482422,33.06999969482422,33.11000061035156,1125.0
2025-03-06 21:00:00-05:00,33.11000061035156,33.2599983215332,33.06999969482422,33.21500015258789,1127.0
2025-03-06 22:00:00-05:00,33.209999084472656,33.22999954223633,33.14500045776367,33.16999816894531,1200.0
2025-03-06 23:00:00-05:00,33.17499923706055,33.22999954223633,33.17499923706055,33.18000030517578,168.0
2025-03-07 00:00:00-05:00,33.19499969482422,33.255001068115234,33.18000030517578,33.189998626708984,563.0
2025-03-07 01:00:00-05:00,33.19499969482422,33.19499969482422,33.130001068115234,33.16999816894531,616.0
2025-03-07 02:00:00-05:00,33.15999984741211,33.2400016784668,33.154998779296875,33.220001220703125,758.0
2025-03-07 03:00:00-05:00,33.21500015258789,33.310001373291016,33.16999816894531,33.275001525878906,2022.0
2025-03-07 04:00:00-05:00,33.275001525878906,33.310001373291016,33.255001068115234,33.28499984741211,1192.0
2025-03-07 05:00:00-05:00,33.290000915527344,33.290000915527344,33.165000915527344,33.18000030517578,675.0
2025-03-07 06:00:00-05:00,33.18000030517578,33.21500015258789,32.93000030517578,33.1150016784668,988.0
2025-03-07 07:00:00-05:00,33.119998931884766,33.119998931884766,32.689998626708984,32.974998474121094,2312.0
2025-03-07 08:00:00-05:00,32.96500015258789,33.154998779296875,32.55500030517578,32.834999084472656,9638.0
2025-03-07 09:00:00-05:00,32.56999969482422,33.15999984741211,32.404998779296875,33.099998474121094,9564.0
2025-03-07 10:00:00-05:00,33.10499954223633,33.17499923706055,32.69499969482422,32.84000015258789,7852.0
2025-03-07 11:00:00-05:00,32.834999084472656,32.8650016784668,32.654998779296875,32.68000030517578,5632.0
2025-03-07 12:00:00-05:00,32.685001373291016,32.80500030517578,32.560001373291016,32.7599983215332,4174.0
2025-03-07 13:00:00-05:00,32.755001068115234,32.8849983215332,32.54999923706055,32.8650016784668,3625.0
2025-03-07 14:00:00-05:00,32.86000061035156,32.94499969482422,32.814998626708984,32.86000061035156,1504.0
2025-03-07 15:00:00-05:00,32.85499954223633,32.96500015258789,32.849998474121094,32.935001373291016,1358.0
2025-03-07 16:00:00-05:00,32.93000030517578,32.95500183105469,32.900001525878906,32.915000915527344,692.0
2025-03-09 18:00:00-04:00,32.94499969482422,32.97999954223633,32.84000015258789,32.915000915527344,605.0
2025-03-09 19:00:00-04:00,32.91999816894531,33.04499816894531,32.88999938964844,33.005001068115234,746.0
2025-03-09 20:00:00-04:00,33.005001068115234,33.06999969482422,32.98500061035156,33.0099983215332,834.0
2025-03-09 21:00:00-04:00,33.01499938964844,33.150001525878906,32.974998474121094,32.994998931884766,1818.0
2025-03-09 22:00:00-04:00,32.98500061035156,32.9900016784668,32.849998474121094,32.8849983215332,1147.0
2025-03-09 23:00:00-04:00,32.8849983215332,32.935001373291016,32.849998474121094,32.900001525878906,529.0
2025-03-10 00:00:00-04:00,32.904998779296875,32.935001373291016,32.88999938964844,32.904998779296875,243.0
2025-03-10 01:00:00-04:00,32.900001525878906,32.93000030517578,32.810001373291016,32.869998931884766,588.0
2025-03-10 02:00:00-04:00,32.880001068115234,32.959999084472656,32.875,32.95000076293945,544.0
2025-03-10 03:00:00-04:00,32.95500183105469,33.14500045776367,32.76499938964844,33.060001373291016,2071.0
2025-03-10 04:00:00-04:00,33.064998626708984,33.125,32.78499984741211,32.814998626708984,1891.0
2025-03-10 05:00:00-04:00,32.814998626708984,33.099998474121094,32.790000915527344,33.04499816894531,1520.0
2025-03-10 06:00:00-04:00,33.04999923706055,33.05500030517578,32.85499954223633,32.90999984741211,1494.0
2025-03-10 07:00:00-04:00,32.91999816894531,32.95000076293945,32.85499954223633,32.93000030517578,902.0
2025-03-10 08:00:00-04:00,32.93000030517578,33.02000045776367,32.70000076293945,33.0099983215332,1920.0
2025-03-10 09:00:00-04:00,33.0099983215332,33.0099983215332,32.6150016784668,32.73500061035156,6858.0
2025-03-10 10:00:00-04:00,32.72999954223633,32.75,32.45000076293945,32.63999938964844,7069.0
2025-03-10 11:00:00-04:00,32.64500045776367,32.7400016784668,32.41999816894531,32.630001068115234,3009.0
2025-03-10 12:00:00-04:00,32.6349983215332,32.65999984741211,32.494998931884766,32.5099983215332,2973.0
2025-03-10 13:00:00-04:00,32.505001068115234,32.540000915527344,32.150001525878906,32.38999938964844,6103.0
2025-03-10 14:00:00-04:00,32.3849983215332,32.45500183105469,32.34000015258789,32.36000061035156,3305.0
2025-03-10 15:00:00-04:00,32.35499954223633,32.5099983215332,32.1349983215332,32.3849983215332,2926.0
2025-03-10 16:00:00-04:00,32.3849983215332,32.47999954223633,32.369998931884766,32.45500183105469,905.0
2025-03-10 18:00:00-04:00,32.459999084472656,32.48500061035156,32.380001068115234,32.39500045776367,0.0
2025-03-10 19:00:00-04:00,32.39500045776367,32.41999816894531,32.345001220703125,32.38999938964844,541.0
2025-03-10 20:00:00-04:00,32.3849983215332,32.42499923706055,32.314998626708984,32.36000061035156,829.0
2025-03-10 21:00:00-04:00,32.369998931884766,32.45500183105469,32.21500015258789,32.415000915527344,2080.0
2025-03-10 22:00:00-04:00,32.42499923706055,32.599998474121094,32.404998779296875,32.560001373291016,1274.0
2025-03-10 23:00:00-04:00,32.564998626708984,32.599998474121094,32.53499984741211,32.56999969482422,589.0
2025-03-11 00:00:00-04:00,32.55500030517578,32.6150016784668,32.52000045776367,32.61000061035156,614.0
2025-03-11 01:00:00-04:00,32.61000061035156,32.625,32.46500015258789,32.525001525878906,855.0
2025-03-11 02:00:00-04:00,32.529998779296875,32.65999984741211,32.27000045776367,32.650001525878906,1229.0
2025-03-11 03:00:00-04:00,32.650001525878906,32.67499923706055,32.595001220703125,32.65999984741211,1046.0
2025-03-11 04:00:00-04:00,32.65999984741211,32.845001220703125,32.6349983215332,32.84000015258789,1855.0
2025-03-11 05:00:00-04:00,32.84000015258789,32.96500015258789,32.84000015258789,32.94499969482422,1878.0
2025-03-11 06:00:00-04:00,32.94499969482422,33.02000045776367,32.91999816894531,32.9900016784668,1500.0
2025-03-11 07:00:00-04:00,32.9900016784668,33.0099983215332,32.685001373291016,32.994998931884766,2052.0
2025-03-11 08:00:00-04:00,32.994998931884766,33.0099983215332,32.689998626708984,32.96500015258789,3371.0
2025-03-11 09:00:00-04:00,32.96500015258789,33.345001220703125,32.86000061035156,33.21500015258789,12149.0
2025-03-11 10:00:00-04:00,33.20500183105469,33.400001525878906,32.900001525878906,33.150001525878906,8361.0
2025-03-11 11:00:00-04:00,33.14500045776367,33.26499938964844,33.07500076293945,33.18000030517578,3800.0
2025-03-11 12:00:00-04:00,33.185001373291016,33.244998931884766,32.92499923706055,33.165000915527344,2273.0
2025-03-11 13:00:00-04:00,33.15999984741211,33.2400016784668,33.09000015258789,33.185001373291016,3874.0
2025-03-11 14:00:00-04:00,33.189998626708984,33.38999938964844,33.18000030517578,33.36000061035156,2965.0
2025-03-11 15:00:00-04:00,33.35499954223633,33.44499969482422,33.310001373291016,33.3849983215332,2478.0
2025-03-11 16:00:00-04:00,33.3849983215332,33.41999816894531,33.35499954223633,33.380001068115234,686.0
2025-03-11 18:00:00-04:00,33.375,33.42499923706055,33.369998931884766,33.39500045776367,0.0
2025-03-11 19:00:00-04:00,33.39500045776367,33.39500045776367,33.33000183105469,33.345001220703125,459.0
2025-03-11 20:00:00-04:00,33.345001220703125,33.345001220703125,33.275001525878906,33.290000915527344,763.0
2025-03-11 21:00:00-04:00,33.279998779296875,33.349998474121094,33.2400016784668,33.310001373291016,1502.0
2025-03-11 22:00:00-04:00,33.29999923706055,33.34000015258789,33.2599983215332,33.290000915527344,479.0
2025-03-11 23:00:00-04:00,33.29999923706055,33.400001525878906,33.279998779296875,33.28499984741211,904.0
2025-03-12 00:00:00-04:00,33.279998779296875,33.314998626708984,33.2599983215332,33.27000045776367,355.0
2025-03-12 01:00:00-04:00,33.275001525878906,33.310001373291016,33.23500061035156,33.28499984741211,785.0
2025-03-12 02:00:00-04:00,33.290000915527344,33.345001220703125,33.18000030517578,33.20000076293945,1156.0
2025-03-12 03:00:00-04:00,33.20000076293945,33.40999984741211,33.189998626708984,33.38999938964844,2165.0
2025-03-12 04:00:00-04:00,33.38999938964844,33.505001068115234,33.35499954223633,33.494998931884766,1963.0
2025-03-12 05:00:00-04:00,33.5,33.52000045776367,33.42499923706055,33.439998626708984,1671.0
2025-03-12 06:00:00-04:00,33.435001373291016,33.47999954223633,33.41999816894531,33.45000076293945,986.0
2025-03-12 07:00:00-04:00,33.45000076293945,33.58000183105469,33.45000076293945,33.53499984741211,2114.0
2025-03-12 08:00:00-04:00,33.529998779296875,33.790000915527344,33.4900016784668,33.67499923706055,9827.0
2025-03-12 09:00:00-04:00,33.67499923706055,33.67499923706055,33.39500045776367,33.51499938964844,9483.0
2025-03-12 10:00:00-04:00,33.5099983215332,33.6150016784668,33.435001373291016,33.595001220703125,4613.0
2025-03-12 11:00:00-04:00,33.59000015258789,33.66999816894531,33.51499938964844,33.650001525878906,4166.0
2025-03-12 12:00:00-04:00,33.654998779296875,33.7599983215332,33.599998474121094,33.69499969482422,3586.0
2025-03-12 13:00:00-04:00,33.70000076293945,33.814998626708984,33.685001373291016,33.71500015258789,3607.0
2025-03-12 14:00:00-04:00,33.71500015258789,33.80500030517578,33.709999084472656,33.775001525878906,1828.0
2025-03-12 15:00:00-04:00,33.77000045776367,33.779998779296875,33.654998779296875,33.66999816894531,1609.0
2025-03-12 16:00:00-04:00,33.67499923706055,33.73500061035156,33.66999816894531,33.724998474121094,1077.0
2025-03-12 18:00:00-04:00,33.724998474121094,33.76499938964844,33.71500015258789,33.755001068115234,0.0
2025-03-12 19:00:00-04:00,33.7599983215332,33.78499984741211,33.720001220703125,33.775001525878906,477.0
2025-03-12 20:00:00-04:00,33.779998779296875,33.82500076293945,33.76499938964844,33.810001373291016,434.0
2025-03-12 21:00:00-04:00,33.814998626708984,33.81999969482422,33.665000915527344,33.7400016784668,1782.0
2025-03-12 22:00:00-04:00,33.73500061035156,33.845001220703125,33.73500061035156,33.814998626708984,1494.0
2025-03-12 23:00:00-04:00,33.810001373291016,33.81999969482422,33.70500183105469,33.7400016784668,736.0
2025-03-13 00:00:00-04:00,33.73500061035156,33.77000045776367,33.66999816894531,33.685001373291016,452.0
2025-03-13 01:00:00-04:00,33.68000030517578,33.68000030517578,33.54499816894531,33.56999969482422,1509.0
2025-03-13 02:00:00-04:00,33.564998626708984,33.58000183105469,33.4900016784668,33.54499816894531,1281.0
2025-03-13 03:00:00-04:00,33.54499816894531,33.599998474121094,33.435001373291016,33.46500015258789,1213.0
2025-03-13 04:00:00-04:00,33.470001220703125,33.59000015258789,33.435001373291016,33.540000915527344,1228.0
2025-03-13 05:00:00-04:00,33.540000915527344,33.66999816894531,33.494998931884766,33.665000915527344,1371.0
2025-03-13 06:00:00-04:00,33.66999816894531,33.71500015258789,33.6349983215332,33.70500183105469,1222.0
2025-03-13 07:00:00-04:00,33.709999084472656,33.76499938964844,33.665000915527344,33.69499969482422,1261.0
2025-03-13 08:00:00-04:00,33.69499969482422,33.744998931884766,33.54999923706055,33.560001373291016,3182.0
2025-03-13 09:00:00-04:00,33.560001373291016,33.84000015258789,33.48500061035156,33.689998626708984,6717.0
2025-03-13 10:00:00-04:00,33.685001373291016,34.06999969482422,33.66999816894531,34.029998779296875,8478.0
2025-03-13 11:00:00-04:00,34.03499984741211,34.68000030517578,33.98500061035156,34.61000061035156,17848.0
2025-03-13 12:00:00-04:00,34.61000061035156,34.650001525878906,34.275001525878906,34.35499954223633,9870.0
2025-03-13 13:00:00-04:00,34.3650016784668,34.380001068115234,34.23500061035156,34.26499938964844,6529.0
2025-03-13 14:00:00-04:00,34.27000045776367,34.415000915527344,34.25,34.404998779296875,2386.0
2025-03-13 15:00:00-04:00,34.400001525878906,34.459999084472656,34.369998931884766,34.380001068115234,1865.0
2025-03-13 16:00:00-04:00,34.375,34.5,34.369998931884766,34.4900016784668,960.0
2025-03-13 18:00:00-04:00,34.505001068115234,34.56999969482422,34.45000076293945,34.529998779296875,0.0
2025-03-13 19:00:00-04:00,34.525001525878906,34.599998474121094,34.494998931884766,34.540000915527344,515.0
2025-03-13 20:00:00-04:00,34.529998779296875,34.53499984741211,34.42499923706055,34.43000030517578,1175.0
2025-03-13 21:00:00-04:00,34.43000030517578,34.57500076293945,34.42499923706055,34.56999969482422,1903.0
2025-03-13 22:00:00-04:00,34.56999969482422,34.60499954223633,34.5099983215332,34.525001525878906,984.0
2025-03-13 23:00:00-04:00,34.529998779296875,34.6349983215332,34.529998779296875,34.6349983215332,661.0
2025-03-14 00:00:00-04:00,34.654998779296875,34.685001373291016,34.54999923706055,34.564998626708984,626.0
2025-03-14 01:00:00-04:00,34.56999969482422,34.57500076293945,34.474998474121094,34.560001373291016,591.0
2025-03-14 02:00:00-04:00,34.560001373291016,34.68000030517578,34.47999954223633,34.58000183105469,2541.0
2025-03-14 03:00:00-04:00,34.584999084472656,34.724998474121094,34.53499984741211,34.70000076293945,1645.0
2025-03-14 04:00:00-04:00,34.70000076293945,34.790000915527344,34.619998931884766,34.775001525878906,2147.0
2025-03-14 05:00:00-04:00,34.775001525878906,34.814998626708984,34.73500061035156,34.78499984741211,2019.0
2025-03-14 06:00:00-04:00,34.78499984741211,34.849998474121094,34.53499984741211,34.66999816894531,3224.0
2025-03-14 07:00:00-04:00,34.66999816894531,34.775001525878906,34.63999938964844,34.63999938964844,1912.0
2025-03-14 08:00:00-04:00,34.650001525878906,34.86000061035156,34.64500045776367,34.720001220703125,4132.0
2025-03-14 09:00:00-04:00,34.720001220703125,34.724998474121094,34.23500061035156,34.349998474121094,9237.0
2025-03-14 10:00:00-04:00,34.32500076293945,34.45000076293945,34.13999938964844,34.290000915527344,9355.0
2025-03-14 11:00:00-04:00,34.279998779296875,34.380001068115234,34.165000915527344,34.2400016784668,3989.0
2025-03-14 12:00:00-04:00,34.22999954223633,34.400001525878906,34.220001220703125,34.375,3683.0
2025-03-14 13:00:00-04:00,34.380001068115234,34.46500015258789,34.334999084472656,34.3650016784668,3566.0
2025-03-14 14:00:00-04:00,34.369998931884766,34.38999938964844,34.29999923706055,34.310001373291016,1165.0
2025-03-14 15:00:00-04:00,34.30500030517578,34.369998931884766,34.27000045776367,34.310001373291016,1561.0
2025-03-14 16:00:00-04:00,34.29999923706055,34.369998931884766,34.224998474121094,34.3650016784668,857.0
2025-03-16 18:00:00-04:00,34.40999984741211,34.45500183105469,34.349998474121094,34.3849983215332,563.0
2025-03-16 19:00:00-04:00,34.380001068115234,34.439998626708984,34.36000061035156,34.3650016784668,607.0
2025-03-16 20:00:00-04:00,34.3650016784668,34.415000915527344,34.29999923706055,34.40999984741211,818.0
2025-03-16 21:00:00-04:00,34.404998779296875,34.45000076293945,34.349998474121094,34.3650016784668,1695.0
2025-03-16 22:00:00-04:00,34.36000061035156,34.3849983215332,34.30500030517578,34.35499954223633,778.0
2025-03-16 23:00:00-04:00,34.345001220703125,34.38999938964844,34.290000915527344,34.32500076293945,520.0
2025-03-17 00:00:00-04:00,34.33000183105469,34.349998474121094,34.2599983215332,34.27000045776367,327.0
2025-03-17 01:00:00-04:00,34.275001525878906,34.345001220703125,34.255001068115234,34.34000015258789,492.0
2025-03-17 02:00:00-04:00,34.34000015258789,34.400001525878906,34.314998626708984,34.375,767.0
2025-03-17 03:00:00-04:00,34.369998931884766,34.400001525878906,34.2599983215332,34.27000045776367,1124.0
2025-03-17 04:00:00-04:00,34.279998779296875,34.30500030517578,34.185001373291016,34.27000045776367,1736.0
2025-03-17 05:00:00-04:00,34.275001525878906,34.34000015258789,34.22999954223633,34.33000183105469,1743.0
2025-03-17 06:00:00-04:00,34.32500076293945,34.415000915527344,34.310001373291016,34.32500076293945,1660.0
2025-03-17 07:00:00-04:00,34.31999969482422,34.3650016784668,34.290000915527344,34.30500030517578,2727.0
2025-03-17 08:00:00-04:00,34.29999923706055,34.314998626708984,34.01499938964844,34.125,7765.0
2025-03-17 09:00:00-04:00,34.130001068115234,34.2400016784668,33.95500183105469,34.17499923706055,5734.0
2025-03-17 10:00:00-04:00,34.16999816894531,34.36000061035156,34.154998779296875,34.220001220703125,4704.0
2025-03-17 11:00:00-04:00,34.21500015258789,34.27000045776367,34.130001068115234,34.22999954223633,2510.0
2025-03-17 12:00:00-04:00,34.21500015258789,34.25,34.154998779296875,34.20500183105469,2029.0
2025-03-17 13:00:00-04:00,34.20500183105469,34.3650016784668,34.20500183105469,34.345001220703125,2585.0
2025-03-17 14:00:00-04:00,34.34000015258789,34.400001525878906,34.314998626708984,34.3849983215332,1333.0
2025-03-17 15:00:00-04:00,34.380001068115234,34.41999816894531,34.3650016784668,34.400001525878906,1402.0
2025-03-17 16:00:00-04:00,34.404998779296875,34.439998626708984,34.39500045776367,34.40999984741211,736.0
2025-03-17 18:00:00-04:00,34.380001068115234,34.43000030517578,34.380001068115234,34.39500045776367,0.0
2025-03-17 19:00:00-04:00,34.39500045776367,34.404998779296875,34.32500076293945,34.349998474121094,361.0
2025-03-17 20:00:00-04:00,34.349998474121094,34.505001068115234,34.345001220703125,34.470001220703125,1149.0
2025-03-17 21:00:00-04:00,34.46500015258789,34.53499984741211,34.40999984741211,34.470001220703125,2051.0
2025-03-17 22:00:00-04:00,34.474998474121094,34.57500076293945,34.45000076293945,34.52000045776367,1059.0
2025-03-17 23:00:00-04:00,34.51499938964844,34.599998474121094,34.474998474121094,34.54499816894531,913.0
2025-03-18 00:00:00-04:00,34.560001373291016,34.59000015258789,34.54499816894531,34.57500076293945,526.0
2025-03-18 01:00:00-04:00,34.57500076293945,34.57500076293945,34.494998931884766,34.54999923706055,625.0
2025-03-18 02:00:00-04:00,34.54999923706055,34.59000015258789,34.48500061035156,34.5099983215332,1109.0
2025-03-18 03:00:00-04:00,34.5099983215332,34.66999816894531,34.5,34.564998626708984,2318.0
2025-03-18 04:00:00-04:00,34.560001373291016,34.79999923706055,34.55500030517578,34.78499984741211,3467.0
2025-03-18 05:00:00-04:00,34.790000915527344,34.810001373291016,34.709999084472656,34.755001068115234,1559.0
2025-03-18 06:00:00-04:00,34.75,34.78499984741211,34.70500183105469,34.71500015258789,1342.0
2025-03-18 07:00:00-04:00,34.71500015258789,34.790000915527344,34.654998779296875,34.76499938964844,2165.0
2025-03-18 08:00:00-04:00,34.77000045776367,35.0,34.7599983215332,34.92499923706055,7968.0
2025-03-18 09:00:00-04:00,34.93000030517578,34.970001220703125,34.65999984741211,34.790000915527344,8149.0
2025-03-18 10:00:00-04:00,34.78499984741211,34.78499984741211,34.53499984741211,34.61000061035156,6186.0
2025-03-18 11:00:00-04:00,34.60499954223633,34.709999084472656,34.54999923706055,34.69499969482422,3446.0
2025-03-18 12:00:00-04:00,34.69499969482422,34.81999969482422,34.665000915527344,34.79499816894531,2753.0
2025-03-18 13:00:00-04:00,34.790000915527344,34.86000061035156,34.665000915527344,34.69499969482422,3418.0
2025-03-18 14:00:00-04:00,34.69499969482422,34.7400016784668,34.665000915527344,34.72999954223633,1230.0
2025-03-18 15:00:00-04:00,34.724998474121094,34.775001525878906,34.619998931884766,34.6349983215332,1785.0
2025-03-18 16:00:00-04:00,34.6349983215332,34.67499923706055,34.599998474121094,34.650001525878906,1559.0
2025-03-18 18:00:00-04:00,34.63999938964844,34.65999984741211,34.6150016784668,34.64500045776367,0.0
2025-03-18 19:00:00-04:00,34.63999938964844,34.65999984741211,34.60499954223633,34.61000061035156,331.0
2025-03-18 20:00:00-04:00,34.60499954223633,34.625,34.56999969482422,34.61000061035156,829.0
2025-03-18 21:00:00-04:00,34.61000061035156,34.619998931884766,34.53499984741211,34.59000015258789,1008.0
2025-03-18 22:00:00-04:00,34.584999084472656,34.71500015258789,34.584999084472656,34.67499923706055,803.0
2025-03-18 23:00:00-04:00,34.689998626708984,34.744998931884766,34.665000915527344,34.720001220703125,406.0
2025-03-19 00:00:00-04:00,34.70000076293945,34.70000076293945,34.625,34.66999816894531,375.0
2025-03-19 01:00:00-04:00,34.66999816894531,34.790000915527344,34.66999816894531,34.7599983215332,1196.0
2025-03-19 02:00:00-04:00,34.76499938964844,34.76499938964844,34.625,34.63999938964844,907.0
2025-03-19 03:00:00-04:00,34.63999938964844,34.650001525878906,34.474998474121094,34.474998474121094,1654.0
2025-03-19 04:00:00-04:00,34.47999954223633,34.52000045776367,34.33000183105469,34.35499954223633,2105.0
2025-03-19 05:00:00-04:00,34.349998474121094,34.435001373291016,34.29499816894531,34.40999984741211,1962.0
2025-03-19 06:00:00-04:00,34.40999984741211,34.54999923706055,34.375,34.529998779296875,1394.0
2025-03-19 07:00:00-04:00,34.525001525878906,34.650001525878906,34.51499938964844,34.64500045776367,1626.0
2025-03-19 08:00:00-04:00,34.650001525878906,34.65999984741211,34.41999816894531,34.44499969482422,3099.0
2025-03-19 09:00:00-04:00,34.45000076293945,34.54499816894531,34.16999816894531,34.375,7932.0
2025-03-19 10:00:00-04:00,34.36000061035156,34.36000061035156,34.11000061035156,34.19499969482422,4452.0
2025-03-19 11:00:00-04:00,34.20000076293945,34.30500030517578,34.185001373291016,34.209999084472656,2370.0
2025-03-19 12:00:00-04:00,34.209999084472656,34.32500076293945,34.20000076293945,34.224998474121094,2580.0
2025-03-19 13:00:00-04:00,34.224998474121094,34.22999954223633,34.13999938964844,34.165000915527344,3916.0
2025-03-19 14:00:00-04:00,34.16999816894531,34.48500061035156,34.15999984741211,34.45000076293945,5265.0
2025-03-19 15:00:00-04:00,34.45500183105469,34.60499954223633,34.28499984741211,34.439998626708984,4019.0
2025-03-19 16:00:00-04:00,34.435001373291016,34.45000076293945,34.345001220703125,34.41999816894531,998.0
2025-03-19 18:00:00-04:00,34.42499923706055,34.51499938964844,34.41999816894531,34.494998931884766,0.0
2025-03-19 19:00:00-04:00,34.4900016784668,34.560001373291016,34.459999084472656,34.54999923706055,442.0
2025-03-19 20:00:00-04:00,34.54999923706055,34.57500076293945,34.48500061035156,34.5099983215332,829.0
2025-03-19 21:00:00-04:00,34.505001068115234,34.595001220703125,34.404998779296875,34.40999984741211,1771.0
2025-03-19 22:00:00-04:00,34.40999984741211,34.525001525878906,34.400001525878906,34.40999984741211,838.0
2025-03-19 23:00:00-04:00,34.415000915527344,34.4900016784668,34.40999984741211,34.4900016784668,463.0
2025-03-20 00:00:00-04:00,34.48500061035156,34.55500030517578,34.439998626708984,34.4900016784668,605.0
2025-03-20 01:00:00-04:00,34.4900016784668,34.4900016784668,34.34000015258789,34.415000915527344,953.0
2025-03-20 02:00:00-04:00,34.42499923706055,34.5099983215332,34.375,34.38999938964844,962.0
2025-03-20 03:00:00-04:00,34.38999938964844,34.38999938964844,34.209999084472656,34.224998474121094,1704.0
2025-03-20 04:00:00-04:00,34.22999954223633,34.279998779296875,34.064998626708984,34.14500045776367,2228.0
2025-03-20 05:00:00-04:00,34.125,34.20000076293945,34.04999923706055,34.099998474121094,1613.0
2025-03-20 06:00:00-04:00,34.09000015258789,34.09000015258789,33.6150016784668,33.80500030517578,6567.0
2025-03-20 07:00:00-04:00,33.80500030517578,33.959999084472656,33.77000045776367,33.91999816894531,2948.0
2025-03-20 08:00:00-04:00,33.90999984741211,34.02000045776367,33.8650016784668,34.0,3886.0
2025-03-20 09:00:00-04:00,34.0,34.025001525878906,33.79499816894531,33.8849983215332,5691.0
2025-03-20 10:00:00-04:00,33.875,34.1150016784668,33.875,34.064998626708984,5298.0
2025-03-20 11:00:00-04:00,34.06999969482422,34.06999969482422,33.90999984741211,33.97999954223633,3062.0
2025-03-20 12:00:00-04:00,33.974998474121094,34.040000915527344,33.90999984741211,33.97999954223633,2149.0
2025-03-20 13:00:00-04:00,33.974998474121094,34.02000045776367,33.93000030517578,33.974998474121094,2804.0
2025-03-20 14:00:00-04:00,33.970001220703125,34.084999084472656,33.959999084472656,34.04999923706055,1392.0
2025-03-20 15:00:00-04:00,34.04999923706055,34.095001220703125,34.0099983215332,34.07500076293945,1229.0
2025-03-20 16:00:00-04:00,34.06999969482422,34.119998931884766,34.06999969482422,34.1150016784668,0.0
2025-03-20 18:00:00-04:00,34.1150016784668,34.1349983215332,34.07500076293945,34.099998474121094,362.0
2025-03-20 19:00:00-04:00,34.099998474121094,34.1150016784668,34.07500076293945,34.099998474121094,138.0
2025-03-20 20:00:00-04:00,34.099998474121094,34.11000061035156,34.02000045776367,34.03499984741211,655.0
2025-03-20 21:00:00-04:00,34.040000915527344,34.09000015258789,33.974998474121094,33.98500061035156,1213.0
2025-03-20 22:00:00-04:00,33.9900016784668,34.005001068115234,33.86000061035156,33.88999938964844,1093.0
2025-03-20 23:00:00-04:00,33.88999938964844,33.88999938964844,33.755001068115234,33.77000045776367,1640.0
2025-03-21 00:00:00-04:00,33.77000045776367,33.82500076293945,33.724998474121094,33.72999954223633,664.0
2025-03-21 01:00:00-04:00,33.724998474121094,33.744998931884766,33.560001373291016,33.654998779296875,1876.0
2025-03-21 02:00:00-04:00,33.65999984741211,33.79499816894531,33.654998779296875,33.70000076293945,2225.0
2025-03-21 03:00:00-04:00,33.70000076293945,33.71500015258789,33.59000015258789,33.61000061035156,2251.0
2025-03-21 04:00:00-04:00,33.60499954223633,33.685001373291016,33.505001068115234,33.61000061035156,2458.0
2025-03-21 05:00:00-04:00,33.61000061035156,33.61000061035156,33.474998474121094,33.54499816894531,1379.0
2025-03-21 06:00:00-04:00,33.54499816894531,33.709999084472656,33.54499816894531,33.66999816894531,1387.0
2025-03-21 07:00:00-04:00,33.67499923706055,33.76499938964844,33.63999938964844,33.7400016784668,1633.0
2025-03-21 08:00:00-04:00,33.744998931884766,33.814998626708984,33.630001068115234,33.64500045776367,2610.0
2025-03-21 09:00:00-04:00,33.64500045776367,33.76499938964844,33.334999084472656,33.369998931884766,8886.0
2025-03-21 10:00:00-04:00,33.369998931884766,33.470001220703125,33.165000915527344,33.435001373291016,9596.0
2025-03-21 11:00:00-04:00,33.439998626708984,33.474998474121094,33.3650016784668,33.39500045776367,3255.0
2025-03-21 12:00:00-04:00,33.38999938964844,33.54999923706055,33.3849983215332,33.525001525878906,2876.0
2025-03-21 13:00:00-04:00,33.525001525878906,33.529998779296875,33.45500183105469,33.48500061035156,2865.0
2025-03-21 14:00:00-04:00,33.4900016784668,33.525001525878906,33.45000076293945,33.45500183105469,1222.0
2025-03-21 15:00:00-04:00,33.459999084472656,33.525001525878906,33.415000915527344,33.505001068115234,1307.0
2025-03-21 16:00:00-04:00,33.505001068115234,33.564998626708984,33.505001068115234,33.529998779296875,1058.0
2025-03-23 18:00:00-04:00,33.540000915527344,33.619998931884766,33.51499938964844,33.59000015258789,548.0
2025-03-23 19:00:00-04:00,33.59000015258789,33.654998779296875,33.58000183105469,33.625,473.0
2025-03-23 20:00:00-04:00,33.619998931884766,33.63999938964844,33.525001525878906,33.54499816894531,638.0
2025-03-23 21:00:00-04:00,33.540000915527344,33.64500045776367,33.529998779296875,33.625,1636.0
2025-03-23 22:00:00-04:00,33.630001068115234,33.720001220703125,33.60499954223633,33.60499954223633,1063.0
2025-03-23 23:00:00-04:00,33.60499954223633,33.689998626708984,33.599998474121094,33.65999984741211,619.0
2025-03-24 00:00:00-04:00,33.654998779296875,33.70500183105469,33.6349983215332,33.70500183105469,276.0
2025-03-24 01:00:00-04:00,33.70000076293945,33.755001068115234,33.67499923706055,33.73500061035156,801.0
2025-03-24 02:00:00-04:00,33.72999954223633,33.77000045776367,33.65999984741211,33.744998931884766,810.0
2025-03-24 03:00:00-04:00,33.75,33.76499938964844,33.625,33.6349983215332,813.0
2025-03-24 04:00:00-04:00,33.63999938964844,33.80500030517578,33.63999938964844,33.75,1742.0
2025-03-24 05:00:00-04:00,33.755001068115234,33.7599983215332,33.6150016784668,33.6349983215332,1070.0
2025-03-24 06:00:00-04:00,33.6349983215332,33.73500061035156,33.619998931884766,33.720001220703125,1024.0
2025-03-24 07:00:00-04:00,33.709999084472656,33.720001220703125,33.619998931884766,33.619998931884766,684.0
2025-03-24 08:00:00-04:00,33.619998931884766,33.755001068115234,33.60499954223633,33.650001525878906,2207.0
2025-03-24 09:00:00-04:00,33.650001525878906,33.779998779296875,33.61000061035156,33.68000030517578,3411.0
2025-03-24 10:00:00-04:00,33.66999816894531,33.685001373291016,33.474998474121094,33.55500030517578,3716.0
2025-03-24 11:00:00-04:00,33.54999923706055,33.56999969482422,33.40999984741211,33.525001525878906,3443.0
2025-03-24 12:00:00-04:00,33.529998779296875,33.59000015258789,33.45500183105469,33.45500183105469,1623.0
2025-03-24 13:00:00-04:00,33.459999084472656,33.48500061035156,33.404998779296875,33.474998474121094,2559.0
2025-03-24 14:00:00-04:00,33.474998474121094,33.494998931884766,33.380001068115234,33.474998474121094,1419.0
2025-03-24 15:00:00-04:00,33.47999954223633,33.5099983215332,33.46500015258789,33.47999954223633,614.0
2025-03-24 16:00:00-04:00,33.47999954223633,33.55500030517578,33.474998474121094,33.525001525878906,476.0
2025-03-24 18:00:00-04:00,33.529998779296875,33.53499984741211,33.45000076293945,33.45000076293945,0.0
2025-03-24 19:00:00-04:00,33.459999084472656,33.474998474121094,33.43000030517578,33.44499969482422,241.0
2025-03-24 20:00:00-04:00,33.45000076293945,33.53499984741211,33.435001373291016,33.51499938964844,622.0
2025-03-24 21:00:00-04:00,33.5099983215332,33.584999084472656,33.5,33.54999923706055,1039.0
2025-03-24 22:00:00-04:00,33.54499816894531,33.58000183105469,33.47999954223633,33.51499938964844,769.0
2025-03-24 23:00:00-04:00,33.51499938964844,33.625,33.51499938964844,33.61000061035156,571.0
2025-03-25 00:00:00-04:00,33.6150016784668,33.66999816894531,33.60499954223633,33.63999938964844,562.0
2025-03-25 01:00:00-04:00,33.6349983215332,33.709999084472656,33.619998931884766,33.665000915527344,796.0
2025-03-25 02:00:00-04:00,33.665000915527344,33.685001373291016,33.599998474121094,33.665000915527344,602.0
2025-03-25 03:00:00-04:00,33.654998779296875,33.654998779296875,33.564998626708984,33.57500076293945,978.0
2025-03-25 04:00:00-04:00,33.57500076293945,33.779998779296875,33.57500076293945,33.76499938964844,1486.0
2025-03-25 05:00:00-04:00,33.76499938964844,33.779998779296875,33.70000076293945,33.7400016784668,996.0
2025-03-25 06:00:00-04:00,33.7400016784668,33.880001068115234,33.71500015258789,33.8650016784668,1410.0
2025-03-25 07:00:00-04:00,33.875,34.040000915527344,33.845001220703125,33.94499969482422,2393.0
2025-03-25 08:00:00-04:00,33.94499969482422,34.10499954223633,33.89500045776367,34.04499816894531,4154.0
2025-03-25 09:00:00-04:00,34.040000915527344,34.3650016784668,33.97999954223633,34.279998779296875,10409.0
2025-03-25 10:00:00-04:00,34.279998779296875,34.31999969482422,34.154998779296875,34.22999954223633,6058.0
2025-03-25 11:00:00-04:00,34.224998474121094,34.275001525878906,34.10499954223633,34.20000076293945,3349.0
2025-03-25 12:00:00-04:00,34.20500183105469,34.255001068115234,34.16999816894531,34.20000076293945,2160.0
2025-03-25 13:00:00-04:00,34.20000076293945,34.22999954223633,34.1349983215332,34.18000030517578,3406.0
2025-03-25 14:00:00-04:00,34.17499923706055,34.220001220703125,34.130001068115234,34.18000030517578,1666.0
2025-03-25 15:00:00-04:00,34.17499923706055,34.209999084472656,34.150001525878906,34.19499969482422,1165.0
2025-03-25 16:00:00-04:00,34.19499969482422,34.2599983215332,34.18000030517578,34.25,583.0
2025-03-25 18:00:00-04:00,34.255001068115234,34.29999923706055,34.244998931884766,34.279998779296875,0.0
2025-03-25 19:00:00-04:00,34.275001525878906,34.290000915527344,34.22999954223633,34.2400016784668,362.0
2025-03-25 20:00:00-04:00,34.23500061035156,34.244998931884766,34.18000030517578,34.19499969482422,678.0
2025-03-25 21:00:00-04:00,34.189998626708984,34.345001220703125,34.165000915527344,34.310001373291016,2059.0
2025-03-25 22:00:00-04:00,34.310001373291016,34.32500076293945,34.255001068115234,34.31999969482422,584.0
2025-03-25 23:00:00-04:00,34.31999969482422,34.31999969482422,34.13999938964844,34.14500045776367,1073.0
2025-03-26 00:00:00-04:00,34.15999984741211,34.15999984741211,34.09000015258789,34.119998931884766,472.0
2025-03-26 01:00:00-04:00,34.1150016784668,34.17499923706055,34.08000183105469,34.15999984741211,1066.0
2025-03-26 02:00:00-04:00,34.15999984741211,34.29499816894531,34.15999984741211,34.279998779296875,1137.0
2025-03-26 03:00:00-04:00,34.279998779296875,34.29499816894531,34.2400016784668,34.27000045776367,662.0
2025-03-26 04:00:00-04:00,34.27000045776367,34.279998779296875,34.10499954223633,34.150001525878906,1299.0
2025-03-26 05:00:00-04:00,34.154998779296875,34.2400016784668,34.130001068115234,34.224998474121094,960.0
2025-03-26 06:00:00-04:00,34.21500015258789,34.29999923706055,34.209999084472656,34.2599983215332,937.0
2025-03-26 07:00:00-04:00,34.26499938964844,34.345001220703125,34.255001068115234,34.33000183105469,1393.0
2025-03-26 08:00:00-04:00,34.33000183105469,34.5,34.22999954223633,34.435001373291016,4562.0
2025-03-26 09:00:00-04:00,34.435001373291016,34.44499969482422,34.09000015258789,34.1150016784668,6234.0
2025-03-26 10:00:00-04:00,34.1150016784668,34.30500030517578,34.11000061035156,34.279998779296875,4779.0
2025-03-26 11:00:00-04:00,34.275001525878906,34.36000061035156,34.15999984741211,34.189998626708984,4451.0
2025-03-26 12:00:00-04:00,34.189998626708984,34.310001373291016,34.16999816894531,34.22999954223633,2341.0
2025-03-26 13:00:00-04:00,34.2400016784668,34.26499938964844,34.16999816894531,34.22999954223633,3745.0
2025-03-26 14:00:00-04:00,34.22999954223633,34.2599983215332,34.150001525878906,34.154998779296875,1057.0
2025-03-26 15:00:00-04:00,34.154998779296875,34.16999816894531,34.064998626708984,34.1150016784668,1684.0
2025-03-26 16:00:00-04:00,34.1150016784668,34.209999084472656,34.1150016784668,34.209999084472656,703.0
2025-03-26 18:00:00-04:00,34.209999084472656,34.2400016784668,34.150001525878906,34.154998779296875,0.0
2025-03-26 19:00:00-04:00,34.15999984741211,34.189998626708984,34.125,34.17499923706055,264.0
2025-03-26 20:00:00-04:00,34.17499923706055,34.27000045776367,34.17499923706055,34.26499938964844,924.0
2025-03-26 21:00:00-04:00,34.26499938964844,34.29999923706055,34.19499969482422,34.220001220703125,1076.0
2025-03-26 22:00:00-04:00,34.21500015258789,34.35499954223633,34.21500015258789,34.32500076293945,982.0
2025-03-26 23:00:00-04:00,34.33000183105469,34.36000061035156,34.290000915527344,34.349998474121094,533.0
2025-03-27 00:00:00-04:00,34.345001220703125,34.39500045776367,34.34000015258789,34.349998474121094,653.0
2025-03-27 01:00:00-04:00,34.349998474121094,34.36000061035156,34.26499938964844,34.27000045776367,964.0
2025-03-27 02:00:00-04:00,34.27000045776367,34.35499954223633,34.2599983215332,34.33000183105469,748.0
2025-03-27 03:00:00-04:00,34.32500076293945,34.39500045776367,34.275001525878906,34.375,1499.0
2025-03-27 04:00:00-04:00,34.380001068115234,34.38999938964844,34.275001525878906,34.380001068115234,1636.0
2025-03-27 05:00:00-04:00,34.380001068115234,34.43000030517578,34.310001373291016,34.40999984741211,1284.0
2025-03-27 06:00:00-04:00,34.40999984741211,34.79499816894531,34.40999984741211,34.75,4958.0
2025-03-27 07:00:00-04:00,34.75,34.80500030517578,34.61000061035156,34.79999923706055,2958.0
2025-03-27 08:00:00-04:00,34.80500030517578,34.900001525878906,34.73500061035156,34.80500030517578,6387.0
2025-03-27 09:00:00-04:00,34.810001373291016,34.810001373291016,34.435001373291016,34.63999938964844,11415.0
2025-03-27 10:00:00-04:00,34.63999938964844,35.185001373291016,34.6349983215332,35.150001525878906,13684.0
2025-03-27 11:00:00-04:00,35.15999984741211,35.27000045776367,35.029998779296875,35.095001220703125,9456.0
2025-03-27 12:00:00-04:00,35.095001220703125,35.17499923706055,35.01499938964844,35.1150016784668,5437.0
2025-03-27 13:00:00-04:00,35.119998931884766,35.14500045776367,35.040000915527344,35.130001068115234,4690.0
2025-03-27 14:00:00-04:00,35.125,35.275001525878906,35.1150016784668,35.244998931884766,2688.0
2025-03-27 15:00:00-04:00,35.2400016784668,35.404998779296875,35.23500061035156,35.34000015258789,3137.0
2025-03-27 16:00:00-04:00,35.34000015258789,35.369998931884766,35.29999923706055,35.31999969482422,1072.0
2025-03-27 18:00:00-04:00,35.32500076293945,35.41999816894531,35.29999923706055,35.369998931884766,0.0
2025-03-27 19:00:00-04:00,35.375,35.404998779296875,35.33000183105469,35.3849983215332,615.0
2025-03-27 20:00:00-04:00,35.375,35.435001373291016,35.334999084472656,35.345001220703125,997.0
2025-03-27 21:00:00-04:00,35.34000015258789,35.45000076293945,35.33000183105469,35.39500045776367,1945.0
2025-03-27 22:00:00-04:00,35.38999938964844,35.46500015258789,35.26499938964844,35.290000915527344,2272.0
2025-03-27 23:00:00-04:00,35.29499816894531,35.310001373291016,35.22999954223633,35.29999923706055,1255.0
2025-03-28 00:00:00-04:00,35.28499984741211,35.290000915527344,35.224998474121094,35.255001068115234,538.0
2025-03-28 01:00:00-04:00,35.2599983215332,35.29499816894531,35.19499969482422,35.255001068115234,1228.0
2025-03-28 02:00:00-04:00,35.25,35.494998931884766,35.22999954223633,35.46500015258789,2416.0
2025-03-28 03:00:00-04:00,35.459999084472656,35.474998474121094,35.334999084472656,35.36000061035156,1884.0
2025-03-28 04:00:00-04:00,35.35499954223633,35.439998626708984,35.224998474121094,35.439998626708984,2107.0
2025-03-28 05:00:00-04:00,35.435001373291016,35.45500183105469,35.31999969482422,35.349998474121094,1334.0
2025-03-28 06:00:00-04:00,35.349998474121094,35.39500045776367,35.30500030517578,35.380001068115234,1330.0
2025-03-28 07:00:00-04:00,35.375,35.435001373291016,35.31999969482422,35.334999084472656,1364.0
2025-03-28 08:00:00-04:00,35.334999084472656,35.435001373291016,35.28499984741211,35.35499954223633,4728.0
2025-03-28 09:00:00-04:00,35.35499954223633,35.45000076293945,35.19499969482422,35.36000061035156,7010.0
2025-03-28 10:00:00-04:00,35.36000061035156,35.40999984741211,34.71500015258789,34.75,14823.0
2025-03-28 11:00:00-04:00,34.75,35.060001373291016,34.70500183105469,34.94499969482422,6534.0
2025-03-28 12:00:00-04:00,34.939998626708984,34.98500061035156,34.76499938964844,34.810001373291016,4470.0
2025-03-28 13:00:00-04:00,34.810001373291016,34.85499954223633,34.7599983215332,34.775001525878906,3794.0
2025-03-28 14:00:00-04:00,34.78499984741211,34.80500030517578,34.64500045776367,34.755001068115234,2611.0
2025-03-28 15:00:00-04:00,34.7599983215332,34.8650016784668,34.7400016784668,34.790000915527344,2108.0
2025-03-28 16:00:00-04:00,34.78499984741211,34.845001220703125,34.77000045776367,34.81999969482422,1022.0
2025-03-30 18:00:00-04:00,34.82500076293945,34.97999954223633,34.81999969482422,34.959999084472656,1352.0
2025-03-30 19:00:00-04:00,34.959999084472656,35.005001068115234,34.939998626708984,34.994998931884766,923.0
2025-03-30 20:00:00-04:00,34.994998931884766,35.005001068115234,34.77000045776367,34.790000915527344,1876.0
2025-03-30 21:00:00-04:00,34.790000915527344,34.97999954223633,34.724998474121094,34.915000915527344,2738.0
2025-03-30 22:00:00-04:00,34.90999984741211,35.040000915527344,34.8849983215332,35.01499938964844,2134.0
2025-03-30 23:00:00-04:00,35.0099983215332,35.05500030517578,34.935001373291016,34.970001220703125,922.0
2025-03-31 00:00:00-04:00,34.970001220703125,35.08000183105469,34.959999084472656,35.05500030517578,550.0
2025-03-31 01:00:00-04:00,35.040000915527344,35.11000061035156,34.98500061035156,35.05500030517578,1086.0
2025-03-31 02:00:00-04:00,35.05500030517578,35.11000061035156,35.0099983215332,35.095001220703125,1255.0
2025-03-31 03:00:00-04:00,35.095001220703125,35.16999816894531,34.939998626708984,35.16999816894531,2250.0
2025-03-31 04:00:00-04:00,35.165000915527344,35.20000076293945,34.974998474121094,35.0,2009.0
2025-03-31 05:00:00-04:00,35.0,35.0099983215332,34.82500076293945,34.8849983215332,1913.0
2025-03-31 06:00:00-04:00,34.8849983215332,34.92499923706055,34.77000045776367,34.849998474121094,1709.0
2025-03-31 07:00:00-04:00,34.86000061035156,34.935001373291016,34.779998779296875,34.91999816894531,1688.0
2025-03-31 08:00:00-04:00,34.915000915527344,34.974998474121094,34.80500030517578,34.849998474121094,3915.0
2025-03-31 09:00:00-04:00,34.845001220703125,34.869998931884766,34.165000915527344,34.47999954223633,17229.0
2025-03-31 10:00:00-04:00,34.47999954223633,34.69499969482422,34.404998779296875,34.67499923706055,7301.0
2025-03-31 11:00:00-04:00,34.68000030517578,34.7599983215332,34.53499984741211,34.53499984741211,3770.0
2025-03-31 12:00:00-04:00,34.540000915527344,34.71500015258789,34.48500061035156,34.63999938964844,2757.0
2025-03-31 13:00:00-04:00,34.6349983215332,34.685001373291016,34.58000183105469,34.60499954223633,3266.0
2025-03-31 14:00:00-04:00,34.599998474121094,34.779998779296875,34.595001220703125,34.69499969482422,1784.0
2025-03-31 15:00:00-04:00,34.69499969482422,34.80500030517578,34.69499969482422,34.775001525878906,1472.0
2025-03-31 16:00:00-04:00,34.77000045776367,34.775001525878906,34.709999084472656,34.76499938964844,1190.0
2025-03-31 18:00:00-04:00,34.77000045776367,34.78499984741211,34.64500045776367,34.69499969482422,0.0
2025-03-31 19:00:00-04:00,34.689998626708984,34.81999969482422,34.689998626708984,34.75,672.0
2025-03-31 20:00:00-04:00,34.755001068115234,34.845001220703125,34.7400016784668,34.79499816894531,783.0
2025-03-31 21:00:00-04:00,34.78499984741211,34.86000061035156,34.709999084472656,34.724998474121094,1623.0
2025-03-31 22:00:00-04:00,34.724998474121094,34.935001373291016,34.689998626708984,34.88999938964844,1494.0
2025-03-31 23:00:00-04:00,34.8849983215332,34.959999084472656,34.86000061035156,34.939998626708984,717.0
2025-04-01 00:00:00-04:00,34.915000915527344,34.92499923706055,34.81999969482422,34.904998779296875,778.0
2025-04-01 01:00:00-04:00,34.89500045776367,34.90999984741211,34.70500183105469,34.73500061035156,1203.0
2025-04-01 02:00:00-04:00,34.724998474121094,34.81999969482422,34.665000915527344,34.77000045776367,1577.0
2025-04-01 03:00:00-04:00,34.77000045776367,34.80500030517578,34.54999923706055,34.630001068115234,2033.0
2025-04-01 04:00:00-04:00,34.6349983215332,34.76499938964844,34.6150016784668,34.755001068115234,1178.0
2025-04-01 05:00:00-04:00,34.75,34.83000183105469,34.744998931884766,34.744998931884766,1283.0
2025-04-01 06:00:00-04:00,34.744998931884766,34.82500076293945,34.63999938964844,34.68000030517578,1566.0
2025-04-01 07:00:00-04:00,34.67499923706055,34.75,34.54999923706055,34.61000061035156,1830.0
2025-04-01 08:00:00-04:00,34.61000061035156,34.78499984741211,34.4900016784668,34.73500061035156,3341.0
2025-04-01 09:00:00-04:00,34.744998931884766,34.78499984741211,34.525001525878906,34.564998626708984,5057.0
2025-04-01 10:00:00-04:00,34.564998626708984,34.66999816894531,34.35499954223633,34.654998779296875,7952.0
2025-04-01 11:00:00-04:00,34.650001525878906,34.70500183105469,34.34000015258789,34.345001220703125,4830.0
2025-04-01 12:00:00-04:00,34.345001220703125,34.39500045776367,34.15999984741211,34.27000045776367,6540.0
2025-04-01 13:00:00-04:00,34.27000045776367,34.3650016784668,34.2400016784668,34.33000183105469,3967.0
2025-04-01 14:00:00-04:00,34.334999084472656,34.334999084472656,34.2400016784668,34.275001525878906,1813.0
2025-04-01 15:00:00-04:00,34.275001525878906,34.375,34.2599983215332,34.3650016784668,1401.0
2025-04-01 16:00:00-04:00,34.375,34.40999984741211,34.35499954223633,34.369998931884766,996.0
2025-04-01 18:00:00-04:00,34.375,34.41999816894531,34.36000061035156,34.3650016784668,0.0
2025-04-01 19:00:00-04:00,34.375,34.380001068115234,34.334999084472656,34.36000061035156,269.0
2025-04-01 20:00:00-04:00,34.36000061035156,34.3650016784668,34.290000915527344,34.349998474121094,705.0
2025-04-01 21:00:00-04:00,34.349998474121094,34.5,34.33000183105469,34.48500061035156,1490.0
2025-04-01 22:00:00-04:00,34.4900016784668,34.564998626708984,34.4900016784668,34.5099983215332,697.0
2025-04-01 23:00:00-04:00,34.5099983215332,34.595001220703125,34.5,34.525001525878906,581.0
2025-04-02 00:00:00-04:00,34.53499984741211,34.564998626708984,34.52000045776367,34.540000915527344,430.0
2025-04-02 01:00:00-04:00,34.540000915527344,34.584999084472656,34.42499923706055,34.54999923706055,1182.0
2025-04-02 02:00:00-04:00,34.54499816894531,34.54499816894531,34.39500045776367,34.400001525878906,639.0
2025-04-02 03:00:00-04:00,34.404998779296875,34.494998931884766,34.29499816894531,34.48500061035156,1203.0
2025-04-02 04:00:00-04:00,34.4900016784668,34.7400016784668,34.43000030517578,34.70000076293945,2861.0
2025-04-02 05:00:00-04:00,34.70500183105469,34.83000183105469,34.68000030517578,34.80500030517578,2212.0
2025-04-02 06:00:00-04:00,34.810001373291016,34.814998626708984,34.599998474121094,34.64500045776367,3179.0
2025-04-02 07:00:00-04:00,34.6349983215332,34.79499816894531,34.630001068115234,34.665000915527344,3925.0
2025-04-02 08:00:00-04:00,34.665000915527344,34.66999816894531,34.43000030517578,34.560001373291016,3823.0
2025-04-02 09:00:00-04:00,34.560001373291016,34.7400016784668,34.474998474121094,34.61000061035156,6060.0
2025-04-02 10:00:00-04:00,34.60499954223633,34.779998779296875,34.505001068115234,34.70500183105469,4784.0
2025-04-02 11:00:00-04:00,34.70500183105469,34.779998779296875,34.619998931884766,34.6349983215332,3048.0
2025-04-02 12:00:00-04:00,34.63999938964844,34.880001068115234,34.619998931884766,34.78499984741211,5579.0
2025-04-02 13:00:00-04:00,34.78499984741211,34.78499984741211,34.599998474121094,34.654998779296875,4615.0
2025-04-02 14:00:00-04:00,34.650001525878906,34.68000030517578,34.525001525878906,34.540000915527344,1588.0
2025-04-02 15:00:00-04:00,34.54499816894531,34.689998626708984,34.540000915527344,34.619998931884766,1415.0
2025-04-02 16:00:00-04:00,34.619998931884766,35.154998779296875,34.54499816894531,35.0,9857.0
2025-04-02 18:00:00-04:00,34.95000076293945,34.95000076293945,33.650001525878906,34.060001373291016,0.0
2025-04-02 19:00:00-04:00,34.040000915527344,34.290000915527344,34.025001525878906,34.17499923706055,3224.0
2025-04-02 20:00:00-04:00,34.16999816894531,34.224998474121094,33.709999084472656,33.849998474121094,4649.0
2025-04-02 21:00:00-04:00,33.85499954223633,34.290000915527344,33.82500076293945,34.13999938964844,5222.0
2025-04-02 22:00:00-04:00,34.13999938964844,34.16999816894531,33.8650016784668,33.880001068115234,2532.0
2025-04-02 23:00:00-04:00,33.880001068115234,33.939998626708984,33.71500015258789,33.79999923706055,2697.0
2025-04-03 00:00:00-04:00,33.814998626708984,33.849998474121094,33.6150016784668,33.63999938964844,1556.0
2025-04-03 01:00:00-04:00,33.63999938964844,33.650001525878906,33.470001220703125,33.57500076293945,3891.0
2025-04-03 02:00:00-04:00,33.57500076293945,33.595001220703125,33.275001525878906,33.459999084472656,6481.0
2025-04-03 03:00:00-04:00,33.46500015258789,33.46500015258789,33.20000076293945,33.435001373291016,4389.0
2025-04-03 04:00:00-04:00,33.439998626708984,33.474998474121094,33.290000915527344,33.32500076293945,2884.0
2025-04-03 05:00:00-04:00,33.33000183105469,33.334999084472656,32.775001525878906,32.79999923706055,7621.0
2025-04-03 06:00:00-04:00,32.790000915527344,32.845001220703125,32.56999969482422,32.63999938964844,9313.0
2025-04-03 07:00:00-04:00,32.63999938964844,32.79499816894531,32.55500030517578,32.599998474121094,5254.0
2025-04-03 08:00:00-04:00,32.595001220703125,32.625,31.895000457763672,32.185001373291016,17649.0
2025-04-03 09:00:00-04:00,32.185001373291016,32.30500030517578,31.850000381469727,32.029998779296875,16832.0
2025-04-03 10:00:00-04:00,32.03499984741211,32.53499984741211,32.03499984741211,32.505001068115234,13371.0
2025-04-03 11:00:00-04:00,32.5,32.55500030517578,31.954999923706055,32.01499938964844,9735.0
2025-04-03 12:00:00-04:00,32.0099983215332,32.16999816894531,31.934999465942383,32.029998779296875,4372.0
2025-04-03 13:00:00-04:00,32.025001525878906,32.165000915527344,31.934999465942383,32.09000015258789,7610.0
2025-04-03 14:00:00-04:00,32.084999084472656,32.10499954223633,31.905000686645508,32.005001068115234,2258.0
2025-04-03 15:00:00-04:00,32.0099983215332,32.0099983215332,31.729999542236328,31.774999618530273,3644.0
2025-04-03 16:00:00-04:00,31.780000686645508,31.93000030517578,31.774999618530273,31.924999237060547,1587.0
2025-04-03 18:00:00-04:00,31.920000076293945,31.989999771118164,31.8700008392334,31.954999923706055,0.0
2025-04-03 19:00:00-04:00,31.959999084472656,32.04499816894531,31.895000457763672,31.959999084472656,480.0
2025-04-03 20:00:00-04:00,31.96500015258789,32.025001525878906,31.860000610351562,31.924999237060547,1172.0
2025-04-03 21:00:00-04:00,31.924999237060547,32.005001068115234,31.795000076293945,31.799999237060547,940.0
2025-04-03 22:00:00-04:00,31.799999237060547,31.844999313354492,31.55500030517578,31.614999771118164,1973.0
2025-04-03 23:00:00-04:00,31.614999771118164,31.649999618530273,31.5049991607666,31.59000015258789,1598.0
2025-04-04 00:00:00-04:00,31.59000015258789,31.719999313354492,31.53499984741211,31.565000534057617,1192.0
2025-04-04 01:00:00-04:00,31.565000534057617,31.799999237060547,31.549999237060547,31.729999542236328,1247.0
2025-04-04 02:00:00-04:00,31.729999542236328,31.790000915527344,31.4950008392334,31.549999237060547,1877.0
2025-04-04 03:00:00-04:00,31.545000076293945,31.56999969482422,31.190000534057617,31.274999618530273,5238.0
2025-04-04 04:00:00-04:00,31.274999618530273,31.479999542236328,31.19499969482422,31.434999465942383,4435.0
2025-04-04 05:00:00-04:00,31.424999237060547,31.520000457763672,31.364999771118164,31.475000381469727,2596.0
2025-04-04 06:00:00-04:00,31.479999542236328,31.594999313354492,31.200000762939453,31.309999465942383,3839.0
2025-04-04 07:00:00-04:00,31.315000534057617,31.59000015258789,30.905000686645508,31.2549991607666,9583.0
2025-04-04 08:00:00-04:00,31.260000228881836,31.274999618530273,30.780000686645508,30.850000381469727,11854.0
2025-04-04 09:00:00-04:00,30.854999542236328,30.905000686645508,30.315000534057617,30.440000534057617,14137.0
2025-04-04 10:00:00-04:00,30.424999237060547,30.44499969482422,29.3799991607666,29.65999984741211,19886.0
2025-04-04 11:00:00-04:00,29.649999618530273,30.104999542236328,29.639999389648438,29.700000762939453,13028.0
2025-04-04 12:00:00-04:00,29.700000762939453,29.850000381469727,29.549999237060547,29.55500030517578,7164.0
2025-04-04 13:00:00-04:00,29.549999237060547,29.6200008392334,29.114999771118164,29.56999969482422,10844.0
2025-04-04 14:00:00-04:00,29.565000534057617,29.639999389648438,29.309999465942383,29.450000762939453,2700.0
2025-04-04 15:00:00-04:00,29.454999923706055,29.770000457763672,29.405000686645508,29.665000915527344,4177.0
2025-04-04 16:00:00-04:00,29.670000076293945,29.684999465942383,29.514999389648438,29.524999618530273,1327.0
2025-04-06 18:00:00-04:00,29.229999542236328,29.229999542236328,27.545000076293945,28.834999084472656,5382.0
2025-04-06 19:00:00-04:00,28.825000762939453,28.924999237060547,28.114999771118164,28.5,3639.0
2025-04-06 20:00:00-04:00,28.4950008392334,28.96500015258789,28.280000686645508,28.739999771118164,3107.0
2025-04-06 21:00:00-04:00,28.735000610351562,30.760000228881836,28.565000534057617,30.40999984741211,17241.0
2025-04-06 22:00:00-04:00,30.415000915527344,30.65999984741211,30.190000534057617,30.21500015258789,4436.0
2025-04-06 23:00:00-04:00,30.209999084472656,30.270000457763672,29.81999969482422,29.850000381469727,2615.0
2025-04-07 00:00:00-04:00,29.844999313354492,30.165000915527344,29.844999313354492,30.114999771118164,1568.0
2025-04-07 01:00:00-04:00,30.114999771118164,30.19499969482422,29.8700008392334,29.8700008392334,3143.0
2025-04-07 02:00:00-04:00,29.860000610351562,29.96500015258789,29.614999771118164,29.934999465942383,4172.0
2025-04-07 03:00:00-04:00,29.934999465942383,30.014999389648438,29.670000076293945,29.899999618530273,3393.0
2025-04-07 04:00:00-04:00,29.899999618530273,30.375,29.8700008392334,30.2450008392334,3654.0
2025-04-07 05:00:00-04:00,30.2450008392334,30.295000076293945,29.940000534057617,30.145000457763672,2441.0
2025-04-07 06:00:00-04:00,30.155000686645508,30.40999984741211,30.155000686645508,30.2549991607666,2366.0
2025-04-07 07:00:00-04:00,30.2549991607666,30.520000457763672,30.1200008392334,30.145000457763672,4714.0
2025-04-07 08:00:00-04:00,30.149999618530273,30.31999969482422,29.8799991607666,30.209999084472656,9419.0
2025-04-07 09:00:00-04:00,30.200000762939453,30.30500030517578,29.764999389648438,30.260000228881836,11419.0
2025-04-07 10:00:00-04:00,30.2450008392334,30.649999618530273,29.915000915527344,30.114999771118164,17026.0
2025-04-07 11:00:00-04:00,30.1200008392334,30.28499984741211,29.75,29.950000762939453,8835.0
2025-04-07 12:00:00-04:00,29.950000762939453,29.959999084472656,29.709999084472656,29.735000610351562,5298.0
2025-04-07 13:00:00-04:00,29.735000610351562,29.920000076293945,29.53499984741211,29.81999969482422,13815.0
2025-04-07 14:00:00-04:00,29.825000762939453,29.899999618530273,29.665000915527344,29.69499969482422,2603.0
2025-04-07 15:00:00-04:00,29.69499969482422,29.959999084472656,29.684999465942383,29.844999313354492,1875.0
2025-04-07 16:00:00-04:00,29.844999313354492,30.110000610351562,29.799999237060547,30.084999084472656,0.0
2025-04-07 18:00:00-04:00,30.09000015258789,30.145000457763672,29.989999771118164,30.084999084472656,491.0
2025-04-07 19:00:00-04:00,30.09000015258789,30.1200008392334,29.895000457763672,30.0049991607666,513.0
2025-04-07 20:00:00-04:00,30.010000228881836,30.1200008392334,29.854999542236328,29.860000610351562,1096.0
2025-04-07 21:00:00-04:00,29.864999771118164,30.079999923706055,29.809999465942383,30.06999969482422,2288.0
2025-04-07 22:00:00-04:00,30.06999969482422,30.155000686645508,30.03499984741211,30.075000762939453,1103.0
2025-04-07 23:00:00-04:00,30.06999969482422,30.09000015258789,29.989999771118164,30.03499984741211,776.0
2025-04-08 00:00:00-04:00,30.024999618530273,30.1299991607666,30.0,30.114999771118164,494.0
2025-04-08 01:00:00-04:00,30.114999771118164,30.1200008392334,29.924999237060547,30.030000686645508,1462.0
2025-04-08 02:00:00-04:00,30.0049991607666,30.100000381469727,29.954999923706055,30.059999465942383,1720.0
2025-04-08 03:00:00-04:00,30.065000534057617,30.225000381469727,29.954999923706055,30.09000015258789,2384.0
2025-04-08 04:00:00-04:00,30.079999923706055,30.225000381469727,30.010000228881836,30.209999084472656,1335.0
2025-04-08 05:00:00-04:00,30.204999923706055,30.204999923706055,29.989999771118164,30.184999465942383,1316.0
2025-04-08 06:00:00-04:00,30.184999465942383,30.239999771118164,30.114999771118164,30.174999237060547,1350.0
2025-04-08 07:00:00-04:00,30.170000076293945,30.3700008392334,30.170000076293945,30.360000610351562,3396.0
2025-04-08 08:00:00-04:00,30.360000610351562,30.385000228881836,30.125,30.139999389648438,5526.0
2025-04-08 09:00:00-04:00,30.139999389648438,30.479999542236328,30.114999771118164,30.450000762939453,8295.0
2025-04-08 10:00:00-04:00,30.450000762939453,30.520000457763672,30.09000015258789,30.104999542236328,7175.0
2025-04-08 11:00:00-04:00,30.100000381469727,30.165000915527344,29.950000762939453,29.9950008392334,6132.0
2025-04-08 12:00:00-04:00,29.985000610351562,30.049999237060547,29.764999389648438,29.770000457763672,6721.0
2025-04-08 13:00:00-04:00,29.774999618530273,29.864999771118164,29.6299991607666,29.850000381469727,11584.0
2025-04-08 14:00:00-04:00,29.844999313354492,30.03499984741211,29.739999771118164,29.7450008392334,3043.0
2025-04-08 15:00:00-04:00,29.75,29.799999237060547,29.559999465942383,29.78499984741211,2776.0
2025-04-08 16:00:00-04:00,29.78499984741211,29.815000534057617,29.670000076293945,29.75,0.0
2025-04-08 18:00:00-04:00,29.780000686645508,29.809999465942383,29.635000228881836,29.690000534057617,441.0
2025-04-08 19:00:00-04:00,29.690000534057617,29.7450008392334,29.264999389648438,29.475000381469727,2129.0
2025-04-08 20:00:00-04:00,29.485000610351562,29.610000610351562,29.350000381469727,29.5049991607666,1981.0
2025-04-08 21:00:00-04:00,29.5,29.854999542236328,29.2549991607666,29.790000915527344,4560.0
2025-04-08 22:00:00-04:00,29.795000076293945,29.889999389648438,29.735000610351562,29.809999465942383,690.0
2025-04-08 23:00:00-04:00,29.80500030517578,29.8799991607666,29.7549991607666,29.780000686645508,449.0
2025-04-09 00:00:00-04:00,29.75,29.854999542236328,29.655000686645508,29.825000762939453,1264.0
2025-04-09 01:00:00-04:00,29.81999969482422,29.934999465942383,29.700000762939453,29.905000686645508,1073.0
2025-04-09 02:00:00-04:00,29.905000686645508,30.239999771118164,29.895000457763672,30.174999237060547,2949.0
2025-04-09 03:00:00-04:00,30.165000915527344,30.420000076293945,30.084999084472656,30.315000534057617,3475.0
2025-04-09 04:00:00-04:00,30.325000762939453,30.329999923706055,30.079999923706055,30.315000534057617,1968.0
2025-04-09 05:00:00-04:00,30.309999465942383,30.360000610351562,30.260000228881836,30.309999465942383,1121.0
2025-04-09 06:00:00-04:00,30.290000915527344,30.389999389648438,30.184999465942383,30.270000457763672,1092.0
2025-04-09 07:00:00-04:00,30.28499984741211,30.614999771118164,30.049999237060547,30.55500030517578,7348.0
2025-04-09 08:00:00-04:00,30.549999237060547,30.614999771118164,30.075000762939453,30.19499969482422,7076.0
2025-04-09 09:00:00-04:00,30.200000762939453,30.479999542236328,30.15999984741211,30.434999465942383,6698.0
2025-04-09 10:00:00-04:00,30.424999237060547,30.5049991607666,30.125,30.149999618530273,5704.0
2025-04-09 11:00:00-04:00,30.139999389648438,30.395000457763672,30.114999771118164,30.25,4712.0
2025-04-09 12:00:00-04:00,30.2549991607666,30.44499969482422,30.229999542236328,30.40999984741211,3174.0
2025-04-09 13:00:00-04:00,30.415000915527344,30.889999389648438,30.235000610351562,30.850000381469727,22553.0
2025-04-09 14:00:00-04:00,30.844999313354492,30.959999084472656,30.524999618530273,30.645000457763672,7572.0
2025-04-09 15:00:00-04:00,30.645000457763672,31.065000534057617,30.549999237060547,30.875,3944.0
2025-04-09 16:00:00-04:00,30.875,31.010000228881836,30.850000381469727,30.96500015258789,1426.0
2025-04-09 18:00:00-04:00,30.989999771118164,31.030000686645508,30.795000076293945,30.850000381469727,0.0
2025-04-09 19:00:00-04:00,30.860000610351562,30.915000915527344,30.770000457763672,30.850000381469727,625.0
2025-04-09 20:00:00-04:00,30.860000610351562,31.030000686645508,30.735000610351562,30.979999542236328,1950.0
2025-04-09 21:00:00-04:00,30.975000381469727,31.100000381469727,30.764999389648438,30.875,2269.0
2025-04-09 22:00:00-04:00,30.875,31.104999542236328,30.875,31.05500030517578,1569.0
2025-04-09 23:00:00-04:00,31.049999237060547,31.135000228881836,30.969999313354492,31.114999771118164,1051.0
2025-04-10 00:00:00-04:00,31.1200008392334,31.165000915527344,31.049999237060547,31.135000228881836,532.0
2025-04-10 01:00:00-04:00,31.1299991607666,31.21500015258789,31.075000762939453,31.18000030517578,1296.0
2025-04-10 02:00:00-04:00,31.174999237060547,31.225000381469727,31.114999771118164,31.21500015258789,1740.0
2025-04-10 03:00:00-04:00,31.204999923706055,31.2450008392334,30.834999084472656,30.889999389648438,2961.0
2025-04-10 04:00:00-04:00,30.895000457763672,30.920000076293945,30.6299991607666,30.809999465942383,2449.0
2025-04-10 05:00:00-04:00,30.809999465942383,30.899999618530273,30.770000457763672,30.875,1403.0
2025-04-10 06:00:00-04:00,30.8799991607666,30.975000381469727,30.790000915527344,30.844999313354492,1303.0
2025-04-10 07:00:00-04:00,30.84000015258789,30.889999389648438,30.594999313354492,30.864999771118164,2444.0
2025-04-10 08:00:00-04:00,30.860000610351562,30.989999771118164,30.774999618530273,30.829999923706055,5335.0
2025-04-10 09:00:00-04:00,30.834999084472656,31.020000457763672,30.510000228881836,30.545000076293945,9462.0
2025-04-10 10:00:00-04:00,30.55500030517578,31.040000915527344,30.53499984741211,31.0049991607666,8681.0
2025-04-10 11:00:00-04:00,31.0,31.18000030517578,30.719999313354492,30.7549991607666,6439.0
2025-04-10 12:00:00-04:00,30.7549991607666,30.899999618530273,30.600000381469727,30.834999084472656,7292.0
2025-04-10 13:00:00-04:00,30.825000762939453,30.915000915527344,30.684999465942383,30.889999389648438,10728.0
2025-04-10 14:00:00-04:00,30.895000457763672,31.155000686645508,30.834999084472656,31.079999923706055,2958.0
2025-04-10 15:00:00-04:00,31.075000762939453,31.190000534057617,30.924999237060547,31.049999237060547,2774.0
2025-04-10 16:00:00-04:00,31.049999237060547,31.174999237060547,31.024999618530273,31.114999771118164,968.0
2025-04-10 18:00:00-04:00,31.114999771118164,31.225000381469727,31.084999084472656,31.204999923706055,0.0
2025-04-10 19:00:00-04:00,31.209999084472656,31.229999542236328,31.049999237060547,31.114999771118164,673.0
2025-04-10 20:00:00-04:00,31.09000015258789,31.299999237060547,31.020000457763672,31.125,2136.0
2025-04-10 21:00:00-04:00,31.125,31.170000076293945,30.864999771118164,31.0,3342.0
2025-04-10 22:00:00-04:00,31.0,31.2549991607666,30.96500015258789,31.110000610351562,1806.0
2025-04-10 23:00:00-04:00,31.110000610351562,31.264999389648438,31.079999923706055,31.25,1003.0
2025-04-11 00:00:00-04:00,31.2549991607666,31.295000076293945,31.209999084472656,31.235000610351562,991.0
2025-04-11 01:00:00-04:00,31.2450008392334,31.334999084472656,31.104999542236328,31.19499969482422,1989.0
2025-04-11 02:00:00-04:00,31.19499969482422,31.295000076293945,31.155000686645508,31.184999465942383,1676.0
2025-04-11 03:00:00-04:00,31.184999465942383,31.450000762939453,31.139999389648438,31.299999237060547,2661.0
2025-04-11 04:00:00-04:00,31.309999465942383,31.450000762939453,31.18000030517578,31.280000686645508,3194.0
2025-04-11 05:00:00-04:00,31.270000457763672,31.450000762939453,31.19499969482422,31.44499969482422,2469.0
2025-04-11 06:00:00-04:00,31.434999465942383,31.475000381469727,31.135000228881836,31.184999465942383,3320.0
2025-04-11 07:00:00-04:00,31.190000534057617,31.479999542236328,31.174999237060547,31.43000030517578,3107.0
2025-04-11 08:00:00-04:00,31.424999237060547,31.540000915527344,31.329999923706055,31.459999084472656,5005.0
2025-04-11 09:00:00-04:00,31.459999084472656,31.7549991607666,31.40999984741211,31.549999237060547,10401.0
2025-04-11 10:00:00-04:00,31.559999465942383,32.03499984741211,31.459999084472656,32.01499938964844,9585.0
2025-04-11 11:00:00-04:00,32.1349983215332,32.20000076293945,31.954999923706055,32.084999084472656,8997.0
2025-04-11 12:00:00-04:00,32.095001220703125,32.165000915527344,31.725000381469727,31.815000534057617,7606.0
2025-04-11 13:00:00-04:00,31.815000534057617,32.03499984741211,31.815000534057617,31.9950008392334,12365.0
2025-04-11 14:00:00-04:00,31.9950008392334,32.150001525878906,31.96500015258789,32.1349983215332,2447.0
2025-04-11 15:00:00-04:00,32.1349983215332,32.20000076293945,32.040000915527344,32.04999923706055,2337.0
2025-04-11 16:00:00-04:00,32.05500030517578,32.209999084472656,32.03499984741211,32.19499969482422,1345.0
2025-04-13 18:00:00-04:00,32.19499969482422,32.255001068115234,31.940000534057617,31.979999542236328,1567.0
2025-04-13 19:00:00-04:00,31.969999313354492,32.04499816894531,31.915000915527344,32.025001525878906,675.0
2025-04-13 20:00:00-04:00,32.025001525878906,32.095001220703125,31.905000686645508,31.905000686645508,1258.0
2025-04-13 21:00:00-04:00,31.90999984741211,32.005001068115234,31.770000457763672,31.940000534057617,2699.0
2025-04-13 22:00:00-04:00,31.940000534057617,32.029998779296875,31.80500030517578,31.825000762939453,1259.0
2025-04-13 23:00:00-04:00,31.815000534057617,31.889999389648438,31.790000915527344,31.829999923706055,432.0
2025-04-14 00:00:00-04:00,31.829999923706055,31.905000686645508,31.81999969482422,31.8799991607666,864.0
2025-04-14 01:00:00-04:00,31.8799991607666,31.975000381469727,31.764999389648438,31.950000762939453,1261.0
2025-04-14 02:00:00-04:00,31.950000762939453,32.040000915527344,31.885000228881836,31.96500015258789,1780.0
2025-04-14 03:00:00-04:00,31.96500015258789,32.22999954223633,31.959999084472656,32.1349983215332,3023.0
2025-04-14 04:00:00-04:00,32.1349983215332,32.29499816894531,32.03499984741211,32.275001525878906,2399.0
2025-04-14 05:00:00-04:00,32.275001525878906,32.380001068115234,32.20000076293945,32.30500030517578,2472.0
2025-04-14 06:00:00-04:00,32.310001373291016,32.36000061035156,32.119998931884766,32.17499923706055,1853.0
2025-04-14 07:00:00-04:00,32.17499923706055,32.375,32.165000915527344,32.244998931884766,3250.0
2025-04-14 08:00:00-04:00,32.25,32.380001068115234,32.060001373291016,32.095001220703125,5484.0
2025-04-14 09:00:00-04:00,32.09000015258789,32.13999938964844,31.655000686645508,31.915000915527344,10823.0
2025-04-14 10:00:00-04:00,31.920000076293945,32.13999938964844,31.844999313354492,32.064998626708984,5072.0
2025-04-14 11:00:00-04:00,32.06999969482422,32.14500045776367,31.899999618530273,31.93000030517578,3150.0
2025-04-14 12:00:00-04:00,31.93000030517578,32.064998626708984,31.920000076293945,31.9950008392334,2019.0
2025-04-14 13:00:00-04:00,32.0,32.279998779296875,31.9950008392334,32.220001220703125,4422.0
2025-04-14 14:00:00-04:00,32.220001220703125,32.25,32.14500045776367,32.2400016784668,1409.0
2025-04-14 15:00:00-04:00,32.23500061035156,32.349998474121094,32.22999954223633,32.25,1748.0
2025-04-14 16:00:00-04:00,32.255001068115234,32.28499984741211,32.20500183105469,32.275001525878906,0.0
2025-04-14 18:00:00-04:00,32.279998779296875,32.314998626708984,32.2400016784668,32.244998931884766,325.0
2025-04-14 19:00:00-04:00,32.2400016784668,32.2599983215332,32.224998474121094,32.2400016784668,247.0
2025-04-14 20:00:00-04:00,32.2400016784668,32.255001068115234,32.154998779296875,32.20000076293945,750.0
2025-04-14 21:00:00-04:00,32.189998626708984,32.314998626708984,32.1349983215332,32.220001220703125,1487.0
2025-04-14 22:00:00-04:00,32.22999954223633,32.255001068115234,32.185001373291016,32.224998474121094,451.0
2025-04-14 23:00:00-04:00,32.220001220703125,32.27000045776367,32.150001525878906,32.2599983215332,376.0
2025-04-15 00:00:00-04:00,32.26499938964844,32.349998474121094,32.22999954223633,32.345001220703125,625.0
2025-04-15 01:00:00-04:00,32.345001220703125,32.3650016784668,32.220001220703125,32.255001068115234,999.0
2025-04-15 02:00:00-04:00,32.2599983215332,32.30500030517578,32.17499923706055,32.290000915527344,1064.0
2025-04-15 03:00:00-04:00,32.290000915527344,32.42499923706055,32.290000915527344,32.380001068115234,1987.0
2025-04-15 04:00:00-04:00,32.3849983215332,32.404998779296875,32.29499816894531,32.31999969482422,1168.0
2025-04-15 05:00:00-04:00,32.314998626708984,32.39500045776367,32.290000915527344,32.33000183105469,884.0
2025-04-15 06:00:00-04:00,32.31999969482422,32.38999938964844,32.244998931884766,32.26499938964844,981.0
2025-04-15 07:00:00-04:00,32.26499938964844,32.314998626708984,32.20500183105469,32.25,1572.0
2025-04-15 08:00:00-04:00,32.255001068115234,32.3849983215332,32.21500015258789,32.36000061035156,3772.0
2025-04-15 09:00:00-04:00,32.36000061035156,32.36000061035156,32.16999816894531,32.21500015258789,4826.0
2025-04-15 10:00:00-04:00,32.220001220703125,32.310001373291016,32.1150016784668,32.13999938964844,4785.0
2025-04-15 11:00:00-04:00,32.14500045776367,32.2599983215332,32.06999969482422,32.20000076293945,3956.0
2025-04-15 12:00:00-04:00,32.20000076293945,32.244998931884766,32.16999816894531,32.220001220703125,1936.0
2025-04-15 13:00:00-04:00,32.21500015258789,32.32500076293945,32.20000076293945,32.28499984741211,3471.0
2025-04-15 14:00:00-04:00,32.290000915527344,32.334999084472656,32.25,32.334999084472656,947.0
2025-04-15 15:00:00-04:00,32.334999084472656,32.35499954223633,32.29499816894531,32.314998626708984,714.0
2025-04-15 16:00:00-04:00,32.314998626708984,32.349998474121094,32.27000045776367,32.30500030517578,0.0
2025-04-15 18:00:00-04:00,32.30500030517578,32.33000183105469,32.255001068115234,32.310001373291016,507.0
2025-04-15 19:00:00-04:00,32.310001373291016,32.400001525878906,32.27000045776367,32.38999938964844,897.0
2025-04-15 20:00:00-04:00,32.3849983215332,32.459999084472656,32.30500030517578,32.45000076293945,2029.0
2025-04-15 21:00:00-04:00,32.44499969482422,32.53499984741211,32.34000015258789,32.41999816894531,3811.0
2025-04-15 22:00:00-04:00,32.42499923706055,32.474998474121094,32.30500030517578,32.314998626708984,845.0
2025-04-15 23:00:00-04:00,32.310001373291016,32.41999816894531,32.29499816894531,32.400001525878906,809.0
2025-04-16 00:00:00-04:00,32.400001525878906,32.494998931884766,32.380001068115234,32.459999084472656,829.0
2025-04-16 01:00:00-04:00,32.45500183105469,32.5,32.38999938964844,32.46500015258789,1087.0
2025-04-16 02:00:00-04:00,32.474998474121094,32.6349983215332,32.345001220703125,32.625,2385.0
2025-04-16 03:00:00-04:00,32.6150016784668,32.94499969482422,32.6150016784668,32.900001525878906,4590.0
2025-04-16 04:00:00-04:00,32.900001525878906,33.17499923706055,32.83000183105469,32.95000076293945,6626.0
2025-04-16 05:00:00-04:00,32.95000076293945,33.084999084472656,32.91999816894531,32.95500183105469,1993.0
2025-04-16 06:00:00-04:00,32.96500015258789,33.025001525878906,32.82500076293945,32.95000076293945,1485.0
2025-04-16 07:00:00-04:00,32.95000076293945,33.04999923706055,32.84000015258789,32.96500015258789,2134.0
2025-04-16 08:00:00-04:00,32.970001220703125,33.11000061035156,32.89500045776367,32.904998779296875,4374.0
2025-04-16 09:00:00-04:00,32.89500045776367,32.97999954223633,32.65999984741211,32.900001525878906,7229.0
2025-04-16 10:00:00-04:00,32.88999938964844,32.96500015258789,32.720001220703125,32.75,3996.0
2025-04-16 11:00:00-04:00,32.75,32.959999084472656,32.720001220703125,32.8849983215332,3810.0
2025-04-16 12:00:00-04:00,32.8849983215332,32.935001373291016,32.78499984741211,32.935001373291016,2859.0
2025-04-16 13:00:00-04:00,32.935001373291016,33.0,32.744998931884766,32.775001525878906,4880.0
2025-04-16 14:00:00-04:00,32.775001525878906,32.96500015258789,32.7599983215332,32.845001220703125,1806.0
2025-04-16 15:00:00-04:00,32.834999084472656,32.8650016784668,32.72999954223633,32.75,1740.0
2025-04-16 16:00:00-04:00,32.755001068115234,32.78499984741211,32.71500015258789,32.7599983215332,0.0
2025-04-16 18:00:00-04:00,32.77000045776367,32.92499923706055,32.755001068115234,32.88999938964844,791.0
2025-04-16 19:00:00-04:00,32.904998779296875,32.92499923706055,32.814998626708984,32.83000183105469,325.0
2025-04-16 20:00:00-04:00,32.83000183105469,32.915000915527344,32.73500061035156,32.875,1256.0
2025-04-16 21:00:00-04:00,32.880001068115234,32.89500045776367,32.154998779296875,32.21500015258789,5555.0
2025-04-16 22:00:00-04:00,32.21500015258789,32.39500045776367,32.185001373291016,32.3849983215332,1499.0
2025-04-16 23:00:00-04:00,32.3849983215332,32.63999938964844,32.36000061035156,32.630001068115234,1251.0
2025-04-17 00:00:00-04:00,32.619998931884766,32.630001068115234,32.494998931884766,32.560001373291016,653.0
2025-04-17 01:00:00-04:00,32.560001373291016,32.59000015258789,32.45500183105469,32.45500183105469,1137.0
2025-04-17 02:00:00-04:00,32.459999084472656,32.57500076293945,32.43000030517578,32.47999954223633,1393.0
2025-04-17 03:00:00-04:00,32.47999954223633,32.505001068115234,32.255001068115234,32.45000076293945,2320.0
2025-04-17 04:00:00-04:00,32.45500183105469,32.4900016784668,32.34000015258789,32.439998626708984,992.0
2025-04-17 05:00:00-04:00,32.439998626708984,32.47999954223633,32.32500076293945,32.36000061035156,985.0
2025-04-17 06:00:00-04:00,32.36000061035156,32.45500183105469,32.29999923706055,32.334999084472656,1226.0
2025-04-17 07:00:00-04:00,32.34000015258789,32.41999816894531,32.28499984741211,32.3849983215332,1534.0
2025-04-17 08:00:00-04:00,32.3849983215332,32.55500030517578,32.3849983215332,32.54999923706055,3007.0
2025-04-17 09:00:00-04:00,32.54999923706055,32.665000915527344,32.43000030517578,32.5099983215332,4861.0
2025-04-17 10:00:00-04:00,32.505001068115234,32.505001068115234,32.11000061035156,32.165000915527344,8702.0
2025-04-17 11:00:00-04:00,32.165000915527344,32.30500030517578,32.125,32.290000915527344,3781.0
2025-04-17 12:00:00-04:00,32.29499816894531,32.525001525878906,32.29499816894531,32.494998931884766,3102.0
2025-04-17 13:00:00-04:00,32.5,32.54499816894531,32.43000030517578,32.48500061035156,2387.0
2025-04-17 14:00:00-04:00,32.4900016784668,32.51499938964844,32.45000076293945,32.459999084472656,1242.0
2025-04-17 15:00:00-04:00,32.45500183105469,32.4900016784668,32.3650016784668,32.47999954223633,902.0
2025-04-17 16:00:00-04:00,32.474998474121094,32.54999923706055,32.45000076293945,32.53499984741211,667.0
2025-04-20 18:00:00-04:00,32.439998626708984,32.584999084472656,32.3849983215332,32.474998474121094,1785.0
2025-04-20 19:00:00-04:00,32.47999954223633,32.525001525878906,32.39500045776367,32.525001525878906,614.0
2025-04-20 20:00:00-04:00,32.51499938964844,32.650001525878906,32.51499938964844,32.595001220703125,1728.0
2025-04-20 21:00:00-04:00,32.59000015258789,32.724998474121094,32.560001373291016,32.69499969482422,1906.0
2025-04-20 22:00:00-04:00,32.709999084472656,32.73500061035156,32.619998931884766,32.73500061035156,1101.0
2025-04-20 23:00:00-04:00,32.724998474121094,32.80500030517578,32.68000030517578,32.78499984741211,768.0
2025-04-21 00:00:00-04:00,32.78499984741211,32.790000915527344,32.654998779296875,32.75,610.0
2025-04-21 01:00:00-04:00,32.7599983215332,32.915000915527344,32.755001068115234,32.90999984741211,1297.0
2025-04-21 02:00:00-04:00,32.915000915527344,32.939998626708984,32.755001068115234,32.83000183105469,1356.0
2025-04-21 03:00:00-04:00,32.81999969482422,32.869998931884766,32.6150016784668,32.69499969482422,1253.0
2025-04-21 04:00:00-04:00,32.69499969482422,32.81999969482422,32.67499923706055,32.790000915527344,843.0
2025-04-21 05:00:00-04:00,32.79499816894531,32.86000061035156,32.72999954223633,32.845001220703125,754.0
2025-04-21 06:00:00-04:00,32.834999084472656,32.904998779296875,32.78499984741211,32.904998779296875,993.0
2025-04-21 07:00:00-04:00,32.900001525878906,33.06999969482422,32.83000183105469,33.0,2946.0
2025-04-21 08:00:00-04:00,33.005001068115234,33.095001220703125,32.93000030517578,33.06999969482422,4010.0
2025-04-21 09:00:00-04:00,33.06999969482422,33.099998474121094,32.744998931884766,32.779998779296875,6975.0
2025-04-21 10:00:00-04:00,32.775001525878906,32.900001525878906,32.53499984741211,32.630001068115234,5615.0
2025-04-21 11:00:00-04:00,32.6349983215332,32.720001220703125,32.540000915527344,32.70000076293945,3493.0
2025-04-21 12:00:00-04:00,32.70500183105469,32.724998474121094,32.56999969482422,32.595001220703125,2571.0
2025-04-21 13:00:00-04:00,32.595001220703125,32.61000061035156,32.41999816894531,32.59000015258789,4796.0
2025-04-21 14:00:00-04:00,32.59000015258789,32.630001068115234,32.525001525878906,32.6150016784668,1187.0
2025-04-21 15:00:00-04:00,32.61000061035156,32.72999954223633,32.61000061035156,32.685001373291016,2049.0
2025-04-21 16:00:00-04:00,32.689998626708984,32.709999084472656,32.6150016784668,32.6349983215332,560.0
2025-04-21 18:00:00-04:00,32.63999938964844,32.720001220703125,32.630001068115234,32.68000030517578,0.0
2025-04-21 19:00:00-04:00,32.685001373291016,32.75,32.66999816894531,32.724998474121094,594.0
2025-04-21 20:00:00-04:00,32.71500015258789,32.76499938964844,32.59000015258789,32.61000061035156,1670.0
2025-04-21 21:00:00-04:00,32.6150016784668,32.814998626708984,32.59000015258789,32.61000061035156,2300.0
2025-04-21 22:00:00-04:00,32.61000061035156,32.630001068115234,32.5099983215332,32.6150016784668,2040.0
2025-04-21 23:00:00-04:00,32.61000061035156,32.81999969482422,32.560001373291016,32.79999923706055,1927.0
2025-04-22 00:00:00-04:00,32.79999923706055,32.85499954223633,32.7599983215332,32.810001373291016,918.0
2025-04-22 01:00:00-04:00,32.80500030517578,32.89500045776367,32.779998779296875,32.80500030517578,2759.0
2025-04-22 02:00:00-04:00,32.810001373291016,32.849998474121094,32.59000015258789,32.6349983215332,4346.0
2025-04-22 03:00:00-04:00,32.63999938964844,32.64500045776367,32.255001068115234,32.540000915527344,5726.0
2025-04-22 04:00:00-04:00,32.54499816894531,32.60499954223633,32.29499816894531,32.314998626708984,3525.0
2025-04-22 05:00:00-04:00,32.314998626708984,32.60499954223633,32.314998626708984,32.60499954223633,2044.0
2025-04-22 06:00:00-04:00,32.61000061035156,32.73500061035156,32.59000015258789,32.59000015258789,2009.0
2025-04-22 07:00:00-04:00,32.584999084472656,32.7599983215332,32.560001373291016,32.71500015258789,2274.0
2025-04-22 08:00:00-04:00,32.709999084472656,32.8849983215332,32.56999969482422,32.595001220703125,6572.0
2025-04-22 09:00:00-04:00,32.599998474121094,32.84000015258789,32.48500061035156,32.66999816894531,9194.0
2025-04-22 10:00:00-04:00,32.67499923706055,33.029998779296875,32.65999984741211,32.94499969482422,8456.0
2025-04-22 11:00:00-04:00,32.95000076293945,33.06999969482422,32.775001525878906,32.970001220703125,7739.0
2025-04-22 12:00:00-04:00,32.970001220703125,33.16999816894531,32.564998626708984,32.775001525878906,13745.0
2025-04-22 13:00:00-04:00,32.775001525878906,32.970001220703125,32.7599983215332,32.92499923706055,4366.0
2025-04-22 14:00:00-04:00,32.93000030517578,32.939998626708984,32.68000030517578,32.744998931884766,2199.0
2025-04-22 15:00:00-04:00,32.744998931884766,32.78499984741211,32.470001220703125,32.48500061035156,2774.0
2025-04-22 16:00:00-04:00,32.48500061035156,32.54999923706055,32.46500015258789,32.494998931884766,2067.0
2025-04-22 18:00:00-04:00,32.45000076293945,32.53499984741211,32.04999923706055,32.505001068115234,0.0
2025-04-22 19:00:00-04:00,32.5099983215332,32.59000015258789,32.45500183105469,32.474998474121094,943.0
2025-04-22 20:00:00-04:00,32.474998474121094,32.709999084472656,32.46500015258789,32.69499969482422,1848.0
2025-04-22 21:00:00-04:00,32.70000076293945,32.875,32.64500045776367,32.82500076293945,3030.0
2025-04-22 22:00:00-04:00,32.82500076293945,32.82500076293945,32.63999938964844,32.665000915527344,812.0
2025-04-22 23:00:00-04:00,32.654998779296875,32.7400016784668,32.55500030517578,32.70000076293945,1389.0
2025-04-23 00:00:00-04:00,32.70500183105469,32.75,32.654998779296875,32.744998931884766,297.0
2025-04-23 01:00:00-04:00,32.744998931884766,32.779998779296875,32.595001220703125,32.650001525878906,1295.0
2025-04-23 02:00:00-04:00,32.654998779296875,32.814998626708984,32.599998474121094,32.75,1761.0
2025-04-23 03:00:00-04:00,32.7599983215332,32.85499954223633,32.69499969482422,32.84000015258789,1505.0
2025-04-23 04:00:00-04:00,32.845001220703125,32.89500045776367,32.810001373291016,32.88999938964844,943.0
2025-04-23 05:00:00-04:00,32.89500045776367,33.02000045776367,32.82500076293945,32.82500076293945,3729.0
2025-04-23 06:00:00-04:00,32.81999969482422,32.98500061035156,32.81999969482422,32.97999954223633,1825.0
2025-04-23 07:00:00-04:00,32.97999954223633,33.04499816894531,32.845001220703125,32.86000061035156,3378.0
2025-04-23 08:00:00-04:00,32.8650016784668,32.91999816894531,32.709999084472656,32.85499954223633,4469.0
2025-04-23 09:00:00-04:00,32.86000061035156,32.915000915527344,32.654998779296875,32.869998931884766,10421.0
2025-04-23 10:00:00-04:00,32.869998931884766,33.67499923706055,32.76499938964844,33.584999084472656,21122.0
2025-04-23 11:00:00-04:00,33.584999084472656,33.6150016784668,33.32500076293945,33.51499938964844,9274.0
2025-04-23 12:00:00-04:00,33.52000045776367,33.6349983215332,33.474998474121094,33.560001373291016,3935.0
2025-04-23 13:00:00-04:00,33.54499816894531,33.6349983215332,33.45500183105469,33.53499984741211,5120.0
2025-04-23 14:00:00-04:00,33.53499984741211,33.6150016784668,33.470001220703125,33.61000061035156,2653.0
2025-04-23 15:00:00-04:00,33.60499954223633,33.654998779296875,33.56999969482422,33.60499954223633,1800.0
2025-04-23 16:00:00-04:00,33.60499954223633,33.625,33.52000045776367,33.564998626708984,1189.0
2025-04-23 18:00:00-04:00,33.564998626708984,33.6150016784668,33.540000915527344,33.56999969482422,0.0
2025-04-23 19:00:00-04:00,33.564998626708984,33.6349983215332,33.564998626708984,33.6150016784668,252.0
2025-04-23 20:00:00-04:00,33.61000061035156,33.665000915527344,33.584999084472656,33.630001068115234,1200.0
2025-04-23 21:00:00-04:00,33.630001068115234,33.66999816894531,33.44499969482422,33.494998931884766,2932.0
2025-04-23 22:00:00-04:00,33.5099983215332,33.51499938964844,33.380001068115234,33.40999984741211,1355.0
2025-04-23 23:00:00-04:00,33.40999984741211,33.42499923706055,33.314998626708984,33.334999084472656,1007.0
2025-04-24 00:00:00-04:00,33.34000015258789,33.39500045776367,33.26499938964844,33.369998931884766,1103.0
2025-04-24 01:00:00-04:00,33.369998931884766,33.43000030517578,33.33000183105469,33.380001068115234,1279.0
2025-04-24 02:00:00-04:00,33.369998931884766,33.380001068115234,33.27000045776367,33.33000183105469,1240.0
2025-04-24 03:00:00-04:00,33.334999084472656,33.46500015258789,33.279998779296875,33.34000015258789,1892.0
2025-04-24 04:00:00-04:00,33.32500076293945,33.3849983215332,33.27000045776367,33.345001220703125,1847.0
2025-04-24 05:00:00-04:00,33.345001220703125,33.39500045776367,33.28499984741211,33.38999938964844,2040.0
2025-04-24 06:00:00-04:00,33.38999938964844,33.415000915527344,33.310001373291016,33.380001068115234,1225.0
2025-04-24 07:00:00-04:00,33.375,33.5099983215332,33.36000061035156,33.470001220703125,2268.0
2025-04-24 08:00:00-04:00,33.48500061035156,33.540000915527344,33.32500076293945,33.345001220703125,4977.0
2025-04-24 09:00:00-04:00,33.349998474121094,33.459999084472656,33.1349983215332,33.29999923706055,7124.0
2025-04-24 10:00:00-04:00,33.30500030517578,33.40999984741211,33.255001068115234,33.3849983215332,4461.0
2025-04-24 11:00:00-04:00,33.3849983215332,33.48500061035156,33.314998626708984,33.44499969482422,4882.0
2025-04-24 12:00:00-04:00,33.45000076293945,33.525001525878906,33.43000030517578,33.5099983215332,3836.0
2025-04-24 13:00:00-04:00,33.5099983215332,33.560001373291016,33.474998474121094,33.525001525878906,3436.0
2025-04-24 14:00:00-04:00,33.51499938964844,33.529998779296875,33.474998474121094,33.47999954223633,1133.0
2025-04-24 15:00:00-04:00,33.48500061035156,33.599998474121094,33.42499923706055,33.56999969482422,1893.0
2025-04-24 16:00:00-04:00,33.564998626708984,33.595001220703125,33.540000915527344,33.55500030517578,491.0
2025-04-24 18:00:00-04:00,33.54999923706055,33.689998626708984,33.53499984741211,33.6349983215332,0.0
2025-04-24 19:00:00-04:00,33.6349983215332,33.6349983215332,33.57500076293945,33.59000015258789,297.0
2025-04-24 20:00:00-04:00,33.59000015258789,33.654998779296875,33.564998626708984,33.584999084472656,653.0
2025-04-24 21:00:00-04:00,33.58000183105469,33.650001525878906,33.435001373291016,33.470001220703125,1170.0
2025-04-24 22:00:00-04:00,33.470001220703125,33.5,33.3849983215332,33.494998931884766,591.0
2025-04-24 23:00:00-04:00,33.505001068115234,33.57500076293945,33.43000030517578,33.43000030517578,583.0
2025-04-25 00:00:00-04:00,33.40999984741211,33.470001220703125,33.3650016784668,33.435001373291016,856.0
2025-04-25 01:00:00-04:00,33.44499969482422,33.470001220703125,33.255001068115234,33.29499816894531,1465.0
2025-04-25 02:00:00-04:00,33.29999923706055,33.39500045776367,33.209999084472656,33.369998931884766,1457.0
2025-04-25 03:00:00-04:00,33.375,33.435001373291016,33.310001373291016,33.32500076293945,1923.0
2025-04-25 04:00:00-04:00,33.31999969482422,33.38999938964844,33.279998779296875,33.375,1515.0
2025-04-25 05:00:00-04:00,33.3849983215332,33.41999816894531,33.314998626708984,33.314998626708984,1519.0
2025-04-25 06:00:00-04:00,33.314998626708984,33.41999816894531,33.2400016784668,33.310001373291016,2924.0
2025-04-25 07:00:00-04:00,33.310001373291016,33.369998931884766,33.029998779296875,33.20000076293945,3619.0
2025-04-25 08:00:00-04:00,33.19499969482422,33.32500076293945,33.185001373291016,33.21500015258789,2817.0
2025-04-25 09:00:00-04:00,33.220001220703125,33.244998931884766,32.71500015258789,32.869998931884766,11517.0
2025-04-25 10:00:00-04:00,32.869998931884766,33.04999923706055,32.834999084472656,32.85499954223633,4897.0
2025-04-25 11:00:00-04:00,32.85499954223633,32.92499923706055,32.82500076293945,32.904998779296875,2747.0
2025-04-25 12:00:00-04:00,32.90999984741211,32.98500061035156,32.875,32.96500015258789,2331.0
2025-04-25 13:00:00-04:00,32.959999084472656,33.029998779296875,32.89500045776367,32.904998779296875,4422.0
2025-04-25 14:00:00-04:00,32.904998779296875,32.959999084472656,32.849998474121094,32.869998931884766,964.0
2025-04-25 15:00:00-04:00,32.869998931884766,33.01499938964844,32.834999084472656,32.970001220703125,1710.0
2025-04-25 16:00:00-04:00,32.970001220703125,33.029998779296875,32.96500015258789,33.02000045776367,1025.0
2025-04-27 18:00:00-04:00,33.025001525878906,33.165000915527344,32.935001373291016,32.974998474121094,936.0
2025-04-27 19:00:00-04:00,32.96500015258789,32.98500061035156,32.845001220703125,32.85499954223633,331.0
2025-04-27 20:00:00-04:00,32.85499954223633,32.93000030517578,32.81999969482422,32.93000030517578,342.0
2025-04-27 21:00:00-04:00,32.93000030517578,32.96500015258789,32.69499969482422,32.69499969482422,1054.0
2025-04-27 22:00:00-04:00,32.69499969482422,32.755001068115234,32.584999084472656,32.69499969482422,825.0
2025-04-27 23:00:00-04:00,32.70000076293945,32.775001525878906,32.685001373291016,32.7599983215332,187.0
2025-04-28 00:00:00-04:00,32.77000045776367,32.83000183105469,32.76499938964844,32.79499816894531,290.0
2025-04-28 01:00:00-04:00,32.790000915527344,32.869998931884766,32.790000915527344,32.810001373291016,1142.0
2025-04-28 02:00:00-04:00,32.814998626708984,32.814998626708984,32.68000030517578,32.69499969482422,657.0
2025-04-28 03:00:00-04:00,32.71500015258789,32.939998626708984,32.71500015258789,32.88999938964844,919.0
2025-04-28 04:00:00-04:00,32.88999938964844,32.93000030517578,32.834999084472656,32.85499954223633,1822.0
2025-04-28 05:00:00-04:00,32.8650016784668,32.95500183105469,32.76499938964844,32.76499938964844,629.0
2025-04-28 06:00:00-04:00,32.7599983215332,32.994998931884766,32.755001068115234,32.94499969482422,2930.0
2025-04-28 07:00:00-04:00,32.939998626708984,33.04499816894531,32.93000030517578,32.994998931884766,2165.0
2025-04-28 08:00:00-04:00,33.0,33.025001525878906,32.880001068115234,32.8849983215332,2636.0
2025-04-28 09:00:00-04:00,32.880001068115234,33.03499984741211,32.71500015258789,32.755001068115234,3258.0
2025-04-28 10:00:00-04:00,32.7599983215332,33.099998474121094,32.755001068115234,33.0,5097.0
2025-04-28 11:00:00-04:00,33.0,33.099998474121094,32.959999084472656,32.994998931884766,5282.0
2025-04-28 12:00:00-04:00,32.98500061035156,33.095001220703125,32.974998474121094,33.06999969482422,3210.0
2025-04-28 13:00:00-04:00,33.064998626708984,33.084999084472656,32.96500015258789,32.9900016784668,2741.0
2025-04-28 14:00:00-04:00,32.98500061035156,33.11000061035156,32.98500061035156,33.084999084472656,462.0
2025-04-28 15:00:00-04:00,33.09000015258789,33.1349983215332,33.04999923706055,33.1150016784668,591.0
2025-04-28 16:00:00-04:00,33.1150016784668,33.1150016784668,33.07500076293945,33.07500076293945,0.0
2025-04-28 18:00:00-04:00,33.095001220703125,33.13999938964844,33.01499938964844,33.02000045776367,62.0
2025-04-28 19:00:00-04:00,33.04999923706055,33.064998626708984,33.040000915527344,33.040000915527344,13.0
2025-04-28 20:00:00-04:00,33.02000045776367,33.07500076293945,33.005001068115234,33.07500076293945,79.0
2025-04-28 21:00:00-04:00,33.040000915527344,33.095001220703125,33.01499938964844,33.095001220703125,291.0
2025-04-28 22:00:00-04:00,33.130001068115234,33.18000030517578,33.005001068115234,33.005001068115234,177.0
2025-04-28 23:00:00-04:00,33.005001068115234,33.005001068115234,32.869998931884766,32.8849983215332,67.0
2025-04-29 00:00:00-04:00,32.88999938964844,32.939998626708984,32.8849983215332,32.91999816894531,30.0
2025-04-29 01:00:00-04:00,32.83000183105469,32.8849983215332,32.81999969482422,32.875,16.0
2025-04-29 02:00:00-04:00,32.85499954223633,32.97999954223633,32.85499954223633,32.974998474121094,144.0
2025-04-29 03:00:00-04:00,33.029998779296875,33.529998779296875,33.02000045776367,33.51499938964844,8298.0
2025-04-29 04:00:00-04:00,33.52000045776367,33.55500030517578,33.17499923706055,33.525001525878906,2306.0
2025-04-29 05:00:00-04:00,33.525001525878906,33.66999816894531,33.209999084472656,33.6349983215332,2220.0
2025-04-29 06:00:00-04:00,33.6349983215332,33.68000030517578,33.185001373291016,33.52000045776367,1392.0
2025-04-29 07:00:00-04:00,33.52000045776367,33.599998474121094,33.150001525878906,33.494998931884766,1288.0
2025-04-29 08:00:00-04:00,33.494998931884766,33.82500076293945,33.15999984741211,33.67499923706055,5409.0
2025-04-29 09:00:00-04:00,33.67499923706055,33.834999084472656,33.150001525878906,33.58000183105469,8931.0
2025-04-29 10:00:00-04:00,33.59000015258789,33.654998779296875,33.125,33.61000061035156,4506.0
2025-04-29 11:00:00-04:00,33.619998931884766,33.630001068115234,32.98500061035156,33.470001220703125,6324.0
2025-04-29 12:00:00-04:00,33.474998474121094,33.56999969482422,33.17499923706055,33.55500030517578,2515.0
2025-04-29 13:00:00-04:00,33.55500030517578,33.59000015258789,33.13999938964844,33.40999984741211,2014.0
2025-04-29 14:00:00-04:00,33.404998779296875,33.459999084472656,33.0099983215332,33.31999969482422,2294.0
2025-04-29 15:00:00-04:00,33.32500076293945,33.375,32.939998626708984,33.125,2432.0
2025-04-29 16:00:00-04:00,33.130001068115234,33.244998931884766,32.880001068115234,33.21500015258789,897.0
2025-04-29 18:00:00-04:00,33.19499969482422,33.220001220703125,32.88999938964844,33.20500183105469,0.0
2025-04-29 19:00:00-04:00,33.20500183105469,33.20500183105469,33.1349983215332,33.19499969482422,337.0
2025-04-29 20:00:00-04:00,33.19499969482422,33.29499816894531,32.95000076293945,33.27000045776367,1043.0
2025-04-29 21:00:00-04:00,33.26499938964844,33.345001220703125,32.96500015258789,33.220001220703125,1032.0
2025-04-29 22:00:00-04:00,33.209999084472656,33.275001525878906,32.8849983215332,33.18000030517578,488.0
2025-04-29 23:00:00-04:00,33.18000030517578,33.22999954223633,32.85499954223633,33.1349983215332,475.0
2025-04-30 00:00:00-04:00,33.11000061035156,33.119998931884766,32.95500183105469,33.064998626708984,1255.0
2025-04-30 01:00:00-04:00,33.05500030517578,33.15999984741211,33.025001525878906,33.099998474121094,1095.0
2025-04-30 02:00:00-04:00,33.10499954223633,33.14500045776367,33.040000915527344,33.05500030517578,997.0
2025-04-30 03:00:00-04:00,33.05500030517578,33.19499969482422,32.755001068115234,32.880001068115234,2586.0
2025-04-30 04:00:00-04:00,32.880001068115234,32.900001525878906,32.29999923706055,32.60499954223633,5073.0
2025-04-30 05:00:00-04:00,32.599998474121094,32.650001525878906,32.17499923706055,32.42499923706055,2455.0
2025-04-30 06:00:00-04:00,32.41999816894531,32.60499954223633,32.1349983215332,32.46500015258789,2174.0
2025-04-30 07:00:00-04:00,32.470001220703125,32.529998779296875,32.16999816894531,32.42499923706055,2214.0
2025-04-30 08:00:00-04:00,32.42499923706055,32.8650016784668,32.19499969482422,32.80500030517578,6216.0
2025-04-30 09:00:00-04:00,32.79999923706055,32.970001220703125,32.345001220703125,32.66999816894531,5511.0
2025-04-30 10:00:00-04:00,32.665000915527344,32.91999816894531,32.349998474121094,32.89500045776367,6109.0
2025-04-30 11:00:00-04:00,32.900001525878906,32.994998931884766,32.560001373291016,32.94499969482422,3647.0
2025-04-30 12:00:00-04:00,32.95000076293945,32.970001220703125,32.880001068115234,32.900001525878906,1179.0
2025-04-30 13:00:00-04:00,32.904998779296875,32.92499923706055,32.54999923706055,32.86000061035156,2960.0
2025-04-30 14:00:00-04:00,32.8650016784668,32.939998626708984,32.55500030517578,32.845001220703125,1195.0
2025-04-30 15:00:00-04:00,32.845001220703125,32.869998931884766,32.5099983215332,32.755001068115234,1227.0
2025-04-30 16:00:00-04:00,32.755001068115234,32.849998474121094,32.505001068115234,32.81999969482422,0.0
2025-04-30 18:00:00-04:00,32.810001373291016,32.85499954223633,32.54499816894531,32.834999084472656,495.0
2025-04-30 19:00:00-04:00,32.834999084472656,32.845001220703125,32.52000045776367,32.82500076293945,275.0
2025-04-30 20:00:00-04:00,32.814998626708984,32.8650016784668,32.21500015258789,32.53499984741211,2455.0
2025-04-30 21:00:00-04:00,32.529998779296875,32.64500045776367,32.2400016784668,32.52000045776367,759.0
2025-04-30 22:00:00-04:00,32.52000045776367,32.60499954223633,32.16999816894531,32.45000076293945,728.0
2025-04-30 23:00:00-04:00,32.44499969482422,32.44499969482422,32.1150016784668,32.25,1581.0
2025-05-01 00:00:00-04:00,32.2400016784668,32.32500076293945,32.224998474121094,32.22999954223633,716.0
2025-05-01 01:00:00-04:00,32.224998474121094,32.345001220703125,32.185001373291016,32.27000045776367,848.0
2025-05-01 02:00:00-04:00,32.27000045776367,32.375,32.26499938964844,32.314998626708984,596.0
2025-05-01 03:00:00-04:00,32.314998626708984,32.35499954223633,31.954999923706055,32.31999969482422,1294.0
2025-05-01 04:00:00-04:00,32.31999969482422,32.474998474121094,32.10499954223633,32.44499969482422,1401.0
2025-05-01 05:00:00-04:00,32.44499969482422,32.5,32.25,32.275001525878906,793.0
2025-05-01 06:00:00-04:00,32.28499984741211,32.369998931884766,32.05500030517578,32.35499954223633,1149.0
2025-05-01 07:00:00-04:00,32.35499954223633,32.3650016784668,31.7450008392334,31.915000915527344,3722.0
2025-05-01 08:00:00-04:00,31.90999984741211,32.63999938964844,31.684999465942383,32.540000915527344,6763.0
2025-05-01 09:00:00-04:00,32.540000915527344,32.72999954223633,32.28499984741211,32.564998626708984,4461.0
2025-05-01 10:00:00-04:00,32.560001373291016,32.75,32.29499816894531,32.54499816894531,4455.0
2025-05-01 11:00:00-04:00,32.540000915527344,32.65999984741211,32.29499816894531,32.4900016784668,2100.0
2025-05-01 12:00:00-04:00,32.4900016784668,32.505001068115234,32.15999984741211,32.505001068115234,2117.0
2025-05-01 13:00:00-04:00,32.505001068115234,32.51499938964844,32.375,32.4900016784668,2511.0
2025-05-01 14:00:00-04:00,32.4900016784668,32.65999984741211,32.20500183105469,32.58000183105469,1480.0
2025-05-01 15:00:00-04:00,32.58000183105469,32.625,32.560001373291016,32.58000183105469,655.0
2025-05-01 16:00:00-04:00,32.584999084472656,32.654998779296875,32.55500030517578,32.650001525878906,382.0
2025-05-01 18:00:00-04:00,32.630001068115234,32.67499923706055,32.61000061035156,32.64500045776367,0.0
2025-05-01 19:00:00-04:00,32.650001525878906,32.685001373291016,32.3849983215332,32.66999816894531,266.0
2025-05-01 20:00:00-04:00,32.665000915527344,32.7599983215332,32.64500045776367,32.70000076293945,1115.0
2025-05-01 21:00:00-04:00,32.70000076293945,32.779998779296875,32.685001373291016,32.775001525878906,471.0
2025-05-01 22:00:00-04:00,32.779998779296875,32.915000915527344,32.61000061035156,32.849998474121094,929.0
2025-05-01 23:00:00-04:00,32.845001220703125,32.974998474121094,32.814998626708984,32.95500183105469,567.0
2025-05-02 00:00:00-04:00,32.95000076293945,32.95500183105469,32.89500045776367,32.904998779296875,361.0
2025-05-02 01:00:00-04:00,32.900001525878906,32.90999984741211,32.81999969482422,32.82500076293945,399.0
2025-05-02 02:00:00-04:00,32.81999969482422,32.939998626708984,32.66999816894531,32.83000183105469,839.0
2025-05-02 03:00:00-04:00,32.834999084472656,32.8849983215332,32.560001373291016,32.7599983215332,1140.0
2025-05-02 04:00:00-04:00,32.76499938964844,32.79499816894531,32.474998474121094,32.69499969482422,978.0
2025-05-02 05:00:00-04:00,32.69499969482422,32.755001068115234,32.63999938964844,32.724998474121094,1608.0
2025-05-02 06:00:00-04:00,32.724998474121094,32.73500061035156,32.540000915527344,32.59000015258789,1238.0
2025-05-02 07:00:00-04:00,32.59000015258789,32.64500045776367,32.474998474121094,32.5099983215332,1540.0
2025-05-02 08:00:00-04:00,32.494998931884766,32.810001373291016,32.26499938964844,32.68000030517578,4977.0
2025-05-02 09:00:00-04:00,32.67499923706055,32.845001220703125,32.255001068115234,32.494998931884766,5143.0
2025-05-02 10:00:00-04:00,32.5,32.540000915527344,32.09000015258789,32.53499984741211,5511.0
2025-05-02 11:00:00-04:00,32.540000915527344,32.540000915527344,32.119998931884766,32.21500015258789,4129.0
2025-05-02 12:00:00-04:00,32.21500015258789,32.33000183105469,32.154998779296875,32.209999084472656,1930.0
2025-05-02 13:00:00-04:00,32.21500015258789,32.275001525878906,32.165000915527344,32.21500015258789,2548.0
2025-05-02 14:00:00-04:00,32.220001220703125,32.22999954223633,31.90999984741211,32.16999816894531,1114.0
2025-05-02 15:00:00-04:00,32.17499923706055,32.244998931884766,32.16999816894531,32.20000076293945,1283.0
2025-05-02 16:00:00-04:00,32.19499969482422,32.244998931884766,32.18000030517578,32.18000030517578,613.0
2025-05-04 18:00:00-04:00,32.25,32.2599983215332,31.915000915527344,32.209999084472656,473.0
2025-05-04 19:00:00-04:00,32.21500015258789,32.27000045776367,32.20000076293945,32.224998474121094,440.0
2025-05-04 20:00:00-04:00,32.22999954223633,32.22999954223633,32.17499923706055,32.18000030517578,408.0
2025-05-04 21:00:00-04:00,32.185001373291016,32.310001373291016,31.954999923706055,32.20500183105469,869.0
2025-05-04 22:00:00-04:00,32.21500015258789,32.35499954223633,31.979999542236328,32.32500076293945,928.0
2025-05-04 23:00:00-04:00,32.32500076293945,32.375,32.28499984741211,32.31999969482422,460.0
2025-05-05 00:00:00-04:00,32.32500076293945,32.38999938964844,32.310001373291016,32.3849983215332,331.0
2025-05-05 01:00:00-04:00,32.39500045776367,32.505001068115234,32.3849983215332,32.474998474121094,834.0
2025-05-05 02:00:00-04:00,32.47999954223633,32.65999984741211,32.474998474121094,32.625,964.0
2025-05-05 03:00:00-04:00,32.625,32.625,32.505001068115234,32.52000045776367,742.0
2025-05-05 04:00:00-04:00,32.525001525878906,32.6150016784668,32.334999084472656,32.61000061035156,649.0
2025-05-05 05:00:00-04:00,32.6150016784668,32.630001068115234,32.33000183105469,32.6150016784668,1084.0
2025-05-05 06:00:00-04:00,32.619998931884766,32.67499923706055,32.3849983215332,32.6150016784668,938.0
2025-05-05 07:00:00-04:00,32.61000061035156,32.689998626708984,32.334999084472656,32.59000015258789,967.0
2025-05-05 08:00:00-04:00,32.595001220703125,32.86000061035156,32.34000015258789,32.81999969482422,3268.0
2025-05-05 09:00:00-04:00,32.810001373291016,32.880001068115234,32.31999969482422,32.560001373291016,3999.0
2025-05-05 10:00:00-04:00,32.529998779296875,32.58000183105469,32.209999084472656,32.46500015258789,4488.0
2025-05-05 11:00:00-04:00,32.459999084472656,32.52000045776367,32.2400016784668,32.439998626708984,2010.0
2025-05-05 12:00:00-04:00,32.439998626708984,32.52000045776367,32.10499954223633,32.439998626708984,2249.0
2025-05-05 13:00:00-04:00,32.439998626708984,32.52000045776367,32.43000030517578,32.48500061035156,2803.0
2025-05-05 14:00:00-04:00,32.48500061035156,32.55500030517578,32.470001220703125,32.540000915527344,1017.0
2025-05-05 15:00:00-04:00,32.529998779296875,32.685001373291016,32.529998779296875,32.60499954223633,1590.0
2025-05-05 16:00:00-04:00,32.61000061035156,32.68000030517578,32.584999084472656,32.67499923706055,581.0
2025-05-05 18:00:00-04:00,32.69499969482422,32.709999084472656,32.625,32.65999984741211,0.0
2025-05-05 19:00:00-04:00,32.665000915527344,32.709999084472656,32.665000915527344,32.70500183105469,203.0
2025-05-05 20:00:00-04:00,32.70000076293945,32.90999984741211,32.67499923706055,32.875,1682.0
2025-05-05 21:00:00-04:00,32.875,33.290000915527344,32.650001525878906,33.290000915527344,7891.0
2025-05-05 22:00:00-04:00,33.290000915527344,33.29499816894531,33.21500015258789,33.25,1670.0
2025-05-05 23:00:00-04:00,33.27000045776367,33.33000183105469,33.21500015258789,33.31999969482422,1087.0
2025-05-06 00:00:00-04:00,33.314998626708984,33.3650016784668,33.29999923706055,33.314998626708984,840.0
2025-05-06 01:00:00-04:00,33.314998626708984,33.34000015258789,33.189998626708984,33.23500061035156,949.0
2025-05-06 02:00:00-04:00,33.23500061035156,33.29499816894531,33.15999984741211,33.21500015258789,1683.0
2025-05-06 03:00:00-04:00,33.21500015258789,33.375,32.9900016784668,33.25,2435.0
2025-05-06 04:00:00-04:00,33.255001068115234,33.2599983215332,33.064998626708984,33.209999084472656,2369.0
2025-05-06 05:00:00-04:00,33.209999084472656,33.279998779296875,33.1150016784668,33.279998779296875,1609.0
2025-05-06 06:00:00-04:00,33.275001525878906,33.275001525878906,33.150001525878906,33.20000076293945,940.0
2025-05-06 07:00:00-04:00,33.19499969482422,33.314998626708984,32.939998626708984,33.279998779296875,1660.0
2025-05-06 08:00:00-04:00,33.27000045776367,33.42499923706055,33.0099983215332,33.30500030517578,4699.0
2025-05-06 09:00:00-04:00,33.29999923706055,33.459999084472656,33.029998779296875,33.345001220703125,6172.0
2025-05-06 10:00:00-04:00,33.345001220703125,33.45000076293945,32.994998931884766,33.29499816894531,4933.0
2025-05-06 11:00:00-04:00,33.32500076293945,33.400001525878906,33.224998474121094,33.2400016784668,2626.0
2025-05-06 12:00:00-04:00,33.2400016784668,33.38999938964844,33.185001373291016,33.349998474121094,3041.0
2025-05-06 13:00:00-04:00,33.349998474121094,33.41999816894531,33.07500076293945,33.369998931884766,3750.0
2025-05-06 14:00:00-04:00,33.375,33.400001525878906,33.099998474121094,33.400001525878906,940.0
2025-05-06 15:00:00-04:00,33.39500045776367,33.470001220703125,33.189998626708984,33.45500183105469,1618.0
2025-05-06 16:00:00-04:00,33.45000076293945,33.470001220703125,33.400001525878906,33.435001373291016,746.0
2025-05-06 18:00:00-04:00,33.470001220703125,33.47999954223633,33.279998779296875,33.290000915527344,0.0
2025-05-06 19:00:00-04:00,33.290000915527344,33.41999816894531,33.279998779296875,33.39500045776367,714.0
2025-05-06 20:00:00-04:00,33.38999938964844,33.39500045776367,33.220001220703125,33.28499984741211,1304.0
2025-05-06 21:00:00-04:00,33.279998779296875,33.310001373291016,33.04499816894531,33.13999938964844,2188.0
2025-05-06 22:00:00-04:00,33.1349983215332,33.349998474121094,33.07500076293945,33.28499984741211,1151.0
2025-05-06 23:00:00-04:00,33.28499984741211,33.28499984741211,33.165000915527344,33.17499923706055,375.0
2025-05-07 00:00:00-04:00,33.18000030517578,33.275001525878906,33.18000030517578,33.189998626708984,214.0
2025-05-07 01:00:00-04:00,33.209999084472656,33.279998779296875,33.18000030517578,33.25,465.0
2025-05-07 02:00:00-04:00,33.255001068115234,33.30500030517578,33.23500061035156,33.279998779296875,700.0
2025-05-07 03:00:00-04:00,33.275001525878906,33.290000915527344,33.17499923706055,33.220001220703125,1249.0
2025-05-07 04:00:00-04:00,33.224998474121094,33.22999954223633,33.060001373291016,33.10499954223633,1462.0
2025-05-07 05:00:00-04:00,33.095001220703125,33.130001068115234,32.93000030517578,32.994998931884766,1841.0
2025-05-07 06:00:00-04:00,32.9900016784668,33.10499954223633,32.93000030517578,33.095001220703125,2065.0
2025-05-07 07:00:00-04:00,33.099998474121094,33.16999816894531,33.060001373291016,33.1150016784668,1163.0
2025-05-07 08:00:00-04:00,33.1150016784668,33.185001373291016,32.98500061035156,33.15999984741211,2836.0
2025-05-07 09:00:00-04:00,33.154998779296875,33.15999984741211,32.80500030517578,33.02000045776367,5109.0
2025-05-07 10:00:00-04:00,33.01499938964844,33.040000915527344,32.5099983215332,32.81999969482422,5722.0
2025-05-07 11:00:00-04:00,32.814998626708984,32.845001220703125,32.7400016784668,32.814998626708984,2425.0
2025-05-07 12:00:00-04:00,32.814998626708984,32.85499954223633,32.79499816894531,32.834999084472656,1683.0
2025-05-07 13:00:00-04:00,32.83000183105469,32.85499954223633,32.54999923706055,32.73500061035156,3908.0
2025-05-07 14:00:00-04:00,32.72999954223633,32.86000061035156,32.400001525878906,32.744998931884766,5175.0
2025-05-07 15:00:00-04:00,32.75,32.7599983215332,32.19499969482422,32.584999084472656,4659.0
2025-05-07 16:00:00-04:00,32.584999084472656,32.625,32.54999923706055,32.61000061035156,642.0
2025-05-07 18:00:00-04:00,32.57500076293945,32.599998474121094,32.540000915527344,32.56999969482422,0.0
2025-05-07 19:00:00-04:00,32.57500076293945,32.619998931884766,32.54999923706055,32.619998931884766,266.0
2025-05-07 20:00:00-04:00,32.625,32.665000915527344,32.595001220703125,32.654998779296875,951.0
2025-05-07 21:00:00-04:00,32.650001525878906,33.04999923706055,32.630001068115234,33.029998779296875,3225.0
2025-05-07 22:00:00-04:00,33.025001525878906,33.04999923706055,32.939998626708984,32.95500183105469,1438.0
2025-05-07 23:00:00-04:00,32.95000076293945,33.09000015258789,32.95000076293945,33.02000045776367,748.0
2025-05-08 00:00:00-04:00,33.02000045776367,33.095001220703125,32.970001220703125,32.97999954223633,697.0
2025-05-08 01:00:00-04:00,32.970001220703125,33.01499938964844,32.72999954223633,32.73500061035156,2578.0
2025-05-08 02:00:00-04:00,32.7400016784668,32.814998626708984,32.369998931884766,32.505001068115234,4939.0
2025-05-08 03:00:00-04:00,32.51499938964844,32.6150016784668,32.45500183105469,32.525001525878906,2374.0
2025-05-08 04:00:00-04:00,32.529998779296875,32.56999969482422,32.459999084472656,32.494998931884766,821.0
2025-05-08 05:00:00-04:00,32.4900016784668,32.630001068115234,32.47999954223633,32.52000045776367,1740.0
2025-05-08 06:00:00-04:00,32.525001525878906,32.689998626708984,32.47999954223633,32.584999084472656,1808.0
2025-05-08 07:00:00-04:00,32.58000183105469,32.595001220703125,32.310001373291016,32.54999923706055,3053.0
2025-05-08 08:00:00-04:00,32.560001373291016,32.650001525878906,32.525001525878906,32.625,2792.0
2025-05-08 09:00:00-04:00,32.6150016784668,32.880001068115234,32.41999816894531,32.80500030517578,4281.0
2025-05-08 10:00:00-04:00,32.810001373291016,32.91999816894531,32.76499938964844,32.790000915527344,2454.0
2025-05-08 11:00:00-04:00,32.79499816894531,32.8650016784668,32.70500183105469,32.78499984741211,3211.0
2025-05-08 12:00:00-04:00,32.78499984741211,32.78499984741211,32.36000061035156,32.66999816894531,3377.0
2025-05-08 13:00:00-04:00,32.66999816894531,32.66999816894531,32.54999923706055,32.64500045776367,3227.0
2025-05-08 14:00:00-04:00,32.63999938964844,32.67499923706055,32.41999816894531,32.630001068115234,776.0
2025-05-08 15:00:00-04:00,32.6349983215332,32.63999938964844,32.30500030517578,32.540000915527344,1821.0
2025-05-08 16:00:00-04:00,32.540000915527344,32.625,32.334999084472656,32.60499954223633,537.0
2025-05-08 18:00:00-04:00,32.60499954223633,32.66999816894531,32.60499954223633,32.665000915527344,0.0
2025-05-08 19:00:00-04:00,32.665000915527344,32.665000915527344,32.56999969482422,32.584999084472656,220.0
2025-05-08 20:00:00-04:00,32.584999084472656,32.654998779296875,32.52000045776367,32.64500045776367,699.0
2025-05-08 21:00:00-04:00,32.64500045776367,32.68000030517578,32.459999084472656,32.470001220703125,1965.0
2025-05-08 22:00:00-04:00,32.474998474121094,32.564998626708984,32.36000061035156,32.564998626708984,989.0
2025-05-08 23:00:00-04:00,32.564998626708984,32.60499954223633,32.48500061035156,32.56999969482422,747.0
2025-05-09 00:00:00-04:00,32.584999084472656,32.70000076293945,32.584999084472656,32.69499969482422,608.0
2025-05-09 01:00:00-04:00,32.685001373291016,32.71500015258789,32.584999084472656,32.625,1042.0
2025-05-09 02:00:00-04:00,32.619998931884766,32.709999084472656,32.619998931884766,32.70000076293945,944.0
2025-05-09 03:00:00-04:00,32.70000076293945,32.88999938964844,32.65999984741211,32.834999084472656,2133.0
2025-05-09 04:00:00-04:00,32.83000183105469,32.83000183105469,32.724998474121094,32.744998931884766,680.0
2025-05-09 05:00:00-04:00,32.744998931884766,32.779998779296875,32.71500015258789,32.7599983215332,489.0
2025-05-09 06:00:00-04:00,32.7599983215332,32.80500030517578,32.709999084472656,32.724998474121094,606.0
2025-05-09 07:00:00-04:00,32.724998474121094,32.78499984741211,32.584999084472656,32.724998474121094,1766.0
2025-05-09 08:00:00-04:00,32.720001220703125,32.8650016784668,32.70500183105469,32.7599983215332,2064.0
2025-05-09 09:00:00-04:00,32.755001068115234,32.939998626708984,32.69499969482422,32.880001068115234,3361.0
2025-05-09 10:00:00-04:00,32.875,32.9900016784668,32.779998779296875,32.880001068115234,3522.0
2025-05-09 11:00:00-04:00,32.869998931884766,32.994998931884766,32.82500076293945,32.98500061035156,2009.0
2025-05-09 12:00:00-04:00,32.98500061035156,33.040000915527344,32.875,32.875,2275.0
2025-05-09 13:00:00-04:00,32.875,32.970001220703125,32.8650016784668,32.959999084472656,2464.0
2025-05-09 14:00:00-04:00,32.959999084472656,32.994998931884766,32.71500015258789,32.974998474121094,846.0
2025-05-09 15:00:00-04:00,32.974998474121094,32.9900016784668,32.880001068115234,32.93000030517578,1100.0
2025-05-09 16:00:00-04:00,32.91999816894531,32.95000076293945,32.8650016784668,32.880001068115234,803.0
2025-05-11 18:00:00-04:00,32.599998474121094,32.834999084472656,32.5099983215332,32.775001525878906,1019.0
2025-05-11 19:00:00-04:00,32.77000045776367,32.834999084472656,32.709999084472656,32.814998626708984,420.0
2025-05-11 20:00:00-04:00,32.81999969482422,32.880001068115234,32.720001220703125,32.814998626708984,970.0
2025-05-11 21:00:00-04:00,32.814998626708984,32.875,32.63999938964844,32.68000030517578,1779.0
2025-05-11 22:00:00-04:00,32.685001373291016,32.92499923706055,32.685001373291016,32.790000915527344,1160.0
2025-05-11 23:00:00-04:00,32.79499816894531,33.02000045776367,32.779998779296875,33.01499938964844,898.0
2025-05-12 00:00:00-04:00,33.0099983215332,33.099998474121094,33.0,33.07500076293945,856.0
2025-05-12 01:00:00-04:00,33.08000183105469,33.11000061035156,32.959999084472656,33.099998474121094,1923.0
2025-05-12 02:00:00-04:00,33.10499954223633,33.189998626708984,33.08000183105469,33.16999816894531,1859.0
2025-05-12 03:00:00-04:00,33.16999816894531,33.20000076293945,32.0,32.20000076293945,10013.0
2025-05-12 04:00:00-04:00,32.209999084472656,32.47999954223633,32.04499816894531,32.43000030517578,4437.0
2025-05-12 05:00:00-04:00,32.42499923706055,32.5,32.130001068115234,32.290000915527344,1895.0
2025-05-12 06:00:00-04:00,32.290000915527344,32.334999084472656,31.93000030517578,32.18000030517578,2005.0
2025-05-12 07:00:00-04:00,32.185001373291016,32.57500076293945,32.15999984741211,32.47999954223633,2730.0
2025-05-12 08:00:00-04:00,32.48500061035156,32.68000030517578,32.29999923706055,32.68000030517578,4375.0
2025-05-12 09:00:00-04:00,32.685001373291016,32.935001373291016,32.650001525878906,32.755001068115234,8766.0
2025-05-12 10:00:00-04:00,32.75,32.904998779296875,32.560001373291016,32.78499984741211,4201.0
2025-05-12 11:00:00-04:00,32.790000915527344,32.84000015258789,32.685001373291016,32.73500061035156,2192.0
2025-05-12 12:00:00-04:00,32.7400016784668,32.7400016784668,32.599998474121094,32.654998779296875,2369.0
2025-05-12 13:00:00-04:00,32.65999984741211,32.65999984741211,32.540000915527344,32.599998474121094,3686.0
2025-05-12 14:00:00-04:00,32.60499954223633,32.69499969482422,32.57500076293945,32.685001373291016,801.0
2025-05-12 15:00:00-04:00,32.68000030517578,32.78499984741211,32.66999816894531,32.7599983215332,1367.0
2025-05-12 16:00:00-04:00,32.76499938964844,32.79999923706055,32.7400016784668,32.79499816894531,0.0
2025-05-12 18:00:00-04:00,32.79999923706055,32.814998626708984,32.75,32.76499938964844,297.0
2025-05-12 19:00:00-04:00,32.775001525878906,32.79499816894531,32.7599983215332,32.77000045776367,150.0
2025-05-12 20:00:00-04:00,32.77000045776367,32.81999969482422,32.720001220703125,32.7400016784668,514.0
2025-05-12 21:00:00-04:00,32.744998931884766,32.89500045776367,32.720001220703125,32.84000015258789,1644.0
2025-05-12 22:00:00-04:00,32.845001220703125,32.98500061035156,32.84000015258789,32.88999938964844,1362.0
2025-05-12 23:00:00-04:00,32.8849983215332,33.17499923706055,32.8849983215332,33.154998779296875,1659.0
2025-05-13 00:00:00-04:00,33.154998779296875,33.23500061035156,33.130001068115234,33.220001220703125,1261.0
2025-05-13 01:00:00-04:00,33.22999954223633,33.255001068115234,33.125,33.224998474121094,1723.0
2025-05-13 02:00:00-04:00,33.22999954223633,33.334999084472656,33.13999938964844,33.32500076293945,2762.0
2025-05-13 03:00:00-04:00,33.32500076293945,33.435001373291016,33.20000076293945,33.3849983215332,2632.0
2025-05-13 04:00:00-04:00,33.38999938964844,33.40999984741211,33.28499984741211,33.334999084472656,1472.0
2025-05-13 05:00:00-04:00,33.334999084472656,33.34000015258789,33.20500183105469,33.21500015258789,935.0
2025-05-13 06:00:00-04:00,33.209999084472656,33.255001068115234,32.93000030517578,33.21500015258789,795.0
2025-05-13 07:00:00-04:00,33.21500015258789,33.25,32.91999816894531,33.04999923706055,1918.0
2025-05-13 08:00:00-04:00,33.040000915527344,33.07500076293945,32.68000030517578,32.900001525878906,8911.0
2025-05-13 09:00:00-04:00,32.89500045776367,32.970001220703125,32.72999954223633,32.790000915527344,5144.0
2025-05-13 10:00:00-04:00,32.790000915527344,33.14500045776367,32.779998779296875,33.084999084472656,4626.0
2025-05-13 11:00:00-04:00,33.084999084472656,33.15999984741211,32.88999938964844,33.130001068115234,2551.0
2025-05-13 12:00:00-04:00,33.130001068115234,33.18000030517578,33.09000015258789,33.150001525878906,1677.0
2025-05-13 13:00:00-04:00,33.150001525878906,33.16999816894531,33.005001068115234,33.05500030517578,3267.0
2025-05-13 14:00:00-04:00,33.04999923706055,33.06999969482422,32.80500030517578,33.04499816894531,671.0
2025-05-13 15:00:00-04:00,33.040000915527344,33.14500045776367,32.880001068115234,33.119998931884766,1079.0
2025-05-13 16:00:00-04:00,33.1150016784668,33.125,33.08000183105469,33.09000015258789,475.0
2025-05-13 18:00:00-04:00,33.084999084472656,33.119998931884766,33.07500076293945,33.119998931884766,0.0
2025-05-13 19:00:00-04:00,33.11000061035156,33.150001525878906,33.099998474121094,33.125,199.0
2025-05-13 20:00:00-04:00,33.130001068115234,33.130001068115234,32.94499969482422,32.974998474121094,899.0
2025-05-13 21:00:00-04:00,32.98500061035156,33.06999969482422,32.915000915527344,32.935001373291016,888.0
2025-05-13 22:00:00-04:00,32.939998626708984,32.94499969482422,32.78499984741211,32.79999923706055,1103.0
2025-05-13 23:00:00-04:00,32.79999923706055,32.83000183105469,32.755001068115234,32.790000915527344,791.0
2025-05-14 00:00:00-04:00,32.79499816894531,32.79999923706055,32.73500061035156,32.744998931884766,566.0
2025-05-14 01:00:00-04:00,32.744998931884766,32.880001068115234,32.72999954223633,32.880001068115234,1230.0
2025-05-14 02:00:00-04:00,32.880001068115234,32.95500183105469,32.845001220703125,32.880001068115234,1101.0
2025-05-14 03:00:00-04:00,32.88999938964844,33.08000183105469,32.869998931884766,33.064998626708984,2186.0
2025-05-14 04:00:00-04:00,33.064998626708984,33.095001220703125,32.98500061035156,33.005001068115234,1673.0
2025-05-14 05:00:00-04:00,33.0,33.02000045776367,32.93000030517578,32.95000076293945,971.0
2025-05-14 06:00:00-04:00,32.94499969482422,33.07500076293945,32.935001373291016,33.04999923706055,705.0
2025-05-14 07:00:00-04:00,33.04999923706055,33.10499954223633,33.02000045776367,33.040000915527344,1297.0
2025-05-14 08:00:00-04:00,33.040000915527344,33.099998474121094,32.334999084472656,32.369998931884766,11633.0
2025-05-14 09:00:00-04:00,32.369998931884766,32.60499954223633,32.2400016784668,32.505001068115234,8016.0
2025-05-14 10:00:00-04:00,32.5,32.52000045776367,32.11000061035156,32.34000015258789,3164.0
2025-05-14 11:00:00-04:00,32.345001220703125,32.46500015258789,32.32500076293945,32.45000076293945,2569.0
2025-05-14 12:00:00-04:00,32.45000076293945,32.474998474121094,32.29999923706055,32.46500015258789,2210.0
2025-05-14 13:00:00-04:00,32.46500015258789,32.48500061035156,32.415000915527344,32.43000030517578,1841.0
2025-05-14 14:00:00-04:00,32.435001373291016,32.44499969482422,32.30500030517578,32.310001373291016,956.0
2025-05-14 15:00:00-04:00,32.30500030517578,32.32500076293945,32.084999084472656,32.314998626708984,1671.0
2025-05-14 16:00:00-04:00,32.31999969482422,32.404998779296875,32.310001373291016,32.38999938964844,0.0
2025-05-14 18:00:00-04:00,32.39500045776367,32.404998779296875,32.34000015258789,32.35499954223633,242.0
2025-05-14 19:00:00-04:00,32.345001220703125,32.375,32.33000183105469,32.35499954223633,299.0
2025-05-14 20:00:00-04:00,32.3650016784668,32.380001068115234,32.2599983215332,32.36000061035156,671.0
2025-05-14 21:00:00-04:00,32.369998931884766,32.42499923706055,32.21500015258789,32.255001068115234,1500.0
2025-05-14 22:00:00-04:00,32.2599983215332,32.27000045776367,32.06999969482422,32.1150016784668,1488.0
2025-05-14 23:00:00-04:00,32.119998931884766,32.150001525878906,31.915000915527344,31.985000610351562,1942.0
2025-05-15 00:00:00-04:00,31.989999771118164,32.0099983215332,31.889999389648438,31.895000457763672,780.0
2025-05-15 01:00:00-04:00,31.889999389648438,31.950000762939453,31.825000762939453,31.93000030517578,1579.0
2025-05-15 02:00:00-04:00,31.920000076293945,32.099998474121094,31.920000076293945,32.060001373291016,2734.0
2025-05-15 03:00:00-04:00,32.060001373291016,32.119998931884766,31.780000686645508,31.90999984741211,3979.0
2025-05-15 04:00:00-04:00,31.90999984741211,32.060001373291016,31.860000610351562,32.040000915527344,2812.0
2025-05-15 05:00:00-04:00,32.040000915527344,32.220001220703125,32.005001068115234,32.11000061035156,1736.0
2025-05-15 06:00:00-04:00,32.11000061035156,32.244998931884766,32.095001220703125,32.22999954223633,1048.0
2025-05-15 07:00:00-04:00,32.224998474121094,32.3650016784668,32.209999084472656,32.334999084472656,1392.0
2025-05-15 08:00:00-04:00,32.33000183105469,32.400001525878906,32.22999954223633,32.31999969482422,3152.0
2025-05-15 09:00:00-04:00,32.314998626708984,32.43000030517578,32.25,32.3849983215332,3989.0
2025-05-15 10:00:00-04:00,32.38999938964844,32.525001525878906,32.32500076293945,32.525001525878906,3575.0
2025-05-15 11:00:00-04:00,32.51499938964844,32.689998626708984,32.5099983215332,32.689998626708984,3285.0
2025-05-15 12:00:00-04:00,32.689998626708984,32.70500183105469,32.6349983215332,32.67499923706055,1980.0
2025-05-15 13:00:00-04:00,32.66999816894531,32.709999084472656,32.61000061035156,32.630001068115234,2159.0
2025-05-15 14:00:00-04:00,32.6349983215332,32.665000915527344,32.599998474121094,32.61000061035156,992.0
2025-05-15 15:00:00-04:00,32.61000061035156,32.75,32.60499954223633,32.73500061035156,1425.0
2025-05-15 16:00:00-04:00,32.72999954223633,32.81999969482422,32.724998474121094,32.790000915527344,1236.0
2025-05-15 18:00:00-04:00,32.79499816894531,32.8650016784668,32.790000915527344,32.86000061035156,0.0
2025-05-15 19:00:00-04:00,32.849998474121094,32.86000061035156,32.790000915527344,32.79999923706055,556.0
2025-05-15 20:00:00-04:00,32.80500030517578,32.84000015258789,32.7599983215332,32.76499938964844,937.0
2025-05-15 21:00:00-04:00,32.76499938964844,32.810001373291016,32.6349983215332,32.685001373291016,1621.0
2025-05-15 22:00:00-04:00,32.68000030517578,32.70000076293945,32.6150016784668,32.625,472.0
2025-05-15 23:00:00-04:00,32.625,32.630001068115234,32.5099983215332,32.54999923706055,839.0
2025-05-16 00:00:00-04:00,32.540000915527344,32.599998474121094,32.52000045776367,32.57500076293945,488.0
2025-05-16 01:00:00-04:00,32.56999969482422,32.619998931884766,32.560001373291016,32.59000015258789,575.0
2025-05-16 02:00:00-04:00,32.584999084472656,32.625,32.4900016784668,32.51499938964844,1275.0
2025-05-16 03:00:00-04:00,32.51499938964844,32.525001525878906,32.41999816894531,32.435001373291016,1218.0
2025-05-16 04:00:00-04:00,32.439998626708984,32.44499969482422,32.19499969482422,32.38999938964844,1336.0
2025-05-16 05:00:00-04:00,32.3849983215332,32.44499969482422,32.220001220703125,32.42499923706055,948.0
2025-05-16 06:00:00-04:00,32.42499923706055,32.439998626708984,32.22999954223633,32.2599983215332,1945.0
2025-05-16 07:00:00-04:00,32.275001525878906,32.275001525878906,31.950000762939453,32.095001220703125,3790.0
2025-05-16 08:00:00-04:00,32.095001220703125,32.189998626708984,31.920000076293945,32.07500076293945,5537.0
2025-05-16 09:00:00-04:00,32.06999969482422,32.439998626708984,31.90999984741211,32.38999938964844,5704.0
2025-05-16 10:00:00-04:00,32.39500045776367,32.459999084472656,32.150001525878906,32.17499923706055,3762.0
2025-05-16 11:00:00-04:00,32.17499923706055,32.3650016784668,32.03499984741211,32.349998474121094,2604.0
2025-05-16 12:00:00-04:00,32.345001220703125,32.404998779296875,32.150001525878906,32.349998474121094,1687.0
2025-05-16 13:00:00-04:00,32.35499954223633,32.380001068115234,32.31999969482422,32.36000061035156,1845.0
2025-05-16 14:00:00-04:00,32.35499954223633,32.404998779296875,32.349998474121094,32.3849983215332,712.0
2025-05-16 15:00:00-04:00,32.38999938964844,32.41999816894531,32.375,32.400001525878906,901.0
2025-05-16 16:00:00-04:00,32.39500045776367,32.45500183105469,32.38999938964844,32.43000030517578,756.0
2025-05-18 18:00:00-04:00,32.54999923706055,32.6349983215332,32.435001373291016,32.619998931884766,1005.0
2025-05-18 19:00:00-04:00,32.630001068115234,32.69499969482422,32.58000183105469,32.6349983215332,771.0
2025-05-18 20:00:00-04:00,32.6349983215332,32.71500015258789,32.60499954223633,32.709999084472656,1103.0
2025-05-18 21:00:00-04:00,32.70500183105469,32.72999954223633,32.540000915527344,32.58000183105469,1901.0
2025-05-18 22:00:00-04:00,32.58000183105469,32.619998931884766,32.5,32.57500076293945,488.0
2025-05-18 23:00:00-04:00,32.57500076293945,32.6150016784668,32.439998626708984,32.46500015258789,485.0
2025-05-19 00:00:00-04:00,32.44499969482422,32.52000045776367,32.42499923706055,32.505001068115234,264.0
2025-05-19 01:00:00-04:00,32.5099983215332,32.58000183105469,32.5099983215332,32.55500030517578,409.0
2025-05-19 02:00:00-04:00,32.55500030517578,32.6349983215332,32.529998779296875,32.59000015258789,1501.0
2025-05-19 03:00:00-04:00,32.59000015258789,32.68000030517578,32.439998626708984,32.619998931884766,1922.0
2025-05-19 04:00:00-04:00,32.630001068115234,32.76499938964844,32.46500015258789,32.7599983215332,3062.0
2025-05-19 05:00:00-04:00,32.7599983215332,32.775001525878906,32.470001220703125,32.709999084472656,1793.0
2025-05-19 06:00:00-04:00,32.71500015258789,32.775001525878906,32.6150016784668,32.72999954223633,1594.0
2025-05-19 07:00:00-04:00,32.73500061035156,32.78499984741211,32.689998626708984,32.77000045776367,1476.0
2025-05-19 08:00:00-04:00,32.77000045776367,32.79499816894531,32.459999084472656,32.54499816894531,2817.0
2025-05-19 09:00:00-04:00,32.54499816894531,32.58000183105469,32.25,32.47999954223633,3856.0
2025-05-19 10:00:00-04:00,32.470001220703125,32.54999923706055,32.209999084472656,32.52000045776367,2561.0
2025-05-19 11:00:00-04:00,32.52000045776367,32.619998931884766,32.494998931884766,32.55500030517578,1614.0
2025-05-19 12:00:00-04:00,32.55500030517578,32.57500076293945,32.48500061035156,32.54499816894531,1330.0
2025-05-19 13:00:00-04:00,32.54999923706055,32.54999923706055,32.45000076293945,32.45500183105469,1545.0
2025-05-19 14:00:00-04:00,32.459999084472656,32.53499984741211,32.45000076293945,32.525001525878906,624.0
2025-05-19 15:00:00-04:00,32.525001525878906,32.540000915527344,32.48500061035156,32.505001068115234,603.0
2025-05-19 16:00:00-04:00,32.505001068115234,32.53499984741211,32.48500061035156,32.494998931884766,389.0
2025-05-19 18:00:00-04:00,32.5,32.51499938964844,32.47999954223633,32.494998931884766,0.0
2025-05-19 19:00:00-04:00,32.494998931884766,32.51499938964844,32.474998474121094,32.505001068115234,328.0
2025-05-19 20:00:00-04:00,32.5099983215332,32.52000045776367,32.44499969482422,32.46500015258789,506.0
2025-05-19 21:00:00-04:00,32.470001220703125,32.540000915527344,32.435001373291016,32.45000076293945,740.0
2025-05-19 22:00:00-04:00,32.45500183105469,32.474998474121094,32.334999084472656,32.36000061035156,1215.0
2025-05-19 23:00:00-04:00,32.35499954223633,32.380001068115234,32.29999923706055,32.310001373291016,621.0
2025-05-20 00:00:00-04:00,32.314998626708984,32.36000061035156,32.26499938964844,32.349998474121094,537.0
2025-05-20 01:00:00-04:00,32.349998474121094,32.439998626708984,32.33000183105469,32.380001068115234,1006.0
2025-05-20 02:00:00-04:00,32.380001068115234,32.43000030517578,32.099998474121094,32.279998779296875,1210.0
2025-05-20 03:00:00-04:00,32.279998779296875,32.42499923706055,32.06999969482422,32.400001525878906,1416.0
2025-05-20 04:00:00-04:00,32.39500045776367,32.52000045776367,32.16999816894531,32.5099983215332,1175.0
2025-05-20 05:00:00-04:00,32.52000045776367,32.564998626708984,32.4900016784668,32.55500030517578,1304.0
2025-05-20 06:00:00-04:00,32.560001373291016,32.665000915527344,32.53499984741211,32.650001525878906,1089.0
2025-05-20 07:00:00-04:00,32.650001525878906,32.744998931884766,32.63999938964844,32.70000076293945,1931.0
2025-05-20 08:00:00-04:00,32.70500183105469,32.814998626708984,32.47999954223633,32.7599983215332,4898.0
2025-05-20 09:00:00-04:00,32.7599983215332,32.7599983215332,32.45000076293945,32.75,6044.0
2025-05-20 10:00:00-04:00,32.755001068115234,33.09000015258789,32.73500061035156,33.029998779296875,10627.0
2025-05-20 11:00:00-04:00,33.03499984741211,33.07500076293945,32.959999084472656,33.02000045776367,3034.0
2025-05-20 12:00:00-04:00,33.02000045776367,33.165000915527344,32.994998931884766,33.154998779296875,3865.0
2025-05-20 13:00:00-04:00,33.150001525878906,33.19499969482422,33.13999938964844,33.185001373291016,2953.0
2025-05-20 14:00:00-04:00,33.185001373291016,33.20000076293945,33.130001068115234,33.15999984741211,1510.0
2025-05-20 15:00:00-04:00,33.154998779296875,33.29999923706055,33.14500045776367,33.29499816894531,2564.0
2025-05-20 16:00:00-04:00,33.290000915527344,33.30500030517578,33.064998626708984,33.2599983215332,774.0
2025-05-20 18:00:00-04:00,33.275001525878906,33.334999084472656,33.26499938964844,33.334999084472656,0.0
2025-05-20 19:00:00-04:00,33.33000183105469,33.349998474121094,33.28499984741211,33.28499984741211,770.0
2025-05-20 20:00:00-04:00,33.28499984741211,33.3650016784668,33.279998779296875,33.34000015258789,1360.0
2025-05-20 21:00:00-04:00,33.334999084472656,33.3650016784668,33.125,33.20000076293945,4377.0
2025-05-20 22:00:00-04:00,33.20000076293945,33.275001525878906,33.165000915527344,33.20500183105469,1213.0
2025-05-20 23:00:00-04:00,33.20000076293945,33.275001525878906,33.19499969482422,33.255001068115234,549.0
2025-05-21 00:00:00-04:00,33.255001068115234,33.30500030517578,33.21500015258789,33.27000045776367,764.0
2025-05-21 01:00:00-04:00,33.26499938964844,33.3650016784668,33.2400016784668,33.349998474121094,1347.0
2025-05-21 02:00:00-04:00,33.349998474121094,33.375,33.275001525878906,33.34000015258789,1353.0
2025-05-21 03:00:00-04:00,33.34000015258789,33.380001068115234,33.2400016784668,33.349998474121094,1775.0
2025-05-21 04:00:00-04:00,33.375,33.3849983215332,33.29499816894531,33.33000183105469,1616.0
2025-05-21 05:00:00-04:00,33.33000183105469,33.375,33.29499816894531,33.34000015258789,753.0
2025-05-21 06:00:00-04:00,33.34000015258789,33.39500045776367,33.27000045776367,33.32500076293945,1241.0
2025-05-21 07:00:00-04:00,33.33000183105469,33.400001525878906,33.27000045776367,33.30500030517578,1802.0
2025-05-21 08:00:00-04:00,33.30500030517578,33.38999938964844,33.04499816894531,33.345001220703125,4448.0
2025-05-21 09:00:00-04:00,33.349998474121094,33.43000030517578,33.29999923706055,33.3650016784668,4617.0
2025-05-21 10:00:00-04:00,33.3650016784668,33.560001373291016,33.290000915527344,33.54999923706055,5945.0
2025-05-21 11:00:00-04:00,33.54999923706055,33.724998474121094,33.3849983215332,33.595001220703125,7355.0
2025-05-21 12:00:00-04:00,33.595001220703125,33.665000915527344,33.59000015258789,33.619998931884766,2558.0
2025-05-21 13:00:00-04:00,33.6150016784668,33.71500015258789,33.400001525878906,33.560001373291016,7236.0
2025-05-21 14:00:00-04:00,33.560001373291016,33.61000061035156,33.5,33.595001220703125,1702.0
2025-05-21 15:00:00-04:00,33.595001220703125,33.779998779296875,33.5099983215332,33.744998931884766,2962.0
2025-05-21 16:00:00-04:00,33.744998931884766,33.76499938964844,33.56999969482422,33.57500076293945,1320.0
2025-05-21 18:00:00-04:00,33.584999084472656,33.665000915527344,33.56999969482422,33.650001525878906,0.0
2025-05-21 19:00:00-04:00,33.654998779296875,33.70500183105469,33.625,33.650001525878906,870.0
2025-05-21 20:00:00-04:00,33.650001525878906,33.744998931884766,33.6349983215332,33.71500015258789,1173.0
2025-05-21 21:00:00-04:00,33.709999084472656,33.77000045776367,33.57500076293945,33.73500061035156,2434.0
2025-05-21 22:00:00-04:00,33.73500061035156,33.810001373291016,33.720001220703125,33.779998779296875,1327.0
2025-05-21 23:00:00-04:00,33.78499984741211,33.834999084472656,33.75,33.79999923706055,733.0
2025-05-22 00:00:00-04:00,33.80500030517578,33.915000915527344,33.79999923706055,33.900001525878906,1169.0
2025-05-22 01:00:00-04:00,33.900001525878906,33.90999984741211,33.72999954223633,33.80500030517578,2878.0
2025-05-22 02:00:00-04:00,33.79999923706055,33.834999084472656,33.665000915527344,33.685001373291016,1602.0
2025-05-22 03:00:00-04:00,33.685001373291016,33.72999954223633,33.63999938964844,33.665000915527344,1949.0
2025-05-22 04:00:00-04:00,33.65999984741211,33.665000915527344,33.505001068115234,33.505001068115234,3381.0
2025-05-22 05:00:00-04:00,33.505001068115234,33.505001068115234,33.33000183105469,33.36000061035156,2720.0
2025-05-22 06:00:00-04:00,33.36000061035156,33.375,32.845001220703125,32.88999938964844,6246.0
2025-05-22 07:00:00-04:00,32.88999938964844,32.9900016784668,32.7400016784668,32.98500061035156,6609.0
2025-05-22 08:00:00-04:00,32.98500061035156,33.25,32.845001220703125,33.23500061035156,7233.0
2025-05-22 09:00:00-04:00,33.2400016784668,33.36000061035156,32.97999954223633,32.9900016784668,9102.0
2025-05-22 10:00:00-04:00,32.9900016784668,33.18000030517578,32.93000030517578,33.1150016784668,5087.0
2025-05-22 11:00:00-04:00,33.1150016784668,33.17499923706055,32.84000015258789,33.165000915527344,2994.0
2025-05-22 12:00:00-04:00,33.165000915527344,33.23500061035156,33.14500045776367,33.209999084472656,2156.0
2025-05-22 13:00:00-04:00,33.209999084472656,33.244998931884766,33.154998779296875,33.2400016784668,2845.0
2025-05-22 14:00:00-04:00,33.244998931884766,33.25,33.21500015258789,33.23500061035156,1138.0
2025-05-22 15:00:00-04:00,33.2400016784668,33.2599983215332,33.13999938964844,33.165000915527344,1092.0
2025-05-22 16:00:00-04:00,33.165000915527344,33.189998626708984,33.150001525878906,33.18000030517578,478.0
2025-05-22 18:00:00-04:00,33.185001373291016,33.209999084472656,33.154998779296875,33.20500183105469,0.0
2025-05-22 19:00:00-04:00,33.20000076293945,33.209999084472656,33.16999816894531,33.185001373291016,125.0
2025-05-22 20:00:00-04:00,33.185001373291016,33.25,33.15999984741211,33.20000076293945,936.0
2025-05-22 21:00:00-04:00,33.19499969482422,33.290000915527344,33.18000030517578,33.279998779296875,965.0
2025-05-22 22:00:00-04:00,33.28499984741211,33.290000915527344,33.16999816894531,33.23500061035156,475.0
2025-05-22 23:00:00-04:00,33.2400016784668,33.30500030517578,33.23500061035156,33.29499816894531,398.0
2025-05-23 00:00:00-04:00,33.290000915527344,33.36000061035156,33.290000915527344,33.34000015258789,833.0
2025-05-23 01:00:00-04:00,33.349998474121094,33.38999938964844,33.32500076293945,33.369998931884766,1105.0
2025-05-23 02:00:00-04:00,33.369998931884766,33.415000915527344,33.32500076293945,33.3650016784668,1317.0
2025-05-23 03:00:00-04:00,33.3650016784668,33.474998474121094,33.36000061035156,33.40999984741211,1349.0
2025-05-23 04:00:00-04:00,33.40999984741211,33.45000076293945,33.334999084472656,33.375,984.0
2025-05-23 05:00:00-04:00,33.375,33.3849983215332,33.26499938964844,33.314998626708984,1120.0
2025-05-23 06:00:00-04:00,33.32500076293945,33.33000183105469,33.2400016784668,33.2599983215332,995.0
2025-05-23 07:00:00-04:00,33.26499938964844,33.310001373291016,33.119998931884766,33.22999954223633,4012.0
2025-05-23 08:00:00-04:00,33.22999954223633,33.38999938964844,33.02000045776367,33.32500076293945,7044.0
2025-05-23 09:00:00-04:00,33.33000183105469,33.39500045776367,33.19499969482422,33.209999084472656,5281.0
2025-05-23 10:00:00-04:00,33.20500183105469,33.47999954223633,33.17499923706055,33.46500015258789,4287.0
2025-05-23 11:00:00-04:00,33.46500015258789,33.529998779296875,33.32500076293945,33.474998474121094,2844.0
2025-05-23 12:00:00-04:00,33.474998474121094,33.59000015258789,33.435001373291016,33.55500030517578,2684.0
2025-05-23 13:00:00-04:00,33.54999923706055,33.650001525878906,33.48500061035156,33.619998931884766,3531.0
2025-05-23 14:00:00-04:00,33.6150016784668,33.685001373291016,33.60499954223633,33.64500045776367,1709.0
2025-05-23 15:00:00-04:00,33.63999938964844,33.69499969482422,33.53499984741211,33.63999938964844,1587.0
2025-05-23 16:00:00-04:00,33.63999938964844,33.69499969482422,33.630001068115234,33.63999938964844,933.0
2025-05-25 18:00:00-04:00,33.61000061035156,33.72999954223633,33.560001373291016,33.625,888.0
2025-05-25 19:00:00-04:00,33.619998931884766,33.70000076293945,33.58000183105469,33.59000015258789,304.0
2025-05-25 20:00:00-04:00,33.599998474121094,33.625,33.51499938964844,33.60499954223633,913.0
2025-05-25 21:00:00-04:00,33.599998474121094,33.71500015258789,33.51499938964844,33.69499969482422,1641.0
2025-05-25 22:00:00-04:00,33.689998626708984,33.744998931884766,33.64500045776367,33.689998626708984,749.0
2025-05-25 23:00:00-04:00,33.689998626708984,33.70500183105469,33.6150016784668,33.650001525878906,295.0
2025-05-26 00:00:00-04:00,33.6349983215332,33.70500183105469,33.6349983215332,33.68000030517578,192.0
2025-05-26 01:00:00-04:00,33.68000030517578,33.72999954223633,33.66999816894531,33.724998474121094,632.0
2025-05-26 02:00:00-04:00,33.720001220703125,33.72999954223633,33.650001525878906,33.654998779296875,543.0
2025-05-26 03:00:00-04:00,33.665000915527344,33.70500183105469,33.53499984741211,33.67499923706055,1325.0
2025-05-26 04:00:00-04:00,33.685001373291016,33.709999084472656,33.55500030517578,33.619998931884766,622.0
2025-05-26 05:00:00-04:00,33.630001068115234,33.654998779296875,33.44499969482422,33.494998931884766,1572.0
2025-05-26 06:00:00-04:00,33.505001068115234,33.54999923706055,33.48500061035156,33.540000915527344,405.0
2025-05-26 07:00:00-04:00,33.53499984741211,33.54499816894531,33.48500061035156,33.53499984741211,247.0
2025-05-26 08:00:00-04:00,33.53499984741211,33.584999084472656,33.51499938964844,33.57500076293945,777.0
2025-05-26 09:00:00-04:00,33.57500076293945,33.58000183105469,33.46500015258789,33.46500015258789,1078.0
2025-05-26 10:00:00-04:00,33.46500015258789,33.54499816894531,33.459999084472656,33.48500061035156,722.0
2025-05-26 11:00:00-04:00,33.4900016784668,33.54999923706055,33.4900016784668,33.525001525878906,480.0
2025-05-26 12:00:00-04:00,33.529998779296875,33.625,33.52000045776367,33.599998474121094,603.0
2025-05-26 13:00:00-04:00,33.60499954223633,33.625,33.59000015258789,33.625,239.0
2025-05-26 14:00:00-04:00,33.6150016784668,33.65999984741211,33.6150016784668,33.64500045776367,154.0
2025-05-26 18:00:00-04:00,33.650001525878906,33.665000915527344,33.584999084472656,33.61000061035156,267.0
2025-05-26 19:00:00-04:00,33.60499954223633,33.61000061035156,33.560001373291016,33.58000183105469,151.0
2025-05-26 20:00:00-04:00,33.56999969482422,33.68000030517578,33.56999969482422,33.68000030517578,496.0
2025-05-26 21:00:00-04:00,33.67499923706055,33.69499969482422,33.44499969482422,33.494998931884766,1341.0
2025-05-26 22:00:00-04:00,33.494998931884766,33.57500076293945,33.474998474121094,33.54999923706055,379.0
2025-05-26 23:00:00-04:00,33.54499816894531,33.55500030517578,33.470001220703125,33.474998474121094,328.0
2025-05-27 00:00:00-04:00,33.474998474121094,33.51499938964844,33.404998779296875,33.41999816894531,1250.0
2025-05-27 01:00:00-04:00,33.41999816894531,33.43000030517578,33.224998474121094,33.36000061035156,3269.0
2025-05-27 02:00:00-04:00,33.3650016784668,33.474998474121094,33.224998474121094,33.27000045776367,2080.0
2025-05-27 03:00:00-04:00,33.27000045776367,33.290000915527344,33.095001220703125,33.119998931884766,2574.0
2025-05-27 04:00:00-04:00,33.119998931884766,33.23500061035156,33.095001220703125,33.189998626708984,1855.0
2025-05-27 05:00:00-04:00,33.185001373291016,33.30500030517578,33.130001068115234,33.14500045776367,1200.0
2025-05-27 06:00:00-04:00,33.13999938964844,33.20000076293945,32.98500061035156,33.01499938964844,2023.0
2025-05-27 07:00:00-04:00,33.0099983215332,33.1150016784668,32.96500015258789,32.970001220703125,1945.0
2025-05-27 08:00:00-04:00,32.974998474121094,33.165000915527344,32.880001068115234,32.9900016784668,5917.0
2025-05-27 09:00:00-04:00,32.994998931884766,33.2599983215332,32.94499969482422,33.16999816894531,5400.0
2025-05-27 10:00:00-04:00,33.16999816894531,33.279998779296875,33.1150016784668,33.150001525878906,3323.0
2025-05-27 11:00:00-04:00,33.150001525878906,33.23500061035156,33.03499984741211,33.209999084472656,2495.0
2025-05-27 12:00:00-04:00,33.21500015258789,33.290000915527344,33.19499969482422,33.290000915527344,2423.0
2025-05-27 13:00:00-04:00,33.290000915527344,33.34000015258789,33.1349983215332,33.314998626708984,3544.0
2025-05-27 14:00:00-04:00,33.314998626708984,33.38999938964844,33.310001373291016,33.35499954223633,1358.0
2025-05-27 15:00:00-04:00,33.35499954223633,33.38999938964844,33.21500015258789,33.369998931884766,1074.0
2025-05-27 16:00:00-04:00,33.369998931884766,33.39500045776367,33.345001220703125,33.3849983215332,383.0
2025-05-27 18:00:00-04:00,33.380001068115234,33.39500045776367,33.375,33.380001068115234,0.0
2025-05-27 19:00:00-04:00,33.3849983215332,33.415000915527344,33.375,33.39500045776367,493.0
2025-05-27 20:00:00-04:00,33.39500045776367,33.43000030517578,33.38999938964844,33.39500045776367,601.0
2025-05-27 21:00:00-04:00,33.38999938964844,33.41999816894531,33.34000015258789,33.369998931884766,1154.0
2025-05-27 22:00:00-04:00,33.3650016784668,33.470001220703125,33.35499954223633,33.439998626708984,1130.0
2025-05-27 23:00:00-04:00,33.435001373291016,33.46500015258789,33.33000183105469,33.39500045776367,1015.0
2025-05-28 00:00:00-04:00,33.400001525878906,33.40999984741211,33.349998474121094,33.375,330.0
2025-05-28 01:00:00-04:00,33.375,33.43000030517578,33.369998931884766,33.41999816894531,1637.0
2025-05-28 02:00:00-04:00,33.42499923706055,33.42499923706055,33.2599983215332,33.314998626708984,2237.0
2025-05-28 03:00:00-04:00,33.31999969482422,33.5099983215332,33.314998626708984,33.494998931884766,2570.0
2025-05-28 04:00:00-04:00,33.505001068115234,33.525001525878906,33.45500183105469,33.5099983215332,2771.0
2025-05-28 05:00:00-04:00,33.51499938964844,33.58000183105469,33.48500061035156,33.564998626708984,1642.0
2025-05-28 06:00:00-04:00,33.564998626708984,33.56999969482422,33.43000030517578,33.439998626708984,1512.0
2025-05-28 07:00:00-04:00,33.44499969482422,33.45000076293945,33.310001373291016,33.38999938964844,2510.0
2025-05-28 08:00:00-04:00,33.38999938964844,33.415000915527344,33.314998626708984,33.375,2403.0
2025-05-28 09:00:00-04:00,33.375,33.40999984741211,33.14500045776367,33.27000045776367,4196.0
2025-05-28 10:00:00-04:00,33.275001525878906,33.3849983215332,33.19499969482422,33.23500061035156,3523.0
2025-05-28 11:00:00-04:00,33.23500061035156,33.244998931884766,33.1150016784668,33.1349983215332,3056.0
2025-05-28 12:00:00-04:00,33.13999938964844,33.18000030517578,32.95500183105469,33.130001068115234,1860.0
2025-05-28 13:00:00-04:00,33.130001068115234,33.18000030517578,33.1150016784668,33.150001525878906,2109.0
2025-05-28 14:00:00-04:00,33.150001525878906,33.18000030517578,33.13999938964844,33.154998779296875,952.0
2025-05-28 15:00:00-04:00,33.15999984741211,33.17499923706055,33.08000183105469,33.084999084472656,1576.0
2025-05-28 16:00:00-04:00,33.09000015258789,33.15999984741211,33.03499984741211,33.095001220703125,1021.0
2025-05-28 18:00:00-04:00,33.11000061035156,33.1150016784668,33.04499816894531,33.09000015258789,0.0
2025-05-28 19:00:00-04:00,33.04999923706055,33.04999923706055,32.79999923706055,32.98500061035156,2643.0
2025-05-28 20:00:00-04:00,32.98500061035156,33.1150016784668,32.92499923706055,33.064998626708984,1996.0
2025-05-28 21:00:00-04:00,33.06999969482422,33.2599983215332,32.95000076293945,33.244998931884766,2825.0
2025-05-28 22:00:00-04:00,33.244998931884766,33.28499984741211,33.17499923706055,33.25,1330.0
2025-05-28 23:00:00-04:00,33.255001068115234,33.334999084472656,33.22999954223633,33.310001373291016,802.0
2025-05-29 00:00:00-04:00,33.30500030517578,33.35499954223633,33.29999923706055,33.33000183105469,631.0
2025-05-29 01:00:00-04:00,33.32500076293945,33.3849983215332,33.314998626708984,33.375,1517.0
2025-05-29 02:00:00-04:00,33.375,33.41999816894531,33.2599983215332,33.28499984741211,2109.0
2025-05-29 03:00:00-04:00,33.28499984741211,33.48500061035156,33.26499938964844,33.46500015258789,1792.0
2025-05-29 04:00:00-04:00,33.470001220703125,33.5,33.35499954223633,33.470001220703125,1860.0
2025-05-29 05:00:00-04:00,33.470001220703125,33.4900016784668,33.380001068115234,33.435001373291016,1033.0
2025-05-29 06:00:00-04:00,33.435001373291016,33.57500076293945,33.43000030517578,33.540000915527344,1959.0
2025-05-29 07:00:00-04:00,33.53499984741211,33.619998931884766,33.505001068115234,33.564998626708984,2721.0
2025-05-29 08:00:00-04:00,33.56999969482422,33.654998779296875,33.46500015258789,33.494998931884766,5507.0
2025-05-29 09:00:00-04:00,33.494998931884766,33.5099983215332,33.244998931884766,33.2599983215332,6967.0
2025-05-29 10:00:00-04:00,33.26499938964844,33.314998626708984,33.189998626708984,33.27000045776367,4271.0
2025-05-29 11:00:00-04:00,33.27000045776367,33.404998779296875,33.26499938964844,33.3849983215332,2739.0
2025-05-29 12:00:00-04:00,33.38999938964844,33.47999954223633,33.36000061035156,33.44499969482422,1973.0
2025-05-29 13:00:00-04:00,33.439998626708984,33.459999084472656,33.39500045776367,33.43000030517578,2023.0
2025-05-29 14:00:00-04:00,33.43000030517578,33.46500015258789,33.38999938964844,33.435001373291016,860.0
2025-05-29 15:00:00-04:00,33.43000030517578,33.474998474121094,33.415000915527344,33.46500015258789,1064.0
2025-05-29 16:00:00-04:00,33.46500015258789,33.48500061035156,33.41999816894531,33.439998626708984,529.0
2025-05-29 18:00:00-04:00,33.45000076293945,33.470001220703125,33.369998931884766,33.38999938964844,0.0
2025-05-29 19:00:00-04:00,33.39500045776367,33.404998779296875,33.369998931884766,33.3849983215332,234.0
2025-05-29 20:00:00-04:00,33.380001068115234,33.404998779296875,33.33000183105469,33.345001220703125,409.0
2025-05-29 21:00:00-04:00,33.345001220703125,33.39500045776367,33.279998779296875,33.29499816894531,644.0
2025-05-29 22:00:00-04:00,33.28499984741211,33.310001373291016,33.10499954223633,33.125,1473.0
2025-05-29 23:00:00-04:00,33.130001068115234,33.21500015258789,33.064998626708984,33.08000183105469,1188.0
2025-05-30 00:00:00-04:00,33.06999969482422,33.11000061035156,33.04499816894531,33.09000015258789,709.0
2025-05-30 01:00:00-04:00,33.095001220703125,33.244998931884766,33.084999084472656,33.220001220703125,1192.0
2025-05-30 02:00:00-04:00,33.22999954223633,33.26499938964844,33.154998779296875,33.2599983215332,1033.0
2025-05-30 03:00:00-04:00,33.255001068115234,33.279998779296875,33.13999938964844,33.26499938964844,1135.0
2025-05-30 04:00:00-04:00,33.2599983215332,33.334999084472656,33.23500061035156,33.314998626708984,1415.0
2025-05-30 05:00:00-04:00,33.310001373291016,33.334999084472656,33.22999954223633,33.26499938964844,963.0
2025-05-30 06:00:00-04:00,33.255001068115234,33.310001373291016,33.220001220703125,33.224998474121094,736.0
2025-05-30 07:00:00-04:00,33.22999954223633,33.29499816894531,33.1349983215332,33.244998931884766,1833.0
2025-05-30 08:00:00-04:00,33.25,33.439998626708984,33.09000015258789,33.39500045776367,4520.0
2025-05-30 09:00:00-04:00,33.39500045776367,33.400001525878906,33.064998626708984,33.08000183105469,4812.0
2025-05-30 10:00:00-04:00,33.08000183105469,33.25,32.97999954223633,33.064998626708984,5584.0
2025-05-30 11:00:00-04:00,33.064998626708984,33.18000030517578,33.0,33.04499816894531,2634.0
2025-05-30 12:00:00-04:00,33.04999923706055,33.099998474121094,32.8650016784668,32.97999954223633,4313.0
2025-05-30 13:00:00-04:00,32.97999954223633,33.05500030517578,32.970001220703125,32.97999954223633,2456.0
2025-05-30 14:00:00-04:00,32.98500061035156,33.099998474121094,32.97999954223633,33.06999969482422,1232.0
2025-05-30 15:00:00-04:00,33.07500076293945,33.11000061035156,33.05500030517578,33.07500076293945,1100.0
2025-05-30 16:00:00-04:00,33.08000183105469,33.09000015258789,33.05500030517578,33.07500076293945,729.0
2025-06-01 18:00:00-04:00,33.130001068115234,33.275001525878906,33.095001220703125,33.2400016784668,1351.0
2025-06-01 19:00:00-04:00,33.2400016784668,33.275001525878906,33.20500183105469,33.21500015258789,407.0
2025-06-01 20:00:00-04:00,33.21500015258789,33.27000045776367,33.14500045776367,33.220001220703125,877.0
2025-06-01 21:00:00-04:00,33.21500015258789,33.26499938964844,33.09000015258789,33.09000015258789,734.0
2025-06-01 22:00:00-04:00,33.099998474121094,33.21500015258789,33.08000183105469,33.154998779296875,648.0
2025-06-01 23:00:00-04:00,33.150001525878906,33.17499923706055,33.07500076293945,33.14500045776367,604.0
2025-06-02 00:00:00-04:00,33.14500045776367,33.25,33.14500045776367,33.21500015258789,704.0
2025-06-02 01:00:00-04:00,33.209999084472656,33.29499816894531,33.20500183105469,33.28499984741211,863.0
2025-06-02 02:00:00-04:00,33.290000915527344,33.35499954223633,33.26499938964844,33.33000183105469,1221.0
2025-06-02 03:00:00-04:00,33.334999084472656,33.724998474121094,33.334999084472656,33.564998626708984,6533.0
2025-06-02 04:00:00-04:00,33.564998626708984,33.654998779296875,33.54499816894531,33.55500030517578,1541.0
2025-06-02 05:00:00-04:00,33.55500030517578,33.56999969482422,33.380001068115234,33.44499969482422,1707.0
2025-06-02 06:00:00-04:00,33.45000076293945,33.46500015258789,33.31999969482422,33.43000030517578,1575.0
2025-06-02 07:00:00-04:00,33.42499923706055,33.47999954223633,33.334999084472656,33.40999984741211,2324.0
2025-06-02 08:00:00-04:00,33.40999984741211,33.875,33.400001525878906,33.84000015258789,9307.0
2025-06-02 09:00:00-04:00,33.845001220703125,34.35499954223633,33.834999084472656,34.32500076293945,17302.0
2025-06-02 10:00:00-04:00,34.334999084472656,34.599998474121094,34.14500045776367,34.45500183105469,13700.0
2025-06-02 11:00:00-04:00,34.45500183105469,34.64500045776367,34.45500183105469,34.60499954223633,6834.0
2025-06-02 12:00:00-04:00,34.61000061035156,34.66999816894531,34.505001068115234,34.654998779296875,5227.0
2025-06-02 13:00:00-04:00,34.654998779296875,34.7599983215332,34.650001525878906,34.70000076293945,7546.0
2025-06-02 14:00:00-04:00,34.70000076293945,34.814998626708984,34.65999984741211,34.78499984741211,2294.0
2025-06-02 15:00:00-04:00,34.78499984741211,34.90999984741211,34.779998779296875,34.904998779296875,2175.0
2025-06-02 16:00:00-04:00,34.900001525878906,34.94499969482422,34.869998931884766,34.93000030517578,1423.0
2025-06-02 18:00:00-04:00,34.91999816894531,34.935001373291016,34.880001068115234,34.904998779296875,0.0
2025-06-02 19:00:00-04:00,34.90999984741211,34.93000030517578,34.810001373291016,34.900001525878906,1120.0
2025-06-02 20:00:00-04:00,34.89500045776367,34.91999816894531,34.709999084472656,34.75,2525.0
2025-06-02 21:00:00-04:00,34.744998931884766,34.83000183105469,34.310001373291016,34.38999938964844,9739.0
2025-06-02 22:00:00-04:00,34.38999938964844,34.439998626708984,34.23500061035156,34.23500061035156,4096.0
2025-06-02 23:00:00-04:00,34.23500061035156,34.29999923706055,34.165000915527344,34.244998931884766,1829.0
2025-06-03 00:00:00-04:00,34.2400016784668,34.349998474121094,34.23500061035156,34.33000183105469,1580.0
2025-06-03 01:00:00-04:00,34.32500076293945,34.3849983215332,34.29499816894531,34.380001068115234,2113.0
2025-06-03 02:00:00-04:00,34.3849983215332,34.404998779296875,34.27000045776367,34.375,2554.0
2025-06-03 03:00:00-04:00,34.369998931884766,34.40999984741211,34.20500183105469,34.40999984741211,2850.0
2025-06-03 04:00:00-04:00,34.40999984741211,34.45000076293945,34.345001220703125,34.400001525878906,1702.0
2025-06-03 05:00:00-04:00,34.39500045776367,34.45500183105469,34.34000015258789,34.3849983215332,1421.0
2025-06-03 06:00:00-04:00,34.38999938964844,34.45000076293945,34.3849983215332,34.404998779296875,1299.0
2025-06-03 07:00:00-04:00,34.400001525878906,34.474998474121094,34.400001525878906,34.459999084472656,2102.0
2025-06-03 08:00:00-04:00,34.45500183105469,34.60499954223633,34.375,34.584999084472656,6908.0
2025-06-03 09:00:00-04:00,34.584999084472656,34.650001525878906,34.45000076293945,34.46500015258789,7023.0
2025-06-03 10:00:00-04:00,34.459999084472656,34.66999816894531,34.33000183105469,34.65999984741211,9224.0
2025-06-03 11:00:00-04:00,34.65999984741211,34.689998626708984,34.505001068115234,34.59000015258789,4492.0
2025-06-03 12:00:00-04:00,34.59000015258789,34.61000061035156,34.529998779296875,34.584999084472656,2110.0
2025-06-03 13:00:00-04:00,34.584999084472656,34.689998626708984,34.58000183105469,34.67499923706055,4585.0
2025-06-03 14:00:00-04:00,34.68000030517578,34.720001220703125,34.630001068115234,34.71500015258789,1791.0
2025-06-03 15:00:00-04:00,34.720001220703125,34.744998931884766,34.69499969482422,34.720001220703125,1354.0
2025-06-03 16:00:00-04:00,34.71500015258789,34.744998931884766,34.65999984741211,34.67499923706055,709.0
2025-06-03 18:00:00-04:00,34.68000030517578,34.71500015258789,34.66999816894531,34.70000076293945,0.0
2025-06-03 19:00:00-04:00,34.70000076293945,34.744998931884766,34.70000076293945,34.7400016784668,295.0
2025-06-03 20:00:00-04:00,34.7400016784668,34.7599983215332,34.65999984741211,34.69499969482422,1348.0
2025-06-03 21:00:00-04:00,34.689998626708984,34.82500076293945,34.654998779296875,34.814998626708984,2560.0
2025-06-03 22:00:00-04:00,34.814998626708984,34.82500076293945,34.709999084472656,34.724998474121094,1372.0
2025-06-03 23:00:00-04:00,34.73500061035156,34.744998931884766,34.63999938964844,34.654998779296875,1053.0
2025-06-04 00:00:00-04:00,34.665000915527344,34.7400016784668,34.625,34.625,925.0
2025-06-04 01:00:00-04:00,34.619998931884766,34.64500045776367,34.57500076293945,34.599998474121094,1082.0
2025-06-04 02:00:00-04:00,34.60499954223633,34.650001525878906,34.564998626708984,34.595001220703125,809.0
2025-06-04 03:00:00-04:00,34.599998474121094,34.65999984741211,34.584999084472656,34.584999084472656,1450.0
2025-06-04 04:00:00-04:00,34.58000183105469,34.72999954223633,34.56999969482422,34.724998474121094,1445.0
2025-06-04 05:00:00-04:00,34.720001220703125,34.720001220703125,34.6349983215332,34.689998626708984,887.0
2025-06-04 06:00:00-04:00,34.685001373291016,34.72999954223633,34.35499954223633,34.51499938964844,3657.0
2025-06-04 07:00:00-04:00,34.5099983215332,34.57500076293945,34.415000915527344,34.529998779296875,2816.0
2025-06-04 08:00:00-04:00,34.529998779296875,34.599998474121094,34.38999938964844,34.5099983215332,5482.0
2025-06-04 09:00:00-04:00,34.5099983215332,34.665000915527344,34.494998931884766,34.54999923706055,4880.0
2025-06-04 10:00:00-04:00,34.564998626708984,34.73500061035156,34.52000045776367,34.65999984741211,6028.0
2025-06-04 11:00:00-04:00,34.65999984741211,34.67499923706055,34.5099983215332,34.56999969482422,3231.0
2025-06-04 12:00:00-04:00,34.57500076293945,34.619998931884766,34.54999923706055,34.60499954223633,1722.0
2025-06-04 13:00:00-04:00,34.599998474121094,34.67499923706055,34.56999969482422,34.64500045776367,4375.0
2025-06-04 14:00:00-04:00,34.63999938964844,34.709999084472656,34.599998474121094,34.64500045776367,1737.0
2025-06-04 15:00:00-04:00,34.63999938964844,34.66999816894531,34.59000015258789,34.630001068115234,982.0
2025-06-04 16:00:00-04:00,34.625,34.689998626708984,34.60499954223633,34.654998779296875,0.0
2025-06-04 18:00:00-04:00,34.650001525878906,34.67499923706055,34.625,34.625,257.0
2025-06-04 19:00:00-04:00,34.625,34.68000030517578,34.619998931884766,34.64500045776367,208.0
2025-06-04 20:00:00-04:00,34.650001525878906,34.70500183105469,34.599998474121094,34.685001373291016,632.0
2025-06-04 21:00:00-04:00,34.68000030517578,34.73500061035156,34.654998779296875,34.67499923706055,912.0
2025-06-04 22:00:00-04:00,34.66999816894531,34.709999084472656,34.64500045776367,34.69499969482422,611.0
2025-06-04 23:00:00-04:00,34.70000076293945,34.77000045776367,34.65999984741211,34.67499923706055,798.0
2025-06-05 00:00:00-04:00,34.68000030517578,34.720001220703125,34.619998931884766,34.64500045776367,607.0
2025-06-05 01:00:00-04:00,34.64500045776367,34.689998626708984,34.61000061035156,34.65999984741211,845.0
2025-06-05 02:00:00-04:00,34.65999984741211,34.71500015258789,34.63999938964844,34.66999816894531,743.0
2025-06-05 03:00:00-04:00,34.665000915527344,34.814998626708984,34.665000915527344,34.80500030517578,2383.0
2025-06-05 04:00:00-04:00,34.810001373291016,35.04999923706055,34.79499816894531,35.040000915527344,4265.0
2025-06-05 05:00:00-04:00,35.04499816894531,36.0099983215332,35.04499816894531,35.744998931884766,17135.0
2025-06-05 06:00:00-04:00,35.7400016784668,36.05500030517578,35.709999084472656,35.994998931884766,5800.0
2025-06-05 07:00:00-04:00,35.994998931884766,36.150001525878906,35.89500045776367,35.90999984741211,7954.0
2025-06-05 08:00:00-04:00,35.915000915527344,36.2400016784668,35.88999938964844,35.94499969482422,11236.0
2025-06-05 09:00:00-04:00,35.94499969482422,36.27000045776367,35.724998474121094,35.959999084472656,16939.0
2025-06-05 10:00:00-04:00,35.970001220703125,36.16999816894531,35.81999969482422,35.970001220703125,11304.0
2025-06-05 11:00:00-04:00,35.974998474121094,36.025001525878906,35.459999084472656,35.564998626708984,11893.0
2025-06-05 12:00:00-04:00,35.564998626708984,35.779998779296875,35.47999954223633,35.744998931884766,6254.0
2025-06-05 13:00:00-04:00,35.75,35.83000183105469,35.70500183105469,35.814998626708984,4917.0
2025-06-05 14:00:00-04:00,35.81999969482422,35.81999969482422,35.724998474121094,35.775001525878906,1559.0
2025-06-05 15:00:00-04:00,35.775001525878906,35.845001220703125,35.77000045776367,35.84000015258789,2641.0
2025-06-05 16:00:00-04:00,35.834999084472656,35.849998474121094,35.779998779296875,35.79499816894531,1051.0
2025-06-05 18:00:00-04:00,35.79999923706055,35.915000915527344,35.755001068115234,35.8650016784668,0.0
2025-06-05 19:00:00-04:00,35.8650016784668,35.92499923706055,35.845001220703125,35.88999938964844,489.0
2025-06-05 20:00:00-04:00,35.88999938964844,35.92499923706055,35.875,35.915000915527344,680.0
2025-06-05 21:00:00-04:00,35.915000915527344,36.130001068115234,35.875,36.08000183105469,3655.0
2025-06-05 22:00:00-04:00,36.08000183105469,36.2599983215332,36.025001525878906,36.185001373291016,1715.0
2025-06-05 23:00:00-04:00,36.185001373291016,36.25,36.10499954223633,36.220001220703125,1368.0
2025-06-06 00:00:00-04:00,36.220001220703125,36.35499954223633,36.189998626708984,36.334999084472656,1532.0
2025-06-06 01:00:00-04:00,36.33000183105469,36.35499954223633,36.095001220703125,36.209999084472656,1903.0
2025-06-06 02:00:00-04:00,36.21500015258789,36.345001220703125,36.165000915527344,36.31999969482422,3809.0
2025-06-06 03:00:00-04:00,36.314998626708984,36.39500045776367,36.20500183105469,36.334999084472656,4034.0
2025-06-06 04:00:00-04:00,36.33000183105469,36.435001373291016,36.244998931884766,36.380001068115234,2259.0
2025-06-06 05:00:00-04:00,36.3849983215332,36.3849983215332,36.150001525878906,36.27000045776367,2409.0
2025-06-06 06:00:00-04:00,36.27000045776367,36.400001525878906,36.27000045776367,36.400001525878906,1860.0
2025-06-06 07:00:00-04:00,36.38999938964844,36.38999938964844,36.2400016784668,36.25,2455.0
2025-06-06 08:00:00-04:00,36.255001068115234,36.505001068115234,36.19499969482422,36.35499954223633,9171.0
2025-06-06 09:00:00-04:00,36.35499954223633,36.5099983215332,36.25,36.26499938964844,8613.0
2025-06-06 10:00:00-04:00,36.28499984741211,36.29499816894531,35.970001220703125,36.02000045776367,14609.0
2025-06-06 11:00:00-04:00,36.01499938964844,36.244998931884766,35.994998931884766,36.224998474121094,4842.0
2025-06-06 12:00:00-04:00,36.220001220703125,36.255001068115234,36.05500030517578,36.06999969482422,3396.0
2025-06-06 13:00:00-04:00,36.07500076293945,36.189998626708984,36.07500076293945,36.185001373291016,7830.0
2025-06-06 14:00:00-04:00,36.185001373291016,36.189998626708984,36.095001220703125,36.14500045776367,1572.0
2025-06-06 15:00:00-04:00,36.14500045776367,36.185001373291016,36.08000183105469,36.11000061035156,1418.0
2025-06-06 16:00:00-04:00,36.11000061035156,36.15999984741211,36.07500076293945,36.130001068115234,952.0
2025-06-08 18:00:00-04:00,36.165000915527344,36.25,36.10499954223633,36.18000030517578,1003.0
2025-06-08 19:00:00-04:00,36.185001373291016,36.220001220703125,36.154998779296875,36.20000076293945,469.0
2025-06-08 20:00:00-04:00,36.19499969482422,36.21500015258789,36.060001373291016,36.09000015258789,1058.0
2025-06-08 21:00:00-04:00,36.095001220703125,36.23500061035156,36.05500030517578,36.11000061035156,2146.0
2025-06-08 22:00:00-04:00,36.099998474121094,36.22999954223633,36.07500076293945,36.18000030517578,901.0
2025-06-08 23:00:00-04:00,36.18000030517578,36.19499969482422,36.10499954223633,36.154998779296875,397.0
2025-06-09 00:00:00-04:00,36.154998779296875,36.244998931884766,36.1349983215332,36.21500015258789,887.0
2025-06-09 01:00:00-04:00,36.22999954223633,36.275001525878906,36.185001373291016,36.255001068115234,1357.0
2025-06-09 02:00:00-04:00,36.2599983215332,36.47999954223633,36.220001220703125,36.474998474121094,4565.0
2025-06-09 03:00:00-04:00,36.470001220703125,36.599998474121094,36.42499923706055,36.45500183105469,3657.0
2025-06-09 04:00:00-04:00,36.46500015258789,36.60499954223633,36.439998626708984,36.45500183105469,2154.0
2025-06-09 05:00:00-04:00,36.45500183105469,36.5099983215332,36.30500030517578,36.415000915527344,2168.0
2025-06-09 06:00:00-04:00,36.415000915527344,36.474998474121094,36.369998931884766,36.415000915527344,1288.0
2025-06-09 07:00:00-04:00,36.41999816894531,36.5099983215332,36.3849983215332,36.5099983215332,2695.0
2025-06-09 08:00:00-04:00,36.5099983215332,36.560001373291016,36.40999984741211,36.47999954223633,4952.0
2025-06-09 09:00:00-04:00,36.47999954223633,36.625,36.39500045776367,36.595001220703125,9795.0
2025-06-09 10:00:00-04:00,36.59000015258789,36.849998474121094,36.584999084472656,36.744998931884766,8888.0
2025-06-09 11:00:00-04:00,36.75,36.84000015258789,36.72999954223633,36.775001525878906,5093.0
2025-06-09 12:00:00-04:00,36.77000045776367,36.86000061035156,36.755001068115234,36.77000045776367,3233.0
2025-06-09 13:00:00-04:00,36.775001525878906,36.88999938964844,36.7400016784668,36.8650016784668,11611.0
2025-06-09 14:00:00-04:00,36.8650016784668,37.029998779296875,36.8650016784668,36.994998931884766,3504.0
2025-06-09 15:00:00-04:00,37.0,37.025001525878906,36.85499954223633,36.875,2560.0
2025-06-09 16:00:00-04:00,36.875,36.935001373291016,36.8650016784668,36.904998779296875,1008.0
2025-06-09 18:00:00-04:00,36.89500045776367,36.95000076293945,36.88999938964844,36.93000030517578,0.0
2025-06-09 19:00:00-04:00,36.94499969482422,36.974998474121094,36.92499923706055,36.94499969482422,347.0
2025-06-09 20:00:00-04:00,36.94499969482422,36.94499969482422,36.72999954223633,36.7400016784668,2208.0
2025-06-09 21:00:00-04:00,36.744998931884766,36.755001068115234,36.42499923706055,36.564998626708984,5474.0
2025-06-09 22:00:00-04:00,36.560001373291016,36.63999938964844,36.470001220703125,36.63999938964844,1637.0
2025-06-09 23:00:00-04:00,36.6349983215332,36.685001373291016,36.584999084472656,36.65999984741211,714.0
2025-06-10 00:00:00-04:00,36.665000915527344,36.67499923706055,36.595001220703125,36.64500045776367,662.0
2025-06-10 01:00:00-04:00,36.6349983215332,36.75,36.57500076293945,36.60499954223633,1990.0
2025-06-10 02:00:00-04:00,36.6150016784668,36.70500183105469,36.55500030517578,36.560001373291016,1847.0
2025-06-10 03:00:00-04:00,36.55500030517578,36.66999816894531,36.540000915527344,36.61000061035156,2158.0
2025-06-10 04:00:00-04:00,36.619998931884766,36.68000030517578,36.60499954223633,36.665000915527344,1118.0
2025-06-10 05:00:00-04:00,36.665000915527344,36.79499816894531,36.654998779296875,36.779998779296875,1317.0
2025-06-10 06:00:00-04:00,36.78499984741211,36.92499923706055,36.70000076293945,36.915000915527344,2961.0
2025-06-10 07:00:00-04:00,36.915000915527344,36.959999084472656,36.834999084472656,36.869998931884766,2559.0
2025-06-10 08:00:00-04:00,36.869998931884766,36.91999816894531,36.67499923706055,36.70000076293945,4481.0
2025-06-10 09:00:00-04:00,36.69499969482422,36.8650016784668,36.67499923706055,36.70500183105469,5771.0
2025-06-10 10:00:00-04:00,36.70500183105469,36.70500183105469,36.470001220703125,36.5,8147.0
2025-06-10 11:00:00-04:00,36.525001525878906,36.6349983215332,36.48500061035156,36.560001373291016,4520.0
2025-06-10 12:00:00-04:00,36.560001373291016,36.64500045776367,36.54499816894531,36.599998474121094,2974.0
2025-06-10 13:00:00-04:00,36.595001220703125,36.70000076293945,36.58000183105469,36.68000030517578,6834.0
2025-06-10 14:00:00-04:00,36.67499923706055,36.67499923706055,36.58000183105469,36.60499954223633,1175.0
2025-06-10 15:00:00-04:00,36.61000061035156,36.755001068115234,36.61000061035156,36.69499969482422,1673.0
2025-06-10 16:00:00-04:00,36.689998626708984,36.724998474121094,36.6349983215332,36.654998779296875,1020.0
2025-06-10 18:00:00-04:00,36.67499923706055,36.69499969482422,36.625,36.685001373291016,0.0
2025-06-10 19:00:00-04:00,36.68000030517578,36.709999084472656,36.6150016784668,36.69499969482422,335.0
2025-06-10 20:00:00-04:00,36.70000076293945,36.7400016784668,36.65999984741211,36.72999954223633,725.0
2025-06-10 21:00:00-04:00,36.72999954223633,36.790000915527344,36.67499923706055,36.68000030517578,1454.0
2025-06-10 22:00:00-04:00,36.68000030517578,36.7599983215332,36.64500045776367,36.72999954223633,595.0
2025-06-10 23:00:00-04:00,36.71500015258789,36.76499938964844,36.70500183105469,36.75,369.0
2025-06-11 00:00:00-04:00,36.75,36.779998779296875,36.7400016784668,36.755001068115234,524.0
2025-06-11 01:00:00-04:00,36.67499923706055,36.70000076293945,36.57500076293945,36.650001525878906,1398.0
2025-06-11 02:00:00-04:00,36.650001525878906,36.720001220703125,36.52000045776367,36.720001220703125,2720.0
2025-06-11 03:00:00-04:00,36.724998474121094,36.75,36.599998474121094,36.720001220703125,1984.0
2025-06-11 04:00:00-04:00,36.709999084472656,36.724998474121094,36.6349983215332,36.65999984741211,1440.0
2025-06-11 05:00:00-04:00,36.65999984741211,36.65999984741211,36.150001525878906,36.439998626708984,7085.0
2025-06-11 06:00:00-04:00,36.439998626708984,36.5099983215332,36.31999969482422,36.345001220703125,1609.0
2025-06-11 07:00:00-04:00,36.349998474121094,36.41999816894531,36.23500061035156,36.38999938964844,2383.0
2025-06-11 08:00:00-04:00,36.38999938964844,36.70500183105469,36.29999923706055,36.474998474121094,8663.0
2025-06-11 09:00:00-04:00,36.474998474121094,36.58000183105469,36.150001525878906,36.224998474121094,10592.0
2025-06-11 10:00:00-04:00,36.220001220703125,36.45500183105469,36.20500183105469,36.38999938964844,5546.0
2025-06-11 11:00:00-04:00,36.400001525878906,36.45000076293945,36.29999923706055,36.380001068115234,4955.0
2025-06-11 12:00:00-04:00,36.380001068115234,36.400001525878906,36.25,36.275001525878906,3474.0
2025-06-11 13:00:00-04:00,36.275001525878906,36.310001373291016,36.154998779296875,36.185001373291016,10519.0
2025-06-11 14:00:00-04:00,36.189998626708984,36.33000183105469,36.16999816894531,36.23500061035156,3510.0
2025-06-11 15:00:00-04:00,36.23500061035156,36.334999084472656,36.15999984741211,36.334999084472656,2093.0
2025-06-11 16:00:00-04:00,36.334999084472656,36.3849983215332,36.32500076293945,36.36000061035156,0.0
2025-06-11 18:00:00-04:00,36.36000061035156,36.474998474121094,36.349998474121094,36.46500015258789,960.0
2025-06-11 19:00:00-04:00,36.459999084472656,36.505001068115234,36.39500045776367,36.48500061035156,851.0
2025-06-11 20:00:00-04:00,36.48500061035156,36.5,36.40999984741211,36.435001373291016,937.0
2025-06-11 21:00:00-04:00,36.439998626708984,36.51499938964844,36.42499923706055,36.45500183105469,1324.0
2025-06-11 22:00:00-04:00,36.44499969482422,36.494998931884766,36.400001525878906,36.44499969482422,770.0
2025-06-11 23:00:00-04:00,36.45000076293945,36.560001373291016,36.43000030517578,36.5099983215332,862.0
2025-06-12 00:00:00-04:00,36.51499938964844,36.52000045776367,36.474998474121094,36.4900016784668,327.0
2025-06-12 01:00:00-04:00,36.48500061035156,36.584999084472656,36.45000076293945,36.529998779296875,1137.0
2025-06-12 02:00:00-04:00,36.529998779296875,36.54499816894531,36.349998474121094,36.42499923706055,1879.0
2025-06-12 03:00:00-04:00,36.41999816894531,36.41999816894531,35.58000183105469,35.8650016784668,11507.0
2025-06-12 04:00:00-04:00,35.869998931884766,36.119998931884766,35.81999969482422,36.04999923706055,4207.0
2025-06-12 05:00:00-04:00,36.03499984741211,36.11000061035156,35.97999954223633,36.07500076293945,3108.0
2025-06-12 06:00:00-04:00,36.08000183105469,36.369998931884766,36.03499984741211,36.314998626708984,3648.0
2025-06-12 07:00:00-04:00,36.314998626708984,36.40999984741211,36.28499984741211,36.349998474121094,4225.0
2025-06-12 08:00:00-04:00,36.349998474121094,36.42499923706055,36.224998474121094,36.404998779296875,4832.0
2025-06-12 09:00:00-04:00,36.400001525878906,36.494998931884766,36.154998779296875,36.2400016784668,9540.0
2025-06-12 10:00:00-04:00,36.25,36.375,36.20000076293945,36.345001220703125,4160.0
2025-06-12 11:00:00-04:00,36.349998474121094,36.43000030517578,36.310001373291016,36.369998931884766,4382.0
2025-06-12 12:00:00-04:00,36.369998931884766,36.380001068115234,36.26499938964844,36.310001373291016,2718.0
2025-06-12 13:00:00-04:00,36.314998626708984,36.34000015258789,36.27000045776367,36.30500030517578,8138.0
2025-06-12 14:00:00-04:00,36.29499816894531,36.35499954223633,36.290000915527344,36.34000015258789,1175.0
2025-06-12 15:00:00-04:00,36.334999084472656,36.435001373291016,36.33000183105469,36.42499923706055,1219.0
2025-06-12 16:00:00-04:00,36.43000030517578,36.44499969482422,36.3849983215332,36.40999984741211,784.0
2025-06-12 18:00:00-04:00,36.40999984741211,36.41999816894531,36.38999938964844,36.400001525878906,0.0
2025-06-12 19:00:00-04:00,36.39500045776367,36.46500015258789,36.375,36.46500015258789,643.0
2025-06-12 20:00:00-04:00,36.46500015258789,36.47999954223633,36.040000915527344,36.20000076293945,4324.0
2025-06-12 21:00:00-04:00,36.20000076293945,36.630001068115234,36.15999984741211,36.630001068115234,4748.0
2025-06-12 22:00:00-04:00,36.625,36.77000045776367,36.54499816894531,36.6150016784668,3308.0
2025-06-12 23:00:00-04:00,36.619998931884766,36.630001068115234,36.244998931884766,36.3650016784668,2624.0
2025-06-13 00:00:00-04:00,36.345001220703125,36.474998474121094,36.28499984741211,36.29999923706055,922.0
2025-06-13 01:00:00-04:00,36.29999923706055,36.40999984741211,36.224998474121094,36.380001068115234,1649.0
2025-06-13 02:00:00-04:00,36.380001068115234,36.41999816894531,36.1150016784668,36.185001373291016,2594.0
2025-06-13 03:00:00-04:00,36.185001373291016,36.39500045776367,36.04999923706055,36.34000015258789,2734.0
2025-06-13 04:00:00-04:00,36.33000183105469,36.439998626708984,36.33000183105469,36.40999984741211,1537.0
2025-06-13 05:00:00-04:00,36.40999984741211,36.5099983215332,36.38999938964844,36.470001220703125,1826.0
2025-06-13 06:00:00-04:00,36.474998474121094,36.4900016784668,36.20500183105469,36.26499938964844,3118.0
2025-06-13 07:00:00-04:00,36.27000045776367,36.31999969482422,36.13999938964844,36.30500030517578,2778.0
2025-06-13 08:00:00-04:00,36.310001373291016,36.39500045776367,36.25,36.2599983215332,3698.0
2025-06-13 09:00:00-04:00,36.255001068115234,36.435001373291016,36.19499969482422,36.22999954223633,5727.0
2025-06-13 10:00:00-04:00,36.23500061035156,36.375,36.13999938964844,36.22999954223633,4285.0
2025-06-13 11:00:00-04:00,36.22999954223633,36.33000183105469,36.18000030517578,36.27000045776367,2222.0
2025-06-13 12:00:00-04:00,36.27000045776367,36.380001068115234,36.224998474121094,36.375,2197.0
2025-06-13 13:00:00-04:00,36.380001068115234,36.39500045776367,36.314998626708984,36.35499954223633,2741.0
2025-06-13 14:00:00-04:00,36.35499954223633,36.404998779296875,36.290000915527344,36.369998931884766,1458.0
2025-06-13 15:00:00-04:00,36.369998931884766,36.404998779296875,36.28499984741211,36.31999969482422,1099.0
2025-06-13 16:00:00-04:00,36.32500076293945,36.415000915527344,36.290000915527344,36.369998931884766,884.0
2025-06-15 18:00:00-04:00,36.45000076293945,36.48500061035156,36.125,36.345001220703125,2075.0
2025-06-15 19:00:00-04:00,36.345001220703125,36.46500015258789,36.31999969482422,36.375,842.0
2025-06-15 20:00:00-04:00,36.369998931884766,36.3849983215332,36.23500061035156,36.27000045776367,891.0
2025-06-15 21:00:00-04:00,36.26499938964844,36.275001525878906,36.17499923706055,36.2400016784668,926.0
2025-06-15 22:00:00-04:00,36.244998931884766,36.45500183105469,36.244998931884766,36.3650016784668,2006.0
2025-06-15 23:00:00-04:00,36.3650016784668,36.415000915527344,36.224998474121094,36.279998779296875,1643.0
2025-06-16 00:00:00-04:00,36.275001525878906,36.314998626708984,36.25,36.255001068115234,211.0
2025-06-16 01:00:00-04:00,36.27000045776367,36.42499923706055,36.244998931884766,36.369998931884766,1212.0
2025-06-16 02:00:00-04:00,36.375,36.64500045776367,36.3650016784668,36.540000915527344,4624.0
2025-06-16 03:00:00-04:00,36.529998779296875,36.619998931884766,36.42499923706055,36.529998779296875,2497.0
2025-06-16 04:00:00-04:00,36.53499984741211,36.55500030517578,36.40999984741211,36.48500061035156,1157.0
2025-06-16 05:00:00-04:00,36.48500061035156,36.51499938964844,36.35499954223633,36.39500045776367,658.0
2025-06-16 06:00:00-04:00,36.39500045776367,36.5,36.39500045776367,36.47999954223633,1014.0
2025-06-16 07:00:00-04:00,36.47999954223633,36.51499938964844,36.349998474121094,36.38999938964844,1922.0
2025-06-16 08:00:00-04:00,36.39500045776367,36.58000183105469,36.380001068115234,36.55500030517578,3074.0
2025-06-16 09:00:00-04:00,36.55500030517578,36.595001220703125,36.25,36.28499984741211,8848.0
2025-06-16 10:00:00-04:00,36.28499984741211,36.47999954223633,36.2599983215332,36.42499923706055,5100.0
2025-06-16 11:00:00-04:00,36.42499923706055,36.525001525878906,36.415000915527344,36.459999084472656,2957.0
2025-06-16 12:00:00-04:00,36.46500015258789,36.47999954223633,36.400001525878906,36.45500183105469,1855.0
2025-06-16 13:00:00-04:00,36.45500183105469,36.47999954223633,36.3849983215332,36.400001525878906,1947.0
2025-06-16 14:00:00-04:00,36.400001525878906,36.404998779296875,36.34000015258789,36.375,1310.0
2025-06-16 15:00:00-04:00,36.369998931884766,36.39500045776367,36.33000183105469,36.369998931884766,963.0
2025-06-16 16:00:00-04:00,36.369998931884766,36.39500045776367,36.36000061035156,36.369998931884766,493.0
2025-06-16 18:00:00-04:00,36.369998931884766,36.38999938964844,36.334999084472656,36.375,0.0
2025-06-16 19:00:00-04:00,36.369998931884766,36.44499969482422,36.334999084472656,36.369998931884766,554.0
2025-06-16 20:00:00-04:00,36.3650016784668,36.439998626708984,36.279998779296875,36.33000183105469,966.0
2025-06-16 21:00:00-04:00,36.32500076293945,36.44499969482422,36.32500076293945,36.43000030517578,681.0
2025-06-16 22:00:00-04:00,36.439998626708984,36.525001525878906,36.38999938964844,36.439998626708984,1488.0
2025-06-16 23:00:00-04:00,36.439998626708984,36.474998474121094,36.16999816894531,36.290000915527344,1603.0
2025-06-17 00:00:00-04:00,36.31999969482422,36.52000045776367,36.31999969482422,36.5,923.0
2025-06-17 01:00:00-04:00,36.5,36.54499816894531,36.474998474121094,36.52000045776367,1267.0
2025-06-17 02:00:00-04:00,36.51499938964844,36.58000183105469,36.46500015258789,36.53499984741211,1787.0
2025-06-17 03:00:00-04:00,36.529998779296875,36.58000183105469,36.44499969482422,36.54499816894531,1944.0
2025-06-17 04:00:00-04:00,36.54499816894531,36.56999969482422,36.474998474121094,36.505001068115234,1376.0
2025-06-17 05:00:00-04:00,36.5099983215332,36.665000915527344,36.43000030517578,36.654998779296875,2502.0
2025-06-17 06:00:00-04:00,36.654998779296875,37.255001068115234,36.64500045776367,37.20000076293945,10903.0
2025-06-17 07:00:00-04:00,37.20000076293945,37.33000183105469,37.029998779296875,37.09000015258789,6439.0
2025-06-17 08:00:00-04:00,37.099998474121094,37.1349983215332,36.82500076293945,36.900001525878906,8521.0
2025-06-17 09:00:00-04:00,36.88999938964844,37.189998626708984,36.79999923706055,37.165000915527344,10308.0
2025-06-17 10:00:00-04:00,37.17499923706055,37.244998931884766,36.8650016784668,37.23500061035156,9970.0
2025-06-17 11:00:00-04:00,37.2400016784668,37.33000183105469,37.165000915527344,37.2599983215332,6017.0
2025-06-17 12:00:00-04:00,37.26499938964844,37.32500076293945,37.165000915527344,37.185001373291016,3215.0
2025-06-17 13:00:00-04:00,37.18000030517578,37.18000030517578,37.060001373291016,37.125,4813.0
2025-06-17 14:00:00-04:00,37.119998931884766,37.17499923706055,37.07500076293945,37.09000015258789,1396.0
2025-06-17 15:00:00-04:00,37.095001220703125,37.17499923706055,37.09000015258789,37.165000915527344,1758.0
2025-06-17 16:00:00-04:00,37.16999816894531,37.19499969482422,37.154998779296875,37.18000030517578,728.0
2025-06-17 18:00:00-04:00,37.20500183105469,37.224998474121094,37.154998779296875,37.16999816894531,0.0
2025-06-17 19:00:00-04:00,37.16999816894531,37.19499969482422,37.15999984741211,37.19499969482422,177.0
2025-06-17 20:00:00-04:00,37.18000030517578,37.2400016784668,37.119998931884766,37.189998626708984,819.0
2025-06-17 21:00:00-04:00,37.189998626708984,37.27000045776367,37.165000915527344,37.220001220703125,1157.0
2025-06-17 22:00:00-04:00,37.21500015258789,37.2599983215332,37.13999938964844,37.25,803.0
2025-06-17 23:00:00-04:00,37.25,37.36000061035156,37.220001220703125,37.34000015258789,2489.0
2025-06-18 00:00:00-04:00,37.34000015258789,37.380001068115234,37.33000183105469,37.36000061035156,882.0
2025-06-18 01:00:00-04:00,37.36000061035156,37.3849983215332,37.27000045776367,37.369998931884766,1898.0
2025-06-18 02:00:00-04:00,37.369998931884766,37.404998779296875,37.185001373291016,37.314998626708984,2902.0
2025-06-18 03:00:00-04:00,37.310001373291016,37.345001220703125,37.209999084472656,37.30500030517578,1872.0
2025-06-18 04:00:00-04:00,37.29499816894531,37.34000015258789,37.25,37.2599983215332,992.0
2025-06-18 05:00:00-04:00,37.255001068115234,37.369998931884766,37.22999954223633,37.27000045776367,1209.0
2025-06-18 06:00:00-04:00,37.26499938964844,37.334999084472656,37.165000915527344,37.22999954223633,1295.0
2025-06-18 07:00:00-04:00,37.22999954223633,37.28499984741211,37.16999816894531,37.20000076293945,1698.0
2025-06-18 08:00:00-04:00,37.20000076293945,37.23500061035156,36.9900016784668,37.11000061035156,4539.0
2025-06-18 09:00:00-04:00,37.11000061035156,37.185001373291016,37.03499984741211,37.09000015258789,4655.0
2025-06-18 10:00:00-04:00,37.09000015258789,37.099998474121094,36.685001373291016,36.90999984741211,13482.0
2025-06-18 11:00:00-04:00,36.90999984741211,36.9900016784668,36.8849983215332,36.95000076293945,2571.0
2025-06-18 12:00:00-04:00,36.95000076293945,37.0,36.939998626708984,36.959999084472656,1370.0
2025-06-18 13:00:00-04:00,36.96500015258789,36.970001220703125,36.875,36.935001373291016,2453.0
2025-06-18 14:00:00-04:00,36.939998626708984,37.04499816894531,36.73500061035156,36.775001525878906,4260.0
2025-06-18 15:00:00-04:00,36.775001525878906,36.775001525878906,36.540000915527344,36.630001068115234,5452.0
2025-06-18 16:00:00-04:00,36.630001068115234,36.790000915527344,36.599998474121094,36.7599983215332,1615.0
2025-06-18 18:00:00-04:00,36.75,36.79499816894531,36.7400016784668,36.775001525878906,0.0
2025-06-18 19:00:00-04:00,36.77000045776367,36.790000915527344,36.72999954223633,36.77000045776367,229.0
2025-06-18 20:00:00-04:00,36.779998779296875,36.81999969482422,36.7400016784668,36.80500030517578,580.0
2025-06-18 21:00:00-04:00,36.80500030517578,36.814998626708984,36.654998779296875,36.65999984741211,1076.0
2025-06-18 22:00:00-04:00,36.665000915527344,36.76499938964844,36.6349983215332,36.724998474121094,450.0
2025-06-18 23:00:00-04:00,36.724998474121094,36.81999969482422,36.724998474121094,36.790000915527344,335.0
2025-06-19 00:00:00-04:00,36.79499816894531,36.79499816894531,36.70000076293945,36.779998779296875,321.0
2025-06-19 01:00:00-04:00,36.78499984741211,36.810001373291016,36.60499954223633,36.650001525878906,973.0
2025-06-19 02:00:00-04:00,36.650001525878906,36.650001525878906,36.23500061035156,36.415000915527344,5573.0
2025-06-19 03:00:00-04:00,36.415000915527344,36.41999816894531,36.220001220703125,36.279998779296875,3054.0
2025-06-19 04:00:00-04:00,36.28499984741211,36.41999816894531,36.2599983215332,36.349998474121094,2104.0
2025-06-19 05:00:00-04:00,36.36000061035156,36.42499923706055,36.31999969482422,36.349998474121094,1325.0
2025-06-19 06:00:00-04:00,36.34000015258789,36.41999816894531,36.31999969482422,36.31999969482422,993.0
2025-06-19 07:00:00-04:00,36.314998626708984,36.380001068115234,36.16999816894531,36.345001220703125,1519.0
2025-06-19 08:00:00-04:00,36.345001220703125,36.415000915527344,36.2400016784668,36.314998626708984,2118.0
2025-06-19 09:00:00-04:00,36.31999969482422,36.39500045776367,36.165000915527344,36.2599983215332,4244.0
2025-06-19 10:00:00-04:00,36.25,36.3650016784668,36.21500015258789,36.32500076293945,2426.0
2025-06-19 11:00:00-04:00,36.31999969482422,36.380001068115234,36.275001525878906,36.36000061035156,1510.0
2025-06-19 12:00:00-04:00,36.3650016784668,36.369998931884766,36.32500076293945,36.345001220703125,743.0
2025-06-19 13:00:00-04:00,36.34000015258789,36.3849983215332,36.33000183105469,36.35499954223633,1058.0
2025-06-19 14:00:00-04:00,36.36000061035156,36.380001068115234,36.349998474121094,36.36000061035156,354.0
2025-06-19 18:00:00-04:00,36.349998474121094,36.400001525878906,36.334999084472656,36.3849983215332,374.0
2025-06-19 19:00:00-04:00,36.380001068115234,36.38999938964844,36.35499954223633,36.3650016784668,203.0
2025-06-19 20:00:00-04:00,36.369998931884766,36.3849983215332,36.310001373291016,36.3650016784668,609.0
2025-06-19 21:00:00-04:00,36.3650016784668,36.369998931884766,36.2400016784668,36.2400016784668,1229.0
2025-06-19 22:00:00-04:00,36.2400016784668,36.28499984741211,35.70000076293945,35.77000045776367,7335.0
2025-06-19 23:00:00-04:00,35.775001525878906,35.85499954223633,35.665000915527344,35.81999969482422,3705.0
2025-06-20 00:00:00-04:00,35.810001373291016,35.834999084472656,35.67499923706055,35.7400016784668,1170.0
2025-06-20 01:00:00-04:00,35.73500061035156,35.76499938964844,35.54499816894531,35.595001220703125,2938.0
2025-06-20 02:00:00-04:00,35.595001220703125,35.685001373291016,35.51499938964844,35.630001068115234,2999.0
2025-06-20 03:00:00-04:00,35.630001068115234,35.88999938964844,35.59000015258789,35.875,3868.0
2025-06-20 04:00:00-04:00,35.8849983215332,36.084999084472656,35.8650016784668,36.02000045776367,3428.0
2025-06-20 05:00:00-04:00,36.01499938964844,36.13999938964844,35.88999938964844,36.1150016784668,2165.0
2025-06-20 06:00:00-04:00,36.1150016784668,36.15999984741211,36.07500076293945,36.1150016784668,1585.0
2025-06-20 07:00:00-04:00,36.1150016784668,36.1349983215332,35.95000076293945,35.974998474121094,2735.0
2025-06-20 08:00:00-04:00,35.974998474121094,36.07500076293945,35.939998626708984,35.974998474121094,3422.0
2025-06-20 09:00:00-04:00,35.97999954223633,36.06999969482422,35.8650016784668,36.0,7030.0
2025-06-20 10:00:00-04:00,36.0099983215332,36.025001525878906,35.810001373291016,35.939998626708984,5523.0
2025-06-20 11:00:00-04:00,35.935001373291016,35.970001220703125,35.86000061035156,35.935001373291016,2655.0
2025-06-20 12:00:00-04:00,35.939998626708984,36.0,35.904998779296875,35.994998931884766,2020.0
2025-06-20 13:00:00-04:00,35.994998931884766,36.04499816894531,35.970001220703125,36.025001525878906,3405.0
2025-06-20 14:00:00-04:00,36.025001525878906,36.04499816894531,35.974998474121094,36.0099983215332,1827.0
2025-06-20 15:00:00-04:00,36.005001068115234,36.04999923706055,35.959999084472656,35.97999954223633,1396.0
2025-06-20 16:00:00-04:00,35.974998474121094,35.994998931884766,35.939998626708984,35.95000076293945,607.0
2025-06-22 18:00:00-04:00,36.0,36.07500076293945,35.775001525878906,36.025001525878906,1804.0
2025-06-22 19:00:00-04:00,36.01499938964844,36.07500076293945,36.005001068115234,36.04999923706055,628.0
2025-06-22 20:00:00-04:00,36.040000915527344,36.06999969482422,35.91999816894531,35.994998931884766,1058.0
2025-06-22 21:00:00-04:00,36.0,36.11000061035156,35.8650016784668,35.974998474121094,2797.0
2025-06-22 22:00:00-04:00,35.97999954223633,36.05500030517578,35.974998474121094,35.9900016784668,679.0
2025-06-22 23:00:00-04:00,36.0,36.095001220703125,35.9900016784668,36.064998626708984,818.0
2025-06-23 00:00:00-04:00,36.06999969482422,36.099998474121094,35.994998931884766,36.0099983215332,574.0
2025-06-23 01:00:00-04:00,36.01499938964844,36.08000183105469,35.91999816894531,36.0099983215332,1785.0
2025-06-23 02:00:00-04:00,36.01499938964844,36.1150016784668,35.959999084472656,36.10499954223633,1575.0
2025-06-23 03:00:00-04:00,36.10499954223633,36.130001068115234,36.025001525878906,36.10499954223633,2204.0
2025-06-23 04:00:00-04:00,36.099998474121094,36.21500015258789,36.084999084472656,36.20000076293945,2947.0
2025-06-23 05:00:00-04:00,36.20500183105469,36.21500015258789,36.05500030517578,36.1150016784668,3664.0
2025-06-23 06:00:00-04:00,36.11000061035156,36.19499969482422,36.08000183105469,36.08000183105469,4176.0
2025-06-23 07:00:00-04:00,36.084999084472656,36.20000076293945,36.064998626708984,36.16999816894531,2826.0
2025-06-23 08:00:00-04:00,36.17499923706055,36.189998626708984,35.89500045776367,36.01499938964844,4667.0
2025-06-23 09:00:00-04:00,36.0099983215332,36.20000076293945,35.959999084472656,36.16999816894531,9270.0
2025-06-23 10:00:00-04:00,36.16999816894531,36.275001525878906,36.10499954223633,36.224998474121094,9506.0
2025-06-23 11:00:00-04:00,36.23500061035156,36.314998626708984,36.22999954223633,36.255001068115234,4245.0
2025-06-23 12:00:00-04:00,36.255001068115234,36.27000045776367,36.125,36.18000030517578,5029.0
2025-06-23 13:00:00-04:00,36.18000030517578,36.2599983215332,36.1349983215332,36.2599983215332,7387.0
2025-06-23 14:00:00-04:00,36.2599983215332,36.29999923706055,36.20500183105469,36.244998931884766,2625.0
2025-06-23 15:00:00-04:00,36.2400016784668,36.28499984741211,36.20500183105469,36.20500183105469,753.0
2025-06-23 16:00:00-04:00,36.209999084472656,36.224998474121094,36.025001525878906,36.04999923706055,1397.0
2025-06-23 18:00:00-04:00,36.064998626708984,36.09000015258789,35.55500030517578,35.89500045776367,0.0
2025-06-23 19:00:00-04:00,35.900001525878906,35.94499969482422,35.814998626708984,35.84000015258789,800.0
2025-06-23 20:00:00-04:00,35.845001220703125,36.04499816894531,35.775001525878906,36.029998779296875,1399.0
2025-06-23 21:00:00-04:00,36.04499816894531,36.09000015258789,35.92499923706055,35.98500061035156,1664.0
2025-06-23 22:00:00-04:00,35.9900016784668,36.09000015258789,35.9900016784668,36.084999084472656,657.0
2025-06-23 23:00:00-04:00,36.09000015258789,36.165000915527344,36.064998626708984,36.09000015258789,785.0
2025-06-24 00:00:00-04:00,36.099998474121094,36.1349983215332,36.05500030517578,36.130001068115234,562.0
2025-06-24 01:00:00-04:00,36.130001068115234,36.150001525878906,35.939998626708984,36.040000915527344,2990.0
2025-06-24 02:00:00-04:00,36.040000915527344,36.060001373291016,35.88999938964844,35.9900016784668,3390.0
2025-06-24 03:00:00-04:00,36.03499984741211,36.084999084472656,35.92499923706055,36.064998626708984,1793.0
2025-06-24 04:00:00-04:00,36.064998626708984,36.11000061035156,36.040000915527344,36.099998474121094,965.0
2025-06-24 05:00:00-04:00,36.099998474121094,36.11000061035156,36.0,36.005001068115234,1208.0
2025-06-24 06:00:00-04:00,36.0099983215332,36.1349983215332,36.005001068115234,36.05500030517578,1156.0
2025-06-24 07:00:00-04:00,36.04999923706055,36.130001068115234,36.01499938964844,36.1150016784668,3841.0
2025-06-24 08:00:00-04:00,36.10499954223633,36.1150016784668,35.58000183105469,35.79499816894531,8099.0
2025-06-24 09:00:00-04:00,35.79499816894531,35.95000076293945,35.19499969482422,35.275001525878906,15964.0
2025-06-24 10:00:00-04:00,35.275001525878906,35.459999084472656,35.220001220703125,35.42499923706055,9651.0
2025-06-24 11:00:00-04:00,35.41999816894531,35.689998626708984,35.40999984741211,35.650001525878906,8191.0
2025-06-24 12:00:00-04:00,35.650001525878906,35.70500183105469,35.625,35.685001373291016,3081.0
2025-06-24 13:00:00-04:00,35.689998626708984,35.790000915527344,35.689998626708984,35.7599983215332,3672.0
2025-06-24 14:00:00-04:00,35.7599983215332,35.82500076293945,35.75,35.79999923706055,1357.0
2025-06-24 15:00:00-04:00,35.79999923706055,35.8650016784668,35.779998779296875,35.849998474121094,1441.0
2025-06-24 16:00:00-04:00,35.85499954223633,35.880001068115234,35.84000015258789,35.869998931884766,642.0
2025-06-24 18:00:00-04:00,35.86000061035156,35.89500045776367,35.86000061035156,35.880001068115234,0.0
2025-06-24 19:00:00-04:00,35.8849983215332,35.90999984741211,35.875,35.88999938964844,207.0
2025-06-24 20:00:00-04:00,35.8849983215332,35.904998779296875,35.86000061035156,35.8849983215332,530.0
2025-06-24 21:00:00-04:00,35.8849983215332,35.939998626708984,35.86000061035156,35.904998779296875,1122.0
2025-06-24 22:00:00-04:00,35.90999984741211,35.91999816894531,35.85499954223633,35.904998779296875,607.0
2025-06-24 23:00:00-04:00,35.900001525878906,35.939998626708984,35.86000061035156,35.875,467.0
2025-06-25 00:00:00-04:00,35.869998931884766,35.91999816894531,35.85499954223633,35.915000915527344,284.0
2025-06-25 01:00:00-04:00,35.915000915527344,35.97999954223633,35.900001525878906,35.959999084472656,694.0
2025-06-25 02:00:00-04:00,35.959999084472656,36.0099983215332,35.904998779296875,35.98500061035156,1085.0
2025-06-25 03:00:00-04:00,35.9900016784668,36.0099983215332,35.880001068115234,35.95500183105469,1412.0
2025-06-25 04:00:00-04:00,35.95000076293945,35.959999084472656,35.755001068115234,35.83000183105469,2440.0
2025-06-25 05:00:00-04:00,35.82500076293945,35.82500076293945,35.63999938964844,35.709999084472656,1663.0
2025-06-25 06:00:00-04:00,35.709999084472656,35.77000045776367,35.650001525878906,35.69499969482422,1324.0
2025-06-25 07:00:00-04:00,35.69499969482422,35.7400016784668,35.630001068115234,35.709999084472656,1931.0
2025-06-25 08:00:00-04:00,35.709999084472656,35.80500030517578,35.66999816894531,35.75,3571.0
2025-06-25 09:00:00-04:00,35.755001068115234,35.834999084472656,35.650001525878906,35.79499816894531,6101.0
2025-06-25 10:00:00-04:00,35.790000915527344,35.94499969482422,35.775001525878906,35.89500045776367,4657.0
2025-06-25 11:00:00-04:00,35.900001525878906,35.970001220703125,35.89500045776367,35.94499969482422,2174.0
2025-06-25 12:00:00-04:00,35.95000076293945,36.13999938964844,35.95000076293945,36.11000061035156,6131.0
2025-06-25 13:00:00-04:00,36.10499954223633,36.15999984741211,36.064998626708984,36.15999984741211,4891.0
2025-06-25 14:00:00-04:00,36.15999984741211,36.185001373291016,36.130001068115234,36.17499923706055,1871.0
2025-06-25 15:00:00-04:00,36.17499923706055,36.275001525878906,36.16999816894531,36.27000045776367,2569.0
2025-06-25 16:00:00-04:00,36.27000045776367,36.275001525878906,36.21500015258789,36.21500015258789,1729.0
2025-06-25 18:00:00-04:00,36.220001220703125,36.25,36.189998626708984,36.23500061035156,0.0
2025-06-25 19:00:00-04:00,36.220001220703125,36.29999923706055,36.220001220703125,36.29499816894531,330.0
2025-06-25 20:00:00-04:00,36.279998779296875,36.33000183105469,36.255001068115234,36.2599983215332,414.0
2025-06-25 21:00:00-04:00,36.255001068115234,36.31999969482422,36.185001373291016,36.189998626708984,714.0
2025-06-25 22:00:00-04:00,36.19499969482422,36.334999084472656,36.19499969482422,36.30500030517578,928.0
2025-06-25 23:00:00-04:00,36.314998626708984,36.36000061035156,36.30500030517578,36.36000061035156,448.0
2025-06-26 00:00:00-04:00,36.349998474121094,36.380001068115234,36.29999923706055,36.3650016784668,539.0
2025-06-26 01:00:00-04:00,36.3650016784668,36.3650016784668,36.279998779296875,36.28499984741211,476.0
2025-06-26 02:00:00-04:00,36.275001525878906,36.345001220703125,36.21500015258789,36.334999084472656,1443.0
2025-06-26 03:00:00-04:00,36.334999084472656,36.36000061035156,36.2400016784668,36.36000061035156,991.0
2025-06-26 04:00:00-04:00,36.35499954223633,36.7599983215332,36.29999923706055,36.720001220703125,4038.0
2025-06-26 05:00:00-04:00,36.72999954223633,36.77000045776367,36.52000045776367,36.60499954223633,3258.0
2025-06-26 06:00:00-04:00,36.595001220703125,36.61000061035156,36.459999084472656,36.529998779296875,1968.0
2025-06-26 07:00:00-04:00,36.525001525878906,36.54999923706055,36.36000061035156,36.529998779296875,1579.0
2025-06-26 08:00:00-04:00,36.53499984741211,36.59000015258789,36.25,36.275001525878906,4810.0
2025-06-26 09:00:00-04:00,36.275001525878906,36.46500015258789,36.13999938964844,36.345001220703125,6715.0
2025-06-26 10:00:00-04:00,36.349998474121094,36.470001220703125,36.334999084472656,36.435001373291016,3602.0
2025-06-26 11:00:00-04:00,36.439998626708984,36.55500030517578,36.42499923706055,36.54499816894531,1785.0
2025-06-26 12:00:00-04:00,36.54999923706055,36.58000183105469,36.525001525878906,36.560001373291016,1459.0
2025-06-26 13:00:00-04:00,36.56999969482422,36.599998474121094,36.529998779296875,36.540000915527344,1825.0
2025-06-26 14:00:00-04:00,36.529998779296875,36.54999923706055,36.494998931884766,36.52000045776367,913.0
2025-06-26 15:00:00-04:00,36.51499938964844,36.59000015258789,36.459999084472656,36.58000183105469,657.0
2025-06-26 16:00:00-04:00,36.57500076293945,36.59000015258789,36.52000045776367,36.54999923706055,395.0
2025-06-26 18:00:00-04:00,36.560001373291016,36.57500076293945,36.525001525878906,36.53499984741211,0.0
2025-06-26 19:00:00-04:00,36.5099983215332,36.540000915527344,36.505001068115234,36.505001068115234,18.0
2025-06-26 20:00:00-04:00,36.540000915527344,36.54999923706055,36.47999954223633,36.48500061035156,64.0
2025-06-26 21:00:00-04:00,36.48500061035156,36.53499984741211,36.404998779296875,36.525001525878906,96.0
2025-06-26 22:00:00-04:00,36.525001525878906,36.599998474121094,36.5099983215332,36.595001220703125,259.0
2025-06-26 23:00:00-04:00,36.59000015258789,36.63999938964844,36.32500076293945,36.32500076293945,414.0
2025-06-27 00:00:00-04:00,36.32500076293945,36.415000915527344,36.310001373291016,36.3650016784668,104.0
2025-06-27 01:00:00-04:00,36.375,36.525001525878906,36.375,36.474998474121094,318.0
2025-06-27 02:00:00-04:00,36.470001220703125,36.48500061035156,36.32500076293945,36.36000061035156,670.0
2025-06-27 03:00:00-04:00,36.36000061035156,36.435001373291016,35.970001220703125,36.279998779296875,16467.0
2025-06-27 04:00:00-04:00,36.290000915527344,36.380001068115234,35.880001068115234,36.23500061035156,3905.0
2025-06-27 05:00:00-04:00,36.2400016784668,36.244998931884766,35.6349983215332,36.084999084472656,5902.0
2025-06-27 06:00:00-04:00,36.09000015258789,36.2400016784668,35.779998779296875,36.19499969482422,2120.0
2025-06-27 07:00:00-04:00,36.20000076293945,36.26499938964844,35.775001525878906,36.23500061035156,2394.0
2025-06-27 08:00:00-04:00,35.89500045776367,36.314998626708984,35.7599983215332,36.18000030517578,4723.0
2025-06-27 09:00:00-04:00,36.18000030517578,36.244998931884766,35.67499923706055,36.22999954223633,8816.0
2025-06-27 10:00:00-04:00,36.244998931884766,36.36000061035156,35.8650016784668,36.31999969482422,5079.0
2025-06-27 11:00:00-04:00,36.31999969482422,36.3849983215332,35.959999084472656,36.32500076293945,3191.0
2025-06-27 12:00:00-04:00,36.32500076293945,36.40999984741211,35.98500061035156,36.375,2473.0
2025-06-27 13:00:00-04:00,36.369998931884766,36.3849983215332,35.970001220703125,36.32500076293945,3049.0
2025-06-27 14:00:00-04:00,36.33000183105469,36.334999084472656,35.814998626708984,36.209999084472656,2069.0
2025-06-27 15:00:00-04:00,36.20500183105469,36.20500183105469,35.78499984741211,36.10499954223633,1801.0
2025-06-27 16:00:00-04:00,36.10499954223633,36.189998626708984,35.73500061035156,36.165000915527344,1501.0
2025-06-29 18:00:00-04:00,36.150001525878906,36.27000045776367,35.27000045776367,35.93000030517578,3980.0
2025-06-29 19:00:00-04:00,35.91999816894531,36.04999923706055,35.650001525878906,35.939998626708984,965.0
2025-06-29 20:00:00-04:00,35.935001373291016,36.07500076293945,35.935001373291016,36.060001373291016,1082.0
2025-06-29 21:00:00-04:00,36.064998626708984,36.25,35.900001525878906,36.15999984741211,2413.0
2025-06-29 22:00:00-04:00,36.15999984741211,36.279998779296875,35.90999984741211,36.255001068115234,620.0
2025-06-29 23:00:00-04:00,36.255001068115234,36.3650016784668,36.25,36.29999923706055,683.0
2025-06-30 00:00:00-04:00,36.29999923706055,36.369998931884766,36.29499816894531,36.35499954223633,364.0
2025-06-30 01:00:00-04:00,36.35499954223633,36.404998779296875,36.04499816894531,36.369998931884766,885.0
2025-06-30 02:00:00-04:00,36.375,36.45000076293945,36.095001220703125,36.435001373291016,1260.0
2025-06-30 03:00:00-04:00,36.435001373291016,36.459999084472656,36.084999084472656,36.34000015258789,1403.0
2025-06-30 04:00:00-04:00,36.334999084472656,36.415000915527344,36.060001373291016,36.36000061035156,857.0
2025-06-30 05:00:00-04:00,36.35499954223633,36.35499954223633,35.9900016784668,36.29999923706055,959.0
2025-06-30 06:00:00-04:00,36.30500030517578,36.32500076293945,36.220001220703125,36.244998931884766,589.0
2025-06-30 07:00:00-04:00,36.244998931884766,36.244998931884766,35.73500061035156,36.125,2303.0
2025-06-30 08:00:00-04:00,36.125,36.26499938964844,35.79999923706055,36.209999084472656,2610.0
2025-06-30 09:00:00-04:00,36.220001220703125,36.30500030517578,35.880001068115234,36.25,5190.0
2025-06-30 10:00:00-04:00,36.25,36.26499938964844,35.89500045776367,36.185001373291016,3115.0
2025-06-30 11:00:00-04:00,36.18000030517578,36.23500061035156,35.79999923706055,36.18000030517578,2565.0
2025-06-30 12:00:00-04:00,36.18000030517578,36.22999954223633,35.8849983215332,36.22999954223633,1833.0
2025-06-30 13:00:00-04:00,36.22999954223633,36.25,36.14500045776367,36.16999816894531,4388.0
2025-06-30 14:00:00-04:00,36.165000915527344,36.27000045776367,36.165000915527344,36.26499938964844,1193.0
2025-06-30 15:00:00-04:00,36.2599983215332,36.349998474121094,35.935001373291016,36.32500076293945,1916.0
2025-06-30 16:00:00-04:00,36.31999969482422,36.34000015258789,35.994998931884766,36.33000183105469,729.0
2025-06-30 18:00:00-04:00,36.32500076293945,36.349998474121094,36.310001373291016,36.33000183105469,0.0
2025-06-30 19:00:00-04:00,36.334999084472656,36.375,36.32500076293945,36.369998931884766,330.0
2025-06-30 20:00:00-04:00,36.375,36.380001068115234,36.34000015258789,36.35499954223633,613.0
2025-06-30 21:00:00-04:00,36.35499954223633,36.40999984741211,35.845001220703125,36.154998779296875,2618.0
2025-06-30 22:00:00-04:00,36.150001525878906,36.165000915527344,36.05500030517578,36.130001068115234,2083.0
2025-06-30 23:00:00-04:00,36.130001068115234,36.27000045776367,36.07500076293945,36.2599983215332,940.0
2025-07-01 00:00:00-04:00,36.26499938964844,36.42499923706055,36.26499938964844,36.415000915527344,934.0
2025-07-01 01:00:00-04:00,36.41999816894531,36.439998626708984,35.994998931884766,36.36000061035156,1570.0
2025-07-01 02:00:00-04:00,36.345001220703125,36.51499938964844,36.275001525878906,36.494998931884766,2566.0
2025-07-01 03:00:00-04:00,36.5,36.76499938964844,36.334999084472656,36.47999954223633,5536.0
2025-07-01 04:00:00-04:00,36.47999954223633,36.6150016784668,36.45000076293945,36.55500030517578,1317.0
2025-07-01 05:00:00-04:00,36.560001373291016,36.875,36.5,36.76499938964844,5181.0
2025-07-01 06:00:00-04:00,36.7599983215332,36.77000045776367,36.65999984741211,36.75,1483.0
2025-07-01 07:00:00-04:00,36.744998931884766,36.814998626708984,36.42499923706055,36.665000915527344,1646.0
2025-07-01 08:00:00-04:00,36.665000915527344,36.79999923706055,36.4900016784668,36.529998779296875,4608.0
2025-07-01 09:00:00-04:00,36.529998779296875,36.6150016784668,36.16999816894531,36.58000183105469,5607.0
2025-07-01 10:00:00-04:00,36.58000183105469,36.65999984741211,36.52000045776367,36.560001373291016,2858.0
2025-07-01 11:00:00-04:00,36.55500030517578,36.55500030517578,36.30500030517578,36.43000030517578,4209.0
2025-07-01 12:00:00-04:00,36.43000030517578,36.48500061035156,36.404998779296875,36.40999984741211,1753.0
2025-07-01 13:00:00-04:00,36.40999984741211,36.439998626708984,36.345001220703125,36.380001068115234,2646.0
2025-07-01 14:00:00-04:00,36.380001068115234,36.380001068115234,36.04999923706055,36.34000015258789,801.0
2025-07-01 15:00:00-04:00,36.34000015258789,36.34000015258789,36.220001220703125,36.22999954223633,2124.0
2025-07-01 16:00:00-04:00,36.22999954223633,36.27000045776367,36.20000076293945,36.244998931884766,822.0
2025-07-01 18:00:00-04:00,36.244998931884766,36.275001525878906,36.165000915527344,36.27000045776367,0.0
2025-07-01 19:00:00-04:00,36.27000045776367,36.314998626708984,36.244998931884766,36.275001525878906,364.0
2025-07-01 20:00:00-04:00,36.27000045776367,36.310001373291016,36.224998474121094,36.28499984741211,745.0
2025-07-01 21:00:00-04:00,36.290000915527344,36.34000015258789,36.22999954223633,36.25,1078.0
2025-07-01 22:00:00-04:00,36.25,36.369998931884766,36.185001373291016,36.35499954223633,786.0
2025-07-01 23:00:00-04:00,36.35499954223633,36.3849983215332,36.119998931884766,36.19499969482422,1133.0
2025-07-02 00:00:00-04:00,36.209999084472656,36.33000183105469,36.17499923706055,36.310001373291016,760.0
2025-07-02 01:00:00-04:00,36.30500030517578,36.36000061035156,36.244998931884766,36.275001525878906,727.0
2025-07-02 02:00:00-04:00,36.279998779296875,36.29499816894531,36.154998779296875,36.189998626708984,1224.0
2025-07-02 03:00:00-04:00,36.185001373291016,36.28499984741211,36.05500030517578,36.279998779296875,2303.0
2025-07-02 04:00:00-04:00,36.275001525878906,36.345001220703125,35.97999954223633,36.30500030517578,1509.0
2025-07-02 05:00:00-04:00,36.310001373291016,36.459999084472656,36.290000915527344,36.43000030517578,1936.0
2025-07-02 06:00:00-04:00,36.43000030517578,36.54499816894531,36.39500045776367,36.5099983215332,1274.0
2025-07-02 07:00:00-04:00,36.51499938964844,36.59000015258789,36.19499969482422,36.45000076293945,2381.0
2025-07-02 08:00:00-04:00,36.45500183105469,36.584999084472656,36.20000076293945,36.38999938964844,3876.0
2025-07-02 09:00:00-04:00,36.3849983215332,36.54499816894531,36.189998626708984,36.474998474121094,4021.0
2025-07-02 10:00:00-04:00,36.47999954223633,36.64500045776367,36.220001220703125,36.6349983215332,3221.0
2025-07-02 11:00:00-04:00,36.6349983215332,36.69499969482422,36.345001220703125,36.67499923706055,2843.0
2025-07-02 12:00:00-04:00,36.67499923706055,36.709999084472656,36.375,36.689998626708984,2304.0
2025-07-02 13:00:00-04:00,36.689998626708984,36.75,36.400001525878906,36.73500061035156,2933.0
2025-07-02 14:00:00-04:00,36.73500061035156,36.755001068115234,36.43000030517578,36.744998931884766,1515.0
2025-07-02 15:00:00-04:00,36.744998931884766,36.814998626708984,36.744998931884766,36.80500030517578,1614.0
2025-07-02 16:00:00-04:00,36.80500030517578,36.814998626708984,36.78499984741211,36.790000915527344,711.0
2025-07-02 18:00:00-04:00,36.790000915527344,36.83000183105469,36.779998779296875,36.81999969482422,0.0
2025-07-02 19:00:00-04:00,36.814998626708984,36.81999969482422,36.40999984741211,36.66999816894531,1102.0
2025-07-02 20:00:00-04:00,36.66999816894531,36.689998626708984,36.61000061035156,36.650001525878906,701.0
2025-07-02 21:00:00-04:00,36.654998779296875,36.70500183105469,36.60499954223633,36.654998779296875,934.0
2025-07-02 22:00:00-04:00,36.65999984741211,36.67499923706055,36.3650016784668,36.65999984741211,609.0
2025-07-02 23:00:00-04:00,36.665000915527344,36.66999816894531,36.56999969482422,36.599998474121094,369.0
2025-07-03 09:30:00-04:00,36.845001220703125,37.14500045776367,36.724998474121094,37.025001525878906,8637.0
2025-07-03 10:30:00-04:00,37.01499938964844,37.04999923706055,36.86000061035156,36.8650016784668,2994.0
2025-07-03 11:30:00-04:00,36.8650016784668,37.05500030517578,36.83000183105469,37.02000045776367,2489.0
2025-07-03 12:30:00-04:00,37.01499938964844,37.08000183105469,36.970001220703125,37.064998626708984,1526.0
2025-07-04 00:00:00-04:00,37.08399963378906,37.099998474121094,37.01499938964844,37.064998626708984,3137.0
2025-07-04 01:00:00-04:00,37.060001373291016,37.095001220703125,37.025001525878906,37.05500030517578,943.0
2025-07-04 02:00:00-04:00,37.05500030517578,37.130001068115234,36.974998474121094,37.040000915527344,1437.0
2025-07-04 03:00:00-04:00,37.04999923706055,37.060001373291016,36.85499954223633,37.03499984741211,1240.0
2025-07-04 04:00:00-04:00,37.03499984741211,37.095001220703125,36.98500061035156,37.040000915527344,607.0
2025-07-04 05:00:00-04:00,37.029998779296875,37.05500030517578,36.96500015258789,36.9900016784668,428.0
2025-07-04 06:00:00-04:00,36.98500061035156,37.095001220703125,36.97999954223633,37.07500076293945,596.0
2025-07-04 07:00:00-04:00,37.08000183105469,37.130001068115234,36.775001525878906,37.064998626708984,896.0
2025-07-04 08:00:00-04:00,37.08000183105469,37.150001525878906,36.970001220703125,37.04999923706055,1276.0
2025-07-04 09:00:00-04:00,37.04999923706055,37.16999816894531,37.040000915527344,37.10499954223633,1384.0
2025-07-04 10:00:00-04:00,37.099998474121094,37.11000061035156,37.029998779296875,37.09000015258789,684.0
2025-07-04 11:00:00-04:00,37.09000015258789,37.125,37.06999969482422,37.119998931884766,379.0
2025-07-04 12:00:00-04:00,37.1150016784668,37.154998779296875,37.10499954223633,37.1349983215332,595.0
2025-07-06 18:00:00-04:00,37.150001525878906,37.435001373291016,37.09000015258789,37.33000183105469,1802.0
2025-07-06 19:00:00-04:00,37.33000183105469,37.334999084472656,37.209999084472656,37.23500061035156,907.0
2025-07-06 20:00:00-04:00,37.2400016784668,37.244998931884766,37.14500045776367,37.21500015258789,883.0
2025-07-06 21:00:00-04:00,37.209999084472656,37.209999084472656,36.88999938964844,37.10499954223633,3265.0
2025-07-06 22:00:00-04:00,37.11000061035156,37.130001068115234,36.94499969482422,36.98500061035156,759.0
2025-07-06 23:00:00-04:00,36.97999954223633,37.01499938964844,36.71500015258789,36.974998474121094,843.0
2025-07-07 00:00:00-04:00,36.95500183105469,37.01499938964844,36.52000045776367,36.689998626708984,4388.0
2025-07-07 01:00:00-04:00,36.689998626708984,36.83000183105469,36.665000915527344,36.79999923706055,2500.0
2025-07-07 02:00:00-04:00,36.810001373291016,36.849998474121094,36.625,36.77000045776367,1927.0
2025-07-07 03:00:00-04:00,36.77000045776367,36.810001373291016,36.3849983215332,36.665000915527344,1406.0
2025-07-07 04:00:00-04:00,36.665000915527344,36.80500030517578,36.48500061035156,36.775001525878906,1407.0
2025-07-07 05:00:00-04:00,36.77000045776367,36.80500030517578,36.70500183105469,36.79499816894531,820.0
2025-07-07 06:00:00-04:00,36.79499816894531,36.79999923706055,36.32500076293945,36.40999984741211,5141.0
2025-07-07 07:00:00-04:00,36.40999984741211,36.51499938964844,36.125,36.40999984741211,3430.0
2025-07-07 08:00:00-04:00,36.404998779296875,36.560001373291016,36.3650016784668,36.505001068115234,3245.0
2025-07-07 09:00:00-04:00,36.505001068115234,36.790000915527344,36.244998931884766,36.779998779296875,6915.0
2025-07-07 10:00:00-04:00,36.78499984741211,36.845001220703125,36.494998931884766,36.775001525878906,3428.0
2025-07-07 11:00:00-04:00,36.775001525878906,36.875,36.744998931884766,36.875,1719.0
2025-07-07 12:00:00-04:00,36.875,36.88999938964844,36.81999969482422,36.84000015258789,2257.0
2025-07-07 13:00:00-04:00,36.84000015258789,36.95500183105469,36.65999984741211,36.904998779296875,3547.0
2025-07-07 14:00:00-04:00,36.904998779296875,36.95000076293945,36.81999969482422,36.94499969482422,1751.0
2025-07-07 15:00:00-04:00,36.939998626708984,36.970001220703125,36.875,36.96500015258789,1332.0
2025-07-07 16:00:00-04:00,36.959999084472656,36.98500061035156,36.92499923706055,36.939998626708984,633.0
2025-07-07 18:00:00-04:00,36.95500183105469,37.07500076293945,36.94499969482422,36.970001220703125,0.0
2025-07-07 19:00:00-04:00,36.974998474121094,36.98500061035156,36.95000076293945,36.98500061035156,208.0
2025-07-07 20:00:00-04:00,36.974998474121094,36.994998931884766,36.92499923706055,36.95500183105469,785.0
2025-07-07 21:00:00-04:00,36.95000076293945,37.040000915527344,36.85499954223633,37.0099983215332,1659.0
2025-07-07 22:00:00-04:00,37.0099983215332,37.06999969482422,36.98500061035156,37.029998779296875,1157.0
2025-07-07 23:00:00-04:00,37.029998779296875,37.040000915527344,36.994998931884766,37.005001068115234,465.0
2025-07-08 00:00:00-04:00,37.0,37.040000915527344,36.95500183105469,36.974998474121094,430.0
2025-07-08 01:00:00-04:00,36.974998474121094,37.095001220703125,36.974998474121094,37.05500030517578,831.0
2025-07-08 02:00:00-04:00,37.04499816894531,37.05500030517578,36.96500015258789,37.03499984741211,1245.0
2025-07-08 03:00:00-04:00,37.04999923706055,37.095001220703125,37.0,37.060001373291016,1162.0
2025-07-08 04:00:00-04:00,37.060001373291016,37.060001373291016,36.89500045776367,36.935001373291016,1654.0
2025-07-08 05:00:00-04:00,36.93000030517578,36.970001220703125,36.849998474121094,36.8650016784668,959.0
2025-07-08 06:00:00-04:00,36.8650016784668,37.029998779296875,36.8650016784668,36.9900016784668,1309.0
2025-07-08 07:00:00-04:00,36.994998931884766,36.994998931884766,36.685001373291016,36.880001068115234,1808.0
2025-07-08 08:00:00-04:00,36.875,36.959999084472656,36.744998931884766,36.92499923706055,3490.0
2025-07-08 09:00:00-04:00,36.92499923706055,36.93000030517578,36.66999816894531,36.720001220703125,5939.0
2025-07-08 10:00:00-04:00,36.71500015258789,36.75,36.28499984741211,36.584999084472656,5999.0
2025-07-08 11:00:00-04:00,36.584999084472656,36.630001068115234,36.4900016784668,36.57500076293945,3873.0
2025-07-08 12:00:00-04:00,36.56999969482422,36.724998474121094,36.2599983215332,36.69499969482422,6029.0
2025-07-08 13:00:00-04:00,36.70500183105469,36.845001220703125,36.66999816894531,36.834999084472656,9198.0
2025-07-08 14:00:00-04:00,36.83000183105469,36.89500045776367,36.78499984741211,36.869998931884766,2596.0
2025-07-08 15:00:00-04:00,36.869998931884766,36.875,36.80500030517578,36.8650016784668,1182.0
2025-07-08 16:00:00-04:00,36.86000061035156,36.939998626708984,36.6349983215332,36.92499923706055,1191.0
2025-07-08 18:00:00-04:00,36.935001373291016,36.95000076293945,36.8849983215332,36.90999984741211,0.0
2025-07-08 19:00:00-04:00,36.91999816894531,36.92499923706055,36.70000076293945,36.7400016784668,1441.0
2025-07-08 20:00:00-04:00,36.744998931884766,36.849998474121094,36.7400016784668,36.83000183105469,597.0
2025-07-08 21:00:00-04:00,36.834999084472656,36.915000915527344,36.75,36.814998626708984,1259.0
2025-07-08 22:00:00-04:00,36.810001373291016,36.84000015258789,36.68000030517578,36.75,1095.0
2025-07-08 23:00:00-04:00,36.744998931884766,36.79499816894531,36.69499969482422,36.78499984741211,757.0
2025-07-09 00:00:00-04:00,36.77000045776367,36.83000183105469,36.709999084472656,36.80500030517578,673.0
2025-07-09 01:00:00-04:00,36.80500030517578,36.89500045776367,36.78499984741211,36.8849983215332,1542.0
2025-07-09 02:00:00-04:00,36.89500045776367,36.90999984741211,36.720001220703125,36.790000915527344,1584.0
2025-07-09 03:00:00-04:00,36.79999923706055,36.80500030517578,36.68000030517578,36.72999954223633,1566.0
2025-07-09 04:00:00-04:00,36.72999954223633,36.78499984741211,36.619998931884766,36.689998626708984,1297.0
2025-07-09 05:00:00-04:00,36.689998626708984,36.810001373291016,36.61000061035156,36.810001373291016,1241.0
2025-07-09 06:00:00-04:00,36.810001373291016,36.85499954223633,36.7599983215332,36.79999923706055,821.0
2025-07-09 07:00:00-04:00,36.80500030517578,36.8650016784668,36.69499969482422,36.70000076293945,1719.0
2025-07-09 08:00:00-04:00,36.70500183105469,36.73500061035156,36.3849983215332,36.625,4376.0
2025-07-09 09:00:00-04:00,36.625,36.70000076293945,36.529998779296875,36.619998931884766,6682.0
2025-07-09 10:00:00-04:00,36.619998931884766,36.654998779296875,36.27000045776367,36.6349983215332,5411.0
2025-07-09 11:00:00-04:00,36.6349983215332,36.689998626708984,36.56999969482422,36.68000030517578,2772.0
2025-07-09 12:00:00-04:00,36.67499923706055,36.70500183105469,36.665000915527344,36.67499923706055,1924.0
2025-07-09 13:00:00-04:00,36.665000915527344,36.70500183105469,36.53499984741211,36.54999923706055,3788.0
2025-07-09 14:00:00-04:00,36.55500030517578,36.6150016784668,36.525001525878906,36.57500076293945,1614.0
2025-07-09 15:00:00-04:00,36.57500076293945,36.65999984741211,36.564998626708984,36.57500076293945,1097.0
2025-07-09 16:00:00-04:00,36.58000183105469,36.67499923706055,36.55500030517578,36.60499954223633,1479.0
2025-07-09 18:00:00-04:00,36.599998474121094,36.650001525878906,36.595001220703125,36.625,0.0
2025-07-09 19:00:00-04:00,36.630001068115234,36.63999938964844,36.599998474121094,36.630001068115234,203.0
2025-07-09 20:00:00-04:00,36.630001068115234,36.654998779296875,36.57500076293945,36.6349983215332,786.0
2025-07-09 21:00:00-04:00,36.630001068115234,36.71500015258789,36.619998931884766,36.65999984741211,2042.0
2025-07-09 22:00:00-04:00,36.65999984741211,36.724998474121094,36.619998931884766,36.67499923706055,768.0
2025-07-09 23:00:00-04:00,36.68000030517578,36.724998474121094,36.61000061035156,36.689998626708984,461.0
2025-07-10 00:00:00-04:00,36.685001373291016,36.75,36.67499923706055,36.73500061035156,796.0
2025-07-10 01:00:00-04:00,36.72999954223633,36.7400016784668,36.6150016784668,36.71500015258789,984.0
2025-07-10 02:00:00-04:00,36.709999084472656,36.814998626708984,36.68000030517578,36.810001373291016,2130.0
2025-07-10 03:00:00-04:00,36.810001373291016,36.974998474121094,36.775001525878906,36.790000915527344,3665.0
2025-07-10 04:00:00-04:00,36.790000915527344,36.915000915527344,36.709999084472656,36.869998931884766,1305.0
2025-07-10 05:00:00-04:00,36.875,36.880001068115234,36.810001373291016,36.875,917.0
2025-07-10 06:00:00-04:00,36.880001068115234,37.185001373291016,36.834999084472656,37.05500030517578,5854.0
2025-07-10 07:00:00-04:00,37.05500030517578,37.17499923706055,36.90999984741211,36.95000076293945,3156.0
2025-07-10 08:00:00-04:00,36.95500183105469,37.11000061035156,36.89500045776367,37.08000183105469,4114.0
2025-07-10 09:00:00-04:00,37.08000183105469,37.51499938964844,36.875,36.91999816894531,18867.0
2025-07-10 10:00:00-04:00,36.915000915527344,37.095001220703125,36.845001220703125,37.005001068115234,8237.0
2025-07-10 11:00:00-04:00,37.0,37.29999923706055,37.0,37.29999923706055,7216.0
2025-07-10 12:00:00-04:00,37.29999923706055,37.349998474121094,37.17499923706055,37.255001068115234,4255.0
2025-07-10 13:00:00-04:00,37.255001068115234,37.33000183105469,37.22999954223633,37.310001373291016,3887.0
2025-07-10 14:00:00-04:00,37.310001373291016,37.5,37.30500030517578,37.494998931884766,3818.0
2025-07-10 15:00:00-04:00,37.494998931884766,37.689998626708984,37.4900016784668,37.68000030517578,5679.0
2025-07-10 16:00:00-04:00,37.68000030517578,37.68000030517578,37.599998474121094,37.625,1128.0
2025-07-10 18:00:00-04:00,37.64500045776367,37.84000015258789,37.6349983215332,37.779998779296875,0.0
2025-07-10 19:00:00-04:00,37.78499984741211,37.82500076293945,37.76499938964844,37.790000915527344,504.0
2025-07-10 20:00:00-04:00,37.790000915527344,37.79999923706055,37.61000061035156,37.6150016784668,2168.0
2025-07-10 21:00:00-04:00,37.61000061035156,37.81999969482422,37.5099983215332,37.70500183105469,5162.0
2025-07-10 22:00:00-04:00,37.70500183105469,37.85499954223633,37.685001373291016,37.76499938964844,1498.0
2025-07-10 23:00:00-04:00,37.77000045776367,37.81999969482422,37.70500183105469,37.78499984741211,1335.0
2025-07-11 00:00:00-04:00,37.790000915527344,37.834999084472656,37.76499938964844,37.78499984741211,392.0
2025-07-11 01:00:00-04:00,37.790000915527344,38.2599983215332,37.790000915527344,38.10499954223633,7304.0
2025-07-11 02:00:00-04:00,38.10499954223633,38.20000076293945,37.939998626708984,37.95500183105469,4485.0
2025-07-11 03:00:00-04:00,37.95000076293945,38.2400016784668,37.939998626708984,38.2400016784668,3724.0
2025-07-11 04:00:00-04:00,38.2400016784668,38.369998931884766,38.209999084472656,38.279998779296875,2925.0
2025-07-11 05:00:00-04:00,38.279998779296875,38.44499969482422,38.27000045776367,38.404998779296875,2174.0
2025-07-11 06:00:00-04:00,38.40999984741211,38.48500061035156,38.32500076293945,38.33000183105469,2917.0
2025-07-11 07:00:00-04:00,38.334999084472656,38.45500183105469,38.29999923706055,38.42499923706055,3843.0
2025-07-11 08:00:00-04:00,38.43000030517578,38.65999984741211,38.30500030517578,38.39500045776367,8280.0
2025-07-11 09:00:00-04:00,38.39500045776367,38.59000015258789,38.33000183105469,38.494998931884766,11017.0
2025-07-11 10:00:00-04:00,38.494998931884766,38.94499969482422,38.459999084472656,38.77000045776367,13616.0
2025-07-11 11:00:00-04:00,38.775001525878906,39.0,38.72999954223633,38.814998626708984,8547.0
2025-07-11 12:00:00-04:00,38.80500030517578,39.02000045776367,38.7599983215332,38.970001220703125,5146.0
2025-07-11 13:00:00-04:00,38.96500015258789,39.040000915527344,38.875,39.02000045776367,5598.0
2025-07-11 14:00:00-04:00,39.02000045776367,39.185001373291016,39.0099983215332,39.150001525878906,3225.0
2025-07-11 15:00:00-04:00,39.154998779296875,39.224998474121094,39.1349983215332,39.185001373291016,2724.0
2025-07-11 16:00:00-04:00,39.185001373291016,39.189998626708984,39.07500076293945,39.07500076293945,1483.0
2025-07-14 00:00:00-04:00,38.95500183105469,39.525001525878906,38.95500183105469,39.47999954223633,0.0
2025-07-14 01:00:00-04:00,39.470001220703125,39.52000045776367,39.349998474121094,39.43000030517578,2784.0
2025-07-14 02:00:00-04:00,39.42499923706055,39.439998626708984,39.29999923706055,39.3650016784668,3151.0
2025-07-14 03:00:00-04:00,39.36000061035156,39.43000030517578,39.220001220703125,39.35499954223633,4149.0
2025-07-14 04:00:00-04:00,39.35499954223633,39.369998931884766,39.2400016784668,39.35499954223633,1741.0
2025-07-14 05:00:00-04:00,39.35499954223633,39.56999969482422,39.349998474121094,39.48500061035156,2266.0
2025-07-14 06:00:00-04:00,39.48500061035156,39.525001525878906,39.375,39.380001068115234,2245.0
2025-07-14 07:00:00-04:00,39.3849983215332,39.435001373291016,39.25,39.279998779296875,3665.0
2025-07-14 08:00:00-04:00,39.290000915527344,39.380001068115234,39.060001373291016,39.150001525878906,6153.0
2025-07-14 09:00:00-04:00,39.154998779296875,39.16999816894531,38.8849983215332,39.095001220703125,9579.0
2025-07-14 10:00:00-04:00,39.099998474121094,39.125,38.6150016784668,38.625,7991.0
2025-07-14 11:00:00-04:00,38.630001068115234,38.775001525878906,38.56999969482422,38.619998931884766,4893.0
2025-07-14 12:00:00-04:00,38.619998931884766,38.79499816894531,38.599998474121094,38.76499938964844,2952.0
2025-07-14 13:00:00-04:00,38.77000045776367,38.78499984741211,38.64500045776367,38.65999984741211,3808.0
2025-07-14 14:00:00-04:00,38.654998779296875,38.689998626708984,38.619998931884766,38.6349983215332,1178.0
2025-07-14 15:00:00-04:00,38.6349983215332,38.67499923706055,38.375,38.415000915527344,3791.0
2025-07-14 16:00:00-04:00,38.415000915527344,38.54499816894531,38.35499954223633,38.40999984741211,2160.0
2025-07-14 18:00:00-04:00,38.400001525878906,38.48500061035156,38.369998931884766,38.48500061035156,0.0
2025-07-14 19:00:00-04:00,38.48500061035156,38.53499984741211,38.474998474121094,38.525001525878906,586.0
2025-07-14 20:00:00-04:00,38.52000045776367,38.55500030517578,38.5099983215332,38.51499938964844,942.0
2025-07-14 21:00:00-04:00,38.51499938964844,38.59000015258789,38.45000076293945,38.584999084472656,1906.0
2025-07-14 22:00:00-04:00,38.58000183105469,38.595001220703125,38.42499923706055,38.474998474121094,1240.0
2025-07-14 23:00:00-04:00,38.474998474121094,38.505001068115234,38.19499969482422,38.474998474121094,3317.0
2025-07-15 00:00:00-04:00,38.4900016784668,38.54499816894531,38.470001220703125,38.540000915527344,529.0
2025-07-15 01:00:00-04:00,38.54499816894531,38.59000015258789,38.51499938964844,38.564998626708984,1245.0
2025-07-15 02:00:00-04:00,38.56999969482422,38.6349983215332,38.53499984741211,38.60499954223633,1484.0
2025-07-15 03:00:00-04:00,38.61000061035156,38.7400016784668,38.540000915527344,38.68000030517578,2011.0
2025-07-15 04:00:00-04:00,38.68000030517578,38.685001373291016,38.525001525878906,38.560001373291016,1192.0
2025-07-15 05:00:00-04:00,38.55500030517578,38.630001068115234,38.54999923706055,38.6150016784668,1001.0
2025-07-15 06:00:00-04:00,38.6150016784668,38.654998779296875,38.61000061035156,38.650001525878906,593.0
2025-07-15 07:00:00-04:00,38.650001525878906,38.65999984741211,38.47999954223633,38.619998931884766,1678.0
2025-07-15 08:00:00-04:00,38.625,38.70000076293945,38.47999954223633,38.505001068115234,3318.0
2025-07-15 09:00:00-04:00,38.5099983215332,38.599998474121094,38.19499969482422,38.290000915527344,6402.0
2025-07-15 10:00:00-04:00,38.290000915527344,38.48500061035156,38.154998779296875,38.2400016784668,6828.0
2025-07-15 11:00:00-04:00,38.244998931884766,38.275001525878906,37.89500045776367,37.9900016784668,7958.0
2025-07-15 12:00:00-04:00,37.9900016784668,38.05500030517578,37.959999084472656,38.02000045776367,3554.0
2025-07-15 13:00:00-04:00,38.02000045776367,38.130001068115234,37.98500061035156,38.099998474121094,4328.0
2025-07-15 14:00:00-04:00,38.099998474121094,38.13999938964844,38.04999923706055,38.119998931884766,1478.0
2025-07-15 15:00:00-04:00,38.1150016784668,38.125,38.05500030517578,38.099998474121094,1197.0
2025-07-15 16:00:00-04:00,38.095001220703125,38.099998474121094,37.974998474121094,37.98500061035156,1233.0
2025-07-15 18:00:00-04:00,37.98500061035156,38.07500076293945,37.974998474121094,38.06999969482422,0.0
2025-07-15 19:00:00-04:00,38.07500076293945,38.1150016784668,38.064998626708984,38.11000061035156,259.0
2025-07-15 20:00:00-04:00,38.11000061035156,38.125,38.04499816894531,38.09000015258789,692.0
2025-07-15 21:00:00-04:00,38.099998474121094,38.14500045776367,38.060001373291016,38.10499954223633,1533.0
2025-07-15 22:00:00-04:00,38.11000061035156,38.1150016784668,37.994998931884766,38.060001373291016,1055.0
2025-07-15 23:00:00-04:00,38.060001373291016,38.154998779296875,38.060001373291016,38.1349983215332,843.0
2025-07-16 00:00:00-04:00,38.13999938964844,38.15999984741211,38.11000061035156,38.154998779296875,491.0
2025-07-16 01:00:00-04:00,38.15999984741211,38.15999984741211,38.095001220703125,38.1349983215332,917.0
2025-07-16 02:00:00-04:00,38.130001068115234,38.22999954223633,38.119998931884766,38.185001373291016,1901.0
2025-07-16 03:00:00-04:00,38.185001373291016,38.25,38.150001525878906,38.23500061035156,1339.0
2025-07-16 04:00:00-04:00,38.23500061035156,38.290000915527344,38.224998474121094,38.2599983215332,1083.0
2025-07-16 05:00:00-04:00,38.255001068115234,38.345001220703125,38.21500015258789,38.30500030517578,1612.0
2025-07-16 06:00:00-04:00,38.29999923706055,38.334999084472656,38.16999816894531,38.16999816894531,1487.0
2025-07-16 07:00:00-04:00,38.16999816894531,38.2599983215332,38.06999969482422,38.255001068115234,2614.0
2025-07-16 08:00:00-04:00,38.2599983215332,38.29999923706055,38.099998474121094,38.11000061035156,3072.0
2025-07-16 09:00:00-04:00,38.1150016784668,38.22999954223633,37.845001220703125,37.95000076293945,5730.0
2025-07-16 10:00:00-04:00,37.94499969482422,38.04999923706055,37.75,38.025001525878906,7234.0
2025-07-16 11:00:00-04:00,38.025001525878906,38.380001068115234,37.959999084472656,38.060001373291016,14880.0
2025-07-16 12:00:00-04:00,38.05500030517578,38.17499923706055,37.96500015258789,38.03499984741211,3259.0
2025-07-16 13:00:00-04:00,38.03499984741211,38.19499969482422,38.03499984741211,38.15999984741211,2448.0
2025-07-16 14:00:00-04:00,38.165000915527344,38.165000915527344,38.095001220703125,38.1150016784668,1239.0
2025-07-16 15:00:00-04:00,38.11000061035156,38.130001068115234,38.07500076293945,38.099998474121094,1058.0
2025-07-16 16:00:00-04:00,38.099998474121094,38.15999984741211,38.099998474121094,38.125,534.0
2025-07-16 18:00:00-04:00,38.14500045776367,38.185001373291016,38.125,38.13999938964844,0.0
2025-07-16 19:00:00-04:00,38.13999938964844,38.150001525878906,38.099998474121094,38.11000061035156,216.0
2025-07-16 20:00:00-04:00,38.119998931884766,38.130001068115234,38.05500030517578,38.07500076293945,475.0
2025-07-16 21:00:00-04:00,38.064998626708984,38.21500015258789,38.060001373291016,38.20500183105469,1028.0
2025-07-16 22:00:00-04:00,38.20000076293945,38.224998474121094,38.084999084472656,38.18000030517578,906.0
2025-07-16 23:00:00-04:00,38.18000030517578,38.255001068115234,38.13999938964844,38.25,623.0
2025-07-17 00:00:00-04:00,38.244998931884766,38.275001525878906,38.2400016784668,38.26499938964844,436.0
2025-07-17 01:00:00-04:00,38.2599983215332,38.28499984741211,38.19499969482422,38.25,896.0
2025-07-17 02:00:00-04:00,38.255001068115234,38.275001525878906,38.029998779296875,38.125,2796.0
2025-07-17 03:00:00-04:00,38.125,38.165000915527344,37.970001220703125,37.9900016784668,2317.0
2025-07-17 04:00:00-04:00,38.0,38.03499984741211,37.935001373291016,37.95000076293945,1078.0
2025-07-17 05:00:00-04:00,37.95500183105469,38.029998779296875,37.935001373291016,37.98500061035156,801.0
2025-07-17 06:00:00-04:00,37.9900016784668,38.06999969482422,37.95500183105469,37.95500183105469,648.0
2025-07-17 07:00:00-04:00,37.95500183105469,38.095001220703125,37.94499969482422,38.06999969482422,1038.0
2025-07-17 08:00:00-04:00,38.06999969482422,38.125,37.685001373291016,37.78499984741211,6264.0
2025-07-17 09:00:00-04:00,37.79499816894531,38.0099983215332,37.744998931884766,37.95000076293945,6560.0
2025-07-17 10:00:00-04:00,37.95500183105469,38.20500183105469,37.93000030517578,38.185001373291016,4491.0
2025-07-17 11:00:00-04:00,38.189998626708984,38.334999084472656,38.150001525878906,38.27000045776367,4743.0
2025-07-17 12:00:00-04:00,38.27000045776367,38.30500030517578,38.220001220703125,38.244998931884766,1831.0
2025-07-17 13:00:00-04:00,38.244998931884766,38.36000061035156,38.2400016784668,38.35499954223633,2830.0
2025-07-17 14:00:00-04:00,38.35499954223633,38.41999816894531,38.32500076293945,38.400001525878906,1637.0
2025-07-17 15:00:00-04:00,38.400001525878906,38.459999084472656,38.400001525878906,38.45000076293945,1540.0
2025-07-17 16:00:00-04:00,38.45000076293945,38.45500183105469,38.380001068115234,38.435001373291016,787.0
2025-07-17 18:00:00-04:00,38.42499923706055,38.48500061035156,38.404998779296875,38.435001373291016,0.0
2025-07-17 19:00:00-04:00,38.435001373291016,38.44499969482422,38.404998779296875,38.41999816894531,193.0
2025-07-17 20:00:00-04:00,38.41999816894531,38.470001220703125,38.40999984741211,38.46500015258789,689.0
2025-07-17 21:00:00-04:00,38.46500015258789,38.55500030517578,38.38999938964844,38.474998474121094,2670.0
2025-07-17 22:00:00-04:00,38.474998474121094,38.58000183105469,38.435001373291016,38.54999923706055,1413.0
2025-07-17 23:00:00-04:00,38.55500030517578,38.564998626708984,38.45500183105469,38.494998931884766,880.0
2025-07-18 00:00:00-04:00,38.47999954223633,38.5,38.45500183105469,38.45500183105469,461.0
2025-07-18 01:00:00-04:00,38.45500183105469,38.5099983215332,38.40999984741211,38.40999984741211,768.0
2025-07-18 02:00:00-04:00,38.40999984741211,38.744998931884766,38.375,38.720001220703125,3117.0
2025-07-18 03:00:00-04:00,38.71500015258789,38.82500076293945,38.60499954223633,38.70500183105469,2670.0
2025-07-18 04:00:00-04:00,38.70500183105469,38.720001220703125,38.6349983215332,38.64500045776367,913.0
2025-07-18 05:00:00-04:00,38.650001525878906,38.810001373291016,38.64500045776367,38.744998931884766,1346.0
2025-07-18 06:00:00-04:00,38.7400016784668,38.755001068115234,38.630001068115234,38.654998779296875,953.0
2025-07-18 07:00:00-04:00,38.650001525878906,38.77000045776367,38.6150016784668,38.73500061035156,1983.0
2025-07-18 08:00:00-04:00,38.73500061035156,38.80500030517578,38.685001373291016,38.76499938964844,2418.0
2025-07-18 09:00:00-04:00,38.76499938964844,38.77000045776367,38.5099983215332,38.57500076293945,5829.0
2025-07-18 10:00:00-04:00,38.57500076293945,38.68000030517578,38.53499984741211,38.58000183105469,2831.0
2025-07-18 11:00:00-04:00,38.58000183105469,38.61000061035156,38.44499969482422,38.529998779296875,3503.0
2025-07-18 12:00:00-04:00,38.525001525878906,38.57500076293945,38.45500183105469,38.474998474121094,1908.0
2025-07-18 13:00:00-04:00,38.474998474121094,38.53499984741211,38.404998779296875,38.53499984741211,2673.0
2025-07-18 14:00:00-04:00,38.53499984741211,38.55500030517578,38.470001220703125,38.4900016784668,1635.0
2025-07-18 15:00:00-04:00,38.4900016784668,38.5,38.375,38.3849983215332,1059.0
2025-07-18 16:00:00-04:00,38.38999938964844,38.470001220703125,38.3849983215332,38.42499923706055,1042.0
2025-07-20 18:00:00-04:00,38.41999816894531,38.42499923706055,38.3650016784668,38.40999984741211,360.0
2025-07-20 19:00:00-04:00,38.415000915527344,38.46500015258789,38.39500045776367,38.46500015258789,227.0
2025-07-20 20:00:00-04:00,38.470001220703125,38.53499984741211,38.435001373291016,38.525001525878906,852.0
2025-07-20 21:00:00-04:00,38.52000045776367,38.599998474121094,38.48500061035156,38.57500076293945,1366.0
2025-07-20 22:00:00-04:00,38.584999084472656,38.59000015258789,38.51499938964844,38.54499816894531,499.0
2025-07-20 23:00:00-04:00,38.54499816894531,38.63999938964844,38.470001220703125,38.47999954223633,1075.0
2025-07-21 00:00:00-04:00,38.474998474121094,38.55500030517578,38.46500015258789,38.5,396.0
2025-07-21 01:00:00-04:00,38.494998931884766,38.630001068115234,38.494998931884766,38.584999084472656,1068.0
2025-07-21 02:00:00-04:00,38.58000183105469,38.650001525878906,38.54999923706055,38.630001068115234,1430.0
2025-07-21 03:00:00-04:00,38.625,38.84000015258789,38.584999084472656,38.75,2723.0
2025-07-21 04:00:00-04:00,38.75,38.8650016784668,38.70500183105469,38.81999969482422,1992.0
2025-07-21 05:00:00-04:00,38.82500076293945,38.845001220703125,38.72999954223633,38.834999084472656,748.0
2025-07-21 06:00:00-04:00,38.834999084472656,38.915000915527344,38.80500030517578,38.845001220703125,1214.0
2025-07-21 07:00:00-04:00,38.845001220703125,38.93000030517578,38.80500030517578,38.904998779296875,2075.0
2025-07-21 08:00:00-04:00,38.904998779296875,38.935001373291016,38.79999923706055,38.83000183105469,2591.0
2025-07-21 09:00:00-04:00,38.834999084472656,39.314998626708984,38.790000915527344,39.22999954223633,10493.0
2025-07-21 10:00:00-04:00,39.22999954223633,39.380001068115234,39.20500183105469,39.31999969482422,6470.0
2025-07-21 11:00:00-04:00,39.314998626708984,39.34000015258789,39.15999984741211,39.279998779296875,4499.0
2025-07-21 12:00:00-04:00,39.279998779296875,39.375,39.244998931884766,39.349998474121094,2500.0
2025-07-21 13:00:00-04:00,39.349998474121094,39.369998931884766,39.314998626708984,39.334999084472656,2371.0
2025-07-21 14:00:00-04:00,39.33000183105469,39.349998474121094,39.310001373291016,39.334999084472656,1487.0
2025-07-21 15:00:00-04:00,39.33000183105469,39.36000061035156,39.19499969482422,39.209999084472656,2350.0
2025-07-21 16:00:00-04:00,39.209999084472656,39.26499938964844,39.20500183105469,39.2400016784668,948.0
2025-07-21 18:00:00-04:00,39.25,39.290000915527344,39.2400016784668,39.2599983215332,0.0
2025-07-21 19:00:00-04:00,39.275001525878906,39.31999969482422,39.275001525878906,39.29499816894531,408.0
2025-07-21 20:00:00-04:00,39.290000915527344,39.29499816894531,39.189998626708984,39.23500061035156,940.0
2025-07-21 21:00:00-04:00,39.22999954223633,39.29499816894531,39.064998626708984,39.11000061035156,2171.0
2025-07-21 22:00:00-04:00,39.119998931884766,39.20000076293945,39.07500076293945,39.185001373291016,941.0
2025-07-21 23:00:00-04:00,39.17499923706055,39.189998626708984,39.099998474121094,39.17499923706055,558.0
2025-07-22 00:00:00-04:00,39.16999816894531,39.16999816894531,39.040000915527344,39.09000015258789,700.0
2025-07-22 01:00:00-04:00,39.095001220703125,39.150001525878906,39.025001525878906,39.095001220703125,1466.0
2025-07-22 02:00:00-04:00,39.08000183105469,39.23500061035156,39.060001373291016,39.19499969482422,1694.0
2025-07-22 03:00:00-04:00,39.189998626708984,39.25,39.130001068115234,39.150001525878906,1507.0
2025-07-22 04:00:00-04:00,39.150001525878906,39.2400016784668,39.13999938964844,39.17499923706055,1125.0
2025-07-22 05:00:00-04:00,39.18000030517578,39.189998626708984,39.04999923706055,39.150001525878906,1271.0
2025-07-22 06:00:00-04:00,39.154998779296875,39.19499969482422,39.10499954223633,39.119998931884766,926.0
2025-07-22 07:00:00-04:00,39.1150016784668,39.2599983215332,39.084999084472656,39.244998931884766,1975.0
2025-07-22 08:00:00-04:00,39.244998931884766,39.474998474121094,39.21500015258789,39.459999084472656,5937.0
2025-07-22 09:00:00-04:00,39.45500183105469,39.720001220703125,39.1150016784668,39.18000030517578,15772.0
2025-07-22 10:00:00-04:00,39.18000030517578,39.48500061035156,39.08000183105469,39.459999084472656,8003.0
2025-07-22 11:00:00-04:00,39.45500183105469,39.56999969482422,39.435001373291016,39.53499984741211,3929.0
2025-07-22 12:00:00-04:00,39.53499984741211,39.595001220703125,39.505001068115234,39.56999969482422,2261.0
2025-07-22 13:00:00-04:00,39.564998626708984,39.584999084472656,39.48500061035156,39.529998779296875,2274.0
2025-07-22 14:00:00-04:00,39.525001525878906,39.529998779296875,39.474998474121094,39.52000045776367,759.0
2025-07-22 15:00:00-04:00,39.52000045776367,39.630001068115234,39.5099983215332,39.6150016784668,1728.0
2025-07-22 16:00:00-04:00,39.619998931884766,39.66999816894531,39.60499954223633,39.65999984741211,705.0
2025-07-22 18:00:00-04:00,39.64500045776367,39.720001220703125,39.64500045776367,39.65999984741211,0.0
2025-07-22 19:00:00-04:00,39.665000915527344,39.720001220703125,39.599998474121094,39.619998931884766,931.0
2025-07-22 20:00:00-04:00,39.625,39.71500015258789,39.599998474121094,39.60499954223633,1207.0
2025-07-22 21:00:00-04:00,39.60499954223633,39.619998931884766,39.5099983215332,39.560001373291016,2016.0
2025-07-22 22:00:00-04:00,39.56999969482422,39.63999938964844,39.54499816894531,39.59000015258789,857.0
2025-07-22 23:00:00-04:00,39.584999084472656,39.79999923706055,39.564998626708984,39.65999984741211,2536.0
2025-07-23 00:00:00-04:00,39.65999984741211,39.70500183105469,39.630001068115234,39.665000915527344,1036.0
2025-07-23 01:00:00-04:00,39.67499923706055,39.71500015258789,39.57500076293945,39.630001068115234,1882.0
2025-07-23 02:00:00-04:00,39.630001068115234,39.709999084472656,39.56999969482422,39.66999816894531,1865.0
2025-07-23 03:00:00-04:00,39.66999816894531,39.7400016784668,39.505001068115234,39.54499816894531,2088.0
2025-07-23 04:00:00-04:00,39.560001373291016,39.73500061035156,39.529998779296875,39.73500061035156,1734.0
2025-07-23 05:00:00-04:00,39.72999954223633,39.83000183105469,39.70000076293945,39.814998626708984,1830.0
2025-07-23 06:00:00-04:00,39.810001373291016,39.814998626708984,39.71500015258789,39.724998474121094,1219.0
2025-07-23 07:00:00-04:00,39.724998474121094,39.82500076293945,39.68000030517578,39.755001068115234,1603.0
2025-07-23 08:00:00-04:00,39.755001068115234,39.85499954223633,39.709999084472656,39.81999969482422,3298.0
2025-07-23 09:00:00-04:00,39.81999969482422,39.834999084472656,39.58000183105469,39.72999954223633,9480.0
2025-07-23 10:00:00-04:00,39.73500061035156,39.834999084472656,39.60499954223633,39.755001068115234,4728.0
2025-07-23 11:00:00-04:00,39.7599983215332,39.90999984741211,39.58000183105469,39.584999084472656,6947.0
2025-07-23 12:00:00-04:00,39.58000183105469,39.61000061035156,39.334999084472656,39.44499969482422,10390.0
2025-07-23 13:00:00-04:00,39.45000076293945,39.53499984741211,39.435001373291016,39.5099983215332,3734.0
2025-07-23 14:00:00-04:00,39.5099983215332,39.6150016784668,39.5,39.58000183105469,1251.0
2025-07-23 15:00:00-04:00,39.584999084472656,39.625,39.560001373291016,39.59000015258789,1237.0
2025-07-23 16:00:00-04:00,39.595001220703125,39.595001220703125,39.5,39.52000045776367,988.0
2025-07-23 18:00:00-04:00,39.529998779296875,39.57500076293945,39.52000045776367,39.55500030517578,0.0
2025-07-23 19:00:00-04:00,39.54999923706055,39.65999984741211,39.54999923706055,39.57500076293945,611.0
2025-07-23 20:00:00-04:00,39.56999969482422,39.57500076293945,39.505001068115234,39.57500076293945,789.0
2025-07-23 21:00:00-04:00,39.57500076293945,39.584999084472656,39.35499954223633,39.375,2528.0
2025-07-23 22:00:00-04:00,39.3650016784668,39.400001525878906,39.22999954223633,39.34000015258789,2239.0
2025-07-23 23:00:00-04:00,39.334999084472656,39.345001220703125,39.040000915527344,39.26499938964844,3433.0
2025-07-24 00:00:00-04:00,39.26499938964844,39.314998626708984,39.2400016784668,39.279998779296875,798.0
2025-07-24 01:00:00-04:00,39.275001525878906,39.314998626708984,39.19499969482422,39.279998779296875,1666.0
2025-07-24 02:00:00-04:00,39.28499984741211,39.415000915527344,39.17499923706055,39.38999938964844,2762.0
2025-07-24 03:00:00-04:00,39.3849983215332,39.41999816894531,39.275001525878906,39.29499816894531,1809.0
2025-07-24 04:00:00-04:00,39.29999923706055,39.375,39.26499938964844,39.334999084472656,1048.0
2025-07-24 05:00:00-04:00,39.32500076293945,39.3849983215332,39.18000030517578,39.33000183105469,2510.0
2025-07-24 06:00:00-04:00,39.33000183105469,39.36000061035156,39.275001525878906,39.29999923706055,1575.0
2025-07-24 07:00:00-04:00,39.30500030517578,39.375,39.255001068115234,39.35499954223633,1396.0
2025-07-24 08:00:00-04:00,39.35499954223633,39.375,38.93000030517578,39.005001068115234,6578.0
2025-07-24 09:00:00-04:00,39.0,39.345001220703125,38.95000076293945,39.279998779296875,7073.0
2025-07-24 10:00:00-04:00,39.279998779296875,39.349998474121094,39.224998474121094,39.255001068115234,3278.0
2025-07-24 11:00:00-04:00,39.255001068115234,39.30500030517578,39.19499969482422,39.220001220703125,1982.0
2025-07-24 12:00:00-04:00,39.224998474121094,39.255001068115234,39.150001525878906,39.154998779296875,1662.0
2025-07-24 13:00:00-04:00,39.154998779296875,39.275001525878906,39.130001068115234,39.244998931884766,2937.0
2025-07-24 14:00:00-04:00,39.244998931884766,39.34000015258789,39.23500061035156,39.32500076293945,1292.0
2025-07-24 15:00:00-04:00,39.314998626708984,39.375,39.310001373291016,39.314998626708984,885.0
2025-07-24 16:00:00-04:00,39.314998626708984,39.32500076293945,39.255001068115234,39.28499984741211,549.0
2025-07-24 18:00:00-04:00,39.290000915527344,39.35499954223633,39.27000045776367,39.334999084472656,0.0
2025-07-24 19:00:00-04:00,39.33000183105469,39.369998931884766,39.31999969482422,39.345001220703125,183.0
2025-07-24 20:00:00-04:00,39.334999084472656,39.415000915527344,39.31999969482422,39.400001525878906,983.0
2025-07-24 21:00:00-04:00,39.40999984741211,39.505001068115234,39.349998474121094,39.5,1912.0
2025-07-24 22:00:00-04:00,39.5,39.52000045776367,39.3650016784668,39.380001068115234,1547.0
2025-07-24 23:00:00-04:00,39.375,39.400001525878906,39.27000045776367,39.275001525878906,1355.0
2025-07-25 00:00:00-04:00,39.29499816894531,39.31999969482422,39.19499969482422,39.209999084472656,776.0
2025-07-25 01:00:00-04:00,39.21500015258789,39.28499984741211,39.209999084472656,39.224998474121094,1102.0
2025-07-25 02:00:00-04:00,39.220001220703125,39.310001373291016,39.15999984741211,39.29499816894531,2820.0
2025-07-25 03:00:00-04:00,39.290000915527344,39.369998931884766,39.220001220703125,39.2400016784668,1717.0
2025-07-25 04:00:00-04:00,39.23500061035156,39.275001525878906,39.04499816894531,39.06999969482422,2351.0
2025-07-25 05:00:00-04:00,39.07500076293945,39.1349983215332,39.029998779296875,39.03499984741211,966.0
2025-07-25 06:00:00-04:00,39.029998779296875,39.04999923706055,38.92499923706055,38.97999954223633,1581.0
2025-07-25 07:00:00-04:00,38.9900016784668,39.005001068115234,38.8650016784668,38.970001220703125,2520.0
2025-07-25 08:00:00-04:00,38.974998474121094,39.095001220703125,38.95500183105469,39.07500076293945,3217.0
2025-07-25 09:00:00-04:00,39.07500076293945,39.16999816894531,38.974998474121094,39.029998779296875,4442.0
2025-07-25 10:00:00-04:00,39.03499984741211,39.119998931884766,38.525001525878906,38.56999969482422,8478.0
2025-07-25 11:00:00-04:00,38.564998626708984,38.6349983215332,38.099998474121094,38.220001220703125,17251.0
2025-07-25 12:00:00-04:00,38.220001220703125,38.33000183105469,38.189998626708984,38.30500030517578,5282.0
2025-07-25 13:00:00-04:00,38.310001373291016,38.3849983215332,38.310001373291016,38.36000061035156,4254.0
2025-07-25 14:00:00-04:00,38.3650016784668,38.41999816894531,38.35499954223633,38.38999938964844,1475.0
2025-07-25 15:00:00-04:00,38.39500045776367,38.40999984741211,38.310001373291016,38.345001220703125,1872.0
2025-07-25 16:00:00-04:00,38.34000015258789,38.375,38.310001373291016,38.32500076293945,820.0
2025-07-27 20:00:00-04:00,38.345001220703125,38.400001525878906,38.30500030517578,38.38999938964844,521.0
2025-07-27 21:00:00-04:00,38.38999938964844,38.5099983215332,38.36000061035156,38.36000061035156,2241.0
2025-07-27 22:00:00-04:00,38.369998931884766,38.470001220703125,38.36000061035156,38.45500183105469,887.0
2025-07-27 23:00:00-04:00,38.45500183105469,38.45500183105469,38.345001220703125,38.400001525878906,662.0
2025-07-28 00:00:00-04:00,38.400001525878906,38.42499923706055,38.32500076293945,38.33000183105469,582.0
2025-07-28 01:00:00-04:00,38.33000183105469,38.439998626708984,38.32500076293945,38.415000915527344,1430.0
2025-07-28 02:00:00-04:00,38.41999816894531,38.45500183105469,38.3849983215332,38.41999816894531,1792.0
2025-07-28 03:00:00-04:00,38.42499923706055,38.459999084472656,38.29999923706055,38.334999084472656,1160.0
2025-07-28 04:00:00-04:00,38.34000015258789,38.400001525878906,38.27000045776367,38.334999084472656,1301.0
2025-07-28 05:00:00-04:00,38.334999084472656,38.349998474121094,38.255001068115234,38.310001373291016,1106.0
2025-07-28 06:00:00-04:00,38.310001373291016,38.314998626708984,38.23500061035156,38.2400016784668,613.0
2025-07-28 07:00:00-04:00,38.2400016784668,38.310001373291016,38.224998474121094,38.290000915527344,1306.0
2025-07-28 08:00:00-04:00,38.290000915527344,38.34000015258789,38.1349983215332,38.27000045776367,3743.0
2025-07-28 09:00:00-04:00,38.275001525878906,38.380001068115234,38.06999969482422,38.09000015258789,6759.0
2025-07-28 10:00:00-04:00,38.095001220703125,38.36000061035156,38.08000183105469,38.27000045776367,7074.0
2025-07-28 11:00:00-04:00,38.27000045776367,38.375,38.2599983215332,38.345001220703125,2916.0
2025-07-28 12:00:00-04:00,38.345001220703125,38.345001220703125,38.275001525878906,38.28499984741211,2083.0
2025-07-28 13:00:00-04:00,38.28499984741211,38.29499816894531,38.189998626708984,38.220001220703125,4674.0
2025-07-28 14:00:00-04:00,38.220001220703125,38.334999084472656,38.19499969482422,38.28499984741211,1659.0
2025-07-28 15:00:00-04:00,38.314998626708984,38.31999969482422,38.27000045776367,38.314998626708984,966.0
2025-07-28 16:00:00-04:00,38.314998626708984,38.349998474121094,38.310001373291016,38.33000183105469,511.0
2025-07-28 18:00:00-04:00,38.33000183105469,38.34000015258789,38.30500030517578,38.33000183105469,0.0
2025-07-28 19:00:00-04:00,38.32500076293945,38.349998474121094,38.30500030517578,38.345001220703125,224.0
2025-07-28 20:00:00-04:00,38.34000015258789,38.345001220703125,38.244998931884766,38.279998779296875,699.0
2025-07-28 21:00:00-04:00,38.275001525878906,38.31999969482422,38.21500015258789,38.27000045776367,1237.0
2025-07-28 22:00:00-04:00,38.2599983215332,38.349998474121094,38.2400016784668,38.34000015258789,566.0
2025-07-28 23:00:00-04:00,38.334999084472656,38.349998474121094,38.224998474121094,38.2599983215332,689.0
2025-07-29 00:00:00-04:00,38.26499938964844,38.310001373291016,38.22999954223633,38.275001525878906,369.0
2025-07-29 01:00:00-04:00,38.2599983215332,38.334999084472656,38.23500061035156,38.32500076293945,813.0
2025-07-29 02:00:00-04:00,38.32500076293945,38.415000915527344,38.224998474121094,38.22999954223633,2122.0
2025-07-29 03:00:00-04:00,38.23500061035156,38.244998931884766,38.03499984741211,38.20000076293945,2512.0
2025-07-29 04:00:00-04:00,38.20000076293945,38.404998779296875,38.185001373291016,38.345001220703125,1779.0
2025-07-29 05:00:00-04:00,38.345001220703125,38.369998931884766,38.310001373291016,38.34000015258789,908.0
2025-07-29 06:00:00-04:00,38.334999084472656,38.369998931884766,38.279998779296875,38.279998779296875,406.0
2025-07-29 07:00:00-04:00,38.279998779296875,38.30500030517578,38.20000076293945,38.209999084472656,1012.0
2025-07-29 08:00:00-04:00,38.21500015258789,38.314998626708984,38.18000030517578,38.20000076293945,2432.0
2025-07-29 09:00:00-04:00,38.20000076293945,38.32500076293945,38.17499923706055,38.25,6285.0
2025-07-29 10:00:00-04:00,38.244998931884766,38.36000061035156,38.119998931884766,38.310001373291016,4885.0
2025-07-29 11:00:00-04:00,38.310001373291016,38.4900016784668,38.189998626708984,38.310001373291016,7210.0
2025-07-29 12:00:00-04:00,38.310001373291016,38.34000015258789,38.27000045776367,38.314998626708984,1925.0
2025-07-29 13:00:00-04:00,38.314998626708984,38.3650016784668,38.275001525878906,38.35499954223633,2766.0
2025-07-29 14:00:00-04:00,38.349998474121094,38.404998779296875,38.334999084472656,38.349998474121094,897.0
2025-07-29 15:00:00-04:00,38.349998474121094,38.375,38.30500030517578,38.32500076293945,908.0
2025-07-29 16:00:00-04:00,38.33000183105469,38.3849983215332,38.31999969482422,38.3849983215332,565.0
2025-07-29 18:00:00-04:00,38.400001525878906,38.404998779296875,38.36000061035156,38.380001068115234,0.0
2025-07-29 19:00:00-04:00,38.375,38.39500045776367,38.36000061035156,38.3849983215332,150.0
2025-07-29 20:00:00-04:00,38.380001068115234,38.41999816894531,38.369998931884766,38.38999938964844,431.0
2025-07-29 21:00:00-04:00,38.380001068115234,38.380001068115234,38.18000030517578,38.220001220703125,1697.0
2025-07-29 22:00:00-04:00,38.220001220703125,38.36000061035156,38.220001220703125,38.314998626708984,868.0
2025-07-29 23:00:00-04:00,38.310001373291016,38.35499954223633,38.28499984741211,38.35499954223633,366.0
2025-07-30 00:00:00-04:00,38.349998474121094,38.380001068115234,38.314998626708984,38.33000183105469,280.0
2025-07-30 01:00:00-04:00,38.33000183105469,38.380001068115234,38.21500015258789,38.220001220703125,859.0
2025-07-30 02:00:00-04:00,38.220001220703125,38.2599983215332,38.150001525878906,38.189998626708984,2967.0
2025-07-30 03:00:00-04:00,38.185001373291016,38.244998931884766,38.125,38.165000915527344,1377.0
2025-07-30 04:00:00-04:00,38.165000915527344,38.224998474121094,38.125,38.21500015258789,684.0
2025-07-30 05:00:00-04:00,38.20500183105469,38.25,38.16999816894531,38.21500015258789,858.0
2025-07-30 06:00:00-04:00,38.21500015258789,38.220001220703125,38.064998626708984,38.07500076293945,1108.0
2025-07-30 07:00:00-04:00,38.07500076293945,38.095001220703125,37.85499954223633,38.04999923706055,4060.0
2025-07-30 08:00:00-04:00,38.05500030517578,38.06999969482422,37.834999084472656,37.88999938964844,3340.0
2025-07-30 09:00:00-04:00,37.88999938964844,37.900001525878906,37.56999969482422,37.80500030517578,13021.0
2025-07-30 10:00:00-04:00,37.79999923706055,37.86000061035156,37.69499969482422,37.77000045776367,3759.0
2025-07-30 11:00:00-04:00,37.76499938964844,37.78499984741211,37.56999969482422,37.689998626708984,4877.0
2025-07-30 12:00:00-04:00,37.69499969482422,37.779998779296875,37.69499969482422,37.755001068115234,2470.0
2025-07-30 13:00:00-04:00,37.755001068115234,37.775001525878906,37.71500015258789,37.77000045776367,3741.0
2025-07-30 14:00:00-04:00,37.7599983215332,37.845001220703125,37.1150016784668,37.125,13394.0
2025-07-30 15:00:00-04:00,37.1349983215332,37.150001525878906,36.80500030517578,36.95000076293945,8904.0
2025-07-30 16:00:00-04:00,36.95000076293945,37.19499969482422,36.939998626708984,37.17499923706055,1883.0
2025-07-30 18:00:00-04:00,37.15999984741211,37.20000076293945,37.119998931884766,37.13999938964844,0.0
2025-07-30 19:00:00-04:00,37.1349983215332,37.209999084472656,37.125,37.19499969482422,436.0
2025-07-30 20:00:00-04:00,37.189998626708984,37.19499969482422,37.05500030517578,37.18000030517578,1650.0
2025-07-30 21:00:00-04:00,37.18000030517578,37.209999084472656,36.96500015258789,37.005001068115234,4525.0
2025-07-30 22:00:00-04:00,37.0099983215332,37.165000915527344,36.97999954223633,37.165000915527344,1424.0
2025-07-30 23:00:00-04:00,37.165000915527344,37.20000076293945,37.07500076293945,37.16999816894531,1318.0
2025-07-31 00:00:00-04:00,37.165000915527344,37.28499984741211,37.165000915527344,37.2599983215332,1159.0
2025-07-31 01:00:00-04:00,37.244998931884766,37.279998779296875,37.17499923706055,37.2400016784668,1248.0
2025-07-31 02:00:00-04:00,37.22999954223633,37.25,37.125,37.189998626708984,1688.0
2025-07-31 03:00:00-04:00,37.18000030517578,37.18000030517578,36.96500015258789,37.0099983215332,2973.0
2025-07-31 04:00:00-04:00,37.005001068115234,37.06999969482422,36.959999084472656,37.01499938964844,1835.0
2025-07-31 05:00:00-04:00,37.0,37.025001525878906,36.80500030517578,36.83000183105469,1699.0
2025-07-31 06:00:00-04:00,36.82500076293945,36.8650016784668,36.29999923706055,36.3650016784668,8496.0
2025-07-31 07:00:00-04:00,36.369998931884766,36.685001373291016,36.279998779296875,36.67499923706055,6431.0
2025-07-31 08:00:00-04:00,36.66999816894531,36.76499938964844,36.60499954223633,36.724998474121094,4548.0
2025-07-31 09:00:00-04:00,36.724998474121094,36.88999938964844,36.61000061035156,36.63999938964844,7583.0
2025-07-31 10:00:00-04:00,36.6349983215332,36.685001373291016,36.51499938964844,36.53499984741211,5190.0
2025-07-31 11:00:00-04:00,36.529998779296875,36.71500015258789,36.51499938964844,36.69499969482422,4205.0
2025-07-31 12:00:00-04:00,36.69499969482422,36.77000045776367,36.60499954223633,36.724998474121094,2723.0
2025-07-31 13:00:00-04:00,36.724998474121094,36.744998931884766,36.63999938964844,36.685001373291016,2959.0
2025-07-31 14:00:00-04:00,36.689998626708984,36.79499816894531,36.689998626708984,36.77000045776367,1350.0
2025-07-31 15:00:00-04:00,36.775001525878906,36.79499816894531,36.720001220703125,36.77000045776367,1339.0
2025-07-31 16:00:00-04:00,36.77000045776367,36.814998626708984,36.7599983215332,36.790000915527344,788.0
2025-07-31 18:00:00-04:00,36.779998779296875,36.79499816894531,36.744998931884766,36.790000915527344,0.0
2025-07-31 19:00:00-04:00,36.78499984741211,36.82500076293945,36.755001068115234,36.755001068115234,799.0
2025-07-31 20:00:00-04:00,36.75,36.81999969482422,36.720001220703125,36.724998474121094,518.0
2025-07-31 21:00:00-04:00,36.720001220703125,36.790000915527344,36.53499984741211,36.595001220703125,2221.0
2025-07-31 22:00:00-04:00,36.599998474121094,36.724998474121094,36.595001220703125,36.654998779296875,1430.0
2025-07-31 23:00:00-04:00,36.654998779296875,36.744998931884766,36.650001525878906,36.654998779296875,949.0
2025-08-01 00:00:00-04:00,36.64500045776367,36.720001220703125,36.6349983215332,36.64500045776367,639.0
2025-08-01 01:00:00-04:00,36.63999938964844,36.76499938964844,36.630001068115234,36.755001068115234,1066.0
2025-08-01 02:00:00-04:00,36.755001068115234,36.78499984741211,36.630001068115234,36.665000915527344,1773.0
2025-08-01 03:00:00-04:00,36.665000915527344,36.68000030517578,36.44499969482422,36.5099983215332,2023.0
2025-08-01 04:00:00-04:00,36.5099983215332,36.540000915527344,36.400001525878906,36.474998474121094,1805.0
2025-08-01 05:00:00-04:00,36.47999954223633,36.564998626708984,36.439998626708984,36.470001220703125,990.0
2025-08-01 06:00:00-04:00,36.474998474121094,36.56999969482422,36.459999084472656,36.529998779296875,1190.0
2025-08-01 07:00:00-04:00,36.53499984741211,36.595001220703125,36.45000076293945,36.494998931884766,1438.0
2025-08-01 08:00:00-04:00,36.4900016784668,37.10499954223633,36.435001373291016,37.084999084472656,13470.0
2025-08-01 09:00:00-04:00,37.084999084472656,37.2400016784668,36.86000061035156,36.96500015258789,13705.0
2025-08-01 10:00:00-04:00,36.970001220703125,37.130001068115234,36.88999938964844,36.96500015258789,5774.0
2025-08-01 11:00:00-04:00,36.970001220703125,37.01499938964844,36.900001525878906,36.974998474121094,2866.0
2025-08-01 12:00:00-04:00,36.970001220703125,36.98500061035156,36.80500030517578,36.904998779296875,4150.0
2025-08-01 13:00:00-04:00,36.904998779296875,36.94499969482422,36.875,36.91999816894531,3460.0
2025-08-01 14:00:00-04:00,36.91999816894531,37.005001068115234,36.900001525878906,36.915000915527344,1455.0
2025-08-01 15:00:00-04:00,36.91999816894531,37.07500076293945,36.915000915527344,37.025001525878906,1905.0
2025-08-01 16:00:00-04:00,37.03499984741211,37.11000061035156,36.92900085449219,36.92900085449219,1027.0
2025-08-03 18:00:00-04:00,36.92900085449219,37.09000015258789,36.92900085449219,37.04999923706055,460.0
2025-08-03 19:00:00-04:00,37.05500030517578,37.095001220703125,37.029998779296875,37.095001220703125,269.0
2025-08-03 20:00:00-04:00,37.095001220703125,37.095001220703125,36.8849983215332,36.88999938964844,1003.0
2025-08-03 21:00:00-04:00,36.88999938964844,36.93000030517578,36.7599983215332,36.8849983215332,2042.0
2025-08-03 22:00:00-04:00,36.8849983215332,37.04499816894531,36.86000061035156,37.040000915527344,1075.0
2025-08-03 23:00:00-04:00,37.040000915527344,37.13999938964844,37.040000915527344,37.125,1579.0
2025-08-04 00:00:00-04:00,37.125,37.15999984741211,37.119998931884766,37.13999938964844,702.0
2025-08-04 01:00:00-04:00,37.13999938964844,37.19499969482422,37.099998474121094,37.16999816894531,1373.0
2025-08-04 02:00:00-04:00,37.165000915527344,37.29499816894531,37.154998779296875,37.279998779296875,2482.0
2025-08-04 03:00:00-04:00,37.275001525878906,37.31999969482422,37.20000076293945,37.290000915527344,1984.0
2025-08-04 04:00:00-04:00,37.29999923706055,37.44499969482422,37.279998779296875,37.40999984741211,2434.0
2025-08-04 05:00:00-04:00,37.404998779296875,37.42499923706055,37.25,37.26499938964844,1250.0
2025-08-04 06:00:00-04:00,37.26499938964844,37.279998779296875,37.15999984741211,37.19499969482422,1479.0
2025-08-04 07:00:00-04:00,37.19499969482422,37.375,37.17499923706055,37.369998931884766,1860.0
2025-08-04 08:00:00-04:00,37.36000061035156,37.36000061035156,37.165000915527344,37.30500030517578,2353.0
2025-08-04 09:00:00-04:00,37.30500030517578,37.435001373291016,37.2400016784668,37.38999938964844,5884.0
2025-08-04 10:00:00-04:00,37.38999938964844,37.52000045776367,37.29999923706055,37.369998931884766,5249.0
2025-08-04 11:00:00-04:00,37.369998931884766,37.42499923706055,37.29999923706055,37.41999816894531,3079.0
2025-08-04 12:00:00-04:00,37.41999816894531,37.435001373291016,37.345001220703125,37.3650016784668,2545.0
2025-08-04 13:00:00-04:00,37.3650016784668,37.38999938964844,37.30500030517578,37.36000061035156,3235.0
2025-08-04 14:00:00-04:00,37.36000061035156,37.404998779296875,37.345001220703125,37.400001525878906,755.0
2025-08-04 15:00:00-04:00,37.39500045776367,37.43000030517578,37.3849983215332,37.42499923706055,869.0
2025-08-04 16:00:00-04:00,37.42499923706055,37.45500183105469,37.415000915527344,37.44499969482422,571.0
2025-08-04 18:00:00-04:00,37.44499969482422,37.45500183105469,37.415000915527344,37.41999816894531,0.0
2025-08-04 19:00:00-04:00,37.42499923706055,37.470001220703125,37.415000915527344,37.46500015258789,223.0
2025-08-04 20:00:00-04:00,37.459999084472656,37.474998474121094,37.42499923706055,37.44499969482422,640.0
2025-08-04 21:00:00-04:00,37.439998626708984,37.494998931884766,37.400001525878906,37.46500015258789,1183.0
2025-08-04 22:00:00-04:00,37.45500183105469,37.53499984741211,37.44499969482422,37.470001220703125,939.0
2025-08-04 23:00:00-04:00,37.46500015258789,37.494998931884766,37.41999816894531,37.42499923706055,455.0
2025-08-05 00:00:00-04:00,37.435001373291016,37.435001373291016,37.39500045776367,37.404998779296875,301.0
2025-08-05 01:00:00-04:00,37.40999984741211,37.505001068115234,37.345001220703125,37.48500061035156,2526.0
2025-08-05 02:00:00-04:00,37.47999954223633,37.48500061035156,37.349998474121094,37.36000061035156,2873.0
2025-08-05 03:00:00-04:00,37.36000061035156,37.5099983215332,37.36000061035156,37.435001373291016,3062.0
2025-08-05 04:00:00-04:00,37.435001373291016,37.54499816894531,37.38999938964844,37.470001220703125,1371.0
2025-08-05 05:00:00-04:00,37.46500015258789,37.51499938964844,37.349998474121094,37.3650016784668,1188.0
2025-08-05 06:00:00-04:00,37.369998931884766,37.45500183105469,37.32500076293945,37.3650016784668,1299.0
2025-08-05 07:00:00-04:00,37.3650016784668,37.44499969482422,37.345001220703125,37.400001525878906,1111.0
2025-08-05 08:00:00-04:00,37.39500045776367,37.599998474121094,37.39500045776367,37.529998779296875,4568.0
2025-08-05 09:00:00-04:00,37.53499984741211,37.6349983215332,37.470001220703125,37.59000015258789,4593.0
2025-08-05 10:00:00-04:00,37.595001220703125,37.939998626708984,37.52000045776367,37.810001373291016,10991.0
2025-08-05 11:00:00-04:00,37.814998626708984,37.86000061035156,37.72999954223633,37.845001220703125,3833.0
2025-08-05 12:00:00-04:00,37.849998474121094,37.86000061035156,37.76499938964844,37.81999969482422,3021.0
2025-08-05 13:00:00-04:00,37.81999969482422,37.900001525878906,37.810001373291016,37.86000061035156,3084.0
2025-08-05 14:00:00-04:00,37.8650016784668,37.89500045776367,37.845001220703125,37.85499954223633,1100.0
2025-08-05 15:00:00-04:00,37.849998474121094,37.86000061035156,37.80500030517578,37.814998626708984,1138.0
2025-08-05 16:00:00-04:00,37.814998626708984,37.869998931884766,37.80500030517578,37.834999084472656,668.0
2025-08-05 18:00:00-04:00,37.82500076293945,37.84000015258789,37.790000915527344,37.810001373291016,0.0
2025-08-05 19:00:00-04:00,37.80500030517578,37.845001220703125,37.80500030517578,37.84000015258789,161.0
2025-08-05 20:00:00-04:00,37.834999084472656,37.849998474121094,37.79999923706055,37.82500076293945,402.0
2025-08-05 21:00:00-04:00,37.81999969482422,37.904998779296875,37.80500030517578,37.88999938964844,970.0
2025-08-05 22:00:00-04:00,37.8849983215332,37.88999938964844,37.790000915527344,37.83000183105469,675.0
2025-08-05 23:00:00-04:00,37.834999084472656,37.89500045776367,37.834999084472656,37.85499954223633,316.0
2025-08-06 00:00:00-04:00,37.849998474121094,37.8849983215332,37.82500076293945,37.82500076293945,314.0
2025-08-06 01:00:00-04:00,37.83000183105469,37.869998931884766,37.775001525878906,37.834999084472656,1143.0
2025-08-06 02:00:00-04:00,37.834999084472656,37.90999984741211,37.82500076293945,37.86000061035156,1004.0
2025-08-06 03:00:00-04:00,37.85499954223633,37.91999816894531,37.78499984741211,37.89500045776367,1152.0
2025-08-06 04:00:00-04:00,37.88999938964844,37.904998779296875,37.75,37.79999923706055,1366.0
2025-08-06 05:00:00-04:00,37.79999923706055,37.849998474121094,37.67499923706055,37.67499923706055,1123.0
2025-08-06 06:00:00-04:00,37.66999816894531,37.845001220703125,37.665000915527344,37.814998626708984,1506.0
2025-08-06 07:00:00-04:00,37.810001373291016,37.89500045776367,37.77000045776367,37.849998474121094,989.0
2025-08-06 08:00:00-04:00,37.849998474121094,37.849998474121094,37.619998931884766,37.7400016784668,2750.0
2025-08-06 09:00:00-04:00,37.73500061035156,37.959999084472656,37.685001373291016,37.95000076293945,5476.0
2025-08-06 10:00:00-04:00,37.94499969482422,37.9900016784668,37.8849983215332,37.9900016784668,4314.0
2025-08-06 11:00:00-04:00,37.994998931884766,38.02000045776367,37.81999969482422,37.95000076293945,4863.0
2025-08-06 12:00:00-04:00,37.94499969482422,37.974998474121094,37.86000061035156,37.880001068115234,2137.0
2025-08-06 13:00:00-04:00,37.8849983215332,37.98500061035156,37.8849983215332,37.970001220703125,4421.0
2025-08-06 14:00:00-04:00,37.96500015258789,37.98500061035156,37.90999984741211,37.91999816894531,1597.0
2025-08-06 15:00:00-04:00,37.91999816894531,37.970001220703125,37.89500045776367,37.93000030517578,1537.0
2025-08-06 16:00:00-04:00,37.92499923706055,37.95000076293945,37.90999984741211,37.935001373291016,0.0
2025-08-06 18:00:00-04:00,37.935001373291016,38.02000045776367,37.935001373291016,38.005001068115234,465.0
2025-08-06 19:00:00-04:00,38.0099983215332,38.04999923706055,37.974998474121094,37.9900016784668,532.0
2025-08-06 20:00:00-04:00,37.97999954223633,38.05500030517578,37.95500183105469,37.994998931884766,982.0
2025-08-06 21:00:00-04:00,37.994998931884766,38.1150016784668,37.970001220703125,38.09000015258789,1810.0
2025-08-06 22:00:00-04:00,38.09000015258789,38.13999938964844,38.005001068115234,38.1150016784668,2230.0
2025-08-06 23:00:00-04:00,38.11000061035156,38.165000915527344,38.09000015258789,38.154998779296875,872.0
2025-08-07 00:00:00-04:00,38.165000915527344,38.209999084472656,38.154998779296875,38.20000076293945,855.0
2025-08-07 01:00:00-04:00,38.20000076293945,38.224998474121094,38.13999938964844,38.19499969482422,1155.0
2025-08-07 02:00:00-04:00,38.20000076293945,38.32500076293945,38.19499969482422,38.32500076293945,2034.0
2025-08-07 03:00:00-04:00,38.32500076293945,38.4900016784668,38.27000045776367,38.46500015258789,3281.0
2025-08-07 04:00:00-04:00,38.459999084472656,38.474998474121094,38.060001373291016,38.400001525878906,5956.0
2025-08-07 05:00:00-04:00,38.400001525878906,38.529998779296875,38.35499954223633,38.415000915527344,4837.0
2025-08-07 06:00:00-04:00,38.415000915527344,38.7400016784668,38.404998779296875,38.665000915527344,4451.0
2025-08-07 07:00:00-04:00,38.65999984741211,38.7599983215332,38.525001525878906,38.56999969482422,4284.0
2025-08-07 08:00:00-04:00,38.56999969482422,38.73500061035156,38.470001220703125,38.51499938964844,5783.0
2025-08-07 09:00:00-04:00,38.505001068115234,38.709999084472656,38.45500183105469,38.54499816894531,9745.0
2025-08-07 10:00:00-04:00,38.54499816894531,38.560001373291016,38.26499938964844,38.29499816894531,10069.0
2025-08-07 11:00:00-04:00,38.29999923706055,38.38999938964844,38.26499938964844,38.31999969482422,4356.0
2025-08-07 12:00:00-04:00,38.31999969482422,38.400001525878906,38.220001220703125,38.275001525878906,6939.0
2025-08-07 13:00:00-04:00,38.27000045776367,38.32500076293945,38.224998474121094,38.2599983215332,7843.0
2025-08-07 14:00:00-04:00,38.255001068115234,38.279998779296875,38.1349983215332,38.209999084472656,2925.0
2025-08-07 15:00:00-04:00,38.209999084472656,38.459999084472656,38.20000076293945,38.459999084472656,3192.0
2025-08-07 16:00:00-04:00,38.459999084472656,38.529998779296875,38.41999816894531,38.529998779296875,1626.0
2025-08-07 18:00:00-04:00,38.55500030517578,38.77000045776367,38.54499816894531,38.70000076293945,0.0
2025-08-07 19:00:00-04:00,38.70000076293945,38.78499984741211,38.689998626708984,38.70500183105469,1481.0
2025-08-07 20:00:00-04:00,38.70500183105469,38.709999084472656,38.55500030517578,38.57500076293945,2359.0
2025-08-07 21:00:00-04:00,38.57500076293945,38.654998779296875,38.45000076293945,38.505001068115234,4493.0
2025-08-07 22:00:00-04:00,38.52000045776367,38.54499816894531,38.46500015258789,38.474998474121094,883.0
2025-08-07 23:00:00-04:00,38.474998474121094,38.5099983215332,38.42499923706055,38.4900016784668,1218.0
2025-08-08 00:00:00-04:00,38.48500061035156,38.5099983215332,38.45500183105469,38.494998931884766,601.0
2025-08-08 01:00:00-04:00,38.48500061035156,38.564998626708984,38.47999954223633,38.52000045776367,1997.0
2025-08-08 02:00:00-04:00,38.51499938964844,38.654998779296875,38.494998931884766,38.59000015258789,2227.0
2025-08-08 03:00:00-04:00,38.58000183105469,38.875,38.54999923706055,38.724998474121094,3687.0
2025-08-08 04:00:00-04:00,38.72999954223633,38.834999084472656,38.53499984741211,38.599998474121094,2258.0
2025-08-08 05:00:00-04:00,38.60499954223633,38.68000030517578,38.57500076293945,38.619998931884766,1158.0
2025-08-08 06:00:00-04:00,38.6150016784668,38.625,38.42499923706055,38.45500183105469,2087.0
2025-08-08 07:00:00-04:00,38.459999084472656,38.560001373291016,38.41999816894531,38.53499984741211,1948.0
2025-08-08 08:00:00-04:00,38.529998779296875,38.64500045776367,38.380001068115234,38.474998474121094,8045.0
2025-08-08 09:00:00-04:00,38.47999954223633,38.685001373291016,38.43000030517578,38.665000915527344,6273.0
2025-08-08 10:00:00-04:00,38.665000915527344,38.69499969482422,38.48500061035156,38.58000183105469,4698.0
2025-08-08 11:00:00-04:00,38.59000015258789,38.6349983215332,38.459999084472656,38.54499816894531,3485.0
2025-08-08 12:00:00-04:00,38.54499816894531,38.58000183105469,38.4900016784668,38.5099983215332,2955.0
2025-08-08 13:00:00-04:00,38.5099983215332,38.58000183105469,38.33000183105469,38.35499954223633,9517.0
2025-08-08 14:00:00-04:00,38.36000061035156,38.51499938964844,38.18000030517578,38.494998931884766,8315.0
2025-08-08 15:00:00-04:00,38.494998931884766,38.55500030517578,38.41999816894531,38.525001525878906,2706.0
2025-08-08 16:00:00-04:00,38.525001525878906,38.560001373291016,38.470001220703125,38.54199981689453,838.0
2025-08-10 18:00:00-04:00,38.540000915527344,38.560001373291016,38.415000915527344,38.42499923706055,465.0
2025-08-10 19:00:00-04:00,38.43000030517578,38.435001373291016,38.32500076293945,38.33000183105469,339.0
2025-08-10 20:00:00-04:00,38.33000183105469,38.369998931884766,38.255001068115234,38.290000915527344,1582.0
2025-08-10 21:00:00-04:00,38.28499984741211,38.375,38.150001525878906,38.28499984741211,2227.0
2025-08-10 22:00:00-04:00,38.28499984741211,38.29499816894531,38.04999923706055,38.22999954223633,1896.0
2025-08-10 23:00:00-04:00,38.23500061035156,38.255001068115234,38.165000915527344,38.20500183105469,317.0
2025-08-11 00:00:00-04:00,38.20000076293945,38.22999954223633,38.154998779296875,38.165000915527344,232.0
2025-08-11 01:00:00-04:00,38.165000915527344,38.32500076293945,38.150001525878906,38.30500030517578,753.0
2025-08-11 02:00:00-04:00,38.310001373291016,38.334999084472656,38.15999984741211,38.15999984741211,1407.0
2025-08-11 03:00:00-04:00,38.15999984741211,38.16999816894531,37.650001525878906,37.75,6951.0
2025-08-11 04:00:00-04:00,37.755001068115234,38.025001525878906,37.755001068115234,38.0,2755.0
2025-08-11 05:00:00-04:00,37.9900016784668,38.04499816894531,37.915000915527344,37.939998626708984,1091.0
2025-08-11 06:00:00-04:00,37.94499969482422,38.03499984741211,37.82500076293945,37.845001220703125,1325.0
2025-08-11 07:00:00-04:00,37.849998474121094,37.904998779296875,37.7599983215332,37.80500030517578,3475.0
2025-08-11 08:00:00-04:00,37.810001373291016,37.904998779296875,37.6150016784668,37.900001525878906,6186.0
2025-08-11 09:00:00-04:00,37.900001525878906,37.9900016784668,37.83000183105469,37.97999954223633,4857.0
2025-08-11 10:00:00-04:00,37.9900016784668,38.01499938964844,37.79999923706055,37.834999084472656,3551.0
2025-08-11 11:00:00-04:00,37.84000015258789,37.86000061035156,37.76499938964844,37.845001220703125,4299.0
2025-08-11 12:00:00-04:00,37.849998474121094,37.875,37.755001068115234,37.77000045776367,7053.0
2025-08-11 13:00:00-04:00,37.77000045776367,37.85499954223633,37.755001068115234,37.834999084472656,12631.0
2025-08-11 14:00:00-04:00,37.834999084472656,37.85499954223633,37.755001068115234,37.76499938964844,1433.0
2025-08-11 15:00:00-04:00,37.7599983215332,37.775001525878906,37.689998626708984,37.70500183105469,1577.0
2025-08-11 16:00:00-04:00,37.70000076293945,37.720001220703125,37.630001068115234,37.64500045776367,989.0
2025-08-11 18:00:00-04:00,37.630001068115234,37.67499923706055,37.51499938964844,37.66999816894531,0.0
2025-08-11 19:00:00-04:00,37.665000915527344,37.70500183105469,37.65999984741211,37.70000076293945,413.0
2025-08-11 20:00:00-04:00,37.70000076293945,37.84000015258789,37.689998626708984,37.84000015258789,909.0
2025-08-11 21:00:00-04:00,37.834999084472656,37.86000061035156,37.78499984741211,37.834999084472656,1246.0
2025-08-11 22:00:00-04:00,37.834999084472656,37.869998931884766,37.82500076293945,37.85499954223633,685.0
2025-08-11 23:00:00-04:00,37.85499954223633,37.95500183105469,37.849998474121094,37.915000915527344,956.0
2025-08-12 00:00:00-04:00,37.915000915527344,37.95000076293945,37.8650016784668,37.935001373291016,457.0
2025-08-12 01:00:00-04:00,37.939998626708984,37.974998474121094,37.89500045776367,37.96500015258789,875.0
2025-08-12 02:00:00-04:00,37.974998474121094,37.974998474121094,37.875,37.880001068115234,1711.0
2025-08-12 03:00:00-04:00,37.8849983215332,37.935001373291016,37.79499816894531,37.81999969482422,1423.0
2025-08-12 04:00:00-04:00,37.82500076293945,37.849998474121094,37.73500061035156,37.80500030517578,989.0
2025-08-12 05:00:00-04:00,37.810001373291016,37.85499954223633,37.7400016784668,37.7599983215332,629.0
2025-08-12 06:00:00-04:00,37.7599983215332,37.79499816894531,37.70500183105469,37.71500015258789,711.0
2025-08-12 07:00:00-04:00,37.720001220703125,37.79499816894531,37.6150016784668,37.790000915527344,1723.0
2025-08-12 08:00:00-04:00,37.790000915527344,37.8650016784668,37.63999938964844,37.849998474121094,10066.0
2025-08-12 09:00:00-04:00,37.849998474121094,37.89500045776367,37.68000030517578,37.72999954223633,6062.0
2025-08-12 10:00:00-04:00,37.724998474121094,37.78499984741211,37.595001220703125,37.69499969482422,7869.0
2025-08-12 11:00:00-04:00,37.69499969482422,38.09000015258789,37.69499969482422,38.029998779296875,8806.0
2025-08-12 12:00:00-04:00,38.03499984741211,38.04499816894531,37.98500061035156,38.005001068115234,5708.0
2025-08-12 13:00:00-04:00,38.005001068115234,38.029998779296875,37.95000076293945,37.96500015258789,7843.0
2025-08-12 14:00:00-04:00,37.96500015258789,37.994998931884766,37.8849983215332,37.90999984741211,1244.0
2025-08-12 15:00:00-04:00,37.904998779296875,37.93000030517578,37.875,37.91999816894531,975.0
2025-08-12 16:00:00-04:00,37.91999816894531,37.96500015258789,37.904998779296875,37.939998626708984,716.0
2025-08-12 18:00:00-04:00,37.935001373291016,38.0,37.93000030517578,37.96500015258789,0.0
2025-08-12 19:00:00-04:00,37.95500183105469,37.970001220703125,37.935001373291016,37.94499969482422,84.0
2025-08-12 20:00:00-04:00,37.939998626708984,37.939998626708984,37.875,37.88999938964844,717.0
2025-08-12 21:00:00-04:00,37.89500045776367,38.15999984741211,37.89500045776367,38.13999938964844,2649.0
2025-08-12 22:00:00-04:00,38.14500045776367,38.2599983215332,38.09000015258789,38.185001373291016,1793.0
2025-08-12 23:00:00-04:00,38.185001373291016,38.21500015258789,38.18000030517578,38.20000076293945,453.0
2025-08-13 00:00:00-04:00,38.20500183105469,38.2599983215332,38.189998626708984,38.2599983215332,302.0
2025-08-13 01:00:00-04:00,38.255001068115234,38.26499938964844,38.19499969482422,38.25,982.0
2025-08-13 02:00:00-04:00,38.244998931884766,38.439998626708984,38.2400016784668,38.40999984741211,3497.0
2025-08-13 03:00:00-04:00,38.404998779296875,38.474998474121094,38.39500045776367,38.45500183105469,1901.0
2025-08-13 04:00:00-04:00,38.45500183105469,38.58000183105469,38.42499923706055,38.54499816894531,1349.0
2025-08-13 05:00:00-04:00,38.55500030517578,38.64500045776367,38.540000915527344,38.6349983215332,1797.0
2025-08-13 06:00:00-04:00,38.630001068115234,38.67499923706055,38.60499954223633,38.665000915527344,1483.0
2025-08-13 07:00:00-04:00,38.665000915527344,38.709999084472656,38.54499816894531,38.64500045776367,2783.0
2025-08-13 08:00:00-04:00,38.650001525878906,38.68000030517578,38.560001373291016,38.6349983215332,4493.0
2025-08-13 09:00:00-04:00,38.6349983215332,38.64500045776367,38.42499923706055,38.51499938964844,6332.0
2025-08-13 10:00:00-04:00,38.51499938964844,38.63999938964844,38.470001220703125,38.57500076293945,3999.0
2025-08-13 11:00:00-04:00,38.58000183105469,38.584999084472656,38.45000076293945,38.52000045776367,3532.0
2025-08-13 12:00:00-04:00,38.52000045776367,38.54999923706055,38.5,38.54499816894531,3583.0
2025-08-13 13:00:00-04:00,38.54499816894531,38.6349983215332,38.53499984741211,38.54499816894531,6977.0
2025-08-13 14:00:00-04:00,38.540000915527344,38.54999923706055,38.505001068115234,38.529998779296875,1725.0
2025-08-13 15:00:00-04:00,38.525001525878906,38.599998474121094,38.51499938964844,38.58000183105469,1456.0
2025-08-13 16:00:00-04:00,38.58000183105469,38.599998474121094,38.540000915527344,38.54999923706055,557.0
2025-08-13 18:00:00-04:00,38.58000183105469,38.584999084472656,38.55500030517578,38.56999969482422,0.0
2025-08-13 19:00:00-04:00,38.56999969482422,38.58000183105469,38.53499984741211,38.56999969482422,225.0
2025-08-13 20:00:00-04:00,38.56999969482422,38.630001068115234,38.56999969482422,38.619998931884766,861.0
2025-08-13 21:00:00-04:00,38.619998931884766,38.685001373291016,38.56999969482422,38.67499923706055,1307.0
2025-08-13 22:00:00-04:00,38.67499923706055,38.779998779296875,38.665000915527344,38.744998931884766,2147.0
2025-08-13 23:00:00-04:00,38.75,38.75,38.60499954223633,38.6349983215332,1113.0
2025-08-14 00:00:00-04:00,38.630001068115234,38.665000915527344,38.60499954223633,38.63999938964844,450.0
2025-08-14 01:00:00-04:00,38.6349983215332,38.665000915527344,38.48500061035156,38.529998779296875,2112.0
2025-08-14 02:00:00-04:00,38.52000045776367,38.540000915527344,38.435001373291016,38.48500061035156,3064.0
2025-08-14 03:00:00-04:00,38.48500061035156,38.564998626708984,38.310001373291016,38.33000183105469,4010.0
2025-08-14 04:00:00-04:00,38.334999084472656,38.404998779296875,38.25,38.279998779296875,2950.0
2025-08-14 05:00:00-04:00,38.279998779296875,38.439998626708984,38.27000045776367,38.400001525878906,1421.0
2025-08-14 06:00:00-04:00,38.415000915527344,38.4900016784668,38.349998474121094,38.369998931884766,1579.0
2025-08-14 07:00:00-04:00,38.369998931884766,38.415000915527344,38.345001220703125,38.369998931884766,1303.0
2025-08-14 08:00:00-04:00,38.375,38.38999938964844,38.10499954223633,38.2400016784668,4429.0
2025-08-14 09:00:00-04:00,38.244998931884766,38.314998626708984,38.02000045776367,38.04999923706055,6947.0
2025-08-14 10:00:00-04:00,38.04499816894531,38.19499969482422,37.86000061035156,38.0099983215332,8524.0
2025-08-14 11:00:00-04:00,38.025001525878906,38.119998931884766,37.970001220703125,38.10499954223633,2672.0
2025-08-14 12:00:00-04:00,38.10499954223633,38.10499954223633,37.88999938964844,38.02000045776367,3296.0
2025-08-14 13:00:00-04:00,38.01499938964844,38.08000183105469,37.98500061035156,38.029998779296875,2546.0
2025-08-14 14:00:00-04:00,38.029998779296875,38.119998931884766,37.98500061035156,38.095001220703125,1844.0
2025-08-14 15:00:00-04:00,38.095001220703125,38.130001068115234,38.025001525878906,38.040000915527344,963.0
2025-08-14 16:00:00-04:00,38.04499816894531,38.04999923706055,38.0,38.03499984741211,421.0
2025-08-14 18:00:00-04:00,38.029998779296875,38.05500030517578,38.01499938964844,38.03499984741211,0.0
2025-08-14 19:00:00-04:00,38.03499984741211,38.060001373291016,38.02000045776367,38.029998779296875,193.0
2025-08-14 20:00:00-04:00,38.025001525878906,38.04499816894531,38.0,38.040000915527344,372.0
2025-08-14 21:00:00-04:00,38.040000915527344,38.04499816894531,37.88999938964844,38.025001525878906,1151.0
2025-08-14 22:00:00-04:00,38.025001525878906,38.025001525878906,37.834999084472656,37.970001220703125,2086.0
2025-08-14 23:00:00-04:00,37.970001220703125,38.084999084472656,37.96500015258789,38.04499816894531,510.0
2025-08-15 00:00:00-04:00,38.04999923706055,38.07500076293945,38.03499984741211,38.05500030517578,329.0
2025-08-15 01:00:00-04:00,38.060001373291016,38.119998931884766,38.04499816894531,38.09000015258789,589.0
2025-08-15 02:00:00-04:00,38.095001220703125,38.095001220703125,38.0099983215332,38.0099983215332,792.0
2025-08-15 03:00:00-04:00,38.0099983215332,38.095001220703125,37.915000915527344,38.08000183105469,1817.0
2025-08-15 04:00:00-04:00,38.08000183105469,38.10499954223633,37.9900016784668,37.9900016784668,1021.0
2025-08-15 05:00:00-04:00,37.98500061035156,37.98500061035156,37.84000015258789,37.904998779296875,1669.0
2025-08-15 06:00:00-04:00,37.900001525878906,37.900001525878906,37.814998626708984,37.81999969482422,1056.0
2025-08-15 07:00:00-04:00,37.82500076293945,37.92499923706055,37.75,37.875,2262.0
2025-08-15 08:00:00-04:00,37.875,37.970001220703125,37.82500076293945,37.875,3816.0
2025-08-15 09:00:00-04:00,37.875,37.939998626708984,37.724998474121094,37.790000915527344,4001.0
2025-08-15 10:00:00-04:00,37.790000915527344,37.95500183105469,37.77000045776367,37.939998626708984,3086.0
2025-08-15 11:00:00-04:00,37.95000076293945,38.040000915527344,37.939998626708984,38.0099983215332,2407.0
2025-08-15 12:00:00-04:00,38.0099983215332,38.03499984741211,37.915000915527344,37.95000076293945,2689.0
2025-08-15 13:00:00-04:00,37.94499969482422,37.994998931884766,37.900001525878906,37.97999954223633,2103.0
2025-08-15 14:00:00-04:00,37.98500061035156,38.02000045776367,37.959999084472656,37.9900016784668,971.0
2025-08-15 15:00:00-04:00,37.994998931884766,38.029998779296875,37.970001220703125,38.02000045776367,800.0
2025-08-15 16:00:00-04:00,38.02000045776367,38.025001525878906,37.974998474121094,37.974998474121094,560.0
2025-08-17 18:00:00-04:00,38.040000915527344,38.064998626708984,37.900001525878906,37.91999816894531,677.0
2025-08-17 19:00:00-04:00,37.91999816894531,37.93000030517578,37.83000183105469,37.880001068115234,590.0
2025-08-17 20:00:00-04:00,37.8849983215332,38.154998779296875,37.880001068115234,38.11000061035156,1604.0
2025-08-17 21:00:00-04:00,38.10499954223633,38.20500183105469,38.08000183105469,38.189998626708984,2017.0
2025-08-17 22:00:00-04:00,38.189998626708984,38.189998626708984,38.03499984741211,38.05500030517578,1325.0
2025-08-17 23:00:00-04:00,38.05500030517578,38.20500183105469,38.05500030517578,38.185001373291016,828.0
2025-08-18 00:00:00-04:00,38.18000030517578,38.244998931884766,38.16999816894531,38.23500061035156,518.0
2025-08-18 01:00:00-04:00,38.23500061035156,38.25,38.11000061035156,38.150001525878906,1249.0
2025-08-18 02:00:00-04:00,38.154998779296875,38.20000076293945,38.08000183105469,38.19499969482422,934.0
2025-08-18 03:00:00-04:00,38.189998626708984,38.209999084472656,38.095001220703125,38.165000915527344,1177.0
2025-08-18 04:00:00-04:00,38.17499923706055,38.185001373291016,38.040000915527344,38.165000915527344,1455.0
2025-08-18 05:00:00-04:00,38.150001525878906,38.23500061035156,38.13999938964844,38.209999084472656,989.0
2025-08-18 06:00:00-04:00,38.20500183105469,38.2400016784668,38.154998779296875,38.165000915527344,720.0
2025-08-18 07:00:00-04:00,38.16999816894531,38.20000076293945,38.11000061035156,38.119998931884766,968.0
2025-08-18 08:00:00-04:00,38.119998931884766,38.34000015258789,38.099998474121094,38.27000045776367,4037.0
2025-08-18 09:00:00-04:00,38.27000045776367,38.310001373291016,38.08000183105469,38.095001220703125,4580.0
2025-08-18 10:00:00-04:00,38.10499954223633,38.150001525878906,38.040000915527344,38.095001220703125,3379.0
2025-08-18 11:00:00-04:00,38.099998474121094,38.1150016784668,38.04499816894531,38.06999969482422,2020.0
2025-08-18 12:00:00-04:00,38.06999969482422,38.06999969482422,37.98500061035156,37.994998931884766,2887.0
2025-08-18 13:00:00-04:00,38.0,38.07500076293945,37.994998931884766,38.05500030517578,2788.0
2025-08-18 14:00:00-04:00,38.04999923706055,38.06999969482422,38.025001525878906,38.040000915527344,620.0
2025-08-18 15:00:00-04:00,38.04499816894531,38.095001220703125,38.025001525878906,38.09000015258789,602.0
2025-08-18 16:00:00-04:00,38.09000015258789,38.09000015258789,38.060001373291016,38.064998626708984,353.0
2025-08-18 18:00:00-04:00,38.07500076293945,38.130001068115234,38.06999969482422,38.125,0.0
2025-08-18 19:00:00-04:00,38.125,38.1349983215332,38.08000183105469,38.099998474121094,434.0
2025-08-18 20:00:00-04:00,38.099998474121094,38.130001068115234,38.02000045776367,38.099998474121094,554.0
2025-08-18 21:00:00-04:00,38.10499954223633,38.1150016784668,37.875,37.90999984741211,1724.0
2025-08-18 22:00:00-04:00,37.900001525878906,37.91999816894531,37.75,37.90999984741211,1610.0
2025-08-18 23:00:00-04:00,37.90999984741211,37.97999954223633,37.88999938964844,37.94499969482422,392.0
2025-08-19 00:00:00-04:00,37.939998626708984,37.970001220703125,37.915000915527344,37.935001373291016,305.0
2025-08-19 01:00:00-04:00,37.939998626708984,38.01499938964844,37.875,37.8849983215332,890.0
2025-08-19 02:00:00-04:00,37.880001068115234,37.95000076293945,37.85499954223633,37.935001373291016,1225.0
2025-08-19 03:00:00-04:00,37.935001373291016,38.064998626708984,37.8849983215332,38.04499816894531,1116.0
2025-08-19 04:00:00-04:00,38.04999923706055,38.08000183105469,38.005001068115234,38.06999969482422,570.0
2025-08-19 05:00:00-04:00,38.060001373291016,38.130001068115234,38.05500030517578,38.10499954223633,634.0
2025-08-19 06:00:00-04:00,38.11000061035156,38.150001525878906,38.095001220703125,38.11000061035156,592.0
2025-08-19 07:00:00-04:00,38.1150016784668,38.13999938964844,38.084999084472656,38.095001220703125,936.0
2025-08-19 08:00:00-04:00,38.095001220703125,38.20000076293945,38.060001373291016,38.08000183105469,2865.0
2025-08-19 09:00:00-04:00,38.08000183105469,38.08000183105469,37.849998474121094,37.92499923706055,5863.0
2025-08-19 10:00:00-04:00,37.935001373291016,37.96500015258789,37.43000030517578,37.474998474121094,11119.0
2025-08-19 11:00:00-04:00,37.47999954223633,37.51499938964844,37.375,37.435001373291016,7178.0
2025-08-19 12:00:00-04:00,37.435001373291016,37.48500061035156,37.30500030517578,37.30500030517578,3211.0
2025-08-19 13:00:00-04:00,37.310001373291016,37.35499954223633,37.255001068115234,37.310001373291016,4912.0
2025-08-19 14:00:00-04:00,37.30500030517578,37.314998626708984,37.244998931884766,37.27000045776367,1479.0
2025-08-19 15:00:00-04:00,37.26499938964844,37.28499984741211,37.2400016784668,37.2599983215332,1436.0
2025-08-19 16:00:00-04:00,37.2599983215332,37.345001220703125,37.2599983215332,37.33000183105469,824.0
2025-08-19 18:00:00-04:00,37.334999084472656,37.380001068115234,37.310001373291016,37.334999084472656,0.0
2025-08-19 19:00:00-04:00,37.33000183105469,37.345001220703125,37.310001373291016,37.31999969482422,166.0
2025-08-19 20:00:00-04:00,37.314998626708984,37.334999084472656,37.27000045776367,37.314998626708984,608.0
2025-08-19 21:00:00-04:00,37.314998626708984,37.31999969482422,37.1349983215332,37.19499969482422,2130.0
2025-08-19 22:00:00-04:00,37.19499969482422,37.22999954223633,37.1349983215332,37.17499923706055,985.0
2025-08-19 23:00:00-04:00,37.17499923706055,37.20500183105469,37.10499954223633,37.14500045776367,718.0
2025-08-20 00:00:00-04:00,37.14500045776367,37.20500183105469,37.119998931884766,37.125,537.0
2025-08-20 01:00:00-04:00,37.119998931884766,37.189998626708984,37.08000183105469,37.189998626708984,1616.0
2025-08-20 02:00:00-04:00,37.189998626708984,37.20500183105469,37.1150016784668,37.1349983215332,1266.0
2025-08-20 03:00:00-04:00,37.130001068115234,37.185001373291016,37.084999084472656,37.150001525878906,1393.0
2025-08-20 04:00:00-04:00,37.150001525878906,37.154998779296875,36.959999084472656,37.05500030517578,3379.0
2025-08-20 05:00:00-04:00,37.04499816894531,37.11000061035156,37.025001525878906,37.07500076293945,1585.0
2025-08-20 06:00:00-04:00,37.08000183105469,37.09000015258789,36.98500061035156,37.05500030517578,1171.0
2025-08-20 07:00:00-04:00,37.05500030517578,37.20000076293945,37.04999923706055,37.189998626708984,2413.0
2025-08-20 08:00:00-04:00,37.189998626708984,37.650001525878906,37.185001373291016,37.625,8248.0
2025-08-20 09:00:00-04:00,37.625,37.849998474121094,37.60499954223633,37.755001068115234,9165.0
2025-08-20 10:00:00-04:00,37.7599983215332,37.869998931884766,37.67499923706055,37.775001525878906,6125.0
2025-08-20 11:00:00-04:00,37.775001525878906,37.790000915527344,37.720001220703125,37.76499938964844,2472.0
2025-08-20 12:00:00-04:00,37.77000045776367,37.814998626708984,37.77000045776367,37.779998779296875,1931.0
2025-08-20 13:00:00-04:00,37.78499984741211,37.83000183105469,37.76499938964844,37.814998626708984,2647.0
2025-08-20 14:00:00-04:00,37.810001373291016,37.82500076293945,37.77000045776367,37.790000915527344,1150.0
2025-08-20 15:00:00-04:00,37.78499984741211,37.915000915527344,37.779998779296875,37.88999938964844,1647.0
2025-08-20 16:00:00-04:00,37.89500045776367,37.89500045776367,37.8650016784668,37.89500045776367,719.0
2025-08-20 18:00:00-04:00,37.88999938964844,37.95000076293945,37.8849983215332,37.88999938964844,0.0
2025-08-20 19:00:00-04:00,37.88999938964844,37.88999938964844,37.869998931884766,37.880001068115234,181.0
2025-08-20 20:00:00-04:00,37.880001068115234,37.880001068115234,37.83000183105469,37.85499954223633,760.0
2025-08-20 21:00:00-04:00,37.85499954223633,37.98500061035156,37.83000183105469,37.89500045776367,1833.0
2025-08-20 22:00:00-04:00,37.88999938964844,37.935001373291016,37.8650016784668,37.880001068115234,711.0
2025-08-20 23:00:00-04:00,37.880001068115234,37.93000030517578,37.86000061035156,37.8650016784668,378.0
2025-08-21 00:00:00-04:00,37.86000061035156,37.939998626708984,37.86000061035156,37.88999938964844,289.0
2025-08-21 01:00:00-04:00,37.88999938964844,37.939998626708984,37.85499954223633,37.875,1018.0
2025-08-21 02:00:00-04:00,37.869998931884766,37.90999984741211,37.78499984741211,37.79999923706055,1277.0
2025-08-21 03:00:00-04:00,37.80500030517578,37.8849983215332,37.779998779296875,37.814998626708984,1197.0
2025-08-21 04:00:00-04:00,37.814998626708984,37.84000015258789,37.77000045776367,37.79999923706055,657.0
2025-08-21 05:00:00-04:00,37.790000915527344,37.790000915527344,37.709999084472656,37.744998931884766,2345.0
2025-08-21 06:00:00-04:00,37.744998931884766,37.75,37.52000045776367,37.53499984741211,4726.0
2025-08-21 07:00:00-04:00,37.540000915527344,37.7400016784668,37.525001525878906,37.70000076293945,2513.0
2025-08-21 08:00:00-04:00,37.70500183105469,37.97999954223633,37.689998626708984,37.970001220703125,4937.0
2025-08-21 09:00:00-04:00,37.970001220703125,38.08000183105469,37.93000030517578,37.9900016784668,7053.0
2025-08-21 10:00:00-04:00,37.9900016784668,38.189998626708984,37.974998474121094,38.099998474121094,4351.0
2025-08-21 11:00:00-04:00,38.10499954223633,38.189998626708984,38.005001068115234,38.1349983215332,4318.0
2025-08-21 12:00:00-04:00,38.1349983215332,38.1349983215332,38.05500030517578,38.09000015258789,1957.0
2025-08-21 13:00:00-04:00,38.09000015258789,38.119998931884766,38.060001373291016,38.08000183105469,2853.0
2025-08-21 14:00:00-04:00,38.084999084472656,38.09000015258789,38.05500030517578,38.08000183105469,641.0
2025-08-21 15:00:00-04:00,38.08000183105469,38.119998931884766,38.07500076293945,38.09000015258789,1067.0
2025-08-21 16:00:00-04:00,38.09000015258789,38.10499954223633,38.06999969482422,38.099998474121094,366.0
2025-08-21 18:00:00-04:00,38.095001220703125,38.11000061035156,38.064998626708984,38.064998626708984,0.0
2025-08-21 19:00:00-04:00,38.064998626708984,38.06999969482422,38.040000915527344,38.05500030517578,148.0
2025-08-21 20:00:00-04:00,38.04999923706055,38.13999938964844,38.040000915527344,38.125,744.0
2025-08-21 21:00:00-04:00,38.130001068115234,38.130001068115234,38.06999969482422,38.08000183105469,574.0
2025-08-21 22:00:00-04:00,38.08000183105469,38.14500045776367,38.04999923706055,38.064998626708984,677.0
2025-08-21 23:00:00-04:00,38.064998626708984,38.06999969482422,38.03499984741211,38.03499984741211,339.0
2025-08-22 00:00:00-04:00,38.040000915527344,38.064998626708984,38.0,38.01499938964844,378.0
2025-08-22 01:00:00-04:00,38.01499938964844,38.03499984741211,37.959999084472656,38.0,791.0
2025-08-22 02:00:00-04:00,37.994998931884766,37.994998931884766,37.86000061035156,37.939998626708984,1577.0
2025-08-22 03:00:00-04:00,37.94499969482422,38.060001373291016,37.90999984741211,37.970001220703125,1126.0
2025-08-22 04:00:00-04:00,37.970001220703125,38.04999923706055,37.94499969482422,37.98500061035156,1691.0
2025-08-22 05:00:00-04:00,37.9900016784668,38.025001525878906,37.939998626708984,37.96500015258789,1029.0
2025-08-22 06:00:00-04:00,37.96500015258789,38.005001068115234,37.904998779296875,37.974998474121094,824.0
2025-08-22 07:00:00-04:00,37.970001220703125,37.974998474121094,37.85499954223633,37.935001373291016,2316.0
2025-08-22 08:00:00-04:00,37.939998626708984,37.939998626708984,37.67499923706055,37.779998779296875,5992.0
2025-08-22 09:00:00-04:00,37.779998779296875,37.98500061035156,37.75,37.93000030517578,5561.0
2025-08-22 10:00:00-04:00,37.935001373291016,38.9900016784668,37.93000030517578,38.959999084472656,22312.0
2025-08-22 11:00:00-04:00,38.959999084472656,39.08000183105469,38.900001525878906,38.939998626708984,8159.0
2025-08-22 12:00:00-04:00,38.95000076293945,39.040000915527344,38.915000915527344,39.0,3908.0
2025-08-22 13:00:00-04:00,39.0099983215332,39.09000015258789,39.0,39.040000915527344,5573.0
2025-08-22 14:00:00-04:00,39.03499984741211,39.060001373291016,38.994998931884766,39.0099983215332,2158.0
2025-08-22 15:00:00-04:00,39.0099983215332,39.0099983215332,38.85499954223633,38.89500045776367,2693.0
2025-08-22 16:00:00-04:00,38.89500045776367,39.05400085449219,38.834999084472656,39.05400085449219,1517.0
2025-08-24 18:00:00-04:00,38.95500183105469,39.05400085449219,38.845001220703125,38.88999938964844,778.0
2025-08-24 19:00:00-04:00,38.8849983215332,38.900001525878906,38.86000061035156,38.880001068115234,375.0
2025-08-24 20:00:00-04:00,38.875,38.939998626708984,38.82500076293945,38.939998626708984,756.0
2025-08-24 21:00:00-04:00,38.935001373291016,38.96500015258789,38.79499816894531,38.81999969482422,1914.0
2025-08-24 22:00:00-04:00,38.82500076293945,38.8849983215332,38.790000915527344,38.79999923706055,833.0
2025-08-24 23:00:00-04:00,38.79999923706055,38.880001068115234,38.78499984741211,38.86000061035156,502.0
2025-08-25 00:00:00-04:00,38.86000061035156,38.8650016784668,38.810001373291016,38.84000015258789,341.0
2025-08-25 01:00:00-04:00,38.84000015258789,38.875,38.79999923706055,38.86000061035156,1107.0
2025-08-25 02:00:00-04:00,38.86000061035156,38.96500015258789,38.86000061035156,38.95000076293945,1325.0
2025-08-25 03:00:00-04:00,38.94499969482422,38.94499969482422,38.834999084472656,38.849998474121094,783.0
2025-08-25 04:00:00-04:00,38.845001220703125,38.85499954223633,38.775001525878906,38.78499984741211,819.0
2025-08-25 05:00:00-04:00,38.779998779296875,38.779998779296875,38.66999816894531,38.70500183105469,1172.0
2025-08-25 06:00:00-04:00,38.70500183105469,38.7400016784668,38.650001525878906,38.65999984741211,985.0
2025-08-25 07:00:00-04:00,38.654998779296875,38.79499816894531,38.650001525878906,38.790000915527344,1438.0
2025-08-25 08:00:00-04:00,38.790000915527344,38.810001373291016,38.59000015258789,38.65999984741211,3813.0
2025-08-25 09:00:00-04:00,38.665000915527344,38.720001220703125,38.52000045776367,38.71500015258789,5680.0
2025-08-25 10:00:00-04:00,38.71500015258789,38.900001525878906,38.71500015258789,38.82500076293945,5701.0
2025-08-25 11:00:00-04:00,38.82500076293945,38.869998931884766,38.744998931884766,38.779998779296875,3101.0
2025-08-25 12:00:00-04:00,38.775001525878906,38.79999923706055,38.69499969482422,38.72999954223633,2603.0
2025-08-25 13:00:00-04:00,38.72999954223633,38.73500061035156,38.67499923706055,38.685001373291016,2995.0
2025-08-25 14:00:00-04:00,38.685001373291016,38.69499969482422,38.599998474121094,38.60499954223633,1183.0
2025-08-25 15:00:00-04:00,38.61000061035156,38.619998931884766,38.52000045776367,38.525001525878906,1559.0
2025-08-25 16:00:00-04:00,38.525001525878906,38.54999923706055,38.52000045776367,38.54999923706055,1439.0
2025-08-25 18:00:00-04:00,38.560001373291016,38.564998626708984,38.494998931884766,38.540000915527344,0.0
2025-08-25 19:00:00-04:00,38.53499984741211,38.53499984741211,38.36000061035156,38.404998779296875,1075.0
2025-08-25 20:00:00-04:00,38.404998779296875,38.77000045776367,38.33000183105469,38.75,3083.0
2025-08-25 21:00:00-04:00,38.755001068115234,38.77000045776367,38.665000915527344,38.689998626708984,1260.0
2025-08-25 22:00:00-04:00,38.70000076293945,38.775001525878906,38.69499969482422,38.69499969482422,858.0
2025-08-25 23:00:00-04:00,38.69499969482422,38.77000045776367,38.665000915527344,38.72999954223633,609.0
2025-08-26 00:00:00-04:00,38.7400016784668,38.86000061035156,38.72999954223633,38.849998474121094,777.0
2025-08-26 01:00:00-04:00,38.845001220703125,38.849998474121094,38.78499984741211,38.810001373291016,683.0
2025-08-26 02:00:00-04:00,38.810001373291016,38.834999084472656,38.69499969482422,38.709999084472656,1126.0
2025-08-26 03:00:00-04:00,38.709999084472656,38.720001220703125,38.54999923706055,38.66999816894531,1804.0
2025-08-26 04:00:00-04:00,38.65999984741211,38.71500015258789,38.630001068115234,38.630001068115234,1243.0
2025-08-26 05:00:00-04:00,38.6349983215332,38.7400016784668,38.375,38.525001525878906,3819.0
2025-08-26 06:00:00-04:00,38.525001525878906,38.54999923706055,38.380001068115234,38.459999084472656,2788.0
2025-08-26 07:00:00-04:00,38.459999084472656,38.560001373291016,38.40999984741211,38.540000915527344,2662.0
2025-08-26 08:00:00-04:00,38.55500030517578,38.584999084472656,38.400001525878906,38.41999816894531,3230.0
2025-08-26 09:00:00-04:00,38.415000915527344,38.564998626708984,38.3849983215332,38.5099983215332,7559.0
2025-08-26 10:00:00-04:00,38.5099983215332,38.64500045776367,38.47999954223633,38.625,4528.0
2025-08-26 11:00:00-04:00,38.619998931884766,38.720001220703125,38.564998626708984,38.69499969482422,3658.0
2025-08-26 12:00:00-04:00,38.70000076293945,38.70000076293945,38.57500076293945,38.599998474121094,2896.0
2025-08-26 13:00:00-04:00,38.599998474121094,38.619998931884766,38.54499816894531,38.55500030517578,6982.0
2025-08-26 14:00:00-04:00,38.55500030517578,38.584999084472656,38.540000915527344,38.58000183105469,1843.0
2025-08-26 15:00:00-04:00,38.584999084472656,38.63999938964844,38.56999969482422,38.619998931884766,1357.0
2025-08-26 16:00:00-04:00,38.625,38.69499969482422,38.6150016784668,38.69499969482422,691.0
2025-08-26 18:00:00-04:00,38.709999084472656,38.720001220703125,38.64500045776367,38.68000030517578,0.0
2025-08-26 19:00:00-04:00,38.68000030517578,38.69499969482422,38.65999984741211,38.66999816894531,361.0
2025-08-26 20:00:00-04:00,38.665000915527344,38.69499969482422,38.6349983215332,38.650001525878906,430.0
2025-08-26 21:00:00-04:00,38.64500045776367,38.65999984741211,38.584999084472656,38.630001068115234,783.0
2025-08-26 22:00:00-04:00,38.6349983215332,38.64500045776367,38.54499816894531,38.57500076293945,466.0
2025-08-26 23:00:00-04:00,38.584999084472656,38.6150016784668,38.57500076293945,38.58000183105469,199.0
2025-08-27 00:00:00-04:00,38.58000183105469,38.584999084472656,38.494998931884766,38.5,353.0
2025-08-27 01:00:00-04:00,38.505001068115234,38.56999969482422,38.4900016784668,38.5099983215332,1058.0
2025-08-27 02:00:00-04:00,38.51499938964844,38.57500076293945,38.45000076293945,38.46500015258789,762.0
2025-08-27 03:00:00-04:00,38.470001220703125,38.505001068115234,38.38999938964844,38.459999084472656,911.0
2025-08-27 04:00:00-04:00,38.45000076293945,38.474998474121094,38.41999816894531,38.459999084472656,1897.0
2025-08-27 05:00:00-04:00,38.45500183105469,38.45500183105469,38.17499923706055,38.29499816894531,2837.0
2025-08-27 06:00:00-04:00,38.29499816894531,38.400001525878906,38.25,38.334999084472656,3696.0
2025-08-27 07:00:00-04:00,38.334999084472656,38.41999816894531,38.310001373291016,38.3849983215332,1789.0
2025-08-27 08:00:00-04:00,38.3849983215332,38.5,38.31999969482422,38.33000183105469,5662.0
2025-08-27 09:00:00-04:00,38.349998474121094,38.41999816894531,38.16999816894531,38.25,4539.0
2025-08-27 10:00:00-04:00,38.25,38.46500015258789,38.244998931884766,38.46500015258789,4009.0
2025-08-27 11:00:00-04:00,38.45500183105469,38.58000183105469,38.45000076293945,38.564998626708984,1854.0
2025-08-27 12:00:00-04:00,38.57500076293945,38.755001068115234,38.53499984741211,38.73500061035156,2149.0
2025-08-27 13:00:00-04:00,38.72999954223633,38.75,38.689998626708984,38.70500183105469,1567.0
2025-08-27 14:00:00-04:00,38.70500183105469,38.709999084472656,38.63999938964844,38.654998779296875,697.0
2025-08-27 15:00:00-04:00,38.654998779296875,38.70000076293945,38.60499954223633,38.6150016784668,523.0
2025-08-27 16:00:00-04:00,38.6150016784668,38.70500183105469,38.57500076293945,38.689998626708984,0.0
2025-08-27 18:00:00-04:00,38.689998626708984,38.709999084472656,38.68000030517578,38.68000030517578,68.0
2025-08-27 19:00:00-04:00,38.70000076293945,38.724998474121094,38.70000076293945,38.724998474121094,22.0
2025-08-27 20:00:00-04:00,38.724998474121094,38.77000045776367,38.724998474121094,38.76499938964844,43.0
2025-08-27 21:00:00-04:00,38.78499984741211,38.875,38.775001525878906,38.810001373291016,111.0
2025-08-27 22:00:00-04:00,38.85499954223633,38.91999816894531,38.85499954223633,38.915000915527344,57.0
2025-08-27 23:00:00-04:00,38.935001373291016,38.94499969482422,38.83000183105469,38.83000183105469,76.0
2025-08-28 00:00:00-04:00,38.849998474121094,38.8849983215332,38.845001220703125,38.849998474121094,45.0
2025-08-28 01:00:00-04:00,38.86000061035156,38.880001068115234,38.81999969482422,38.86000061035156,126.0
2025-08-28 02:00:00-04:00,38.875,39.005001068115234,38.875,38.9900016784668,332.0
2025-08-28 03:00:00-04:00,38.9900016784668,39.57500076293945,38.95000076293945,39.56999969482422,11754.0
2025-08-28 04:00:00-04:00,39.564998626708984,39.58000183105469,38.974998474121094,39.525001525878906,1806.0
2025-08-28 05:00:00-04:00,39.529998779296875,39.58000183105469,38.98500061035156,39.51499938964844,1094.0
2025-08-28 06:00:00-04:00,39.5099983215332,39.654998779296875,38.939998626708984,39.619998931884766,2767.0
2025-08-28 07:00:00-04:00,39.6150016784668,39.71500015258789,39.06999969482422,39.70000076293945,2841.0
2025-08-28 08:00:00-04:00,39.70000076293945,39.86000061035156,39.150001525878906,39.63999938964844,7196.0
2025-08-28 09:00:00-04:00,39.1349983215332,39.744998931884766,39.0,39.63999938964844,8230.0
2025-08-28 10:00:00-04:00,39.64500045776367,39.685001373291016,39.029998779296875,39.64500045776367,4306.0
2025-08-28 11:00:00-04:00,39.63999938964844,39.650001525878906,38.94499969482422,39.57500076293945,4305.0
2025-08-28 12:00:00-04:00,39.08000183105469,39.7599983215332,39.064998626708984,39.709999084472656,3854.0
2025-08-28 13:00:00-04:00,39.709999084472656,39.775001525878906,39.18000030517578,39.75,2683.0
2025-08-28 14:00:00-04:00,39.75,39.7599983215332,39.23500061035156,39.70500183105469,1104.0
2025-08-28 15:00:00-04:00,39.709999084472656,39.744998931884766,39.65999984741211,39.71500015258789,1487.0
2025-08-28 16:00:00-04:00,39.71500015258789,39.72999954223633,39.189998626708984,39.709999084472656,563.0
2025-08-28 18:00:00-04:00,39.71500015258789,39.724998474121094,39.665000915527344,39.685001373291016,0.0
2025-08-28 19:00:00-04:00,39.685001373291016,39.70000076293945,39.625,39.63999938964844,536.0
2025-08-28 20:00:00-04:00,39.63999938964844,39.69499969482422,39.154998779296875,39.66999816894531,517.0
2025-08-28 21:00:00-04:00,39.67499923706055,39.70500183105469,39.08000183105469,39.6349983215332,1005.0
2025-08-28 22:00:00-04:00,39.6349983215332,39.665000915527344,39.099998474121094,39.54999923706055,887.0
2025-08-28 23:00:00-04:00,39.54499816894531,39.595001220703125,39.040000915527344,39.54499816894531,837.0
2025-08-29 00:00:00-04:00,39.529998779296875,39.55500030517578,39.505001068115234,39.540000915527344,359.0
2025-08-29 01:00:00-04:00,39.540000915527344,39.599998474121094,39.0099983215332,39.59000015258789,1036.0
2025-08-29 02:00:00-04:00,39.595001220703125,39.61000061035156,39.02000045776367,39.5,1434.0
2025-08-29 03:00:00-04:00,39.494998931884766,39.560001373291016,39.0,39.540000915527344,1686.0
2025-08-29 04:00:00-04:00,39.53499984741211,39.595001220703125,39.09000015258789,39.59000015258789,1188.0
2025-08-29 05:00:00-04:00,39.599998474121094,39.619998931884766,39.0,39.5,1156.0
2025-08-29 06:00:00-04:00,39.5,39.540000915527344,39.459999084472656,39.459999084472656,1140.0
2025-08-29 07:00:00-04:00,39.46500015258789,39.5099983215332,38.93000030517578,39.4900016784668,1442.0
2025-08-29 08:00:00-04:00,39.4900016784668,39.595001220703125,38.904998779296875,39.584999084472656,4493.0
2025-08-29 09:00:00-04:00,39.59000015258789,39.720001220703125,39.084999084472656,39.720001220703125,4791.0
2025-08-29 10:00:00-04:00,39.720001220703125,40.040000915527344,39.33000183105469,40.02000045776367,9840.0
2025-08-29 11:00:00-04:00,40.025001525878906,40.46500015258789,39.529998779296875,40.42499923706055,8447.0
2025-08-29 12:00:00-04:00,40.43000030517578,40.834999084472656,39.94499969482422,40.81999969482422,12736.0
2025-08-29 13:00:00-04:00,40.81999969482422,40.845001220703125,40.060001373291016,40.584999084472656,6697.0
2025-08-29 14:00:00-04:00,40.595001220703125,40.66999816894531,39.9900016784668,40.65999984741211,2965.0
2025-08-29 15:00:00-04:00,40.65999984741211,40.86000061035156,40.30500030517578,40.84000015258789,2838.0
2025-08-29 16:00:00-04:00,40.845001220703125,40.845001220703125,40.2599983215332,40.722999572753906,1397.0
2025-08-31 18:00:00-04:00,40.790000915527344,40.790000915527344,40.55500030517578,40.665000915527344,1040.0
2025-08-31 19:00:00-04:00,40.65999984741211,40.7400016784668,40.185001373291016,40.665000915527344,618.0
2025-08-31 20:00:00-04:00,40.665000915527344,40.76499938964844,40.654998779296875,40.709999084472656,896.0
2025-08-31 21:00:00-04:00,40.70500183105469,41.290000915527344,40.42499923706055,41.255001068115234,5280.0
2025-08-31 22:00:00-04:00,41.255001068115234,41.47999954223633,40.685001373291016,41.41999816894531,5268.0
2025-08-31 23:00:00-04:00,41.41999816894531,41.45500183105469,40.900001525878906,41.38999938964844,1696.0
2025-09-02 00:00:00-04:00,41.7599983215332,41.779998779296875,41.69499969482422,41.755001068115234,402.0
2025-09-02 01:00:00-04:00,41.755001068115234,41.790000915527344,41.22999954223633,41.69499969482422,894.0
2025-09-02 02:00:00-04:00,41.689998626708984,41.76499938964844,41.2400016784668,41.67499923706055,3120.0
2025-09-02 03:00:00-04:00,41.68000030517578,41.790000915527344,41.125,41.36000061035156,4047.0
2025-09-02 04:00:00-04:00,41.3650016784668,41.404998779296875,41.16999816894531,41.26499938964844,5233.0
2025-09-02 05:00:00-04:00,41.2599983215332,41.474998474121094,40.900001525878906,41.415000915527344,2348.0
2025-09-02 06:00:00-04:00,41.40999984741211,41.65999984741211,41.3650016784668,41.53499984741211,4997.0
2025-09-02 07:00:00-04:00,41.53499984741211,41.61000061035156,41.46500015258789,41.59000015258789,2069.0
2025-09-02 08:00:00-04:00,41.584999084472656,41.64500045776367,40.709999084472656,41.28499984741211,8980.0
2025-09-02 09:00:00-04:00,41.290000915527344,41.345001220703125,40.584999084472656,41.29999923706055,9815.0
2025-09-02 10:00:00-04:00,41.29999923706055,41.599998474121094,40.880001068115234,41.584999084472656,7539.0
2025-09-02 11:00:00-04:00,41.59000015258789,41.66999816894531,41.099998474121094,41.665000915527344,7264.0
2025-09-02 12:00:00-04:00,41.66999816894531,41.73500061035156,41.11000061035156,41.709999084472656,5308.0
2025-09-02 13:00:00-04:00,41.709999084472656,41.71500015258789,41.54499816894531,41.65999984741211,3446.0
2025-09-02 14:00:00-04:00,41.654998779296875,41.67499923706055,41.095001220703125,41.63999938964844,1738.0
2025-09-02 15:00:00-04:00,41.6349983215332,41.709999084472656,41.630001068115234,41.67499923706055,2019.0
2025-09-02 16:00:00-04:00,41.66999816894531,41.77000045776367,41.165000915527344,41.72999954223633,916.0
2025-09-02 18:00:00-04:00,41.724998474121094,41.724998474121094,41.150001525878906,41.67499923706055,0.0
2025-09-02 19:00:00-04:00,41.68000030517578,41.70500183105469,41.6349983215332,41.65999984741211,298.0
2025-09-02 20:00:00-04:00,41.65999984741211,41.8650016784668,41.26499938964844,41.67499923706055,2039.0
2025-09-02 21:00:00-04:00,41.67499923706055,41.78499984741211,41.599998474121094,41.720001220703125,1891.0
2025-09-02 22:00:00-04:00,41.720001220703125,41.755001068115234,41.55500030517578,41.58000183105469,1693.0
2025-09-02 23:00:00-04:00,41.584999084472656,41.61000061035156,41.540000915527344,41.584999084472656,716.0
2025-09-03 00:00:00-04:00,41.56999969482422,41.66999816894531,41.56999969482422,41.6150016784668,554.0
2025-09-03 01:00:00-04:00,41.619998931884766,41.64500045776367,41.46500015258789,41.5,1364.0
2025-09-03 02:00:00-04:00,41.505001068115234,41.689998626708984,41.13999938964844,41.630001068115234,1386.0
2025-09-03 03:00:00-04:00,41.630001068115234,41.665000915527344,41.01499938964844,41.56999969482422,1682.0
2025-09-03 04:00:00-04:00,41.56999969482422,41.67499923706055,41.54999923706055,41.58000183105469,1215.0
2025-09-03 05:00:00-04:00,41.584999084472656,41.68000030517578,41.58000183105469,41.61000061035156,766.0
2025-09-03 06:00:00-04:00,41.61000061035156,41.69499969482422,41.57500076293945,41.665000915527344,1007.0
2025-09-03 07:00:00-04:00,41.65999984741211,41.790000915527344,41.130001068115234,41.72999954223633,2078.0
2025-09-03 08:00:00-04:00,41.73500061035156,41.78499984741211,41.20000076293945,41.779998779296875,3496.0
2025-09-03 09:00:00-04:00,41.775001525878906,41.915000915527344,41.29999923706055,41.84000015258789,7906.0
2025-09-03 10:00:00-04:00,41.834999084472656,42.290000915527344,41.400001525878906,41.75,15146.0
2025-09-03 11:00:00-04:00,41.755001068115234,42.0,41.73500061035156,41.98500061035156,5099.0
2025-09-03 12:00:00-04:00,41.98500061035156,42.040000915527344,41.470001220703125,42.040000915527344,3761.0
2025-09-03 13:00:00-04:00,42.040000915527344,42.119998931884766,41.540000915527344,42.04999923706055,3170.0
2025-09-03 14:00:00-04:00,42.04999923706055,42.11000061035156,41.76499938964844,41.81999969482422,3922.0
2025-09-03 15:00:00-04:00,41.81999969482422,41.84000015258789,41.220001220703125,41.744998931884766,3015.0
2025-09-03 16:00:00-04:00,41.75,41.86000061035156,41.30500030517578,41.810001373291016,932.0
2025-09-03 18:00:00-04:00,41.810001373291016,41.814998626708984,41.625,41.65999984741211,0.0
2025-09-03 19:00:00-04:00,41.67499923706055,41.689998626708984,41.54999923706055,41.65999984741211,2232.0
2025-09-03 20:00:00-04:00,41.665000915527344,41.83000183105469,41.595001220703125,41.790000915527344,1307.0
2025-09-03 21:00:00-04:00,41.79499816894531,41.810001373291016,41.5,41.54499816894531,2880.0
2025-09-03 22:00:00-04:00,41.55500030517578,41.595001220703125,41.029998779296875,41.279998779296875,4450.0
2025-09-03 23:00:00-04:00,41.28499984741211,41.3650016784668,41.11000061035156,41.314998626708984,2744.0
2025-09-04 00:00:00-04:00,41.29999923706055,41.375,41.29499816894531,41.33000183105469,616.0
2025-09-04 01:00:00-04:00,41.33000183105469,41.435001373291016,41.31999969482422,41.345001220703125,2280.0
2025-09-04 02:00:00-04:00,41.34000015258789,41.564998626708984,41.30500030517578,41.45500183105469,2581.0
2025-09-04 03:00:00-04:00,41.45500183105469,41.55500030517578,41.36000061035156,41.540000915527344,1569.0
2025-09-04 04:00:00-04:00,41.54999923706055,41.584999084472656,41.474998474121094,41.540000915527344,1261.0
2025-09-04 05:00:00-04:00,41.54999923706055,41.64500045776367,41.5,41.54499816894531,1563.0
2025-09-04 06:00:00-04:00,41.54999923706055,41.685001373291016,41.54999923706055,41.564998626708984,1501.0
2025-09-04 07:00:00-04:00,41.564998626708984,41.61000061035156,41.029998779296875,41.4900016784668,2282.0
2025-09-04 08:00:00-04:00,41.48500061035156,41.6349983215332,41.45500183105469,41.55500030517578,2865.0
2025-09-04 09:00:00-04:00,41.55500030517578,41.67499923706055,41.21500015258789,41.275001525878906,8326.0
2025-09-04 10:00:00-04:00,41.27000045776367,41.40999984741211,40.81999969482422,41.3650016784668,10501.0
2025-09-04 11:00:00-04:00,41.369998931884766,41.470001220703125,40.81999969482422,41.44499969482422,2881.0
2025-09-04 12:00:00-04:00,41.45000076293945,41.47999954223633,40.939998626708984,41.45000076293945,2042.0
2025-09-04 13:00:00-04:00,41.44499969482422,41.474998474121094,40.89500045776367,41.20000076293945,4362.0
2025-09-04 14:00:00-04:00,41.20000076293945,41.31999969482422,40.79999923706055,41.275001525878906,2207.0
2025-09-04 15:00:00-04:00,41.275001525878906,41.3650016784668,40.79999923706055,41.334999084472656,1723.0
2025-09-04 16:00:00-04:00,41.34000015258789,41.3650016784668,41.30500030517578,41.314998626708984,637.0
2025-09-04 18:00:00-04:00,41.314998626708984,41.314998626708984,41.20000076293945,41.255001068115234,0.0
2025-09-04 19:00:00-04:00,41.2599983215332,41.415000915527344,41.2599983215332,41.3849983215332,508.0
2025-09-04 20:00:00-04:00,41.38999938964844,41.41999816894531,41.349998474121094,41.415000915527344,668.0
2025-09-04 21:00:00-04:00,41.40999984741211,41.5,41.39500045776367,41.494998931884766,1318.0
2025-09-04 22:00:00-04:00,41.5,41.55500030517578,41.400001525878906,41.51499938964844,1039.0
2025-09-04 23:00:00-04:00,41.51499938964844,41.564998626708984,41.48500061035156,41.560001373291016,584.0
2025-09-05 00:00:00-04:00,41.55500030517578,41.564998626708984,41.525001525878906,41.54999923706055,352.0
2025-09-05 01:00:00-04:00,41.55500030517578,41.6349983215332,41.529998779296875,41.625,716.0
2025-09-05 02:00:00-04:00,41.6349983215332,41.63999938964844,41.47999954223633,41.560001373291016,1311.0
2025-09-05 03:00:00-04:00,41.55500030517578,41.55500030517578,40.959999084472656,41.44499969482422,919.0
2025-09-05 04:00:00-04:00,41.44499969482422,41.45500183105469,41.369998931884766,41.3849983215332,1013.0
2025-09-05 05:00:00-04:00,41.3849983215332,41.435001373291016,41.3650016784668,41.41999816894531,500.0
2025-09-05 06:00:00-04:00,41.415000915527344,41.439998626708984,41.31999969482422,41.33000183105469,745.0
2025-09-05 07:00:00-04:00,41.31999969482422,41.400001525878906,40.869998931884766,41.380001068115234,1734.0
2025-09-05 08:00:00-04:00,41.380001068115234,41.959999084472656,41.15999984741211,41.92499923706055,14108.0
2025-09-05 09:00:00-04:00,41.93000030517578,42.099998474121094,41.68000030517578,41.97999954223633,13007.0
2025-09-05 10:00:00-04:00,41.974998474121094,42.040000915527344,41.275001525878906,41.525001525878906,14558.0
2025-09-05 11:00:00-04:00,41.51499938964844,41.650001525878906,41.3849983215332,41.58000183105469,4788.0
2025-09-05 12:00:00-04:00,41.56999969482422,41.65999984741211,41.099998474121094,41.53499984741211,2963.0
2025-09-05 13:00:00-04:00,41.54499816894531,41.57500076293945,41.45500183105469,41.529998779296875,3347.0
2025-09-05 14:00:00-04:00,41.525001525878906,41.54999923706055,41.44499969482422,41.494998931884766,1350.0
2025-09-05 15:00:00-04:00,41.5,41.529998779296875,41.470001220703125,41.494998931884766,1347.0
2025-09-05 16:00:00-04:00,41.494998931884766,41.551998138427734,41.42499923706055,41.551998138427734,900.0
2025-09-07 18:00:00-04:00,41.46500015258789,41.551998138427734,41.25,41.3849983215332,1300.0
2025-09-07 19:00:00-04:00,41.38999938964844,41.439998626708984,41.349998474121094,41.39500045776367,617.0
2025-09-07 20:00:00-04:00,41.400001525878906,41.435001373291016,41.314998626708984,41.415000915527344,1078.0
2025-09-07 21:00:00-04:00,41.415000915527344,41.56999969482422,41.29499816894531,41.3650016784668,2979.0
2025-09-07 22:00:00-04:00,41.3650016784668,41.38999938964844,41.21500015258789,41.32500076293945,2133.0
2025-09-07 23:00:00-04:00,41.32500076293945,41.345001220703125,41.21500015258789,41.224998474121094,873.0
2025-09-08 00:00:00-04:00,41.22999954223633,41.22999954223633,41.08000183105469,41.119998931884766,1523.0
2025-09-08 01:00:00-04:00,41.1150016784668,41.38999938964844,41.1150016784668,41.380001068115234,1739.0
2025-09-08 02:00:00-04:00,41.380001068115234,41.595001220703125,41.380001068115234,41.59000015258789,2309.0
2025-09-08 03:00:00-04:00,41.584999084472656,41.71500015258789,41.150001525878906,41.66999816894531,2468.0
2025-09-08 04:00:00-04:00,41.66999816894531,41.915000915527344,41.66999816894531,41.845001220703125,4457.0
2025-09-08 05:00:00-04:00,41.84000015258789,41.869998931884766,41.77000045776367,41.869998931884766,1641.0
2025-09-08 06:00:00-04:00,41.869998931884766,41.97999954223633,41.29499816894531,41.78499984741211,3073.0
2025-09-08 07:00:00-04:00,41.78499984741211,41.8849983215332,41.349998474121094,41.875,1819.0
2025-09-08 08:00:00-04:00,41.8650016784668,41.939998626708984,41.775001525878906,41.900001525878906,2860.0
2025-09-08 09:00:00-04:00,41.900001525878906,42.04499816894531,41.54999923706055,42.0,8179.0
2025-09-08 10:00:00-04:00,42.005001068115234,42.26499938964844,41.31999969482422,42.2400016784668,9312.0
2025-09-08 11:00:00-04:00,42.244998931884766,42.35499954223633,41.89500045776367,42.08000183105469,9579.0
2025-09-08 12:00:00-04:00,42.07500076293945,42.099998474121094,41.845001220703125,41.92499923706055,3900.0
2025-09-08 13:00:00-04:00,41.93000030517578,41.939998626708984,41.834999084472656,41.849998474121094,3251.0
2025-09-08 14:00:00-04:00,41.849998474121094,41.97999954223633,41.81999969482422,41.96500015258789,1058.0
2025-09-08 15:00:00-04:00,41.970001220703125,41.974998474121094,41.880001068115234,41.91999816894531,1138.0
2025-09-08 16:00:00-04:00,41.91999816894531,41.94499969482422,41.904998779296875,41.939998626708984,490.0
2025-09-08 18:00:00-04:00,41.935001373291016,41.935001373291016,41.8849983215332,41.915000915527344,0.0
2025-09-08 19:00:00-04:00,41.91999816894531,41.93000030517578,41.904998779296875,41.91999816894531,279.0
2025-09-08 20:00:00-04:00,41.915000915527344,41.95000076293945,41.86000061035156,41.939998626708984,772.0
2025-09-08 21:00:00-04:00,41.939998626708984,41.970001220703125,41.82500076293945,41.95500183105469,1686.0
2025-09-08 22:00:00-04:00,41.95500183105469,42.04999923706055,41.56999969482422,42.005001068115234,1667.0
2025-09-08 23:00:00-04:00,42.0,42.04499816894531,41.849998474121094,41.91999816894531,1395.0
2025-09-09 00:00:00-04:00,41.935001373291016,42.0,41.91999816894531,41.98500061035156,340.0
2025-09-09 01:00:00-04:00,41.97999954223633,42.06999969482422,41.970001220703125,41.9900016784668,1506.0
2025-09-09 02:00:00-04:00,41.98500061035156,42.0099983215332,41.790000915527344,41.88999938964844,3016.0
2025-09-09 03:00:00-04:00,41.88999938964844,41.95000076293945,41.83000183105469,41.91999816894531,1634.0
2025-09-09 04:00:00-04:00,41.90999984741211,41.91999816894531,41.77000045776367,41.814998626708984,1808.0
2025-09-09 05:00:00-04:00,41.81999969482422,41.90999984741211,41.814998626708984,41.900001525878906,1424.0
2025-09-09 06:00:00-04:00,41.900001525878906,41.95000076293945,41.82500076293945,41.834999084472656,797.0
2025-09-09 07:00:00-04:00,41.84000015258789,41.90999984741211,41.685001373291016,41.744998931884766,2112.0
2025-09-09 08:00:00-04:00,41.755001068115234,41.84000015258789,41.15999984741211,41.56999969482422,6519.0
2025-09-09 09:00:00-04:00,41.57500076293945,41.790000915527344,41.439998626708984,41.7599983215332,8979.0
2025-09-09 10:00:00-04:00,41.76499938964844,41.915000915527344,41.22999954223633,41.41999816894531,18289.0
2025-09-09 11:00:00-04:00,41.43000030517578,41.45500183105469,41.20500183105469,41.3650016784668,4843.0
2025-09-09 12:00:00-04:00,41.369998931884766,41.43000030517578,41.310001373291016,41.314998626708984,2339.0
2025-09-09 13:00:00-04:00,41.314998626708984,41.35499954223633,41.275001525878906,41.29499816894531,2381.0
2025-09-09 14:00:00-04:00,41.29499816894531,41.439998626708984,41.290000915527344,41.42499923706055,1804.0
2025-09-09 15:00:00-04:00,41.41999816894531,41.439998626708984,41.349998474121094,41.3650016784668,1252.0
2025-09-09 16:00:00-04:00,41.3650016784668,41.39500045776367,41.334999084472656,41.35499954223633,701.0
2025-09-09 18:00:00-04:00,41.34000015258789,41.404998779296875,41.26499938964844,41.369998931884766,0.0
2025-09-09 19:00:00-04:00,41.369998931884766,41.400001525878906,41.349998474121094,41.36000061035156,426.0
2025-09-09 20:00:00-04:00,41.36000061035156,41.3650016784668,41.209999084472656,41.22999954223633,1237.0
2025-09-09 21:00:00-04:00,41.224998474121094,41.46500015258789,41.14500045776367,41.42499923706055,1919.0
2025-09-09 22:00:00-04:00,41.42499923706055,41.474998474121094,41.404998779296875,41.459999084472656,1067.0
2025-09-09 23:00:00-04:00,41.45500183105469,41.48500061035156,41.44499969482422,41.474998474121094,542.0
2025-09-10 00:00:00-04:00,41.48500061035156,41.54999923706055,41.48500061035156,41.54499816894531,602.0
2025-09-10 01:00:00-04:00,41.54499816894531,41.560001373291016,41.45500183105469,41.505001068115234,748.0
2025-09-10 02:00:00-04:00,41.5099983215332,41.61000061035156,41.47999954223633,41.51499938964844,1678.0
2025-09-10 03:00:00-04:00,41.51499938964844,41.63999938964844,41.435001373291016,41.60499954223633,1569.0
2025-09-10 04:00:00-04:00,41.61000061035156,41.6150016784668,41.51499938964844,41.56999969482422,1014.0
2025-09-10 05:00:00-04:00,41.58000183105469,41.720001220703125,41.525001525878906,41.709999084472656,1525.0
2025-09-10 06:00:00-04:00,41.709999084472656,41.744998931884766,41.6349983215332,41.689998626708984,1413.0
2025-09-10 07:00:00-04:00,41.689998626708984,41.724998474121094,41.56999969482422,41.595001220703125,1861.0
2025-09-10 08:00:00-04:00,41.59000015258789,41.72999954223633,41.45000076293945,41.52000045776367,4598.0
2025-09-10 09:00:00-04:00,41.51499938964844,41.78499984741211,41.459999084472656,41.67499923706055,5325.0
2025-09-10 10:00:00-04:00,41.68000030517578,41.78499984741211,41.58000183105469,41.67499923706055,4065.0
2025-09-10 11:00:00-04:00,41.67499923706055,41.689998626708984,41.5099983215332,41.625,2465.0
2025-09-10 12:00:00-04:00,41.625,41.66999816894531,41.58000183105469,41.61000061035156,1695.0
2025-09-10 13:00:00-04:00,41.61000061035156,41.654998779296875,41.56999969482422,41.650001525878906,2280.0
2025-09-10 14:00:00-04:00,41.650001525878906,41.68000030517578,41.61000061035156,41.630001068115234,1214.0
2025-09-10 15:00:00-04:00,41.6349983215332,41.689998626708984,41.525001525878906,41.65999984741211,1777.0
2025-09-10 16:00:00-04:00,41.65999984741211,41.68000030517578,41.619998931884766,41.650001525878906,593.0
2025-09-10 18:00:00-04:00,41.6349983215332,41.67499923706055,41.619998931884766,41.630001068115234,0.0
2025-09-10 19:00:00-04:00,41.619998931884766,41.724998474121094,41.6150016784668,41.689998626708984,451.0
2025-09-10 20:00:00-04:00,41.69499969482422,41.70000076293945,41.6150016784668,41.625,404.0
2025-09-10 21:00:00-04:00,41.619998931884766,41.72999954223633,41.619998931884766,41.67499923706055,838.0
2025-09-10 22:00:00-04:00,41.689998626708984,41.69499969482422,41.54999923706055,41.584999084472656,1031.0
2025-09-10 23:00:00-04:00,41.58000183105469,41.619998931884766,41.53499984741211,41.54999923706055,685.0
2025-09-11 00:00:00-04:00,41.540000915527344,41.57500076293945,41.4900016784668,41.494998931884766,396.0
2025-09-11 01:00:00-04:00,41.494998931884766,41.5099983215332,41.334999084472656,41.35499954223633,2514.0
2025-09-11 02:00:00-04:00,41.35499954223633,41.6150016784668,41.34000015258789,41.56999969482422,2070.0
2025-09-11 03:00:00-04:00,41.56999969482422,41.56999969482422,41.40999984741211,41.540000915527344,1574.0
2025-09-11 04:00:00-04:00,41.54999923706055,41.560001373291016,41.44499969482422,41.494998931884766,855.0
2025-09-11 05:00:00-04:00,41.494998931884766,41.5,41.33000183105469,41.46500015258789,1745.0
2025-09-11 06:00:00-04:00,41.470001220703125,41.56999969482422,41.45000076293945,41.529998779296875,857.0
2025-09-11 07:00:00-04:00,41.529998779296875,41.61000061035156,41.459999084472656,41.4900016784668,1474.0
2025-09-11 08:00:00-04:00,41.494998931884766,41.775001525878906,41.380001068115234,41.52000045776367,7906.0
2025-09-11 09:00:00-04:00,41.529998779296875,41.8650016784668,41.4900016784668,41.86000061035156,10332.0
2025-09-11 10:00:00-04:00,41.86000061035156,41.9900016784668,41.755001068115234,41.834999084472656,6503.0
2025-09-11 11:00:00-04:00,41.84000015258789,42.060001373291016,41.81999969482422,42.04499816894531,4664.0
2025-09-11 12:00:00-04:00,42.04499816894531,42.33000183105469,42.04499816894531,42.20500183105469,7318.0
2025-09-11 13:00:00-04:00,42.20000076293945,42.209999084472656,42.10499954223633,42.18000030517578,2720.0
2025-09-11 14:00:00-04:00,42.18000030517578,42.19499969482422,42.0,42.04999923706055,2023.0
2025-09-11 15:00:00-04:00,42.04999923706055,42.13999938964844,42.040000915527344,42.10499954223633,1312.0
2025-09-11 16:00:00-04:00,42.10499954223633,42.1349983215332,42.03499984741211,42.064998626708984,774.0
2025-09-11 18:00:00-04:00,42.04999923706055,42.064998626708984,42.01499938964844,42.04999923706055,0.0
2025-09-11 19:00:00-04:00,42.04999923706055,42.064998626708984,42.02000045776367,42.025001525878906,231.0
2025-09-11 20:00:00-04:00,42.02000045776367,42.02000045776367,41.89500045776367,41.959999084472656,1273.0
2025-09-11 21:00:00-04:00,41.96500015258789,42.73500061035156,41.959999084472656,42.65999984741211,6783.0
2025-09-11 22:00:00-04:00,42.65999984741211,42.71500015258789,42.43000030517578,42.46500015258789,3607.0
2025-09-11 23:00:00-04:00,42.459999084472656,42.65999984741211,42.3849983215332,42.650001525878906,1775.0
2025-09-12 00:00:00-04:00,42.650001525878906,42.724998474121094,42.619998931884766,42.66999816894531,1012.0
2025-09-12 01:00:00-04:00,42.66999816894531,42.77000045776367,42.625,42.68000030517578,1874.0
2025-09-12 02:00:00-04:00,42.68000030517578,42.69499969482422,42.529998779296875,42.61000061035156,2601.0
2025-09-12 03:00:00-04:00,42.6150016784668,42.75,42.584999084472656,42.720001220703125,1905.0
2025-09-12 04:00:00-04:00,42.70500183105469,43.040000915527344,42.665000915527344,42.79499816894531,5411.0
2025-09-12 05:00:00-04:00,42.79999923706055,42.959999084472656,42.755001068115234,42.939998626708984,3735.0
2025-09-12 06:00:00-04:00,42.94499969482422,42.95000076293945,42.79499816894531,42.85499954223633,1815.0
2025-09-12 07:00:00-04:00,42.85499954223633,42.89500045776367,42.744998931884766,42.80500030517578,2227.0
2025-09-12 08:00:00-04:00,42.810001373291016,42.834999084472656,42.334999084472656,42.5099983215332,9118.0
2025-09-12 09:00:00-04:00,42.5099983215332,42.78499984741211,42.42499923706055,42.7599983215332,8559.0
2025-09-12 10:00:00-04:00,42.7599983215332,42.869998931884766,42.67499923706055,42.724998474121094,5254.0
2025-09-12 11:00:00-04:00,42.724998474121094,42.75,42.61000061035156,42.67499923706055,2913.0
2025-09-12 12:00:00-04:00,42.66999816894531,42.810001373291016,42.64500045776367,42.775001525878906,2483.0
2025-09-12 13:00:00-04:00,42.77000045776367,42.880001068115234,42.77000045776367,42.83000183105469,3599.0
2025-09-12 14:00:00-04:00,42.834999084472656,42.834999084472656,42.78499984741211,42.80500030517578,1087.0
2025-09-12 15:00:00-04:00,42.810001373291016,42.810001373291016,42.71500015258789,42.72999954223633,1427.0
2025-09-12 16:00:00-04:00,42.72999954223633,42.7400016784668,42.630001068115234,42.68000030517578,1322.0
2025-09-14 18:00:00-04:00,42.724998474121094,42.83000183105469,42.60499954223633,42.650001525878906,593.0
2025-09-14 19:00:00-04:00,42.650001525878906,42.650001525878906,42.56999969482422,42.61000061035156,487.0
2025-09-14 20:00:00-04:00,42.61000061035156,42.720001220703125,42.595001220703125,42.654998779296875,759.0
2025-09-14 21:00:00-04:00,42.665000915527344,42.689998626708984,42.5,42.6150016784668,2226.0
2025-09-14 22:00:00-04:00,42.6150016784668,42.72999954223633,42.595001220703125,42.654998779296875,1166.0
2025-09-14 23:00:00-04:00,42.65999984741211,42.84000015258789,42.654998779296875,42.82500076293945,1129.0
2025-09-15 00:00:00-04:00,42.83000183105469,42.83000183105469,42.76499938964844,42.80500030517578,427.0
2025-09-15 01:00:00-04:00,42.810001373291016,42.810001373291016,42.68000030517578,42.720001220703125,929.0
2025-09-15 02:00:00-04:00,42.724998474121094,42.72999954223633,42.60499954223633,42.625,1167.0
2025-09-15 03:00:00-04:00,42.619998931884766,42.75,42.560001373291016,42.724998474121094,2232.0
2025-09-15 04:00:00-04:00,42.724998474121094,42.72999954223633,42.60499954223633,42.68000030517578,1636.0
2025-09-15 05:00:00-04:00,42.68000030517578,42.685001373291016,42.560001373291016,42.64500045776367,1116.0
2025-09-15 06:00:00-04:00,42.63999938964844,42.7400016784668,42.6349983215332,42.650001525878906,724.0
2025-09-15 07:00:00-04:00,42.665000915527344,42.7400016784668,42.650001525878906,42.66999816894531,996.0
2025-09-15 08:00:00-04:00,42.67499923706055,42.70000076293945,42.470001220703125,42.64500045776367,4173.0
2025-09-15 09:00:00-04:00,42.6349983215332,42.7400016784668,42.54499816894531,42.64500045776367,4616.0
2025-09-15 10:00:00-04:00,42.654998779296875,42.92499923706055,42.60499954223633,42.92499923706055,3861.0
2025-09-15 11:00:00-04:00,42.92499923706055,43.125,42.869998931884766,43.06999969482422,6629.0
2025-09-15 12:00:00-04:00,43.06999969482422,43.1150016784668,42.91999816894531,42.93000030517578,4807.0
2025-09-15 13:00:00-04:00,42.935001373291016,43.07500076293945,42.915000915527344,43.06999969482422,2605.0
2025-09-15 14:00:00-04:00,43.06999969482422,43.095001220703125,43.0,43.06999969482422,1416.0
2025-09-15 15:00:00-04:00,43.06999969482422,43.17499923706055,43.064998626708984,43.13999938964844,1830.0
2025-09-15 16:00:00-04:00,43.1349983215332,43.23500061035156,43.1150016784668,43.189998626708984,0.0
2025-09-15 18:00:00-04:00,43.20000076293945,43.20500183105469,43.1150016784668,43.119998931884766,702.0
2025-09-15 19:00:00-04:00,43.119998931884766,43.15999984741211,43.119998931884766,43.125,306.0
2025-09-15 20:00:00-04:00,43.119998931884766,43.20000076293945,43.11000061035156,43.185001373291016,830.0
2025-09-15 21:00:00-04:00,43.185001373291016,43.22999954223633,43.11000061035156,43.16999816894531,1911.0
2025-09-15 22:00:00-04:00,43.17499923706055,43.23500061035156,42.875,42.90999984741211,3495.0
2025-09-15 23:00:00-04:00,42.875,43.04999923706055,42.875,43.03499984741211,1488.0
2025-09-16 00:00:00-04:00,43.04999923706055,43.10499954223633,43.029998779296875,43.095001220703125,449.0
2025-09-16 01:00:00-04:00,43.09000015258789,43.125,43.025001525878906,43.09000015258789,1416.0
2025-09-16 02:00:00-04:00,43.099998474121094,43.209999084472656,43.095001220703125,43.17499923706055,2098.0
2025-09-16 03:00:00-04:00,43.16999816894531,43.189998626708984,43.095001220703125,43.16999816894531,1382.0
2025-09-16 04:00:00-04:00,43.16999816894531,43.209999084472656,43.10499954223633,43.1349983215332,1241.0
2025-09-16 05:00:00-04:00,43.130001068115234,43.22999954223633,43.130001068115234,43.189998626708984,975.0
2025-09-16 06:00:00-04:00,43.18000030517578,43.20000076293945,43.14500045776367,43.14500045776367,873.0
2025-09-16 07:00:00-04:00,43.150001525878906,43.349998474121094,43.14500045776367,43.29999923706055,2385.0
2025-09-16 08:00:00-04:00,43.29999923706055,43.33000183105469,43.21500015258789,43.279998779296875,3749.0
2025-09-16 09:00:00-04:00,43.28499984741211,43.435001373291016,43.185001373291016,43.255001068115234,6475.0
2025-09-16 10:00:00-04:00,43.255001068115234,43.3650016784668,42.959999084472656,42.994998931884766,11989.0
2025-09-16 11:00:00-04:00,42.9900016784668,43.025001525878906,42.6150016784668,42.790000915527344,11479.0
2025-09-16 12:00:00-04:00,42.790000915527344,42.94499969482422,42.76499938964844,42.92499923706055,3873.0
2025-09-16 13:00:00-04:00,42.92499923706055,42.94499969482422,42.77000045776367,42.84000015258789,3065.0
2025-09-16 14:00:00-04:00,42.84000015258789,42.880001068115234,42.790000915527344,42.875,1552.0
2025-09-16 15:00:00-04:00,42.869998931884766,42.89500045776367,42.834999084472656,42.845001220703125,1347.0
2025-09-16 16:00:00-04:00,42.845001220703125,42.91999816894531,42.845001220703125,42.880001068115234,631.0
2025-09-16 18:00:00-04:00,42.875,42.939998626708984,42.8650016784668,42.93000030517578,0.0
2025-09-16 19:00:00-04:00,42.93000030517578,42.939998626708984,42.915000915527344,42.935001373291016,178.0
2025-09-16 20:00:00-04:00,42.93000030517578,42.935001373291016,42.82500076293945,42.83000183105469,520.0
2025-09-16 21:00:00-04:00,42.834999084472656,42.880001068115234,42.334999084472656,42.474998474121094,5687.0
2025-09-16 22:00:00-04:00,42.470001220703125,42.47999954223633,42.21500015258789,42.404998779296875,3639.0
2025-09-16 23:00:00-04:00,42.404998779296875,42.42499923706055,42.29499816894531,42.400001525878906,1399.0
2025-09-17 00:00:00-04:00,42.404998779296875,42.435001373291016,42.3650016784668,42.380001068115234,642.0
2025-09-17 01:00:00-04:00,42.3849983215332,42.4900016784668,42.150001525878906,42.334999084472656,3663.0
2025-09-17 02:00:00-04:00,42.34000015258789,42.349998474121094,42.16999816894531,42.224998474121094,2047.0
2025-09-17 03:00:00-04:00,42.220001220703125,42.27000045776367,42.05500030517578,42.150001525878906,2814.0
2025-09-17 04:00:00-04:00,42.150001525878906,42.154998779296875,41.91999816894531,41.98500061035156,3199.0
2025-09-17 05:00:00-04:00,41.97999954223633,42.04499816894531,41.93000030517578,41.935001373291016,1726.0
2025-09-17 06:00:00-04:00,41.935001373291016,41.97999954223633,41.54999923706055,41.689998626708984,5375.0
2025-09-17 07:00:00-04:00,41.69499969482422,41.939998626708984,41.6150016784668,41.915000915527344,3603.0
2025-09-17 08:00:00-04:00,41.90999984741211,42.21500015258789,41.904998779296875,42.20000076293945,5896.0
2025-09-17 09:00:00-04:00,42.20500183105469,42.380001068115234,42.05500030517578,42.375,6485.0
2025-09-17 10:00:00-04:00,42.375,42.400001525878906,42.27000045776367,42.375,4260.0
2025-09-17 11:00:00-04:00,42.375,42.380001068115234,42.29999923706055,42.349998474121094,2686.0
2025-09-17 12:00:00-04:00,42.35499954223633,42.3849983215332,42.2599983215332,42.279998779296875,2143.0
2025-09-17 13:00:00-04:00,42.28499984741211,42.29999923706055,42.060001373291016,42.244998931884766,4957.0
2025-09-17 14:00:00-04:00,42.25,42.6349983215332,41.47999954223633,41.73500061035156,20653.0
2025-09-17 15:00:00-04:00,41.73500061035156,42.060001373291016,41.60499954223633,41.95500183105469,6222.0
2025-09-17 16:00:00-04:00,41.96500015258789,42.02000045776367,41.915000915527344,41.994998931884766,1017.0
2025-09-17 18:00:00-04:00,42.0,42.04999923706055,41.95500183105469,42.04499816894531,0.0
2025-09-17 19:00:00-04:00,42.04999923706055,42.23500061035156,42.040000915527344,42.17499923706055,1230.0
2025-09-17 20:00:00-04:00,42.189998626708984,42.19499969482422,42.029998779296875,42.10499954223633,1479.0
2025-09-17 21:00:00-04:00,42.10499954223633,42.2400016784668,41.81999969482422,41.900001525878906,3651.0
2025-09-17 22:00:00-04:00,41.900001525878906,42.07500076293945,41.88999938964844,42.01499938964844,1292.0
2025-09-17 23:00:00-04:00,42.01499938964844,42.029998779296875,41.84000015258789,41.845001220703125,895.0
2025-09-18 00:00:00-04:00,41.845001220703125,41.845001220703125,41.65999984741211,41.720001220703125,1350.0
2025-09-18 01:00:00-04:00,41.720001220703125,41.86000061035156,41.630001068115234,41.66999816894531,2303.0
2025-09-18 02:00:00-04:00,41.68000030517578,41.744998931884766,41.494998931884766,41.70500183105469,4309.0
2025-09-18 03:00:00-04:00,41.70500183105469,42.13999938964844,41.70000076293945,42.01499938964844,2996.0
2025-09-18 04:00:00-04:00,42.02000045776367,42.17499923706055,41.974998474121094,42.13999938964844,2134.0
2025-09-18 05:00:00-04:00,42.13999938964844,42.25,42.10499954223633,42.189998626708984,2392.0
2025-09-18 06:00:00-04:00,42.189998626708984,42.20000076293945,42.09000015258789,42.095001220703125,2532.0
2025-09-18 07:00:00-04:00,42.099998474121094,42.189998626708984,42.060001373291016,42.099998474121094,2673.0
2025-09-18 08:00:00-04:00,42.099998474121094,42.22999954223633,42.07500076293945,42.14500045776367,3779.0
2025-09-18 09:00:00-04:00,42.14500045776367,42.14500045776367,41.71500015258789,41.935001373291016,9700.0
2025-09-18 10:00:00-04:00,41.935001373291016,42.060001373291016,41.875,41.875,4712.0
2025-09-18 11:00:00-04:00,41.880001068115234,42.01499938964844,41.849998474121094,42.0099983215332,2409.0
2025-09-18 12:00:00-04:00,42.0099983215332,42.130001068115234,42.0,42.125,2464.0
2025-09-18 13:00:00-04:00,42.125,42.15999984741211,42.08000183105469,42.09000015258789,2407.0
2025-09-18 14:00:00-04:00,42.09000015258789,42.1150016784668,42.060001373291016,42.10499954223633,706.0
2025-09-18 15:00:00-04:00,42.099998474121094,42.150001525878906,42.06999969482422,42.125,1224.0
2025-09-18 16:00:00-04:00,42.125,42.130001068115234,42.09000015258789,42.099998474121094,401.0
2025-09-18 18:00:00-04:00,42.1150016784668,42.1150016784668,42.03499984741211,42.04999923706055,0.0
2025-09-18 19:00:00-04:00,42.05500030517578,42.08000183105469,41.97999954223633,42.005001068115234,403.0
2025-09-18 20:00:00-04:00,42.0099983215332,42.04499816894531,41.93000030517578,41.97999954223633,631.0
2025-09-18 21:00:00-04:00,41.970001220703125,42.21500015258789,41.96500015258789,42.04499816894531,3426.0
2025-09-18 22:00:00-04:00,42.04999923706055,42.54499816894531,42.040000915527344,42.38999938964844,5042.0
2025-09-18 23:00:00-04:00,42.39500045776367,42.599998474121094,42.33000183105469,42.57500076293945,1996.0
2025-09-19 00:00:00-04:00,42.56999969482422,42.65999984741211,42.564998626708984,42.63999938964844,1427.0
2025-09-19 01:00:00-04:00,42.6349983215332,42.685001373291016,42.435001373291016,42.470001220703125,2407.0
2025-09-19 02:00:00-04:00,42.459999084472656,42.5,42.29499816894531,42.334999084472656,2502.0
2025-09-19 03:00:00-04:00,42.33000183105469,42.415000915527344,42.17499923706055,42.33000183105469,2227.0
2025-09-19 04:00:00-04:00,42.33000183105469,42.5,42.29499816894531,42.48500061035156,1767.0
2025-09-19 05:00:00-04:00,42.4900016784668,42.53499984741211,42.45000076293945,42.494998931884766,1441.0
2025-09-19 06:00:00-04:00,42.4900016784668,42.54499816894531,42.45500183105469,42.470001220703125,761.0
2025-09-19 07:00:00-04:00,42.470001220703125,42.4900016784668,42.25,42.30500030517578,1938.0
2025-09-19 08:00:00-04:00,42.30500030517578,42.369998931884766,42.185001373291016,42.28499984741211,2766.0
2025-09-19 09:00:00-04:00,42.290000915527344,42.54499816894531,42.224998474121094,42.53499984741211,7134.0
2025-09-19 10:00:00-04:00,42.540000915527344,43.0099983215332,42.52000045776367,42.915000915527344,12249.0
2025-09-19 11:00:00-04:00,42.915000915527344,43.10499954223633,42.900001525878906,43.03499984741211,8497.0
2025-09-19 12:00:00-04:00,43.03499984741211,43.05500030517578,42.94499969482422,42.974998474121094,2895.0
2025-09-19 13:00:00-04:00,42.970001220703125,43.2599983215332,42.93000030517578,43.244998931884766,5800.0
2025-09-19 14:00:00-04:00,43.2400016784668,43.3849983215332,43.224998474121094,43.369998931884766,4519.0
2025-09-19 15:00:00-04:00,43.3650016784668,43.404998779296875,43.244998931884766,43.314998626708984,2745.0
2025-09-19 16:00:00-04:00,43.310001373291016,43.400001525878906,43.26499938964844,43.3650016784668,1149.0
2025-09-22 00:00:00-04:00,42.95199966430664,43.880001068115234,42.95199966430664,43.85499954223633,0.0
2025-09-22 01:00:00-04:00,43.85499954223633,44.01499938964844,43.85499954223633,43.939998626708984,2240.0
2025-09-22 02:00:00-04:00,43.939998626708984,44.10499954223633,43.8849983215332,44.04499816894531,3737.0
2025-09-22 03:00:00-04:00,44.04499816894531,44.04499816894531,43.76499938964844,43.875,4638.0
2025-09-22 04:00:00-04:00,43.86000061035156,43.9900016784668,43.849998474121094,43.970001220703125,1826.0
2025-09-22 05:00:00-04:00,43.96500015258789,44.05500030517578,43.915000915527344,43.98500061035156,2022.0
2025-09-22 06:00:00-04:00,43.98500061035156,44.099998474121094,43.939998626708984,44.04999923706055,2242.0
2025-09-22 07:00:00-04:00,44.04999923706055,44.1150016784668,43.86000061035156,43.94499969482422,3183.0
2025-09-22 08:00:00-04:00,43.95000076293945,43.959999084472656,43.619998931884766,43.82500076293945,7788.0
2025-09-22 09:00:00-04:00,43.82500076293945,43.8650016784668,43.59000015258789,43.810001373291016,7412.0
2025-09-22 10:00:00-04:00,43.810001373291016,44.064998626708984,43.77000045776367,44.04999923706055,6009.0
2025-09-22 11:00:00-04:00,44.05500030517578,44.189998626708984,44.029998779296875,44.150001525878906,5941.0
2025-09-22 12:00:00-04:00,44.14500045776367,44.275001525878906,44.125,44.20000076293945,4371.0
2025-09-22 13:00:00-04:00,44.20500183105469,44.34000015258789,44.18000030517578,44.334999084472656,4589.0
2025-09-22 14:00:00-04:00,44.33000183105469,44.38999938964844,44.310001373291016,44.375,2162.0
2025-09-22 15:00:00-04:00,44.369998931884766,44.39500045776367,44.334999084472656,44.3650016784668,1735.0
2025-09-22 16:00:00-04:00,44.3650016784668,44.3849983215332,44.30500030517578,44.314998626708984,997.0
2025-09-22 18:00:00-04:00,44.29999923706055,44.34000015258789,44.220001220703125,44.244998931884766,0.0
2025-09-22 19:00:00-04:00,44.244998931884766,44.3650016784668,44.2400016784668,44.279998779296875,671.0
2025-09-22 20:00:00-04:00,44.279998779296875,44.310001373291016,44.19499969482422,44.20500183105469,1104.0
2025-09-22 21:00:00-04:00,44.20000076293945,44.3650016784668,44.17499923706055,44.22999954223633,2437.0
2025-09-22 22:00:00-04:00,44.224998474121094,44.23500061035156,43.970001220703125,44.1349983215332,4194.0
2025-09-22 23:00:00-04:00,44.1349983215332,44.21500015258789,44.07500076293945,44.13999938964844,1705.0
2025-09-23 00:00:00-04:00,44.13999938964844,44.25,44.13999938964844,44.21500015258789,1004.0
2025-09-23 01:00:00-04:00,44.20500183105469,44.41999816894531,44.150001525878906,44.15999984741211,3808.0
2025-09-23 02:00:00-04:00,44.165000915527344,44.244998931884766,44.09000015258789,44.16999816894531,2969.0
2025-09-23 03:00:00-04:00,44.16999816894531,44.2400016784668,44.02000045776367,44.19499969482422,2585.0
2025-09-23 04:00:00-04:00,44.19499969482422,44.459999084472656,44.14500045776367,44.42499923706055,3355.0
2025-09-23 05:00:00-04:00,44.42499923706055,44.54499816894531,44.3849983215332,44.51499938964844,3442.0
2025-09-23 06:00:00-04:00,44.52000045776367,44.61000061035156,44.470001220703125,44.599998474121094,2266.0
2025-09-23 07:00:00-04:00,44.599998474121094,44.73500061035156,44.5099983215332,44.619998931884766,3207.0
2025-09-23 08:00:00-04:00,44.6150016784668,44.709999084472656,44.459999084472656,44.70500183105469,4294.0
2025-09-23 09:00:00-04:00,44.709999084472656,44.77000045776367,44.46500015258789,44.65999984741211,8481.0
2025-09-23 10:00:00-04:00,44.65999984741211,44.68000030517578,44.3849983215332,44.54499816894531,6544.0
2025-09-23 11:00:00-04:00,44.54999923706055,44.599998474121094,44.494998931884766,44.58000183105469,3170.0
2025-09-23 12:00:00-04:00,44.58000183105469,44.60499954223633,44.33000183105469,44.505001068115234,5363.0
2025-09-23 13:00:00-04:00,44.52000045776367,44.63999938964844,44.45500183105469,44.474998474121094,3696.0
2025-09-23 14:00:00-04:00,44.474998474121094,44.52000045776367,44.22999954223633,44.244998931884766,3540.0
2025-09-23 15:00:00-04:00,44.244998931884766,44.34000015258789,44.08000183105469,44.27000045776367,5582.0
2025-09-23 16:00:00-04:00,44.27000045776367,44.33000183105469,44.2400016784668,44.26499938964844,941.0
2025-09-23 18:00:00-04:00,44.26499938964844,44.3849983215332,44.255001068115234,44.3650016784668,0.0
2025-09-23 19:00:00-04:00,44.36000061035156,44.39500045776367,44.17499923706055,44.22999954223633,1042.0
2025-09-23 20:00:00-04:00,44.224998474121094,44.314998626708984,44.19499969482422,44.29999923706055,750.0
2025-09-23 21:00:00-04:00,44.29499816894531,44.310001373291016,44.06999969482422,44.11000061035156,2483.0
2025-09-23 22:00:00-04:00,44.10499954223633,44.2599983215332,43.98500061035156,44.220001220703125,2458.0
2025-09-23 23:00:00-04:00,44.21500015258789,44.439998626708984,44.209999084472656,44.404998779296875,1872.0
2025-09-24 00:00:00-04:00,44.39500045776367,44.45000076293945,44.369998931884766,44.43000030517578,704.0
2025-09-24 01:00:00-04:00,44.435001373291016,44.564998626708984,44.404998779296875,44.51499938964844,1709.0
2025-09-24 02:00:00-04:00,44.529998779296875,44.560001373291016,44.310001373291016,44.3650016784668,2155.0
2025-09-24 03:00:00-04:00,44.369998931884766,44.53499984741211,44.34000015258789,44.529998779296875,1581.0
2025-09-24 04:00:00-04:00,44.540000915527344,44.540000915527344,44.34000015258789,44.39500045776367,1148.0
2025-09-24 05:00:00-04:00,44.38999938964844,44.439998626708984,44.349998474121094,44.43000030517578,684.0
2025-09-24 06:00:00-04:00,44.435001373291016,44.45500183105469,44.10499954223633,44.15999984741211,3144.0
2025-09-24 07:00:00-04:00,44.15999984741211,44.35499954223633,44.119998931884766,44.31999969482422,2122.0
2025-09-24 08:00:00-04:00,44.314998626708984,44.44499969482422,44.279998779296875,44.3849983215332,3402.0
2025-09-24 09:00:00-04:00,44.3849983215332,44.625,44.30500030517578,44.3849983215332,6989.0
2025-09-24 10:00:00-04:00,44.3849983215332,44.41999816894531,44.220001220703125,44.255001068115234,4234.0
2025-09-24 11:00:00-04:00,44.26499938964844,44.48500061035156,44.04999923706055,44.095001220703125,5976.0
2025-09-24 12:00:00-04:00,44.095001220703125,44.23500061035156,44.025001525878906,44.14500045776367,5819.0
2025-09-24 13:00:00-04:00,44.150001525878906,44.2400016784668,44.07500076293945,44.099998474121094,3432.0
2025-09-24 14:00:00-04:00,44.099998474121094,44.11000061035156,43.935001373291016,44.025001525878906,3321.0
2025-09-24 15:00:00-04:00,44.025001525878906,44.119998931884766,43.8849983215332,44.09000015258789,3608.0
2025-09-24 16:00:00-04:00,44.095001220703125,44.14500045776367,44.084999084472656,44.1150016784668,905.0
2025-09-24 18:00:00-04:00,44.119998931884766,44.18000030517578,44.095001220703125,44.15999984741211,0.0
2025-09-24 19:00:00-04:00,44.15999984741211,44.20000076293945,44.150001525878906,44.17499923706055,465.0
2025-09-24 20:00:00-04:00,44.17499923706055,44.23500061035156,44.165000915527344,44.224998474121094,644.0
2025-09-24 21:00:00-04:00,44.220001220703125,44.26499938964844,44.084999084472656,44.130001068115234,1485.0
2025-09-24 22:00:00-04:00,44.13999938964844,44.279998779296875,44.060001373291016,44.26499938964844,1748.0
2025-09-24 23:00:00-04:00,44.26499938964844,44.30500030517578,44.189998626708984,44.275001525878906,1023.0
2025-09-25 00:00:00-04:00,44.26499938964844,44.28499984741211,44.209999084472656,44.23500061035156,465.0
2025-09-25 01:00:00-04:00,44.23500061035156,44.255001068115234,44.13999938964844,44.224998474121094,777.0
2025-09-25 02:00:00-04:00,44.224998474121094,44.310001373291016,44.209999084472656,44.27000045776367,1165.0
2025-09-25 03:00:00-04:00,44.27000045776367,44.869998931884766,44.2400016784668,44.849998474121094,5731.0
2025-09-25 04:00:00-04:00,44.845001220703125,45.20000076293945,44.82500076293945,45.084999084472656,8406.0
2025-09-25 05:00:00-04:00,45.09000015258789,45.32500076293945,45.029998779296875,45.2400016784668,5463.0
2025-09-25 06:00:00-04:00,45.25,45.38999938964844,45.165000915527344,45.29499816894531,3430.0
2025-09-25 07:00:00-04:00,45.29499816894531,45.29999923706055,45.04999923706055,45.11000061035156,4380.0
2025-09-25 08:00:00-04:00,45.10499954223633,45.28499984741211,44.69499969482422,44.80500030517578,12709.0
2025-09-25 09:00:00-04:00,44.79999923706055,44.90999984741211,44.44499969482422,44.654998779296875,17847.0
2025-09-25 10:00:00-04:00,44.654998779296875,44.98500061035156,44.540000915527344,44.96500015258789,9608.0
2025-09-25 11:00:00-04:00,44.974998474121094,45.15999984741211,44.875,45.04999923706055,6930.0
2025-09-25 12:00:00-04:00,45.05500030517578,45.09000015258789,44.94499969482422,45.06999969482422,2598.0
2025-09-25 13:00:00-04:00,45.064998626708984,45.209999084472656,45.01499938964844,45.11000061035156,4585.0
2025-09-25 14:00:00-04:00,45.10499954223633,45.40999984741211,45.0099983215332,45.369998931884766,4832.0
2025-09-25 15:00:00-04:00,45.369998931884766,45.47999954223633,45.30500030517578,45.43000030517578,3733.0
2025-09-25 16:00:00-04:00,45.43000030517578,45.5,45.415000915527344,45.470001220703125,1151.0
2025-09-25 18:00:00-04:00,45.474998474121094,45.47999954223633,45.07500076293945,45.14500045776367,0.0
2025-09-25 19:00:00-04:00,45.14500045776367,45.17499923706055,44.94499969482422,45.154998779296875,1879.0
2025-09-25 20:00:00-04:00,45.16999816894531,45.28499984741211,45.10499954223633,45.2599983215332,1271.0
2025-09-25 21:00:00-04:00,45.2599983215332,45.31999969482422,45.084999084472656,45.130001068115234,1826.0
2025-09-25 22:00:00-04:00,45.130001068115234,45.185001373291016,44.88999938964844,44.9900016784668,2763.0
2025-09-25 23:00:00-04:00,44.9900016784668,45.1150016784668,44.91999816894531,45.11000061035156,973.0
2025-09-26 00:00:00-04:00,45.10499954223633,45.125,45.0,45.02000045776367,700.0
2025-09-26 01:00:00-04:00,45.029998779296875,45.09000015258789,44.994998931884766,45.0099983215332,1097.0
2025-09-26 02:00:00-04:00,45.005001068115234,45.529998779296875,45.005001068115234,45.400001525878906,5232.0
2025-09-26 03:00:00-04:00,45.39500045776367,45.48500061035156,45.21500015258789,45.35499954223633,3925.0
2025-09-26 04:00:00-04:00,45.349998474121094,45.43000030517578,45.2599983215332,45.400001525878906,1539.0
2025-09-26 05:00:00-04:00,45.400001525878906,45.439998626708984,45.30500030517578,45.3849983215332,1204.0
2025-09-26 06:00:00-04:00,45.3849983215332,45.45000076293945,45.23500061035156,45.314998626708984,1314.0
2025-09-26 07:00:00-04:00,45.310001373291016,45.459999084472656,45.290000915527344,45.349998474121094,1943.0
2025-09-26 08:00:00-04:00,45.349998474121094,45.58000183105469,45.29499816894531,45.53499984741211,6296.0
2025-09-26 09:00:00-04:00,45.529998779296875,45.935001373291016,45.52000045776367,45.84000015258789,15295.0
2025-09-26 10:00:00-04:00,45.83000183105469,46.040000915527344,45.82500076293945,46.005001068115234,9096.0
2025-09-26 11:00:00-04:00,46.0099983215332,46.41999816894531,45.974998474121094,46.3849983215332,9862.0
2025-09-26 12:00:00-04:00,46.38999938964844,46.60499954223633,46.22999954223633,46.494998931884766,9113.0
2025-09-26 13:00:00-04:00,46.5,46.92499923706055,46.494998931884766,46.91999816894531,9452.0
2025-09-26 14:00:00-04:00,46.92499923706055,46.94499969482422,46.70500183105469,46.78499984741211,4809.0
2025-09-26 15:00:00-04:00,46.779998779296875,46.779998779296875,46.334999084472656,46.415000915527344,6791.0
2025-09-26 16:00:00-04:00,46.40999984741211,46.65599822998047,46.32500076293945,46.65599822998047,2729.0
2025-09-28 18:00:00-04:00,46.60499954223633,46.67499923706055,46.54999923706055,46.64500045776367,1206.0
2025-09-28 19:00:00-04:00,46.63999938964844,46.654998779296875,46.53499984741211,46.55500030517578,815.0
2025-09-28 20:00:00-04:00,46.560001373291016,46.8849983215332,46.55500030517578,46.8650016784668,2854.0
2025-09-28 21:00:00-04:00,46.8650016784668,46.95500183105469,46.27000045776367,46.6150016784668,9295.0
2025-09-28 22:00:00-04:00,46.61000061035156,46.849998474121094,46.52000045776367,46.76499938964844,3110.0
2025-09-28 23:00:00-04:00,46.76499938964844,47.30500030517578,46.75,47.06999969482422,6288.0
2025-09-29 00:00:00-04:00,47.08000183105469,47.40999984741211,46.9900016784668,47.099998474121094,5494.0
2025-09-29 01:00:00-04:00,47.11000061035156,47.14500045776367,46.915000915527344,47.119998931884766,3928.0
2025-09-29 02:00:00-04:00,47.1150016784668,47.369998931884766,47.029998779296875,47.17499923706055,6292.0
2025-09-29 03:00:00-04:00,47.17499923706055,47.189998626708984,46.77000045776367,46.875,5244.0
2025-09-29 04:00:00-04:00,46.88999938964844,47.185001373291016,46.845001220703125,47.185001373291016,4188.0
2025-09-29 05:00:00-04:00,47.18000030517578,47.185001373291016,46.974998474121094,47.02000045776367,2039.0
2025-09-29 06:00:00-04:00,47.02000045776367,47.17499923706055,47.01499938964844,47.125,1675.0
2025-09-29 07:00:00-04:00,47.119998931884766,47.28499984741211,47.11000061035156,47.16999816894531,3616.0
2025-09-29 08:00:00-04:00,47.16999816894531,47.17499923706055,46.76499938964844,46.80500030517578,10708.0
2025-09-29 09:00:00-04:00,46.810001373291016,47.04999923706055,46.63999938964844,46.80500030517578,13751.0
2025-09-29 10:00:00-04:00,46.79999923706055,47.255001068115234,46.755001068115234,47.15999984741211,10323.0
2025-09-29 11:00:00-04:00,47.15999984741211,47.27000045776367,46.970001220703125,47.2400016784668,5937.0
2025-09-29 12:00:00-04:00,47.23500061035156,47.2599983215332,47.150001525878906,47.17499923706055,3140.0
2025-09-29 13:00:00-04:00,47.18000030517578,47.20000076293945,46.915000915527344,47.01499938964844,4955.0
2025-09-29 14:00:00-04:00,47.01499938964844,47.07500076293945,46.880001068115234,46.970001220703125,2218.0
2025-09-29 15:00:00-04:00,46.970001220703125,47.05500030517578,46.915000915527344,47.0099983215332,1630.0
2025-09-29 16:00:00-04:00,47.01499938964844,47.125,46.994998931884766,47.11000061035156,1000.0
2025-09-29 18:00:00-04:00,47.1349983215332,47.150001525878906,46.939998626708984,46.9900016784668,0.0
2025-09-29 19:00:00-04:00,46.98500061035156,47.025001525878906,46.95000076293945,47.01499938964844,557.0
2025-09-29 20:00:00-04:00,47.0099983215332,47.14500045776367,46.98500061035156,47.064998626708984,1116.0
2025-09-29 21:00:00-04:00,47.07500076293945,47.310001373291016,47.03499984741211,47.26499938964844,2725.0
2025-09-29 22:00:00-04:00,47.26499938964844,47.349998474121094,47.0099983215332,47.20000076293945,2969.0
2025-09-29 23:00:00-04:00,47.20500183105469,47.334999084472656,47.1349983215332,47.244998931884766,2193.0
2025-09-30 00:00:00-04:00,47.2599983215332,47.33000183105469,47.220001220703125,47.30500030517578,943.0
2025-09-30 01:00:00-04:00,47.30500030517578,47.380001068115234,47.2400016784668,47.334999084472656,2515.0
2025-09-30 02:00:00-04:00,47.34000015258789,47.38999938964844,46.869998931884766,46.96500015258789,5306.0
2025-09-30 03:00:00-04:00,46.959999084472656,47.025001525878906,46.790000915527344,46.92499923706055,6190.0
2025-09-30 04:00:00-04:00,46.91999816894531,46.98500061035156,46.33000183105469,46.36000061035156,10373.0
2025-09-30 05:00:00-04:00,46.36000061035156,46.51499938964844,45.959999084472656,46.084999084472656,7208.0
2025-09-30 06:00:00-04:00,46.07500076293945,46.43000030517578,46.07500076293945,46.380001068115234,4059.0
2025-09-30 07:00:00-04:00,46.3849983215332,46.42499923706055,46.25,46.38999938964844,2701.0
2025-09-30 08:00:00-04:00,46.38999938964844,46.40999984741211,46.189998626708984,46.380001068115234,5006.0
2025-09-30 09:00:00-04:00,46.3849983215332,46.5,46.1150016784668,46.32500076293945,8523.0
2025-09-30 10:00:00-04:00,46.34000015258789,46.95500183105469,46.279998779296875,46.91999816894531,12119.0
2025-09-30 11:00:00-04:00,46.90999984741211,46.939998626708984,46.380001068115234,46.45000076293945,9932.0
2025-09-30 12:00:00-04:00,46.46500015258789,46.68000030517578,46.40999984741211,46.630001068115234,3528.0
2025-09-30 13:00:00-04:00,46.630001068115234,46.67499923706055,46.529998779296875,46.56999969482422,4543.0
2025-09-30 14:00:00-04:00,46.56999969482422,46.70000076293945,46.474998474121094,46.69499969482422,2650.0
2025-09-30 15:00:00-04:00,46.685001373291016,46.849998474121094,46.65999984741211,46.814998626708984,2789.0
2025-09-30 16:00:00-04:00,46.814998626708984,46.85499954223633,46.71500015258789,46.84000015258789,1193.0
2025-09-30 18:00:00-04:00,46.834999084472656,46.94499969482422,46.814998626708984,46.88999938964844,0.0
2025-09-30 19:00:00-04:00,46.8849983215332,46.94499969482422,46.8650016784668,46.91999816894531,542.0
2025-09-30 20:00:00-04:00,46.915000915527344,46.96500015258789,46.85499954223633,46.89500045776367,1079.0
2025-09-30 21:00:00-04:00,46.8849983215332,47.470001220703125,46.8849983215332,47.459999084472656,5331.0
2025-09-30 22:00:00-04:00,47.45500183105469,47.82500076293945,47.415000915527344,47.57500076293945,9232.0
2025-09-30 23:00:00-04:00,47.564998626708984,47.6150016784668,47.099998474121094,47.31999969482422,4333.0
2025-10-01 00:00:00-04:00,47.30500030517578,47.375,47.16999816894531,47.32500076293945,1763.0
2025-10-01 01:00:00-04:00,47.32500076293945,47.334999084472656,47.150001525878906,47.21500015258789,1517.0
2025-10-01 02:00:00-04:00,47.220001220703125,47.224998474121094,46.849998474121094,47.084999084472656,3761.0
2025-10-01 03:00:00-04:00,47.09000015258789,47.48500061035156,47.04499816894531,47.470001220703125,4387.0
2025-10-01 04:00:00-04:00,47.459999084472656,47.63999938964844,47.44499969482422,47.54999923706055,4315.0
2025-10-01 05:00:00-04:00,47.54999923706055,47.58000183105469,47.32500076293945,47.47999954223633,2570.0
2025-10-01 06:00:00-04:00,47.470001220703125,47.52000045776367,47.28499984741211,47.380001068115234,1523.0
2025-10-01 07:00:00-04:00,47.380001068115234,47.564998626708984,47.345001220703125,47.560001373291016,2721.0
2025-10-01 08:00:00-04:00,47.56999969482422,47.654998779296875,47.2400016784668,47.380001068115234,6594.0
2025-10-01 09:00:00-04:00,47.380001068115234,47.91999816894531,47.35499954223633,47.76499938964844,11308.0
2025-10-01 10:00:00-04:00,47.7599983215332,47.974998474121094,47.39500045776367,47.61000061035156,12529.0
2025-10-01 11:00:00-04:00,47.61000061035156,47.64500045776367,47.3650016784668,47.560001373291016,7222.0
2025-10-01 12:00:00-04:00,47.55500030517578,47.70000076293945,47.42499923706055,47.69499969482422,3533.0
2025-10-01 13:00:00-04:00,47.685001373291016,47.7400016784668,47.5099983215332,47.52000045776367,3590.0
2025-10-01 14:00:00-04:00,47.5099983215332,47.630001068115234,47.40999984741211,47.584999084472656,2296.0
2025-10-01 15:00:00-04:00,47.595001220703125,47.625,47.415000915527344,47.44499969482422,1879.0
2025-10-01 16:00:00-04:00,47.44499969482422,47.44499969482422,47.31999969482422,47.41999816894531,1202.0
2025-10-01 18:00:00-04:00,47.40999984741211,47.45000076293945,47.25,47.334999084472656,0.0
2025-10-01 19:00:00-04:00,47.33000183105469,47.42499923706055,47.14500045776367,47.290000915527344,1051.0
2025-10-01 20:00:00-04:00,47.29999923706055,47.30500030517578,47.130001068115234,47.22999954223633,1088.0
2025-10-01 21:00:00-04:00,47.220001220703125,47.404998779296875,47.03499984741211,47.369998931884766,2026.0
2025-10-01 22:00:00-04:00,47.375,47.61000061035156,47.28499984741211,47.369998931884766,1877.0
2025-10-01 23:00:00-04:00,47.375,47.38999938964844,47.244998931884766,47.31999969482422,886.0
2025-10-02 00:00:00-04:00,47.33000183105469,47.349998474121094,47.244998931884766,47.290000915527344,426.0
2025-10-02 01:00:00-04:00,47.310001373291016,47.55500030517578,47.310001373291016,47.5099983215332,1278.0
2025-10-02 02:00:00-04:00,47.52000045776367,47.595001220703125,47.33000183105469,47.38999938964844,2029.0
2025-10-02 03:00:00-04:00,47.39500045776367,47.599998474121094,47.38999938964844,47.52000045776367,1940.0
2025-10-02 04:00:00-04:00,47.5099983215332,47.6150016784668,47.4900016784668,47.56999969482422,1596.0
2025-10-02 05:00:00-04:00,47.56999969482422,47.650001525878906,47.540000915527344,47.560001373291016,1823.0
2025-10-02 06:00:00-04:00,47.564998626708984,47.57500076293945,47.41999816894531,47.5099983215332,1531.0
2025-10-02 07:00:00-04:00,47.505001068115234,47.584999084472656,47.45000076293945,47.564998626708984,2621.0
2025-10-02 08:00:00-04:00,47.56999969482422,47.83000183105469,47.540000915527344,47.650001525878906,8873.0
2025-10-02 09:00:00-04:00,47.64500045776367,48.0099983215332,47.2599983215332,47.33000183105469,16289.0
2025-10-02 10:00:00-04:00,47.33000183105469,47.415000915527344,45.73500061035156,46.130001068115234,31424.0
2025-10-02 11:00:00-04:00,46.125,46.2599983215332,45.709999084472656,46.005001068115234,16507.0
2025-10-02 12:00:00-04:00,46.005001068115234,46.38999938964844,45.88999938964844,46.2599983215332,7778.0
2025-10-02 13:00:00-04:00,46.2599983215332,46.44499969482422,46.21500015258789,46.39500045776367,5283.0
2025-10-02 14:00:00-04:00,46.40999984741211,46.595001220703125,46.40999984741211,46.560001373291016,2156.0
2025-10-02 15:00:00-04:00,46.560001373291016,46.834999084472656,46.54999923706055,46.76499938964844,3807.0
2025-10-02 16:00:00-04:00,46.77000045776367,46.89500045776367,46.7400016784668,46.869998931884766,1251.0
2025-10-02 18:00:00-04:00,46.8650016784668,46.88999938964844,46.76499938964844,46.814998626708984,0.0
2025-10-02 19:00:00-04:00,46.814998626708984,46.880001068115234,46.7599983215332,46.8650016784668,806.0
2025-10-02 20:00:00-04:00,46.86000061035156,46.8849983215332,46.689998626708984,46.72999954223633,1254.0
2025-10-02 21:00:00-04:00,46.724998474121094,46.88999938964844,46.54999923706055,46.849998474121094,2082.0
2025-10-02 22:00:00-04:00,46.86000061035156,46.8650016784668,46.70000076293945,46.744998931884766,845.0
2025-10-02 23:00:00-04:00,46.744998931884766,46.779998779296875,46.57500076293945,46.7400016784668,1662.0
2025-10-03 00:00:00-04:00,46.73500061035156,46.849998474121094,46.724998474121094,46.81999969482422,824.0
2025-10-03 01:00:00-04:00,46.82500076293945,47.17499923706055,46.80500030517578,47.060001373291016,2738.0
2025-10-03 02:00:00-04:00,47.04999923706055,47.27000045776367,46.95500183105469,47.19499969482422,2697.0
2025-10-03 03:00:00-04:00,47.19499969482422,47.279998779296875,47.16999816894531,47.2599983215332,2044.0
2025-10-03 04:00:00-04:00,47.2599983215332,47.32500076293945,47.16999816894531,47.310001373291016,1813.0
2025-10-03 05:00:00-04:00,47.310001373291016,47.31999969482422,47.11000061035156,47.314998626708984,2048.0
2025-10-03 06:00:00-04:00,47.314998626708984,47.474998474121094,47.2400016784668,47.435001373291016,2386.0
2025-10-03 07:00:00-04:00,47.43000030517578,47.54499816894531,47.13999938964844,47.42499923706055,4586.0
2025-10-03 08:00:00-04:00,47.435001373291016,47.81999969482422,47.41999816894531,47.790000915527344,7230.0
2025-10-03 09:00:00-04:00,47.790000915527344,47.834999084472656,47.46500015258789,47.665000915527344,10787.0
2025-10-03 10:00:00-04:00,47.66999816894531,47.85499954223633,47.334999084472656,47.82500076293945,11115.0
2025-10-03 11:00:00-04:00,47.82500076293945,48.32500076293945,47.73500061035156,48.2599983215332,14765.0
2025-10-03 12:00:00-04:00,48.26499938964844,48.275001525878906,47.97999954223633,48.025001525878906,6105.0
2025-10-03 13:00:00-04:00,48.0099983215332,48.04999923706055,47.685001373291016,47.80500030517578,8380.0
2025-10-03 14:00:00-04:00,47.810001373291016,48.03499984741211,47.744998931884766,47.98500061035156,3591.0
2025-10-03 15:00:00-04:00,47.97999954223633,48.084999084472656,47.91999816894531,47.959999084472656,2198.0
2025-10-03 16:00:00-04:00,47.959999084472656,48.005001068115234,47.90999984741211,47.970001220703125,1454.0
2025-10-06 00:00:00-04:00,48.380001068115234,48.4900016784668,48.36000061035156,48.46500015258789,0.0
2025-10-06 01:00:00-04:00,48.46500015258789,48.470001220703125,48.22999954223633,48.314998626708984,2667.0
2025-10-06 02:00:00-04:00,48.31999969482422,48.46500015258789,48.20500183105469,48.435001373291016,2507.0
2025-10-06 03:00:00-04:00,48.43000030517578,48.58000183105469,48.3849983215332,48.5,3018.0
2025-10-06 04:00:00-04:00,48.5099983215332,48.59000015258789,48.39500045776367,48.52000045776367,2038.0
2025-10-06 05:00:00-04:00,48.51499938964844,48.560001373291016,48.380001068115234,48.45000076293945,1595.0
2025-10-06 06:00:00-04:00,48.45500183105469,48.474998474121094,48.150001525878906,48.375,2548.0
2025-10-06 07:00:00-04:00,48.369998931884766,48.400001525878906,47.994998931884766,48.23500061035156,5295.0
2025-10-06 08:00:00-04:00,48.22999954223633,48.33000183105469,47.86000061035156,48.08000183105469,9214.0
2025-10-06 09:00:00-04:00,48.084999084472656,48.564998626708984,48.07500076293945,48.4900016784668,8512.0
2025-10-06 10:00:00-04:00,48.47999954223633,48.61000061035156,48.314998626708984,48.474998474121094,6950.0
2025-10-06 11:00:00-04:00,48.474998474121094,48.59000015258789,48.36000061035156,48.540000915527344,5364.0
2025-10-06 12:00:00-04:00,48.54499816894531,48.584999084472656,48.16999816894531,48.39500045776367,6246.0
2025-10-06 13:00:00-04:00,48.400001525878906,48.5099983215332,48.35499954223633,48.45000076293945,4372.0
2025-10-06 14:00:00-04:00,48.45500183105469,48.529998779296875,48.439998626708984,48.4900016784668,1533.0
2025-10-06 15:00:00-04:00,48.4900016784668,48.540000915527344,48.3650016784668,48.380001068115234,1706.0
2025-10-06 16:00:00-04:00,48.380001068115234,48.42499923706055,48.34000015258789,48.400001525878906,982.0
2025-10-06 18:00:00-04:00,48.404998779296875,48.51499938964844,48.25,48.33000183105469,0.0
2025-10-06 19:00:00-04:00,48.33000183105469,48.44499969482422,48.275001525878906,48.369998931884766,1078.0
2025-10-06 20:00:00-04:00,48.375,48.470001220703125,48.20000076293945,48.23500061035156,1659.0
2025-10-06 21:00:00-04:00,48.23500061035156,48.310001373291016,48.13999938964844,48.224998474121094,1746.0
2025-10-06 22:00:00-04:00,48.22999954223633,48.44499969482422,48.209999084472656,48.43000030517578,1081.0
2025-10-06 23:00:00-04:00,48.43000030517578,48.54999923706055,48.255001068115234,48.43000030517578,2276.0
2025-10-07 00:00:00-04:00,48.38999938964844,48.470001220703125,48.31999969482422,48.435001373291016,1203.0
2025-10-07 01:00:00-04:00,48.439998626708984,48.47999954223633,48.27000045776367,48.439998626708984,1563.0
2025-10-07 02:00:00-04:00,48.435001373291016,48.435001373291016,48.290000915527344,48.33000183105469,1324.0
2025-10-07 03:00:00-04:00,48.33000183105469,48.34000015258789,47.52000045776367,47.86000061035156,10796.0
2025-10-07 04:00:00-04:00,47.849998474121094,48.03499984741211,47.650001525878906,47.994998931884766,3866.0
2025-10-07 05:00:00-04:00,47.994998931884766,48.2400016784668,47.994998931884766,48.154998779296875,2534.0
2025-10-07 06:00:00-04:00,48.15999984741211,48.400001525878906,48.150001525878906,48.31999969482422,1745.0
2025-10-07 07:00:00-04:00,48.314998626708984,48.494998931884766,48.2400016784668,48.45000076293945,2309.0
2025-10-07 08:00:00-04:00,48.45000076293945,48.4900016784668,48.20000076293945,48.39500045776367,5291.0
2025-10-07 09:00:00-04:00,48.38999938964844,48.41999816894531,48.07500076293945,48.189998626708984,7560.0
2025-10-07 10:00:00-04:00,48.18000030517578,48.20500183105469,47.85499954223633,48.025001525878906,11058.0
2025-10-07 11:00:00-04:00,48.03499984741211,48.1349983215332,47.130001068115234,47.41999816894531,16850.0
2025-10-07 12:00:00-04:00,47.42499923706055,47.67499923706055,47.01499938964844,47.29999923706055,13950.0
2025-10-07 13:00:00-04:00,47.29999923706055,47.65999984741211,47.29999923706055,47.42499923706055,6640.0
2025-10-07 14:00:00-04:00,47.43000030517578,47.525001525878906,47.224998474121094,47.505001068115234,2739.0
2025-10-07 15:00:00-04:00,47.505001068115234,47.58000183105469,47.45000076293945,47.540000915527344,1662.0
2025-10-07 16:00:00-04:00,47.540000915527344,47.68000030517578,47.51499938964844,47.654998779296875,796.0
2025-10-07 18:00:00-04:00,47.665000915527344,47.73500061035156,47.625,47.720001220703125,0.0
2025-10-07 19:00:00-04:00,47.724998474121094,47.82500076293945,47.71500015258789,47.790000915527344,1381.0
2025-10-07 20:00:00-04:00,47.79499816894531,47.85499954223633,47.650001525878906,47.71500015258789,1591.0
2025-10-07 21:00:00-04:00,47.71500015258789,47.77000045776367,47.529998779296875,47.67499923706055,1850.0
2025-10-07 22:00:00-04:00,47.68000030517578,48.244998931884766,47.58000183105469,48.23500061035156,3643.0
2025-10-07 23:00:00-04:00,48.22999954223633,48.23500061035156,48.03499984741211,48.17499923706055,1915.0
2025-10-08 00:00:00-04:00,48.165000915527344,48.32500076293945,48.165000915527344,48.310001373291016,1988.0
2025-10-08 01:00:00-04:00,48.310001373291016,48.724998474121094,48.275001525878906,48.46500015258789,6640.0
2025-10-08 02:00:00-04:00,48.46500015258789,48.55500030517578,48.20000076293945,48.46500015258789,4166.0
2025-10-08 03:00:00-04:00,48.46500015258789,48.71500015258789,48.375,48.630001068115234,3567.0
2025-10-08 04:00:00-04:00,48.63999938964844,48.654998779296875,48.51499938964844,48.529998779296875,1824.0
2025-10-08 05:00:00-04:00,48.529998779296875,48.834999084472656,48.459999084472656,48.779998779296875,3491.0
2025-10-08 06:00:00-04:00,48.775001525878906,48.79999923706055,48.540000915527344,48.70500183105469,2685.0
2025-10-08 07:00:00-04:00,48.70500183105469,48.73500061035156,48.4900016784668,48.685001373291016,3328.0
2025-10-08 08:00:00-04:00,48.66999816894531,48.810001373291016,48.5099983215332,48.66999816894531,5677.0
2025-10-08 09:00:00-04:00,48.66999816894531,48.709999084472656,48.334999084472656,48.540000915527344,10406.0
2025-10-08 10:00:00-04:00,48.53499984741211,48.724998474121094,48.334999084472656,48.71500015258789,7109.0
2025-10-08 11:00:00-04:00,48.720001220703125,49.040000915527344,48.709999084472656,48.90999984741211,10184.0
2025-10-08 12:00:00-04:00,48.90999984741211,49.19499969482422,48.869998931884766,48.95500183105469,7269.0
2025-10-08 13:00:00-04:00,48.96500015258789,49.064998626708984,48.8849983215332,49.025001525878906,5477.0
2025-10-08 14:00:00-04:00,49.02000045776367,49.064998626708984,48.744998931884766,48.869998931884766,3592.0
2025-10-08 15:00:00-04:00,48.880001068115234,48.959999084472656,48.58000183105469,48.665000915527344,4986.0
2025-10-08 16:00:00-04:00,48.665000915527344,48.66999816894531,48.33000183105469,48.439998626708984,3687.0
2025-10-08 18:00:00-04:00,48.45000076293945,48.46500015258789,47.97999954223633,48.25,0.0
2025-10-08 19:00:00-04:00,48.244998931884766,48.279998779296875,47.849998474121094,48.119998931884766,3375.0
2025-10-08 20:00:00-04:00,48.125,48.310001373291016,48.07500076293945,48.22999954223633,2442.0
2025-10-08 21:00:00-04:00,48.224998474121094,48.505001068115234,47.904998779296875,48.06999969482422,8377.0
2025-10-08 22:00:00-04:00,48.08000183105469,48.20500183105469,47.95000076293945,48.11000061035156,2493.0
2025-10-08 23:00:00-04:00,48.11000061035156,48.38999938964844,48.084999084472656,48.314998626708984,2051.0
2025-10-09 00:00:00-04:00,48.32500076293945,48.47999954223633,48.310001373291016,48.459999084472656,1237.0
2025-10-09 01:00:00-04:00,48.45500183105469,48.625,48.42499923706055,48.57500076293945,1859.0
2025-10-09 02:00:00-04:00,48.58000183105469,48.630001068115234,48.060001373291016,48.23500061035156,3776.0
2025-10-09 03:00:00-04:00,48.2400016784668,48.494998931884766,48.224998474121094,48.42499923706055,2428.0
2025-10-09 04:00:00-04:00,48.42499923706055,48.619998931884766,48.400001525878906,48.6150016784668,1855.0
2025-10-09 05:00:00-04:00,48.60499954223633,48.845001220703125,48.60499954223633,48.755001068115234,3043.0
2025-10-09 06:00:00-04:00,48.7599983215332,48.77000045776367,48.6349983215332,48.665000915527344,2008.0
2025-10-09 07:00:00-04:00,48.665000915527344,48.7400016784668,48.5099983215332,48.73500061035156,3016.0
2025-10-09 08:00:00-04:00,48.72999954223633,49.595001220703125,48.66999816894531,49.52000045776367,13527.0
2025-10-09 09:00:00-04:00,49.52000045776367,49.96500015258789,48.459999084472656,48.459999084472656,37544.0
2025-10-09 10:00:00-04:00,48.470001220703125,48.84000015258789,48.060001373291016,48.540000915527344,25912.0
2025-10-09 11:00:00-04:00,48.53499984741211,48.61000061035156,47.91999816894531,48.224998474121094,18884.0
2025-10-09 12:00:00-04:00,48.21500015258789,48.3849983215332,47.165000915527344,47.27000045776367,19272.0
2025-10-09 13:00:00-04:00,47.279998779296875,47.505001068115234,46.88999938964844,47.29999923706055,18305.0
2025-10-09 14:00:00-04:00,47.29499816894531,47.625,47.279998779296875,47.30500030517578,5408.0
2025-10-09 15:00:00-04:00,47.31999969482422,47.84000015258789,47.30500030517578,47.720001220703125,5074.0
2025-10-09 16:00:00-04:00,47.724998474121094,47.76499938964844,47.56999969482422,47.654998779296875,2072.0
2025-10-09 18:00:00-04:00,47.650001525878906,47.915000915527344,47.125,47.564998626708984,0.0
2025-10-09 19:00:00-04:00,47.55500030517578,47.76499938964844,47.529998779296875,47.76499938964844,1237.0
2025-10-09 20:00:00-04:00,47.7599983215332,47.78499984741211,47.59000015258789,47.720001220703125,1288.0
2025-10-09 21:00:00-04:00,47.724998474121094,47.77000045776367,47.34000015258789,47.45500183105469,2560.0
2025-10-09 22:00:00-04:00,47.45500183105469,47.625,47.38999938964844,47.45000076293945,1413.0
2025-10-09 23:00:00-04:00,47.44499969482422,47.45500183105469,47.185001373291016,47.25,2454.0
2025-10-10 00:00:00-04:00,47.220001220703125,47.2599983215332,46.70000076293945,47.209999084472656,4488.0
2025-10-10 01:00:00-04:00,47.20500183105469,47.59000015258789,47.185001373291016,47.59000015258789,4807.0
2025-10-10 02:00:00-04:00,47.584999084472656,47.7599983215332,47.41999816894531,47.560001373291016,3638.0
2025-10-10 03:00:00-04:00,47.560001373291016,48.03499984741211,47.36000061035156,47.98500061035156,5428.0
2025-10-10 04:00:00-04:00,47.9900016784668,48.275001525878906,47.970001220703125,48.22999954223633,4540.0
2025-10-10 05:00:00-04:00,48.22999954223633,48.5,48.05500030517578,48.11000061035156,4921.0
2025-10-10 06:00:00-04:00,48.10499954223633,48.404998779296875,47.9900016784668,48.224998474121094,4734.0
2025-10-10 07:00:00-04:00,48.224998474121094,48.61000061035156,48.209999084472656,48.2400016784668,6198.0
2025-10-10 08:00:00-04:00,48.244998931884766,48.46500015258789,48.064998626708984,48.19499969482422,8009.0
2025-10-10 09:00:00-04:00,48.19499969482422,48.619998931884766,48.04999923706055,48.15999984741211,16224.0
2025-10-10 10:00:00-04:00,48.130001068115234,48.584999084472656,47.94499969482422,48.28499984741211,12431.0
2025-10-10 11:00:00-04:00,48.28499984741211,48.439998626708984,47.720001220703125,47.845001220703125,17066.0
2025-10-10 12:00:00-04:00,47.84000015258789,47.875,47.14500045776367,47.21500015258789,15206.0
2025-10-10 13:00:00-04:00,47.224998474121094,47.404998779296875,46.935001373291016,47.279998779296875,9779.0
2025-10-10 14:00:00-04:00,47.279998779296875,47.66999816894531,47.189998626708984,47.400001525878906,4688.0
2025-10-10 15:00:00-04:00,47.38999938964844,47.82500076293945,47.2400016784668,47.66999816894531,5514.0
2025-10-10 16:00:00-04:00,47.66999816894531,47.79999923706055,47.130001068115234,47.24700164794922,2732.0
2025-10-12 18:00:00-04:00,47.24700164794922,48.23500061035156,47.24700164794922,48.19499969482422,822.0
2025-10-12 19:00:00-04:00,48.165000915527344,48.4900016784668,48.1150016784668,48.2599983215332,2772.0
2025-10-12 20:00:00-04:00,48.255001068115234,49.41999816894531,48.14500045776367,48.69499969482422,8389.0
2025-10-12 21:00:00-04:00,48.71500015258789,48.88999938964844,48.48500061035156,48.81999969482422,5038.0
2025-10-12 22:00:00-04:00,48.83000183105469,48.959999084472656,48.70000076293945,48.755001068115234,2539.0
2025-10-12 23:00:00-04:00,48.744998931884766,49.58000183105469,48.744998931884766,49.165000915527344,6029.0
2025-10-13 00:00:00-04:00,49.14500045776367,49.43000030517578,49.14500045776367,49.3650016784668,2029.0
2025-10-13 01:00:00-04:00,49.349998474121094,49.6150016784668,49.279998779296875,49.42499923706055,4120.0
2025-10-13 02:00:00-04:00,49.415000915527344,49.720001220703125,49.290000915527344,49.53499984741211,5970.0
2025-10-13 03:00:00-04:00,49.525001525878906,49.720001220703125,49.470001220703125,49.5099983215332,3258.0
2025-10-13 04:00:00-04:00,49.5099983215332,49.720001220703125,49.334999084472656,49.665000915527344,4763.0
2025-10-13 05:00:00-04:00,49.65999984741211,49.93000030517578,49.654998779296875,49.82500076293945,4812.0
2025-10-13 06:00:00-04:00,49.82500076293945,49.83000183105469,49.52000045776367,49.64500045776367,4514.0
2025-10-13 07:00:00-04:00,49.63999938964844,49.77000045776367,49.58000183105469,49.6349983215332,3086.0
2025-10-13 08:00:00-04:00,49.630001068115234,50.095001220703125,49.540000915527344,49.92499923706055,9639.0
2025-10-13 09:00:00-04:00,49.93000030517578,50.21500015258789,49.779998779296875,50.20000076293945,14241.0
2025-10-13 10:00:00-04:00,50.189998626708984,50.560001373291016,50.150001525878906,50.380001068115234,12728.0
2025-10-13 11:00:00-04:00,50.375,50.439998626708984,50.064998626708984,50.32500076293945,10127.0
2025-10-13 12:00:00-04:00,50.32500076293945,50.59000015258789,50.30500030517578,50.45000076293945,6740.0
2025-10-13 13:00:00-04:00,50.45500183105469,50.5099983215332,50.209999084472656,50.435001373291016,7254.0
2025-10-13 14:00:00-04:00,50.43000030517578,50.625,50.404998779296875,50.46500015258789,3608.0
2025-10-13 15:00:00-04:00,50.46500015258789,50.599998474121094,50.334999084472656,50.54999923706055,2907.0
2025-10-13 16:00:00-04:00,50.540000915527344,50.88999938964844,50.44499969482422,50.775001525878906,2219.0
2025-10-13 18:00:00-04:00,50.755001068115234,50.95000076293945,50.650001525878906,50.935001373291016,0.0
2025-10-13 19:00:00-04:00,50.93000030517578,51.505001068115234,50.85499954223633,51.41999816894531,4495.0
2025-10-13 20:00:00-04:00,51.40999984741211,51.5,51.125,51.125,3907.0
2025-10-13 21:00:00-04:00,51.130001068115234,51.7400016784668,51.060001373291016,51.22999954223633,6519.0
2025-10-13 22:00:00-04:00,51.22999954223633,51.68000030517578,51.220001220703125,51.54999923706055,3410.0
2025-10-13 23:00:00-04:00,51.525001525878906,52.314998626708984,51.5099983215332,52.13999938964844,7664.0
2025-10-14 00:00:00-04:00,52.15999984741211,52.400001525878906,51.875,52.310001373291016,4649.0
2025-10-14 01:00:00-04:00,52.29999923706055,52.494998931884766,52.2599983215332,52.375,1511.0
2025-10-14 02:00:00-04:00,50.21500015258789,50.26499938964844,48.75,50.029998779296875,37538.0
2025-10-14 03:00:00-04:00,50.02000045776367,50.64500045776367,49.625,50.56999969482422,8124.0
2025-10-14 04:00:00-04:00,50.55500030517578,51.15999984741211,50.525001525878906,50.84000015258789,7711.0
2025-10-14 05:00:00-04:00,50.83000183105469,50.83000183105469,49.95500183105469,50.275001525878906,7798.0
2025-10-14 06:00:00-04:00,50.279998779296875,50.95000076293945,50.255001068115234,50.47999954223633,5547.0
2025-10-14 07:00:00-04:00,50.494998931884766,50.790000915527344,50.32500076293945,50.459999084472656,4163.0
2025-10-14 08:00:00-04:00,50.44499969482422,50.55500030517578,49.404998779296875,49.45000076293945,11140.0
2025-10-14 09:00:00-04:00,49.45500183105469,49.94499969482422,49.18000030517578,49.92499923706055,17603.0
2025-10-14 10:00:00-04:00,49.92499923706055,50.39500045776367,49.869998931884766,50.084999084472656,12993.0
2025-10-14 11:00:00-04:00,50.095001220703125,50.755001068115234,50.029998779296875,50.63999938964844,8539.0
2025-10-14 12:00:00-04:00,50.63999938964844,51.01499938964844,50.314998626708984,50.540000915527344,8157.0
2025-10-14 13:00:00-04:00,50.540000915527344,50.720001220703125,50.39500045776367,50.70500183105469,6509.0
2025-10-14 14:00:00-04:00,50.71500015258789,50.78499984741211,50.6150016784668,50.70000076293945,2129.0
2025-10-14 15:00:00-04:00,50.70000076293945,50.7599983215332,49.94499969482422,50.244998931884766,5833.0
2025-10-14 16:00:00-04:00,50.244998931884766,50.45500183105469,50.209999084472656,50.345001220703125,1538.0
2025-10-14 18:00:00-04:00,50.369998931884766,50.625,50.310001373291016,50.494998931884766,0.0
2025-10-14 19:00:00-04:00,50.5,50.900001525878906,50.46500015258789,50.73500061035156,2238.0
2025-10-14 20:00:00-04:00,50.71500015258789,50.845001220703125,50.51499938964844,50.689998626708984,1598.0
2025-10-14 21:00:00-04:00,50.685001373291016,51.33000183105469,50.63999938964844,51.244998931884766,5895.0
2025-10-14 22:00:00-04:00,51.255001068115234,51.45000076293945,50.8849983215332,51.04499816894531,4310.0
2025-10-14 23:00:00-04:00,51.064998626708984,51.279998779296875,51.04999923706055,51.20000076293945,1643.0
2025-10-15 00:00:00-04:00,51.189998626708984,51.209999084472656,50.994998931884766,51.119998931884766,1277.0
2025-10-15 01:00:00-04:00,51.119998931884766,51.45500183105469,51.07500076293945,51.31999969482422,3315.0
2025-10-15 02:00:00-04:00,51.310001373291016,51.564998626708984,51.185001373291016,51.5,5106.0
2025-10-15 03:00:00-04:00,51.494998931884766,51.6150016784668,51.33000183105469,51.599998474121094,3565.0
2025-10-15 04:00:00-04:00,51.599998474121094,51.880001068115234,51.599998474121094,51.689998626708984,5138.0
2025-10-15 05:00:00-04:00,51.70500183105469,51.79499816894531,50.939998626708984,51.29999923706055,7937.0
2025-10-15 06:00:00-04:00,51.30500030517578,51.584999084472656,51.189998626708984,51.53499984741211,3723.0
2025-10-15 07:00:00-04:00,51.53499984741211,51.599998474121094,51.38999938964844,51.52000045776367,3694.0
2025-10-15 08:00:00-04:00,51.525001525878906,51.64500045776367,51.099998474121094,51.3650016784668,6611.0
2025-10-15 09:00:00-04:00,51.36000061035156,51.470001220703125,51.10499954223633,51.209999084472656,8673.0
2025-10-15 10:00:00-04:00,51.21500015258789,51.69499969482422,51.16999816894531,51.474998474121094,9339.0
2025-10-15 11:00:00-04:00,51.470001220703125,51.8650016784668,51.290000915527344,51.439998626708984,15320.0
2025-10-15 12:00:00-04:00,51.44499969482422,51.67499923706055,51.39500045776367,51.64500045776367,5184.0
2025-10-15 13:00:00-04:00,51.63999938964844,51.95500183105469,51.279998779296875,51.95000076293945,8152.0
2025-10-15 14:00:00-04:00,51.95000076293945,52.415000915527344,51.86000061035156,52.26499938964844,10018.0
2025-10-15 15:00:00-04:00,52.27000045776367,52.56999969482422,52.18000030517578,52.5,5299.0
2025-10-15 16:00:00-04:00,52.4900016784668,52.6349983215332,52.439998626708984,52.525001525878906,2200.0
2025-10-15 18:00:00-04:00,52.59000015258789,52.76499938964844,52.290000915527344,52.595001220703125,0.0
2025-10-15 19:00:00-04:00,52.599998474121094,52.64500045776367,52.31999969482422,52.404998779296875,1498.0
2025-10-15 20:00:00-04:00,52.400001525878906,52.60499954223633,52.23500061035156,52.314998626708984,2830.0
2025-10-15 21:00:00-04:00,52.314998626708984,52.529998779296875,52.22999954223633,52.380001068115234,3370.0
2025-10-15 22:00:00-04:00,52.380001068115234,52.88999938964844,52.3650016784668,52.814998626708984,3670.0
2025-10-15 23:00:00-04:00,52.814998626708984,52.86000061035156,52.2599983215332,52.41999816894531,3789.0
2025-10-16 00:00:00-04:00,52.3849983215332,52.45500183105469,51.900001525878906,52.17499923706055,3509.0
2025-10-16 01:00:00-04:00,52.17499923706055,52.23500061035156,51.19499969482422,51.369998931884766,8647.0
2025-10-16 02:00:00-04:00,51.345001220703125,51.9900016784668,51.33000183105469,51.96500015258789,6743.0
2025-10-16 03:00:00-04:00,51.970001220703125,52.04499816894531,51.82500076293945,51.97999954223633,2874.0
2025-10-16 04:00:00-04:00,51.97999954223633,52.13999938964844,51.91999816894531,52.060001373291016,2330.0
2025-10-16 05:00:00-04:00,52.04999923706055,52.16999816894531,51.86000061035156,52.125,2291.0
2025-10-16 06:00:00-04:00,52.130001068115234,52.28499984741211,52.10499954223633,52.22999954223633,1979.0
2025-10-16 07:00:00-04:00,52.2400016784668,52.5,52.16999816894531,52.2400016784668,3706.0
2025-10-16 08:00:00-04:00,52.255001068115234,52.36000061035156,51.93000030517578,52.01499938964844,5984.0
2025-10-16 09:00:00-04:00,52.02000045776367,52.75,51.994998931884766,52.689998626708984,12464.0
2025-10-16 10:00:00-04:00,52.685001373291016,53.29999923706055,52.595001220703125,53.095001220703125,16508.0
2025-10-16 11:00:00-04:00,53.099998474121094,53.404998779296875,53.04999923706055,53.185001373291016,10100.0
2025-10-16 12:00:00-04:00,53.189998626708984,53.6150016784668,52.46500015258789,53.17499923706055,18864.0
2025-10-16 13:00:00-04:00,53.17499923706055,53.53499984741211,53.029998779296875,53.29499816894531,10463.0
2025-10-16 14:00:00-04:00,53.290000915527344,53.32500076293945,52.64500045776367,53.025001525878906,10405.0
2025-10-16 15:00:00-04:00,53.01499938964844,53.34000015258789,52.654998779296875,53.18000030517578,6792.0
2025-10-16 16:00:00-04:00,53.185001373291016,53.45000076293945,53.130001068115234,53.43000030517578,3170.0
2025-10-16 18:00:00-04:00,53.42499923706055,53.76499938964844,53.32500076293945,53.38999938964844,0.0
2025-10-16 19:00:00-04:00,53.38999938964844,53.7400016784668,53.30500030517578,53.65999984741211,2381.0
2025-10-16 20:00:00-04:00,53.654998779296875,53.68000030517578,53.209999084472656,53.310001373291016,3100.0
2025-10-16 21:00:00-04:00,53.29999923706055,53.29999923706055,52.25,52.79999923706055,13113.0
2025-10-16 22:00:00-04:00,52.78499984741211,53.125,52.73500061035156,53.04499816894531,4259.0
2025-10-16 23:00:00-04:00,53.04999923706055,53.42499923706055,52.97999954223633,53.415000915527344,3934.0
2025-10-17 00:00:00-04:00,53.41999816894531,53.54999923706055,53.28499984741211,53.47999954223633,2403.0
2025-10-17 01:00:00-04:00,53.46500015258789,53.47999954223633,53.1349983215332,53.375,3204.0
2025-10-17 02:00:00-04:00,53.375,53.40999984741211,52.81999969482422,53.130001068115234,5463.0
2025-10-17 03:00:00-04:00,53.125,53.154998779296875,52.459999084472656,52.72999954223633,6166.0
2025-10-17 04:00:00-04:00,52.75,52.80500030517578,52.400001525878906,52.75,5081.0
2025-10-17 05:00:00-04:00,52.7400016784668,52.97999954223633,52.619998931884766,52.68000030517578,3036.0
2025-10-17 06:00:00-04:00,52.65999984741211,52.935001373291016,52.45500183105469,52.57500076293945,3972.0
2025-10-17 07:00:00-04:00,52.56999969482422,52.974998474121094,51.86000061035156,51.92499923706055,9777.0
2025-10-17 08:00:00-04:00,51.93000030517578,52.369998931884766,51.57500076293945,52.099998474121094,12601.0
2025-10-17 09:00:00-04:00,52.09000015258789,52.185001373291016,50.90999984741211,51.119998931884766,22538.0
2025-10-17 10:00:00-04:00,51.11000061035156,51.11000061035156,50.1150016784668,50.875,26377.0
2025-10-17 11:00:00-04:00,50.880001068115234,51.06999969482422,50.540000915527344,50.685001373291016,9729.0
2025-10-17 12:00:00-04:00,50.689998626708984,50.79499816894531,49.775001525878906,49.8849983215332,14791.0
2025-10-17 13:00:00-04:00,49.89500045776367,50.45500183105469,49.65999984741211,50.375,13758.0
2025-10-17 14:00:00-04:00,50.39500045776367,50.689998626708984,50.345001220703125,50.59000015258789,4787.0
2025-10-17 15:00:00-04:00,50.599998474121094,50.6349983215332,50.25,50.43000030517578,3693.0
2025-10-17 16:00:00-04:00,50.439998626708984,50.68000030517578,50.40999984741211,50.630001068115234,1593.0
2025-10-19 18:00:00-04:00,50.724998474121094,51.14500045776367,50.104000091552734,50.6349983215332,3598.0
2025-10-19 19:00:00-04:00,50.6349983215332,50.6349983215332,50.26499938964844,50.35499954223633,2488.0
2025-10-19 20:00:00-04:00,50.35499954223633,50.75,50.08000183105469,50.720001220703125,4681.0
2025-10-19 21:00:00-04:00,50.720001220703125,50.9900016784668,50.369998931884766,50.709999084472656,5295.0
2025-10-19 22:00:00-04:00,50.7400016784668,51.04999923706055,50.66999816894531,50.7599983215332,2610.0
2025-10-19 23:00:00-04:00,50.755001068115234,50.96500015258789,50.564998626708984,50.96500015258789,2029.0
2025-10-20 00:00:00-04:00,50.959999084472656,50.98500061035156,50.81999969482422,50.95000076293945,968.0
2025-10-20 01:00:00-04:00,50.95000076293945,50.994998931884766,50.470001220703125,50.4900016784668,2514.0
2025-10-20 02:00:00-04:00,50.5,50.54499816894531,50.125,50.415000915527344,4863.0
2025-10-20 03:00:00-04:00,50.43000030517578,50.939998626708984,50.35499954223633,50.779998779296875,3330.0
2025-10-20 04:00:00-04:00,50.779998779296875,51.04499816894531,50.7400016784668,50.79999923706055,2109.0
2025-10-20 05:00:00-04:00,50.80500030517578,50.92499923706055,50.68000030517578,50.79499816894531,1479.0
2025-10-20 06:00:00-04:00,50.810001373291016,50.810001373291016,50.400001525878906,50.505001068115234,2600.0
2025-10-20 07:00:00-04:00,50.494998931884766,50.880001068115234,50.380001068115234,50.880001068115234,2611.0
2025-10-20 08:00:00-04:00,50.880001068115234,51.51499938964844,50.7400016784668,51.435001373291016,10233.0
2025-10-20 09:00:00-04:00,51.45000076293945,51.505001068115234,50.779998779296875,50.81999969482422,10501.0
2025-10-20 10:00:00-04:00,50.82500076293945,51.31999969482422,50.68000030517578,51.275001525878906,9047.0
2025-10-20 11:00:00-04:00,51.275001525878906,51.619998931884766,51.2400016784668,51.46500015258789,7311.0
2025-10-20 12:00:00-04:00,51.459999084472656,51.470001220703125,51.2400016784668,51.349998474121094,5627.0
2025-10-20 13:00:00-04:00,51.349998474121094,51.47999954223633,51.18000030517578,51.38999938964844,5022.0
2025-10-20 14:00:00-04:00,51.38999938964844,51.60499954223633,51.349998474121094,51.52000045776367,1984.0
2025-10-20 15:00:00-04:00,51.525001525878906,51.83000183105469,51.52000045776367,51.779998779296875,2824.0
2025-10-20 16:00:00-04:00,51.779998779296875,51.79999923706055,51.255001068115234,51.400001525878906,3495.0
2025-10-20 18:00:00-04:00,51.369998931884766,51.6150016784668,51.369998931884766,51.529998779296875,0.0
2025-10-20 19:00:00-04:00,51.529998779296875,51.55500030517578,51.35499954223633,51.45000076293945,1012.0
2025-10-20 20:00:00-04:00,51.439998626708984,51.5099983215332,51.31999969482422,51.47999954223633,1185.0
2025-10-20 21:00:00-04:00,51.5,51.5099983215332,50.63999938964844,50.86000061035156,7186.0
2025-10-20 22:00:00-04:00,50.869998931884766,51.04999923706055,50.54499816894531,50.709999084472656,5045.0
2025-10-20 23:00:00-04:00,50.72999954223633,50.88999938964844,50.689998626708984,50.79999923706055,1443.0
2025-10-21 00:00:00-04:00,50.79999923706055,50.849998474121094,50.65999984741211,50.81999969482422,896.0
2025-10-21 01:00:00-04:00,50.79999923706055,50.90999984741211,50.3849983215332,50.38999938964844,4020.0
2025-10-21 02:00:00-04:00,50.39500045776367,50.82500076293945,50.150001525878906,50.76499938964844,4780.0
2025-10-21 03:00:00-04:00,50.755001068115234,50.77000045776367,49.54999923706055,49.6349983215332,9627.0
2025-10-21 04:00:00-04:00,49.625,49.67499923706055,48.099998474121094,48.92499923706055,16852.0
2025-10-21 05:00:00-04:00,48.915000915527344,49.19499969482422,48.52000045776367,49.119998931884766,5980.0
2025-10-21 06:00:00-04:00,49.119998931884766,49.290000915527344,48.810001373291016,48.904998779296875,4631.0
2025-10-21 07:00:00-04:00,48.89500045776367,49.28499984741211,48.849998474121094,49.05500030517578,3346.0
2025-10-21 08:00:00-04:00,49.05500030517578,49.1349983215332,48.619998931884766,48.86000061035156,9339.0
2025-10-21 09:00:00-04:00,48.85499954223633,49.099998474121094,47.974998474121094,48.040000915527344,18121.0
2025-10-21 10:00:00-04:00,48.04499816894531,48.25,47.119998931884766,47.775001525878906,23424.0
2025-10-21 11:00:00-04:00,47.76499938964844,48.20000076293945,47.61000061035156,48.005001068115234,13006.0
2025-10-21 12:00:00-04:00,48.01499938964844,48.09000015258789,47.494998931884766,47.619998931884766,6908.0
2025-10-21 13:00:00-04:00,47.625,48.0099983215332,47.505001068115234,47.900001525878906,7660.0
2025-10-21 14:00:00-04:00,47.89500045776367,48.08000183105469,47.72999954223633,47.80500030517578,3521.0
2025-10-21 15:00:00-04:00,47.810001373291016,47.880001068115234,47.41999816894531,47.81999969482422,4852.0
2025-10-21 16:00:00-04:00,47.82500076293945,48.16999816894531,47.78499984741211,48.15999984741211,1354.0
2025-10-21 18:00:00-04:00,48.130001068115234,48.16999816894531,47.78499984741211,48.04499816894531,0.0
2025-10-21 19:00:00-04:00,48.04999923706055,48.10499954223633,47.63999938964844,47.685001373291016,1571.0
2025-10-21 20:00:00-04:00,47.69499969482422,48.099998474121094,46.81999969482422,47.834999084472656,10911.0
2025-10-21 21:00:00-04:00,47.83000183105469,48.13999938964844,47.70000076293945,47.845001220703125,4557.0
2025-10-21 22:00:00-04:00,47.86000061035156,48.35499954223633,47.86000061035156,48.21500015258789,2880.0
2025-10-21 23:00:00-04:00,48.220001220703125,48.42499923706055,48.119998931884766,48.275001525878906,1591.0
2025-10-22 00:00:00-04:00,48.27000045776367,48.39500045776367,48.13999938964844,48.32500076293945,1139.0
2025-10-22 01:00:00-04:00,48.33000183105469,48.54999923706055,48.31999969482422,48.42499923706055,1877.0
2025-10-22 02:00:00-04:00,48.415000915527344,48.650001525878906,48.31999969482422,48.525001525878906,2600.0
2025-10-22 03:00:00-04:00,48.52000045776367,48.540000915527344,48.08000183105469,48.150001525878906,3965.0
2025-10-22 04:00:00-04:00,48.15999984741211,48.25,47.599998474121094,47.630001068115234,9023.0
2025-10-22 05:00:00-04:00,47.6349983215332,48.0,47.6349983215332,47.779998779296875,3923.0
2025-10-22 06:00:00-04:00,47.775001525878906,48.189998626708984,47.369998931884766,47.47999954223633,5795.0
2025-10-22 07:00:00-04:00,47.47999954223633,47.625,47.185001373291016,47.30500030517578,6020.0
2025-10-22 08:00:00-04:00,47.30500030517578,47.8650016784668,47.28499984741211,47.654998779296875,7798.0
2025-10-22 09:00:00-04:00,47.65999984741211,48.2400016784668,47.65999984741211,48.189998626708984,12025.0
2025-10-22 10:00:00-04:00,48.189998626708984,48.275001525878906,47.529998779296875,47.650001525878906,10639.0
2025-10-22 11:00:00-04:00,47.64500045776367,48.01499938964844,47.63999938964844,47.86000061035156,6794.0
2025-10-22 12:00:00-04:00,47.86000061035156,48.064998626708984,47.68000030517578,47.974998474121094,5408.0
2025-10-22 13:00:00-04:00,47.974998474121094,47.974998474121094,47.54499816894531,47.810001373291016,5962.0
2025-10-22 14:00:00-04:00,47.79999923706055,48.0,47.79999923706055,47.98500061035156,2155.0
2025-10-22 15:00:00-04:00,47.98500061035156,48.459999084472656,47.970001220703125,48.28499984741211,3872.0
2025-10-22 16:00:00-04:00,48.290000915527344,48.33000183105469,48.13999938964844,48.18000030517578,1150.0
2025-10-22 18:00:00-04:00,48.14500045776367,48.314998626708984,47.91999816894531,48.21500015258789,0.0
2025-10-22 19:00:00-04:00,48.220001220703125,48.22999954223633,47.94499969482422,47.970001220703125,995.0
2025-10-22 20:00:00-04:00,47.96500015258789,48.13999938964844,47.63999938964844,47.994998931884766,2497.0
2025-10-22 21:00:00-04:00,48.0,48.125,47.849998474121094,47.86000061035156,2076.0
2025-10-22 22:00:00-04:00,47.85499954223633,48.04499816894531,47.81999969482422,48.0,1330.0
2025-10-22 23:00:00-04:00,48.0099983215332,48.310001373291016,47.935001373291016,48.099998474121094,1545.0
2025-10-23 00:00:00-04:00,48.095001220703125,48.095001220703125,47.88999938964844,48.029998779296875,992.0
2025-10-23 01:00:00-04:00,48.025001525878906,48.435001373291016,48.025001525878906,48.415000915527344,2041.0
2025-10-23 02:00:00-04:00,48.43000030517578,48.685001373291016,48.40999984741211,48.53499984741211,4266.0
2025-10-23 03:00:00-04:00,48.529998779296875,48.79999923706055,48.439998626708984,48.45000076293945,3566.0
2025-10-23 04:00:00-04:00,48.45000076293945,48.755001068115234,48.44499969482422,48.71500015258789,1842.0
2025-10-23 05:00:00-04:00,48.720001220703125,48.845001220703125,48.584999084472656,48.78499984741211,3502.0
2025-10-23 06:00:00-04:00,48.779998779296875,48.834999084472656,48.56999969482422,48.75,2342.0
2025-10-23 07:00:00-04:00,48.75,49.05500030517578,48.73500061035156,48.7599983215332,3278.0
2025-10-23 08:00:00-04:00,48.76499938964844,48.915000915527344,48.6349983215332,48.83000183105469,4191.0
2025-10-23 09:00:00-04:00,48.834999084472656,49.154998779296875,48.77000045776367,49.095001220703125,8293.0
2025-10-23 10:00:00-04:00,49.095001220703125,49.224998474121094,48.71500015258789,48.93000030517578,7393.0
2025-10-23 11:00:00-04:00,48.935001373291016,49.064998626708984,48.779998779296875,48.880001068115234,3709.0
2025-10-23 12:00:00-04:00,48.875,48.970001220703125,48.6349983215332,48.790000915527344,3392.0
2025-10-23 13:00:00-04:00,48.790000915527344,48.880001068115234,48.650001525878906,48.8650016784668,4140.0
2025-10-23 14:00:00-04:00,48.8650016784668,48.90999984741211,48.779998779296875,48.86000061035156,1556.0
2025-10-23 15:00:00-04:00,48.85499954223633,48.875,48.54499816894531,48.59000015258789,1837.0
2025-10-23 16:00:00-04:00,48.59000015258789,48.665000915527344,48.470001220703125,48.650001525878906,1040.0
2025-10-23 18:00:00-04:00,48.65999984741211,48.7599983215332,48.42499923706055,48.48500061035156,0.0
2025-10-23 19:00:00-04:00,48.48500061035156,48.58000183105469,48.349998474121094,48.53499984741211,755.0
2025-10-23 20:00:00-04:00,48.529998779296875,48.71500015258789,48.52000045776367,48.70000076293945,1119.0
2025-10-23 21:00:00-04:00,48.69499969482422,48.72999954223633,48.10499954223633,48.19499969482422,3624.0
2025-10-23 22:00:00-04:00,48.19499969482422,48.26499938964844,48.04499816894531,48.154998779296875,3038.0
2025-10-23 23:00:00-04:00,48.150001525878906,48.33000183105469,48.1150016784668,48.30500030517578,1361.0
2025-10-24 00:00:00-04:00,48.29999923706055,48.31999969482422,47.849998474121094,48.095001220703125,2361.0
2025-10-24 01:00:00-04:00,48.099998474121094,48.244998931884766,48.005001068115234,48.029998779296875,2195.0
2025-10-24 02:00:00-04:00,48.025001525878906,48.09000015258789,47.7599983215332,48.040000915527344,3825.0
2025-10-24 03:00:00-04:00,48.03499984741211,48.1150016784668,47.68000030517578,47.744998931884766,3160.0
2025-10-24 04:00:00-04:00,47.75,47.80500030517578,47.3849983215332,47.77000045776367,5006.0
2025-10-24 05:00:00-04:00,47.7599983215332,47.834999084472656,47.625,47.689998626708984,1624.0
2025-10-24 06:00:00-04:00,47.689998626708984,47.8849983215332,47.599998474121094,47.619998931884766,2137.0
2025-10-24 07:00:00-04:00,47.6150016784668,47.78499984741211,47.5099983215332,47.689998626708984,2400.0
2025-10-24 08:00:00-04:00,47.70500183105469,48.20000076293945,47.6150016784668,47.900001525878906,6238.0
2025-10-24 09:00:00-04:00,47.904998779296875,48.54499816894531,47.880001068115234,48.45000076293945,10019.0
2025-10-24 10:00:00-04:00,48.439998626708984,48.76499938964844,48.29499816894531,48.41999816894531,7391.0
2025-10-24 11:00:00-04:00,48.40999984741211,48.685001373291016,48.375,48.685001373291016,3478.0
2025-10-24 12:00:00-04:00,48.689998626708984,48.72999954223633,48.47999954223633,48.6150016784668,2426.0
2025-10-24 13:00:00-04:00,48.619998931884766,48.69499969482422,48.35499954223633,48.36000061035156,4257.0
2025-10-24 14:00:00-04:00,48.3650016784668,48.47999954223633,48.255001068115234,48.42499923706055,2511.0
2025-10-24 15:00:00-04:00,48.42499923706055,48.5099983215332,48.334999084472656,48.349998474121094,1397.0
2025-10-24 16:00:00-04:00,48.35499954223633,48.470001220703125,48.34000015258789,48.40999984741211,844.0
2025-10-26 18:00:00-04:00,48.30500030517578,48.595001220703125,48.01499938964844,48.349998474121094,2447.0
2025-10-26 19:00:00-04:00,48.369998931884766,48.38999938964844,48.04499816894531,48.13999938964844,1591.0
2025-10-26 20:00:00-04:00,48.130001068115234,48.28499984741211,47.97999954223633,48.2400016784668,1690.0
2025-10-26 21:00:00-04:00,48.23500061035156,48.5,48.1349983215332,48.314998626708984,2483.0
2025-10-26 22:00:00-04:00,48.29499816894531,48.310001373291016,48.119998931884766,48.16999816894531,1255.0
2025-10-26 23:00:00-04:00,48.18000030517578,48.23500061035156,48.0099983215332,48.01499938964844,1400.0
2025-10-27 00:00:00-04:00,47.959999084472656,48.0,47.779998779296875,47.96500015258789,2582.0
2025-10-27 01:00:00-04:00,47.959999084472656,48.34000015258789,47.959999084472656,48.310001373291016,2299.0
2025-10-27 02:00:00-04:00,48.310001373291016,48.400001525878906,48.26499938964844,48.290000915527344,1328.0
2025-10-27 03:00:00-04:00,48.290000915527344,48.349998474121094,48.099998474121094,48.1349983215332,1309.0
2025-10-27 04:00:00-04:00,48.13999938964844,48.14500045776367,47.43000030517578,47.56999969482422,4643.0
2025-10-27 05:00:00-04:00,47.57500076293945,47.78499984741211,47.529998779296875,47.63999938964844,3014.0
2025-10-27 06:00:00-04:00,47.63999938964844,47.775001525878906,47.5099983215332,47.525001525878906,1502.0
2025-10-27 07:00:00-04:00,47.51499938964844,47.60499954223633,47.130001068115234,47.189998626708984,5448.0
2025-10-27 08:00:00-04:00,47.189998626708984,47.67499923706055,47.15999984741211,47.64500045776367,4929.0
2025-10-27 09:00:00-04:00,47.650001525878906,47.7400016784668,46.904998779296875,46.9900016784668,11171.0
2025-10-27 10:00:00-04:00,46.98500061035156,47.040000915527344,46.15999984741211,46.244998931884766,19157.0
2025-10-27 11:00:00-04:00,46.2400016784668,46.529998779296875,46.05500030517578,46.5,9749.0
2025-10-27 12:00:00-04:00,46.5,46.790000915527344,46.48500061035156,46.779998779296875,4901.0
2025-10-27 13:00:00-04:00,46.78499984741211,46.9900016784668,46.67499923706055,46.95500183105469,5554.0
2025-10-27 14:00:00-04:00,46.959999084472656,47.03499984741211,46.85499954223633,46.8650016784668,2000.0
2025-10-27 15:00:00-04:00,46.869998931884766,46.959999084472656,46.665000915527344,46.779998779296875,2398.0
2025-10-27 16:00:00-04:00,46.779998779296875,46.94499969482422,46.70000076293945,46.83000183105469,1561.0
2025-10-27 18:00:00-04:00,46.849998474121094,46.970001220703125,46.77000045776367,46.78499984741211,0.0
2025-10-27 19:00:00-04:00,46.79499816894531,47.0099983215332,46.709999084472656,46.91999816894531,1362.0
2025-10-27 20:00:00-04:00,46.90999984741211,47.1150016784668,46.68000030517578,47.09000015258789,2477.0
2025-10-27 21:00:00-04:00,47.09000015258789,47.220001220703125,47.0099983215332,47.064998626708984,2305.0
2025-10-27 22:00:00-04:00,47.06999969482422,47.10499954223633,46.689998626708984,46.755001068115234,1895.0
2025-10-27 23:00:00-04:00,46.720001220703125,46.849998474121094,46.66999816894531,46.83000183105469,945.0
2025-10-28 00:00:00-04:00,46.849998474121094,46.85499954223633,46.55500030517578,46.625,1919.0
2025-10-28 01:00:00-04:00,46.630001068115234,46.72999954223633,46.43000030517578,46.63999938964844,2101.0
2025-10-28 02:00:00-04:00,46.6349983215332,46.72999954223633,46.45000076293945,46.59000015258789,2866.0
2025-10-28 03:00:00-04:00,46.599998474121094,46.63999938964844,46.224998474121094,46.435001373291016,3229.0
2025-10-28 04:00:00-04:00,46.45500183105469,46.470001220703125,45.619998931884766,45.665000915527344,7146.0
2025-10-28 05:00:00-04:00,45.66999816894531,46.029998779296875,45.5099983215332,45.95500183105469,4628.0
2025-10-28 06:00:00-04:00,45.959999084472656,46.375,45.84000015258789,46.2599983215332,3911.0
2025-10-28 07:00:00-04:00,46.255001068115234,46.54499816894531,46.095001220703125,46.415000915527344,4002.0
2025-10-28 08:00:00-04:00,46.435001373291016,46.619998931884766,46.310001373291016,46.474998474121094,5513.0
2025-10-28 09:00:00-04:00,46.494998931884766,47.040000915527344,46.494998931884766,47.040000915527344,9478.0
2025-10-28 10:00:00-04:00,47.04499816894531,47.125,46.875,47.0099983215332,6525.0
2025-10-28 11:00:00-04:00,47.01499938964844,47.26499938964844,46.974998474121094,47.21500015258789,3579.0
2025-10-28 12:00:00-04:00,47.209999084472656,47.26499938964844,47.064998626708984,47.189998626708984,3870.0
2025-10-28 13:00:00-04:00,47.185001373291016,47.375,47.14500045776367,47.2599983215332,4698.0
2025-10-28 14:00:00-04:00,47.2599983215332,47.279998779296875,46.959999084472656,47.18000030517578,2452.0
2025-10-28 15:00:00-04:00,47.18000030517578,47.224998474121094,47.125,47.19499969482422,1091.0
2025-10-28 16:00:00-04:00,47.189998626708984,47.21500015258789,47.11000061035156,47.13999938964844,639.0
2025-10-28 18:00:00-04:00,47.1349983215332,47.185001373291016,46.91999816894531,46.974998474121094,0.0
2025-10-28 19:00:00-04:00,47.0099983215332,47.27000045776367,46.9900016784668,47.255001068115234,889.0
2025-10-28 20:00:00-04:00,47.2400016784668,47.55500030517578,47.20000076293945,47.44499969482422,2105.0
2025-10-28 21:00:00-04:00,47.439998626708984,47.650001525878906,47.36000061035156,47.595001220703125,2275.0
2025-10-28 22:00:00-04:00,47.59000015258789,47.60499954223633,47.125,47.41999816894531,1924.0
2025-10-28 23:00:00-04:00,47.415000915527344,47.54499816894531,47.334999084472656,47.435001373291016,820.0
2025-10-29 00:00:00-04:00,47.44499969482422,47.48500061035156,47.35499954223633,47.380001068115234,491.0
2025-10-29 01:00:00-04:00,47.380001068115234,47.55500030517578,47.345001220703125,47.47999954223633,603.0
2025-10-29 02:00:00-04:00,47.4900016784668,47.8849983215332,47.45000076293945,47.77000045776367,2281.0
2025-10-29 03:00:00-04:00,47.7599983215332,48.125,47.744998931884766,48.125,2860.0
2025-10-29 04:00:00-04:00,48.119998931884766,48.314998626708984,48.07500076293945,48.29499816894531,2870.0
2025-10-29 05:00:00-04:00,48.290000915527344,48.415000915527344,48.23500061035156,48.29999923706055,2422.0
2025-10-29 06:00:00-04:00,48.310001373291016,48.3849983215332,48.14500045776367,48.209999084472656,2068.0
2025-10-29 07:00:00-04:00,48.21500015258789,48.28499984741211,48.1150016784668,48.189998626708984,1762.0
2025-10-29 08:00:00-04:00,48.209999084472656,48.5099983215332,48.18000030517578,48.35499954223633,4623.0
2025-10-29 09:00:00-04:00,48.35499954223633,48.35499954223633,47.97999954223633,48.1150016784668,7319.0
2025-10-29 10:00:00-04:00,48.119998931884766,48.33000183105469,48.11000061035156,48.18000030517578,4268.0
2025-10-29 11:00:00-04:00,48.18000030517578,48.220001220703125,47.915000915527344,47.9900016784668,4979.0
2025-10-29 12:00:00-04:00,47.9900016784668,48.15999984741211,47.970001220703125,48.0099983215332,2330.0
2025-10-29 13:00:00-04:00,48.0,48.025001525878906,47.73500061035156,47.900001525878906,5289.0
2025-10-29 14:00:00-04:00,47.8849983215332,48.040000915527344,47.029998779296875,47.505001068115234,14110.0
2025-10-29 15:00:00-04:00,47.494998931884766,47.709999084472656,47.1349983215332,47.3849983215332,5133.0
2025-10-29 16:00:00-04:00,47.3849983215332,47.505001068115234,47.25,47.275001525878906,1842.0
2025-10-29 18:00:00-04:00,47.290000915527344,47.58000183105469,47.15999984741211,47.51499938964844,0.0
2025-10-29 19:00:00-04:00,47.525001525878906,47.58000183105469,47.42499923706055,47.54499816894531,538.0
2025-10-29 20:00:00-04:00,47.55500030517578,47.67499923706055,47.42499923706055,47.58000183105469,1220.0
2025-10-29 21:00:00-04:00,47.58000183105469,47.755001068115234,47.415000915527344,47.48500061035156,1612.0
2025-10-29 22:00:00-04:00,47.474998474121094,47.4900016784668,47.095001220703125,47.165000915527344,2538.0
2025-10-29 23:00:00-04:00,47.15999984741211,47.3849983215332,47.130001068115234,47.36000061035156,700.0
2025-10-30 00:00:00-04:00,47.415000915527344,47.775001525878906,47.279998779296875,47.64500045776367,2732.0
2025-10-30 01:00:00-04:00,47.630001068115234,47.654998779296875,47.2599983215332,47.52000045776367,1475.0
2025-10-30 02:00:00-04:00,47.52000045776367,47.650001525878906,47.435001373291016,47.63999938964844,1265.0
2025-10-30 03:00:00-04:00,47.630001068115234,47.67499923706055,47.33000183105469,47.40999984741211,1603.0
2025-10-30 04:00:00-04:00,47.415000915527344,47.845001220703125,47.40999984741211,47.82500076293945,2335.0
2025-10-30 05:00:00-04:00,47.83000183105469,48.20000076293945,47.83000183105469,47.939998626708984,3515.0
2025-10-30 06:00:00-04:00,47.939998626708984,48.0099983215332,47.66999816894531,47.875,2056.0
2025-10-30 07:00:00-04:00,47.8650016784668,47.939998626708984,47.70000076293945,47.869998931884766,1525.0
2025-10-30 08:00:00-04:00,47.875,48.03499984741211,47.55500030517578,47.595001220703125,5336.0
2025-10-30 09:00:00-04:00,47.59000015258789,48.20500183105469,47.529998779296875,48.154998779296875,8452.0
2025-10-30 10:00:00-04:00,48.154998779296875,48.65999984741211,48.10499954223633,48.525001525878906,9462.0
2025-10-30 11:00:00-04:00,48.5099983215332,48.73500061035156,48.44499969482422,48.6150016784668,4897.0
2025-10-30 12:00:00-04:00,48.61000061035156,48.650001525878906,48.459999084472656,48.63999938964844,2293.0
2025-10-30 13:00:00-04:00,48.6349983215332,48.79499816894531,48.529998779296875,48.619998931884766,3185.0
2025-10-30 14:00:00-04:00,48.625,48.790000915527344,48.55500030517578,48.75,1664.0
2025-10-30 15:00:00-04:00,48.75,48.834999084472656,48.65999984741211,48.69499969482422,1956.0
2025-10-30 16:00:00-04:00,48.689998626708984,48.79999923706055,48.625,48.72999954223633,947.0
2025-10-30 18:00:00-04:00,48.72999954223633,48.994998931884766,48.599998474121094,48.8849983215332,0.0
2025-10-30 19:00:00-04:00,48.90999984741211,48.974998474121094,48.69499969482422,48.89500045776367,1182.0
2025-10-30 20:00:00-04:00,48.8849983215332,48.8849983215332,48.665000915527344,48.70000076293945,861.0
2025-10-30 21:00:00-04:00,48.70500183105469,48.98500061035156,48.630001068115234,48.8650016784668,1899.0
2025-10-30 22:00:00-04:00,48.849998474121094,48.97999954223633,48.47999954223633,48.57500076293945,3742.0
2025-10-30 23:00:00-04:00,48.56999969482422,48.619998931884766,48.255001068115234,48.3849983215332,2719.0
2025-10-31 00:00:00-04:00,48.375,48.52000045776367,48.314998626708984,48.46500015258789,914.0
2025-10-31 01:00:00-04:00,48.470001220703125,48.53499984741211,48.31999969482422,48.4900016784668,1345.0
2025-10-31 02:00:00-04:00,48.47999954223633,48.83000183105469,48.44499969482422,48.685001373291016,2620.0
2025-10-31 03:00:00-04:00,48.67499923706055,48.85499954223633,48.540000915527344,48.84000015258789,1867.0
2025-10-31 04:00:00-04:00,48.834999084472656,48.875,48.380001068115234,48.415000915527344,1912.0
2025-10-31 05:00:00-04:00,48.40999984741211,48.560001373291016,48.290000915527344,48.459999084472656,1733.0
2025-10-31 06:00:00-04:00,48.459999084472656,48.529998779296875,48.39500045776367,48.5099983215332,963.0
2025-10-31 07:00:00-04:00,48.505001068115234,48.619998931884766,48.459999084472656,48.56999969482422,1294.0
2025-10-31 08:00:00-04:00,48.57500076293945,48.790000915527344,48.540000915527344,48.6349983215332,3250.0
2025-10-31 09:00:00-04:00,48.64500045776367,48.720001220703125,48.31999969482422,48.46500015258789,5078.0
2025-10-31 10:00:00-04:00,48.470001220703125,48.625,48.404998779296875,48.560001373291016,3844.0
2025-10-31 11:00:00-04:00,48.55500030517578,48.685001373291016,48.44499969482422,48.474998474121094,3372.0
2025-10-31 12:00:00-04:00,48.470001220703125,48.55500030517578,47.974998474121094,48.14500045776367,7131.0
2025-10-31 13:00:00-04:00,48.150001525878906,48.415000915527344,48.01499938964844,48.30500030517578,4650.0
2025-10-31 14:00:00-04:00,48.29999923706055,48.45000076293945,48.2599983215332,48.30500030517578,1856.0
2025-10-31 15:00:00-04:00,48.30500030517578,48.39500045776367,48.19499969482422,48.224998474121094,1666.0
2025-10-31 16:00:00-04:00,48.224998474121094,48.33000183105469,48.15999984741211,48.15999984741211,703.0
2025-11-02 19:00:00-05:00,48.15999984741211,48.15999984741211,47.82500076293945,47.9900016784668,974.0
2025-11-02 20:00:00-05:00,47.994998931884766,48.314998626708984,47.79999923706055,48.17499923706055,2498.0
2025-11-02 21:00:00-05:00,48.16999816894531,48.525001525878906,48.130001068115234,48.505001068115234,1295.0
2025-11-02 22:00:00-05:00,48.505001068115234,48.619998931884766,48.470001220703125,48.55500030517578,1050.0
2025-11-02 23:00:00-05:00,48.55500030517578,48.59000015258789,48.470001220703125,48.474998474121094,456.0
2025-11-03 00:00:00-05:00,48.47999954223633,48.689998626708984,48.45000076293945,48.6349983215332,927.0
2025-11-03 01:00:00-05:00,48.654998779296875,48.724998474121094,48.55500030517578,48.59000015258789,996.0
2025-11-03 02:00:00-05:00,48.584999084472656,48.79499816894531,48.525001525878906,48.78499984741211,1385.0
2025-11-03 03:00:00-05:00,48.78499984741211,48.834999084472656,48.540000915527344,48.650001525878906,2335.0
2025-11-03 04:00:00-05:00,48.650001525878906,48.720001220703125,48.18000030517578,48.375,2364.0
2025-11-03 05:00:00-05:00,48.369998931884766,48.435001373291016,48.224998474121094,48.375,1038.0
2025-11-03 06:00:00-05:00,48.369998931884766,48.5,48.310001373291016,48.5,851.0
2025-11-03 07:00:00-05:00,48.505001068115234,48.52000045776367,48.36000061035156,48.494998931884766,1144.0
2025-11-03 08:00:00-05:00,48.505001068115234,48.540000915527344,48.27000045776367,48.279998779296875,3334.0
2025-11-03 09:00:00-05:00,48.279998779296875,48.70500183105469,48.275001525878906,48.630001068115234,6115.0
2025-11-03 10:00:00-05:00,48.665000915527344,48.69499969482422,47.83000183105469,48.11000061035156,9829.0
2025-11-03 11:00:00-05:00,48.10499954223633,48.21500015258789,47.98500061035156,48.189998626708984,3480.0
2025-11-03 12:00:00-05:00,48.189998626708984,48.20500183105469,48.095001220703125,48.13999938964844,2179.0
2025-11-03 13:00:00-05:00,48.150001525878906,48.154998779296875,47.96500015258789,48.0099983215332,3012.0
2025-11-03 14:00:00-05:00,48.0099983215332,48.04499816894531,47.7599983215332,47.95000076293945,2641.0
2025-11-03 15:00:00-05:00,47.95000076293945,48.095001220703125,47.95000076293945,48.04499816894531,1047.0
2025-11-03 16:00:00-05:00,48.040000915527344,48.05500030517578,47.88999938964844,47.90999984741211,515.0
2025-11-03 18:00:00-05:00,47.8849983215332,47.935001373291016,47.54499816894531,47.77000045776367,0.0
2025-11-03 19:00:00-05:00,47.76499938964844,47.875,47.70000076293945,47.775001525878906,1240.0
2025-11-03 20:00:00-05:00,47.779998779296875,47.96500015258789,47.69499969482422,47.91999816894531,1229.0
2025-11-03 21:00:00-05:00,47.91999816894531,47.91999816894531,47.40999984741211,47.6349983215332,2118.0
2025-11-03 22:00:00-05:00,47.63999938964844,47.91999816894531,47.529998779296875,47.89500045776367,1401.0
2025-11-03 23:00:00-05:00,47.8849983215332,47.95000076293945,47.78499984741211,47.814998626708984,574.0
2025-11-04 00:00:00-05:00,47.79499816894531,47.80500030517578,47.244998931884766,47.25,1870.0
2025-11-04 01:00:00-05:00,47.25,47.39500045776367,47.150001525878906,47.375,2662.0
2025-11-04 02:00:00-05:00,47.369998931884766,47.540000915527344,47.255001068115234,47.529998779296875,1610.0
2025-11-04 03:00:00-05:00,47.54499816894531,47.779998779296875,47.43000030517578,47.66999816894531,2943.0
2025-11-04 04:00:00-05:00,47.66999816894531,47.724998474121094,47.39500045776367,47.43000030517578,1497.0
2025-11-04 05:00:00-05:00,47.41999816894531,47.60499954223633,47.29999923706055,47.54499816894531,1959.0
2025-11-04 06:00:00-05:00,47.54999923706055,47.619998931884766,47.44499969482422,47.51499938964844,993.0
2025-11-04 07:00:00-05:00,47.52000045776367,47.63999938964844,47.375,47.3849983215332,1641.0
2025-11-04 08:00:00-05:00,47.375,47.55500030517578,47.13999938964844,47.279998779296875,3892.0
2025-11-04 09:00:00-05:00,47.279998779296875,47.42499923706055,46.650001525878906,47.099998474121094,12716.0
2025-11-04 10:00:00-05:00,47.099998474121094,47.275001525878906,46.82500076293945,47.18000030517578,5999.0
2025-11-04 11:00:00-05:00,47.185001373291016,47.625,47.165000915527344,47.540000915527344,5067.0
2025-11-04 12:00:00-05:00,47.54499816894531,47.560001373291016,47.2400016784668,47.30500030517578,2573.0
2025-11-04 13:00:00-05:00,47.29999923706055,47.32500076293945,47.01499938964844,47.119998931884766,3212.0
2025-11-04 14:00:00-05:00,47.11000061035156,47.165000915527344,46.95500183105469,46.970001220703125,1793.0
2025-11-04 15:00:00-05:00,46.970001220703125,47.02000045776367,46.849998474121094,46.915000915527344,1635.0
2025-11-04 16:00:00-05:00,46.915000915527344,46.939998626708984,46.82500076293945,46.89500045776367,577.0
2025-11-04 18:00:00-05:00,46.900001525878906,46.91999816894531,46.689998626708984,46.779998779296875,0.0
2025-11-04 19:00:00-05:00,46.77000045776367,46.915000915527344,46.52000045776367,46.84000015258789,1644.0
2025-11-04 20:00:00-05:00,46.84000015258789,46.97999954223633,46.72999954223633,46.810001373291016,2098.0
2025-11-04 21:00:00-05:00,46.814998626708984,47.189998626708984,46.72999954223633,47.14500045776367,1926.0
2025-11-04 22:00:00-05:00,47.150001525878906,47.404998779296875,47.130001068115234,47.32500076293945,1399.0
2025-11-04 23:00:00-05:00,47.31999969482422,47.56999969482422,47.244998931884766,47.459999084472656,1463.0
2025-11-05 00:00:00-05:00,47.47999954223633,47.619998931884766,47.380001068115234,47.47999954223633,1921.0
2025-11-05 01:00:00-05:00,47.48500061035156,47.53499984741211,47.404998779296875,47.42499923706055,1187.0
2025-11-05 02:00:00-05:00,47.42499923706055,47.584999084472656,47.275001525878906,47.54499816894531,1580.0
2025-11-05 03:00:00-05:00,47.54499816894531,47.77000045776367,47.53499984741211,47.665000915527344,3265.0
2025-11-05 04:00:00-05:00,47.654998779296875,47.69499969482422,47.39500045776367,47.625,1638.0
2025-11-05 05:00:00-05:00,47.630001068115234,47.6349983215332,47.29499816894531,47.345001220703125,1185.0
2025-11-05 06:00:00-05:00,47.34000015258789,47.4900016784668,47.33000183105469,47.400001525878906,893.0
2025-11-05 07:00:00-05:00,47.400001525878906,47.45000076293945,47.2400016784668,47.435001373291016,1701.0
2025-11-05 08:00:00-05:00,47.439998626708984,47.845001220703125,47.345001220703125,47.775001525878906,4903.0
2025-11-05 09:00:00-05:00,47.77000045776367,47.849998474121094,47.625,47.724998474121094,3868.0
2025-11-05 10:00:00-05:00,47.724998474121094,48.05500030517578,47.584999084472656,47.94499969482422,5870.0
2025-11-05 11:00:00-05:00,47.95000076293945,47.9900016784668,47.790000915527344,47.970001220703125,2395.0
2025-11-05 12:00:00-05:00,47.974998474121094,48.064998626708984,47.92499923706055,48.03499984741211,2300.0
2025-11-05 13:00:00-05:00,48.040000915527344,48.06999969482422,47.935001373291016,48.0099983215332,2414.0
2025-11-05 14:00:00-05:00,48.0099983215332,48.084999084472656,47.935001373291016,48.06999969482422,831.0
2025-11-05 15:00:00-05:00,48.06999969482422,48.1150016784668,47.959999084472656,47.97999954223633,1096.0
2025-11-05 16:00:00-05:00,47.974998474121094,47.98500061035156,47.845001220703125,47.86000061035156,610.0
2025-11-05 18:00:00-05:00,47.849998474121094,47.915000915527344,47.709999084472656,47.84000015258789,0.0
2025-11-05 19:00:00-05:00,47.82500076293945,47.939998626708984,47.790000915527344,47.92499923706055,671.0
2025-11-05 20:00:00-05:00,47.93000030517578,47.93000030517578,47.61000061035156,47.70000076293945,2037.0
2025-11-05 21:00:00-05:00,47.709999084472656,47.900001525878906,47.630001068115234,47.849998474121094,1118.0
2025-11-05 22:00:00-05:00,47.849998474121094,48.060001373291016,47.73500061035156,48.02000045776367,898.0
2025-11-05 23:00:00-05:00,48.01499938964844,48.16999816894531,47.974998474121094,48.084999084472656,887.0
2025-11-06 00:00:00-05:00,48.08000183105469,48.185001373291016,48.04499816894531,48.16999816894531,1035.0
2025-11-06 01:00:00-05:00,48.15999984741211,48.20000076293945,48.04499816894531,48.165000915527344,1007.0
2025-11-06 02:00:00-05:00,48.16999816894531,48.375,48.16999816894531,48.28499984741211,1298.0
2025-11-06 03:00:00-05:00,48.27000045776367,48.6150016784668,48.2599983215332,48.564998626708984,2045.0
2025-11-06 04:00:00-05:00,48.560001373291016,48.59000015258789,48.40999984741211,48.41999816894531,1398.0
2025-11-06 05:00:00-05:00,48.42499923706055,48.494998931884766,48.28499984741211,48.470001220703125,1209.0
2025-11-06 06:00:00-05:00,48.470001220703125,48.560001373291016,48.3650016784668,48.505001068115234,1042.0
2025-11-06 07:00:00-05:00,48.5099983215332,48.564998626708984,48.34000015258789,48.349998474121094,1881.0
2025-11-06 08:00:00-05:00,48.35499954223633,48.494998931884766,48.334999084472656,48.349998474121094,2139.0
2025-11-06 09:00:00-05:00,48.349998474121094,48.375,47.90999984741211,47.994998931884766,7095.0
2025-11-06 10:00:00-05:00,48.0,48.04499816894531,47.619998931884766,47.665000915527344,8878.0
2025-11-06 11:00:00-05:00,47.665000915527344,47.80500030517578,47.59000015258789,47.7400016784668,3633.0
2025-11-06 12:00:00-05:00,47.744998931884766,47.88999938964844,47.40999984741211,47.86000061035156,4639.0
2025-11-06 13:00:00-05:00,47.86000061035156,48.064998626708984,47.75,47.97999954223633,3624.0
2025-11-06 14:00:00-05:00,47.974998474121094,48.10499954223633,47.90999984741211,48.0099983215332,1399.0
2025-11-06 15:00:00-05:00,48.005001068115234,48.029998779296875,47.81999969482422,47.845001220703125,1143.0
2025-11-06 16:00:00-05:00,47.845001220703125,47.875,47.80500030517578,47.845001220703125,411.0
2025-11-06 18:00:00-05:00,47.86000061035156,48.04999923706055,47.779998779296875,48.040000915527344,0.0
2025-11-06 19:00:00-05:00,48.029998779296875,48.064998626708984,47.939998626708984,48.0,581.0
2025-11-06 20:00:00-05:00,47.9900016784668,48.2400016784668,47.959999084472656,48.224998474121094,1296.0
2025-11-06 21:00:00-05:00,48.244998931884766,48.26499938964844,48.095001220703125,48.15999984741211,1057.0
2025-11-06 22:00:00-05:00,48.15999984741211,48.209999084472656,48.04499816894531,48.14500045776367,557.0
2025-11-06 23:00:00-05:00,48.130001068115234,48.345001220703125,48.099998474121094,48.345001220703125,625.0
2025-11-07 00:00:00-05:00,48.32500076293945,48.400001525878906,48.22999954223633,48.28499984741211,1080.0
2025-11-07 01:00:00-05:00,48.26499938964844,48.5099983215332,48.2400016784668,48.474998474121094,1419.0
2025-11-07 02:00:00-05:00,48.47999954223633,48.560001373291016,48.40999984741211,48.51499938964844,1299.0
2025-11-07 03:00:00-05:00,48.52000045776367,48.65999984741211,48.43000030517578,48.650001525878906,1466.0
2025-11-07 04:00:00-05:00,48.654998779296875,48.72999954223633,48.56999969482422,48.619998931884766,1817.0
2025-11-07 05:00:00-05:00,48.6150016784668,48.72999954223633,48.58000183105469,48.689998626708984,1169.0
2025-11-07 06:00:00-05:00,48.685001373291016,48.69499969482422,48.255001068115234,48.52000045776367,2529.0
2025-11-07 07:00:00-05:00,48.529998779296875,48.70000076293945,48.275001525878906,48.380001068115234,2536.0
2025-11-07 08:00:00-05:00,48.38999938964844,48.54999923706055,48.224998474121094,48.32500076293945,3350.0
2025-11-07 09:00:00-05:00,48.31999969482422,48.53499984741211,48.06999969482422,48.20000076293945,6254.0
2025-11-07 10:00:00-05:00,48.21500015258789,48.23500061035156,47.92499923706055,48.04999923706055,4512.0
2025-11-07 11:00:00-05:00,48.04499816894531,48.67499923706055,48.03499984741211,48.19499969482422,8642.0
2025-11-07 12:00:00-05:00,48.189998626708984,48.255001068115234,47.84000015258789,48.099998474121094,8211.0
2025-11-07 13:00:00-05:00,48.10499954223633,48.209999084472656,48.08000183105469,48.150001525878906,9008.0
2025-11-07 14:00:00-05:00,48.14500045776367,48.310001373291016,48.11000061035156,48.29999923706055,1635.0
2025-11-07 15:00:00-05:00,48.30500030517578,48.30500030517578,48.06999969482422,48.290000915527344,1332.0
2025-11-07 16:00:00-05:00,48.279998779296875,48.310001373291016,48.143001556396484,48.143001556396484,415.0
2025-11-09 18:00:00-05:00,48.46500015258789,48.540000915527344,48.143001556396484,48.529998779296875,734.0
2025-11-09 19:00:00-05:00,48.53499984741211,48.560001373291016,48.44499969482422,48.4900016784668,1218.0
2025-11-09 20:00:00-05:00,48.48500061035156,49.42499923706055,48.470001220703125,49.060001373291016,8048.0
2025-11-09 21:00:00-05:00,49.04999923706055,49.11000061035156,48.7400016784668,49.064998626708984,3438.0
2025-11-09 22:00:00-05:00,49.064998626708984,49.244998931884766,49.029998779296875,49.119998931884766,1425.0
2025-11-09 23:00:00-05:00,49.130001068115234,49.29499816894531,49.130001068115234,49.255001068115234,886.0
2025-11-10 00:00:00-05:00,49.255001068115234,49.53499984741211,49.19499969482422,49.505001068115234,2272.0
2025-11-10 01:00:00-05:00,49.505001068115234,49.619998931884766,49.439998626708984,49.58000183105469,2124.0
2025-11-10 02:00:00-05:00,49.57500076293945,49.83000183105469,49.54999923706055,49.654998779296875,2731.0
2025-11-10 03:00:00-05:00,49.654998779296875,49.939998626708984,49.654998779296875,49.88999938964844,3304.0
2025-11-10 04:00:00-05:00,49.900001525878906,49.900001525878906,49.6150016784668,49.755001068115234,2608.0
2025-11-10 05:00:00-05:00,49.77000045776367,49.92499923706055,49.755001068115234,49.875,1963.0
2025-11-10 06:00:00-05:00,49.880001068115234,49.904998779296875,49.7599983215332,49.89500045776367,1166.0
2025-11-10 07:00:00-05:00,49.89500045776367,50.119998931884766,49.869998931884766,50.04999923706055,3712.0
2025-11-10 08:00:00-05:00,50.05500030517578,50.11000061035156,49.68000030517578,49.72999954223633,6323.0
2025-11-10 09:00:00-05:00,49.73500061035156,49.900001525878906,49.4900016784668,49.845001220703125,7278.0
2025-11-10 10:00:00-05:00,49.849998474121094,49.94499969482422,49.6349983215332,49.709999084472656,4928.0
2025-11-10 11:00:00-05:00,49.70500183105469,49.97999954223633,49.63999938964844,49.97999954223633,3135.0
2025-11-10 12:00:00-05:00,49.97999954223633,50.255001068115234,49.95500183105469,50.255001068115234,4627.0
2025-11-10 13:00:00-05:00,50.255001068115234,50.3849983215332,50.189998626708984,50.349998474121094,10685.0
2025-11-10 14:00:00-05:00,50.35499954223633,50.46500015258789,50.314998626708984,50.44499969482422,1937.0
2025-11-10 15:00:00-05:00,50.45000076293945,50.47999954223633,50.310001373291016,50.369998931884766,2162.0
2025-11-10 16:00:00-05:00,50.369998931884766,50.470001220703125,50.36000061035156,50.404998779296875,773.0
2025-11-10 18:00:00-05:00,50.44499969482422,50.529998779296875,50.31999969482422,50.42499923706055,0.0
2025-11-10 19:00:00-05:00,50.439998626708984,50.6349983215332,50.3849983215332,50.6150016784668,1787.0
2025-11-10 20:00:00-05:00,50.60499954223633,50.724998474121094,50.45000076293945,50.53499984741211,2588.0
2025-11-10 21:00:00-05:00,50.540000915527344,50.59000015258789,50.380001068115234,50.51499938964844,1518.0
2025-11-10 22:00:00-05:00,50.529998779296875,50.869998931884766,50.529998779296875,50.8650016784668,1613.0
2025-11-10 23:00:00-05:00,50.8650016784668,51.025001525878906,50.80500030517578,50.845001220703125,1564.0
2025-11-11 00:00:00-05:00,50.83000183105469,50.85499954223633,50.494998931884766,50.630001068115234,2507.0
2025-11-11 01:00:00-05:00,50.619998931884766,50.755001068115234,50.525001525878906,50.525001525878906,1591.0
2025-11-11 02:00:00-05:00,50.53499984741211,50.57500076293945,50.345001220703125,50.48500061035156,1593.0
2025-11-11 03:00:00-05:00,50.48500061035156,50.70000076293945,50.48500061035156,50.560001373291016,1200.0
2025-11-11 04:00:00-05:00,50.54999923706055,50.84000015258789,50.529998779296875,50.77000045776367,1850.0
2025-11-11 05:00:00-05:00,50.76499938964844,50.82500076293945,50.650001525878906,50.7599983215332,1419.0
2025-11-11 06:00:00-05:00,50.76499938964844,51.060001373291016,50.744998931884766,51.029998779296875,3371.0
2025-11-11 07:00:00-05:00,51.03499984741211,51.099998474121094,50.75,50.755001068115234,3330.0
2025-11-11 08:00:00-05:00,50.755001068115234,51.06999969482422,50.720001220703125,50.9900016784668,4415.0
2025-11-11 09:00:00-05:00,50.97999954223633,51.084999084472656,50.564998626708984,50.70000076293945,7525.0
2025-11-11 10:00:00-05:00,50.689998626708984,50.689998626708984,50.150001525878906,50.33000183105469,12018.0
2025-11-11 11:00:00-05:00,50.32500076293945,50.66999816894531,50.28499984741211,50.564998626708984,4656.0
2025-11-11 12:00:00-05:00,50.564998626708984,50.7400016784668,50.54499816894531,50.71500015258789,3095.0
2025-11-11 13:00:00-05:00,50.70000076293945,50.900001525878906,50.625,50.8849983215332,7172.0
2025-11-11 14:00:00-05:00,50.880001068115234,51.0099983215332,50.82500076293945,50.89500045776367,1492.0
2025-11-11 15:00:00-05:00,50.90999984741211,51.130001068115234,50.904998779296875,51.08000183105469,1599.0
2025-11-11 16:00:00-05:00,51.07500076293945,51.10499954223633,51.0099983215332,51.07500076293945,0.0
2025-11-11 18:00:00-05:00,51.07500076293945,51.279998779296875,51.06999969482422,51.16999816894531,1154.0
2025-11-11 19:00:00-05:00,51.18000030517578,51.27000045776367,50.92499923706055,50.994998931884766,1619.0
2025-11-11 20:00:00-05:00,51.0099983215332,51.21500015258789,50.88999938964844,51.1349983215332,2665.0
2025-11-11 21:00:00-05:00,51.13999938964844,51.220001220703125,50.9900016784668,51.084999084472656,1816.0
2025-11-11 22:00:00-05:00,51.084999084472656,51.13999938964844,50.915000915527344,50.91999816894531,1219.0
2025-11-11 23:00:00-05:00,50.91999816894531,51.02000045776367,50.7599983215332,50.96500015258789,1176.0
2025-11-12 00:00:00-05:00,50.95500183105469,51.005001068115234,50.86000061035156,50.93000030517578,1308.0
2025-11-12 01:00:00-05:00,50.93000030517578,51.439998626708984,50.91999816894531,51.42499923706055,3470.0
2025-11-12 02:00:00-05:00,51.439998626708984,51.630001068115234,51.32500076293945,51.494998931884766,2527.0
2025-11-12 03:00:00-05:00,51.5,51.72999954223633,51.38999938964844,51.654998779296875,2399.0
2025-11-12 04:00:00-05:00,51.6349983215332,51.755001068115234,51.564998626708984,51.654998779296875,1646.0
2025-11-12 05:00:00-05:00,51.64500045776367,51.70500183105469,51.505001068115234,51.65999984741211,1547.0
2025-11-12 06:00:00-05:00,51.665000915527344,51.70500183105469,51.35499954223633,51.400001525878906,2311.0
2025-11-12 07:00:00-05:00,51.400001525878906,51.685001373291016,51.3650016784668,51.58000183105469,1886.0
2025-11-12 08:00:00-05:00,51.58000183105469,51.72999954223633,51.39500045776367,51.560001373291016,4324.0
2025-11-12 09:00:00-05:00,51.57500076293945,52.3650016784668,51.54499816894531,52.290000915527344,10585.0
2025-11-12 10:00:00-05:00,52.28499984741211,53.02000045776367,52.2400016784668,52.83000183105469,16375.0
2025-11-12 11:00:00-05:00,52.82500076293945,53.474998474121094,52.63999938964844,53.40999984741211,11859.0
2025-11-12 12:00:00-05:00,53.40999984741211,53.48500061035156,53.1150016784668,53.375,9095.0
2025-11-12 13:00:00-05:00,53.380001068115234,53.625,53.18000030517578,53.564998626708984,14998.0
2025-11-12 14:00:00-05:00,53.56999969482422,53.619998931884766,53.26499938964844,53.40999984741211,3499.0
2025-11-12 15:00:00-05:00,53.400001525878906,53.45000076293945,53.224998474121094,53.26499938964844,2605.0
2025-11-12 16:00:00-05:00,53.275001525878906,53.38999938964844,53.14500045776367,53.22999954223633,1477.0
2025-11-12 18:00:00-05:00,53.275001525878906,53.3849983215332,53.130001068115234,53.16999816894531,0.0
2025-11-12 19:00:00-05:00,53.17499923706055,53.36000061035156,53.025001525878906,53.34000015258789,2345.0
2025-11-12 20:00:00-05:00,53.334999084472656,53.415000915527344,52.8849983215332,53.36000061035156,4130.0
2025-11-12 21:00:00-05:00,53.36000061035156,53.58000183105469,53.224998474121094,53.3650016784668,2360.0
2025-11-12 22:00:00-05:00,53.38999938964844,54.25,53.380001068115234,54.22999954223633,7665.0
2025-11-12 23:00:00-05:00,54.224998474121094,54.415000915527344,53.86000061035156,54.09000015258789,4406.0
2025-11-13 00:00:00-05:00,54.060001373291016,54.36000061035156,53.90999984741211,54.02000045776367,4281.0
2025-11-13 01:00:00-05:00,54.0,54.165000915527344,53.869998931884766,54.11000061035156,2345.0
2025-11-13 02:00:00-05:00,54.11000061035156,54.224998474121094,53.91999816894531,54.08000183105469,3084.0
2025-11-13 03:00:00-05:00,54.06999969482422,54.375,54.03499984741211,54.185001373291016,4349.0
2025-11-13 04:00:00-05:00,54.185001373291016,54.275001525878906,53.974998474121094,54.04999923706055,2287.0
2025-11-13 05:00:00-05:00,54.04999923706055,54.154998779296875,53.43000030517578,53.59000015258789,4229.0
2025-11-13 06:00:00-05:00,53.595001220703125,53.810001373291016,53.435001373291016,53.7400016784668,4563.0
2025-11-13 07:00:00-05:00,53.72999954223633,54.04999923706055,53.720001220703125,53.9900016784668,3783.0
2025-11-13 08:00:00-05:00,53.97999954223633,54.029998779296875,53.040000915527344,53.47999954223633,10991.0
2025-11-13 09:00:00-05:00,53.494998931884766,53.494998931884766,52.64500045776367,52.95000076293945,14515.0
2025-11-13 10:00:00-05:00,52.939998626708984,53.16999816894531,52.55500030517578,52.72999954223633,10001.0
2025-11-13 11:00:00-05:00,52.72999954223633,53.154998779296875,52.724998474121094,53.084999084472656,6184.0
2025-11-13 12:00:00-05:00,53.08000183105469,53.224998474121094,52.82500076293945,53.130001068115234,4357.0
2025-11-13 13:00:00-05:00,53.1349983215332,53.224998474121094,51.98500061035156,52.32500076293945,17226.0
2025-11-13 14:00:00-05:00,52.33000183105469,52.564998626708984,52.04499816894531,52.349998474121094,3976.0
2025-11-13 15:00:00-05:00,52.34000015258789,52.459999084472656,52.099998474121094,52.224998474121094,2813.0
2025-11-13 16:00:00-05:00,52.224998474121094,52.505001068115234,52.18000030517578,52.22999954223633,1324.0
2025-11-13 18:00:00-05:00,52.20000076293945,52.48500061035156,52.084999084472656,52.45000076293945,0.0
2025-11-13 19:00:00-05:00,52.44499969482422,52.724998474121094,52.42499923706055,52.63999938964844,1888.0
2025-11-13 20:00:00-05:00,52.630001068115234,52.91999816894531,52.47999954223633,52.84000015258789,3474.0
2025-11-13 21:00:00-05:00,52.849998474121094,53.244998931884766,52.79499816894531,53.13999938964844,3116.0
2025-11-13 22:00:00-05:00,53.119998931884766,53.375,53.029998779296875,53.15999984741211,1932.0
2025-11-13 23:00:00-05:00,53.16999816894531,53.189998626708984,52.845001220703125,52.974998474121094,1645.0
2025-11-14 00:00:00-05:00,52.95500183105469,52.95500183105469,52.474998474121094,52.8650016784668,3288.0
2025-11-14 01:00:00-05:00,52.834999084472656,52.92499923706055,52.45000076293945,52.47999954223633,2936.0
2025-11-14 02:00:00-05:00,52.4900016784668,52.86000061035156,52.25,52.834999084472656,3111.0
2025-11-14 03:00:00-05:00,52.834999084472656,53.005001068115234,52.60499954223633,52.709999084472656,3178.0
2025-11-14 04:00:00-05:00,52.71500015258789,52.75,52.52000045776367,52.61000061035156,2057.0
2025-11-14 05:00:00-05:00,52.595001220703125,52.67499923706055,52.439998626708984,52.474998474121094,1841.0
2025-11-14 06:00:00-05:00,52.5099983215332,52.529998779296875,51.834999084472656,51.849998474121094,6136.0
2025-11-14 07:00:00-05:00,51.845001220703125,51.935001373291016,51.31999969482422,51.70000076293945,8960.0
2025-11-14 08:00:00-05:00,51.70000076293945,51.810001373291016,50.279998779296875,50.5099983215332,22219.0
2025-11-14 09:00:00-05:00,50.494998931884766,50.834999084472656,49.86000061035156,50.814998626708984,20481.0
2025-11-14 10:00:00-05:00,50.814998626708984,51.17499923706055,50.57500076293945,51.14500045776367,12040.0
2025-11-14 11:00:00-05:00,51.150001525878906,51.36000061035156,50.939998626708984,51.220001220703125,6917.0
2025-11-14 12:00:00-05:00,51.224998474121094,51.29499816894531,50.9900016784668,51.07500076293945,4539.0
2025-11-14 13:00:00-05:00,51.08000183105469,51.095001220703125,50.63999938964844,50.915000915527344,8118.0
2025-11-14 14:00:00-05:00,50.915000915527344,50.974998474121094,50.625,50.67499923706055,2318.0
2025-11-14 15:00:00-05:00,50.66999816894531,50.709999084472656,50.375,50.54999923706055,3173.0
2025-11-14 16:00:00-05:00,50.54499816894531,50.54999923706055,50.3849983215332,50.43000030517578,1068.0
2025-11-16 18:00:00-05:00,50.685001373291016,50.90999984741211,50.630001068115234,50.720001220703125,1606.0
2025-11-16 19:00:00-05:00,50.709999084472656,50.744998931884766,50.53499984741211,50.654998779296875,1007.0
2025-11-16 20:00:00-05:00,50.654998779296875,50.9900016784668,50.6349983215332,50.665000915527344,2900.0
2025-11-16 21:00:00-05:00,50.665000915527344,50.93000030517578,50.47999954223633,50.709999084472656,2485.0
2025-11-16 22:00:00-05:00,50.685001373291016,50.869998931884766,50.595001220703125,50.790000915527344,991.0
2025-11-16 23:00:00-05:00,50.78499984741211,50.82500076293945,50.58000183105469,50.630001068115234,460.0
2025-11-17 00:00:00-05:00,50.64500045776367,50.654998779296875,50.125,50.40999984741211,3380.0
2025-11-17 01:00:00-05:00,50.40999984741211,50.63999938964844,50.34000015258789,50.439998626708984,2373.0
2025-11-17 02:00:00-05:00,50.435001373291016,51.02000045776367,50.43000030517578,50.959999084472656,2508.0
2025-11-17 03:00:00-05:00,50.959999084472656,51.11000061035156,50.525001525878906,50.744998931884766,2860.0
2025-11-17 04:00:00-05:00,50.72999954223633,50.94499969482422,50.584999084472656,50.869998931884766,1553.0
2025-11-17 05:00:00-05:00,50.85499954223633,50.959999084472656,50.6150016784668,50.720001220703125,1470.0
2025-11-17 06:00:00-05:00,50.71500015258789,50.93000030517578,50.564998626708984,50.86000061035156,3017.0
2025-11-17 07:00:00-05:00,50.849998474121094,50.89500045776367,50.650001525878906,50.65999984741211,2687.0
2025-11-17 08:00:00-05:00,50.665000915527344,50.89500045776367,50.290000915527344,50.369998931884766,5946.0
2025-11-17 09:00:00-05:00,50.3650016784668,50.755001068115234,50.290000915527344,50.685001373291016,5516.0
2025-11-17 10:00:00-05:00,50.68000030517578,50.834999084472656,50.43000030517578,50.63999938964844,5162.0
2025-11-17 11:00:00-05:00,50.654998779296875,50.77000045776367,50.36000061035156,50.654998779296875,5551.0
2025-11-17 12:00:00-05:00,50.65999984741211,50.79499816894531,50.60499954223633,50.689998626708984,2508.0
2025-11-17 13:00:00-05:00,50.685001373291016,50.790000915527344,50.39500045776367,50.40999984741211,3568.0
2025-11-17 14:00:00-05:00,50.404998779296875,50.470001220703125,49.42499923706055,49.42499923706055,9459.0
2025-11-17 15:00:00-05:00,49.43000030517578,49.9900016784668,49.345001220703125,49.98500061035156,3933.0
2025-11-17 16:00:00-05:00,49.97999954223633,50.095001220703125,49.95500183105469,50.04999923706055,1214.0
2025-11-17 18:00:00-05:00,50.060001373291016,50.14500045776367,49.31999969482422,49.689998626708984,0.0
2025-11-17 19:00:00-05:00,49.70500183105469,49.95500183105469,49.51499938964844,49.935001373291016,1731.0
2025-11-17 20:00:00-05:00,49.94499969482422,50.01499938964844,49.59000015258789,49.67499923706055,2744.0
2025-11-17 21:00:00-05:00,49.66999816894531,49.869998931884766,49.584999084472656,49.599998474121094,889.0
2025-11-17 22:00:00-05:00,49.599998474121094,49.78499984741211,49.505001068115234,49.54999923706055,1762.0
2025-11-17 23:00:00-05:00,49.54499816894531,49.54999923706055,49.23500061035156,49.40999984741211,2206.0
2025-11-18 00:00:00-05:00,49.38999938964844,49.654998779296875,49.38999938964844,49.52000045776367,1863.0
2025-11-18 01:00:00-05:00,49.529998779296875,49.54499816894531,49.23500061035156,49.279998779296875,2148.0
2025-11-18 02:00:00-05:00,49.290000915527344,49.540000915527344,49.1150016784668,49.474998474121094,2611.0
2025-11-18 03:00:00-05:00,49.474998474121094,50.189998626708984,49.46500015258789,50.130001068115234,5583.0
2025-11-18 04:00:00-05:00,50.11000061035156,50.369998931884766,50.01499938964844,50.2400016784668,2717.0
2025-11-18 05:00:00-05:00,50.22999954223633,50.380001068115234,50.17499923706055,50.30500030517578,1634.0
2025-11-18 06:00:00-05:00,50.290000915527344,50.36000061035156,50.07500076293945,50.099998474121094,1473.0
2025-11-18 07:00:00-05:00,50.099998474121094,50.13999938964844,49.68000030517578,49.71500015258789,4462.0
2025-11-18 08:00:00-05:00,49.720001220703125,50.22999954223633,49.68000030517578,50.099998474121094,7232.0
2025-11-18 09:00:00-05:00,50.099998474121094,50.654998779296875,50.040000915527344,50.36000061035156,8316.0
2025-11-18 10:00:00-05:00,50.36000061035156,50.58000183105469,50.119998931884766,50.20500183105469,6973.0
2025-11-18 11:00:00-05:00,50.20500183105469,50.56999969482422,50.064998626708984,50.5099983215332,5247.0
2025-11-18 12:00:00-05:00,50.505001068115234,50.6150016784668,50.369998931884766,50.57500076293945,2739.0
2025-11-18 13:00:00-05:00,50.57500076293945,50.665000915527344,50.470001220703125,50.59000015258789,3835.0
2025-11-18 14:00:00-05:00,50.60499954223633,51.02000045776367,50.595001220703125,51.02000045776367,4503.0
2025-11-18 15:00:00-05:00,51.0099983215332,51.03499984741211,50.654998779296875,50.65999984741211,1651.0
2025-11-18 16:00:00-05:00,50.65999984741211,50.709999084472656,50.51499938964844,50.540000915527344,820.0
2025-11-18 18:00:00-05:00,50.54999923706055,50.709999084472656,50.5099983215332,50.689998626708984,0.0
2025-11-18 19:00:00-05:00,50.68000030517578,50.689998626708984,50.470001220703125,50.56999969482422,583.0
2025-11-18 20:00:00-05:00,50.56999969482422,50.61000061035156,50.3849983215332,50.47999954223633,1978.0
2025-11-18 21:00:00-05:00,50.48500061035156,51.11000061035156,50.46500015258789,50.86000061035156,2658.0
2025-11-18 22:00:00-05:00,50.85499954223633,50.94499969482422,50.564998626708984,50.584999084472656,1676.0
2025-11-18 23:00:00-05:00,50.58000183105469,50.75,50.52000045776367,50.689998626708984,624.0
2025-11-19 00:00:00-05:00,50.689998626708984,51.275001525878906,50.685001373291016,51.255001068115234,3586.0
2025-11-19 01:00:00-05:00,51.2599983215332,51.3849983215332,51.17499923706055,51.244998931884766,2906.0
2025-11-19 02:00:00-05:00,51.244998931884766,51.3849983215332,51.09000015258789,51.25,1568.0
2025-11-19 03:00:00-05:00,51.255001068115234,51.255001068115234,51.040000915527344,51.165000915527344,2405.0
2025-11-19 04:00:00-05:00,51.154998779296875,52.01499938964844,51.099998474121094,51.95500183105469,5236.0
2025-11-19 05:00:00-05:00,51.95500183105469,52.244998931884766,51.880001068115234,51.974998474121094,5073.0
2025-11-19 06:00:00-05:00,51.9900016784668,52.119998931884766,51.875,51.915000915527344,2136.0
2025-11-19 07:00:00-05:00,51.90999984741211,52.165000915527344,51.88999938964844,52.0,3992.0
2025-11-19 08:00:00-05:00,52.0,52.0,51.494998931884766,51.630001068115234,8405.0
2025-11-19 09:00:00-05:00,51.630001068115234,51.95500183105469,51.32500076293945,51.91999816894531,7405.0
2025-11-19 10:00:00-05:00,51.915000915527344,52.189998626708984,51.40999984741211,51.494998931884766,9582.0
2025-11-19 11:00:00-05:00,51.4900016784668,51.560001373291016,50.5,50.57500076293945,14768.0
2025-11-19 12:00:00-05:00,50.560001373291016,50.66999816894531,50.14500045776367,50.6349983215332,9998.0
2025-11-19 13:00:00-05:00,50.6349983215332,51.08000183105469,50.625,51.025001525878906,6367.0
2025-11-19 14:00:00-05:00,51.025001525878906,51.025001525878906,50.66999816894531,50.834999084472656,2808.0
2025-11-19 15:00:00-05:00,50.81999969482422,51.130001068115234,50.79999923706055,50.935001373291016,2177.0
2025-11-19 16:00:00-05:00,50.935001373291016,51.1349983215332,50.779998779296875,51.064998626708984,1301.0
2025-11-19 18:00:00-05:00,51.060001373291016,51.47999954223633,51.060001373291016,51.439998626708984,0.0
2025-11-19 19:00:00-05:00,51.435001373291016,51.56999969482422,51.224998474121094,51.28499984741211,1939.0
2025-11-19 20:00:00-05:00,51.28499984741211,51.415000915527344,51.09000015258789,51.119998931884766,2757.0
2025-11-19 21:00:00-05:00,51.099998474121094,51.119998931884766,50.369998931884766,50.900001525878906,5146.0
2025-11-19 22:00:00-05:00,50.88999938964844,51.275001525878906,50.78499984741211,50.970001220703125,2764.0
2025-11-19 23:00:00-05:00,50.959999084472656,51.20000076293945,50.92499923706055,51.029998779296875,850.0
2025-11-20 00:00:00-05:00,51.0099983215332,51.099998474121094,50.88999938964844,50.89500045776367,759.0
2025-11-20 01:00:00-05:00,50.904998779296875,51.10499954223633,50.70500183105469,50.86000061035156,2221.0
2025-11-20 02:00:00-05:00,50.849998474121094,51.04999923706055,50.65999984741211,50.67499923706055,1447.0
2025-11-20 03:00:00-05:00,50.685001373291016,50.7400016784668,50.095001220703125,50.470001220703125,5626.0
2025-11-20 04:00:00-05:00,50.45500183105469,50.775001525878906,50.45000076293945,50.70500183105469,4137.0
2025-11-20 05:00:00-05:00,50.69499969482422,50.79999923706055,50.415000915527344,50.470001220703125,1855.0
2025-11-20 06:00:00-05:00,50.470001220703125,50.625,50.29499816894531,50.54499816894531,2065.0
2025-11-20 07:00:00-05:00,50.540000915527344,50.95500183105469,50.494998931884766,50.939998626708984,3442.0
2025-11-20 08:00:00-05:00,50.939998626708984,51.125,50.48500061035156,50.849998474121094,9650.0
2025-11-20 09:00:00-05:00,50.845001220703125,51.28499984741211,50.6150016784668,51.03499984741211,10576.0
2025-11-20 10:00:00-05:00,51.040000915527344,51.10499954223633,50.630001068115234,50.630001068115234,6971.0
2025-11-20 11:00:00-05:00,50.64500045776367,50.775001525878906,49.95500183105469,50.08000183105469,10228.0
2025-11-20 12:00:00-05:00,50.07500076293945,50.29499816894531,49.92499923706055,50.275001525878906,7686.0
2025-11-20 13:00:00-05:00,50.275001525878906,50.505001068115234,49.939998626708984,50.05500030517578,6197.0
2025-11-20 14:00:00-05:00,50.04999923706055,50.67499923706055,49.974998474121094,50.595001220703125,4456.0
2025-11-20 15:00:00-05:00,50.58000183105469,50.584999084472656,50.20000076293945,50.279998779296875,3038.0
2025-11-20 16:00:00-05:00,50.275001525878906,50.3849983215332,50.2400016784668,50.35499954223633,678.0
2025-11-20 18:00:00-05:00,50.39500045776367,50.55500030517578,50.224998474121094,50.474998474121094,0.0
2025-11-20 19:00:00-05:00,50.46500015258789,50.52000045776367,50.279998779296875,50.290000915527344,884.0
2025-11-20 20:00:00-05:00,50.290000915527344,50.29499816894531,49.810001373291016,50.005001068115234,3350.0
2025-11-20 21:00:00-05:00,50.0099983215332,50.21500015258789,49.58000183105469,49.59000015258789,2396.0
2025-11-20 22:00:00-05:00,49.595001220703125,49.6349983215332,49.2599983215332,49.47999954223633,3994.0
2025-11-20 23:00:00-05:00,49.46500015258789,49.54999923706055,49.14500045776367,49.310001373291016,1919.0
2025-11-21 00:00:00-05:00,49.349998474121094,49.540000915527344,48.880001068115234,49.185001373291016,4186.0
2025-11-21 01:00:00-05:00,49.20000076293945,49.380001068115234,48.95500183105469,48.9900016784668,3283.0
2025-11-21 02:00:00-05:00,48.98500061035156,48.994998931884766,48.60499954223633,48.66999816894531,4543.0
2025-11-21 03:00:00-05:00,48.66999816894531,49.084999084472656,48.48500061035156,48.869998931884766,4314.0
2025-11-21 04:00:00-05:00,48.8650016784668,49.165000915527344,48.654998779296875,48.70500183105469,5687.0
2025-11-21 05:00:00-05:00,48.70000076293945,48.70000076293945,48.04999923706055,48.40999984741211,8137.0
2025-11-21 06:00:00-05:00,48.415000915527344,48.630001068115234,48.279998779296875,48.39500045776367,2502.0
2025-11-21 07:00:00-05:00,48.400001525878906,49.19499969482422,48.30500030517578,49.130001068115234,7604.0
2025-11-21 08:00:00-05:00,49.14500045776367,49.564998626708984,48.9900016784668,49.560001373291016,9379.0
2025-11-21 09:00:00-05:00,49.560001373291016,49.6349983215332,48.98500061035156,49.29499816894531,9210.0
2025-11-21 10:00:00-05:00,49.29999923706055,49.53499984741211,49.02000045776367,49.314998626708984,7398.0
2025-11-21 11:00:00-05:00,49.314998626708984,50.34000015258789,49.22999954223633,50.34000015258789,8721.0
2025-11-21 12:00:00-05:00,50.334999084472656,50.369998931884766,49.8650016784668,50.005001068115234,6082.0
2025-11-21 13:00:00-05:00,50.0,50.13999938964844,49.845001220703125,50.060001373291016,4697.0
2025-11-21 14:00:00-05:00,50.08000183105469,50.17499923706055,49.974998474121094,50.01499938964844,2038.0
2025-11-21 15:00:00-05:00,50.02000045776367,50.060001373291016,49.470001220703125,49.68000030517578,3154.0
2025-11-21 16:00:00-05:00,49.67499923706055,49.73500061035156,49.54499816894531,49.654998779296875,1014.0
2025-11-23 18:00:00-05:00,49.92499923706055,50.0099983215332,49.69499969482422,49.810001373291016,952.0
2025-11-23 19:00:00-05:00,49.79999923706055,49.845001220703125,49.65999984741211,49.810001373291016,968.0
2025-11-23 20:00:00-05:00,49.810001373291016,49.8849983215332,49.369998931884766,49.43000030517578,2549.0
2025-11-23 21:00:00-05:00,49.42499923706055,49.73500061035156,49.41999816894531,49.459999084472656,887.0
2025-11-23 22:00:00-05:00,49.470001220703125,49.78499984741211,49.459999084472656,49.65999984741211,1079.0
2025-11-23 23:00:00-05:00,49.66999816894531,49.79499816894531,49.5099983215332,49.529998779296875,721.0
2025-11-24 00:00:00-05:00,49.540000915527344,49.720001220703125,49.47999954223633,49.599998474121094,927.0
2025-11-24 01:00:00-05:00,49.59000015258789,49.71500015258789,49.44499969482422,49.494998931884766,1074.0
2025-11-24 02:00:00-05:00,49.494998931884766,49.66999816894531,49.45000076293945,49.6150016784668,943.0
2025-11-24 03:00:00-05:00,49.60499954223633,49.790000915527344,49.560001373291016,49.75,1489.0
2025-11-24 04:00:00-05:00,49.744998931884766,50.02000045776367,49.70500183105469,49.814998626708984,2128.0
2025-11-24 05:00:00-05:00,49.81999969482422,49.91999816894531,49.67499923706055,49.70000076293945,1000.0
2025-11-24 06:00:00-05:00,49.69499969482422,49.79999923706055,49.6349983215332,49.68000030517578,921.0
2025-11-24 07:00:00-05:00,49.67499923706055,49.95500183105469,49.564998626708984,49.935001373291016,2805.0
2025-11-24 08:00:00-05:00,49.935001373291016,50.04499816894531,49.790000915527344,49.81999969482422,3678.0
2025-11-24 09:00:00-05:00,49.81999969482422,49.959999084472656,49.63999938964844,49.915000915527344,4453.0
2025-11-24 10:00:00-05:00,49.91999816894531,50.19499969482422,49.90999984741211,50.095001220703125,5423.0
2025-11-24 11:00:00-05:00,50.099998474121094,50.28499984741211,50.04999923706055,50.275001525878906,4978.0
2025-11-24 12:00:00-05:00,50.27000045776367,50.439998626708984,50.13999938964844,50.310001373291016,4969.0
2025-11-24 13:00:00-05:00,50.310001373291016,50.78499984741211,50.220001220703125,50.69499969482422,6002.0
2025-11-24 14:00:00-05:00,50.70500183105469,50.95500183105469,50.63999938964844,50.915000915527344,3475.0
2025-11-24 15:00:00-05:00,50.91999816894531,51.20000076293945,50.915000915527344,51.16999816894531,3123.0
2025-11-24 16:00:00-05:00,51.165000915527344,51.21500015258789,51.064998626708984,51.154998779296875,1553.0
2025-11-24 18:00:00-05:00,51.15999984741211,51.23500061035156,50.95000076293945,51.17499923706055,0.0
2025-11-24 19:00:00-05:00,51.154998779296875,51.189998626708984,50.83000183105469,50.834999084472656,964.0
2025-11-24 20:00:00-05:00,50.834999084472656,51.220001220703125,50.77000045776367,51.1150016784668,1139.0
2025-11-24 21:00:00-05:00,51.130001068115234,51.470001220703125,51.130001068115234,51.31999969482422,907.0
2025-11-24 22:00:00-05:00,51.30500030517578,51.38999938964844,51.20000076293945,51.2400016784668,811.0
2025-11-24 23:00:00-05:00,51.2599983215332,51.40999984741211,51.21500015258789,51.30500030517578,708.0
2025-11-25 00:00:00-05:00,51.33000183105469,51.5099983215332,51.21500015258789,51.459999084472656,769.0
2025-11-25 01:00:00-05:00,51.459999084472656,51.47999954223633,50.95000076293945,51.10499954223633,992.0
2025-11-25 02:00:00-05:00,51.10499954223633,51.314998626708984,50.939998626708984,50.96500015258789,2037.0
2025-11-25 03:00:00-05:00,50.994998931884766,51.59000015258789,50.42499923706055,51.30500030517578,19043.0
2025-11-25 04:00:00-05:00,51.30500030517578,51.58000183105469,50.61000061035156,51.33000183105469,4843.0
2025-11-25 05:00:00-05:00,51.334999084472656,51.56999969482422,50.69499969482422,51.46500015258789,3028.0
2025-11-25 06:00:00-05:00,51.46500015258789,51.6150016784668,50.790000915527344,51.51499938964844,3035.0
2025-11-25 07:00:00-05:00,51.525001525878906,51.69499969482422,50.7400016784668,51.560001373291016,4981.0
2025-11-25 08:00:00-05:00,51.564998626708984,52.11000061035156,50.915000915527344,51.974998474121094,8502.0
2025-11-25 09:00:00-05:00,51.974998474121094,52.01499938964844,50.31999969482422,51.35499954223633,14756.0
2025-11-25 10:00:00-05:00,51.35499954223633,51.5,50.41999816894531,51.14500045776367,10116.0
2025-11-25 11:00:00-05:00,51.1349983215332,51.505001068115234,50.45500183105469,51.439998626708984,0.0
2025-11-25 12:00:00-05:00,51.44499969482422,51.904998779296875,50.810001373291016,51.59000015258789,50920.0
2025-11-25 13:00:00-05:00,50.94499969482422,51.72999954223633,50.755001068115234,51.459999084472656,5355.0
2025-11-25 14:00:00-05:00,51.45500183105469,51.57500076293945,50.68000030517578,50.85499954223633,0.0
2025-11-25 15:00:00-05:00,51.529998779296875,51.744998931884766,50.849998474121094,51.720001220703125,52381.0
2025-11-25 16:00:00-05:00,51.040000915527344,51.77000045776367,50.939998626708984,51.62900161743164,681.0
2025-11-25 18:00:00-05:00,51.75,51.79999923706055,50.959999084472656,51.630001068115234,0.0
2025-11-25 19:00:00-05:00,51.63999938964844,51.810001373291016,50.97999954223633,51.78499984741211,638.0
2025-11-25 20:00:00-05:00,51.78499984741211,52.1349983215332,51.0099983215332,51.994998931884766,2260.0
2025-11-25 21:00:00-05:00,52.005001068115234,52.45000076293945,51.31999969482422,52.29999923706055,3298.0
2025-11-25 22:00:00-05:00,52.30500030517578,52.45000076293945,51.595001220703125,52.38999938964844,1595.0
2025-11-25 23:00:00-05:00,52.3849983215332,52.42499923706055,51.529998779296875,52.39500045776367,1016.0
2025-11-26 00:00:00-05:00,52.40999984741211,52.56999969482422,51.54999923706055,52.334999084472656,2716.0
2025-11-26 01:00:00-05:00,52.31999969482422,52.35499954223633,51.43000030517578,52.29999923706055,1934.0
2025-11-26 02:00:00-05:00,52.29499816894531,52.375,51.525001525878906,52.35499954223633,2134.0
2025-11-26 03:00:00-05:00,52.349998474121094,52.619998931884766,51.63999938964844,52.54499816894531,3324.0
2025-11-26 04:00:00-05:00,52.54499816894531,52.64500045776367,51.77000045776367,52.61000061035156,2588.0
2025-11-26 05:00:00-05:00,52.619998931884766,52.77000045776367,51.869998931884766,52.03499984741211,4297.0
2025-11-26 06:00:00-05:00,52.040000915527344,52.93000030517578,51.974998474121094,52.77000045776367,2988.0
2025-11-26 07:00:00-05:00,52.76499938964844,52.8650016784668,51.720001220703125,52.47999954223633,3925.0
2025-11-26 08:00:00-05:00,52.47999954223633,52.81999969482422,51.744998931884766,52.564998626708984,7805.0
2025-11-26 09:00:00-05:00,52.564998626708984,52.744998931884766,51.625,52.33000183105469,7277.0
2025-11-26 10:00:00-05:00,52.310001373291016,53.119998931884766,51.529998779296875,53.09000015258789,8888.0
2025-11-26 11:00:00-05:00,53.095001220703125,53.45500183105469,52.27000045776367,53.43000030517578,8948.0
2025-11-26 12:00:00-05:00,53.43000030517578,53.564998626708984,52.58000183105469,53.5,5830.0
2025-11-26 13:00:00-05:00,53.5,53.689998626708984,52.755001068115234,53.599998474121094,6156.0
2025-11-26 14:00:00-05:00,53.599998474121094,53.790000915527344,52.93000030517578,53.724998474121094,2875.0
2025-11-26 15:00:00-05:00,53.70500183105469,53.775001525878906,52.92499923706055,53.685001373291016,1696.0
2025-11-26 16:00:00-05:00,53.685001373291016,53.76499938964844,52.89500045776367,53.7599983215332,1048.0
2025-11-26 18:00:00-05:00,53.755001068115234,53.904998779296875,53.07500076293945,53.86000061035156,0.0
2025-11-26 19:00:00-05:00,53.86000061035156,53.900001525878906,53.10499954223633,53.810001373291016,1020.0
2025-11-26 20:00:00-05:00,53.814998626708984,53.82500076293945,52.68000030517578,53.45500183105469,3960.0
2025-11-26 21:00:00-05:00,53.45500183105469,53.584999084472656,53.28499984741211,53.29999923706055,2019.0
2025-11-26 22:00:00-05:00,53.29999923706055,53.474998474121094,52.54999923706055,53.435001373291016,1042.0
2025-11-26 23:00:00-05:00,53.415000915527344,53.459999084472656,53.275001525878906,53.3849983215332,753.0
2025-11-28 09:30:00-05:00,54.880001068115234,55.93000030517578,54.25,55.79999923706055,13849.0
2025-11-28 10:30:00-05:00,55.79999923706055,56.26499938964844,54.76499938964844,56.18000030517578,9924.0
2025-11-28 11:30:00-05:00,56.19499969482422,56.47999954223633,55.415000915527344,56.45000076293945,6775.0
2025-11-28 12:30:00-05:00,56.45500183105469,57.189998626708984,55.79999923706055,57.08000183105469,8770.0
2025-11-30 18:00:00-05:00,57.06999969482422,58.005001068115234,56.459999084472656,57.720001220703125,7750.0
2025-11-30 19:00:00-05:00,57.70500183105469,58.1349983215332,57.11000061035156,58.060001373291016,4493.0
2025-11-30 20:00:00-05:00,58.04499816894531,58.61000061035156,57.57500076293945,58.564998626708984,8510.0
2025-11-30 21:00:00-05:00,58.56999969482422,58.58000183105469,57.310001373291016,58.13999938964844,5700.0
2025-11-30 22:00:00-05:00,58.13999938964844,58.20500183105469,57.45000076293945,57.95000076293945,4569.0
2025-11-30 23:00:00-05:00,57.939998626708984,58.03499984741211,57.0099983215332,57.900001525878906,1171.0
2025-12-01 00:00:00-05:00,57.93000030517578,57.93000030517578,56.560001373291016,57.54499816894531,5518.0
2025-12-01 01:00:00-05:00,57.54499816894531,57.71500015258789,57.400001525878906,57.43000030517578,2340.0
2025-12-01 02:00:00-05:00,57.41999816894531,57.53499984741211,57.06999969482422,57.505001068115234,3016.0
2025-12-01 03:00:00-05:00,57.494998931884766,57.93000030517578,57.474998474121094,57.76499938964844,3900.0
2025-12-01 04:00:00-05:00,57.775001525878906,57.970001220703125,57.119998931884766,57.91999816894531,2554.0
2025-12-01 05:00:00-05:00,57.915000915527344,58.400001525878906,57.28499984741211,58.209999084472656,3640.0
2025-12-01 06:00:00-05:00,58.20500183105469,58.25,57.22999954223633,58.02000045776367,2878.0
2025-12-01 07:00:00-05:00,58.01499938964844,58.165000915527344,57.029998779296875,57.540000915527344,4995.0
2025-12-01 08:00:00-05:00,57.54999923706055,58.25,57.26499938964844,57.974998474121094,7687.0
2025-12-01 09:00:00-05:00,57.974998474121094,58.185001373291016,56.900001525878906,58.17499923706055,12305.0
2025-12-01 10:00:00-05:00,57.470001220703125,58.40999984741211,57.185001373291016,58.209999084472656,12643.0
2025-12-01 11:00:00-05:00,58.21500015258789,59.435001373291016,57.54999923706055,58.81999969482422,17272.0
2025-12-01 12:00:00-05:00,58.82500076293945,59.060001373291016,58.0,58.85499954223633,8668.0
2025-12-01 13:00:00-05:00,58.86000061035156,59.29499816894531,58.459999084472656,59.095001220703125,8154.0
2025-12-01 14:00:00-05:00,59.095001220703125,59.10499954223633,57.90999984741211,58.63999938964844,5417.0
2025-12-01 15:00:00-05:00,58.6349983215332,58.810001373291016,57.685001373291016,58.43000030517578,3806.0
2025-12-01 16:00:00-05:00,58.42499923706055,58.599998474121094,57.6349983215332,58.45000076293945,1254.0
2025-12-01 18:00:00-05:00,58.45000076293945,58.474998474121094,57.3849983215332,58.1349983215332,0.0
2025-12-01 19:00:00-05:00,58.13999938964844,58.25,57.36000061035156,58.1349983215332,3147.0
2025-12-01 20:00:00-05:00,58.13999938964844,58.189998626708984,56.58000183105469,57.709999084472656,9349.0
2025-12-01 21:00:00-05:00,57.71500015258789,57.974998474121094,56.970001220703125,57.81999969482422,2804.0
2025-12-01 22:00:00-05:00,57.81999969482422,58.09000015258789,57.709999084472656,57.849998474121094,2365.0
2025-12-01 23:00:00-05:00,57.85499954223633,57.92499923706055,57.724998474121094,57.83000183105469,685.0
2025-12-02 00:00:00-05:00,57.834999084472656,58.04499816894531,57.689998626708984,57.974998474121094,1978.0
2025-12-02 01:00:00-05:00,57.970001220703125,58.185001373291016,57.459999084472656,57.73500061035156,4434.0
2025-12-02 02:00:00-05:00,57.73500061035156,57.95000076293945,57.150001525878906,57.89500045776367,1242.0
2025-12-02 03:00:00-05:00,57.90999984741211,58.04499816894531,57.70500183105469,57.78499984741211,2819.0
2025-12-02 04:00:00-05:00,57.779998779296875,57.84000015258789,56.775001525878906,57.54999923706055,3830.0
2025-12-02 05:00:00-05:00,57.54999923706055,57.71500015258789,56.869998931884766,57.70000076293945,1901.0
2025-12-02 06:00:00-05:00,57.70500183105469,58.1150016784668,57.150001525878906,58.04499816894531,2933.0
2025-12-02 07:00:00-05:00,58.040000915527344,58.16999816894531,57.915000915527344,58.08000183105469,2906.0
2025-12-02 08:00:00-05:00,58.084999084472656,58.3650016784668,58.01499938964844,58.209999084472656,6404.0
2025-12-02 09:00:00-05:00,58.20500183105469,59.095001220703125,57.63999938964844,58.779998779296875,15552.0
2025-12-02 10:00:00-05:00,58.77000045776367,58.80500030517578,57.005001068115234,57.709999084472656,15589.0
2025-12-02 11:00:00-05:00,57.709999084472656,58.32500076293945,57.20500183105469,58.290000915527344,6910.0
2025-12-02 12:00:00-05:00,58.28499984741211,58.70500183105469,57.70000076293945,58.63999938964844,5283.0
2025-12-02 13:00:00-05:00,58.625,58.8849983215332,57.77000045776367,58.619998931884766,6945.0
2025-12-02 14:00:00-05:00,58.619998931884766,59.04499816894531,57.974998474121094,58.959999084472656,3654.0
2025-12-02 15:00:00-05:00,58.970001220703125,59.31999969482422,58.25,59.22999954223633,3502.0
2025-12-02 16:00:00-05:00,59.224998474121094,59.2400016784668,58.38999938964844,59.150001525878906,879.0
2025-12-02 18:00:00-05:00,59.15999984741211,59.470001220703125,58.88999938964844,59.349998474121094,0.0
2025-12-02 19:00:00-05:00,59.34000015258789,59.34000015258789,58.915000915527344,59.04999923706055,2203.0
2025-12-02 20:00:00-05:00,59.060001373291016,59.435001373291016,58.82500076293945,58.9900016784668,4495.0
2025-12-02 21:00:00-05:00,58.9900016784668,59.45000076293945,58.96500015258789,59.435001373291016,2819.0
2025-12-02 22:00:00-05:00,59.435001373291016,59.654998779296875,58.78499984741211,59.58000183105469,3466.0
2025-12-02 23:00:00-05:00,59.57500076293945,59.625,58.76499938964844,59.47999954223633,1202.0
2025-12-03 00:00:00-05:00,59.474998474121094,59.51499938964844,58.209999084472656,58.61000061035156,10028.0
2025-12-03 01:00:00-05:00,58.619998931884766,58.94499969482422,58.4900016784668,58.63999938964844,4193.0
2025-12-03 02:00:00-05:00,58.65999984741211,58.79499816894531,58.439998626708984,58.720001220703125,2826.0
2025-12-03 03:00:00-05:00,58.724998474121094,58.845001220703125,58.564998626708984,58.75,2714.0
2025-12-03 04:00:00-05:00,58.7599983215332,58.80500030517578,57.91999816894531,58.790000915527344,1559.0
2025-12-03 05:00:00-05:00,58.78499984741211,58.845001220703125,58.560001373291016,58.650001525878906,2027.0
2025-12-03 06:00:00-05:00,58.654998779296875,58.994998931884766,57.915000915527344,58.98500061035156,1706.0
2025-12-03 07:00:00-05:00,58.98500061035156,59.18000030517578,58.86000061035156,59.154998779296875,3163.0
2025-12-03 08:00:00-05:00,59.15999984741211,59.599998474121094,59.150001525878906,59.55500030517578,8381.0
2025-12-03 09:00:00-05:00,59.560001373291016,59.61000061035156,58.11000061035156,58.810001373291016,18023.0
2025-12-03 10:00:00-05:00,58.810001373291016,59.34000015258789,58.540000915527344,58.97999954223633,7520.0
2025-12-03 11:00:00-05:00,58.97999954223633,59.36000061035156,57.650001525878906,58.584999084472656,9029.0
2025-12-03 12:00:00-05:00,58.584999084472656,59.025001525878906,58.57500076293945,58.849998474121094,5320.0
2025-12-03 13:00:00-05:00,58.85499954223633,58.935001373291016,57.93000030517578,58.720001220703125,5224.0
2025-12-03 14:00:00-05:00,58.73500061035156,59.03499984741211,58.21500015258789,58.95500183105469,1984.0
2025-12-03 15:00:00-05:00,58.96500015258789,59.03499984741211,58.19499969482422,58.91999816894531,1467.0
2025-12-03 16:00:00-05:00,58.915000915527344,59.0099983215332,57.92100143432617,58.619998931884766,894.0
2025-12-03 18:00:00-05:00,58.97999954223633,59.04999923706055,58.29999923706055,58.95000076293945,0.0
2025-12-03 19:00:00-05:00,58.96500015258789,59.040000915527344,58.845001220703125,58.869998931884766,945.0
2025-12-03 20:00:00-05:00,58.8650016784668,59.23500061035156,58.76499938964844,59.040000915527344,2493.0
2025-12-03 21:00:00-05:00,59.025001525878906,59.16999816894531,58.779998779296875,58.834999084472656,2200.0
2025-12-03 22:00:00-05:00,58.82500076293945,58.900001525878906,58.525001525878906,58.63999938964844,3187.0
2025-12-03 23:00:00-05:00,58.64500045776367,58.79999923706055,58.619998931884766,58.709999084472656,1145.0
2025-12-04 00:00:00-05:00,58.71500015258789,58.80500030517578,57.13999938964844,58.150001525878906,6095.0
2025-12-04 01:00:00-05:00,58.154998779296875,58.29499816894531,57.25,58.0,6981.0
2025-12-04 02:00:00-05:00,57.9900016784668,58.05500030517578,57.790000915527344,57.959999084472656,2115.0
2025-12-04 03:00:00-05:00,57.959999084472656,58.09000015258789,57.20000076293945,57.334999084472656,4999.0
2025-12-04 04:00:00-05:00,57.34000015258789,57.92499923706055,56.525001525878906,57.869998931884766,6386.0
2025-12-04 05:00:00-05:00,57.875,57.959999084472656,57.779998779296875,57.849998474121094,1509.0
2025-12-04 06:00:00-05:00,57.86000061035156,58.06999969482422,57.84000015258789,58.02000045776367,1980.0
2025-12-04 07:00:00-05:00,58.02000045776367,58.084999084472656,57.349998474121094,57.73500061035156,2390.0
2025-12-04 08:00:00-05:00,57.7400016784668,57.935001373291016,56.85499954223633,57.869998931884766,7276.0
2025-12-04 09:00:00-05:00,57.869998931884766,58.275001525878906,56.79999923706055,57.25,15631.0
2025-12-04 10:00:00-05:00,57.244998931884766,57.529998779296875,56.29999923706055,57.345001220703125,12007.0
2025-12-04 11:00:00-05:00,57.334999084472656,57.66999816894531,56.72999954223633,57.61000061035156,5280.0
2025-12-04 12:00:00-05:00,57.6150016784668,57.720001220703125,57.470001220703125,57.630001068115234,2993.0
2025-12-04 13:00:00-05:00,57.625,57.64500045776367,57.255001068115234,57.29499816894531,4795.0
2025-12-04 14:00:00-05:00,57.29499816894531,57.45500183105469,57.040000915527344,57.439998626708984,3383.0
2025-12-04 15:00:00-05:00,57.435001373291016,57.54499816894531,57.314998626708984,57.5099983215332,1465.0
2025-12-04 16:00:00-05:00,57.51499938964844,57.59000015258789,57.470001220703125,57.529998779296875,1001.0
2025-12-04 18:00:00-05:00,57.560001373291016,57.56999969482422,56.834999084472656,57.439998626708984,0.0
2025-12-04 19:00:00-05:00,57.435001373291016,57.57500076293945,57.41999816894531,57.43000030517578,961.0
2025-12-04 20:00:00-05:00,57.435001373291016,57.73500061035156,57.31999969482422,57.70500183105469,2785.0
2025-12-04 21:00:00-05:00,57.71500015258789,58.14500045776367,57.57500076293945,58.119998931884766,3574.0
2025-12-04 22:00:00-05:00,58.125,58.2400016784668,57.345001220703125,57.97999954223633,2103.0
2025-12-04 23:00:00-05:00,57.97999954223633,58.334999084472656,57.55500030517578,58.28499984741211,2032.0
2025-12-05 00:00:00-05:00,58.279998779296875,58.689998626708984,58.17499923706055,58.685001373291016,3122.0
2025-12-05 01:00:00-05:00,58.69499969482422,59.099998474121094,58.654998779296875,58.82500076293945,6466.0
2025-12-05 02:00:00-05:00,58.81999969482422,58.959999084472656,58.584999084472656,58.720001220703125,3071.0
2025-12-05 03:00:00-05:00,58.724998474121094,58.834999084472656,58.60499954223633,58.650001525878906,1776.0
2025-12-05 04:00:00-05:00,58.63999938964844,58.720001220703125,58.345001220703125,58.65999984741211,2306.0
2025-12-05 05:00:00-05:00,58.68000030517578,58.76499938964844,58.61000061035156,58.64500045776367,1019.0
2025-12-05 06:00:00-05:00,58.6349983215332,58.720001220703125,58.4900016784668,58.654998779296875,1629.0
2025-12-05 07:00:00-05:00,58.65999984741211,58.73500061035156,58.560001373291016,58.65999984741211,2215.0
2025-12-05 08:00:00-05:00,58.665000915527344,58.97999954223633,58.025001525878906,58.72999954223633,7911.0
2025-12-05 09:00:00-05:00,58.75,59.34000015258789,58.61000061035156,59.125,8977.0
2025-12-05 10:00:00-05:00,59.130001068115234,59.900001525878906,58.814998626708984,59.619998931884766,15043.0
2025-12-05 11:00:00-05:00,59.630001068115234,59.72999954223633,57.84000015258789,59.029998779296875,18692.0
2025-12-05 12:00:00-05:00,59.025001525878906,59.27000045776367,58.81999969482422,59.2599983215332,5535.0
2025-12-05 13:00:00-05:00,59.255001068115234,59.31999969482422,58.42499923706055,59.064998626708984,5738.0
2025-12-05 14:00:00-05:00,59.05500030517578,59.11000061035156,58.314998626708984,58.97999954223633,3639.0
2025-12-05 15:00:00-05:00,58.994998931884766,59.04999923706055,58.79499816894531,58.880001068115234,2194.0
2025-12-05 16:00:00-05:00,58.875,59.053001403808594,58.720001220703125,59.053001403808594,1002.0
2025-12-07 18:00:00-05:00,58.95000076293945,59.06999969482422,58.82500076293945,58.88999938964844,1141.0
2025-12-07 19:00:00-05:00,58.880001068115234,59.064998626708984,58.82500076293945,59.040000915527344,1158.0
2025-12-07 20:00:00-05:00,59.040000915527344,59.05500030517578,58.02000045776367,58.29499816894531,6128.0
2025-12-07 21:00:00-05:00,58.29499816894531,58.42499923706055,57.52000045776367,58.369998931884766,3520.0
2025-12-07 22:00:00-05:00,58.380001068115234,58.540000915527344,58.19499969482422,58.494998931884766,1866.0
2025-12-07 23:00:00-05:00,58.494998931884766,58.58000183105469,58.3849983215332,58.404998779296875,716.0
2025-12-08 00:00:00-05:00,58.41999816894531,58.79999923706055,58.349998474121094,58.79999923706055,1795.0
2025-12-08 01:00:00-05:00,58.80500030517578,58.904998779296875,58.14500045776367,58.83000183105469,1843.0
2025-12-08 02:00:00-05:00,58.845001220703125,58.849998474121094,58.619998931884766,58.665000915527344,1632.0
2025-12-08 03:00:00-05:00,58.665000915527344,58.90999984741211,58.52000045776367,58.85499954223633,2357.0
2025-12-08 04:00:00-05:00,58.834999084472656,58.939998626708984,58.154998779296875,58.75,1629.0
2025-12-08 05:00:00-05:00,58.790000915527344,58.90999984741211,58.73500061035156,58.810001373291016,817.0
2025-12-08 06:00:00-05:00,58.79499816894531,58.880001068115234,58.7400016784668,58.755001068115234,873.0
2025-12-08 07:00:00-05:00,58.75,58.9900016784668,58.75,58.974998474121094,1624.0
2025-12-08 08:00:00-05:00,58.97999954223633,59.01499938964844,58.34000015258789,58.630001068115234,6001.0
2025-12-08 09:00:00-05:00,58.63999938964844,58.86000061035156,58.47999954223633,58.6150016784668,5491.0
2025-12-08 10:00:00-05:00,58.619998931884766,58.625,57.540000915527344,58.314998626708984,8434.0
2025-12-08 11:00:00-05:00,58.310001373291016,58.4900016784668,58.064998626708984,58.38999938964844,4866.0
2025-12-08 12:00:00-05:00,58.39500045776367,58.54999923706055,57.810001373291016,58.52000045776367,1870.0
2025-12-08 13:00:00-05:00,58.525001525878906,58.54999923706055,58.27000045776367,58.34000015258789,3324.0
2025-12-08 14:00:00-05:00,58.33000183105469,58.3849983215332,57.72999954223633,58.36000061035156,1194.0
2025-12-08 15:00:00-05:00,58.3650016784668,58.51499938964844,58.34000015258789,58.470001220703125,1007.0
2025-12-08 16:00:00-05:00,58.474998474121094,58.53499984741211,58.45000076293945,58.5,503.0
2025-12-08 18:00:00-05:00,58.51499938964844,58.52000045776367,58.43000030517578,58.505001068115234,0.0
2025-12-08 19:00:00-05:00,58.505001068115234,58.53499984741211,58.400001525878906,58.42499923706055,626.0
2025-12-08 20:00:00-05:00,58.41999816894531,58.71500015258789,58.290000915527344,58.630001068115234,2278.0
2025-12-08 21:00:00-05:00,58.630001068115234,58.66999816894531,58.35499954223633,58.59000015258789,2135.0
2025-12-08 22:00:00-05:00,58.584999084472656,58.9900016784668,58.584999084472656,58.82500076293945,3171.0
2025-12-08 23:00:00-05:00,58.82500076293945,58.89500045776367,58.625,58.755001068115234,1340.0
2025-12-09 00:00:00-05:00,58.724998474121094,58.75,58.14500045776367,58.19499969482422,3957.0
2025-12-09 01:00:00-05:00,58.20000076293945,58.529998779296875,57.6150016784668,58.415000915527344,4830.0
2025-12-09 02:00:00-05:00,58.415000915527344,58.5099983215332,58.26499938964844,58.44499969482422,1405.0
2025-12-09 03:00:00-05:00,58.439998626708984,58.814998626708984,58.439998626708984,58.790000915527344,2900.0
2025-12-09 04:00:00-05:00,58.79499816894531,59.45500183105469,58.5099983215332,59.05500030517578,8396.0
2025-12-09 05:00:00-05:00,59.060001373291016,59.13999938964844,58.915000915527344,59.095001220703125,2163.0
2025-12-09 06:00:00-05:00,59.10499954223633,59.1349983215332,58.935001373291016,59.005001068115234,1393.0
2025-12-09 07:00:00-05:00,59.02000045776367,59.209999084472656,59.0,59.189998626708984,2217.0
2025-12-09 08:00:00-05:00,59.20000076293945,59.470001220703125,59.025001525878906,59.3650016784668,8485.0
2025-12-09 09:00:00-05:00,59.380001068115234,59.82500076293945,59.0099983215332,59.70500183105469,13624.0
2025-12-09 10:00:00-05:00,59.709999084472656,60.869998931884766,58.915000915527344,60.775001525878906,21696.0
2025-12-09 11:00:00-05:00,60.790000915527344,61.11000061035156,60.0099983215332,60.83000183105469,14815.0
2025-12-09 12:00:00-05:00,60.83000183105469,60.98500061035156,60.0099983215332,60.69499969482422,5495.0
2025-12-09 13:00:00-05:00,60.689998626708984,61.14500045776367,60.220001220703125,61.119998931884766,6601.0
2025-12-09 14:00:00-05:00,61.11000061035156,61.26499938964844,60.48500061035156,61.16999816894531,3685.0
2025-12-09 15:00:00-05:00,61.16999816894531,61.255001068115234,60.400001525878906,61.23500061035156,2841.0
2025-12-09 16:00:00-05:00,61.244998931884766,61.29499816894531,61.125,61.15999984741211,1273.0
2025-12-09 18:00:00-05:00,61.11000061035156,61.435001373291016,60.56999969482422,61.369998931884766,0.0
2025-12-09 19:00:00-05:00,61.380001068115234,61.43000030517578,61.18000030517578,61.20500183105469,1505.0
2025-12-09 20:00:00-05:00,61.20500183105469,61.97999954223633,60.79499816894531,61.84000015258789,7196.0
2025-12-09 21:00:00-05:00,61.84000015258789,62.02000045776367,61.119998931884766,61.775001525878906,4646.0
2025-12-09 22:00:00-05:00,61.77000045776367,61.775001525878906,61.375,61.5099983215332,3214.0
2025-12-09 23:00:00-05:00,61.525001525878906,61.60499954223633,61.44499969482422,61.599998474121094,802.0
2025-12-10 00:00:00-05:00,61.57500076293945,61.8650016784668,61.099998474121094,61.810001373291016,2342.0
2025-12-10 01:00:00-05:00,61.79999923706055,62.13999938964844,61.439998626708984,61.915000915527344,4916.0
2025-12-10 02:00:00-05:00,61.915000915527344,62.04499816894531,61.2400016784668,61.875,3372.0
2025-12-10 03:00:00-05:00,61.869998931884766,61.98500061035156,61.13999938964844,61.474998474121094,4919.0
2025-12-10 04:00:00-05:00,61.470001220703125,61.57500076293945,61.040000915527344,61.334999084472656,6368.0
2025-12-10 05:00:00-05:00,61.33000183105469,61.54499816894531,61.2400016784668,61.525001525878906,1839.0
2025-12-10 06:00:00-05:00,61.525001525878906,61.60499954223633,61.34000015258789,61.5,2237.0
2025-12-10 07:00:00-05:00,61.494998931884766,61.599998474121094,61.46500015258789,61.51499938964844,1916.0
2025-12-10 08:00:00-05:00,61.5099983215332,61.79999923706055,60.85499954223633,61.27000045776367,8216.0
2025-12-10 09:00:00-05:00,61.26499938964844,61.529998779296875,60.150001525878906,60.8650016784668,12339.0
2025-12-10 10:00:00-05:00,60.85499954223633,61.150001525878906,60.33000183105469,61.0,9551.0
2025-12-10 11:00:00-05:00,61.0,61.3849983215332,60.54499816894531,61.34000015258789,4342.0
2025-12-10 12:00:00-05:00,61.334999084472656,61.35499954223633,60.935001373291016,61.1150016784668,3939.0
2025-12-10 13:00:00-05:00,61.1150016784668,61.1349983215332,60.78499984741211,60.80500030517578,3708.0
2025-12-10 14:00:00-05:00,60.79499816894531,61.599998474121094,60.1150016784668,61.57500076293945,16540.0
2025-12-10 15:00:00-05:00,61.56999969482422,62.38999938964844,61.415000915527344,62.18000030517578,10088.0
2025-12-10 16:00:00-05:00,62.185001373291016,62.279998779296875,62.025001525878906,62.20000076293945,1916.0
2025-12-10 18:00:00-05:00,62.23500061035156,62.3650016784668,62.03499984741211,62.310001373291016,0.0
2025-12-10 19:00:00-05:00,62.31999969482422,62.81999969482422,61.974998474121094,62.689998626708984,5297.0
2025-12-10 20:00:00-05:00,62.689998626708984,63.25,62.6349983215332,63.150001525878906,7546.0
2025-12-10 21:00:00-05:00,63.150001525878906,63.22999954223633,62.21500015258789,62.64500045776367,4993.0
2025-12-10 22:00:00-05:00,62.64500045776367,62.83000183105469,62.20000076293945,62.41999816894531,5847.0
2025-12-10 23:00:00-05:00,62.400001525878906,62.59000015258789,62.01499938964844,62.2599983215332,3172.0
2025-12-11 00:00:00-05:00,62.25,62.35499954223633,61.779998779296875,61.96500015258789,5141.0
2025-12-11 01:00:00-05:00,61.96500015258789,62.44499969482422,61.81999969482422,62.400001525878906,3426.0
2025-12-11 02:00:00-05:00,62.400001525878906,62.40999984741211,62.18000030517578,62.310001373291016,2176.0
2025-12-11 03:00:00-05:00,62.33000183105469,62.529998779296875,62.20000076293945,62.439998626708984,2107.0
2025-12-11 04:00:00-05:00,62.43000030517578,62.435001373291016,62.25,62.35499954223633,1408.0
2025-12-11 05:00:00-05:00,62.36000061035156,62.70500183105469,62.0,62.654998779296875,2305.0
2025-12-11 06:00:00-05:00,62.65999984741211,62.77000045776367,62.209999084472656,62.26499938964844,1904.0
2025-12-11 07:00:00-05:00,62.26499938964844,62.595001220703125,61.875,62.584999084472656,2538.0
2025-12-11 08:00:00-05:00,62.584999084472656,62.92499923706055,61.96500015258789,62.79499816894531,7790.0
2025-12-11 09:00:00-05:00,62.80500030517578,63.290000915527344,62.66999816894531,62.814998626708984,13714.0
2025-12-11 10:00:00-05:00,62.80500030517578,64.03500366210938,62.7599983215332,63.779998779296875,15109.0
2025-12-11 11:00:00-05:00,63.779998779296875,64.40499877929688,63.224998474121094,64.34500122070312,11677.0
2025-12-11 12:00:00-05:00,64.33999633789062,64.5,64.19999694824219,64.38999938964844,8728.0
2025-12-11 13:00:00-05:00,64.38500213623047,64.72000122070312,63.5,63.834999084472656,10249.0
2025-12-11 14:00:00-05:00,63.834999084472656,64.36499786376953,63.584999084472656,64.18499755859375,7429.0
2025-12-11 15:00:00-05:00,64.18000030517578,64.24500274658203,63.60499954223633,63.96500015258789,5578.0
2025-12-11 16:00:00-05:00,63.959999084472656,64.06999969482422,63.875,63.974998474121094,1529.0
2025-12-11 18:00:00-05:00,63.98500061035156,64.0999984741211,63.125,63.45500183105469,0.0
2025-12-11 19:00:00-05:00,63.44499969482422,63.90999984741211,63.05500030517578,63.70000076293945,3273.0
2025-12-11 20:00:00-05:00,63.709999084472656,63.880001068115234,62.86000061035156,63.79999923706055,3998.0
2025-12-11 21:00:00-05:00,63.79999923706055,64.375,63.78499984741211,64.05500030517578,4662.0
2025-12-11 22:00:00-05:00,64.08000183105469,64.11000061035156,63.755001068115234,63.939998626708984,1855.0
2025-12-11 23:00:00-05:00,63.939998626708984,63.95000076293945,63.775001525878906,63.94499969482422,667.0
2025-12-12 00:00:00-05:00,63.849998474121094,64.2750015258789,63.849998474121094,64.19499969482422,2712.0
2025-12-12 01:00:00-05:00,64.19499969482422,64.2699966430664,63.55500030517578,64.01499938964844,2325.0
2025-12-12 02:00:00-05:00,64.00499725341797,64.23500061035156,63.90999984741211,64.08000183105469,2539.0
2025-12-12 03:00:00-05:00,64.06999969482422,64.37000274658203,63.94499969482422,64.33499908447266,3203.0
2025-12-12 04:00:00-05:00,64.32499694824219,64.73999786376953,63.970001220703125,64.47000122070312,9437.0
2025-12-12 05:00:00-05:00,64.47000122070312,64.73500061035156,64.25,64.69999694824219,4089.0
2025-12-12 06:00:00-05:00,64.69000244140625,64.94499969482422,64.625,64.88999938964844,5105.0
2025-12-12 07:00:00-05:00,64.88999938964844,64.95500183105469,64.33999633789062,64.36499786376953,5349.0
2025-12-12 08:00:00-05:00,64.375,64.92500305175781,64.25,64.75499725341797,10788.0
2025-12-12 09:00:00-05:00,64.75,65.08499908447266,64.28500366210938,64.7249984741211,15309.0
2025-12-12 10:00:00-05:00,64.72000122070312,64.7249984741211,62.150001525878906,62.275001525878906,38503.0
2025-12-12 11:00:00-05:00,62.26499938964844,62.525001525878906,60.665000915527344,61.564998626708984,31714.0
2025-12-12 12:00:00-05:00,61.560001373291016,62.07500076293945,60.8650016784668,61.959999084472656,15261.0
2025-12-12 13:00:00-05:00,61.96500015258789,62.2599983215332,61.66999816894531,61.79499816894531,10815.0
2025-12-12 14:00:00-05:00,61.79999923706055,62.10499954223633,61.505001068115234,62.04499816894531,4884.0
2025-12-12 15:00:00-05:00,62.02000045776367,62.224998474121094,61.51499938964844,62.05500030517578,6183.0
2025-12-12 16:00:00-05:00,62.04999923706055,62.189998626708984,62.00699996948242,62.00699996948242,1393.0
2025-12-14 18:00:00-05:00,62.275001525878906,62.43000030517578,62.04999923706055,62.275001525878906,1761.0
2025-12-14 19:00:00-05:00,62.290000915527344,62.404998779296875,62.25,62.39500045776367,1022.0
2025-12-14 20:00:00-05:00,62.400001525878906,63.09000015258789,62.06999969482422,62.869998931884766,8306.0
2025-12-14 21:00:00-05:00,62.875,63.0099983215332,62.7599983215332,62.89500045776367,3135.0
2025-12-14 22:00:00-05:00,62.88999938964844,63.06999969482422,62.625,62.880001068115234,3245.0
2025-12-14 23:00:00-05:00,62.869998931884766,62.959999084472656,62.720001220703125,62.8650016784668,877.0
2025-12-15 00:00:00-05:00,62.8650016784668,63.349998474121094,62.779998779296875,63.290000915527344,3504.0
2025-12-15 01:00:00-05:00,63.279998779296875,63.540000915527344,63.06999969482422,63.505001068115234,3836.0
2025-12-15 02:00:00-05:00,63.5,63.560001373291016,63.21500015258789,63.38999938964844,3610.0
2025-12-15 03:00:00-05:00,63.375,63.970001220703125,62.95000076293945,63.8849983215332,4737.0
2025-12-15 04:00:00-05:00,63.869998931884766,64.0199966430664,63.54499816894531,63.59000015258789,5843.0
2025-12-15 05:00:00-05:00,63.595001220703125,63.80500030517578,63.45500183105469,63.68000030517578,2457.0
2025-12-15 06:00:00-05:00,63.66999816894531,63.834999084472656,63.540000915527344,63.83000183105469,1470.0
2025-12-15 07:00:00-05:00,63.834999084472656,64.0999984741211,63.790000915527344,64.09500122070312,3285.0
2025-12-15 08:00:00-05:00,64.08999633789062,64.19499969482422,63.69499969482422,63.845001220703125,8995.0
2025-12-15 09:00:00-05:00,63.849998474121094,64.12000274658203,63.154998779296875,63.470001220703125,12391.0
2025-12-15 10:00:00-05:00,63.470001220703125,64.07499694824219,63.22999954223633,63.849998474121094,11103.0
2025-12-15 11:00:00-05:00,63.869998931884766,63.88999938964844,62.78499984741211,63.369998931884766,11474.0
2025-12-15 12:00:00-05:00,63.36000061035156,63.68000030517578,62.650001525878906,63.54999923706055,3836.0
2025-12-15 13:00:00-05:00,63.54499816894531,63.875,63.439998626708984,63.849998474121094,4613.0
2025-12-15 14:00:00-05:00,63.85499954223633,64.19000244140625,63.790000915527344,64.16500091552734,5163.0
2025-12-15 15:00:00-05:00,64.16500091552734,64.26000213623047,63.67499923706055,64.06999969482422,4203.0
2025-12-15 16:00:00-05:00,64.07499694824219,64.13999938964844,63.92499923706055,64.12999725341797,1297.0
2025-12-15 18:00:00-05:00,64.11000061035156,64.20500183105469,63.900001525878906,63.959999084472656,0.0
2025-12-15 19:00:00-05:00,63.974998474121094,64.08000183105469,63.744998931884766,63.79499816894531,1477.0
2025-12-15 20:00:00-05:00,63.79999923706055,64.19000244140625,63.38999938964844,63.8650016784668,6452.0
2025-12-15 21:00:00-05:00,63.8650016784668,63.974998474121094,63.04999923706055,63.125,4798.0
2025-12-15 22:00:00-05:00,63.13999938964844,63.29499816894531,62.275001525878906,62.744998931884766,9382.0
2025-12-15 23:00:00-05:00,62.755001068115234,62.96500015258789,62.619998931884766,62.81999969482422,1903.0
2025-12-16 00:00:00-05:00,62.814998626708984,63.029998779296875,62.1150016784668,62.665000915527344,5084.0
2025-12-16 01:00:00-05:00,62.66999816894531,63.09000015258789,62.630001068115234,62.98500061035156,3532.0
2025-12-16 02:00:00-05:00,63.0,63.08000183105469,62.82500076293945,63.064998626708984,1892.0
2025-12-16 03:00:00-05:00,63.07500076293945,63.25,62.779998779296875,63.154998779296875,2700.0
2025-12-16 04:00:00-05:00,63.165000915527344,63.189998626708984,62.845001220703125,62.94499969482422,1995.0
2025-12-16 05:00:00-05:00,62.939998626708984,63.17499923706055,62.8650016784668,63.060001373291016,1857.0
2025-12-16 06:00:00-05:00,63.064998626708984,63.11000061035156,62.845001220703125,63.029998779296875,1505.0
2025-12-16 07:00:00-05:00,63.029998779296875,63.29499816894531,62.95000076293945,63.13999938964844,2813.0
2025-12-16 08:00:00-05:00,63.13999938964844,63.70500183105469,62.665000915527344,63.564998626708984,8471.0
2025-12-16 09:00:00-05:00,63.564998626708984,63.85499954223633,63.44499969482422,63.5099983215332,7639.0
2025-12-16 10:00:00-05:00,63.5,63.845001220703125,62.94499969482422,63.595001220703125,8348.0
2025-12-16 11:00:00-05:00,63.584999084472656,63.685001373291016,62.540000915527344,63.349998474121094,6619.0
2025-12-16 12:00:00-05:00,63.36000061035156,63.72999954223633,63.30500030517578,63.369998931884766,4855.0
2025-12-16 13:00:00-05:00,63.36000061035156,63.95500183105469,63.165000915527344,63.90999984741211,5767.0
2025-12-16 14:00:00-05:00,63.90999984741211,64.01499938964844,63.43000030517578,63.939998626708984,3873.0
2025-12-16 15:00:00-05:00,63.935001373291016,64.00499725341797,63.64500045776367,63.755001068115234,2145.0
2025-12-16 16:00:00-05:00,63.7599983215332,63.849998474121094,63.630001068115234,63.79499816894531,629.0
2025-12-16 18:00:00-05:00,63.79499816894531,63.90999984741211,63.724998474121094,63.90999984741211,0.0
2025-12-16 19:00:00-05:00,63.91999816894531,64.2300033569336,63.915000915527344,63.94499969482422,2423.0
2025-12-16 20:00:00-05:00,63.94499969482422,65.88999938964844,63.93000030517578,65.8499984741211,15684.0
2025-12-16 21:00:00-05:00,65.86000061035156,65.9000015258789,65.34500122070312,65.80500030517578,6573.0
2025-12-16 22:00:00-05:00,65.81500244140625,66.2699966430664,65.74500274658203,66.06500244140625,5941.0
2025-12-16 23:00:00-05:00,66.06500244140625,66.26000213623047,65.87999725341797,66.18499755859375,2569.0
2025-12-17 00:00:00-05:00,66.15499877929688,66.6500015258789,66.0250015258789,66.38500213623047,6384.0
2025-12-17 01:00:00-05:00,66.38999938964844,66.54499816894531,66.1050033569336,66.33999633789062,4315.0
2025-12-17 02:00:00-05:00,66.33000183105469,66.33000183105469,65.27999877929688,65.7699966430664,4766.0
2025-12-17 03:00:00-05:00,65.76499938964844,65.97000122070312,65.56500244140625,65.71499633789062,4865.0
2025-12-17 04:00:00-05:00,65.70500183105469,65.93499755859375,65.66999816894531,65.80000305175781,2080.0
2025-12-17 05:00:00-05:00,65.80500030517578,66.16999816894531,65.80500030517578,65.98999786376953,3052.0
2025-12-17 06:00:00-05:00,65.99500274658203,66.06500244140625,65.87999725341797,65.93499755859375,2051.0
2025-12-17 07:00:00-05:00,65.93499755859375,66.20500183105469,65.90499877929688,65.9749984741211,2728.0
2025-12-17 08:00:00-05:00,65.98500061035156,66.37999725341797,65.95500183105469,66.25,9140.0
2025-12-17 09:00:00-05:00,66.23999786376953,66.30000305175781,65.22000122070312,66.19000244140625,17066.0
2025-12-17 10:00:00-05:00,66.18499755859375,66.23500061035156,65.0999984741211,65.70500183105469,11861.0
2025-12-17 11:00:00-05:00,65.69999694824219,66.8499984741211,65.08999633789062,66.7249984741211,11955.0
2025-12-17 12:00:00-05:00,66.70999908447266,67.09500122070312,66.21499633789062,67.05500030517578,10059.0
2025-12-17 13:00:00-05:00,67.06500244140625,67.18000030517578,66.1500015258789,66.44499969482422,11862.0
2025-12-17 14:00:00-05:00,66.43000030517578,66.84500122070312,66.31500244140625,66.63999938964844,4034.0
2025-12-17 15:00:00-05:00,66.63500213623047,66.98500061035156,66.46499633789062,66.66500091552734,3747.0
2025-12-17 16:00:00-05:00,66.66999816894531,66.80999755859375,66.43000030517578,66.44000244140625,1148.0
2025-12-17 18:00:00-05:00,66.51000213623047,66.69000244140625,66.19999694824219,66.5199966430664,0.0
2025-12-17 19:00:00-05:00,66.50499725341797,66.6449966430664,66.41000366210938,66.55000305175781,1406.0
2025-12-17 20:00:00-05:00,66.54499816894531,66.6500015258789,65.72000122070312,66.41999816894531,7102.0
2025-12-17 21:00:00-05:00,66.43499755859375,66.69499969482422,66.29000091552734,66.55999755859375,3157.0
2025-12-17 22:00:00-05:00,66.55999755859375,66.66999816894531,66.41999816894531,66.57499694824219,1853.0
2025-12-17 23:00:00-05:00,66.58499908447266,66.66999816894531,66.41000366210938,66.48999786376953,886.0
2025-12-18 00:00:00-05:00,66.4800033569336,66.80999755859375,66.34500122070312,66.41500091552734,2649.0
2025-12-18 01:00:00-05:00,66.41000366210938,66.62999725341797,66.33000183105469,66.56500244140625,1718.0
2025-12-18 02:00:00-05:00,66.56999969482422,66.82499694824219,66.50499725341797,66.68499755859375,1922.0
2025-12-18 03:00:00-05:00,66.67500305175781,66.72000122070312,66.01000213623047,66.15499877929688,3192.0
2025-12-18 04:00:00-05:00,66.13999938964844,66.36000061035156,66.0199966430664,66.1500015258789,1733.0
2025-12-18 05:00:00-05:00,66.1449966430664,66.33499908447266,66.05999755859375,66.23500061035156,1186.0
2025-12-18 06:00:00-05:00,66.23999786376953,66.43000030517578,66.23500061035156,66.40499877929688,1228.0
2025-12-18 07:00:00-05:00,66.40499877929688,66.45500183105469,66.0999984741211,66.16500091552734,2031.0
2025-12-18 08:00:00-05:00,66.16000366210938,66.55000305175781,65.76000213623047,66.45500183105469,9685.0
2025-12-18 09:00:00-05:00,66.42500305175781,66.5999984741211,64.67500305175781,65.57499694824219,20533.0
2025-12-18 10:00:00-05:00,65.56500244140625,65.87999725341797,65.26499938964844,65.53500366210938,10342.0
2025-12-18 11:00:00-05:00,65.54000091552734,66.33999633789062,65.5,65.87999725341797,11215.0
2025-12-18 12:00:00-05:00,65.87999725341797,65.94999694824219,64.77999877929688,65.31500244140625,13856.0
2025-12-18 13:00:00-05:00,65.29499816894531,65.5199966430664,65.05000305175781,65.30000305175781,6546.0
2025-12-18 14:00:00-05:00,65.28500366210938,65.41500091552734,64.97000122070312,65.1050033569336,3294.0
2025-12-18 15:00:00-05:00,65.11499786376953,65.54000091552734,65.08499908447266,65.38999938964844,2721.0
2025-12-18 16:00:00-05:00,65.38500213623047,65.45999908447266,65.27999877929688,65.44999694824219,648.0
2025-12-18 18:00:00-05:00,65.41500091552734,65.65499877929688,65.3949966430664,65.5999984741211,0.0
2025-12-18 19:00:00-05:00,65.61499786376953,65.66999816894531,65.41999816894531,65.44000244140625,1190.0
2025-12-18 20:00:00-05:00,65.44999694824219,65.5199966430664,64.63999938964844,64.9800033569336,5901.0
2025-12-18 21:00:00-05:00,64.9800033569336,65.28500366210938,64.81999969482422,64.83499908447266,2757.0
2025-12-18 22:00:00-05:00,64.83000183105469,65.27999877929688,64.46499633789062,65.11000061035156,3587.0
2025-12-18 23:00:00-05:00,65.0999984741211,65.41000366210938,65.08000183105469,65.37999725341797,1029.0
2025-12-19 00:00:00-05:00,65.37999725341797,66.05000305175781,65.21499633789062,65.88999938964844,4575.0
2025-12-19 01:00:00-05:00,65.88500213623047,66.06999969482422,65.62999725341797,65.84500122070312,2917.0
2025-12-19 02:00:00-05:00,65.83999633789062,65.94999694824219,65.69000244140625,65.73999786376953,1113.0
2025-12-19 03:00:00-05:00,65.74500274658203,66.0199966430664,65.70999908447266,65.91500091552734,1422.0
2025-12-19 04:00:00-05:00,65.9000015258789,66.2750015258789,65.81500244140625,66.13500213623047,2402.0
2025-12-19 05:00:00-05:00,66.12000274658203,66.37000274658203,66.05000305175781,66.16999816894531,2150.0
2025-12-19 06:00:00-05:00,66.16000366210938,66.18499755859375,65.9000015258789,65.91999816894531,1618.0
2025-12-19 07:00:00-05:00,65.93000030517578,66.02999877929688,65.70999908447266,65.83999633789062,2453.0
2025-12-19 08:00:00-05:00,65.86000061035156,66.12000274658203,65.69499969482422,65.93000030517578,5830.0
2025-12-19 09:00:00-05:00,65.93000030517578,66.76000213623047,65.83999633789062,66.375,11960.0
2025-12-19 10:00:00-05:00,66.4000015258789,66.9800033569336,66.34500122070312,66.94999694824219,9806.0
2025-12-19 11:00:00-05:00,66.94499969482422,67.55500030517578,66.83999633789062,67.47000122070312,11302.0
2025-12-19 12:00:00-05:00,67.47000122070312,67.6449966430664,67.26499938964844,67.5999984741211,6344.0
2025-12-19 13:00:00-05:00,67.58999633789062,67.68000030517578,67.15499877929688,67.43499755859375,8297.0
2025-12-19 14:00:00-05:00,67.42500305175781,67.625,67.375,67.45999908447266,2879.0
2025-12-19 15:00:00-05:00,67.46499633789062,67.56999969482422,67.26000213623047,67.42500305175781,3244.0
2025-12-19 16:00:00-05:00,67.43000030517578,67.44499969482422,67.33999633789062,67.42500305175781,832.0
2025-12-21 18:00:00-05:00,67.80999755859375,67.87999725341797,67.68499755859375,67.76499938964844,1949.0
2025-12-21 19:00:00-05:00,67.7699966430664,67.94999694824219,67.74500274658203,67.9000015258789,2915.0
2025-12-21 20:00:00-05:00,67.90499877929688,68.77999877929688,67.90499877929688,68.66999816894531,9714.0
2025-12-21 21:00:00-05:00,68.66999816894531,69.2699966430664,68.62000274658203,69.01499938964844,7000.0
2025-12-21 22:00:00-05:00,69.01499938964844,69.4000015258789,68.93000030517578,69.34500122070312,4026.0
2025-12-21 23:00:00-05:00,69.34500122070312,69.5250015258789,69.28500366210938,69.42500305175781,2997.0
2025-12-22 00:00:00-05:00,69.40499877929688,69.44000244140625,68.50499725341797,68.6449966430664,7101.0
2025-12-22 01:00:00-05:00,68.63999938964844,69.26499938964844,68.62000274658203,69.2249984741211,3485.0
2025-12-22 02:00:00-05:00,69.21499633789062,69.21499633789062,68.80000305175781,68.99500274658203,2473.0
2025-12-22 03:00:00-05:00,68.9749984741211,68.9800033569336,68.56500244140625,68.72000122070312,2148.0
2025-12-22 04:00:00-05:00,68.69999694824219,69.00499725341797,68.66000366210938,68.92500305175781,1490.0
2025-12-22 05:00:00-05:00,68.92500305175781,69.12000274658203,68.87000274658203,68.9749984741211,1764.0
2025-12-22 06:00:00-05:00,68.9749984741211,69.125,68.91000366210938,69.05999755859375,1697.0
2025-12-22 07:00:00-05:00,69.05000305175781,69.22000122070312,68.79000091552734,69.02999877929688,3745.0
2025-12-22 08:00:00-05:00,69.02999877929688,69.2750015258789,68.79499816894531,68.90499877929688,6056.0
2025-12-22 09:00:00-05:00,68.91000366210938,69.27999877929688,68.63999938964844,68.88999938964844,7660.0
2025-12-22 10:00:00-05:00,68.90499877929688,68.99500274658203,68.3949966430664,68.80500030517578,9491.0
2025-12-22 11:00:00-05:00,68.81999969482422,68.95500183105469,68.19999694824219,68.7300033569336,8886.0
2025-12-22 12:00:00-05:00,68.72000122070312,68.7699966430664,68.33000183105469,68.61499786376953,3100.0
2025-12-22 13:00:00-05:00,68.625,68.65499877929688,68.3550033569336,68.38999938964844,3280.0
2025-12-22 14:00:00-05:00,68.3949966430664,68.59500122070312,68.1449966430664,68.57499694824219,2432.0
2025-12-22 15:00:00-05:00,68.58000183105469,68.9000015258789,68.57499694824219,68.8499984741211,1800.0
2025-12-22 16:00:00-05:00,68.8550033569336,69.12000274658203,68.8499984741211,69.08999633789062,1079.0
2025-12-22 18:00:00-05:00,69.08000183105469,69.44999694824219,69.06500244140625,69.20999908447266,0.0
2025-12-22 19:00:00-05:00,69.20999908447266,69.2699966430664,69.0,69.19999694824219,1309.0
2025-12-22 20:00:00-05:00,69.19499969482422,69.80999755859375,68.96499633789062,69.38999938964844,6975.0
2025-12-22 21:00:00-05:00,69.4000015258789,69.94499969482422,69.23999786376953,69.94000244140625,4351.0
2025-12-22 22:00:00-05:00,69.94499969482422,70.15499877929688,69.625,69.70500183105469,4065.0
2025-12-22 23:00:00-05:00,69.70999908447266,69.78500366210938,69.55000305175781,69.63999938964844,1203.0
2025-12-23 00:00:00-05:00,69.66500091552734,69.66500091552734,69.30999755859375,69.31500244140625,3064.0
2025-12-23 01:00:00-05:00,69.30500030517578,69.5199966430664,69.15499877929688,69.3949966430664,2860.0
2025-12-23 02:00:00-05:00,69.40499877929688,69.67500305175781,69.3499984741211,69.56999969482422,1560.0
2025-12-23 03:00:00-05:00,69.56999969482422,69.66000366210938,69.43000030517578,69.58000183105469,1395.0
2025-12-23 04:00:00-05:00,69.58499908447266,69.63999938964844,69.44499969482422,69.5199966430664,1472.0
2025-12-23 05:00:00-05:00,69.5199966430664,69.74500274658203,69.49500274658203,69.69999694824219,1151.0
2025-12-23 06:00:00-05:00,69.69000244140625,69.79000091552734,69.55500030517578,69.76000213623047,1256.0
2025-12-23 07:00:00-05:00,69.75499725341797,69.78500366210938,69.56500244140625,69.61000061035156,1502.0
2025-12-23 08:00:00-05:00,69.61499786376953,70.79499816894531,69.61000061035156,70.50499725341797,16944.0
2025-12-23 09:00:00-05:00,70.5199966430664,70.6449966430664,69.26000213623047,69.55000305175781,19709.0
2025-12-23 10:00:00-05:00,69.5,69.88500213623047,68.7249984741211,69.81999969482422,15594.0
2025-12-23 11:00:00-05:00,69.81999969482422,70.7300033569336,69.7750015258789,70.62999725341797,9657.0
2025-12-23 12:00:00-05:00,70.63999938964844,71.26000213623047,70.5999984741211,70.86000061035156,12261.0
2025-12-23 13:00:00-05:00,70.8550033569336,71.45999908447266,70.8550033569336,71.44000244140625,8272.0
2025-12-23 14:00:00-05:00,71.44000244140625,71.79499816894531,71.31500244140625,71.4000015258789,6282.0
2025-12-23 15:00:00-05:00,71.41000366210938,71.68000030517578,71.25,71.61000061035156,3726.0
2025-12-23 16:00:00-05:00,71.61499786376953,71.63500213623047,71.51000213623047,71.61000061035156,1358.0
2025-12-23 18:00:00-05:00,71.68000030517578,71.97000122070312,71.4800033569336,71.875,0.0
2025-12-23 19:00:00-05:00,71.88500213623047,72.11000061035156,71.7300033569336,71.95500183105469,2944.0
2025-12-23 20:00:00-05:00,71.95999908447266,72.75,71.66999816894531,72.45999908447266,8899.0
2025-12-23 21:00:00-05:00,72.45500183105469,72.56500244140625,71.80500030517578,71.8550033569336,5949.0
2025-12-23 22:00:00-05:00,71.86499786376953,72.46499633789062,71.77999877929688,72.31999969482422,3493.0
2025-12-23 23:00:00-05:00,72.33999633789062,72.46499633789062,72.19499969482422,72.25,1135.0
2025-12-24 09:30:00-05:00,71.96499633789062,72.29000091552734,70.75499725341797,70.88500213623047,12635.0
2025-12-24 10:30:00-05:00,70.875,71.36000061035156,70.16000366210938,70.7249984741211,12766.0
2025-12-24 11:30:00-05:00,70.69999694824219,71.87000274658203,70.61499786376953,71.78500366210938,9241.0
2025-12-24 12:30:00-05:00,71.7750015258789,72.13999938964844,71.625,72.00499725341797,6344.0
2025-12-26 00:00:00-05:00,74.88999938964844,75.28500366210938,74.7699966430664,75.20500183105469,2709.0
2025-12-26 01:00:00-05:00,75.20500183105469,75.26000213623047,74.66000366210938,74.81500244140625,4100.0
2025-12-26 02:00:00-05:00,74.80500030517578,75.0199966430664,74.71499633789062,74.83999633789062,1897.0
2025-12-26 03:00:00-05:00,74.83499908447266,75.16500091552734,74.77999877929688,75.125,1693.0
2025-12-26 04:00:00-05:00,75.11499786376953,75.17500305175781,74.81999969482422,74.96499633789062,1284.0
2025-12-26 05:00:00-05:00,74.95999908447266,75.83999633789062,74.94000244140625,75.0999984741211,5373.0
2025-12-26 06:00:00-05:00,75.1050033569336,75.12999725341797,73.56999969482422,74.48500061035156,9878.0
2025-12-26 07:00:00-05:00,74.48999786376953,74.5999984741211,74.15499877929688,74.22000122070312,3179.0
2025-12-26 08:00:00-05:00,74.22000122070312,74.93000030517578,73.93000030517578,74.5999984741211,9652.0
2025-12-26 09:00:00-05:00,74.5999984741211,75.4000015258789,74.36000061035156,75.03500366210938,13557.0
2025-12-26 10:00:00-05:00,75.03500366210938,76.31999969482422,75.01000213623047,76.2300033569336,15208.0
2025-12-26 11:00:00-05:00,76.23500061035156,76.7750015258789,75.66000366210938,76.6050033569336,13657.0
2025-12-26 12:00:00-05:00,76.61000061035156,76.82499694824219,76.01499938964844,76.7750015258789,10539.0
2025-12-26 13:00:00-05:00,76.7699966430664,77.79499816894531,76.66500091552734,77.69000244140625,14900.0
2025-12-26 14:00:00-05:00,77.69000244140625,78.05999755859375,77.41500091552734,77.75,8345.0
2025-12-26 15:00:00-05:00,77.75,78.9800033569336,77.73999786376953,78.7699966430664,10800.0
2025-12-26 16:00:00-05:00,78.77999877929688,79.69999694824219,77.19599914550781,77.19599914550781,6992.0
2025-12-28 18:00:00-05:00,81.8499984741211,82.6050033569336,81.21499633789062,81.6500015258789,12381.0
2025-12-28 19:00:00-05:00,81.6500015258789,81.70999908447266,75.44000244140625,76.87000274658203,24228.0
2025-12-28 20:00:00-05:00,76.84500122070312,78.83000183105469,76.03500366210938,76.84500122070312,18820.0
2025-12-28 21:00:00-05:00,76.81500244140625,78.4800033569336,76.81500244140625,78.19999694824219,6349.0
2025-12-28 22:00:00-05:00,78.19000244140625,80.61000061035156,78.19000244140625,80.08499908447266,10913.0
2025-12-28 23:00:00-05:00,80.05000305175781,80.08000183105469,79.15499877929688,79.55500030517578,4234.0
2025-12-29 00:00:00-05:00,79.54000091552734,80.18499755859375,78.2750015258789,78.66500091552734,5410.0
2025-12-29 01:00:00-05:00,78.67500305175781,78.99500274658203,74.69499969482422,75.55500030517578,16613.0
2025-12-29 02:00:00-05:00,75.55000305175781,76.54499816894531,74.55999755859375,75.51000213623047,10906.0
2025-12-29 03:00:00-05:00,75.46499633789062,75.99500274658203,73.70999908447266,74.05999755859375,8413.0
2025-12-29 04:00:00-05:00,74.06500244140625,75.44000244140625,74.06500244140625,75.41500091552734,5958.0
2025-12-29 05:00:00-05:00,75.38500213623047,75.5999984741211,74.69999694824219,75.19499969482422,2247.0
2025-12-29 06:00:00-05:00,75.19000244140625,75.41000366210938,73.37000274658203,73.92500305175781,4948.0
2025-12-29 07:00:00-05:00,73.91000366210938,74.98999786376953,73.8949966430664,74.94499969482422,4896.0
2025-12-29 08:00:00-05:00,74.93499755859375,75.88500213623047,72.30000305175781,73.3550033569336,20719.0
2025-12-29 09:00:00-05:00,73.33499908447266,73.33499908447266,71.33999633789062,72.29499816894531,22537.0
2025-12-29 10:00:00-05:00,72.30500030517578,72.30500030517578,70.25,71.0250015258789,18269.0
2025-12-29 11:00:00-05:00,71.0250015258789,72.25,70.72000122070312,71.97000122070312,11182.0
2025-12-29 12:00:00-05:00,71.98500061035156,72.21499633789062,70.80500030517578,71.08000183105469,7338.0
2025-12-29 13:00:00-05:00,71.0999984741211,71.33499908447266,70.21499633789062,71.17500305175781,12172.0
2025-12-29 14:00:00-05:00,71.19000244140625,71.88999938964844,70.8499984741211,71.80999755859375,4791.0
2025-12-29 15:00:00-05:00,71.80999755859375,72.59500122070312,71.80000305175781,72.2699966430664,5885.0
2025-12-29 16:00:00-05:00,72.26000213623047,72.26499938964844,71.42500305175781,71.63999938964844,2484.0
2025-12-29 18:00:00-05:00,71.68499755859375,72.27999877929688,70.66999816894531,72.13500213623047,0.0
2025-12-29 19:00:00-05:00,72.12999725341797,72.73500061035156,71.7300033569336,72.33000183105469,3135.0
2025-12-29 20:00:00-05:00,72.31999969482422,73.31999969482422,71.5199966430664,73.2699966430664,6339.0
2025-12-29 21:00:00-05:00,73.2750015258789,73.52999877929688,72.68000030517578,73.50499725341797,3874.0
2025-12-29 22:00:00-05:00,73.5,74.15499877929688,73.3499984741211,73.88500213623047,3898.0
2025-12-29 23:00:00-05:00,73.88999938964844,74.18000030517578,73.84500122070312,73.95500183105469,2185.0
2025-12-30 00:00:00-05:00,74.01000213623047,74.7249984741211,73.55999755859375,74.5999984741211,5501.0
2025-12-30 01:00:00-05:00,74.59500122070312,74.66500091552734,73.90499877929688,74.44499969482422,4766.0
2025-12-30 02:00:00-05:00,74.43000030517578,74.62999725341797,73.83000183105469,74.34500122070312,3279.0
2025-12-30 03:00:00-05:00,74.3499984741211,74.43000030517578,73.41999816894531,73.94499969482422,4367.0
2025-12-30 04:00:00-05:00,73.94000244140625,74.28500366210938,73.80999755859375,74.2249984741211,2482.0
2025-12-30 05:00:00-05:00,74.22000122070312,74.33000183105469,73.9800033569336,74.19000244140625,1926.0
2025-12-30 06:00:00-05:00,74.20999908447266,74.5199966430664,74.20999908447266,74.47000122070312,1780.0
2025-12-30 07:00:00-05:00,74.48999786376953,75.91000366210938,74.44999694824219,75.74500274658203,9290.0
2025-12-30 08:00:00-05:00,75.75,76.31999969482422,75.05999755859375,76.0199966430664,17559.0
2025-12-30 09:00:00-05:00,76.0250015258789,76.2249984741211,74.8499984741211,75.2300033569336,18350.0
2025-12-30 10:00:00-05:00,75.2300033569336,76.24500274658203,74.86499786376953,75.8499984741211,14318.0
2025-12-30 11:00:00-05:00,75.83999633789062,77.0199966430664,75.52999877929688,76.88999938964844,10818.0
2025-12-30 12:00:00-05:00,76.90499877929688,77.72000122070312,76.84500122070312,77.45500183105469,14441.0
2025-12-30 13:00:00-05:00,77.44499969482422,78.06500244140625,77.21499633789062,77.53500366210938,13539.0
2025-12-30 14:00:00-05:00,77.51000213623047,77.7300033569336,75.7750015258789,76.11000061035156,9235.0
2025-12-30 15:00:00-05:00,76.1050033569336,76.63999938964844,75.2750015258789,75.93000030517578,9616.0
2025-12-30 16:00:00-05:00,75.94000244140625,76.5199966430664,75.875,76.01499938964844,2850.0
2025-12-30 18:00:00-05:00,76.06500244140625,76.2750015258789,74.1500015258789,75.06999969482422,0.0
2025-12-30 19:00:00-05:00,75.08000183105469,75.24500274658203,74.11499786376953,74.69000244140625,3680.0
2025-12-30 20:00:00-05:00,74.69499969482422,75.68000030517578,74.41000366210938,75.38500213623047,4644.0
2025-12-30 21:00:00-05:00,75.3949966430664,75.75,72.69999694824219,73.16999816894531,8811.0
2025-12-30 22:00:00-05:00,73.16000366210938,73.5,71.86000061035156,72.0250015258789,9768.0
2025-12-30 23:00:00-05:00,72.0250015258789,72.72000122070312,71.42500305175781,71.63999938964844,4849.0
2025-12-31 00:00:00-05:00,71.69499969482422,72.30000305175781,70.36499786376953,70.69000244140625,9185.0
2025-12-31 01:00:00-05:00,70.71499633789062,71.49500274658203,70.2249984741211,71.375,6782.0
2025-12-31 02:00:00-05:00,71.3949966430664,72.0199966430664,71.11000061035156,71.78500366210938,4136.0
2025-12-31 03:00:00-05:00,71.79000091552734,71.94999694824219,70.5,70.51499938964844,4661.0
2025-12-31 04:00:00-05:00,70.5199966430664,72.02999877929688,70.5199966430664,71.41999816894531,4328.0
2025-12-31 05:00:00-05:00,71.41000366210938,71.74500274658203,71.05000305175781,71.41000366210938,2740.0
2025-12-31 06:00:00-05:00,71.3949966430664,71.83499908447266,71.21499633789062,71.44499969482422,1905.0
2025-12-31 07:00:00-05:00,71.44499969482422,71.55000305175781,70.81999969482422,71.4000015258789,3155.0
2025-12-31 08:00:00-05:00,71.3949966430664,71.91999816894531,71.04499816894531,71.7300033569336,5799.0
2025-12-31 09:00:00-05:00,71.7249984741211,73.28500366210938,71.18499755859375,72.93499755859375,12931.0
2025-12-31 10:00:00-05:00,72.92500305175781,73.12000274658203,71.55999755859375,71.87000274658203,9262.0
2025-12-31 11:00:00-05:00,71.86000061035156,71.99500274658203,70.875,71.19499969482422,8031.0
2025-12-31 12:00:00-05:00,71.2249984741211,71.49500274658203,70.51499938964844,70.69499969482422,7686.0
2025-12-31 13:00:00-05:00,70.68499755859375,71.26000213623047,70.44499969482422,71.01499938964844,9253.0
2025-12-31 14:00:00-05:00,71.04000091552734,71.20999908447266,69.57499694824219,69.73999786376953,9467.0
2025-12-31 15:00:00-05:00,69.73999786376953,70.70999908447266,69.25499725341797,70.40499877929688,7065.0
2025-12-31 16:00:00-05:00,70.41500091552734,70.99500274658203,70.2699966430664,70.9800033569336,2220.0
2026-01-02 00:00:00-05:00,72.79499816894531,73.5250015258789,72.6050033569336,73.4749984741211,2664.0
2026-01-02 01:00:00-05:00,73.48999786376953,73.80000305175781,73.25,73.48999786376953,2420.0
2026-01-02 02:00:00-05:00,73.50499725341797,73.61499786376953,73.18499755859375,73.5199966430664,2234.0
2026-01-02 03:00:00-05:00,73.5,74.16999816894531,73.45500183105469,73.99500274658203,3794.0
2026-01-02 04:00:00-05:00,73.98500061035156,74.11499786376953,73.87999725341797,73.91999816894531,1479.0
2026-01-02 05:00:00-05:00,73.94499969482422,74.11499786376953,73.83000183105469,74.05500030517578,1472.0
2026-01-02 06:00:00-05:00,74.06500244140625,74.20999908447266,73.66500091552734,73.77999877929688,2642.0
2026-01-02 07:00:00-05:00,73.77999877929688,73.91500091552734,73.34500122070312,73.56500244140625,3390.0
2026-01-02 08:00:00-05:00,73.56999969482422,73.75499725341797,73.08000183105469,73.45999908447266,7322.0
2026-01-02 09:00:00-05:00,73.50499725341797,74.12000274658203,72.83499908447266,73.24500274658203,10408.0
2026-01-02 10:00:00-05:00,73.2300033569336,73.52999877929688,72.125,72.20999908447266,10521.0
2026-01-02 11:00:00-05:00,72.19000244140625,72.26499938964844,71.18499755859375,71.80999755859375,9795.0
2026-01-02 12:00:00-05:00,71.79000091552734,72.27999877929688,71.32499694824219,71.375,5857.0
2026-01-02 13:00:00-05:00,71.37000274658203,71.5,70.87999725341797,71.26000213623047,7208.0
2026-01-02 14:00:00-05:00,71.27999877929688,72.16000366210938,71.25499725341797,71.43499755859375,4703.0
2026-01-02 15:00:00-05:00,71.45999908447266,72.23999786376953,71.38500213623047,72.09500122070312,3118.0
2026-01-02 16:00:00-05:00,72.1050033569336,72.26499938964844,71.01499938964844,71.01499938964844,1124.0
2026-01-04 18:00:00-05:00,72.73999786376953,73.76499938964844,72.52999877929688,73.61499786376953,3719.0
2026-01-04 19:00:00-05:00,73.62999725341797,75.28500366210938,73.54000091552734,75.12000274658203,6344.0
2026-01-04 20:00:00-05:00,75.12999725341797,76.05000305175781,74.70999908447266,75.13500213623047,8486.0
2026-01-04 21:00:00-05:00,75.1500015258789,75.44999694824219,74.56500244140625,75.16000366210938,3317.0
2026-01-04 22:00:00-05:00,75.18000030517578,75.58000183105469,74.81999969482422,74.8499984741211,2229.0
2026-01-04 23:00:00-05:00,74.8550033569336,75.23999786376953,74.8499984741211,75.18499755859375,913.0
2026-01-05 00:00:00-05:00,75.18000030517578,75.31999969482422,74.66999816894531,75.11499786376953,2049.0
2026-01-05 01:00:00-05:00,75.11000061035156,75.41500091552734,75.03500366210938,75.2750015258789,2378.0
2026-01-05 02:00:00-05:00,75.27999877929688,75.36000061035156,75.12999725341797,75.25499725341797,1501.0
2026-01-05 03:00:00-05:00,75.25499725341797,75.7750015258789,75.23500061035156,75.55500030517578,2706.0
2026-01-05 04:00:00-05:00,75.54000091552734,76.0199966430664,75.50499725341797,75.94999694824219,2548.0
2026-01-05 05:00:00-05:00,75.94999694824219,75.99500274658203,75.43000030517578,75.45999908447266,2034.0
2026-01-05 06:00:00-05:00,75.47000122070312,75.56999969482422,74.36499786376953,74.41500091552734,5794.0
2026-01-05 07:00:00-05:00,74.4000015258789,74.81999969482422,74.17500305175781,74.61499786376953,3730.0
2026-01-05 08:00:00-05:00,74.63999938964844,75.37000274658203,74.49500274658203,75.3499984741211,8366.0
2026-01-05 09:00:00-05:00,75.3499984741211,76.95999908447266,75.3499984741211,76.68499755859375,23056.0
2026-01-05 10:00:00-05:00,76.7249984741211,77.20500183105469,76.26000213623047,77.125,14166.0
2026-01-05 11:00:00-05:00,77.11000061035156,77.83499908447266,76.58499908447266,77.00499725341797,10118.0
2026-01-05 12:00:00-05:00,77.01499938964844,77.0250015258789,76.1449966430664,76.44000244140625,8810.0
2026-01-05 13:00:00-05:00,76.43499755859375,76.8550033569336,76.20500183105469,76.49500274658203,7685.0
2026-01-05 14:00:00-05:00,76.5,76.5199966430664,75.56999969482422,76.05999755859375,4601.0
2026-01-05 15:00:00-05:00,76.04000091552734,76.375,75.61499786376953,76.09500122070312,3634.0
2026-01-05 16:00:00-05:00,76.09500122070312,76.53500366210938,76.06999969482422,76.51000213623047,1240.0
2026-01-05 18:00:00-05:00,76.52999877929688,76.87000274658203,75.76000213623047,76.06999969482422,0.0
2026-01-05 19:00:00-05:00,76.08000183105469,76.375,75.9749984741211,76.17500305175781,1205.0
2026-01-05 20:00:00-05:00,76.16500091552734,76.70999908447266,75.69999694824219,76.55999755859375,3819.0
2026-01-05 21:00:00-05:00,76.56500244140625,77.8949966430664,76.41500091552734,77.66000366210938,5981.0
2026-01-05 22:00:00-05:00,77.69999694824219,78.8949966430664,77.68499755859375,78.73500061035156,4755.0
2026-01-05 23:00:00-05:00,78.7300033569336,79.05000305175781,78.37999725341797,78.63500213623047,2827.0
2026-01-06 00:00:00-05:00,78.61000061035156,79.29000091552734,78.01000213623047,78.2699966430664,4857.0
2026-01-06 01:00:00-05:00,78.28500366210938,78.9749984741211,78.2300033569336,78.72000122070312,3092.0
2026-01-06 02:00:00-05:00,78.70999908447266,78.81500244140625,77.75499725341797,77.84500122070312,3059.0
2026-01-06 03:00:00-05:00,77.83499908447266,78.38999938964844,77.7249984741211,78.38500213623047,2875.0
2026-01-06 04:00:00-05:00,78.36499786376953,78.37999725341797,77.36000061035156,77.47000122070312,3495.0
2026-01-06 05:00:00-05:00,77.44999694824219,77.79499816894531,77.19999694824219,77.61499786376953,2498.0
2026-01-06 06:00:00-05:00,77.625,78.2300033569336,77.6050033569336,78.20500183105469,2304.0
2026-01-06 07:00:00-05:00,78.19999694824219,78.43000030517578,78.02999877929688,78.33999633789062,3176.0
2026-01-06 08:00:00-05:00,78.31999969482422,79.06999969482422,78.0,78.95500183105469,9650.0
2026-01-06 09:00:00-05:00,78.97000122070312,80.41999816894531,78.74500274658203,80.34500122070312,18250.0
2026-01-06 10:00:00-05:00,80.33000183105469,80.79499816894531,79.62999725341797,80.30999755859375,17177.0
2026-01-06 11:00:00-05:00,80.29499816894531,80.91500091552734,79.91500091552734,80.70999908447266,9241.0
2026-01-06 12:00:00-05:00,80.72000122070312,81.41999816894531,80.62000274658203,81.27999877929688,9626.0
2026-01-06 13:00:00-05:00,81.29000091552734,81.48500061035156,80.27999877929688,81.04000091552734,12371.0
2026-01-06 14:00:00-05:00,80.80999755859375,80.8499984741211,79.86000061035156,80.09500122070312,7019.0
2026-01-06 15:00:00-05:00,79.9749984741211,81.20999908447266,79.94000244140625,81.18000030517578,4803.0
2026-01-06 16:00:00-05:00,81.18000030517578,81.36000061035156,80.97000122070312,81.22000122070312,2072.0
2026-01-06 18:00:00-05:00,81.28500366210938,82.58499908447266,81.18000030517578,82.19999694824219,0.0
2026-01-06 19:00:00-05:00,82.19499969482422,82.5,82.0999984741211,82.2699966430664,3084.0
2026-01-06 20:00:00-05:00,82.29499816894531,82.49500274658203,79.18499755859375,80.19000244140625,14253.0
2026-01-06 21:00:00-05:00,80.20999908447266,81.33999633789062,79.5,80.79499816894531,5877.0
2026-01-06 22:00:00-05:00,80.7699966430664,81.05000305175781,80.11000061035156,80.19000244140625,3921.0
2026-01-06 23:00:00-05:00,80.19000244140625,80.30000305175781,79.31999969482422,79.51499938964844,4637.0
2026-01-07 00:00:00-05:00,79.61499786376953,79.99500274658203,78.2300033569336,79.04499816894531,6084.0
2026-01-07 01:00:00-05:00,79.06500244140625,79.34500122070312,78.0999984741211,78.80999755859375,4145.0
2026-01-07 02:00:00-05:00,78.83000183105469,79.99500274658203,78.74500274658203,79.75499725341797,4217.0
2026-01-07 03:00:00-05:00,79.70999908447266,79.94999694824219,79.375,79.41000366210938,3292.0
2026-01-07 04:00:00-05:00,79.38999938964844,79.44999694824219,78.82499694824219,79.30500030517578,2802.0
2026-01-07 05:00:00-05:00,79.2750015258789,79.45500183105469,78.93000030517578,79.30500030517578,1464.0
2026-01-07 06:00:00-05:00,79.30000305175781,79.375,78.66000366210938,78.69499969482422,2277.0
2026-01-07 07:00:00-05:00,78.7249984741211,78.94999694824219,78.0250015258789,78.3499984741211,6296.0
2026-01-07 08:00:00-05:00,78.3499984741211,78.61499786376953,76.81500244140625,77.29000091552734,17076.0
2026-01-07 09:00:00-05:00,77.2750015258789,77.66000366210938,76.37000274658203,77.33999633789062,16265.0
2026-01-07 10:00:00-05:00,77.33499908447266,77.44499969482422,76.08000183105469,76.94000244140625,13383.0
2026-01-07 11:00:00-05:00,76.94999694824219,78.63999938964844,76.9000015258789,78.53500366210938,11529.0
2026-01-07 12:00:00-05:00,78.52999877929688,78.5999984741211,77.58499908447266,77.87000274658203,7165.0
2026-01-07 13:00:00-05:00,77.86000061035156,78.05999755859375,77.12000274658203,77.9000015258789,8142.0
2026-01-07 14:00:00-05:00,77.91999816894531,78.2249984741211,77.58499908447266,78.19499969482422,3139.0
2026-01-07 15:00:00-05:00,78.19999694824219,78.3550033569336,77.91500091552734,78.08999633789062,2816.0
2026-01-07 16:00:00-05:00,78.08499908447266,78.08499908447266,77.81500244140625,77.9800033569336,906.0
2026-01-07 18:00:00-05:00,77.95999908447266,78.66999816894531,77.91999816894531,78.63500213623047,0.0
2026-01-07 19:00:00-05:00,78.625,78.87999725341797,77.43499755859375,77.7300033569336,3477.0
2026-01-07 20:00:00-05:00,77.7249984741211,78.9000015258789,77.30000305175781,78.48500061035156,4640.0
2026-01-07 21:00:00-05:00,78.4800033569336,78.48999786376953,77.36499786376953,77.7300033569336,4521.0
2026-01-07 22:00:00-05:00,77.7300033569336,78.07499694824219,77.33499908447266,77.76000213623047,2689.0
2026-01-07 23:00:00-05:00,77.69999694824219,77.7699966430664,77.25,77.40499877929688,1418.0
2026-01-08 00:00:00-05:00,77.37999725341797,77.38999938964844,75.31500244140625,75.8949966430664,7602.0
2026-01-08 01:00:00-05:00,75.8949966430664,76.38999938964844,75.20999908447266,75.93499755859375,4896.0
2026-01-08 02:00:00-05:00,75.94499969482422,76.33999633789062,75.31999969482422,75.6449966430664,3942.0
2026-01-08 03:00:00-05:00,75.65499877929688,75.66500091552734,74.8949966430664,75.46499633789062,4052.0
2026-01-08 04:00:00-05:00,75.4800033569336,76.04000091552734,75.375,75.87999725341797,2896.0
2026-01-08 05:00:00-05:00,75.875,75.93000030517578,75.31500244140625,75.80500030517578,2497.0
2026-01-08 06:00:00-05:00,75.77999877929688,75.77999877929688,75.06500244140625,75.06500244140625,2074.0
2026-01-08 07:00:00-05:00,75.06999969482422,75.13999938964844,74.12000274658203,74.95999908447266,8450.0
2026-01-08 08:00:00-05:00,74.96499633789062,75.1449966430664,73.73500061035156,73.86000061035156,10407.0
2026-01-08 09:00:00-05:00,73.86000061035156,74.62000274658203,73.52999877929688,74.25499725341797,12442.0
2026-01-08 10:00:00-05:00,74.25,75.7699966430664,73.95500183105469,75.56999969482422,11549.0
2026-01-08 11:00:00-05:00,75.55500030517578,76.19999694824219,75.16500091552734,75.97000122070312,6627.0
2026-01-08 12:00:00-05:00,75.95500183105469,76.16999816894531,75.52999877929688,75.91000366210938,5030.0
2026-01-08 13:00:00-05:00,75.8949966430664,75.8949966430664,74.96499633789062,75.50499725341797,11508.0
2026-01-08 14:00:00-05:00,75.49500274658203,75.7699966430664,75.30500030517578,75.65499877929688,2252.0
2026-01-08 15:00:00-05:00,75.66999816894531,76.79499816894531,75.63999938964844,76.68000030517578,4977.0
2026-01-08 16:00:00-05:00,76.69000244140625,76.84500122070312,76.4800033569336,76.69000244140625,1585.0
2026-01-08 18:00:00-05:00,76.67500305175781,76.98999786376953,76.18499755859375,76.41000366210938,0.0
2026-01-08 19:00:00-05:00,76.42500305175781,76.48500061035156,75.58499908447266,75.84500122070312,2657.0
2026-01-08 20:00:00-05:00,75.86000061035156,76.4000015258789,75.1500015258789,76.29499816894531,4904.0
2026-01-08 21:00:00-05:00,76.30999755859375,77.29499816894531,76.28500366210938,76.73999786376953,5163.0
2026-01-08 22:00:00-05:00,76.74500274658203,76.75499725341797,75.90499877929688,76.28500366210938,2603.0
2026-01-08 23:00:00-05:00,76.2750015258789,76.56999969482422,76.1500015258789,76.45999908447266,1186.0
2026-01-09 00:00:00-05:00,76.3550033569336,76.96499633789062,76.0199966430664,76.88500213623047,2437.0
2026-01-09 01:00:00-05:00,76.90499877929688,77.22000122070312,76.41000366210938,76.94999694824219,2470.0
2026-01-09 02:00:00-05:00,76.94999694824219,77.13500213623047,76.77999877929688,76.88500213623047,1409.0
2026-01-09 03:00:00-05:00,76.875,77.56500244140625,76.80999755859375,77.2300033569336,3315.0
2026-01-09 04:00:00-05:00,77.22000122070312,78.00499725341797,77.22000122070312,77.72000122070312,2995.0
2026-01-09 05:00:00-05:00,77.75,77.91000366210938,77.58499908447266,77.83499908447266,1482.0
2026-01-09 06:00:00-05:00,77.8499984741211,77.99500274658203,77.32499694824219,77.74500274658203,2942.0
2026-01-09 07:00:00-05:00,77.7249984741211,78.24500274658203,77.04499816894531,77.23999786376953,4570.0
2026-01-09 08:00:00-05:00,77.23500061035156,78.56500244140625,77.11499786376953,78.19499969482422,10658.0
2026-01-09 09:00:00-05:00,78.19499969482422,79.4000015258789,78.08999633789062,79.24500274658203,14781.0
2026-01-09 10:00:00-05:00,79.23999786376953,80.19499969482422,78.83499908447266,80.125,13705.0
2026-01-09 11:00:00-05:00,80.125,80.46499633789062,79.5199966430664,80.33000183105469,9438.0
2026-01-09 12:00:00-05:00,80.33499908447266,80.3949966430664,79.13500213623047,79.36000061035156,10438.0
2026-01-09 13:00:00-05:00,79.34500122070312,79.90499877929688,79.18499755859375,79.80000305175781,9440.0
2026-01-09 14:00:00-05:00,79.80999755859375,79.94000244140625,79.48500061035156,79.7750015258789,2727.0
2026-01-09 15:00:00-05:00,79.76000213623047,80.06999969482422,79.43499755859375,79.66999816894531,3356.0
2026-01-09 16:00:00-05:00,79.66500091552734,79.87999725341797,79.34100341796875,79.34100341796875,1440.0
2026-01-11 18:00:00-05:00,80.51000213623047,81.56999969482422,80.19000244140625,81.38999938964844,4340.0
2026-01-11 19:00:00-05:00,81.3949966430664,83.5,81.25,83.04499816894531,9495.0
2026-01-11 20:00:00-05:00,83.04000091552734,83.90499877929688,82.81999969482422,82.86499786376953,8576.0
2026-01-11 21:00:00-05:00,82.87000274658203,83.4749984741211,82.33999633789062,83.30000305175781,6466.0
2026-01-11 22:00:00-05:00,83.34500122070312,83.88999938964844,83.11000061035156,83.34500122070312,3303.0
2026-01-11 23:00:00-05:00,83.3550033569336,83.6500015258789,83.12000274658203,83.44999694824219,1661.0
2026-01-12 00:00:00-05:00,83.44000244140625,84.54499816894531,83.26000213623047,84.51000213623047,4191.0
2026-01-12 01:00:00-05:00,84.5199966430664,84.69000244140625,84.06999969482422,84.50499725341797,3632.0
2026-01-12 02:00:00-05:00,84.54499816894531,84.55000305175781,83.62000274658203,84.13999938964844,4015.0
2026-01-12 03:00:00-05:00,84.125,84.44999694824219,84.03500366210938,84.16500091552734,2287.0
2026-01-12 04:00:00-05:00,84.18499755859375,84.55000305175781,83.98999786376953,84.2300033569336,2013.0
2026-01-12 05:00:00-05:00,84.25,84.3550033569336,84.02999877929688,84.21499633789062,1394.0
2026-01-12 06:00:00-05:00,84.20999908447266,84.22000122070312,83.55000305175781,83.83499908447266,2507.0
2026-01-12 07:00:00-05:00,83.82499694824219,84.28500366210938,83.70500183105469,84.20999908447266,4887.0
2026-01-12 08:00:00-05:00,84.20500183105469,85.72000122070312,84.1449966430664,85.62999725341797,13845.0
2026-01-12 09:00:00-05:00,85.6500015258789,85.75,83.80500030517578,85.02999877929688,19315.0
2026-01-12 10:00:00-05:00,85.00499725341797,85.84500122070312,84.94000244140625,85.37000274658203,10440.0
2026-01-12 11:00:00-05:00,85.36000061035156,86.31999969482422,85.36000061035156,86.12999725341797,9178.0
2026-01-12 12:00:00-05:00,86.12000274658203,86.33999633789062,85.54499816894531,86.02999877929688,7571.0
2026-01-12 13:00:00-05:00,86.01499938964844,86.08999633789062,84.82499694824219,85.41999816894531,12578.0
2026-01-12 14:00:00-05:00,85.43000030517578,85.97000122070312,85.34500122070312,85.67500305175781,4800.0
2026-01-12 15:00:00-05:00,85.69000244140625,85.73500061035156,84.80999755859375,85.08999633789062,4953.0
2026-01-12 16:00:00-05:00,85.0999984741211,85.18000030517578,84.62999725341797,85.15499877929688,2409.0
2026-01-12 18:00:00-05:00,85.36000061035156,85.40499877929688,83.3550033569336,84.33999633789062,0.0
2026-01-12 19:00:00-05:00,84.34500122070312,84.37000274658203,83.7750015258789,84.06999969482422,2041.0
2026-01-12 20:00:00-05:00,84.08999633789062,84.30000305175781,83.51000213623047,83.625,4099.0
2026-01-12 21:00:00-05:00,83.5999984741211,85.49500274658203,83.5999984741211,85.36499786376953,5401.0
2026-01-12 22:00:00-05:00,85.375,85.8949966430664,85.1500015258789,85.34500122070312,2972.0
2026-01-12 23:00:00-05:00,85.33499908447266,85.75,85.30999755859375,85.5999984741211,1286.0
2026-01-13 00:00:00-05:00,85.59500122070312,85.83499908447266,84.3550033569336,85.18499755859375,5042.0
2026-01-13 01:00:00-05:00,85.12999725341797,85.21499633789062,84.45500183105469,84.76499938964844,3549.0
2026-01-13 02:00:00-05:00,84.79499816894531,85.16500091552734,84.5,85.08000183105469,2811.0
2026-01-13 03:00:00-05:00,85.05999755859375,85.9749984741211,85.0,85.63500213623047,3990.0
2026-01-13 04:00:00-05:00,85.62999725341797,85.80999755859375,85.375,85.45999908447266,1508.0
2026-01-13 05:00:00-05:00,85.45999908447266,85.7300033569336,85.25,85.5999984741211,1500.0
2026-01-13 06:00:00-05:00,85.61499786376953,85.8550033569336,85.51499938964844,85.78500366210938,1757.0
2026-01-13 07:00:00-05:00,85.79000091552734,86.16999816894531,85.44999694824219,86.06999969482422,4047.0
2026-01-13 08:00:00-05:00,86.06999969482422,87.86499786376953,85.91999816894531,87.7300033569336,17159.0
2026-01-13 09:00:00-05:00,87.7300033569336,89.21499633789062,87.55500030517578,88.94499969482422,20159.0
2026-01-13 10:00:00-05:00,88.91999816894531,88.95500183105469,87.48999786376953,88.75,16865.0
2026-01-13 11:00:00-05:00,88.76000213623047,89.11000061035156,88.0,88.94999694824219,11180.0
2026-01-13 12:00:00-05:00,88.95999908447266,89.1050033569336,86.83999633789062,87.04000091552734,12437.0
2026-01-13 13:00:00-05:00,87.03500366210938,87.74500274658203,86.11499786376953,87.43000030517578,20306.0
2026-01-13 14:00:00-05:00,87.44499969482422,87.88999938964844,86.80000305175781,87.41000366210938,7033.0
2026-01-13 15:00:00-05:00,87.38500213623047,87.43499755859375,85.77999877929688,86.59500122070312,7177.0
2026-01-13 16:00:00-05:00,86.59500122070312,86.9749984741211,86.48999786376953,86.86000061035156,1342.0
2026-01-13 18:00:00-05:00,86.9000015258789,87.72000122070312,86.75,87.68000030517578,0.0
2026-01-13 19:00:00-05:00,87.66999816894531,88.43499755859375,87.57499694824219,88.33999633789062,5041.0
2026-01-13 20:00:00-05:00,88.3550033569336,89.83499908447266,88.07499694824219,89.77999877929688,8888.0
2026-01-13 21:00:00-05:00,89.7699966430664,89.9000015258789,89.2750015258789,89.58999633789062,5096.0
2026-01-13 22:00:00-05:00,89.62999725341797,90.69999694824219,89.11000061035156,90.66500091552734,5906.0
2026-01-13 23:00:00-05:00,90.6449966430664,91.37000274658203,90.44000244140625,90.63999938964844,6157.0
2026-01-14 00:00:00-05:00,90.54000091552734,91.0199966430664,88.9000015258789,89.18499755859375,8804.0
2026-01-14 01:00:00-05:00,89.16000366210938,90.41999816894531,89.05000305175781,89.96499633789062,9842.0
2026-01-14 02:00:00-05:00,89.97000122070312,90.3949966430664,89.6449966430664,89.94999694824219,4645.0
2026-01-14 03:00:00-05:00,89.96499633789062,90.19999694824219,89.0250015258789,89.93499755859375,4882.0
2026-01-14 04:00:00-05:00,89.92500305175781,90.45500183105469,89.83000183105469,90.34500122070312,3196.0
2026-01-14 05:00:00-05:00,90.3499984741211,90.5250015258789,89.91500091552734,89.99500274658203,3929.0
2026-01-14 06:00:00-05:00,90.00499725341797,90.5999984741211,89.7699966430664,90.38500213623047,2823.0
2026-01-14 07:00:00-05:00,90.38999938964844,92.06500244140625,90.31999969482422,91.90499877929688,8970.0
2026-01-14 08:00:00-05:00,91.90499877929688,92.19499969482422,90.95999908447266,91.63500213623047,15184.0
2026-01-14 09:00:00-05:00,91.66500091552734,92.17500305175781,90.44000244140625,91.18000030517578,18182.0
2026-01-14 10:00:00-05:00,91.19999694824219,91.8949966430664,90.08000183105469,91.76499938964844,19397.0
2026-01-14 11:00:00-05:00,91.79000091552734,92.08499908447266,90.51000213623047,91.08999633789062,12366.0
2026-01-14 12:00:00-05:00,91.09500122070312,91.30500030517578,89.57499694824219,90.44000244140625,15620.0
2026-01-14 13:00:00-05:00,90.42500305175781,92.34500122070312,90.24500274658203,92.31500244140625,17755.0
2026-01-14 14:00:00-05:00,92.33000183105469,93.0199966430664,92.12999725341797,92.73999786376953,12526.0
2026-01-14 15:00:00-05:00,92.73500061035156,93.55999755859375,92.26000213623047,93.30500030517578,13043.0
2026-01-14 16:00:00-05:00,93.31500244140625,93.32499694824219,92.30000305175781,93.18499755859375,4593.0
2026-01-14 18:00:00-05:00,93.4000015258789,93.69999694824219,90.94499969482422,92.06500244140625,0.0
2026-01-14 19:00:00-05:00,92.06500244140625,92.8499984741211,91.58999633789062,92.12999725341797,5082.0
2026-01-14 20:00:00-05:00,92.1449966430664,92.2750015258789,86.125,87.87000274658203,22182.0
2026-01-14 21:00:00-05:00,87.83499908447266,89.94000244140625,87.44999694824219,88.4000015258789,11484.0
2026-01-14 22:00:00-05:00,88.43499755859375,88.58000183105469,86.29000091552734,87.625,11249.0
2026-01-14 23:00:00-05:00,87.63500213623047,88.44999694824219,87.26000213623047,87.4749984741211,4156.0
2026-01-15 00:00:00-05:00,87.5199966430664,88.06999969482422,86.63999938964844,87.82499694824219,5500.0
2026-01-15 01:00:00-05:00,87.72000122070312,89.56999969482422,87.70999908447266,89.5,6425.0
2026-01-15 02:00:00-05:00,89.5199966430664,89.7300033569336,88.8550033569336,89.07499694824219,4245.0
2026-01-15 03:00:00-05:00,89.04499816894531,89.70999908447266,88.69999694824219,89.6500015258789,4085.0
2026-01-15 04:00:00-05:00,89.63999938964844,90.59500122070312,89.25,90.3949966430664,5399.0
2026-01-15 05:00:00-05:00,90.375,91.36000061035156,90.36000061035156,90.98999786376953,5906.0
2026-01-15 06:00:00-05:00,91.01000213623047,91.40499877929688,90.71499633789062,91.11499786376953,4495.0
2026-01-15 07:00:00-05:00,91.11000061035156,91.30000305175781,90.5250015258789,90.94000244140625,5522.0
2026-01-15 08:00:00-05:00,90.94000244140625,90.9800033569336,87.5999984741211,88.2699966430664,22709.0
2026-01-15 09:00:00-05:00,88.27999877929688,90.29499816894531,87.66500091552734,90.17500305175781,16940.0
2026-01-15 10:00:00-05:00,90.13500213623047,90.7300033569336,89.48999786376953,90.5,11652.0
2026-01-15 11:00:00-05:00,90.4749984741211,91.88999938964844,89.82499694824219,90.93000030517578,14988.0
2026-01-15 12:00:00-05:00,90.93000030517578,91.76499938964844,90.93000030517578,91.72000122070312,5932.0
2026-01-15 13:00:00-05:00,91.68499755859375,92.67500305175781,91.68000030517578,92.2249984741211,12269.0
2026-01-15 14:00:00-05:00,92.23500061035156,92.94999694824219,92.0,92.38999938964844,6379.0
2026-01-15 15:00:00-05:00,92.41000366210938,92.41999816894531,91.01499938964844,91.75,7562.0
2026-01-15 16:00:00-05:00,91.76499938964844,92.42500305175781,91.68499755859375,92.20999908447266,2324.0
2026-01-15 18:00:00-05:00,92.29499816894531,92.6449966430664,90.0999984741211,91.33499908447266,0.0
2026-01-15 19:00:00-05:00,91.30999755859375,91.31999969482422,90.43000030517578,90.44499969482422,3124.0
2026-01-15 20:00:00-05:00,90.44000244140625,92.0,90.21499633789062,91.06500244140625,5431.0
2026-01-15 21:00:00-05:00,91.03500366210938,91.25,89.20999908447266,89.81999969482422,7030.0
2026-01-15 22:00:00-05:00,89.83000183105469,90.59500122070312,89.68000030517578,90.01499938964844,2743.0
2026-01-15 23:00:00-05:00,90.0199966430664,90.7750015258789,90.0199966430664,90.69999694824219,1281.0
2026-01-16 00:00:00-05:00,90.7300033569336,91.66000366210938,90.2300033569336,91.24500274658203,3408.0
2026-01-16 01:00:00-05:00,91.2249984741211,91.28500366210938,89.61499786376953,90.20999908447266,4449.0
2026-01-16 02:00:00-05:00,90.2249984741211,90.92500305175781,90.17500305175781,90.73500061035156,2599.0
2026-01-16 03:00:00-05:00,90.75,91.22000122070312,90.55000305175781,90.95500183105469,2222.0
2026-01-16 04:00:00-05:00,90.9800033569336,91.59500122070312,90.86000061035156,90.95999908447266,2979.0
2026-01-16 05:00:00-05:00,90.94999694824219,91.36000061035156,90.20999908447266,90.4000015258789,3387.0
2026-01-16 06:00:00-05:00,90.43499755859375,91.18000030517578,89.875,90.88999938964844,4503.0
2026-01-16 07:00:00-05:00,90.90499877929688,90.90499877929688,89.75,89.83999633789062,5044.0
2026-01-16 08:00:00-05:00,89.83999633789062,90.0,87.33000183105469,88.55500030517578,25944.0
2026-01-16 09:00:00-05:00,88.57499694824219,89.55500030517578,88.08000183105469,88.86499786376953,14363.0
2026-01-16 10:00:00-05:00,88.875,89.66000366210938,86.56999969482422,87.58499908447266,23444.0
2026-01-16 11:00:00-05:00,87.59500122070312,89.02999877929688,87.4749984741211,88.57499694824219,12081.0
2026-01-16 12:00:00-05:00,88.58499908447266,88.70500183105469,87.87000274658203,88.4800033569336,6304.0
2026-01-16 13:00:00-05:00,88.47000122070312,89.50499725341797,88.09500122070312,88.81500244140625,9077.0
2026-01-16 14:00:00-05:00,88.79000091552734,89.31500244140625,88.4000015258789,89.17500305175781,4326.0
2026-01-16 15:00:00-05:00,89.1500015258789,89.43000030517578,88.56999969482422,89.17500305175781,3339.0
2026-01-16 16:00:00-05:00,89.19000244140625,89.96499633789062,88.53700256347656,88.53700256347656,2684.0
2026-01-18 23:00:00-05:00,88.53700256347656,93.19000244140625,88.53700256347656,92.8550033569336,715.0
2026-01-20 00:00:00-05:00,94.07499694824219,94.44000244140625,93.91500091552734,94.2750015258789,4016.0
2026-01-20 01:00:00-05:00,94.25,94.32499694824219,93.12000274658203,93.72000122070312,4402.0
2026-01-20 02:00:00-05:00,93.69499969482422,94.45999908447266,93.67500305175781,94.17500305175781,3210.0
2026-01-20 03:00:00-05:00,94.15499877929688,95.31999969482422,94.09500122070312,95.2750015258789,4493.0
2026-01-20 04:00:00-05:00,95.2699966430664,95.41000366210938,94.73500061035156,94.80000305175781,5138.0
2026-01-20 05:00:00-05:00,94.80000305175781,95.28500366210938,94.76000213623047,95.02999877929688,2224.0
2026-01-20 06:00:00-05:00,95.06999969482422,95.62000274658203,94.98500061035156,95.57499694824219,2610.0
2026-01-20 07:00:00-05:00,95.55500030517578,95.77999877929688,95.04499816894531,95.5999984741211,4426.0
2026-01-20 08:00:00-05:00,95.6050033569336,95.6449966430664,94.55000305175781,95.05000305175781,8940.0
2026-01-20 09:00:00-05:00,95.05000305175781,95.75,94.0999984741211,94.82499694824219,14245.0
2026-01-20 10:00:00-05:00,94.79499816894531,95.13999938964844,92.97000122070312,93.68000030517578,15899.0
2026-01-20 11:00:00-05:00,93.69499969482422,94.2750015258789,93.41500091552734,94.04000091552734,7024.0
2026-01-20 12:00:00-05:00,94.0199966430664,94.50499725341797,93.41999816894531,94.41500091552734,5842.0
2026-01-20 13:00:00-05:00,94.4000015258789,94.98500061035156,94.08000183105469,94.56500244140625,7338.0
2026-01-20 14:00:00-05:00,94.56500244140625,94.70500183105469,94.16999816894531,94.37999725341797,2861.0
2026-01-20 15:00:00-05:00,94.36499786376953,94.375,93.58000183105469,94.07499694824219,4601.0
2026-01-20 16:00:00-05:00,94.08000183105469,94.5999984741211,94.02999877929688,94.45999908447266,2066.0
2026-01-20 18:00:00-05:00,94.55000305175781,94.77999877929688,93.80000305175781,94.76499938964844,0.0
2026-01-20 19:00:00-05:00,94.76499938964844,95.52999877929688,94.66500091552734,95.26499938964844,2742.0
2026-01-20 20:00:00-05:00,95.25499725341797,95.36000061035156,93.8499984741211,94.29499816894531,6447.0
2026-01-20 21:00:00-05:00,94.31500244140625,94.4749984741211,93.40499877929688,94.05000305175781,4593.0
2026-01-20 22:00:00-05:00,94.05000305175781,94.3499984741211,93.2750015258789,93.83000183105469,2873.0
2026-01-20 23:00:00-05:00,93.79000091552734,94.44499969482422,93.6449966430664,94.31500244140625,1191.0
2026-01-21 00:00:00-05:00,94.16000366210938,94.8550033569336,93.80000305175781,94.51499938964844,2738.0
2026-01-21 01:00:00-05:00,94.52999877929688,95.05000305175781,94.11000061035156,94.25,2564.0
2026-01-21 02:00:00-05:00,94.22000122070312,94.65499877929688,93.99500274658203,94.61499786376953,1409.0
2026-01-21 03:00:00-05:00,94.58999633789062,95.0199966430664,94.45500183105469,94.78500366210938,2647.0
2026-01-21 04:00:00-05:00,94.80000305175781,95.28500366210938,94.7699966430664,95.1050033569336,3028.0
2026-01-21 05:00:00-05:00,95.11499786376953,95.17500305175781,94.7750015258789,94.79000091552734,1428.0
2026-01-21 06:00:00-05:00,94.80000305175781,95.0250015258789,94.3499984741211,94.63999938964844,1768.0
2026-01-21 07:00:00-05:00,94.63500213623047,94.76000213623047,93.92500305175781,94.05999755859375,4008.0
2026-01-21 08:00:00-05:00,94.07499694824219,95.0250015258789,93.56999969482422,94.92500305175781,7621.0
2026-01-21 09:00:00-05:00,94.94499969482422,95.06500244140625,93.43000030517578,93.65499877929688,13589.0
2026-01-21 10:00:00-05:00,93.68499755859375,94.19999694824219,92.11499786376953,93.58000183105469,19470.0
2026-01-21 11:00:00-05:00,93.58499908447266,93.87000274658203,92.98500061035156,93.28500366210938,6192.0
2026-01-21 12:00:00-05:00,93.2699966430664,93.30500030517578,92.17500305175781,93.16500091552734,7511.0
2026-01-21 13:00:00-05:00,93.13999938964844,93.54499816894531,92.18000030517578,93.51000213623047,7204.0
2026-01-21 14:00:00-05:00,93.48500061035156,93.5250015258789,90.1500015258789,91.2249984741211,14481.0
2026-01-21 15:00:00-05:00,91.16500091552734,92.5250015258789,90.73500061035156,92.49500274658203,8083.0
2026-01-21 16:00:00-05:00,92.48500061035156,93.18499755859375,92.26000213623047,92.95500183105469,3168.0
2026-01-21 18:00:00-05:00,92.79000091552734,92.94499969482422,90.7750015258789,90.83000183105469,0.0
2026-01-21 19:00:00-05:00,90.84500122070312,91.9000015258789,90.68000030517578,91.73500061035156,3410.0
2026-01-21 20:00:00-05:00,91.7249984741211,92.625,90.77999877929688,92.1449966430664,5079.0
2026-01-21 21:00:00-05:00,92.13999938964844,92.84500122070312,91.58999633789062,92.61499786376953,3108.0
2026-01-21 22:00:00-05:00,92.62999725341797,93.31999969482422,92.48999786376953,93.26499938964844,2775.0
2026-01-21 23:00:00-05:00,93.26000213623047,93.31999969482422,93.0,93.18000030517578,1417.0
2026-01-22 00:00:00-05:00,93.21499633789062,93.8550033569336,93.08499908447266,93.69999694824219,2708.0
2026-01-22 01:00:00-05:00,93.69999694824219,94.04000091552734,93.55000305175781,93.97000122070312,2455.0
2026-01-22 02:00:00-05:00,93.98999786376953,94.26499938964844,93.90499877929688,94.08000183105469,1765.0
2026-01-22 03:00:00-05:00,94.11499786376953,94.30000305175781,93.71499633789062,93.98999786376953,2132.0
2026-01-22 04:00:00-05:00,93.98999786376953,94.25,93.41000366210938,93.80000305175781,2711.0
2026-01-22 05:00:00-05:00,93.79000091552734,93.80000305175781,93.30000305175781,93.6500015258789,2103.0
2026-01-22 06:00:00-05:00,93.6500015258789,93.91999816894531,93.43000030517578,93.48500061035156,1994.0
2026-01-22 07:00:00-05:00,93.48500061035156,93.68499755859375,92.76499938964844,92.94999694824219,3637.0
2026-01-22 08:00:00-05:00,92.93499755859375,93.55500030517578,92.77999877929688,93.48999786376953,5384.0
2026-01-22 09:00:00-05:00,93.48999786376953,94.36499786376953,93.26499938964844,93.84500122070312,8108.0
2026-01-22 10:00:00-05:00,93.83000183105469,95.88500213623047,93.46499633789062,95.69499969482422,15087.0
2026-01-22 11:00:00-05:00,95.69999694824219,96.08999633789062,95.19999694824219,95.9000015258789,9820.0
2026-01-22 12:00:00-05:00,95.88999938964844,96.5999984741211,95.51000213623047,96.43499755859375,9388.0
2026-01-22 13:00:00-05:00,96.41500091552734,96.73500061035156,96.00499725341797,96.33000183105469,8982.0
2026-01-22 14:00:00-05:00,96.29499816894531,96.5,95.61499786376953,96.0,4647.0
2026-01-22 15:00:00-05:00,96.01000213623047,96.49500274658203,95.98999786376953,96.16500091552734,3224.0
2026-01-22 16:00:00-05:00,96.16999816894531,96.45500183105469,96.06500244140625,96.21499633789062,1387.0
2026-01-22 18:00:00-05:00,96.31999969482422,96.99500274658203,96.22000122070312,96.95999908447266,0.0
2026-01-22 19:00:00-05:00,96.96499633789062,97.2750015258789,96.67500305175781,97.18499755859375,2318.0
2026-01-22 20:00:00-05:00,97.19999694824219,98.98500061035156,96.91500091552734,98.55999755859375,9751.0
2026-01-22 21:00:00-05:00,98.58000183105469,99.19999694824219,98.25499725341797,98.73500061035156,4210.0
2026-01-22 22:00:00-05:00,98.73999786376953,98.98999786376953,98.375,98.69499969482422,2560.0
2026-01-22 23:00:00-05:00,98.69999694824219,98.82499694824219,98.4800033569336,98.69999694824219,1115.0
2026-01-23 00:00:00-05:00,98.68499755859375,99.3949966430664,98.58000183105469,99.08999633789062,2675.0
2026-01-23 01:00:00-05:00,99.05999755859375,99.28500366210938,98.70500183105469,99.06500244140625,2502.0
2026-01-23 02:00:00-05:00,99.08499908447266,99.09500122070312,98.6500015258789,98.75499725341797,2163.0
2026-01-23 03:00:00-05:00,98.7300033569336,98.7750015258789,97.58999633789062,98.07499694824219,5577.0
2026-01-23 04:00:00-05:00,98.02999877929688,98.41500091552734,97.75,98.21499633789062,2714.0
2026-01-23 05:00:00-05:00,98.20999908447266,99.02999877929688,98.01000213623047,98.92500305175781,2556.0
2026-01-23 06:00:00-05:00,98.93000030517578,99.03500366210938,98.44000244140625,99.01000213623047,2379.0
2026-01-23 07:00:00-05:00,99.01000213623047,99.36499786376953,98.63999938964844,99.2750015258789,4114.0
2026-01-23 08:00:00-05:00,99.27999877929688,99.80999755859375,98.83999633789062,99.71499633789062,12607.0
2026-01-23 09:00:00-05:00,99.73999786376953,99.93499755859375,99.125,99.4749984741211,10604.0
2026-01-23 10:00:00-05:00,99.51000213623047,100.46499633789062,99.2699966430664,100.04000091552734,16442.0
2026-01-23 11:00:00-05:00,100.05999755859375,101.16500091552734,100.05999755859375,100.86000061035156,11211.0
2026-01-23 12:00:00-05:00,100.8949966430664,101.625,100.69999694824219,101.03500366210938,8864.0
2026-01-23 13:00:00-05:00,101.05000305175781,101.68499755859375,100.94999694824219,101.12999725341797,10018.0
2026-01-23 14:00:00-05:00,101.1449966430664,102.34500122070312,101.11000061035156,102.19000244140625,6989.0
2026-01-23 15:00:00-05:00,102.18499755859375,102.83999633789062,101.87999725341797,102.7249984741211,6209.0
2026-01-23 16:00:00-05:00,102.72000122070312,103.52999877929688,102.62000274658203,103.26000213623047,4904.0
2026-01-25 18:00:00-05:00,104.7750015258789,105.18000030517578,103.80000305175781,104.9749984741211,5931.0
2026-01-25 19:00:00-05:00,105.0,107.25499725341797,104.55000305175781,106.3550033569336,9653.0
2026-01-25 20:00:00-05:00,106.37000274658203,108.54000091552734,105.5199966430664,107.46499633789062,15152.0
2026-01-25 21:00:00-05:00,107.4749984741211,109.31999969482422,106.69999694824219,108.79499816894531,9688.0
2026-01-25 22:00:00-05:00,108.7750015258789,109.16999816894531,107.4749984741211,108.08999633789062,6445.0
2026-01-25 23:00:00-05:00,108.08000183105469,108.2300033569336,107.29000091552734,107.9000015258789,3530.0
2026-01-26 00:00:00-05:00,107.87999725341797,107.95999908447266,106.13500213623047,107.6500015258789,6560.0
2026-01-26 01:00:00-05:00,107.67500305175781,108.41000366210938,107.07499694824219,107.33999633789062,5472.0
2026-01-26 02:00:00-05:00,107.31500244140625,108.23500061035156,106.83999633789062,108.19000244140625,4235.0
2026-01-26 03:00:00-05:00,108.18000030517578,109.95500183105469,108.01000213623047,109.1449966430664,7034.0
2026-01-26 04:00:00-05:00,109.12999725341797,110.06500244140625,108.4000015258789,108.83000183105469,6649.0
2026-01-26 05:00:00-05:00,108.86499786376953,109.48500061035156,108.86499786376953,109.32499694824219,3505.0
2026-01-26 06:00:00-05:00,109.30000305175781,109.34500122070312,108.16999816894531,109.31999969482422,4049.0
2026-01-26 07:00:00-05:00,109.32499694824219,110.91999816894531,109.0,109.26499938964844,10776.0
2026-01-26 08:00:00-05:00,109.30999755859375,110.30000305175781,108.5999984741211,108.9800033569336,13835.0
2026-01-26 09:00:00-05:00,108.9800033569336,111.31999969482422,108.45999908447266,111.19000244140625,18182.0
2026-01-26 10:00:00-05:00,111.18499755859375,112.34500122070312,110.5999984741211,112.1050033569336,20192.0
2026-01-26 11:00:00-05:00,112.1050033569336,114.48500061035156,111.83499908447266,114.24500274658203,22079.0
2026-01-26 12:00:00-05:00,114.25,117.25,114.06999969482422,117.0999984741211,23473.0
2026-01-26 13:00:00-05:00,117.1050033569336,117.69999694824219,110.73500061035156,111.27999877929688,44787.0
2026-01-26 14:00:00-05:00,111.26499938964844,111.375,106.41999816894531,107.40499877929688,32058.0
2026-01-26 15:00:00-05:00,107.43499755859375,109.8550033569336,107.23500061035156,108.58999633789062,17090.0
2026-01-26 16:00:00-05:00,108.62999725341797,108.81999969482422,101.69999694824219,103.88999938964844,16685.0
2026-01-26 18:00:00-05:00,104.01499938964844,107.77999877929688,102.9000015258789,106.61000061035156,0.0
2026-01-26 19:00:00-05:00,106.62000274658203,107.67500305175781,104.24500274658203,106.19999694824219,6335.0
2026-01-26 20:00:00-05:00,106.1050033569336,110.7750015258789,105.625,110.13999938964844,15259.0
2026-01-26 21:00:00-05:00,110.1050033569336,111.2750015258789,109.38999938964844,110.38500213623047,5866.0
2026-01-26 22:00:00-05:00,110.375,110.63500213623047,108.75499725341797,109.68000030517578,5217.0
2026-01-26 23:00:00-05:00,109.71499633789062,109.87999725341797,107.5,108.17500305175781,4218.0
2026-01-27 00:00:00-05:00,108.08000183105469,109.9800033569336,107.1449966430664,109.87000274658203,5737.0
2026-01-27 01:00:00-05:00,109.88500213623047,110.80000305175781,109.12999725341797,109.9800033569336,4632.0
2026-01-27 02:00:00-05:00,109.98999786376953,113.55000305175781,109.52999877929688,112.59500122070312,7523.0
2026-01-27 03:00:00-05:00,112.58000183105469,112.87000274658203,110.1500015258789,111.29000091552734,7146.0
2026-01-27 04:00:00-05:00,111.2699966430664,113.06500244140625,111.06999969482422,112.45999908447266,5844.0
2026-01-27 05:00:00-05:00,112.43000030517578,112.99500274658203,111.75499725341797,112.31999969482422,3450.0
2026-01-27 06:00:00-05:00,112.31999969482422,112.7300033569336,110.7249984741211,111.54000091552734,4511.0
2026-01-27 07:00:00-05:00,111.52999877929688,112.07499694824219,110.55500030517578,111.05000305175781,5521.0
2026-01-27 08:00:00-05:00,111.08000183105469,113.07499694824219,110.875,111.94000244140625,12292.0
2026-01-27 09:00:00-05:00,111.94000244140625,111.97000122070312,106.04000091552734,106.44000244140625,28722.0
2026-01-27 10:00:00-05:00,106.3550033569336,108.55500030517578,104.8499984741211,108.19000244140625,22109.0
2026-01-27 11:00:00-05:00,108.19999694824219,109.44999694824219,107.3499984741211,107.73500061035156,13884.0
2026-01-27 12:00:00-05:00,107.75499725341797,108.05999755859375,105.91999816894531,106.38999938964844,12248.0
2026-01-27 13:00:00-05:00,106.41000366210938,108.12000274658203,105.5250015258789,107.80000305175781,15238.0
2026-01-27 14:00:00-05:00,107.79499816894531,109.33999633789062,107.44000244140625,109.29499816894531,4983.0
2026-01-27 15:00:00-05:00,109.2750015258789,112.38999938964844,109.19999694824219,112.17500305175781,14945.0
2026-01-27 16:00:00-05:00,112.13500213623047,113.18000030517578,111.76000213623047,112.34500122070312,6819.0
2026-01-27 18:00:00-05:00,112.44000244140625,113.375,110.7699966430664,112.90499877929688,0.0
2026-01-27 19:00:00-05:00,112.94000244140625,114.05500030517578,111.8499984741211,113.45500183105469,5314.0
2026-01-27 20:00:00-05:00,113.43499755859375,114.43000030517578,112.6500015258789,113.13999938964844,9076.0
2026-01-27 21:00:00-05:00,113.16500091552734,114.5,112.94999694824219,114.41999816894531,4198.0
2026-01-27 22:00:00-05:00,114.40499877929688,115.3550033569336,114.21499633789062,114.6500015258789,5364.0
2026-01-27 23:00:00-05:00,114.6449966430664,115.63500213623047,114.6449966430664,115.5999984741211,2814.0
2026-01-28 00:00:00-05:00,115.61499786376953,116.16500091552734,115.04000091552734,115.33000183105469,4521.0
2026-01-28 01:00:00-05:00,115.26000213623047,115.56500244140625,113.7699966430664,115.08999633789062,4315.0
2026-01-28 02:00:00-05:00,115.125,115.26000213623047,113.54000091552734,114.68000030517578,4278.0
2026-01-28 03:00:00-05:00,114.66500091552734,115.05000305175781,113.36499786376953,113.86000061035156,4540.0
2026-01-28 04:00:00-05:00,113.8550033569336,114.13500213623047,112.09500122070312,112.99500274658203,7285.0
2026-01-28 05:00:00-05:00,112.9749984741211,113.5,112.41999816894531,112.87000274658203,3743.0
2026-01-28 06:00:00-05:00,112.88500213623047,112.8949966430664,111.1500015258789,112.47000122070312,5656.0
2026-01-28 07:00:00-05:00,112.49500274658203,113.47000122070312,111.87999725341797,113.41500091552734,5639.0
2026-01-28 08:00:00-05:00,113.41000366210938,114.59500122070312,113.08999633789062,114.06999969482422,9854.0
2026-01-28 09:00:00-05:00,114.08499908447266,115.375,113.26000213623047,114.91999816894531,12796.0
2026-01-28 10:00:00-05:00,114.91500091552734,115.67500305175781,111.87999725341797,113.0999984741211,20122.0
2026-01-28 11:00:00-05:00,113.1050033569336,114.86000061035156,112.66000366210938,114.65499877929688,8679.0
2026-01-28 12:00:00-05:00,114.67500305175781,115.0250015258789,113.625,114.16500091552734,7131.0
2026-01-28 13:00:00-05:00,114.19000244140625,114.25499725341797,110.4000015258789,111.6500015258789,16139.0
2026-01-28 14:00:00-05:00,111.6500015258789,114.71499633789062,111.03500366210938,114.37999725341797,10130.0
2026-01-28 15:00:00-05:00,114.33499908447266,117.5999984741211,114.08499908447266,116.51000213623047,12967.0
2026-01-28 16:00:00-05:00,116.5250015258789,117.05999755859375,115.16000366210938,116.62000274658203,4606.0
2026-01-28 18:00:00-05:00,116.625,119.51000213623047,115.5,117.81500244140625,0.0
2026-01-28 19:00:00-05:00,117.86000061035156,118.44999694824219,116.15499877929688,117.95999908447266,4630.0
2026-01-28 20:00:00-05:00,117.9000015258789,118.65499877929688,116.79000091552734,117.93499755859375,5913.0
2026-01-28 21:00:00-05:00,117.9000015258789,118.07499694824219,116.8499984741211,117.74500274658203,2719.0
2026-01-28 22:00:00-05:00,117.77999877929688,118.20500183105469,117.05000305175781,117.4749984741211,2422.0
2026-01-28 23:00:00-05:00,117.33499908447266,118.4800033569336,117.2750015258789,118.34500122070312,2138.0
2026-01-29 00:00:00-05:00,118.36000061035156,118.58000183105469,117.65499877929688,118.30999755859375,2411.0
2026-01-29 01:00:00-05:00,118.29499816894531,120.56500244140625,118.29499816894531,119.08000183105469,7423.0
2026-01-29 02:00:00-05:00,119.07499694824219,119.31500244140625,117.7249984741211,118.13999938964844,4270.0
2026-01-29 03:00:00-05:00,118.08999633789062,118.2750015258789,115.24500274658203,116.43499755859375,7516.0
2026-01-29 04:00:00-05:00,116.43000030517578,117.66000366210938,116.27999877929688,117.57499694824219,3791.0
2026-01-29 05:00:00-05:00,117.56500244140625,117.69999694824219,116.52999877929688,116.66000366210938,2724.0
2026-01-29 06:00:00-05:00,116.56999969482422,118.47000122070312,116.1500015258789,118.41500091552734,3738.0
2026-01-29 07:00:00-05:00,118.4000015258789,119.87999725341797,118.19999694824219,118.93000030517578,6662.0
2026-01-29 08:00:00-05:00,118.93499755859375,119.7300033569336,118.41999816894531,119.38500213623047,8117.0
2026-01-29 09:00:00-05:00,119.4000015258789,121.78500366210938,118.81999969482422,119.2699966430664,19896.0
2026-01-29 10:00:00-05:00,119.29000091552734,119.29000091552734,106.61000061035156,109.62999725341797,41211.0
2026-01-29 11:00:00-05:00,109.58000183105469,113.53500366210938,109.11499786376953,112.08000183105469,17862.0
2026-01-29 12:00:00-05:00,112.04499816894531,115.8949966430664,112.04499816894531,114.53500366210938,11431.0
2026-01-29 13:00:00-05:00,114.55500030517578,116.70999908447266,113.37000274658203,114.5,10884.0
2026-01-29 14:00:00-05:00,114.54499816894531,114.5999984741211,111.51000213623047,113.3550033569336,6786.0
2026-01-29 15:00:00-05:00,113.33999633789062,117.17500305175781,112.2300033569336,116.41999816894531,6085.0
2026-01-29 16:00:00-05:00,116.41000366210938,117.28500366210938,115.21499633789062,115.78500366210938,3200.0
2026-01-29 18:00:00-05:00,115.88500213623047,117.83499908447266,115.5999984741211,117.49500274658203,0.0
2026-01-29 19:00:00-05:00,117.42500305175781,118.44999694824219,116.53500366210938,116.7249984741211,3021.0
2026-01-29 20:00:00-05:00,116.73999786376953,117.1050033569336,112.52999877929688,113.1500015258789,7776.0
2026-01-29 21:00:00-05:00,113.125,114.12000274658203,107.81999969482422,110.95999908447266,10615.0
2026-01-29 22:00:00-05:00,110.94999694824219,111.23500061035156,108.55500030517578,109.77999877929688,3970.0
2026-01-29 23:00:00-05:00,109.73500061035156,114.42900085449219,109.69499969482422,111.0250015258789,2333.0
2026-01-30 00:00:00-05:00,110.93000030517578,112.30000305175781,109.63999938964844,109.83000183105469,2700.0
2026-01-30 01:00:00-05:00,109.8949966430664,110.7750015258789,107.04000091552734,107.69999694824219,4070.0
2026-01-30 02:00:00-05:00,107.7750015258789,109.34500122070312,104.37000274658203,106.9000015258789,7469.0
2026-01-30 03:00:00-05:00,106.83999633789062,106.84500122070312,103.01000213623047,103.76499938964844,6892.0
2026-01-30 04:00:00-05:00,103.80000305175781,104.66000366210938,95.12000274658203,98.05000305175781,20354.0
2026-01-30 05:00:00-05:00,97.98500061035156,100.87999725341797,97.25499725341797,100.80500030517578,8759.0
2026-01-30 06:00:00-05:00,100.79000091552734,103.41999816894531,100.22000122070312,102.98500061035156,8909.0
2026-01-30 07:00:00-05:00,103.0250015258789,104.0,98.53500366210938,99.25499725341797,10264.0
2026-01-30 08:00:00-05:00,99.16999816894531,101.54499816894531,96.36499786376953,97.74500274658203,14690.0
2026-01-30 09:00:00-05:00,97.78500366210938,101.375,97.19999694824219,99.1449966430664,19339.0
2026-01-30 10:00:00-05:00,99.1449966430664,99.98999786376953,97.27999877929688,98.09500122070312,15548.0
2026-01-30 11:00:00-05:00,98.05000305175781,98.25,90.95500183105469,93.73500061035156,26470.0
2026-01-30 12:00:00-05:00,93.69000244140625,93.98999786376953,84.4000015258789,85.49500274658203,36934.0
2026-01-30 13:00:00-05:00,85.44999694824219,87.17500305175781,74.0,83.58499908447266,57392.0
2026-01-30 14:00:00-05:00,83.58000183105469,86.31999969482422,81.19999694824219,85.18499755859375,18317.0
2026-01-30 15:00:00-05:00,85.15499877929688,85.63500213623047,81.28500366210938,83.12000274658203,12794.0
2026-01-30 16:00:00-05:00,83.12000274658203,85.55999755859375,82.7750015258789,85.25,5230.0
